task,dimension,acquisition,beta_mode,policy,seed,exploration_rule,decay_exponent,bo_steps,actual_pe_calls,expected_pe_calls,realized_pe_fraction,first_pe_round,last_pe_round,mode_transitions,final_best_observed_loss,final_max_posterior_std,final_mean_posterior_std,final_q90_posterior_std,final_query_preselection_posterior_std
rbv2_xgboost_1464,14,logei,native,decay_greedy_packing_grid_a1_2,35,greedy_packing,0.5,110,68,61.23939808169744,0.6181818181818182,2,109,58,0.40743544697761536,0.07707654991283744,0.0486366213165782,0.0575355849280708,0.07096359263219966
rbv2_xgboost_1464,14,logei,native,decay_greedy_packing_grid_a1_2,36,greedy_packing,0.5,110,69,61.23939808169744,0.6272727272727273,1,109,49,0.4078513979911804,0.08425761364789018,0.05694191367789481,0.0668765951816618,0.07709209920101757
rbv2_xgboost_1464,14,logei,native,decay_greedy_packing_grid_a1_2,37,greedy_packing,0.5,110,62,61.23939808169744,0.5636363636363636,1,109,51,0.4087561368942261,0.041898773405740976,0.027515673898824335,0.03254015252241606,0.03386517008882604
rbv2_xgboost_1464,14,logei,native,decay_greedy_packing_grid_a1_2,38,greedy_packing,0.5,110,69,61.23939808169744,0.6272727272727273,1,110,50,0.42084842920303345,0.05492961815372437,0.036729879894837746,0.04330665600690829,0.04926602005895348
rbv2_xgboost_1464,14,logei,native,decay_greedy_packing_grid_a1_2,39,greedy_packing,0.5,110,65,61.23939808169744,0.5909090909090909,2,110,49,0.40750616788864136,0.059413415575276594,0.037405059846591086,0.04369032121845325,0.048933503223435766
rbv2_xgboost_1464,14,logei,native,decay_greedy_packing_grid_a1_2,40,greedy_packing,0.5,110,67,61.23939808169744,0.6090909090909091,2,109,54,0.41123539209365845,0.05833622691485552,0.03454457344957501,0.04001814572698088,0.02832557671519163
rbv2_xgboost_1464,14,logei,native,decay_greedy_packing_grid_a1_2,41,greedy_packing,0.5,110,58,61.23939808169744,0.5272727272727272,1,109,59,0.41135188937187195,0.06505792871790742,0.04095466398654629,0.047401611376110875,0.054635018281012006
rbv2_xgboost_1464,14,logei,native,decay_greedy_packing_grid_a1_2,42,greedy_packing,0.5,110,55,61.23939808169744,0.5,1,108,55,0.4083339273929596,0.05513734731786662,0.03576927472505684,0.042350124750172136,0.05638237255477613
rbv2_xgboost_1464,14,logei,native,decay_greedy_packing_grid_a1_2,43,greedy_packing,0.5,110,70,61.23939808169744,0.6363636363636364,3,107,42,0.4110877215862274,0.07281256826567009,0.0462150027482775,0.054120778074605545,0.050878674202569495
rbv2_xgboost_1464,14,logei,native,decay_greedy_packing_grid_a1_2,44,greedy_packing,0.5,110,65,61.23939808169744,0.5909090909090909,2,108,52,0.41073620319366455,0.06457963348969273,0.04256842404768037,0.050524633466795456,0.0947537080344955
rbv2_xgboost_1464,14,logei,native,decay_greedy_packing_grid_a1_2,45,greedy_packing,0.5,110,56,61.23939808169744,0.509090909090909,1,108,49,0.4099458158016205,0.049323742817273704,0.03197255418928718,0.03805218448835723,0.037610522000326156
rbv2_xgboost_1464,14,logei,native,decay_greedy_packing_grid_a1_2,46,greedy_packing,0.5,110,62,61.23939808169744,0.5636363636363636,2,110,57,0.40996870398521423,0.08924204801417715,0.057687746370325824,0.06802575335206189,0.0803390822493124
rbv2_xgboost_1464,14,logei,native,decay_greedy_packing_grid_a1_2,47,greedy_packing,0.5,110,55,61.23939808169744,0.5,2,109,56,0.40895578265190125,0.04781828548846121,0.03205242539205295,0.03749623557852051,0.03693017727502639
rbv2_xgboost_1464,14,logei,native,decay_greedy_packing_grid_a1_2,48,greedy_packing,0.5,110,59,61.23939808169744,0.5363636363636364,1,109,45,0.4082444906234741,0.06227892954622956,0.04189019338955144,0.04980287195167275,0.03398061584791614
rbv2_xgboost_1464,14,logei,native,decay_greedy_packing_grid_a1_2,49,greedy_packing,0.5,110,65,61.23939808169744,0.5909090909090909,2,109,48,0.4090140461921692,0.06779278223533826,0.040038919471004006,0.04728156545992277,0.06649775652644341
rbv2_xgboost_1464,14,logei,native,decay_uniform_grid_a1_2,35,uniform,0.5,110,68,61.23939808169744,0.6181818181818182,2,109,58,0.4157014489173889,0.09032536404503769,0.0508743181850187,0.06245779108599534,0.05858815473074635
rbv2_xgboost_1464,14,logei,native,decay_uniform_grid_a1_2,36,uniform,0.5,110,69,61.23939808169744,0.6272727272727273,1,109,49,0.4231579303741455,0.08130936448553072,0.05209836755128647,0.06436452412288693,0.05140682199187249
rbv2_xgboost_1464,14,logei,native,decay_uniform_grid_a1_2,37,uniform,0.5,110,62,61.23939808169744,0.5636363636363636,1,109,51,0.40886011719703674,0.06251960026215266,0.041064132252866356,0.05075618308344091,0.043108079486083486
rbv2_xgboost_1464,14,logei,native,decay_uniform_grid_a1_2,38,uniform,0.5,110,69,61.23939808169744,0.6272727272727273,1,110,50,0.42505353689193726,0.09816544387110888,0.05482033887530849,0.06777818256160648,0.044441159533055406
rbv2_xgboost_1464,14,logei,native,decay_uniform_grid_a1_2,39,uniform,0.5,110,65,61.23939808169744,0.5909090909090909,2,110,49,0.4096733629703522,0.10262627059775448,0.06197975032405162,0.07599182864562844,0.059298623981727826
rbv2_xgboost_1464,14,logei,native,decay_uniform_grid_a1_2,40,uniform,0.5,110,67,61.23939808169744,0.6090909090909091,2,109,54,0.40872910618782043,0.09262239444323457,0.05439161801323136,0.06673627236917773,0.04105067810526184
rbv2_xgboost_1464,14,logei,native,decay_uniform_grid_a1_2,41,uniform,0.5,110,58,61.23939808169744,0.5272727272727272,1,109,59,0.4090348184108734,0.09689801213956113,0.0576328314515722,0.0707053747468994,0.06733602592630784
rbv2_xgboost_1464,14,logei,native,decay_uniform_grid_a1_2,42,uniform,0.5,110,55,61.23939808169744,0.5,1,108,55,0.40892043709754944,0.08914709855656092,0.053208161385883454,0.06569042406344199,0.06531269383510284
rbv2_xgboost_1464,14,logei,native,decay_uniform_grid_a1_2,43,uniform,0.5,110,70,61.23939808169744,0.6363636363636364,3,107,42,0.41611751914024353,0.11145713366571212,0.06844295581869235,0.08441027919046626,0.12478297888309416
rbv2_xgboost_1464,14,logei,native,decay_uniform_grid_a1_2,44,uniform,0.5,110,65,61.23939808169744,0.5909090909090909,2,108,52,0.4064766764640808,0.08289483985566094,0.051294615260832135,0.06358496438419908,0.0857443375264311
rbv2_xgboost_1464,14,logei,native,decay_uniform_grid_a1_2,45,uniform,0.5,110,56,61.23939808169744,0.509090909090909,1,108,49,0.4089246094226837,0.06283933274865268,0.03712581492287277,0.04646716391933452,0.04363339426199826
rbv2_xgboost_1464,14,logei,native,decay_uniform_grid_a1_2,46,uniform,0.5,110,62,61.23939808169744,0.5636363636363636,2,110,57,0.40879565477371216,0.07616066584939696,0.044250542427940895,0.05435574188914678,0.032259941022093716
rbv2_xgboost_1464,14,logei,native,decay_uniform_grid_a1_2,47,uniform,0.5,110,55,61.23939808169744,0.5,2,109,56,0.4097357392311096,0.07933456820709778,0.04603708167422779,0.05692435064358934,0.05549064167382709
rbv2_xgboost_1464,14,logei,native,decay_uniform_grid_a1_2,48,uniform,0.5,110,59,61.23939808169744,0.5363636363636364,1,109,45,0.4093676209449768,0.07895201280920508,0.04723382393695329,0.05838907336694512,0.03974460419114008
rbv2_xgboost_1464,14,logei,native,decay_uniform_grid_a1_2,49,uniform,0.5,110,65,61.23939808169744,0.5909090909090909,2,109,48,0.40843167901039124,0.21448983968251487,0.13761733753793853,0.16682247801340325,0.18360185338957202
rbv2_xgboost_1464,14,logei,native,standard,35,none,nan,110,0,0.0,0.0,,,0,0.40852734446525574,0.04138397981483427,0.025887284668614927,0.03165647153917414,0.0029224410266992045
rbv2_xgboost_1464,14,logei,native,standard,36,none,nan,110,0,0.0,0.0,,,0,0.41740521788597107,0.0705366703711215,0.04597991078466219,0.05667555885071526,0.04351844227539784
rbv2_xgboost_1464,14,logei,native,standard,37,none,nan,110,0,0.0,0.0,,,0,0.4085211157798767,0.04315511222705288,0.02720742326729452,0.03320408184767598,0.008960419312953095
rbv2_xgboost_1464,14,logei,native,standard,38,none,nan,110,0,0.0,0.0,,,0,0.4118240475654602,0.11553671480612758,0.06886563146044064,0.08456617685717857,0.09287985946339072
rbv2_xgboost_1464,14,logei,native,standard,39,none,nan,110,0,0.0,0.0,,,0,0.4060690701007843,0.04018307299582132,0.024949519292247327,0.03076283396009973,0.006759072943470631
rbv2_xgboost_1464,14,logei,native,standard,40,none,nan,110,0,0.0,0.0,,,0,0.421408087015152,0.044394300394041825,0.026001797111490352,0.03208431913440516,0.019163872798245055
rbv2_xgboost_1464,14,logei,native,standard,41,none,nan,110,0,0.0,0.0,,,0,0.42283958196640015,0.04256601943162154,0.025388926219376048,0.0312568618023023,0.007649418698542668
rbv2_xgboost_1464,14,logei,native,standard,42,none,nan,110,0,0.0,0.0,,,0,0.4064559042453766,0.04697054077916665,0.02935779921848772,0.036255682981147966,0.012653820380776558
rbv2_xgboost_1464,14,logei,native,standard,43,none,nan,110,0,0.0,0.0,,,0,0.40616264939308167,0.046496359887402895,0.028530329040405013,0.035400974234459835,0.014629832267530169
rbv2_xgboost_1464,14,logei,native,standard,44,none,nan,110,0,0.0,0.0,,,0,0.4084857404232025,0.09701682875094111,0.05981682828359706,0.07254549307430061,0.01830206119300302
rbv2_xgboost_1464,14,logei,native,standard,45,none,nan,110,0,0.0,0.0,,,0,0.4068073630332947,0.04057238519853616,0.027170917099092813,0.03371235748191362,0.008426483487427803
rbv2_xgboost_1464,14,logei,native,standard,46,none,nan,110,0,0.0,0.0,,,0,0.40846288204193115,0.03970802293221349,0.02487870469417421,0.03056935668634295,0.0039142008102068335
rbv2_xgboost_1464,14,logei,native,standard,47,none,nan,110,0,0.0,0.0,,,0,0.40662020444869995,0.0661986702119908,0.040270920369323185,0.050026898642352484,0.031874678909943784
rbv2_xgboost_1464,14,logei,native,standard,48,none,nan,110,0,0.0,0.0,,,0,0.4088122844696045,0.038347114372000383,0.02443506202591405,0.03020499246539716,0.004688439716847777
rbv2_xgboost_1464,14,logei,native,standard,49,none,nan,110,0,0.0,0.0,,,0,0.42233607172966003,0.038304502619363516,0.02495315800991394,0.030744067525298447,0.016463376951377878
rbv2_xgboost_1464,14,mes_gumbel,native,decay_greedy_packing_grid_a1_2,35,greedy_packing,0.5,110,68,61.23939808169744,0.6181818181818182,2,109,58,0.4158429205417633,0.06828730323694926,0.042672215556554274,0.050377372416103926,0.07023538555299876
rbv2_xgboost_1464,14,mes_gumbel,native,decay_greedy_packing_grid_a1_2,36,greedy_packing,0.5,110,69,61.23939808169744,0.6272727272727273,1,109,49,0.4217867851257324,0.05683163597747278,0.03846126459273734,0.04494626777044215,0.05478129526554466
rbv2_xgboost_1464,14,mes_gumbel,native,decay_greedy_packing_grid_a1_2,37,greedy_packing,0.5,110,62,61.23939808169744,0.5636363636363636,1,109,51,0.41003525257110596,0.04916156528437592,0.03354672691254555,0.03960530206690535,0.05121935894769469
rbv2_xgboost_1464,14,mes_gumbel,native,decay_greedy_packing_grid_a1_2,38,greedy_packing,0.5,110,69,61.23939808169744,0.6272727272727273,1,110,50,0.44049885869026184,0.05281167180978742,0.034506938406334994,0.04068020567045022,0.041993740966723384
rbv2_xgboost_1464,14,mes_gumbel,native,decay_greedy_packing_grid_a1_2,39,greedy_packing,0.5,110,65,61.23939808169744,0.5909090909090909,2,110,49,0.42359697818756104,0.06115856342953386,0.04104293021735347,0.0481674580148394,0.05592266605863271
rbv2_xgboost_1464,14,mes_gumbel,native,decay_greedy_packing_grid_a1_2,40,greedy_packing,0.5,110,67,61.23939808169744,0.6090909090909091,2,109,54,0.40704861283302307,0.06290259184240578,0.0378624094258868,0.04421761511606288,0.03744462281115898
rbv2_xgboost_1464,14,mes_gumbel,native,decay_greedy_packing_grid_a1_2,41,greedy_packing,0.5,110,58,61.23939808169744,0.5272727272727272,1,109,59,0.419756144285202,0.06672307468436019,0.04050280160294513,0.047263397654397216,0.049837209861691184
rbv2_xgboost_1464,14,mes_gumbel,native,decay_greedy_packing_grid_a1_2,42,greedy_packing,0.5,110,55,61.23939808169744,0.5,1,108,55,0.4165772497653961,0.05461491843036163,0.036507665745885334,0.042886558758408945,0.05262207548994587
rbv2_xgboost_1464,14,mes_gumbel,native,decay_greedy_packing_grid_a1_2,43,greedy_packing,0.5,110,70,61.23939808169744,0.6363636363636364,3,107,42,0.4203490912914276,0.0633919051355937,0.04266427642843719,0.049765590776346375,0.07221721805269431
rbv2_xgboost_1464,14,mes_gumbel,native,decay_greedy_packing_grid_a1_2,44,greedy_packing,0.5,110,65,61.23939808169744,0.5909090909090909,2,108,52,0.42029914259910583,0.0610072188755721,0.0392618209611664,0.04649018164231797,0.05816416279169083
rbv2_xgboost_1464,14,mes_gumbel,native,decay_greedy_packing_grid_a1_2,45,greedy_packing,0.5,110,56,61.23939808169744,0.509090909090909,1,108,49,0.4096047282218933,0.04660760967817365,0.02944563370740729,0.034941158553938444,0.03279972399403952
rbv2_xgboost_1464,14,mes_gumbel,native,decay_greedy_packing_grid_a1_2,46,greedy_packing,0.5,110,62,61.23939808169744,0.5636363636363636,2,110,57,0.4163629710674286,0.05761259021638816,0.038744573952800246,0.04521642719850501,0.054115572295055786
rbv2_xgboost_1464,14,mes_gumbel,native,decay_greedy_packing_grid_a1_2,47,greedy_packing,0.5,110,55,61.23939808169744,0.5,2,109,56,0.4165876507759094,0.06112174771915726,0.040646989804083544,0.04772238876358409,0.06256325358721693
rbv2_xgboost_1464,14,mes_gumbel,native,decay_greedy_packing_grid_a1_2,48,greedy_packing,0.5,110,59,61.23939808169744,0.5363636363636364,1,109,45,0.42254412174224854,0.056007339477579327,0.037238756337572954,0.044208836146647175,0.057843159527436426
rbv2_xgboost_1464,14,mes_gumbel,native,decay_greedy_packing_grid_a1_2,49,greedy_packing,0.5,110,65,61.23939808169744,0.5909090909090909,2,109,48,0.4089932441711426,0.0635046298559319,0.040172681887759215,0.047191346988439985,0.07062177296016613
rbv2_xgboost_1464,14,mes_gumbel,native,decay_uniform_grid_a1_2,35,uniform,0.5,110,68,61.23939808169744,0.6181818181818182,2,109,58,0.42161825299263,0.08885571315719018,0.049717421009014155,0.060687179567167335,0.08530246426481376
rbv2_xgboost_1464,14,mes_gumbel,native,decay_uniform_grid_a1_2,36,uniform,0.5,110,69,61.23939808169744,0.6272727272727273,1,109,49,0.4092823266983032,0.07878713543084695,0.05027454621836475,0.06236171026839558,0.08470994979103333
rbv2_xgboost_1464,14,mes_gumbel,native,decay_uniform_grid_a1_2,37,uniform,0.5,110,62,61.23939808169744,0.5636363636363636,1,109,51,0.41107314825057983,0.06552903634291177,0.04268682227359701,0.052563450592098826,0.0834758921298257
rbv2_xgboost_1464,14,mes_gumbel,native,decay_uniform_grid_a1_2,38,uniform,0.5,110,69,61.23939808169744,0.6272727272727273,1,110,50,0.4131219983100891,0.10297048689124043,0.056841451612303265,0.06969055187934148,0.04720610075917811
rbv2_xgboost_1464,14,mes_gumbel,native,decay_uniform_grid_a1_2,39,uniform,0.5,110,65,61.23939808169744,0.5909090909090909,2,110,49,0.4182165861129761,0.09448656762822417,0.05769337065774124,0.07021807659008326,0.05517377545810659
rbv2_xgboost_1464,14,mes_gumbel,native,decay_uniform_grid_a1_2,40,uniform,0.5,110,67,61.23939808169744,0.6090909090909091,2,109,54,0.4154871702194214,0.0860969222512115,0.05072578243522036,0.06233839208917175,0.08662895079062619
rbv2_xgboost_1464,14,mes_gumbel,native,decay_uniform_grid_a1_2,41,uniform,0.5,110,58,61.23939808169744,0.5272727272727272,1,109,59,0.4169413149356842,0.10623933757938776,0.06248371344115772,0.07619688003652086,0.11609573316439932
rbv2_xgboost_1464,14,mes_gumbel,native,decay_uniform_grid_a1_2,42,uniform,0.5,110,55,61.23939808169744,0.5,1,108,55,0.40928441286087036,0.07956718727983383,0.04827098171193811,0.05947301275544045,0.06919373499455228
rbv2_xgboost_1464,14,mes_gumbel,native,decay_uniform_grid_a1_2,43,uniform,0.5,110,70,61.23939808169744,0.6363636363636364,3,107,42,0.41309913992881775,0.0801164694998336,0.049985472887628404,0.061442788399584156,0.08782359795616673
rbv2_xgboost_1464,14,mes_gumbel,native,decay_uniform_grid_a1_2,44,uniform,0.5,110,65,61.23939808169744,0.5909090909090909,2,108,52,0.40871661901474,0.07819578023368162,0.048531674021539226,0.059982709755697756,0.07701378772541573
rbv2_xgboost_1464,14,mes_gumbel,native,decay_uniform_grid_a1_2,45,uniform,0.5,110,56,61.23939808169744,0.509090909090909,1,108,49,0.40720877051353455,0.06286551859036023,0.036563445241893984,0.0455815122677071,0.045718495579817234
rbv2_xgboost_1464,14,mes_gumbel,native,decay_uniform_grid_a1_2,46,uniform,0.5,110,62,61.23939808169744,0.5636363636363636,2,110,57,0.41113972663879395,0.1256331476028087,0.07725490727908596,0.0935619956133289,0.057454998368788916
rbv2_xgboost_1464,14,mes_gumbel,native,decay_uniform_grid_a1_2,47,uniform,0.5,110,55,61.23939808169744,0.5,2,109,56,0.41561198234558105,0.06644088395984882,0.04020787219206626,0.04946710976960408,0.07169339014924547
rbv2_xgboost_1464,14,mes_gumbel,native,decay_uniform_grid_a1_2,48,uniform,0.5,110,59,61.23939808169744,0.5363636363636364,1,109,45,0.42342010140419006,0.07517439298068243,0.04486834442713746,0.05514799618939536,0.06483353259430104
rbv2_xgboost_1464,14,mes_gumbel,native,decay_uniform_grid_a1_2,49,uniform,0.5,110,65,61.23939808169744,0.5909090909090909,2,109,48,0.4073813855648041,0.09658867669676655,0.059696057190513505,0.07296352423598913,0.08745852265130075
rbv2_xgboost_1464,14,mes_gumbel,native,standard,35,none,nan,110,0,0.0,0.0,,,0,0.4222840368747711,0.037660302746082924,0.02396413354900209,0.02936573311997609,0.024014921032764435
rbv2_xgboost_1464,14,mes_gumbel,native,standard,36,none,nan,110,0,0.0,0.0,,,0,0.4221924841403961,0.04087503706776205,0.024709867235290117,0.030236939453430242,0.010584545910776
rbv2_xgboost_1464,14,mes_gumbel,native,standard,37,none,nan,110,0,0.0,0.0,,,0,0.4086209535598755,0.04300363446047428,0.026742711030331198,0.03298451448833797,0.022410864923448178
rbv2_xgboost_1464,14,mes_gumbel,native,standard,38,none,nan,110,0,0.0,0.0,,,0,0.43438106775283813,0.09144674530849314,0.0529916661029964,0.06482711155942204,0.07332138105566377
rbv2_xgboost_1464,14,mes_gumbel,native,standard,39,none,nan,110,0,0.0,0.0,,,0,0.40644964575767517,0.03642135843836986,0.02372115142756236,0.029569427960927302,0.007318588668093365
rbv2_xgboost_1464,14,mes_gumbel,native,standard,40,none,nan,110,0,0.0,0.0,,,0,0.4214247465133667,0.040222362176039875,0.024639305267711673,0.030446379069773037,0.0120016045179697
rbv2_xgboost_1464,14,mes_gumbel,native,standard,41,none,nan,110,0,0.0,0.0,,,0,0.4214393198490143,0.06236309959369489,0.034518800648817655,0.04218824081782271,0.02338981264074437
rbv2_xgboost_1464,14,mes_gumbel,native,standard,42,none,nan,110,0,0.0,0.0,,,0,0.4096296727657318,0.037449532246595245,0.023468990276102334,0.0290587988417973,0.00928848686996707
rbv2_xgboost_1464,14,mes_gumbel,native,standard,43,none,nan,110,0,0.0,0.0,,,0,0.40650996565818787,0.0396531255560074,0.02432223751112187,0.030450781203440958,0.012359592271939517
rbv2_xgboost_1464,14,mes_gumbel,native,standard,44,none,nan,110,0,0.0,0.0,,,0,0.4092220067977905,0.04221505297403381,0.025839369964876797,0.03152981599762646,0.008702527736019289
rbv2_xgboost_1464,14,mes_gumbel,native,standard,45,none,nan,110,0,0.0,0.0,,,0,0.4085356593132019,0.03924714200517698,0.025287561126663485,0.03175982569492023,0.006776816881664046
rbv2_xgboost_1464,14,mes_gumbel,native,standard,46,none,nan,110,0,0.0,0.0,,,0,0.42307472229003906,0.14210188195517118,0.08659188282796902,0.10503046857491723,0.12105763053579924
rbv2_xgboost_1464,14,mes_gumbel,native,standard,47,none,nan,110,0,0.0,0.0,,,0,0.4084795117378235,0.038311831204722924,0.025165050435263063,0.030996330345800426,0.012175581097842468
rbv2_xgboost_1464,14,mes_gumbel,native,standard,48,none,nan,110,0,0.0,0.0,,,0,0.41063636541366577,0.03899438445815528,0.023926292987951236,0.02943720642456162,0.008413825433172437
rbv2_xgboost_1464,14,mes_gumbel,native,standard,49,none,nan,110,0,0.0,0.0,,,0,0.42280006408691406,0.038418290473293856,0.02419403426251198,0.029937536467293666,0.02651068172103438
rbv2_xgboost_1464,14,ts,logarithmic,decay_greedy_packing_grid_a1_2,35,greedy_packing,0.5,110,68,61.23939808169744,0.6181818181818182,2,109,58,0.4217139482498169,0.058484326616309854,0.038084193983599454,0.04557406267631926,0.043718778527080976
rbv2_xgboost_1464,14,ts,logarithmic,decay_greedy_packing_grid_a1_2,36,greedy_packing,0.5,110,69,61.23939808169744,0.6272727272727273,1,109,49,0.41502121090888977,0.05673702627839576,0.037836498646640286,0.04472958455500823,0.04121347756536879
rbv2_xgboost_1464,14,ts,logarithmic,decay_greedy_packing_grid_a1_2,37,greedy_packing,0.5,110,62,61.23939808169744,0.5636363636363636,1,109,51,0.41107314825057983,0.06928538956046522,0.044430961229113455,0.05275465736365793,0.045678289560570365
rbv2_xgboost_1464,14,ts,logarithmic,decay_greedy_packing_grid_a1_2,38,greedy_packing,0.5,110,69,61.23939808169744,0.6272727272727273,1,110,50,0.43321552872657776,0.060517932577579085,0.03997255536471343,0.04748071958056622,0.05900457508389213
rbv2_xgboost_1464,14,ts,logarithmic,decay_greedy_packing_grid_a1_2,39,greedy_packing,0.5,110,65,61.23939808169744,0.5909090909090909,2,110,49,0.4224962890148163,0.07681561560694651,0.04850099990433278,0.05765373387745831,0.06702103803433809
rbv2_xgboost_1464,14,ts,logarithmic,decay_greedy_packing_grid_a1_2,40,greedy_packing,0.5,110,67,61.23939808169744,0.6090909090909091,2,109,54,0.4229540228843689,0.05838439359794467,0.03529920805268481,0.041452240699541405,0.03740392351931044
rbv2_xgboost_1464,14,ts,logarithmic,decay_greedy_packing_grid_a1_2,41,greedy_packing,0.5,110,58,61.23939808169744,0.5272727272727272,1,109,59,0.42399856448173523,0.07354007338636262,0.04323989973406655,0.051261625545300185,0.04421333252972197
rbv2_xgboost_1464,14,ts,logarithmic,decay_greedy_packing_grid_a1_2,42,greedy_packing,0.5,110,55,61.23939808169744,0.5,1,108,55,0.4250160753726959,0.06205092036596746,0.041071521168503815,0.04886410646483237,0.06317134922272927
rbv2_xgboost_1464,14,ts,logarithmic,decay_greedy_packing_grid_a1_2,43,greedy_packing,0.5,110,70,61.23939808169744,0.6363636363636364,3,107,42,0.4102037250995636,0.06144533071171532,0.04089369289458384,0.048504035482334826,0.0419495817359101
rbv2_xgboost_1464,14,ts,logarithmic,decay_greedy_packing_grid_a1_2,44,greedy_packing,0.5,110,65,61.23939808169744,0.5909090909090909,2,108,52,0.41684770584106445,0.04791226500320698,0.030558911791214144,0.036242624038776004,0.04399347232207587
rbv2_xgboost_1464,14,ts,logarithmic,decay_greedy_packing_grid_a1_2,45,greedy_packing,0.5,110,56,61.23939808169744,0.509090909090909,1,108,49,0.4251575767993927,0.054476821561837196,0.03360418016438273,0.04038083801003743,0.03456605372650689
rbv2_xgboost_1464,14,ts,logarithmic,decay_greedy_packing_grid_a1_2,46,greedy_packing,0.5,110,62,61.23939808169744,0.5636363636363636,2,110,57,0.4379987418651581,0.06565610504937168,0.04403173111840841,0.05230311861410121,0.057958666144781366
rbv2_xgboost_1464,14,ts,logarithmic,decay_greedy_packing_grid_a1_2,47,greedy_packing,0.5,110,55,61.23939808169744,0.5,2,109,56,0.42872846126556396,0.061097139239027355,0.038488002344783,0.04546836121773415,0.05853977519014171
rbv2_xgboost_1464,14,ts,logarithmic,decay_greedy_packing_grid_a1_2,48,greedy_packing,0.5,110,59,61.23939808169744,0.5363636363636364,1,109,45,0.42965248227119446,0.06768226945139241,0.04412297947732792,0.052565268849063984,0.05184521452349244
rbv2_xgboost_1464,14,ts,logarithmic,decay_greedy_packing_grid_a1_2,49,greedy_packing,0.5,110,65,61.23939808169744,0.5909090909090909,2,109,48,0.4192172884941101,0.055628729725410775,0.03663950399074829,0.04336810818217183,0.046739401806364336
rbv2_xgboost_1464,14,ts,logarithmic,decay_uniform_grid_a1_2,35,uniform,0.5,110,68,61.23939808169744,0.6181818181818182,2,109,58,0.4245249927043915,0.09054253965569174,0.04881463422975916,0.06021268582262111,0.042932759670067405
rbv2_xgboost_1464,14,ts,logarithmic,decay_uniform_grid_a1_2,36,uniform,0.5,110,69,61.23939808169744,0.6272727272727273,1,109,49,0.43102604150772095,0.07947775388329585,0.04967929495036936,0.061772094787022745,0.059612780143616324
rbv2_xgboost_1464,14,ts,logarithmic,decay_uniform_grid_a1_2,37,uniform,0.5,110,62,61.23939808169744,0.5636363636363636,1,109,51,0.41107314825057983,0.06998758310395561,0.04503379988687366,0.05589163411220776,0.055957881544539
rbv2_xgboost_1464,14,ts,logarithmic,decay_uniform_grid_a1_2,38,uniform,0.5,110,69,61.23939808169744,0.6272727272727273,1,110,50,0.43321552872657776,0.08662644281672748,0.04807645929872156,0.05913159041483974,0.03923344544464766
rbv2_xgboost_1464,14,ts,logarithmic,decay_uniform_grid_a1_2,39,uniform,0.5,110,65,61.23939808169744,0.5909090909090909,2,110,49,0.4252387285232544,0.11169920875824749,0.06651542818895671,0.08181798258420782,0.06112111614408645
rbv2_xgboost_1464,14,ts,logarithmic,decay_uniform_grid_a1_2,40,uniform,0.5,110,67,61.23939808169744,0.6090909090909091,2,109,54,0.4229540228843689,0.08159527656653089,0.04912086793842968,0.06015020315079761,0.03972130099937545
rbv2_xgboost_1464,14,ts,logarithmic,decay_uniform_grid_a1_2,41,uniform,0.5,110,58,61.23939808169744,0.5272727272727272,1,109,59,0.4235449433326721,0.10414403034166661,0.05809098802357773,0.07087035061332954,0.07308666903607011
rbv2_xgboost_1464,14,ts,logarithmic,decay_uniform_grid_a1_2,42,uniform,0.5,110,55,61.23939808169744,0.5,1,108,55,0.42424407601356506,0.0822416922571177,0.050352655266769714,0.06248541689837275,0.043988096228923086
rbv2_xgboost_1464,14,ts,logarithmic,decay_uniform_grid_a1_2,43,uniform,0.5,110,70,61.23939808169744,0.6363636363636364,3,107,42,0.4102037250995636,0.06862359096436911,0.04444884270665571,0.05452344657354633,0.049978363613520135
rbv2_xgboost_1464,14,ts,logarithmic,decay_uniform_grid_a1_2,44,uniform,0.5,110,65,61.23939808169744,0.5909090909090909,2,108,52,0.4157971441745758,0.07976144662239192,0.0496456913763308,0.061387561260902335,0.06033316763374327
rbv2_xgboost_1464,14,ts,logarithmic,decay_uniform_grid_a1_2,45,uniform,0.5,110,56,61.23939808169744,0.509090909090909,1,108,49,0.43716195225715637,0.06740132220953447,0.03831952999768441,0.04795085212448496,0.0534030377432627
rbv2_xgboost_1464,14,ts,logarithmic,decay_uniform_grid_a1_2,46,uniform,0.5,110,62,61.23939808169744,0.5636363636363636,2,110,57,0.4286389946937561,0.09352021682463452,0.054842324868305134,0.06703854107417136,0.0412213468483874
rbv2_xgboost_1464,14,ts,logarithmic,decay_uniform_grid_a1_2,47,uniform,0.5,110,55,61.23939808169744,0.5,2,109,56,0.4240172803401947,0.07590894513811583,0.042980717151540115,0.0530700745111301,0.05199352637473406
rbv2_xgboost_1464,14,ts,logarithmic,decay_uniform_grid_a1_2,48,uniform,0.5,110,59,61.23939808169744,0.5363636363636364,1,109,45,0.4201763868331909,0.07690553510732974,0.0484063547196125,0.059675545003087756,0.052072403259003607
rbv2_xgboost_1464,14,ts,logarithmic,decay_uniform_grid_a1_2,49,uniform,0.5,110,65,61.23939808169744,0.5909090909090909,2,109,48,0.4244251251220703,0.07152382733495127,0.04267731377667763,0.05268351324035462,0.03435371190232636
rbv2_xgboost_1464,14,ts,logarithmic,standard,35,none,nan,110,0,0.0,0.0,,,0,0.422028124332428,0.08203463842392728,0.04786988804759516,0.05816092557283404,0.0582889971519818
rbv2_xgboost_1464,14,ts,logarithmic,standard,36,none,nan,110,0,0.0,0.0,,,0,0.42124372720718384,0.06160559243533235,0.034372875813377494,0.04326182036710402,0.03586196050300808
rbv2_xgboost_1464,14,ts,logarithmic,standard,37,none,nan,110,0,0.0,0.0,,,0,0.41107314825057983,0.05310639012977911,0.029164666664270356,0.03715875781934467,0.03677928519420197
rbv2_xgboost_1464,14,ts,logarithmic,standard,38,none,nan,110,0,0.0,0.0,,,0,0.4218159019947052,0.054236188400339766,0.03076073352811519,0.039181347497008724,0.020314528095350386
rbv2_xgboost_1464,14,ts,logarithmic,standard,39,none,nan,110,0,0.0,0.0,,,0,0.4202304780483246,0.0962657766221852,0.05833598320116716,0.07218820972949704,0.06466302514877637
rbv2_xgboost_1464,14,ts,logarithmic,standard,40,none,nan,110,0,0.0,0.0,,,0,0.41824987530708313,0.05598933311022899,0.031683212509111866,0.04035676714832116,0.03069951138148358
rbv2_xgboost_1464,14,ts,logarithmic,standard,41,none,nan,110,0,0.0,0.0,,,0,0.42211341857910156,0.08292863117957497,0.04595207126530202,0.0566795318009257,0.046291131259893724
rbv2_xgboost_1464,14,ts,logarithmic,standard,42,none,nan,110,0,0.0,0.0,,,0,0.4154331088066101,0.0716264478141524,0.04321497417763324,0.05446402287126774,0.04071095597385497
rbv2_xgboost_1464,14,ts,logarithmic,standard,43,none,nan,110,0,0.0,0.0,,,0,0.4204843044281006,0.05937354208510539,0.03659246121394701,0.04610718846875167,0.0363232360479282
rbv2_xgboost_1464,14,ts,logarithmic,standard,44,none,nan,110,0,0.0,0.0,,,0,0.42029914259910583,0.08532598265770955,0.051272388269217956,0.06324625264519387,0.061976227381078546
rbv2_xgboost_1464,14,ts,logarithmic,standard,45,none,nan,110,0,0.0,0.0,,,0,0.41253334283828735,0.06723808737088818,0.03908382304121026,0.04969268127726876,0.04593561179457329
rbv2_xgboost_1464,14,ts,logarithmic,standard,46,none,nan,110,0,0.0,0.0,,,0,0.4289407432079315,0.055364988313867144,0.029178979571628433,0.036705068740638516,0.023102435596786226
rbv2_xgboost_1464,14,ts,logarithmic,standard,47,none,nan,110,0,0.0,0.0,,,0,0.41527292132377625,0.12222058228498012,0.07313927137782042,0.08843456109290608,0.08763677619229188
rbv2_xgboost_1464,14,ts,logarithmic,standard,48,none,nan,110,0,0.0,0.0,,,0,0.4140934348106384,0.1131168407822255,0.06757861472632463,0.08357195369430337,0.09229296123806688
rbv2_xgboost_1464,14,ts,logarithmic,standard,49,none,nan,110,0,0.0,0.0,,,0,0.4159802198410034,0.07551562144037689,0.04035910596730133,0.05006592525530706,0.04678147944211839
rbv2_xgboost_1464,14,ucb,constant,decay_greedy_packing_grid_a1_2,35,greedy_packing,0.5,110,68,61.23939808169744,0.6181818181818182,2,109,58,0.4217139482498169,0.0635588707079406,0.03849644989438372,0.04520607951944051,0.05749449493056521
rbv2_xgboost_1464,14,ucb,constant,decay_greedy_packing_grid_a1_2,36,greedy_packing,0.5,110,69,61.23939808169744,0.6272727272727273,1,109,49,0.4143180847167969,0.05377327888371028,0.03650855085791829,0.04310804146365492,0.06115115931902119
rbv2_xgboost_1464,14,ucb,constant,decay_greedy_packing_grid_a1_2,37,greedy_packing,0.5,110,62,61.23939808169744,0.5636363636363636,1,109,51,0.41107314825057983,0.3403706283408692,0.25557270189083225,0.2905739553587383,0.47937953095571684
rbv2_xgboost_1464,14,ucb,constant,decay_greedy_packing_grid_a1_2,38,greedy_packing,0.5,110,69,61.23939808169744,0.6272727272727273,1,110,50,0.43697044253349304,0.04882853760689565,0.032806435567641144,0.038511946943906764,0.043372145490117114
rbv2_xgboost_1464,14,ucb,constant,decay_greedy_packing_grid_a1_2,39,greedy_packing,0.5,110,65,61.23939808169744,0.5909090909090909,2,110,49,0.42124998569488525,0.05989885285501742,0.037719726638173634,0.044216955174164664,0.050298910599330345
rbv2_xgboost_1464,14,ucb,constant,decay_greedy_packing_grid_a1_2,40,greedy_packing,0.5,110,67,61.23939808169744,0.6090909090909091,2,109,54,0.42232567071914673,0.05396544398868755,0.03217022862210289,0.03753248706219095,0.05143582430580581
rbv2_xgboost_1464,14,ucb,constant,decay_greedy_packing_grid_a1_2,41,greedy_packing,0.5,110,58,61.23939808169744,0.5272727272727272,1,109,59,0.4352511167526245,0.06671886537257378,0.03985858269367844,0.04631451666556319,0.06735724617818584
rbv2_xgboost_1464,14,ucb,constant,decay_greedy_packing_grid_a1_2,42,greedy_packing,0.5,110,55,61.23939808169744,0.5,1,108,55,0.4181063175201416,0.052078998648835875,0.03408148176825867,0.040155046236508285,0.05783143801034694
rbv2_xgboost_1464,14,ucb,constant,decay_greedy_packing_grid_a1_2,43,greedy_packing,0.5,110,70,61.23939808169744,0.6363636363636364,3,107,42,0.41326969861984253,0.08076904570317432,0.05163733810431752,0.06025839907672595,0.09758532592627661
rbv2_xgboost_1464,14,ucb,constant,decay_greedy_packing_grid_a1_2,44,greedy_packing,0.5,110,65,61.23939808169744,0.5909090909090909,2,108,52,0.42029914259910583,0.05754153867884635,0.038236505140924894,0.04497437376499784,0.049043811388897914
rbv2_xgboost_1464,14,ucb,constant,decay_greedy_packing_grid_a1_2,45,greedy_packing,0.5,110,56,61.23939808169744,0.509090909090909,1,108,49,0.4148194193840027,0.04491408714517223,0.030080590266840634,0.03557572765079092,0.05804609385148774
rbv2_xgboost_1464,14,ucb,constant,decay_greedy_packing_grid_a1_2,46,greedy_packing,0.5,110,62,61.23939808169744,0.5636363636363636,2,110,57,0.4205300807952881,0.06589221923066405,0.04490688045601828,0.05263458913227363,0.06081449622116657
rbv2_xgboost_1464,14,ucb,constant,decay_greedy_packing_grid_a1_2,47,greedy_packing,0.5,110,55,61.23939808169744,0.5,2,109,56,0.4176652729511261,0.059822405200586806,0.038287359333041004,0.04482522515879996,0.07071071115375195
rbv2_xgboost_1464,14,ucb,constant,decay_greedy_packing_grid_a1_2,48,greedy_packing,0.5,110,59,61.23939808169744,0.5363636363636364,1,109,45,0.39689886569976807,0.06004207191004643,0.04116130806153942,0.04867028683138255,0.06103291502708645
rbv2_xgboost_1464,14,ucb,constant,decay_greedy_packing_grid_a1_2,49,greedy_packing,0.5,110,65,61.23939808169744,0.5909090909090909,2,109,48,0.42157453298568726,0.052333329632116385,0.03376298369290983,0.03963975840989556,0.06317560527318104
rbv2_xgboost_1464,14,ucb,constant,decay_uniform_grid_a1_2,35,uniform,0.5,110,68,61.23939808169744,0.6181818181818182,2,109,58,0.4258858561515808,0.08105928307501065,0.04539260711101903,0.05555689008188503,0.08088244286736945
rbv2_xgboost_1464,14,ucb,constant,decay_uniform_grid_a1_2,36,uniform,0.5,110,69,61.23939808169744,0.6272727272727273,1,109,49,0.42560911178588867,0.07633212483218908,0.049310325222840005,0.06063617673820668,0.10053610515804437
rbv2_xgboost_1464,14,ucb,constant,decay_uniform_grid_a1_2,37,uniform,0.5,110,62,61.23939808169744,0.5636363636363636,1,109,51,0.41107314825057983,0.06140521089560505,0.040403570052973015,0.0495670404815229,0.06800602451520558
rbv2_xgboost_1464,14,ucb,constant,decay_uniform_grid_a1_2,38,uniform,0.5,110,69,61.23939808169744,0.6272727272727273,1,110,50,0.439066618680954,0.087710944978936,0.04856197094646892,0.05922138232075284,0.03903274364251415
rbv2_xgboost_1464,14,ucb,constant,decay_uniform_grid_a1_2,39,uniform,0.5,110,65,61.23939808169744,0.5909090909090909,2,110,49,0.4217493236064911,0.09259124875643913,0.05743579928698005,0.06963786491080763,0.054141577179537305
rbv2_xgboost_1464,14,ucb,constant,decay_uniform_grid_a1_2,40,uniform,0.5,110,67,61.23939808169744,0.6090909090909091,2,109,54,0.427735835313797,0.08604688069246834,0.04985381924784625,0.06079557415618163,0.07411654792182931
rbv2_xgboost_1464,14,ucb,constant,decay_uniform_grid_a1_2,41,uniform,0.5,110,58,61.23939808169744,0.5272727272727272,1,109,59,0.41107314825057983,0.09984907046640784,0.0583393931307605,0.07065925443194182,0.0979418113038098
rbv2_xgboost_1464,14,ucb,constant,decay_uniform_grid_a1_2,42,uniform,0.5,110,55,61.23939808169744,0.5,1,108,55,0.4220863878726959,0.09737239056390959,0.06037572944356332,0.07439582713505925,0.11090590473794625
rbv2_xgboost_1464,14,ucb,constant,decay_uniform_grid_a1_2,43,uniform,0.5,110,70,61.23939808169744,0.6363636363636364,3,107,42,0.41035765409469604,0.06941406747790747,0.04502549272303755,0.05552205132678449,0.08171218302258682
rbv2_xgboost_1464,14,ucb,constant,decay_uniform_grid_a1_2,44,uniform,0.5,110,65,61.23939808169744,0.5909090909090909,2,108,52,0.4110211730003357,0.07923262719544222,0.049305984422590605,0.060701862512352864,0.08490189448081553
rbv2_xgboost_1464,14,ucb,constant,decay_uniform_grid_a1_2,45,uniform,0.5,110,56,61.23939808169744,0.509090909090909,1,108,49,0.4242628216743469,0.059255546375023,0.03595987638297298,0.04455984141697391,0.05195142426734339
rbv2_xgboost_1464,14,ucb,constant,decay_uniform_grid_a1_2,46,uniform,0.5,110,62,61.23939808169744,0.5636363636363636,2,110,57,0.40883100032806396,0.08857764990508656,0.0550365398144842,0.06689273697743787,0.040091989668242525
rbv2_xgboost_1464,14,ucb,constant,decay_uniform_grid_a1_2,47,uniform,0.5,110,55,61.23939808169744,0.5,2,109,56,0.4238092005252838,0.0663693751099247,0.038722073785462205,0.047552936682136254,0.06806099474799444
rbv2_xgboost_1464,14,ucb,constant,decay_uniform_grid_a1_2,48,uniform,0.5,110,59,61.23939808169744,0.5363636363636364,1,109,45,0.4104803800582886,0.06999226605654973,0.043778756930972614,0.053535557101142744,0.0888079062452748
rbv2_xgboost_1464,14,ucb,constant,decay_uniform_grid_a1_2,49,uniform,0.5,110,65,61.23939808169744,0.5909090909090909,2,109,48,0.41167011857032776,0.07455534325097793,0.04582326886945117,0.055605996996781315,0.06734523763168868
rbv2_xgboost_1464,14,ucb,constant,standard,35,none,nan,110,0,0.0,0.0,,,0,0.3532542586326599,0.05689644588498704,0.03637259914634165,0.04381638360252999,0.009831670184979439
rbv2_xgboost_1464,14,ucb,constant,standard,36,none,nan,110,0,0.0,0.0,,,0,0.43478694558143616,0.1596968771650711,0.10883805972170724,0.1289868833923385,0.14663700427834098
rbv2_xgboost_1464,14,ucb,constant,standard,37,none,nan,110,0,0.0,0.0,,,0,0.40956103801727295,0.05840726679671097,0.03340561903360169,0.04107473342193489,0.027874619672834153
rbv2_xgboost_1464,14,ucb,constant,standard,38,none,nan,110,0,0.0,0.0,,,0,0.44049885869026184,0.3383823716782364,0.22048341759454265,0.2618405251997449,0.37997624078182973
rbv2_xgboost_1464,14,ucb,constant,standard,39,none,nan,110,0,0.0,0.0,,,0,0.4153374135494232,0.03608171972460104,0.022994142729629824,0.02862702871540816,0.02339496273136282
rbv2_xgboost_1464,14,ucb,constant,standard,40,none,nan,110,0,0.0,0.0,,,0,0.42222580313682556,0.03626674306307436,0.023396779011080355,0.02875190659056288,0.014559604930454762
rbv2_xgboost_1464,14,ucb,constant,standard,41,none,nan,110,0,0.0,0.0,,,0,0.43548423051834106,0.33959284356258507,0.227421995189236,0.26698550035525975,0.2034145056130741
rbv2_xgboost_1464,14,ucb,constant,standard,42,none,nan,110,0,0.0,0.0,,,0,0.4109504520893097,0.03803805522307804,0.024879218539524586,0.031068161125342345,0.01678528512198799
rbv2_xgboost_1464,14,ucb,constant,standard,43,none,nan,110,0,0.0,0.0,,,0,0.40935513377189636,0.043146550658729375,0.027750455125786288,0.03436871041848721,0.028930220722823412
rbv2_xgboost_1464,14,ucb,constant,standard,44,none,nan,110,0,0.0,0.0,,,0,0.42029914259910583,0.037958108326835154,0.023697227806406776,0.028998838385421243,0.011534589828858985
rbv2_xgboost_1464,14,ucb,constant,standard,45,none,nan,110,0,0.0,0.0,,,0,0.4357464909553528,0.03764059428713009,0.024091482385763592,0.029742059418058603,0.02300315391649922
rbv2_xgboost_1464,14,ucb,constant,standard,46,none,nan,110,0,0.0,0.0,,,0,0.418599396944046,0.04018299693136748,0.023219176147009433,0.028585052332256323,0.01658408446853261
rbv2_xgboost_1464,14,ucb,constant,standard,47,none,nan,110,0,0.0,0.0,,,0,0.42961084842681885,0.03556695588683292,0.022834314971925288,0.028074254322361093,0.020934274731586086
rbv2_xgboost_1464,14,ucb,constant,standard,48,none,nan,110,0,0.0,0.0,,,0,0.4224296808242798,0.03792437275200271,0.023260990285574497,0.028344129648168986,0.017051345268409228
rbv2_xgboost_1464,14,ucb,constant,standard,49,none,nan,110,0,0.0,0.0,,,0,0.4226835370063782,0.03626806675679974,0.022987142358755375,0.02842589366386002,0.011897474686159266
rbv2_xgboost_31,14,logei,native,decay_greedy_packing_grid_a1_2,35,greedy_packing,0.5,110,68,61.23939808169744,0.6181818181818182,2,109,58,0.4879874587059021,0.21535579330584775,0.14049591405331874,0.16385864582907886,0.25569681034417213
rbv2_xgboost_31,14,logei,native,decay_greedy_packing_grid_a1_2,36,greedy_packing,0.5,110,69,61.23939808169744,0.6272727272727273,1,109,49,0.48584243655204773,0.043028475188046617,0.028562824634125746,0.03370293437564275,0.029933272334053965
rbv2_xgboost_31,14,logei,native,decay_greedy_packing_grid_a1_2,37,greedy_packing,0.5,110,62,61.23939808169744,0.5636363636363636,1,109,51,0.4852379262447357,0.032267964962335347,0.02236164258027233,0.026483664718425653,0.018741869351537932
rbv2_xgboost_31,14,logei,native,decay_greedy_packing_grid_a1_2,38,greedy_packing,0.5,110,69,61.23939808169744,0.6272727272727273,1,110,50,0.48832932114601135,0.38003450850655907,0.2581594774405127,0.29732010554488103,0.3471521207831513
rbv2_xgboost_31,14,logei,native,decay_greedy_packing_grid_a1_2,39,greedy_packing,0.5,110,65,61.23939808169744,0.5909090909090909,2,110,49,0.4881771504878998,0.13328898510063886,0.08670714055045904,0.10210801853760038,0.12303520301728847
rbv2_xgboost_31,14,logei,native,decay_greedy_packing_grid_a1_2,40,greedy_packing,0.5,110,67,61.23939808169744,0.6090909090909091,2,109,54,0.4912375509738922,0.054140664270107046,0.031666723223080825,0.03710572734754179,0.04660779065537868
rbv2_xgboost_31,14,logei,native,decay_greedy_packing_grid_a1_2,41,greedy_packing,0.5,110,58,61.23939808169744,0.5272727272727272,1,109,59,0.4852150082588196,0.048321176752708264,0.028970186518562067,0.03371707453798266,0.028380272705423235
rbv2_xgboost_31,14,logei,native,decay_greedy_packing_grid_a1_2,42,greedy_packing,0.5,110,55,61.23939808169744,0.5,1,108,55,0.487791508436203,0.04479015476213527,0.03002702529074104,0.035494666800666354,0.04985459663303071
rbv2_xgboost_31,14,logei,native,decay_greedy_packing_grid_a1_2,43,greedy_packing,0.5,110,70,61.23939808169744,0.6363636363636364,3,107,42,0.4890652298927307,0.05941758604831597,0.03999077981478861,0.0469338193238736,0.05314926755043097
rbv2_xgboost_31,14,logei,native,decay_greedy_packing_grid_a1_2,44,greedy_packing,0.5,110,65,61.23939808169744,0.5909090909090909,2,108,52,0.485262930393219,0.041528686456492554,0.027084456092555373,0.03164936232686988,0.024124668547365745
rbv2_xgboost_31,14,logei,native,decay_greedy_packing_grid_a1_2,45,greedy_packing,0.5,110,56,61.23939808169744,0.509090909090909,1,108,49,0.48930495977401733,0.04324224759388368,0.026799622953729813,0.03174157860918572,0.045762636358139826
rbv2_xgboost_31,14,logei,native,decay_greedy_packing_grid_a1_2,46,greedy_packing,0.5,110,62,61.23939808169744,0.5636363636363636,2,110,57,0.4880082905292511,0.06741294307403611,0.04501799227795577,0.05288488876152049,0.06483704112243432
rbv2_xgboost_31,14,logei,native,decay_greedy_packing_grid_a1_2,47,greedy_packing,0.5,110,55,61.23939808169744,0.5,2,109,56,0.49402299523353577,0.1511205440443147,0.10362113630310094,0.11993376526763042,0.1939411501502333
rbv2_xgboost_31,14,logei,native,decay_greedy_packing_grid_a1_2,48,greedy_packing,0.5,110,59,61.23939808169744,0.5363636363636364,1,109,45,0.32799869775772095,0.1068010096950291,0.06954770021681486,0.0817909595362178,0.04437912913569526
rbv2_xgboost_31,14,logei,native,decay_greedy_packing_grid_a1_2,49,greedy_packing,0.5,110,65,61.23939808169744,0.5909090909090909,2,109,48,0.49402299523353577,0.16097860586703522,0.10174545065047655,0.11902166959684471,0.12462367297493807
rbv2_xgboost_31,14,logei,native,decay_uniform_grid_a1_2,35,uniform,0.5,110,68,61.23939808169744,0.6181818181818182,2,109,58,0.49170246720314026,0.18849194944890021,0.10954583020944161,0.1333200298781429,0.18783540572846516
rbv2_xgboost_31,14,logei,native,decay_uniform_grid_a1_2,36,uniform,0.5,110,69,61.23939808169744,0.6272727272727273,1,109,49,0.4866991639137268,0.17256438149688197,0.11559500599291067,0.1415491782767875,0.2114148848073869
rbv2_xgboost_31,14,logei,native,decay_uniform_grid_a1_2,37,uniform,0.5,110,62,61.23939808169744,0.5636363636363636,1,109,51,0.4851837456226349,0.04569241056343282,0.030073109557710788,0.03684082962715395,0.03974890657434109
rbv2_xgboost_31,14,logei,native,decay_uniform_grid_a1_2,38,uniform,0.5,110,69,61.23939808169744,0.6272727272727273,1,110,50,0.48573195934295654,0.1663882861061591,0.09711875656027853,0.11869174476435211,0.08376818466698056
rbv2_xgboost_31,14,logei,native,decay_uniform_grid_a1_2,39,uniform,0.5,110,65,61.23939808169744,0.5909090909090909,2,110,49,0.3569028675556183,0.08098677741016949,0.053733976581012866,0.06541721149537262,0.057649173185550545
rbv2_xgboost_31,14,logei,native,decay_uniform_grid_a1_2,40,uniform,0.5,110,67,61.23939808169744,0.6090909090909091,2,109,54,0.4885440468788147,0.1429242903193257,0.08344038029399445,0.10204115079972094,0.1454208561412244
rbv2_xgboost_31,14,logei,native,decay_uniform_grid_a1_2,41,uniform,0.5,110,58,61.23939808169744,0.5272727272727272,1,109,59,0.4878915548324585,0.05960101538022103,0.03502427680684138,0.043091237018818764,0.057166717134287226
rbv2_xgboost_31,14,logei,native,decay_uniform_grid_a1_2,42,uniform,0.5,110,55,61.23939808169744,0.5,1,108,55,0.4869222342967987,0.055300358988428035,0.03296488492494366,0.04061045012791602,0.04794220803993997
rbv2_xgboost_31,14,logei,native,decay_uniform_grid_a1_2,43,uniform,0.5,110,70,61.23939808169744,0.6363636363636364,3,107,42,0.4909290075302124,0.05129134431740712,0.031178374882517765,0.03840532773497667,0.039962240692871055
rbv2_xgboost_31,14,logei,native,decay_uniform_grid_a1_2,44,uniform,0.5,110,65,61.23939808169744,0.5909090909090909,2,108,52,0.4588107466697693,0.048972918881239925,0.03001270573137823,0.037389673290426285,0.03927260574969656
rbv2_xgboost_31,14,logei,native,decay_uniform_grid_a1_2,45,uniform,0.5,110,56,61.23939808169744,0.509090909090909,1,108,49,0.486011266708374,0.09959469974768258,0.05988781436087291,0.07445887069148108,0.04979092876061595
rbv2_xgboost_31,14,logei,native,decay_uniform_grid_a1_2,46,uniform,0.5,110,62,61.23939808169744,0.5636363636363636,2,110,57,0.48734331130981445,0.1456925751148017,0.09288978751512955,0.11250573822122663,0.07103827615602186
rbv2_xgboost_31,14,logei,native,decay_uniform_grid_a1_2,47,uniform,0.5,110,55,61.23939808169744,0.5,2,109,56,0.4864552915096283,0.04463381411099168,0.025100439660845637,0.03098686115424934,0.03418916400270542
rbv2_xgboost_31,14,logei,native,decay_uniform_grid_a1_2,48,uniform,0.5,110,59,61.23939808169744,0.5363636363636364,1,109,45,0.48852112889289856,0.056337444868205154,0.03266121437848313,0.0404357950525456,0.03912611473447332
rbv2_xgboost_31,14,logei,native,decay_uniform_grid_a1_2,49,uniform,0.5,110,65,61.23939808169744,0.5909090909090909,2,109,48,0.49402299523353577,0.10476612487997668,0.06410589709521591,0.07895328571831028,0.07651915828257874
rbv2_xgboost_31,14,logei,native,standard,35,none,nan,110,0,0.0,0.0,,,0,0.49402299523353577,0.036900786292246864,0.024409935540176356,0.029605544900387984,0.017197617880079157
rbv2_xgboost_31,14,logei,native,standard,36,none,nan,110,0,0.0,0.0,,,0,0.4866991639137268,0.040020580709160154,0.024909814369000242,0.030544289827427434,0.025988121328655918
rbv2_xgboost_31,14,logei,native,standard,37,none,nan,110,0,0.0,0.0,,,0,0.5087420344352722,0.04211008815122846,0.025414937748165094,0.031463057835109595,0.01992769566474044
rbv2_xgboost_31,14,logei,native,standard,38,none,nan,110,0,0.0,0.0,,,0,0.4906308650970459,0.04398663455550193,0.02600898175785145,0.032096559930082126,0.020881613951316533
rbv2_xgboost_31,14,logei,native,standard,39,none,nan,110,0,0.0,0.0,,,0,0.5084813237190247,0.03817081974438826,0.024572546964778647,0.030361991423584495,0.01938467772694494
rbv2_xgboost_31,14,logei,native,standard,40,none,nan,110,0,0.0,0.0,,,0,0.4853275716304779,0.03882352432663501,0.023966405390310096,0.02933058255042515,0.021632917341753058
rbv2_xgboost_31,14,logei,native,standard,41,none,nan,110,0,0.0,0.0,,,0,0.48636147379875183,0.043544110748647655,0.026851503231776798,0.032486584645276866,0.018850585008112448
rbv2_xgboost_31,14,logei,native,standard,42,none,nan,110,0,0.0,0.0,,,0,0.31296661496162415,0.09392858035523144,0.06053725243356354,0.07170805556985077,0.08696720619193148
rbv2_xgboost_31,14,logei,native,standard,43,none,nan,110,0,0.0,0.0,,,0,0.4920464754104614,0.03838598166971886,0.024504488439312515,0.03016071774581771,0.0194191462091018
rbv2_xgboost_31,14,logei,native,standard,44,none,nan,110,0,0.0,0.0,,,0,0.49361225962638855,0.041585082405930035,0.027170267384405554,0.03378628695885515,0.02454309190777154
rbv2_xgboost_31,14,logei,native,standard,45,none,nan,110,0,0.0,0.0,,,0,0.491458535194397,0.04218831757797793,0.026386446178558103,0.03250349679950059,0.01594323351864604
rbv2_xgboost_31,14,logei,native,standard,46,none,nan,110,0,0.0,0.0,,,0,0.485206663608551,0.1127768456831256,0.07278342155623874,0.0881398069091199,0.08046630942344757
rbv2_xgboost_31,14,logei,native,standard,47,none,nan,110,0,0.0,0.0,,,0,0.48573821783065796,0.0385856530301506,0.023928327858969402,0.02930445502848314,0.01889553978382946
rbv2_xgboost_31,14,logei,native,standard,48,none,nan,110,0,0.0,0.0,,,0,0.49402299523353577,0.03592372132477137,0.02481086421889857,0.030011688937814012,0.015318629122965444
rbv2_xgboost_31,14,logei,native,standard,49,none,nan,110,0,0.0,0.0,,,0,0.49402299523353577,0.038987701040619646,0.02473432601763615,0.030626210416925443,0.021066045852488103
rbv2_xgboost_31,14,mes_gumbel,native,decay_greedy_packing_grid_a1_2,35,greedy_packing,0.5,110,68,61.23939808169744,0.6181818181818182,2,109,58,0.48554643988609314,0.5414990770241667,0.4003817368880428,0.4478997242970498,0.656190482994077
rbv2_xgboost_31,14,mes_gumbel,native,decay_greedy_packing_grid_a1_2,36,greedy_packing,0.5,110,69,61.23939808169744,0.6272727272727273,1,109,49,0.48763930797576904,0.0501892785933335,0.033619349595662366,0.03968368469064273,0.05027376675769519
rbv2_xgboost_31,14,mes_gumbel,native,decay_greedy_packing_grid_a1_2,37,greedy_packing,0.5,110,62,61.23939808169744,0.5636363636363636,1,109,51,0.485262930393219,0.032265710661383486,0.022337010665003095,0.026373546511442844,0.0309391121985409
rbv2_xgboost_31,14,mes_gumbel,native,decay_greedy_packing_grid_a1_2,38,greedy_packing,0.5,110,69,61.23939808169744,0.6272727272727273,1,110,50,0.4954908788204193,0.38593840684661274,0.27169036212787073,0.3119829657560394,0.3445270250190648
rbv2_xgboost_31,14,mes_gumbel,native,decay_greedy_packing_grid_a1_2,39,greedy_packing,0.5,110,65,61.23939808169744,0.5909090909090909,2,110,49,0.45533251762390137,0.06064544103766955,0.03934711828218473,0.046480657148676344,0.05039995115058081
rbv2_xgboost_31,14,mes_gumbel,native,decay_greedy_packing_grid_a1_2,40,greedy_packing,0.5,110,67,61.23939808169744,0.6090909090909091,2,109,54,0.4876309931278229,0.03856743113688989,0.02289401203761796,0.026542119909520722,0.03754631184306468
rbv2_xgboost_31,14,mes_gumbel,native,decay_greedy_packing_grid_a1_2,41,greedy_packing,0.5,110,58,61.23939808169744,0.5272727272727272,1,109,59,0.40386050939559937,0.053276842007833974,0.03259751678435717,0.038035341398358534,0.043626700236793936
rbv2_xgboost_31,14,mes_gumbel,native,decay_greedy_packing_grid_a1_2,42,greedy_packing,0.5,110,55,61.23939808169744,0.5,1,108,55,0.41013509035110474,0.04174981300656141,0.027967203516306154,0.032814281907720115,0.05927518804144439
rbv2_xgboost_31,14,mes_gumbel,native,decay_greedy_packing_grid_a1_2,43,greedy_packing,0.5,110,70,61.23939808169744,0.6363636363636364,3,107,42,0.4862906038761139,0.09998093955070668,0.0614732789736272,0.07248403609389095,0.03756304585106864
rbv2_xgboost_31,14,mes_gumbel,native,decay_greedy_packing_grid_a1_2,44,greedy_packing,0.5,110,65,61.23939808169744,0.5909090909090909,2,108,52,0.48525044322013855,0.04324030717260643,0.027945426311595,0.03288138492611351,0.03957508960828835
rbv2_xgboost_31,14,mes_gumbel,native,decay_greedy_packing_grid_a1_2,45,greedy_packing,0.5,110,56,61.23939808169744,0.509090909090909,1,108,49,0.4905287027359009,0.03576110368036914,0.022669283326982016,0.02675881731595987,0.016885197583574586
rbv2_xgboost_31,14,mes_gumbel,native,decay_greedy_packing_grid_a1_2,46,greedy_packing,0.5,110,62,61.23939808169744,0.5636363636363636,2,110,57,0.48589247465133667,0.050295899978784794,0.03196727088525159,0.03766690297234076,0.04597990129655684
rbv2_xgboost_31,14,mes_gumbel,native,decay_greedy_packing_grid_a1_2,47,greedy_packing,0.5,110,55,61.23939808169744,0.5,2,109,56,0.4919714331626892,0.11189139548554954,0.07730124881820738,0.08980663334982526,0.11105452949914682
rbv2_xgboost_31,14,mes_gumbel,native,decay_greedy_packing_grid_a1_2,48,greedy_packing,0.5,110,59,61.23939808169744,0.5363636363636364,1,109,45,0.40312227606773376,0.1178742282698069,0.0817817455161125,0.09469827604383267,0.09356922373166725
rbv2_xgboost_31,14,mes_gumbel,native,decay_greedy_packing_grid_a1_2,49,greedy_packing,0.5,110,65,61.23939808169744,0.5909090909090909,2,109,48,0.4926239848136902,0.06523511177214218,0.040360559210579086,0.04748336809146438,0.07537100702127021
rbv2_xgboost_31,14,mes_gumbel,native,decay_uniform_grid_a1_2,35,uniform,0.5,110,68,61.23939808169744,0.6181818181818182,2,109,58,0.4920714795589447,0.06110221921998916,0.033435086971192574,0.04085979832137712,0.04646958200978614
rbv2_xgboost_31,14,mes_gumbel,native,decay_uniform_grid_a1_2,36,uniform,0.5,110,69,61.23939808169744,0.6272727272727273,1,109,49,0.49285125732421875,0.11816277962455676,0.07709631828320694,0.09402377159789442,0.12424589455688367
rbv2_xgboost_31,14,mes_gumbel,native,decay_uniform_grid_a1_2,37,uniform,0.5,110,62,61.23939808169744,0.5636363636363636,1,109,51,0.49196934700012207,0.0830345167483142,0.054300203209001134,0.06644576060753579,0.09418910390776909
rbv2_xgboost_31,14,mes_gumbel,native,decay_uniform_grid_a1_2,38,uniform,0.5,110,69,61.23939808169744,0.6272727272727273,1,110,50,0.4858716130256653,0.061657308637247284,0.03434694600688988,0.04237753852639825,0.027972047062803967
rbv2_xgboost_31,14,mes_gumbel,native,decay_uniform_grid_a1_2,39,uniform,0.5,110,65,61.23939808169744,0.5909090909090909,2,110,49,0.49200478196144104,0.07648095377573887,0.04787577569100573,0.058300901177535565,0.049349222755841325
rbv2_xgboost_31,14,mes_gumbel,native,decay_uniform_grid_a1_2,40,uniform,0.5,110,67,61.23939808169744,0.6090909090909091,2,109,54,0.4892611801624298,0.05479824740666317,0.03154868172765132,0.03861098108950294,0.03482605753874851
rbv2_xgboost_31,14,mes_gumbel,native,decay_uniform_grid_a1_2,41,uniform,0.5,110,58,61.23939808169744,0.5272727272727272,1,109,59,0.48567357659339905,0.06062846362597825,0.03638254804076958,0.04463620056887025,0.036547588496143306
rbv2_xgboost_31,14,mes_gumbel,native,decay_uniform_grid_a1_2,42,uniform,0.5,110,55,61.23939808169744,0.5,1,108,55,0.4784765839576721,0.08627422013589707,0.051349656757754825,0.0633172478585447,0.09512481024252921
rbv2_xgboost_31,14,mes_gumbel,native,decay_uniform_grid_a1_2,43,uniform,0.5,110,70,61.23939808169744,0.6363636363636364,3,107,42,0.49402299523353577,0.10337678438055078,0.06563491548708283,0.08077230558015791,0.1506975355488474
rbv2_xgboost_31,14,mes_gumbel,native,decay_uniform_grid_a1_2,44,uniform,0.5,110,65,61.23939808169744,0.5909090909090909,2,108,52,0.49402299523353577,0.04527484343395846,0.02854464670492829,0.035636843915103536,0.04008323167831754
rbv2_xgboost_31,14,mes_gumbel,native,decay_uniform_grid_a1_2,45,uniform,0.5,110,56,61.23939808169744,0.509090909090909,1,108,49,0.49402299523353577,0.1842281430933698,0.11850590865486521,0.14376053302998854,0.23197852181923867
rbv2_xgboost_31,14,mes_gumbel,native,decay_uniform_grid_a1_2,46,uniform,0.5,110,62,61.23939808169744,0.5636363636363636,2,110,57,0.48734331130981445,0.08666254132228166,0.0545833750562162,0.06612312100768383,0.0406204730035111
rbv2_xgboost_31,14,mes_gumbel,native,decay_uniform_grid_a1_2,47,uniform,0.5,110,55,61.23939808169744,0.5,2,109,56,0.48816463351249695,0.05553833300422272,0.031248558923114997,0.03831008323310429,0.03404619535108684
rbv2_xgboost_31,14,mes_gumbel,native,decay_uniform_grid_a1_2,48,uniform,0.5,110,59,61.23939808169744,0.5363636363636364,1,109,45,0.49402299523353577,0.053332476549503884,0.03213045027543182,0.0398311689197219,0.03328322783884519
rbv2_xgboost_31,14,mes_gumbel,native,decay_uniform_grid_a1_2,49,uniform,0.5,110,65,61.23939808169744,0.5909090909090909,2,109,48,0.49402299523353577,0.06992225894762125,0.04260213929229542,0.05234583415197092,0.07232996582554636
rbv2_xgboost_31,14,mes_gumbel,native,standard,35,none,nan,110,0,0.0,0.0,,,0,0.49402299523353577,0.19388466831167842,0.1280671963321778,0.15488704265125888,0.1950766089312357
rbv2_xgboost_31,14,mes_gumbel,native,standard,36,none,nan,110,0,0.0,0.0,,,0,0.49267610907554626,0.10010521789359471,0.06902353676684973,0.08278936919238136,0.08415584212675736
rbv2_xgboost_31,14,mes_gumbel,native,standard,37,none,nan,110,0,0.0,0.0,,,0,0.49402299523353577,0.23984752325465755,0.16056399533438545,0.19257109155031685,0.24423623575389075
rbv2_xgboost_31,14,mes_gumbel,native,standard,38,none,nan,110,0,0.0,0.0,,,0,0.4852150082588196,0.043036906501461164,0.025438670835674127,0.031440311425578,0.0164529750641571
rbv2_xgboost_31,14,mes_gumbel,native,standard,39,none,nan,110,0,0.0,0.0,,,0,0.508470892906189,0.03872610746368591,0.024247931246722844,0.029672207906066905,0.015146627475168224
rbv2_xgboost_31,14,mes_gumbel,native,standard,40,none,nan,110,0,0.0,0.0,,,0,0.4862551689147949,0.03929820633767348,0.02462191146749674,0.02995886071916216,0.016715086494209417
rbv2_xgboost_31,14,mes_gumbel,native,standard,41,none,nan,110,0,0.0,0.0,,,0,0.4896906316280365,0.04062253079910703,0.025085444305781527,0.031057439032409557,0.014286857991310792
rbv2_xgboost_31,14,mes_gumbel,native,standard,42,none,nan,110,0,0.0,0.0,,,0,0.5087608098983765,0.03706425321940841,0.02354742427499605,0.029073820441432755,0.01156428779446422
rbv2_xgboost_31,14,mes_gumbel,native,standard,43,none,nan,110,0,0.0,0.0,,,0,0.4931723177433014,0.12937730505878597,0.09006533154471905,0.10649639880706345,0.14310735817554057
rbv2_xgboost_31,14,mes_gumbel,native,standard,44,none,nan,110,0,0.0,0.0,,,0,0.49402299523353577,0.038098576630700674,0.02360095890078708,0.029062529040923688,0.01148522532688839
rbv2_xgboost_31,14,mes_gumbel,native,standard,45,none,nan,110,0,0.0,0.0,,,0,0.49330785870552063,0.10642632917069812,0.06254926775620459,0.07617935680772205,0.06185482794463379
rbv2_xgboost_31,14,mes_gumbel,native,standard,46,none,nan,110,0,0.0,0.0,,,0,0.4930493235588074,0.09974834993937876,0.06728578331411389,0.07969249070323325,0.07957271683630496
rbv2_xgboost_31,14,mes_gumbel,native,standard,47,none,nan,110,0,0.0,0.0,,,0,0.49402299523353577,0.11539798547707472,0.07631304544130169,0.0891511796011559,0.10778114363318043
rbv2_xgboost_31,14,mes_gumbel,native,standard,48,none,nan,110,0,0.0,0.0,,,0,0.49402299523353577,0.03633402698126433,0.0242547144359015,0.02928775918735621,0.019593085523006128
rbv2_xgboost_31,14,mes_gumbel,native,standard,49,none,nan,110,0,0.0,0.0,,,0,0.4853588342666626,0.03797966337351069,0.024524656230774183,0.030389676939109298,0.017566960033312082
rbv2_xgboost_31,14,ts,logarithmic,decay_greedy_packing_grid_a1_2,35,greedy_packing,0.5,110,68,61.23939808169744,0.6181818181818182,2,109,58,0.4878561198711395,0.04398026218799365,0.02670145879903429,0.03171253127808424,0.026551436040136333
rbv2_xgboost_31,14,ts,logarithmic,decay_greedy_packing_grid_a1_2,36,greedy_packing,0.5,110,69,61.23939808169744,0.6272727272727273,1,109,49,0.49982187151908875,0.04376208471676192,0.028999078219884615,0.03417709455633768,0.03269038649744698
rbv2_xgboost_31,14,ts,logarithmic,decay_greedy_packing_grid_a1_2,37,greedy_packing,0.5,110,62,61.23939808169744,0.5636363636363636,1,109,51,0.49652299284935,0.05229109642068288,0.03407386632901921,0.040678092387468064,0.03843527505828994
rbv2_xgboost_31,14,ts,logarithmic,decay_greedy_packing_grid_a1_2,38,greedy_packing,0.5,110,69,61.23939808169744,0.6272727272727273,1,110,50,0.4921402931213379,0.04484423254021075,0.02867833194872765,0.03404629276401854,0.043165844490523575
rbv2_xgboost_31,14,ts,logarithmic,decay_greedy_packing_grid_a1_2,39,greedy_packing,0.5,110,65,61.23939808169744,0.5909090909090909,2,110,49,0.49948403239250183,0.06741375098022047,0.04375789755813388,0.05194879214487195,0.06600716999567512
rbv2_xgboost_31,14,ts,logarithmic,decay_greedy_packing_grid_a1_2,40,greedy_packing,0.5,110,67,61.23939808169744,0.6090909090909091,2,109,54,0.4956806004047394,0.04215136842189779,0.026132089950790697,0.030761354488202382,0.024987972290285543
rbv2_xgboost_31,14,ts,logarithmic,decay_greedy_packing_grid_a1_2,41,greedy_packing,0.5,110,58,61.23939808169744,0.5272727272727272,1,109,59,0.5028249025344849,0.05057441315697608,0.03151349488694762,0.037408694159476154,0.03475803346598042
rbv2_xgboost_31,14,ts,logarithmic,decay_greedy_packing_grid_a1_2,42,greedy_packing,0.5,110,55,61.23939808169744,0.5,1,108,55,0.5008562207221985,0.0490632173789456,0.03267831149241741,0.03894963896306437,0.048452832159326435
rbv2_xgboost_31,14,ts,logarithmic,decay_greedy_packing_grid_a1_2,43,greedy_packing,0.5,110,70,61.23939808169744,0.6363636363636364,3,107,42,0.49837884306907654,0.05623954630833197,0.03296096384124417,0.03923008327436886,0.03614641705301224
rbv2_xgboost_31,14,ts,logarithmic,decay_greedy_packing_grid_a1_2,44,greedy_packing,0.5,110,65,61.23939808169744,0.5909090909090909,2,108,52,0.4890631437301636,0.044831547240553084,0.027242468683648734,0.0324128190766212,0.033579083593106906
rbv2_xgboost_31,14,ts,logarithmic,decay_greedy_packing_grid_a1_2,45,greedy_packing,0.5,110,56,61.23939808169744,0.509090909090909,1,108,49,0.49695253372192383,0.049349817642924516,0.030988551557510936,0.03684942551021396,0.02948074330891019
rbv2_xgboost_31,14,ts,logarithmic,decay_greedy_packing_grid_a1_2,46,greedy_packing,0.5,110,62,61.23939808169744,0.5636363636363636,2,110,57,0.4925447702407837,0.0581426326614176,0.03512099626278305,0.041504447392529044,0.05575638983167533
rbv2_xgboost_31,14,ts,logarithmic,decay_greedy_packing_grid_a1_2,47,greedy_packing,0.5,110,55,61.23939808169744,0.5,2,109,56,0.49438995122909546,0.045575862429218225,0.029386286240948575,0.035116103742352585,0.02992958349226535
rbv2_xgboost_31,14,ts,logarithmic,decay_greedy_packing_grid_a1_2,48,greedy_packing,0.5,110,59,61.23939808169744,0.5363636363636364,1,109,45,0.505715548992157,0.047181838444146404,0.0299132404604366,0.035440315296341,0.03732182042919519
rbv2_xgboost_31,14,ts,logarithmic,decay_greedy_packing_grid_a1_2,49,greedy_packing,0.5,110,65,61.23939808169744,0.5909090909090909,2,109,48,0.506935715675354,0.0430198094521681,0.02857548266678949,0.033873939240025186,0.03138070071094017
rbv2_xgboost_31,14,ts,logarithmic,decay_uniform_grid_a1_2,35,uniform,0.5,110,68,61.23939808169744,0.6181818181818182,2,109,58,0.5031898617744446,0.06243056344387138,0.03235023119491324,0.0399956521756839,0.028210714458547545
rbv2_xgboost_31,14,ts,logarithmic,decay_uniform_grid_a1_2,36,uniform,0.5,110,69,61.23939808169744,0.6272727272727273,1,109,49,0.4973528981208801,0.06331447908143074,0.03870058794335597,0.04821362595062752,0.04953251904489708
rbv2_xgboost_31,14,ts,logarithmic,decay_uniform_grid_a1_2,37,uniform,0.5,110,62,61.23939808169744,0.5636363636363636,1,109,51,0.503387987613678,0.05501234262695362,0.034902650203141206,0.043117520398913665,0.04268349649471019
rbv2_xgboost_31,14,ts,logarithmic,decay_uniform_grid_a1_2,38,uniform,0.5,110,69,61.23939808169744,0.6272727272727273,1,110,50,0.4922153651714325,0.06190046552301854,0.033853683911643964,0.041807798222005955,0.028669459839196776
rbv2_xgboost_31,14,ts,logarithmic,decay_uniform_grid_a1_2,39,uniform,0.5,110,65,61.23939808169744,0.5909090909090909,2,110,49,0.49948403239250183,0.0794770731227317,0.04971867127861497,0.061553568178948366,0.04772603947576803
rbv2_xgboost_31,14,ts,logarithmic,decay_uniform_grid_a1_2,40,uniform,0.5,110,67,61.23939808169744,0.6090909090909091,2,109,54,0.4956806004047394,0.06692886082008129,0.04078898996360693,0.05034575224579173,0.042514381911098235
rbv2_xgboost_31,14,ts,logarithmic,decay_uniform_grid_a1_2,41,uniform,0.5,110,58,61.23939808169744,0.5272727272727272,1,109,59,0.5030251145362854,0.06930803093033476,0.04165990798068517,0.050891858977501474,0.05380794365971559
rbv2_xgboost_31,14,ts,logarithmic,decay_uniform_grid_a1_2,42,uniform,0.5,110,55,61.23939808169744,0.5,1,108,55,0.49879172444343567,0.05757669842323455,0.03458190114792291,0.04304398916378813,0.05293704021111975
rbv2_xgboost_31,14,ts,logarithmic,decay_uniform_grid_a1_2,43,uniform,0.5,110,70,61.23939808169744,0.6363636363636364,3,107,42,0.5019760727882385,0.0587801670862744,0.036347086548957894,0.045226181471907004,0.03922560437169745
rbv2_xgboost_31,14,ts,logarithmic,decay_uniform_grid_a1_2,44,uniform,0.5,110,65,61.23939808169744,0.5909090909090909,2,108,52,0.5062724351882935,0.05329229412138008,0.03284761604757218,0.040873387930021,0.033342816825758737
rbv2_xgboost_31,14,ts,logarithmic,decay_uniform_grid_a1_2,45,uniform,0.5,110,56,61.23939808169744,0.509090909090909,1,108,49,0.49798473715782166,0.0582934655847115,0.03347738307883728,0.04204211181204453,0.04663064235147875
rbv2_xgboost_31,14,ts,logarithmic,decay_uniform_grid_a1_2,46,uniform,0.5,110,62,61.23939808169744,0.5636363636363636,2,110,57,0.48734331130981445,0.07613764386863259,0.0440767087748572,0.054148437005219506,0.03230980044333198
rbv2_xgboost_31,14,ts,logarithmic,decay_uniform_grid_a1_2,47,uniform,0.5,110,55,61.23939808169744,0.5,2,109,56,0.49423983693122864,0.04940590587468152,0.02835566176654938,0.035027956223152454,0.036471971120121564
rbv2_xgboost_31,14,ts,logarithmic,decay_uniform_grid_a1_2,48,uniform,0.5,110,59,61.23939808169744,0.5363636363636364,1,109,45,0.5109949111938477,0.05203942346816481,0.0326735619845073,0.04017033711750731,0.03692428929141329
rbv2_xgboost_31,14,ts,logarithmic,decay_uniform_grid_a1_2,49,uniform,0.5,110,65,61.23939808169744,0.5909090909090909,2,109,48,0.4955763518810272,0.053716708097137994,0.03127173274543131,0.038501063653386985,0.026491478601000998
rbv2_xgboost_31,14,ts,logarithmic,standard,35,none,nan,110,0,0.0,0.0,,,0,0.4984684884548187,0.06459213451542835,0.03817357401279832,0.04680734282306408,0.04389955662596215
rbv2_xgboost_31,14,ts,logarithmic,standard,36,none,nan,110,0,0.0,0.0,,,0,0.4929325580596924,0.04601862565793425,0.0269780728741357,0.03345638209844682,0.026015487728957166
rbv2_xgboost_31,14,ts,logarithmic,standard,37,none,nan,110,0,0.0,0.0,,,0,0.5014442801475525,0.05456772062884271,0.03551756193412714,0.04363780510060824,0.027659010900263473
rbv2_xgboost_31,14,ts,logarithmic,standard,38,none,nan,110,0,0.0,0.0,,,0,0.4849502742290497,0.05307818863773053,0.029766590836268206,0.03742732613162044,0.022524204654184712
rbv2_xgboost_31,14,ts,logarithmic,standard,39,none,nan,110,0,0.0,0.0,,,0,0.49344128370285034,0.05227370727757471,0.031106582304636303,0.038281657995847665,0.03229815780197291
rbv2_xgboost_31,14,ts,logarithmic,standard,40,none,nan,110,0,0.0,0.0,,,0,0.4952448308467865,0.05012774895448354,0.0298319001866486,0.03773929537663365,0.02803218111400664
rbv2_xgboost_31,14,ts,logarithmic,standard,41,none,nan,110,0,0.0,0.0,,,0,0.5023202300071716,0.05195692599064018,0.029981636264351005,0.03720034587074738,0.033286955109998254
rbv2_xgboost_31,14,ts,logarithmic,standard,42,none,nan,110,0,0.0,0.0,,,0,0.48067742586135864,0.10938334268518769,0.06554254568191803,0.08089215252011928,0.07817089126875088
rbv2_xgboost_31,14,ts,logarithmic,standard,43,none,nan,110,0,0.0,0.0,,,0,0.48755595088005066,0.045968203802420546,0.027600374453952897,0.0346459652242114,0.033262880598859096
rbv2_xgboost_31,14,ts,logarithmic,standard,44,none,nan,110,0,0.0,0.0,,,0,0.491437703371048,0.06953569708402588,0.04111990598858907,0.05117161863617668,0.05422357318013166
rbv2_xgboost_31,14,ts,logarithmic,standard,45,none,nan,110,0,0.0,0.0,,,0,0.49968841671943665,0.05721818481280843,0.03494278238543927,0.04318969343047296,0.03590897069613178
rbv2_xgboost_31,14,ts,logarithmic,standard,46,none,nan,110,0,0.0,0.0,,,0,0.4925447702407837,0.060520497863291785,0.03634035138221085,0.04463090414233215,0.037452215869393596
rbv2_xgboost_31,14,ts,logarithmic,standard,47,none,nan,110,0,0.0,0.0,,,0,0.49005547165870667,0.06074805021026517,0.03574399386844575,0.04406628672620624,0.04256529771822845
rbv2_xgboost_31,14,ts,logarithmic,standard,48,none,nan,110,0,0.0,0.0,,,0,0.5042409896850586,0.08156934307537336,0.05086465335422276,0.06271549211634761,0.04763664911467309
rbv2_xgboost_31,14,ts,logarithmic,standard,49,none,nan,110,0,0.0,0.0,,,0,0.49579527974128723,0.05192046816829364,0.028754714185309088,0.03541560374119349,0.03911168484910305
rbv2_xgboost_31,14,ucb,constant,decay_greedy_packing_grid_a1_2,35,greedy_packing,0.5,110,68,61.23939808169744,0.6181818181818182,2,109,58,0.49402299523353577,0.22910981836325386,0.15482737682291411,0.17865647967253176,0.2797518978682709
rbv2_xgboost_31,14,ucb,constant,decay_greedy_packing_grid_a1_2,36,greedy_packing,0.5,110,69,61.23939808169744,0.6272727272727273,1,109,49,0.4919317960739136,0.03855627648193058,0.025606778168708558,0.03019892913237199,0.04678261919600562
rbv2_xgboost_31,14,ucb,constant,decay_greedy_packing_grid_a1_2,37,greedy_packing,0.5,110,62,61.23939808169744,0.5636363636363636,1,109,51,0.4899658262729645,0.033421039239072095,0.021749347982104483,0.02561093164682851,0.044909845689219824
rbv2_xgboost_31,14,ucb,constant,decay_greedy_packing_grid_a1_2,38,greedy_packing,0.5,110,69,61.23939808169744,0.6272727272727273,1,110,50,0.4954908788204193,0.358785771953836,0.2577581339747766,0.2959636452342218,0.3595468463579285
rbv2_xgboost_31,14,ucb,constant,decay_greedy_packing_grid_a1_2,39,greedy_packing,0.5,110,65,61.23939808169744,0.5909090909090909,2,110,49,0.488829642534256,0.06162184860563597,0.03939843437314927,0.04622588653391515,0.0558187877877725
rbv2_xgboost_31,14,ucb,constant,decay_greedy_packing_grid_a1_2,40,greedy_packing,0.5,110,67,61.23939808169744,0.6090909090909091,2,109,54,0.49402299523353577,0.07683335489433134,0.04598725035944912,0.05280080782615181,0.08101080317421115
rbv2_xgboost_31,14,ucb,constant,decay_greedy_packing_grid_a1_2,41,greedy_packing,0.5,110,58,61.23939808169744,0.5272727272727272,1,109,59,0.49402299523353577,0.04733143659801765,0.02812423515828947,0.03268482826859678,0.04454597135063357
rbv2_xgboost_31,14,ucb,constant,decay_greedy_packing_grid_a1_2,42,greedy_packing,0.5,110,55,61.23939808169744,0.5,1,108,55,0.35857054591178894,0.05818321790051631,0.039436968842119266,0.045932331965773655,0.06969934676752061
rbv2_xgboost_31,14,ucb,constant,decay_greedy_packing_grid_a1_2,43,greedy_packing,0.5,110,70,61.23939808169744,0.6363636363636364,3,107,42,0.49402299523353577,0.1006366515597913,0.06297119190548173,0.07318892804345327,0.0970003608815932
rbv2_xgboost_31,14,ucb,constant,decay_greedy_packing_grid_a1_2,44,greedy_packing,0.5,110,65,61.23939808169744,0.5909090909090909,2,108,52,0.4890631437301636,0.03622451986688429,0.023708324592878312,0.02793339897774395,0.03399954478775458
rbv2_xgboost_31,14,ucb,constant,decay_greedy_packing_grid_a1_2,45,greedy_packing,0.5,110,56,61.23939808169744,0.509090909090909,1,108,49,0.4921507239341736,0.04921688197331676,0.029894558910102034,0.03515057276394281,0.045433517117034854
rbv2_xgboost_31,14,ucb,constant,decay_greedy_packing_grid_a1_2,46,greedy_packing,0.5,110,62,61.23939808169744,0.5636363636363636,2,110,57,0.4862906038761139,0.05020528537773136,0.03410638354461424,0.03975704675778345,0.04737220274546095
rbv2_xgboost_31,14,ucb,constant,decay_greedy_packing_grid_a1_2,47,greedy_packing,0.5,110,55,61.23939808169744,0.5,2,109,56,0.49402299523353577,0.05325588655657249,0.0345634882604649,0.040504488026572416,0.055806545333455165
rbv2_xgboost_31,14,ucb,constant,decay_greedy_packing_grid_a1_2,48,greedy_packing,0.5,110,59,61.23939808169744,0.5363636363636364,1,109,45,0.49402299523353577,0.127312485163311,0.08967835869929966,0.10507063281661917,0.1786636302061487
rbv2_xgboost_31,14,ucb,constant,decay_greedy_packing_grid_a1_2,49,greedy_packing,0.5,110,65,61.23939808169744,0.5909090909090909,2,109,48,0.49402299523353577,0.12302041578809766,0.08286542781086265,0.09691396666940132,0.15713102375599994
rbv2_xgboost_31,14,ucb,constant,decay_uniform_grid_a1_2,35,uniform,0.5,110,68,61.23939808169744,0.6181818181818182,2,109,58,0.49402299523353577,0.05606646571555245,0.03093671424646894,0.037853177956223456,0.04860179879888828
rbv2_xgboost_31,14,ucb,constant,decay_uniform_grid_a1_2,36,uniform,0.5,110,69,61.23939808169744,0.6272727272727273,1,109,49,0.4909018874168396,0.11063354308921028,0.07168410840937772,0.08736928122196577,0.1291978071410655
rbv2_xgboost_31,14,ucb,constant,decay_uniform_grid_a1_2,37,uniform,0.5,110,62,61.23939808169744,0.5636363636363636,1,109,51,0.48517748713493347,0.04266470649255304,0.028326536480794147,0.03483673693874562,0.035528712969030624
rbv2_xgboost_31,14,ucb,constant,decay_uniform_grid_a1_2,38,uniform,0.5,110,69,61.23939808169744,0.6272727272727273,1,110,50,0.4915565252304077,0.09078488671170813,0.05289891262017049,0.0640828491360661,0.044529657841771174
rbv2_xgboost_31,14,ucb,constant,decay_uniform_grid_a1_2,39,uniform,0.5,110,65,61.23939808169744,0.5909090909090909,2,110,49,0.48530879616737366,0.3011653646339501,0.1995515492964364,0.23662346196265777,0.19924826433865286
rbv2_xgboost_31,14,ucb,constant,decay_uniform_grid_a1_2,40,uniform,0.5,110,67,61.23939808169744,0.6090909090909091,2,109,54,0.49152109026908875,0.05148652266140281,0.030794328777391928,0.03794125724052625,0.0656632058912895
rbv2_xgboost_31,14,ucb,constant,decay_uniform_grid_a1_2,41,uniform,0.5,110,58,61.23939808169744,0.5272727272727272,1,109,59,0.46401000022888184,0.17272454686458283,0.10918357652210532,0.1310276150064985,0.22803681910795603
rbv2_xgboost_31,14,ucb,constant,decay_uniform_grid_a1_2,42,uniform,0.5,110,55,61.23939808169744,0.5,1,108,55,0.46624115109443665,0.08062007229383149,0.048418177236059415,0.05933972101320184,0.09118593975142027
rbv2_xgboost_31,14,ucb,constant,decay_uniform_grid_a1_2,43,uniform,0.5,110,70,61.23939808169744,0.6363636363636364,3,107,42,0.49402299523353577,0.2759101434685187,0.18393526655973422,0.22049626688291568,0.3792619701678979
rbv2_xgboost_31,14,ucb,constant,decay_uniform_grid_a1_2,44,uniform,0.5,110,65,61.23939808169744,0.5909090909090909,2,108,52,0.468097448348999,0.051889099205809364,0.03187608804564945,0.03957515678717213,0.037718338818587153
rbv2_xgboost_31,14,ucb,constant,decay_uniform_grid_a1_2,45,uniform,0.5,110,56,61.23939808169744,0.509090909090909,1,108,49,0.47461920976638794,0.1328717183916253,0.08372308705700382,0.10209208651401383,0.1802680054843196
rbv2_xgboost_31,14,ucb,constant,decay_uniform_grid_a1_2,46,uniform,0.5,110,62,61.23939808169744,0.5636363636363636,2,110,57,0.36223840713500977,0.08412376481441536,0.051702076383097706,0.06247778366124644,0.038649756968657745
rbv2_xgboost_31,14,ucb,constant,decay_uniform_grid_a1_2,47,uniform,0.5,110,55,61.23939808169744,0.5,2,109,56,0.49402299523353577,0.03852853654868549,0.022761260770900415,0.02779440559517632,0.032582802545934944
rbv2_xgboost_31,14,ucb,constant,decay_uniform_grid_a1_2,48,uniform,0.5,110,59,61.23939808169744,0.5363636363636364,1,109,45,0.49402299523353577,0.053921269499328794,0.032044402617747936,0.03979798717905979,0.0627285151015394
rbv2_xgboost_31,14,ucb,constant,decay_uniform_grid_a1_2,49,uniform,0.5,110,65,61.23939808169744,0.5909090909090909,2,109,48,0.48517748713493347,0.09293453757626659,0.05906201339014814,0.07242266438754262,0.09553797221162011
rbv2_xgboost_31,14,ucb,constant,standard,35,none,nan,110,0,0.0,0.0,,,0,0.49463391304016113,0.04605165682391532,0.02880518891292084,0.034984818857609325,0.026075761943278458
rbv2_xgboost_31,14,ucb,constant,standard,36,none,nan,110,0,0.0,0.0,,,0,0.49402299523353577,0.039207312888807425,0.023868789465324648,0.02917083373489929,0.025912382687161898
rbv2_xgboost_31,14,ucb,constant,standard,37,none,nan,110,0,0.0,0.0,,,0,0.49402299523353577,0.03471166804825771,0.023261456835727688,0.028280763043402955,0.02740282055964223
rbv2_xgboost_31,14,ucb,constant,standard,38,none,nan,110,0,0.0,0.0,,,0,0.49402299523353577,0.03943384319246651,0.024159034606252315,0.02992640688374306,0.019125943169506488
rbv2_xgboost_31,14,ucb,constant,standard,39,none,nan,110,0,0.0,0.0,,,0,0.48857948184013367,0.06478115983661759,0.04281969726882226,0.050951589145283104,0.05824070954511204
rbv2_xgboost_31,14,ucb,constant,standard,40,none,nan,110,0,0.0,0.0,,,0,0.49402299523353577,0.16065692098155823,0.10590716489304569,0.12594924970063182,0.13272729750851872
rbv2_xgboost_31,14,ucb,constant,standard,41,none,nan,110,0,0.0,0.0,,,0,0.49233001470565796,0.03904032427661165,0.02381140297782225,0.028936015131689485,0.015062653260382645
rbv2_xgboost_31,14,ucb,constant,standard,42,none,nan,110,0,0.0,0.0,,,0,0.4882417917251587,0.04895195843272167,0.03236159326643405,0.038833034884257905,0.03597928530858492
rbv2_xgboost_31,14,ucb,constant,standard,43,none,nan,110,0,0.0,0.0,,,0,0.48662203550338745,0.03528769996192221,0.022720206666158847,0.027446158867236663,0.026466488899721308
rbv2_xgboost_31,14,ucb,constant,standard,44,none,nan,110,0,0.0,0.0,,,0,0.49402299523353577,0.037267765450635065,0.023426826016855404,0.028386865821917986,0.014877682387830285
rbv2_xgboost_31,14,ucb,constant,standard,45,none,nan,110,0,0.0,0.0,,,0,0.49402299523353577,0.10870602712961686,0.06644350921500075,0.08102409086417098,0.08230364382360976
rbv2_xgboost_31,14,ucb,constant,standard,46,none,nan,110,0,0.0,0.0,,,0,0.4864928126335144,0.04488663830533212,0.029170330013135334,0.03536965086678596,0.03256866065534104
rbv2_xgboost_31,14,ucb,constant,standard,47,none,nan,110,0,0.0,0.0,,,0,0.49298468232154846,0.0407265102240129,0.025887189494241354,0.03158726124177598,0.018364090169081162
rbv2_xgboost_31,14,ucb,constant,standard,48,none,nan,110,0,0.0,0.0,,,0,0.49402299523353577,0.03458501595614805,0.022596395946444824,0.027265712786045698,0.02169999337068339
rbv2_xgboost_31,14,ucb,constant,standard,49,none,nan,110,0,0.0,0.0,,,0,0.4835599660873413,0.038886576009755015,0.02368388785364975,0.02881676561447493,0.031304373792034206
rbv2_xgboost_40975,14,logei,native,decay_greedy_packing_grid_a1_2,35,greedy_packing,0.5,110,68,61.23939808169744,0.6181818181818182,2,109,58,0.008946005254983902,0.22963653067143286,0.14689868052033406,0.17154216947770642,0.043588063819029424
rbv2_xgboost_40975,14,logei,native,decay_greedy_packing_grid_a1_2,36,greedy_packing,0.5,110,69,61.23939808169744,0.6272727272727273,1,109,49,0.009118698537349701,0.17466200571477453,0.11803969688683855,0.13769109530586504,0.07099047129736198
rbv2_xgboost_40975,14,logei,native,decay_greedy_packing_grid_a1_2,37,greedy_packing,0.5,110,62,61.23939808169744,0.5636363636363636,1,109,51,0.003845757804811001,0.2129209219815055,0.14771922174322236,0.17232180443545939,0.0783315840400811
rbv2_xgboost_40975,14,logei,native,decay_greedy_packing_grid_a1_2,38,greedy_packing,0.5,110,69,61.23939808169744,0.6272727272727273,1,110,50,0.0021417320240288973,0.17542088926923716,0.11377821594694684,0.13244450790246148,0.17770694223153255
rbv2_xgboost_40975,14,logei,native,decay_greedy_packing_grid_a1_2,39,greedy_packing,0.5,110,65,61.23939808169744,0.5909090909090909,2,110,49,0.0036175900604575872,0.20819830863345404,0.13867838907584537,0.161874230046912,0.20559580307928688
rbv2_xgboost_40975,14,logei,native,decay_greedy_packing_grid_a1_2,40,greedy_packing,0.5,110,67,61.23939808169744,0.6090909090909091,2,109,54,0.002550772624090314,0.1856103794122034,0.11553954150293635,0.1330487230418266,0.018639672970212146
rbv2_xgboost_40975,14,logei,native,decay_greedy_packing_grid_a1_2,41,greedy_packing,0.5,110,58,61.23939808169744,0.5272727272727272,1,109,59,0.011497439816594124,0.1511665539342759,0.0976630303157273,0.11337327868453484,0.021087577230080413
rbv2_xgboost_40975,14,logei,native,decay_greedy_packing_grid_a1_2,42,greedy_packing,0.5,110,55,61.23939808169744,0.5,1,108,55,0.006104903761297464,0.27649250790210916,0.196975017973731,0.23074153277181975,0.07156081467187615
rbv2_xgboost_40975,14,logei,native,decay_greedy_packing_grid_a1_2,43,greedy_packing,0.5,110,70,61.23939808169744,0.6363636363636364,3,107,42,0.33650925755500793,0.25578072865945695,0.17363532038443155,0.20154725689762787,0.13137982563431394
rbv2_xgboost_40975,14,logei,native,decay_greedy_packing_grid_a1_2,44,greedy_packing,0.5,110,65,61.23939808169744,0.5909090909090909,2,108,52,0.005196293815970421,0.17590074256581262,0.11723513495454399,0.1372556840577109,0.11683688933985419
rbv2_xgboost_40975,14,logei,native,decay_greedy_packing_grid_a1_2,45,greedy_packing,0.5,110,56,61.23939808169744,0.509090909090909,1,108,49,0.05564596503973007,0.2574357342356606,0.16953674850071473,0.19767012163030456,0.02689752418696522
rbv2_xgboost_40975,14,logei,native,decay_greedy_packing_grid_a1_2,46,greedy_packing,0.5,110,62,61.23939808169744,0.5636363636363636,2,110,57,0.007726892828941345,0.21025928737322333,0.14424707447964719,0.16771617954643314,0.20684427289444568
rbv2_xgboost_40975,14,logei,native,decay_greedy_packing_grid_a1_2,47,greedy_packing,0.5,110,55,61.23939808169744,0.5,2,109,56,0.002180785872042179,0.16353076160256658,0.11082102838914136,0.12990399391406202,0.019328584666472397
rbv2_xgboost_40975,14,logei,native,decay_greedy_packing_grid_a1_2,48,greedy_packing,0.5,110,59,61.23939808169744,0.5363636363636364,1,109,45,0.006047343835234642,0.18921989392575406,0.1359829680556421,0.15846477280689025,0.05270257773749529
rbv2_xgboost_40975,14,logei,native,decay_greedy_packing_grid_a1_2,49,greedy_packing,0.5,110,65,61.23939808169744,0.5909090909090909,2,109,48,0.0038642578292638063,0.21286397833482987,0.14264586126446077,0.16594823923084992,0.0362525962571869
rbv2_xgboost_40975,14,logei,native,decay_uniform_grid_a1_2,35,uniform,0.5,110,68,61.23939808169744,0.6181818181818182,2,109,58,0.014633022248744965,0.27778145209983324,0.17169881437540988,0.20624237898700729,0.05454279106173326
rbv2_xgboost_40975,14,logei,native,decay_uniform_grid_a1_2,36,uniform,0.5,110,69,61.23939808169744,0.6272727272727273,1,109,49,0.009277001954615116,0.23402880699433024,0.16136273907705728,0.19577770441147901,0.1897931366807383
rbv2_xgboost_40975,14,logei,native,decay_uniform_grid_a1_2,37,uniform,0.5,110,62,61.23939808169744,0.5636363636363636,1,109,51,0.009024128317832947,0.29639637173799843,0.20033439456531954,0.24210134048127777,0.0738785967443691
rbv2_xgboost_40975,14,logei,native,decay_uniform_grid_a1_2,38,uniform,0.5,110,69,61.23939808169744,0.6272727272727273,1,110,50,0.009793035686016083,0.2842621063465189,0.17435639952211154,0.2102035887790833,0.14573201864730484
rbv2_xgboost_40975,14,logei,native,decay_uniform_grid_a1_2,39,uniform,0.5,110,65,61.23939808169744,0.5909090909090909,2,110,49,0.040250618010759354,0.250867997080244,0.16165039016422886,0.1963918859863986,0.15817863739461238
rbv2_xgboost_40975,14,logei,native,decay_uniform_grid_a1_2,40,uniform,0.5,110,67,61.23939808169744,0.6090909090909091,2,109,54,0.012747526168823242,0.3207505011900202,0.20637729613933042,0.24787551011903688,0.2273260972237582
rbv2_xgboost_40975,14,logei,native,decay_uniform_grid_a1_2,41,uniform,0.5,110,58,61.23939808169744,0.5272727272727272,1,109,59,0.005186015740036964,0.26063403004246816,0.1651693912419836,0.1985949325571739,0.09780737116110927
rbv2_xgboost_40975,14,logei,native,decay_uniform_grid_a1_2,42,uniform,0.5,110,55,61.23939808169744,0.5,1,108,55,0.00574104581028223,0.30327919155564437,0.18764918916835321,0.2280970223311725,0.1972378585206984
rbv2_xgboost_40975,14,logei,native,decay_uniform_grid_a1_2,43,uniform,0.5,110,70,61.23939808169744,0.6363636363636364,3,107,42,0.0477621965110302,0.42370181026392073,0.2862867272288127,0.34186937904548564,0.18681185337779158
rbv2_xgboost_40975,14,logei,native,decay_uniform_grid_a1_2,44,uniform,0.5,110,65,61.23939808169744,0.5909090909090909,2,108,52,0.006873745936900377,0.23671178002497842,0.15816294909914208,0.19309775934709913,0.038950235930968004
rbv2_xgboost_40975,14,logei,native,decay_uniform_grid_a1_2,45,uniform,0.5,110,56,61.23939808169744,0.509090909090909,1,108,49,0.0026761579792946577,0.2687845256604952,0.1722651400559559,0.2102824518906881,0.13831734144062502
rbv2_xgboost_40975,14,logei,native,decay_uniform_grid_a1_2,46,uniform,0.5,110,62,61.23939808169744,0.5636363636363636,2,110,57,0.0025548837147653103,0.3006096509593064,0.18896651834456815,0.2259198402890497,0.14315246481787677
rbv2_xgboost_40975,14,logei,native,decay_uniform_grid_a1_2,47,uniform,0.5,110,55,61.23939808169744,0.5,2,109,56,0.18304447829723358,0.29413781381029785,0.18046321465875392,0.2177682117403302,0.23353069600797013
rbv2_xgboost_40975,14,logei,native,decay_uniform_grid_a1_2,48,uniform,0.5,110,59,61.23939808169744,0.5363636363636364,1,109,45,0.007365074008703232,0.21507375267666606,0.1367489758808511,0.16633099974821053,0.03553074096798604
rbv2_xgboost_40975,14,logei,native,decay_uniform_grid_a1_2,49,uniform,0.5,110,65,61.23939808169744,0.5909090909090909,2,109,48,0.002084178850054741,0.31780797238431885,0.20866650287174326,0.25213110817755136,0.11930392435485405
rbv2_xgboost_40975,14,logei,native,standard,35,none,nan,110,0,0.0,0.0,,,0,0.4253677427768707,0.17264047949255365,0.11554343857149382,0.14005585122146472,0.03267375365052276
rbv2_xgboost_40975,14,logei,native,standard,36,none,nan,110,0,0.0,0.0,,,0,0.010235062800347805,0.21111380294343632,0.1310457444932992,0.15893506131122348,0.01799352370787621
rbv2_xgboost_40975,14,logei,native,standard,37,none,nan,110,0,0.0,0.0,,,0,0.0008344785892404616,0.2786874561199283,0.18615255679680018,0.22376867391179997,0.0691997537044556
rbv2_xgboost_40975,14,logei,native,standard,38,none,nan,110,0,0.0,0.0,,,0,0.0016628110315650702,0.13759325894496494,0.09156101977017242,0.11213787635324021,0.011369834592848238
rbv2_xgboost_40975,14,logei,native,standard,39,none,nan,110,0,0.0,0.0,,,0,0.0014284916687756777,0.27137137037509723,0.18411701263087438,0.22105803519996095,0.026523502260373484
rbv2_xgboost_40975,14,logei,native,standard,40,none,nan,110,0,0.0,0.0,,,0,0.002702879486605525,0.20072536334337265,0.13166123194152896,0.15908339089326073,0.04769599997727901
rbv2_xgboost_40975,14,logei,native,standard,41,none,nan,110,0,0.0,0.0,,,0,0.0016628110315650702,0.24297105433783883,0.15668643244250718,0.18860702452616088,0.05245117028514136
rbv2_xgboost_40975,14,logei,native,standard,42,none,nan,110,0,0.0,0.0,,,0,0.0015867598121985793,0.20316341252486492,0.13619726923740702,0.164756921344734,0.0641839285145353
rbv2_xgboost_40975,14,logei,native,standard,43,none,nan,110,0,0.0,0.0,,,0,0.011622857302427292,0.3109500459938019,0.20314899528015706,0.24321517339138338,0.04110288922921281
rbv2_xgboost_40975,14,logei,native,standard,44,none,nan,110,0,0.0,0.0,,,0,0.0013010554248467088,0.23113789400712578,0.15967648040878907,0.19114479905805554,0.0601718015658759
rbv2_xgboost_40975,14,logei,native,standard,45,none,nan,110,0,0.0,0.0,,,0,0.14002449810504913,0.21521548928727544,0.14167146393571367,0.17198937393002325,0.022861285853467736
rbv2_xgboost_40975,14,logei,native,standard,46,none,nan,110,0,0.0,0.0,,,0,0.0020965116564184427,0.23992456620671407,0.15898493231561106,0.19132975456833504,0.029851664400853375
rbv2_xgboost_40975,14,logei,native,standard,47,none,nan,110,0,0.0,0.0,,,0,0.00639887060970068,0.20911511940206287,0.1384295734417315,0.16712203056343763,0.025764491336756026
rbv2_xgboost_40975,14,logei,native,standard,48,none,nan,110,0,0.0,0.0,,,0,0.002489107893779874,0.3060748406071024,0.2050472826463186,0.24496750493378153,0.0801241371571847
rbv2_xgboost_40975,14,logei,native,standard,49,none,nan,110,0,0.0,0.0,,,0,0.002180785872042179,0.3248399428900602,0.21771317951997243,0.25926149051816705,0.039016705398177164
rbv2_xgboost_40975,14,mes_gumbel,native,decay_greedy_packing_grid_a1_2,35,greedy_packing,0.5,110,68,61.23939808169744,0.6181818181818182,2,109,58,0.006106959190219641,0.20766017347469234,0.1347754714426992,0.15705219166211465,0.03463939231213943
rbv2_xgboost_40975,14,mes_gumbel,native,decay_greedy_packing_grid_a1_2,36,greedy_packing,0.5,110,69,61.23939808169744,0.6272727272727273,1,109,49,0.0052394624799489975,0.18312227912091278,0.1273554450830652,0.14832550300956146,0.0204226979676512
rbv2_xgboost_40975,14,mes_gumbel,native,decay_greedy_packing_grid_a1_2,37,greedy_packing,0.5,110,62,61.23939808169744,0.5636363636363636,1,109,51,0.005058565642684698,0.18612180306056253,0.1261136522310056,0.14771252516383063,0.05370067884730025
rbv2_xgboost_40975,14,mes_gumbel,native,decay_greedy_packing_grid_a1_2,38,greedy_packing,0.5,110,69,61.23939808169744,0.6272727272727273,1,110,50,0.004731719847768545,0.22356905414445577,0.1504543579795795,0.17585546166989305,0.1979774713688265
rbv2_xgboost_40975,14,mes_gumbel,native,decay_greedy_packing_grid_a1_2,39,greedy_packing,0.5,110,65,61.23939808169744,0.5909090909090909,2,110,49,0.042248744517564774,0.3741015971791233,0.2513398265772645,0.2899575881848057,0.30431280055277476
rbv2_xgboost_40975,14,mes_gumbel,native,decay_greedy_packing_grid_a1_2,40,greedy_packing,0.5,110,67,61.23939808169744,0.6090909090909091,2,109,54,0.009225605055689812,0.404550675147932,0.2657403168362535,0.302171403745632,0.10238554984085076
rbv2_xgboost_40975,14,mes_gumbel,native,decay_greedy_packing_grid_a1_2,41,greedy_packing,0.5,110,58,61.23939808169744,0.5272727272727272,1,109,59,0.01690726913511753,0.17698625922567476,0.1163013069074377,0.135629415751132,0.12490819067610792
rbv2_xgboost_40975,14,mes_gumbel,native,decay_greedy_packing_grid_a1_2,42,greedy_packing,0.5,110,55,61.23939808169744,0.5,1,108,55,0.01361521240323782,0.24809688839627103,0.1704572975773923,0.19931466052721436,0.04257193910877185
rbv2_xgboost_40975,14,mes_gumbel,native,decay_greedy_packing_grid_a1_2,43,greedy_packing,0.5,110,70,61.23939808169744,0.6363636363636364,3,107,42,0.0020965116564184427,0.21245592714911732,0.13910495801584305,0.16110553504159236,0.04143030310204493
rbv2_xgboost_40975,14,mes_gumbel,native,decay_greedy_packing_grid_a1_2,44,greedy_packing,0.5,110,65,61.23939808169744,0.5909090909090909,2,108,52,0.006649669725447893,0.1979353242709944,0.13534205208936234,0.15846252063957827,0.05057241804898855
rbv2_xgboost_40975,14,mes_gumbel,native,decay_greedy_packing_grid_a1_2,45,greedy_packing,0.5,110,56,61.23939808169744,0.509090909090909,1,108,49,0.05152476951479912,0.20789742500985303,0.13385073184480822,0.15671327569554536,0.017150912792131285
rbv2_xgboost_40975,14,mes_gumbel,native,decay_greedy_packing_grid_a1_2,46,greedy_packing,0.5,110,62,61.23939808169744,0.5636363636363636,2,110,57,0.011939488351345062,0.19642783434005032,0.1367330688629044,0.16010426825659518,0.16487304186813093
rbv2_xgboost_40975,14,mes_gumbel,native,decay_greedy_packing_grid_a1_2,47,greedy_packing,0.5,110,55,61.23939808169744,0.5,2,109,56,0.0074370261281728745,0.19455741740338722,0.1263809221976052,0.14755344247396074,0.03371934451797525
rbv2_xgboost_40975,14,mes_gumbel,native,decay_greedy_packing_grid_a1_2,48,greedy_packing,0.5,110,59,61.23939808169744,0.5363636363636364,1,109,45,0.003806701861321926,0.1993136941216888,0.14423494880775062,0.1682738730254284,0.13061568116610736
rbv2_xgboost_40975,14,mes_gumbel,native,decay_greedy_packing_grid_a1_2,49,greedy_packing,0.5,110,65,61.23939808169744,0.5909090909090909,2,109,48,0.05498513951897621,0.39274356707074337,0.27582848712140373,0.3166431970594256,0.42546408008580106
rbv2_xgboost_40975,14,mes_gumbel,native,decay_uniform_grid_a1_2,35,uniform,0.5,110,68,61.23939808169744,0.6181818181818182,2,109,58,0.049371737986803055,0.2732262706888855,0.16792993968123898,0.20157424289139697,0.04364779326475564
rbv2_xgboost_40975,14,mes_gumbel,native,decay_uniform_grid_a1_2,36,uniform,0.5,110,69,61.23939808169744,0.6272727272727273,1,109,49,0.018675776198506355,0.25596393188134725,0.1738696696912266,0.21032193122270548,0.08565991813925583
rbv2_xgboost_40975,14,mes_gumbel,native,decay_uniform_grid_a1_2,37,uniform,0.5,110,62,61.23939808169744,0.5636363636363636,1,109,51,0.01603538915514946,0.22824308837480897,0.15241220992891685,0.1844465306885898,0.046108893972487505
rbv2_xgboost_40975,14,mes_gumbel,native,decay_uniform_grid_a1_2,38,uniform,0.5,110,69,61.23939808169744,0.6272727272727273,1,110,50,0.008395034819841385,0.2894411468956689,0.17611395621534687,0.21220223534476507,0.14762449844279854
rbv2_xgboost_40975,14,mes_gumbel,native,decay_uniform_grid_a1_2,39,uniform,0.5,110,65,61.23939808169744,0.5909090909090909,2,110,49,0.0025959934573620558,0.2412960113338513,0.15774682354940434,0.19010158692697385,0.16349000519042403
rbv2_xgboost_40975,14,mes_gumbel,native,decay_uniform_grid_a1_2,40,uniform,0.5,110,67,61.23939808169744,0.6090909090909091,2,109,54,0.001619646791368723,0.28106233550512966,0.17615329776864766,0.21198781117310198,0.09385103069414569
rbv2_xgboost_40975,14,mes_gumbel,native,decay_uniform_grid_a1_2,41,uniform,0.5,110,58,61.23939808169744,0.5272727272727272,1,109,59,0.004092426970601082,0.2696519865438747,0.172986909956317,0.20684942982203902,0.04161981566795572
rbv2_xgboost_40975,14,mes_gumbel,native,decay_uniform_grid_a1_2,42,uniform,0.5,110,55,61.23939808169744,0.5,1,108,55,0.007887246087193489,0.2713989564384982,0.16822065596720875,0.20480796781055222,0.0558918172825089
rbv2_xgboost_40975,14,mes_gumbel,native,decay_uniform_grid_a1_2,43,uniform,0.5,110,70,61.23939808169744,0.6363636363636364,3,107,42,0.005473807919770479,0.34270722812452076,0.2266060430914694,0.27231951782351077,0.17761111824301165
rbv2_xgboost_40975,14,mes_gumbel,native,decay_uniform_grid_a1_2,44,uniform,0.5,110,65,61.23939808169744,0.5909090909090909,2,108,52,0.0029372074641287327,0.26110239470612817,0.17707914838926858,0.2151362425461366,0.05929054511485331
rbv2_xgboost_40975,14,mes_gumbel,native,decay_uniform_grid_a1_2,45,uniform,0.5,110,56,61.23939808169744,0.509090909090909,1,108,49,0.002006071386858821,0.25660114066021567,0.16482332449252643,0.20161577735030436,0.04425478600835664
rbv2_xgboost_40975,14,mes_gumbel,native,decay_uniform_grid_a1_2,46,uniform,0.5,110,62,61.23939808169744,0.5636363636363636,2,110,57,0.0012476146221160889,0.2823324575512144,0.17591392822510943,0.21081353067561068,0.13035209885715957
rbv2_xgboost_40975,14,mes_gumbel,native,decay_uniform_grid_a1_2,47,uniform,0.5,110,55,61.23939808169744,0.5,2,109,56,0.1326000988483429,0.24824581465190312,0.15042410246416818,0.1825382193259531,0.013161444125925804
rbv2_xgboost_40975,14,mes_gumbel,native,decay_uniform_grid_a1_2,48,uniform,0.5,110,59,61.23939808169744,0.5363636363636364,1,109,45,0.011567344889044762,0.2660327030488421,0.1638647567403343,0.19809500831442803,0.024493130848171698
rbv2_xgboost_40975,14,mes_gumbel,native,decay_uniform_grid_a1_2,49,uniform,0.5,110,65,61.23939808169744,0.5909090909090909,2,109,48,0.0016628110315650702,0.27045128013633196,0.17260220457894138,0.2090002291106053,0.06349702463814101
rbv2_xgboost_40975,14,mes_gumbel,native,standard,35,none,nan,110,0,0.0,0.0,,,0,0.0067771258763968945,0.20476150173747026,0.13468774272917952,0.1639929253515187,0.03764292518181054
rbv2_xgboost_40975,14,mes_gumbel,native,standard,36,none,nan,110,0,0.0,0.0,,,0,0.001703919842839241,0.3175465342401765,0.20777581861105793,0.24467883487771266,0.06840548606213447
rbv2_xgboost_40975,14,mes_gumbel,native,standard,37,none,nan,110,0,0.0,0.0,,,0,0.005186015740036964,0.18667622992120586,0.11745399511642435,0.1448416645283002,0.12704751791676902
rbv2_xgboost_40975,14,mes_gumbel,native,standard,38,none,nan,110,0,0.0,0.0,,,0,0.002265060320496559,0.31545037364028067,0.2083721833119343,0.2540680301517194,0.06638217725404426
rbv2_xgboost_40975,14,mes_gumbel,native,standard,39,none,nan,110,0,0.0,0.0,,,0,0.4253677427768707,0.169425620536067,0.11059302615198799,0.13487326706179495,0.05815749318058787
rbv2_xgboost_40975,14,mes_gumbel,native,standard,40,none,nan,110,0,0.0,0.0,,,0,0.001543595688417554,0.22440386450436084,0.14594511034872404,0.1762738088643799,0.030051455618315976
rbv2_xgboost_40975,14,mes_gumbel,native,standard,41,none,nan,110,0,0.0,0.0,,,0,0.16166096925735474,0.2556297209440856,0.16804405661632132,0.20165727930137078,0.0010380278249485764
rbv2_xgboost_40975,14,mes_gumbel,native,standard,42,none,nan,110,0,0.0,0.0,,,0,0.0015723718097433448,0.19328601656890565,0.12828894787834372,0.1562533600852332,0.15607199595927307
rbv2_xgboost_40975,14,mes_gumbel,native,standard,43,none,nan,110,0,0.0,0.0,,,0,0.005636205896735191,0.23747881702396761,0.15524654889111994,0.1880287097938619,0.09934956757591522
rbv2_xgboost_40975,14,mes_gumbel,native,standard,44,none,nan,110,0,0.0,0.0,,,0,0.005186015740036964,0.22691390120371727,0.14198080840106778,0.17217982768320922,0.18911611205557755
rbv2_xgboost_40975,14,mes_gumbel,native,standard,45,none,nan,110,0,0.0,0.0,,,0,0.22544994950294495,0.2093861316374317,0.14578244508761287,0.17584262150096563,0.0011045820191338959
rbv2_xgboost_40975,14,mes_gumbel,native,standard,46,none,nan,110,0,0.0,0.0,,,0,0.27138978242874146,0.2542140737108835,0.15241981763520085,0.18119806226590113,0.0030757312803317083
rbv2_xgboost_40975,14,mes_gumbel,native,standard,47,none,nan,110,0,0.0,0.0,,,0,0.005264130420982838,0.22344252424684316,0.14938041915749467,0.17938281018744306,0.017099836683436814
rbv2_xgboost_40975,14,mes_gumbel,native,standard,48,none,nan,110,0,0.0,0.0,,,0,0.005623871926218271,0.2671990001521008,0.18519215795559366,0.22046470617146868,0.10814072803635393
rbv2_xgboost_40975,14,mes_gumbel,native,standard,49,none,nan,110,0,0.0,0.0,,,0,0.0021992851980030537,0.2549622736683589,0.1696673840969661,0.20420568579808673,0.06034387670644516
rbv2_xgboost_40975,14,ts,logarithmic,decay_greedy_packing_grid_a1_2,35,greedy_packing,0.5,110,68,61.23939808169744,0.6181818181818182,2,109,58,0.13545988500118256,0.22052343946830957,0.14139002272685547,0.1676888135937654,0.12872459659423416
rbv2_xgboost_40975,14,ts,logarithmic,decay_greedy_packing_grid_a1_2,36,greedy_packing,0.5,110,69,61.23939808169744,0.6272727272727273,1,109,49,0.2836640179157257,0.19812348680919942,0.1356052667613728,0.15894571104914848,0.09490249217615804
rbv2_xgboost_40975,14,ts,logarithmic,decay_greedy_packing_grid_a1_2,37,greedy_packing,0.5,110,62,61.23939808169744,0.5636363636363636,1,109,51,0.10898385941982269,0.26081928721491365,0.1816339705056002,0.21157143486560662,0.1943643772032354
rbv2_xgboost_40975,14,ts,logarithmic,decay_greedy_packing_grid_a1_2,38,greedy_packing,0.5,110,69,61.23939808169744,0.6272727272727273,1,110,50,0.09727661311626434,0.2658334031817524,0.17476992674947614,0.20562060782836578,0.2346743999436522
rbv2_xgboost_40975,14,ts,logarithmic,decay_greedy_packing_grid_a1_2,39,greedy_packing,0.5,110,65,61.23939808169744,0.5909090909090909,2,110,49,0.06928728520870209,0.2501735830159497,0.16605841518501693,0.19543106743763983,0.21926399566301932
rbv2_xgboost_40975,14,ts,logarithmic,decay_greedy_packing_grid_a1_2,40,greedy_packing,0.5,110,67,61.23939808169744,0.6090909090909091,2,109,54,0.10054781287908554,0.2345514883450444,0.14958205221909088,0.1747810479283865,0.13551273858048588
rbv2_xgboost_40975,14,ts,logarithmic,decay_greedy_packing_grid_a1_2,41,greedy_packing,0.5,110,58,61.23939808169744,0.5272727272727272,1,109,59,0.19786496460437775,0.2393299157114294,0.14386776957405234,0.16816019969421267,0.12648866990614765
rbv2_xgboost_40975,14,ts,logarithmic,decay_greedy_packing_grid_a1_2,42,greedy_packing,0.5,110,55,61.23939808169744,0.5,1,108,55,0.13901948928833008,0.25974023588365636,0.17389421889999915,0.20530844279367932,0.23023097321397087
rbv2_xgboost_40975,14,ts,logarithmic,decay_greedy_packing_grid_a1_2,43,greedy_packing,0.5,110,70,61.23939808169744,0.6363636363636364,3,107,42,0.16001933813095093,0.26428772395460753,0.16369387918370937,0.19126987324809333,0.1916544219698597
rbv2_xgboost_40975,14,ts,logarithmic,decay_greedy_packing_grid_a1_2,44,greedy_packing,0.5,110,65,61.23939808169744,0.5909090909090909,2,108,52,0.1068478524684906,0.22913974590274777,0.16315672718375915,0.19190600838758004,0.1546518146349748
rbv2_xgboost_40975,14,ts,logarithmic,decay_greedy_packing_grid_a1_2,45,greedy_packing,0.5,110,56,61.23939808169744,0.509090909090909,1,108,49,0.19442743062973022,0.19081130539227012,0.1307575460908612,0.15508216990327478,0.14948361366725704
rbv2_xgboost_40975,14,ts,logarithmic,decay_greedy_packing_grid_a1_2,46,greedy_packing,0.5,110,62,61.23939808169744,0.5636363636363636,2,110,57,0.07554247975349426,0.23678826197125838,0.1644542810142258,0.1915292471898795,0.22441282045625865
rbv2_xgboost_40975,14,ts,logarithmic,decay_greedy_packing_grid_a1_2,47,greedy_packing,0.5,110,55,61.23939808169744,0.5,2,109,56,0.14280235767364502,0.2323217798919096,0.15774900973254863,0.18579400904982996,0.15654010826138198
rbv2_xgboost_40975,14,ts,logarithmic,decay_greedy_packing_grid_a1_2,48,greedy_packing,0.5,110,59,61.23939808169744,0.5363636363636364,1,109,45,0.1683047115802765,0.23078997231107476,0.15173213061840787,0.17643401548473964,0.18075707299294708
rbv2_xgboost_40975,14,ts,logarithmic,decay_greedy_packing_grid_a1_2,49,greedy_packing,0.5,110,65,61.23939808169744,0.5909090909090909,2,109,48,0.1838296800851822,0.21536219741655577,0.14420782387318476,0.1692285145271853,0.15397152118805502
rbv2_xgboost_40975,14,ts,logarithmic,decay_uniform_grid_a1_2,35,uniform,0.5,110,68,61.23939808169744,0.6181818181818182,2,109,58,0.19337743520736694,0.26937872183478523,0.16468985085829016,0.19978789495118163,0.20715239262327453
rbv2_xgboost_40975,14,ts,logarithmic,decay_uniform_grid_a1_2,36,uniform,0.5,110,69,61.23939808169744,0.6272727272727273,1,109,49,0.08516950160264969,0.2353889894829766,0.15392100142399245,0.1858226421161814,0.20173303907693352
rbv2_xgboost_40975,14,ts,logarithmic,decay_uniform_grid_a1_2,37,uniform,0.5,110,62,61.23939808169744,0.5636363636363636,1,109,51,0.212580144405365,0.2844193898190454,0.19227557349261476,0.23296091879032513,0.2176410445187045
rbv2_xgboost_40975,14,ts,logarithmic,decay_uniform_grid_a1_2,38,uniform,0.5,110,69,61.23939808169744,0.6272727272727273,1,110,50,0.07762917131185532,0.3243541953818769,0.19501815510596746,0.2337241295264311,0.16324007279994995
rbv2_xgboost_40975,14,ts,logarithmic,decay_uniform_grid_a1_2,39,uniform,0.5,110,65,61.23939808169744,0.5909090909090909,2,110,49,0.1118561327457428,0.2573393898916235,0.17238573829426015,0.20833857834488798,0.18012602095866942
rbv2_xgboost_40975,14,ts,logarithmic,decay_uniform_grid_a1_2,40,uniform,0.5,110,67,61.23939808169744,0.6090909090909091,2,109,54,0.12235134094953537,0.2751017108327188,0.18039667275994636,0.21834560904943331,0.1998279536474088
rbv2_xgboost_40975,14,ts,logarithmic,decay_uniform_grid_a1_2,41,uniform,0.5,110,58,61.23939808169744,0.5272727272727272,1,109,59,0.13305194675922394,0.31185698759926944,0.19167904917009979,0.2282571895798625,0.15294259842860028
rbv2_xgboost_40975,14,ts,logarithmic,decay_uniform_grid_a1_2,42,uniform,0.5,110,55,61.23939808169744,0.5,1,108,55,0.16607622802257538,0.3119102364915908,0.19979167982763207,0.2426444908912162,0.2658994765026667
rbv2_xgboost_40975,14,ts,logarithmic,decay_uniform_grid_a1_2,43,uniform,0.5,110,70,61.23939808169744,0.6363636363636364,3,107,42,0.1467074304819107,0.2972199170092689,0.20160690063891584,0.2421605850476575,0.18313993886333704
rbv2_xgboost_40975,14,ts,logarithmic,decay_uniform_grid_a1_2,44,uniform,0.5,110,65,61.23939808169744,0.5909090909090909,2,108,52,0.17452213168144226,0.25243474455245507,0.16806916409194594,0.20385553931516365,0.15989745790975565
rbv2_xgboost_40975,14,ts,logarithmic,decay_uniform_grid_a1_2,45,uniform,0.5,110,56,61.23939808169744,0.509090909090909,1,108,49,0.10648293048143387,0.28169267748973537,0.1836658099719381,0.2240090118058416,0.18922656556951847
rbv2_xgboost_40975,14,ts,logarithmic,decay_uniform_grid_a1_2,46,uniform,0.5,110,62,61.23939808169744,0.5636363636363636,2,110,57,0.07554247975349426,0.3224266043163174,0.20133988932719643,0.24120603852159003,0.1591844258609919
rbv2_xgboost_40975,14,ts,logarithmic,decay_uniform_grid_a1_2,47,uniform,0.5,110,55,61.23939808169744,0.5,2,109,56,0.12197181582450867,0.26159877735776,0.16197261654314662,0.1960328920105126,0.21741680337041328
rbv2_xgboost_40975,14,ts,logarithmic,decay_uniform_grid_a1_2,48,uniform,0.5,110,59,61.23939808169744,0.5363636363636364,1,109,45,0.2617230713367462,0.2128674914322079,0.13677573372181506,0.16574788839460075,0.15124787274754387
rbv2_xgboost_40975,14,ts,logarithmic,decay_uniform_grid_a1_2,49,uniform,0.5,110,65,61.23939808169744,0.5909090909090909,2,109,48,0.060463566333055496,0.30627231580804065,0.19411240248679834,0.23249306348645685,0.2403275253308587
rbv2_xgboost_40975,14,ts,logarithmic,standard,35,none,nan,110,0,0.0,0.0,,,0,0.12024544179439545,0.3058874751621154,0.20433979210338124,0.24820262323454487,0.2566927616773537
rbv2_xgboost_40975,14,ts,logarithmic,standard,36,none,nan,110,0,0.0,0.0,,,0,0.11356145888566971,0.2932426399150739,0.17583245897992056,0.2108812668381815,0.1707438967146531
rbv2_xgboost_40975,14,ts,logarithmic,standard,37,none,nan,110,0,0.0,0.0,,,0,0.14531831443309784,0.3174644293998476,0.1945538197482415,0.2357007170014295,0.2189210682658093
rbv2_xgboost_40975,14,ts,logarithmic,standard,38,none,nan,110,0,0.0,0.0,,,0,0.07097815722227097,0.2968913825219801,0.18093839717324933,0.2204231026100513,0.17812987011283896
rbv2_xgboost_40975,14,ts,logarithmic,standard,39,none,nan,110,0,0.0,0.0,,,0,0.16842657327651978,0.27387336138348733,0.17205251813065509,0.20913901113315184,0.17446501489803312
rbv2_xgboost_40975,14,ts,logarithmic,standard,40,none,nan,110,0,0.0,0.0,,,0,0.11456366628408432,0.3039476246665112,0.19287797812320456,0.23174842078579047,0.21262952537627175
rbv2_xgboost_40975,14,ts,logarithmic,standard,41,none,nan,110,0,0.0,0.0,,,0,0.09711378067731857,0.2535684434388159,0.1707559226154562,0.20742143422417778,0.2177066987540313
rbv2_xgboost_40975,14,ts,logarithmic,standard,42,none,nan,110,0,0.0,0.0,,,0,0.23162180185317993,0.3013259505344635,0.18851636541336841,0.22877880946337686,0.21150953944754305
rbv2_xgboost_40975,14,ts,logarithmic,standard,43,none,nan,110,0,0.0,0.0,,,0,0.14947137236595154,0.3094691790001475,0.202761018375214,0.24365877056646665,0.2493752473326031
rbv2_xgboost_40975,14,ts,logarithmic,standard,44,none,nan,110,0,0.0,0.0,,,0,0.07834398746490479,0.2942307911646952,0.19063691962186896,0.23027662041166042,0.17215533391930732
rbv2_xgboost_40975,14,ts,logarithmic,standard,45,none,nan,110,0,0.0,0.0,,,0,0.10236184298992157,0.3022371122589488,0.19535629252604755,0.23571915806470953,0.24981093661966944
rbv2_xgboost_40975,14,ts,logarithmic,standard,46,none,nan,110,0,0.0,0.0,,,0,0.11637431383132935,0.28664290121692415,0.17948995272167742,0.21714621193141495,0.21850840520303658
rbv2_xgboost_40975,14,ts,logarithmic,standard,47,none,nan,110,0,0.0,0.0,,,0,0.09386970847845078,0.2821277590791339,0.1782150887601343,0.21496656396542266,0.24910902061996135
rbv2_xgboost_40975,14,ts,logarithmic,standard,48,none,nan,110,0,0.0,0.0,,,0,0.10693031549453735,0.26861052756353226,0.17237053566586863,0.20833914270712242,0.14817693213973182
rbv2_xgboost_40975,14,ts,logarithmic,standard,49,none,nan,110,0,0.0,0.0,,,0,0.12380966544151306,0.298675384654845,0.1809078204524608,0.21917231459609396,0.20701884712699625
rbv2_xgboost_40975,14,ucb,constant,decay_greedy_packing_grid_a1_2,35,greedy_packing,0.5,110,68,61.23939808169744,0.6181818181818182,2,109,58,0.0021437874529510736,0.22151775814298036,0.14105360004682016,0.16444998485696585,0.10457953035128646
rbv2_xgboost_40975,14,ucb,constant,decay_greedy_packing_grid_a1_2,36,greedy_packing,0.5,110,69,61.23939808169744,0.6272727272727273,1,109,49,0.007821460254490376,0.18888872251603575,0.1327428265831191,0.1541548220157857,0.08020412326050474
rbv2_xgboost_40975,14,ucb,constant,decay_greedy_packing_grid_a1_2,37,greedy_packing,0.5,110,62,61.23939808169744,0.5636363636363636,1,109,51,0.004754331894218922,0.2220881789115912,0.15351772673934916,0.17915501683808416,0.1111979907577495
rbv2_xgboost_40975,14,ucb,constant,decay_greedy_packing_grid_a1_2,38,greedy_packing,0.5,110,69,61.23939808169744,0.6272727272727273,1,110,50,0.003222925588488579,0.18228885472646536,0.1254304049151162,0.1460461443487366,0.15471624647780563
rbv2_xgboost_40975,14,ucb,constant,decay_greedy_packing_grid_a1_2,39,greedy_packing,0.5,110,65,61.23939808169744,0.5909090909090909,2,110,49,0.006748345214873552,0.24196982830962127,0.164598879553391,0.19135719576162977,0.19595718511453175
rbv2_xgboost_40975,14,ucb,constant,decay_greedy_packing_grid_a1_2,40,greedy_packing,0.5,110,67,61.23939808169744,0.6090909090909091,2,109,54,0.04708917438983917,0.204227944200317,0.12344196175612507,0.14302557797293144,0.0646465709868713
rbv2_xgboost_40975,14,ucb,constant,decay_greedy_packing_grid_a1_2,41,greedy_packing,0.5,110,58,61.23939808169744,0.5272727272727272,1,109,59,0.0020965116564184427,0.1443610962977687,0.09468502550295108,0.11013031396320938,0.12003537188054858
rbv2_xgboost_40975,14,ucb,constant,decay_greedy_packing_grid_a1_2,42,greedy_packing,0.5,110,55,61.23939808169744,0.5,1,108,55,0.009128978475928307,0.22172842210287713,0.15453388470962903,0.18042770783942766,0.10785505047635455
rbv2_xgboost_40975,14,ucb,constant,decay_greedy_packing_grid_a1_2,43,greedy_packing,0.5,110,70,61.23939808169744,0.6363636363636364,3,107,42,0.005091455765068531,0.19480555447832754,0.1269365567047788,0.14769884870281416,0.060927699382574384
rbv2_xgboost_40975,14,ucb,constant,decay_greedy_packing_grid_a1_2,44,greedy_packing,0.5,110,65,61.23939808169744,0.5909090909090909,2,108,52,0.0028960972558707,0.21285121258801626,0.1422785746223566,0.16573911439811187,0.11399987507886394
rbv2_xgboost_40975,14,ucb,constant,decay_greedy_packing_grid_a1_2,45,greedy_packing,0.5,110,56,61.23939808169744,0.509090909090909,1,108,49,0.0028960972558707,0.20303247870464608,0.13539465396952347,0.15877503810621868,0.06723024905322594
rbv2_xgboost_40975,14,ucb,constant,decay_greedy_packing_grid_a1_2,46,greedy_packing,0.5,110,62,61.23939808169744,0.5636363636363636,2,110,57,0.008857602253556252,0.2295620619615724,0.15905749515590137,0.18291637430392405,0.2411085433618359
rbv2_xgboost_40975,14,ucb,constant,decay_greedy_packing_grid_a1_2,47,greedy_packing,0.5,110,55,61.23939808169744,0.5,2,109,56,0.0028960972558707,0.16389119577246872,0.11020334168490675,0.12852016876860858,0.05532056802596864
rbv2_xgboost_40975,14,ucb,constant,decay_greedy_packing_grid_a1_2,48,greedy_packing,0.5,110,59,61.23939808169744,0.5363636363636364,1,109,45,0.0016628110315650702,0.20118393479735908,0.14384663433496114,0.16731146804030145,0.12110160990919235
rbv2_xgboost_40975,14,ucb,constant,decay_greedy_packing_grid_a1_2,49,greedy_packing,0.5,110,65,61.23939808169744,0.5909090909090909,2,109,48,0.0028960972558707,0.18955446537809334,0.12784068029872775,0.14918636420951142,0.09009101119673073
rbv2_xgboost_40975,14,ucb,constant,decay_uniform_grid_a1_2,35,uniform,0.5,110,68,61.23939808169744,0.6181818181818182,2,109,58,0.008563614450395107,0.23973911103600717,0.1435376613211375,0.17279927840441842,0.1530220519678482
rbv2_xgboost_40975,14,ucb,constant,decay_uniform_grid_a1_2,36,uniform,0.5,110,69,61.23939808169744,0.6272727272727273,1,109,49,0.004334987141191959,0.22393247927869223,0.15377463109227876,0.18681550547390685,0.08249003807920458
rbv2_xgboost_40975,14,ucb,constant,decay_uniform_grid_a1_2,37,uniform,0.5,110,62,61.23939808169744,0.5636363636363636,1,109,51,0.009449698030948639,0.28379074384985703,0.19027359282143486,0.22969585770508874,0.17070384306192146
rbv2_xgboost_40975,14,ucb,constant,decay_uniform_grid_a1_2,38,uniform,0.5,110,69,61.23939808169744,0.6272727272727273,1,110,50,0.0015641500940546393,0.291548844128015,0.18044743985415132,0.21655571535254814,0.15352659842557664
rbv2_xgboost_40975,14,ucb,constant,decay_uniform_grid_a1_2,39,uniform,0.5,110,65,61.23939808169744,0.5909090909090909,2,110,49,0.005808883346617222,0.2694755457315762,0.17936339586085204,0.21440267339776276,0.18103441925229827
rbv2_xgboost_40975,14,ucb,constant,decay_uniform_grid_a1_2,40,uniform,0.5,110,67,61.23939808169744,0.6090909090909091,2,109,54,0.011548840440809727,0.2765500384360815,0.1778085264384438,0.21284440593463716,0.17086558629508206
rbv2_xgboost_40975,14,ucb,constant,decay_uniform_grid_a1_2,41,uniform,0.5,110,58,61.23939808169744,0.5272727272727272,1,109,59,0.0028960972558707,0.26399752190126763,0.17334918323043721,0.20761834848391536,0.15291640525001982
rbv2_xgboost_40975,14,ucb,constant,decay_uniform_grid_a1_2,42,uniform,0.5,110,55,61.23939808169744,0.5,1,108,55,0.0027912661898881197,0.30377877868327124,0.1936318215989246,0.23373507269490879,0.25901897973230875
rbv2_xgboost_40975,14,ucb,constant,decay_uniform_grid_a1_2,43,uniform,0.5,110,70,61.23939808169744,0.6363636363636364,3,107,42,0.0016628110315650702,0.3288770364565479,0.21622272639838352,0.2594095841680124,0.28916649625483143
rbv2_xgboost_40975,14,ucb,constant,decay_uniform_grid_a1_2,44,uniform,0.5,110,65,61.23939808169744,0.5909090909090909,2,108,52,0.007128660101443529,0.2775699322220875,0.18771894990702637,0.2280644965405574,0.29017639156123387
rbv2_xgboost_40975,14,ucb,constant,decay_uniform_grid_a1_2,45,uniform,0.5,110,56,61.23939808169744,0.509090909090909,1,108,49,0.0016628110315650702,0.268645464503259,0.18126870315049154,0.21957143820025712,0.2437612010828072
rbv2_xgboost_40975,14,ucb,constant,decay_uniform_grid_a1_2,46,uniform,0.5,110,62,61.23939808169744,0.5636363636363636,2,110,57,0.0016628110315650702,0.29156523106718646,0.1867522856913703,0.22398451352151985,0.140157585331303
rbv2_xgboost_40975,14,ucb,constant,decay_uniform_grid_a1_2,47,uniform,0.5,110,55,61.23939808169744,0.5,2,109,56,0.0020965116564184427,0.24992087634508792,0.15310780943776825,0.18405680248270473,0.11675949568130273
rbv2_xgboost_40975,14,ucb,constant,decay_uniform_grid_a1_2,48,uniform,0.5,110,59,61.23939808169744,0.5363636363636364,1,109,45,0.006199466064572334,0.23397976681292415,0.1472149007464978,0.17778515957276755,0.17235964587009817
rbv2_xgboost_40975,14,ucb,constant,decay_uniform_grid_a1_2,49,uniform,0.5,110,65,61.23939808169744,0.5909090909090909,2,109,48,0.006668171379715204,0.29185602790861664,0.18879928582403288,0.22740604513823576,0.3021478150625044
rbv2_xgboost_40975,14,ucb,constant,standard,35,none,nan,110,0,0.0,0.0,,,0,0.007241727318614721,0.23237258817845957,0.1538548968186692,0.1837397044380494,0.07499168740214618
rbv2_xgboost_40975,14,ucb,constant,standard,36,none,nan,110,0,0.0,0.0,,,0,0.0016628110315650702,0.20289389703102545,0.1312053879381055,0.15796083235238556,0.0340560473592081
rbv2_xgboost_40975,14,ucb,constant,standard,37,none,nan,110,0,0.0,0.0,,,0,0.0028960972558707,0.18347380898977958,0.12180495567810232,0.14741660397263723,0.038640777200379554
rbv2_xgboost_40975,14,ucb,constant,standard,38,none,nan,110,0,0.0,0.0,,,0,0.002655602991580963,0.278739248903249,0.1862993520701085,0.2256850224677436,0.09224930676457616
rbv2_xgboost_40975,14,ucb,constant,standard,39,none,nan,110,0,0.0,0.0,,,0,0.0021026781760156155,0.19009110785643818,0.12663487342888263,0.15187761750341439,0.04295117065005018
rbv2_xgboost_40975,14,ucb,constant,standard,40,none,nan,110,0,0.0,0.0,,,0,0.4253677427768707,0.13330463057208156,0.08838156358255944,0.10966881658844214,0.07448379769191034
rbv2_xgboost_40975,14,ucb,constant,standard,41,none,nan,110,0,0.0,0.0,,,0,0.4253677427768707,0.07017314748711984,0.04248767470734198,0.05184279427408668,0.01563211950852574
rbv2_xgboost_40975,14,ucb,constant,standard,42,none,nan,110,0,0.0,0.0,,,0,0.0020965116564184427,0.24343986185642205,0.16533551000601177,0.19934966756510655,0.04287374425815671
rbv2_xgboost_40975,14,ucb,constant,standard,43,none,nan,110,0,0.0,0.0,,,0,0.002326724585145712,0.2794515110398252,0.18089184446719148,0.2170534481925989,0.08082664813991526
rbv2_xgboost_40975,14,ucb,constant,standard,44,none,nan,110,0,0.0,0.0,,,0,0.0035970346070826054,0.29274210987778604,0.20383449503507137,0.2438331420400856,0.07213566094846785
rbv2_xgboost_40975,14,ucb,constant,standard,45,none,nan,110,0,0.0,0.0,,,0,0.0024397762026637793,0.17690569170802747,0.11469710142124645,0.1394881999101331,0.07692405316897725
rbv2_xgboost_40975,14,ucb,constant,standard,46,none,nan,110,0,0.0,0.0,,,0,0.0016628110315650702,0.2091933953860537,0.13886057134359397,0.1656933871620343,0.04052178354370533
rbv2_xgboost_40975,14,ucb,constant,standard,47,none,nan,110,0,0.0,0.0,,,0,0.0016628110315650702,0.1419319767043182,0.09589032509615562,0.11685001688563285,0.045410318498982014
rbv2_xgboost_40975,14,ucb,constant,standard,48,none,nan,110,0,0.0,0.0,,,0,0.0016628110315650702,0.19643225512556126,0.13352363499415898,0.16121876448865713,0.060909850216026656
rbv2_xgboost_40975,14,ucb,constant,standard,49,none,nan,110,0,0.0,0.0,,,0,0.002986540086567402,0.26632464956332796,0.18183462460293603,0.2189152369785281,0.06605686380140857
