task,dimension,acquisition,beta_mode,policy,seed,exploration_rule,decay_exponent,bo_steps,actual_pe_calls,expected_pe_calls,realized_pe_fraction,first_pe_round,last_pe_round,mode_transitions,final_best_observed_loss,final_max_posterior_std,final_mean_posterior_std,final_q90_posterior_std,final_query_preselection_posterior_std
rbv2_xgboost_1464,14,logei,native,decay_greedy_packing_grid_a1_2,10,greedy_packing,0.5,110,65,61.23939808169744,0.5909090909090909,1,108,53,0.4100976586341858,0.08544720814916625,0.05178949309513352,0.061743306565514654,0.06747869036394416
rbv2_xgboost_1464,14,logei,native,decay_greedy_packing_grid_a1_2,11,greedy_packing,0.5,110,69,61.23939808169744,0.6272727272727273,2,110,45,0.4178878664970398,0.09080744288918127,0.05699664176602221,0.06766992101040831,0.07746226901352775
rbv2_xgboost_1464,14,logei,native,decay_greedy_packing_grid_a1_2,12,greedy_packing,0.5,110,66,61.23939808169744,0.6,1,108,41,0.41104403138160706,0.07758258882864828,0.051338309632178156,0.06112828748870843,0.07983760881818344
rbv2_xgboost_1464,14,logei,native,decay_greedy_packing_grid_a1_2,13,greedy_packing,0.5,110,62,61.23939808169744,0.5636363636363636,1,110,54,0.4092469811439514,0.05706542332060921,0.038676439807973056,0.04627166995019614,0.052066572608315195
rbv2_xgboost_1464,14,logei,native,decay_greedy_packing_grid_a1_2,14,greedy_packing,0.5,110,59,61.23939808169744,0.5363636363636364,2,109,50,0.414553165435791,0.18113064762442607,0.11989042800842192,0.14104292866859489,0.2024745143458448
rbv2_xgboost_1464,14,logei,native,decay_greedy_packing_grid_a1_2,15,greedy_packing,0.5,110,59,61.23939808169744,0.5363636363636364,1,107,61,0.40992918610572815,0.0711711525574413,0.04655884036930921,0.056090525243167946,0.041360147069683426
rbv2_xgboost_1464,14,logei,native,decay_greedy_packing_grid_a1_2,16,greedy_packing,0.5,110,59,61.23939808169744,0.5363636363636364,3,109,54,0.35694026947021484,0.0737492222987908,0.04699498172543205,0.055646809529010986,0.06552572652663595
rbv2_xgboost_1464,14,logei,native,decay_greedy_packing_grid_a1_2,17,greedy_packing,0.5,110,68,61.23939808169744,0.6181818181818182,1,109,51,0.41973739862442017,0.06711278172403423,0.04291475281472371,0.050879654256314265,0.06332734492047715
rbv2_xgboost_1464,14,logei,native,decay_greedy_packing_grid_a1_2,18,greedy_packing,0.5,110,66,61.23939808169744,0.6,1,109,63,0.4097711145877838,0.062390847678816155,0.037055795575880464,0.04421798221596542,0.047668085152541895
rbv2_xgboost_1464,14,logei,native,decay_greedy_packing_grid_a1_2,19,greedy_packing,0.5,110,52,61.23939808169744,0.4727272727272727,2,110,47,0.4099062979221344,0.060452653397517306,0.037692907526257334,0.04467585316356022,0.05474619562721161
rbv2_xgboost_1464,14,logei,native,decay_greedy_packing_grid_a1_2,20,greedy_packing,0.5,110,56,61.23939808169744,0.509090909090909,3,109,62,0.4090993106365204,0.056287928273533405,0.03691474392396197,0.04426927408767207,0.03879379585029793
rbv2_xgboost_1464,14,logei,native,decay_greedy_packing_grid_a1_2,21,greedy_packing,0.5,110,62,61.23939808169744,0.5636363636363636,1,110,56,0.41001445055007935,0.07761418667129588,0.05246634924282893,0.062164763991542284,0.06760589397123944
rbv2_xgboost_1464,14,logei,native,decay_greedy_packing_grid_a1_2,22,greedy_packing,0.5,110,55,61.23939808169744,0.5,1,108,61,0.4071754813194275,0.08060031825816623,0.05098184147329454,0.06026186779820525,0.07089478277923861
rbv2_xgboost_1464,14,logei,native,decay_greedy_packing_grid_a1_2,23,greedy_packing,0.5,110,73,61.23939808169744,0.6636363636363637,2,108,52,0.40996870398521423,0.08830070310822076,0.05860450624445358,0.06966438844023227,0.09321595809274466
rbv2_xgboost_1464,14,logei,native,decay_greedy_packing_grid_a1_2,24,greedy_packing,0.5,110,59,61.23939808169744,0.5363636363636364,1,110,50,0.40877485275268555,0.05496601523463765,0.03704308434394772,0.04449749621016658,0.04461641370595639
rbv2_xgboost_1464,14,logei,native,decay_greedy_packing_grid_a1_2,25,greedy_packing,0.5,110,53,61.23939808169744,0.4818181818181818,1,109,57,0.4166479706764221,0.06525287336395748,0.041244939528984656,0.0491913024582497,0.027345342630627736
rbv2_xgboost_1464,14,logei,native,decay_greedy_packing_grid_a1_2,26,greedy_packing,0.5,110,61,61.23939808169744,0.5545454545454546,2,110,47,0.4196937084197998,0.060765515414064844,0.03661301589639451,0.04391175239115704,0.04563578261790572
rbv2_xgboost_1464,14,logei,native,decay_greedy_packing_grid_a1_2,27,greedy_packing,0.5,110,58,61.23939808169744,0.5272727272727272,2,109,50,0.40667635202407837,0.064362197757812,0.03841668197493035,0.04623947286252991,0.06551422188512518
rbv2_xgboost_1464,14,logei,native,decay_greedy_packing_grid_a1_2,28,greedy_packing,0.5,110,61,61.23939808169744,0.5545454545454546,1,110,50,0.40880605578422546,0.05042079430686103,0.03449219731564,0.0409455410482527,0.042424165288978494
rbv2_xgboost_1464,14,logei,native,decay_greedy_packing_grid_a1_2,29,greedy_packing,0.5,110,54,61.23939808169744,0.4909090909090909,2,106,48,0.40785765647888184,0.06307587526875298,0.04143644341060812,0.049638742511447335,0.0612052000529357
rbv2_xgboost_1464,14,logei,native,decay_greedy_packing_grid_a1_2,30,greedy_packing,0.5,110,63,61.23939808169744,0.5727272727272728,1,110,54,0.4092969000339508,0.05850998637272013,0.036615123077173004,0.04384142005204204,0.04595728852679055
rbv2_xgboost_1464,14,logei,native,decay_greedy_packing_grid_a1_2,31,greedy_packing,0.5,110,53,61.23939808169744,0.4818181818181818,2,110,53,0.41445955634117126,0.06249031164522936,0.03979687044563627,0.04731224043268206,0.05221270966041905
rbv2_xgboost_1464,14,logei,native,decay_greedy_packing_grid_a1_2,32,greedy_packing,0.5,110,61,61.23939808169744,0.5545454545454546,2,109,54,0.410351425409317,0.058897113844997045,0.038510982067709074,0.04580817699744806,0.04236557059514445
rbv2_xgboost_1464,14,logei,native,decay_greedy_packing_grid_a1_2,33,greedy_packing,0.5,110,52,61.23939808169744,0.4727272727272727,1,105,51,0.41282039880752563,0.2708868218916346,0.18162678430188695,0.21229889997205567,0.29085500020274485
rbv2_xgboost_1464,14,logei,native,decay_greedy_packing_grid_a1_2,34,greedy_packing,0.5,110,58,61.23939808169744,0.5272727272727272,2,110,69,0.4090556204319,0.06444901301564099,0.03925087817656485,0.04671062567349493,0.048943907487392045
rbv2_xgboost_1464,14,logei,native,decay_greedy_packing_grid_a1_2,5,greedy_packing,0.5,110,59,61.23939808169744,0.5363636363636364,1,109,57,0.40866878628730774,0.06272208855096083,0.0377388898014588,0.045305041652993525,0.028889998877400964
rbv2_xgboost_1464,14,logei,native,decay_greedy_packing_grid_a1_2,6,greedy_packing,0.5,110,59,61.23939808169744,0.5363636363636364,2,110,55,0.40791380405426025,0.0666905940527261,0.04280315391802168,0.05065613376089333,0.04766568841490338
rbv2_xgboost_1464,14,logei,native,decay_greedy_packing_grid_a1_2,7,greedy_packing,0.5,110,65,61.23939808169744,0.5909090909090909,1,108,59,0.41926097869873047,0.16718481826094014,0.11050563801157276,0.13062988735745631,0.10381179359014708
rbv2_xgboost_1464,14,logei,native,decay_greedy_packing_grid_a1_2,8,greedy_packing,0.5,110,65,61.23939808169744,0.5909090909090909,1,110,56,0.4083484709262848,0.08491940310642765,0.05636246319259268,0.06709904293112023,0.0701191957481862
rbv2_xgboost_1464,14,logei,native,decay_greedy_packing_grid_a1_2,9,greedy_packing,0.5,110,55,61.23939808169744,0.5,1,106,57,0.41834139823913574,0.1340911344525208,0.08606144834910781,0.10187242869038017,0.13172231573356402
rbv2_xgboost_1464,14,logei,native,decay_uniform_grid_a1_2,10,uniform,0.5,110,65,61.23939808169744,0.5909090909090909,1,108,53,0.4215454161167145,0.0951782750511758,0.05375756946836367,0.06645551442145914,0.11381864048505934
rbv2_xgboost_1464,14,logei,native,decay_uniform_grid_a1_2,11,uniform,0.5,110,69,61.23939808169744,0.6272727272727273,2,110,45,0.409997820854187,0.09152177119445756,0.05204394407197767,0.06340852088816339,0.07282609834365869
rbv2_xgboost_1464,14,logei,native,decay_uniform_grid_a1_2,12,uniform,0.5,110,66,61.23939808169744,0.6,1,108,41,0.4085918366909027,0.11287818843258735,0.06575672464535635,0.07974446117751503,0.09908263114399907
rbv2_xgboost_1464,14,logei,native,decay_uniform_grid_a1_2,13,uniform,0.5,110,62,61.23939808169744,0.5636363636363636,1,110,54,0.4160509407520294,0.1359293424336553,0.08983483376435307,0.10997010404721037,0.09447396122467104
rbv2_xgboost_1464,14,logei,native,decay_uniform_grid_a1_2,14,uniform,0.5,110,59,61.23939808169744,0.5363636363636364,2,109,50,0.41086724400520325,0.07930953652028588,0.04688041623557045,0.05763173890546897,0.06262860736966365
rbv2_xgboost_1464,14,logei,native,decay_uniform_grid_a1_2,15,uniform,0.5,110,59,61.23939808169744,0.5363636363636364,1,107,61,0.4076850116252899,0.07432456391095425,0.04371980779889764,0.05399740469797251,0.06945633863646362
rbv2_xgboost_1464,14,logei,native,decay_uniform_grid_a1_2,16,uniform,0.5,110,59,61.23939808169744,0.5363636363636364,3,109,54,0.41786083579063416,0.10426222211956805,0.06388834515862032,0.07829616267409617,0.07711327609073759
rbv2_xgboost_1464,14,logei,native,decay_uniform_grid_a1_2,17,uniform,0.5,110,68,61.23939808169744,0.6181818181818182,1,109,51,0.4113851487636566,0.08213323498424947,0.050663906064310954,0.0626357168756715,0.08297479534591695
rbv2_xgboost_1464,14,logei,native,decay_uniform_grid_a1_2,18,uniform,0.5,110,66,61.23939808169744,0.6,1,109,63,0.41472166776657104,0.08169737761461503,0.04891165224249421,0.059774577970755825,0.0700503060038648
rbv2_xgboost_1464,14,logei,native,decay_uniform_grid_a1_2,19,uniform,0.5,110,52,61.23939808169744,0.4727272727272727,2,110,47,0.41924849152565,0.0982894233180433,0.05962517835457152,0.07230765480180763,0.05537599443253737
rbv2_xgboost_1464,14,logei,native,decay_uniform_grid_a1_2,20,uniform,0.5,110,56,61.23939808169744,0.509090909090909,3,109,62,0.42137688398361206,0.07298782181910306,0.044335350088327036,0.05448757659807636,0.050588086005625185
rbv2_xgboost_1464,14,logei,native,decay_uniform_grid_a1_2,21,uniform,0.5,110,62,61.23939808169744,0.5636363636363636,1,110,56,0.3807623088359833,0.11843619056341438,0.07216571757734412,0.0878895965011159,0.07609089482177168
rbv2_xgboost_1464,14,logei,native,decay_uniform_grid_a1_2,22,uniform,0.5,110,55,61.23939808169744,0.5,1,108,61,0.4087083041667938,0.07193775278548072,0.043321153934494594,0.05407129916970591,0.06751188450622368
rbv2_xgboost_1464,14,logei,native,decay_uniform_grid_a1_2,23,uniform,0.5,110,73,61.23939808169744,0.6636363636363637,2,108,52,0.41097331047058105,0.09722261246291687,0.05666499525374891,0.06957646697735283,0.08121351482320936
rbv2_xgboost_1464,14,logei,native,decay_uniform_grid_a1_2,24,uniform,0.5,110,59,61.23939808169744,0.5363636363636364,1,110,50,0.4074437618255615,0.06498664285488519,0.035934272660591425,0.04458712986302835,0.039629294738776494
rbv2_xgboost_1464,14,logei,native,decay_uniform_grid_a1_2,25,uniform,0.5,110,53,61.23939808169744,0.4818181818181818,1,109,57,0.4104907810688019,0.09503454541851326,0.05354826852383415,0.06582227974700167,0.08205107668109721
rbv2_xgboost_1464,14,logei,native,decay_uniform_grid_a1_2,26,uniform,0.5,110,61,61.23939808169744,0.5545454545454546,2,110,47,0.41034308075904846,0.07099366624780677,0.04478958603832331,0.055316211312849625,0.0401601501723141
rbv2_xgboost_1464,14,logei,native,decay_uniform_grid_a1_2,27,uniform,0.5,110,58,61.23939808169744,0.5272727272727272,2,109,50,0.4110149145126343,0.10069835043285999,0.06141168198443256,0.07554564265497205,0.09378896807680079
rbv2_xgboost_1464,14,logei,native,decay_uniform_grid_a1_2,28,uniform,0.5,110,61,61.23939808169744,0.5545454545454546,1,110,50,0.4166875183582306,0.1289004862608218,0.0738869796857395,0.09141759477671793,0.09029521698822358
rbv2_xgboost_1464,14,logei,native,decay_uniform_grid_a1_2,29,uniform,0.5,110,54,61.23939808169744,0.4909090909090909,2,106,48,0.4091741740703583,0.08695173023145915,0.05187896548454713,0.06322918783921964,0.04441713981882642
rbv2_xgboost_1464,14,logei,native,decay_uniform_grid_a1_2,30,uniform,0.5,110,63,61.23939808169744,0.5727272727272728,1,110,54,0.32747992873191833,0.09370488203200346,0.05827209153201958,0.07043390249544894,0.07111860391392709
rbv2_xgboost_1464,14,logei,native,decay_uniform_grid_a1_2,31,uniform,0.5,110,53,61.23939808169744,0.4818181818181818,2,110,53,0.40811970829963684,0.09445840104812128,0.059147367805010925,0.0714120752397449,0.068892574748932
rbv2_xgboost_1464,14,logei,native,decay_uniform_grid_a1_2,32,uniform,0.5,110,61,61.23939808169744,0.5545454545454546,2,109,54,0.4170078933238983,0.0980892368357058,0.05965993626586577,0.07264967352897848,0.049325895551395854
rbv2_xgboost_1464,14,logei,native,decay_uniform_grid_a1_2,33,uniform,0.5,110,52,61.23939808169744,0.4727272727272727,1,105,51,0.40747496485710144,0.052607071822976866,0.03180830442357657,0.03953340218197007,0.0333528385874138
rbv2_xgboost_1464,14,logei,native,decay_uniform_grid_a1_2,34,uniform,0.5,110,58,61.23939808169744,0.5272727272727272,2,110,69,0.4076954126358032,0.17197895019294857,0.11121353009823162,0.13533246978627075,0.09714894449741526
rbv2_xgboost_1464,14,logei,native,decay_uniform_grid_a1_2,5,uniform,0.5,110,59,61.23939808169744,0.5363636363636364,1,109,57,0.41111892461776733,0.5736933323059914,0.4102336082260118,0.4766010353107647,0.6248465878514682
rbv2_xgboost_1464,14,logei,native,decay_uniform_grid_a1_2,6,uniform,0.5,110,59,61.23939808169744,0.5363636363636364,2,110,55,0.41922977566719055,0.08513708091328252,0.05055174751399642,0.06227393598928617,0.04324046074097347
rbv2_xgboost_1464,14,logei,native,decay_uniform_grid_a1_2,7,uniform,0.5,110,65,61.23939808169744,0.5909090909090909,1,108,59,0.4081072211265564,0.2000273856035403,0.11545105573338485,0.13907548654455,0.19868512676065192
rbv2_xgboost_1464,14,logei,native,decay_uniform_grid_a1_2,8,uniform,0.5,110,65,61.23939808169744,0.5909090909090909,1,110,56,0.3980902433395386,0.09002495635911406,0.05328563576829053,0.06550277150429012,0.0524742259801872
rbv2_xgboost_1464,14,logei,native,decay_uniform_grid_a1_2,9,uniform,0.5,110,55,61.23939808169744,0.5,1,106,57,0.4227605164051056,0.08061928942100151,0.053309952211390566,0.06532773524720764,0.06016983553091128
rbv2_xgboost_1464,14,logei,native,standard,10,none,nan,110,0,0.0,0.0,,,0,0.4226835370063782,0.13776279468583585,0.0850039076607014,0.10224715276125741,0.1028509625051324
rbv2_xgboost_1464,14,logei,native,standard,11,none,nan,110,0,0.0,0.0,,,0,0.4091034531593323,0.042585836506707296,0.02592080341334528,0.03203730830892115,0.0033349837494402105
rbv2_xgboost_1464,14,logei,native,standard,12,none,nan,110,0,0.0,0.0,,,0,0.4062895178794861,0.04243355279401031,0.026873907800090868,0.03315359852170135,0.025979569820234045
rbv2_xgboost_1464,14,logei,native,standard,13,none,nan,110,0,0.0,0.0,,,0,0.4086271822452545,0.05409881468359,0.0345023759906525,0.04236963993842215,0.009287544574909929
rbv2_xgboost_1464,14,logei,native,standard,14,none,nan,110,0,0.0,0.0,,,0,0.4101330041885376,0.039500112689382416,0.025267875823578072,0.030989473738110368,0.005972247269728884
rbv2_xgboost_1464,14,logei,native,standard,15,none,nan,110,0,0.0,0.0,,,0,0.4086771011352539,0.04206754160223115,0.026057869594520083,0.03208880928021859,0.004751080324620318
rbv2_xgboost_1464,14,logei,native,standard,16,none,nan,110,0,0.0,0.0,,,0,0.36237549781799316,0.19783364125450875,0.12183499689703392,0.14545015556569177,0.14290655957348608
rbv2_xgboost_1464,14,logei,native,standard,17,none,nan,110,0,0.0,0.0,,,0,0.4062146544456482,0.08678226056520101,0.05111204472174385,0.06243540580030353,0.04109667180676452
rbv2_xgboost_1464,14,logei,native,standard,18,none,nan,110,0,0.0,0.0,,,0,0.41474661231040955,0.19363656268377658,0.12076412171682757,0.14609315935703907,0.11085044797547984
rbv2_xgboost_1464,14,logei,native,standard,19,none,nan,110,0,0.0,0.0,,,0,0.44049885869026184,0.040323664272086106,0.025478651956806504,0.03148262852511546,0.011946728069110093
rbv2_xgboost_1464,14,logei,native,standard,20,none,nan,110,0,0.0,0.0,,,0,0.4239423871040344,0.03745868369775625,0.02520291011211069,0.03130576363720861,0.021771083621326678
rbv2_xgboost_1464,14,logei,native,standard,21,none,nan,110,0,0.0,0.0,,,0,0.4089495539665222,0.037768206767213604,0.023864364238498123,0.029280580143238748,0.00413966091898003
rbv2_xgboost_1464,14,logei,native,standard,22,none,nan,110,0,0.0,0.0,,,0,0.4065016508102417,0.04060772599328336,0.025865598405249404,0.031682643036625116,0.004528831541548838
rbv2_xgboost_1464,14,logei,native,standard,23,none,nan,110,0,0.0,0.0,,,0,0.40617096424102783,0.03987360401380807,0.025193057936368782,0.031053091653087214,0.0034789383146129993
rbv2_xgboost_1464,14,logei,native,standard,24,none,nan,110,0,0.0,0.0,,,0,0.406179279088974,0.03849955618394826,0.025357786816594438,0.03140977146379403,0.02972070363534928
rbv2_xgboost_1464,14,logei,native,standard,25,none,nan,110,0,0.0,0.0,,,0,0.4064870774745941,0.07175594321087649,0.045048994069835493,0.05639512681505778,0.04737764090188692
rbv2_xgboost_1464,14,logei,native,standard,26,none,nan,110,0,0.0,0.0,,,0,0.41096916794776917,0.039105109169738264,0.023980591959453644,0.02936673462330808,0.015982360904708663
rbv2_xgboost_1464,14,logei,native,standard,27,none,nan,110,0,0.0,0.0,,,0,0.41624441742897034,0.056763745672502676,0.035092721982659086,0.04372548924141708,0.009459160545895927
rbv2_xgboost_1464,14,logei,native,standard,28,none,nan,110,0,0.0,0.0,,,0,0.4085211157798767,0.041215448528019304,0.026387478595180335,0.03274085981510285,0.005304362241186683
rbv2_xgboost_1464,14,logei,native,standard,29,none,nan,110,0,0.0,0.0,,,0,0.40803027153015137,0.047187624155467005,0.028253428835877795,0.034991569278035164,0.0064095181728995865
rbv2_xgboost_1464,14,logei,native,standard,30,none,nan,110,0,0.0,0.0,,,0,0.4223485589027405,0.03769157314696393,0.02384193271555534,0.029046202996998262,0.005998475355558962
rbv2_xgboost_1464,14,logei,native,standard,31,none,nan,110,0,0.0,0.0,,,0,0.40860846638679504,0.04181835860273913,0.025669487820080918,0.03191273283024973,0.007962473774575058
rbv2_xgboost_1464,14,logei,native,standard,32,none,nan,110,0,0.0,0.0,,,0,0.40911802649497986,0.04779596525841121,0.029065753271072747,0.03640722397190541,0.00575181302959867
rbv2_xgboost_1464,14,logei,native,standard,33,none,nan,110,0,0.0,0.0,,,0,0.41137269139289856,0.039277306886535926,0.025399880579171672,0.03143062133339811,0.014684838499189156
rbv2_xgboost_1464,14,logei,native,standard,34,none,nan,110,0,0.0,0.0,,,0,0.4068281650543213,0.04108062777364358,0.025210629257289528,0.03145302269933612,0.0062121196303470926
rbv2_xgboost_1464,14,logei,native,standard,5,none,nan,110,0,0.0,0.0,,,0,0.40717965364456177,0.038655568887598905,0.024999305917109374,0.03114071906429803,0.007845456876616492
rbv2_xgboost_1464,14,logei,native,standard,6,none,nan,110,0,0.0,0.0,,,0,0.42240265011787415,0.0375615170061079,0.02423688922355497,0.03020661788406986,0.016892899230290952
rbv2_xgboost_1464,14,logei,native,standard,7,none,nan,110,0,0.0,0.0,,,0,0.4065869152545929,0.04578145389135621,0.025027396380031115,0.0310355788811078,0.010182315810120515
rbv2_xgboost_1464,14,logei,native,standard,8,none,nan,110,0,0.0,0.0,,,0,0.4086354970932007,0.044562535719015806,0.02647463103711456,0.03294154308111146,0.016521627710845706
rbv2_xgboost_1464,14,logei,native,standard,9,none,nan,110,0,0.0,0.0,,,0,0.41803768277168274,0.09083743394228443,0.059040467175235686,0.07346462939146477,0.06451922470733999
rbv2_xgboost_1464,14,mes_gumbel,native,decay_greedy_packing_grid_a1_2,10,greedy_packing,0.5,110,65,61.23939808169744,0.5909090909090909,1,108,53,0.4108048379421234,0.08154728222727374,0.04860111480805539,0.05810042682452464,0.08117671061446935
rbv2_xgboost_1464,14,mes_gumbel,native,decay_greedy_packing_grid_a1_2,11,greedy_packing,0.5,110,69,61.23939808169744,0.6272727272727273,2,110,45,0.4089578688144684,0.06304210721688447,0.039235315470245336,0.04651711042558227,0.049518557726900066
rbv2_xgboost_1464,14,mes_gumbel,native,decay_greedy_packing_grid_a1_2,12,greedy_packing,0.5,110,66,61.23939808169744,0.6,1,108,41,0.4167020618915558,0.07230658447166732,0.048243765462401514,0.057480576545833904,0.06495600720003304
rbv2_xgboost_1464,14,mes_gumbel,native,decay_greedy_packing_grid_a1_2,13,greedy_packing,0.5,110,62,61.23939808169744,0.5636363636363636,1,110,54,0.4098210334777832,0.06136272756607791,0.039226226075344775,0.0464679931872294,0.05116098240928823
rbv2_xgboost_1464,14,mes_gumbel,native,decay_greedy_packing_grid_a1_2,14,greedy_packing,0.5,110,59,61.23939808169744,0.5363636363636364,2,109,50,0.4100934863090515,0.08608683675496281,0.0555067059228744,0.06566266474300388,0.08851831647504117
rbv2_xgboost_1464,14,mes_gumbel,native,decay_greedy_packing_grid_a1_2,15,greedy_packing,0.5,110,59,61.23939808169744,0.5363636363636364,1,107,61,0.40871453285217285,0.0691045084084553,0.04507649095472023,0.05377569167036844,0.07053189711552024
rbv2_xgboost_1464,14,mes_gumbel,native,decay_greedy_packing_grid_a1_2,16,greedy_packing,0.5,110,59,61.23939808169744,0.5363636363636364,3,109,54,0.41381677985191345,0.06772840477752982,0.046171740837150324,0.05499038919662374,0.07173259292629776
rbv2_xgboost_1464,14,mes_gumbel,native,decay_greedy_packing_grid_a1_2,17,greedy_packing,0.5,110,68,61.23939808169744,0.6181818181818182,1,109,51,0.4190238118171692,0.06491767203781768,0.040999233915268024,0.048452940413026634,0.0658247146630185
rbv2_xgboost_1464,14,mes_gumbel,native,decay_greedy_packing_grid_a1_2,18,greedy_packing,0.5,110,66,61.23939808169744,0.6,1,109,63,0.4200952649116516,0.07226341575770341,0.04261689226021893,0.05073026051893109,0.06931064962948752
rbv2_xgboost_1464,14,mes_gumbel,native,decay_greedy_packing_grid_a1_2,19,greedy_packing,0.5,110,52,61.23939808169744,0.4727272727272727,2,110,47,0.41760286688804626,0.054583094488596315,0.03407433214018184,0.04048409670842401,0.0447549753105969
rbv2_xgboost_1464,14,mes_gumbel,native,decay_greedy_packing_grid_a1_2,20,greedy_packing,0.5,110,56,61.23939808169744,0.509090909090909,3,109,62,0.4145281910896301,0.04796486718266284,0.032603893217740446,0.03884889728153765,0.04581011059475956
rbv2_xgboost_1464,14,mes_gumbel,native,decay_greedy_packing_grid_a1_2,21,greedy_packing,0.5,110,62,61.23939808169744,0.5636363636363636,1,110,56,0.41074037551879883,0.13607227445330256,0.09480312764635762,0.11166070510300626,0.11758758505297578
rbv2_xgboost_1464,14,mes_gumbel,native,decay_greedy_packing_grid_a1_2,22,greedy_packing,0.5,110,55,61.23939808169744,0.5,1,108,61,0.4094175398349762,0.0676988666981491,0.04409484818308841,0.052397281177104266,0.07028195278762003
rbv2_xgboost_1464,14,mes_gumbel,native,decay_greedy_packing_grid_a1_2,23,greedy_packing,0.5,110,73,61.23939808169744,0.6636363636363637,2,108,52,0.427327960729599,0.1011715604892474,0.06800596098121235,0.0805742100918549,0.11103504561039161
rbv2_xgboost_1464,14,mes_gumbel,native,decay_greedy_packing_grid_a1_2,24,greedy_packing,0.5,110,59,61.23939808169744,0.5363636363636364,1,110,50,0.4088372588157654,0.053786559776375246,0.0360229202002263,0.04319174510990753,0.036627534087866814
rbv2_xgboost_1464,14,mes_gumbel,native,decay_greedy_packing_grid_a1_2,25,greedy_packing,0.5,110,53,61.23939808169744,0.4818181818181818,1,109,57,0.42192408442497253,0.05175877194452142,0.034809328565005904,0.04127799186331282,0.05187640400355054
rbv2_xgboost_1464,14,mes_gumbel,native,decay_greedy_packing_grid_a1_2,26,greedy_packing,0.5,110,61,61.23939808169744,0.5545454545454546,2,110,47,0.4148818254470825,0.062015183190212805,0.03872985406902181,0.04609193679381606,0.04989856833487803
rbv2_xgboost_1464,14,mes_gumbel,native,decay_greedy_packing_grid_a1_2,27,greedy_packing,0.5,110,58,61.23939808169744,0.5272727272727272,2,109,50,0.4152292311191559,0.061710514536533756,0.03873410752555891,0.046153990998848926,0.05945496308432123
rbv2_xgboost_1464,14,mes_gumbel,native,decay_greedy_packing_grid_a1_2,28,greedy_packing,0.5,110,61,61.23939808169744,0.5545454545454546,1,110,50,0.4103493392467499,0.04981130029365719,0.03365373093921188,0.04020528242674725,0.04491538850382105
rbv2_xgboost_1464,14,mes_gumbel,native,decay_greedy_packing_grid_a1_2,29,greedy_packing,0.5,110,54,61.23939808169744,0.4909090909090909,2,106,48,0.4107070863246918,0.12264146253568774,0.08153329150248263,0.09650720452183627,0.15980154754251397
rbv2_xgboost_1464,14,mes_gumbel,native,decay_greedy_packing_grid_a1_2,30,greedy_packing,0.5,110,63,61.23939808169744,0.5727272727272728,1,110,54,0.4089038074016571,0.05783298637566745,0.03843304153110435,0.04579885091133926,0.05090404603347023
rbv2_xgboost_1464,14,mes_gumbel,native,decay_greedy_packing_grid_a1_2,31,greedy_packing,0.5,110,53,61.23939808169744,0.4818181818181818,2,110,53,0.42397359013557434,0.044509227660798546,0.028820819955307022,0.03431976184910973,0.03497209252242124
rbv2_xgboost_1464,14,mes_gumbel,native,decay_greedy_packing_grid_a1_2,32,greedy_packing,0.5,110,61,61.23939808169744,0.5545454545454546,2,109,54,0.4068593680858612,0.05347224736497909,0.03527718464566389,0.0418638393968217,0.05154332088084796
rbv2_xgboost_1464,14,mes_gumbel,native,decay_greedy_packing_grid_a1_2,33,greedy_packing,0.5,110,52,61.23939808169744,0.4727272727272727,1,105,51,0.40904107689857483,0.09444532839870737,0.061034112268164215,0.07232277914294959,0.09850612354030513
rbv2_xgboost_1464,14,mes_gumbel,native,decay_greedy_packing_grid_a1_2,34,greedy_packing,0.5,110,58,61.23939808169744,0.5272727272727272,2,110,69,0.4097461402416229,0.06313629147569617,0.03866681718436142,0.045788315220599375,0.05165985488837316
rbv2_xgboost_1464,14,mes_gumbel,native,decay_greedy_packing_grid_a1_2,5,greedy_packing,0.5,110,59,61.23939808169744,0.5363636363636364,1,109,57,0.4099021553993225,0.05578253668408528,0.034064402495659465,0.04075706183287121,0.06191606360242927
rbv2_xgboost_1464,14,mes_gumbel,native,decay_greedy_packing_grid_a1_2,6,greedy_packing,0.5,110,59,61.23939808169744,0.5363636363636364,2,110,55,0.4223610460758209,0.06238441149309496,0.0415799255284992,0.04918592927009995,0.05977361473413887
rbv2_xgboost_1464,14,mes_gumbel,native,decay_greedy_packing_grid_a1_2,7,greedy_packing,0.5,110,65,61.23939808169744,0.5909090909090909,1,108,59,0.4129992723464966,0.10056904305607255,0.06633185513653612,0.07816558759976168,0.11349588494160102
rbv2_xgboost_1464,14,mes_gumbel,native,decay_greedy_packing_grid_a1_2,8,greedy_packing,0.5,110,65,61.23939808169744,0.5909090909090909,1,110,56,0.4218367040157318,0.07634315900357105,0.050729264920477905,0.05995131430730864,0.06117100896422669
rbv2_xgboost_1464,14,mes_gumbel,native,decay_greedy_packing_grid_a1_2,9,greedy_packing,0.5,110,55,61.23939808169744,0.5,1,106,57,0.41595107316970825,0.08965941081305882,0.057504566360996615,0.06822724879287803,0.09605705009618319
rbv2_xgboost_1464,14,mes_gumbel,native,decay_uniform_grid_a1_2,10,uniform,0.5,110,65,61.23939808169744,0.5909090909090909,1,108,53,0.41845792531967163,0.0903965365988708,0.051821827646697224,0.0634604179209664,0.09649361154198399
rbv2_xgboost_1464,14,mes_gumbel,native,decay_uniform_grid_a1_2,11,uniform,0.5,110,69,61.23939808169744,0.6272727272727273,2,110,45,0.4104512631893158,0.08493830636098647,0.047821243652583265,0.05856630985492249,0.06325487779693388
rbv2_xgboost_1464,14,mes_gumbel,native,decay_uniform_grid_a1_2,12,uniform,0.5,110,66,61.23939808169744,0.6,1,108,41,0.4086250960826874,0.13575426993425568,0.07872775052155193,0.0956666577277307,0.15837456388252225
rbv2_xgboost_1464,14,mes_gumbel,native,decay_uniform_grid_a1_2,13,uniform,0.5,110,62,61.23939808169744,0.5636363636363636,1,110,54,0.4184599816799164,0.07097406288595076,0.046104620823904686,0.05637295148798134,0.04776701576409108
rbv2_xgboost_1464,14,mes_gumbel,native,decay_uniform_grid_a1_2,14,uniform,0.5,110,59,61.23939808169744,0.5363636363636364,2,109,50,0.4220863878726959,0.07350961232279302,0.04365809246378893,0.05311654547852648,0.06909650294730733
rbv2_xgboost_1464,14,mes_gumbel,native,decay_uniform_grid_a1_2,15,uniform,0.5,110,59,61.23939808169744,0.5363636363636364,1,107,61,0.4230726361274719,0.06831593245942566,0.040842820252904984,0.05031129053973808,0.07424751687213564
rbv2_xgboost_1464,14,mes_gumbel,native,decay_uniform_grid_a1_2,16,uniform,0.5,110,59,61.23939808169744,0.5363636363636364,3,109,54,0.40871453285217285,0.0840238308922676,0.05098499618494942,0.06254791830240967,0.08347545480851522
rbv2_xgboost_1464,14,mes_gumbel,native,decay_uniform_grid_a1_2,17,uniform,0.5,110,68,61.23939808169744,0.6181818181818182,1,109,51,0.41254791617393494,0.22850835457247856,0.14724813901136652,0.17857621516521463,0.04425983768403554
rbv2_xgboost_1464,14,mes_gumbel,native,decay_uniform_grid_a1_2,18,uniform,0.5,110,66,61.23939808169744,0.6,1,109,63,0.4256860911846161,0.08236124760288335,0.04755330394342122,0.05753963058452501,0.09483183328573395
rbv2_xgboost_1464,14,mes_gumbel,native,decay_uniform_grid_a1_2,19,uniform,0.5,110,52,61.23939808169744,0.4727272727272727,2,110,47,0.4100331962108612,0.08727708193847852,0.05218820065521678,0.0632493376728895,0.049333780777366186
rbv2_xgboost_1464,14,mes_gumbel,native,decay_uniform_grid_a1_2,20,uniform,0.5,110,56,61.23939808169744,0.509090909090909,3,109,62,0.4089142084121704,0.06780197920664116,0.041445171776371026,0.05066113973678748,0.06471636279260112
rbv2_xgboost_1464,14,mes_gumbel,native,decay_uniform_grid_a1_2,21,uniform,0.5,110,62,61.23939808169744,0.5636363636363636,1,110,56,0.4201514422893524,0.17550285481182554,0.1068233543588249,0.12869153184667842,0.10899558124947473
rbv2_xgboost_1464,14,mes_gumbel,native,decay_uniform_grid_a1_2,22,uniform,0.5,110,55,61.23939808169744,0.5,1,108,61,0.408390074968338,0.06805054948223188,0.04091338470573262,0.05099673486635387,0.03402902616765119
rbv2_xgboost_1464,14,mes_gumbel,native,decay_uniform_grid_a1_2,23,uniform,0.5,110,73,61.23939808169744,0.6636363636363637,2,108,52,0.40773701667785645,0.09414519844925197,0.055328013308778165,0.06793875398905269,0.07235354866300156
rbv2_xgboost_1464,14,mes_gumbel,native,decay_uniform_grid_a1_2,24,uniform,0.5,110,59,61.23939808169744,0.5363636363636364,1,110,50,0.4065078794956207,0.06435711912581665,0.03516577422836901,0.043208555741816985,0.03854776159720093
rbv2_xgboost_1464,14,mes_gumbel,native,decay_uniform_grid_a1_2,25,uniform,0.5,110,53,61.23939808169744,0.4818181818181818,1,109,57,0.4110274016857147,0.19726749495130233,0.11714353137140625,0.1409116837491771,0.202222649640376
rbv2_xgboost_1464,14,mes_gumbel,native,decay_uniform_grid_a1_2,26,uniform,0.5,110,61,61.23939808169744,0.5545454545454546,2,110,47,0.41082563996315,0.06930298016632894,0.04419834994674214,0.054465838612813136,0.04035638896814136
rbv2_xgboost_1464,14,mes_gumbel,native,decay_uniform_grid_a1_2,27,uniform,0.5,110,58,61.23939808169744,0.5272727272727272,2,109,50,0.42149341106414795,0.08505935861550722,0.05298377317078584,0.06466251230008743,0.07787129515803114
rbv2_xgboost_1464,14,mes_gumbel,native,decay_uniform_grid_a1_2,28,uniform,0.5,110,61,61.23939808169744,0.5545454545454546,1,110,50,0.4103493392467499,0.11356989928995201,0.07004762129659203,0.08660451707526483,0.08359918687802735
rbv2_xgboost_1464,14,mes_gumbel,native,decay_uniform_grid_a1_2,29,uniform,0.5,110,54,61.23939808169744,0.4909090909090909,2,106,48,0.4089641273021698,0.08443617078068268,0.04994438660529188,0.06068801753989452,0.04344508984315043
rbv2_xgboost_1464,14,mes_gumbel,native,decay_uniform_grid_a1_2,30,uniform,0.5,110,63,61.23939808169744,0.5727272727272728,1,110,54,0.415535032749176,0.07886486052522977,0.04941059227674048,0.06012951196668562,0.05931661811662468
rbv2_xgboost_1464,14,mes_gumbel,native,decay_uniform_grid_a1_2,31,uniform,0.5,110,53,61.23939808169744,0.4818181818181818,2,110,53,0.41033267974853516,0.06367520158260946,0.03925541062072213,0.047782004044511085,0.04435139993794731
rbv2_xgboost_1464,14,mes_gumbel,native,decay_uniform_grid_a1_2,32,uniform,0.5,110,61,61.23939808169744,0.5545454545454546,2,109,54,0.4170078933238983,0.09530686330864428,0.05819240327042273,0.0706023530058001,0.08416259769265176
rbv2_xgboost_1464,14,mes_gumbel,native,decay_uniform_grid_a1_2,33,uniform,0.5,110,52,61.23939808169744,0.4727272727272727,1,105,51,0.41874709725379944,0.04908173042150618,0.030029340364186183,0.03719693550889317,0.04498441524691583
rbv2_xgboost_1464,14,mes_gumbel,native,decay_uniform_grid_a1_2,34,uniform,0.5,110,58,61.23939808169744,0.5272727272727272,2,110,69,0.4122421443462372,0.07856443828318554,0.049403891616892084,0.06012593886689929,0.04274022808974552
rbv2_xgboost_1464,14,mes_gumbel,native,decay_uniform_grid_a1_2,5,uniform,0.5,110,59,61.23939808169744,0.5363636363636364,1,109,57,0.41063636541366577,0.1978553391443969,0.1244380983370019,0.15030193551016183,0.28568861964112385
rbv2_xgboost_1464,14,mes_gumbel,native,decay_uniform_grid_a1_2,6,uniform,0.5,110,59,61.23939808169744,0.5363636363636364,2,110,55,0.4263228476047516,0.07721640633077827,0.04729967698427428,0.05826070741554073,0.03990485408884426
rbv2_xgboost_1464,14,mes_gumbel,native,decay_uniform_grid_a1_2,7,uniform,0.5,110,65,61.23939808169744,0.5909090909090909,1,108,59,0.4086708426475525,0.09431519763256514,0.05326803926775943,0.06474036917227183,0.05619469620435505
rbv2_xgboost_1464,14,mes_gumbel,native,decay_uniform_grid_a1_2,8,uniform,0.5,110,65,61.23939808169744,0.5909090909090909,1,110,56,0.4081134498119354,0.08639700290783833,0.05139587674742806,0.06286737348072491,0.051053342692712646
rbv2_xgboost_1464,14,mes_gumbel,native,decay_uniform_grid_a1_2,9,uniform,0.5,110,55,61.23939808169744,0.5,1,106,57,0.4269596338272095,0.08182297845622659,0.05304534631058859,0.06501100247691177,0.1088824780260969
rbv2_xgboost_1464,14,mes_gumbel,native,standard,10,none,nan,110,0,0.0,0.0,,,0,0.42277926206588745,0.04014772732521696,0.024596581908449378,0.03017998382119047,0.009937655116867018
rbv2_xgboost_1464,14,mes_gumbel,native,standard,11,none,nan,110,0,0.0,0.0,,,0,0.40718796849250793,0.03885724482089142,0.023927667449527172,0.029683478053375574,0.019913983696649817
rbv2_xgboost_1464,14,mes_gumbel,native,standard,12,none,nan,110,0,0.0,0.0,,,0,0.4084108769893646,0.04100148797482172,0.025288263215515996,0.03129717986755862,0.00803618749511628
rbv2_xgboost_1464,14,mes_gumbel,native,standard,13,none,nan,110,0,0.0,0.0,,,0,0.42153501510620117,0.03616522161331908,0.023539232743010098,0.029080171641667273,0.020172955495748487
rbv2_xgboost_1464,14,mes_gumbel,native,standard,14,none,nan,110,0,0.0,0.0,,,0,0.44049885869026184,0.1351061629537017,0.08992457400673277,0.10925967987962878,0.12416527701863703
rbv2_xgboost_1464,14,mes_gumbel,native,standard,15,none,nan,110,0,0.0,0.0,,,0,0.40828192234039307,0.04045289808849894,0.02480000265684326,0.030724705276348577,0.017147319202545645
rbv2_xgboost_1464,14,mes_gumbel,native,standard,16,none,nan,110,0,0.0,0.0,,,0,0.42226114869117737,0.08704477042284886,0.05055078996866848,0.06123126341918405,0.05678541209509174
rbv2_xgboost_1464,14,mes_gumbel,native,standard,17,none,nan,110,0,0.0,0.0,,,0,0.421499639749527,0.0377863986404643,0.02348084520957723,0.028763768453740537,0.017825361158351948
rbv2_xgboost_1464,14,mes_gumbel,native,standard,18,none,nan,110,0,0.0,0.0,,,0,0.40734395384788513,0.05878156119828243,0.03333471102524555,0.0414419041439373,0.01968215108607233
rbv2_xgboost_1464,14,mes_gumbel,native,standard,19,none,nan,110,0,0.0,0.0,,,0,0.4215662181377411,0.0350795515874342,0.02311817923933346,0.028253114973717085,0.009080997874488449
rbv2_xgboost_1464,14,mes_gumbel,native,standard,20,none,nan,110,0,0.0,0.0,,,0,0.4089370667934418,0.03752507198820358,0.02478381779555338,0.03043807400154658,0.00861521936937562
rbv2_xgboost_1464,14,mes_gumbel,native,standard,21,none,nan,110,0,0.0,0.0,,,0,0.44049885869026184,0.04169561708578952,0.024502459047452574,0.030375581329266124,0.025834733695915407
rbv2_xgboost_1464,14,mes_gumbel,native,standard,22,none,nan,110,0,0.0,0.0,,,0,0.4062541723251343,0.03936673372364906,0.02570451280929023,0.031753748784553885,0.010256092835470418
rbv2_xgboost_1464,14,mes_gumbel,native,standard,23,none,nan,110,0,0.0,0.0,,,0,0.42270225286483765,0.16638079038916154,0.10616922457910809,0.12890203059201982,0.14894586548340819
rbv2_xgboost_1464,14,mes_gumbel,native,standard,24,none,nan,110,0,0.0,0.0,,,0,0.40632903575897217,0.043714584555877886,0.02675718392950816,0.03313303208184857,0.008705201720311256
rbv2_xgboost_1464,14,mes_gumbel,native,standard,25,none,nan,110,0,0.0,0.0,,,0,0.4181250333786011,0.07277326330167748,0.04351376585946125,0.05399253849474773,0.05022420864050155
rbv2_xgboost_1464,14,mes_gumbel,native,standard,26,none,nan,110,0,0.0,0.0,,,0,0.4145573079586029,0.043389127228652596,0.024700192432189932,0.03015440961372547,0.024374251106116424
rbv2_xgboost_1464,14,mes_gumbel,native,standard,27,none,nan,110,0,0.0,0.0,,,0,0.41680610179901123,0.048609359836791495,0.028904140879082302,0.03624677801328109,0.025482334733820722
rbv2_xgboost_1464,14,mes_gumbel,native,standard,28,none,nan,110,0,0.0,0.0,,,0,0.40634357929229736,0.039396129797857955,0.024406416230781977,0.030182007022204766,0.007295108768419653
rbv2_xgboost_1464,14,mes_gumbel,native,standard,29,none,nan,110,0,0.0,0.0,,,0,0.4362647831439972,0.04071875667043759,0.024744127013652733,0.030653981587254374,0.020876472778452632
rbv2_xgboost_1464,14,mes_gumbel,native,standard,30,none,nan,110,0,0.0,0.0,,,0,0.40675121545791626,0.03541029447079946,0.022795549764965135,0.027861575524695734,0.0060054646125904275
rbv2_xgboost_1464,14,mes_gumbel,native,standard,31,none,nan,110,0,0.0,0.0,,,0,0.4106821119785309,0.03656792226340309,0.023169042119207985,0.02847865683492436,0.009306718948688958
rbv2_xgboost_1464,14,mes_gumbel,native,standard,32,none,nan,110,0,0.0,0.0,,,0,0.4103867709636688,0.3102417134490371,0.20871319716292086,0.24306696881755374,0.3209089390797575
rbv2_xgboost_1464,14,mes_gumbel,native,standard,33,none,nan,110,0,0.0,0.0,,,0,0.41499000787734985,0.040873789453691585,0.026110478058920507,0.03205688445654063,0.014701323807930983
rbv2_xgboost_1464,14,mes_gumbel,native,standard,34,none,nan,110,0,0.0,0.0,,,0,0.40649542212486267,0.039547222664241696,0.02460571255899087,0.03072898532417025,0.011218824521058048
rbv2_xgboost_1464,14,mes_gumbel,native,standard,5,none,nan,110,0,0.0,0.0,,,0,0.4067179262638092,0.04074746008314255,0.026258086339814385,0.032700924130347385,0.02959147980961854
rbv2_xgboost_1464,14,mes_gumbel,native,standard,6,none,nan,110,0,0.0,0.0,,,0,0.42224451899528503,0.0375772200188164,0.023906559657583832,0.029671941965437744,0.019746801771254728
rbv2_xgboost_1464,14,mes_gumbel,native,standard,7,none,nan,110,0,0.0,0.0,,,0,0.421408087015152,0.043257939743847514,0.024932465942034118,0.03096567717430816,0.014506198546286642
rbv2_xgboost_1464,14,mes_gumbel,native,standard,8,none,nan,110,0,0.0,0.0,,,0,0.4090639352798462,0.04138723570779866,0.025632768208721752,0.03158107120293978,0.011562871824807322
rbv2_xgboost_1464,14,mes_gumbel,native,standard,9,none,nan,110,0,0.0,0.0,,,0,0.428663969039917,0.1470045819134497,0.09628779386762631,0.1183472811448079,0.1187859789020063
rbv2_xgboost_1464,14,ts,logarithmic,decay_greedy_packing_grid_a1_2,10,greedy_packing,0.5,110,65,61.23939808169744,0.5909090909090909,1,108,53,0.4153498709201813,0.07238753474869095,0.045887285919452465,0.05499235089790256,0.051104045162935735
rbv2_xgboost_1464,14,ts,logarithmic,decay_greedy_packing_grid_a1_2,11,greedy_packing,0.5,110,69,61.23939808169744,0.6272727272727273,2,110,45,0.42181798815727234,0.061684586958103776,0.03737003925305353,0.04475756369763192,0.050491122665926313
rbv2_xgboost_1464,14,ts,logarithmic,decay_greedy_packing_grid_a1_2,12,greedy_packing,0.5,110,66,61.23939808169744,0.6,1,108,41,0.4360233545303345,0.06156262172249944,0.03966022121709614,0.04693757174810346,0.055404788671252245
rbv2_xgboost_1464,14,ts,logarithmic,decay_greedy_packing_grid_a1_2,13,greedy_packing,0.5,110,62,61.23939808169744,0.5636363636363636,1,110,54,0.42613765597343445,0.07746369962765329,0.05118998705516574,0.062057548709571884,0.06718655733345077
rbv2_xgboost_1464,14,ts,logarithmic,decay_greedy_packing_grid_a1_2,14,greedy_packing,0.5,110,59,61.23939808169744,0.5363636363636364,2,109,50,0.4273487627506256,0.07577980669198858,0.04870623713764563,0.05752925503648432,0.04682865262723696
rbv2_xgboost_1464,14,ts,logarithmic,decay_greedy_packing_grid_a1_2,15,greedy_packing,0.5,110,59,61.23939808169744,0.5363636363636364,1,107,61,0.4250847399234772,0.0560779792360505,0.037231944459763466,0.044957246707230045,0.039368923220995555
rbv2_xgboost_1464,14,ts,logarithmic,decay_greedy_packing_grid_a1_2,16,greedy_packing,0.5,110,59,61.23939808169744,0.5363636363636364,3,109,54,0.4154726266860962,0.057138170284692404,0.036555153303744065,0.04401060114520174,0.04505170341961203
rbv2_xgboost_1464,14,ts,logarithmic,decay_greedy_packing_grid_a1_2,17,greedy_packing,0.5,110,68,61.23939808169744,0.6181818181818182,1,109,51,0.42128118872642517,0.06693693924811503,0.04351963643340972,0.05170108198036273,0.03324177227711478
rbv2_xgboost_1464,14,ts,logarithmic,decay_greedy_packing_grid_a1_2,18,greedy_packing,0.5,110,66,61.23939808169744,0.6,1,109,63,0.42529699206352234,0.0738678398890968,0.04489134145766033,0.05350040163322932,0.046895679611613915
rbv2_xgboost_1464,14,ts,logarithmic,decay_greedy_packing_grid_a1_2,19,greedy_packing,0.5,110,52,61.23939808169744,0.4727272727272727,2,110,47,0.4246997833251953,0.06452798701624896,0.040460956685296534,0.04873585197770485,0.05225209802992355
rbv2_xgboost_1464,14,ts,logarithmic,decay_greedy_packing_grid_a1_2,20,greedy_packing,0.5,110,56,61.23939808169744,0.509090909090909,3,109,62,0.41118964552879333,0.06929132329685882,0.04011856618326691,0.048335490890598264,0.04126233471599672
rbv2_xgboost_1464,14,ts,logarithmic,decay_greedy_packing_grid_a1_2,21,greedy_packing,0.5,110,62,61.23939808169744,0.5636363636363636,1,110,56,0.41925472021102905,0.07128044066964076,0.04330494556575144,0.05167533349284519,0.0538741541715666
rbv2_xgboost_1464,14,ts,logarithmic,decay_greedy_packing_grid_a1_2,22,greedy_packing,0.5,110,55,61.23939808169744,0.5,1,108,61,0.41777554154396057,0.06025047921242108,0.038866311845483434,0.04660025244027766,0.0486467574914594
rbv2_xgboost_1464,14,ts,logarithmic,decay_greedy_packing_grid_a1_2,23,greedy_packing,0.5,110,73,61.23939808169744,0.6636363636363637,2,108,52,0.4383963346481323,0.07145423438821301,0.04479168072103282,0.05319008140678112,0.04982330838641578
rbv2_xgboost_1464,14,ts,logarithmic,decay_greedy_packing_grid_a1_2,24,greedy_packing,0.5,110,59,61.23939808169744,0.5363636363636364,1,110,50,0.4156598448753357,0.0646303504638377,0.04025005925624661,0.04825163562262639,0.05256815215345345
rbv2_xgboost_1464,14,ts,logarithmic,decay_greedy_packing_grid_a1_2,25,greedy_packing,0.5,110,53,61.23939808169744,0.4818181818181818,1,109,57,0.42292073369026184,0.06830035626143087,0.04209366714418006,0.05047111680697356,0.04033830534643428
rbv2_xgboost_1464,14,ts,logarithmic,decay_greedy_packing_grid_a1_2,26,greedy_packing,0.5,110,61,61.23939808169744,0.5545454545454546,2,110,47,0.41467171907424927,0.07502316024134123,0.046651953477689814,0.05611263773168322,0.06195222647303119
rbv2_xgboost_1464,14,ts,logarithmic,decay_greedy_packing_grid_a1_2,27,greedy_packing,0.5,110,58,61.23939808169744,0.5272727272727272,2,109,50,0.42352622747421265,0.0721144449896082,0.045190288865170986,0.05496383417322516,0.045911852694933426
rbv2_xgboost_1464,14,ts,logarithmic,decay_greedy_packing_grid_a1_2,28,greedy_packing,0.5,110,61,61.23939808169744,0.5545454545454546,1,110,50,0.43658533692359924,0.06087558331607803,0.04134167221247512,0.04945080493206937,0.053030259307618746
rbv2_xgboost_1464,14,ts,logarithmic,decay_greedy_packing_grid_a1_2,29,greedy_packing,0.5,110,54,61.23939808169744,0.4909090909090909,2,106,48,0.439374715089798,0.05228012397598705,0.032933636703673816,0.03928031570226169,0.037769496045296516
rbv2_xgboost_1464,14,ts,logarithmic,decay_greedy_packing_grid_a1_2,30,greedy_packing,0.5,110,63,61.23939808169744,0.5727272727272728,1,110,54,0.4330885708332062,0.07218197381701384,0.04398070615291227,0.05275851887857455,0.06330393557185685
rbv2_xgboost_1464,14,ts,logarithmic,decay_greedy_packing_grid_a1_2,31,greedy_packing,0.5,110,53,61.23939808169744,0.4818181818181818,2,110,53,0.4288325309753418,0.07061718303496606,0.04491074528060491,0.05356569374440008,0.058207304768417865
rbv2_xgboost_1464,14,ts,logarithmic,decay_greedy_packing_grid_a1_2,32,greedy_packing,0.5,110,61,61.23939808169744,0.5545454545454546,2,109,54,0.4170078933238983,0.061275176853453545,0.041067131643099865,0.0493070840401256,0.04852734504216335
rbv2_xgboost_1464,14,ts,logarithmic,decay_greedy_packing_grid_a1_2,33,greedy_packing,0.5,110,52,61.23939808169744,0.4727272727272727,1,105,51,0.42555293440818787,0.07338434406882575,0.04514113695689073,0.054521565064535066,0.051130032832995616
rbv2_xgboost_1464,14,ts,logarithmic,decay_greedy_packing_grid_a1_2,34,greedy_packing,0.5,110,58,61.23939808169744,0.5272727272727272,2,110,69,0.4373472034931183,0.05646031170043971,0.036672151687335314,0.04347267898733101,0.050002046542341534
rbv2_xgboost_1464,14,ts,logarithmic,decay_greedy_packing_grid_a1_2,5,greedy_packing,0.5,110,59,61.23939808169744,0.5363636363636364,1,109,57,0.42592957615852356,0.06150585264272587,0.03896815370932827,0.04681216104393051,0.04814099439036636
rbv2_xgboost_1464,14,ts,logarithmic,decay_greedy_packing_grid_a1_2,6,greedy_packing,0.5,110,59,61.23939808169744,0.5363636363636364,2,110,55,0.4353468716144562,0.05663808707663239,0.03711520082662392,0.04426546934700058,0.05371693826306986
rbv2_xgboost_1464,14,ts,logarithmic,decay_greedy_packing_grid_a1_2,7,greedy_packing,0.5,110,65,61.23939808169744,0.5909090909090909,1,108,59,0.4278169870376587,0.07212360718881317,0.04467801310886038,0.05313387545654387,0.058051508880272905
rbv2_xgboost_1464,14,ts,logarithmic,decay_greedy_packing_grid_a1_2,8,greedy_packing,0.5,110,65,61.23939808169744,0.5909090909090909,1,110,56,0.4277816116809845,0.07284698684004456,0.047685823095934964,0.057107242351291235,0.058445827164707594
rbv2_xgboost_1464,14,ts,logarithmic,decay_greedy_packing_grid_a1_2,9,greedy_packing,0.5,110,55,61.23939808169744,0.5,1,106,57,0.4207485616207123,0.06496740299596603,0.03947131844096846,0.04721825839349343,0.05832502282994919
rbv2_xgboost_1464,14,ts,logarithmic,decay_uniform_grid_a1_2,10,uniform,0.5,110,65,61.23939808169744,0.5909090909090909,1,108,53,0.4364854395389557,0.09104699161009618,0.053011774139137706,0.06499356353558508,0.06239588120526395
rbv2_xgboost_1464,14,ts,logarithmic,decay_uniform_grid_a1_2,11,uniform,0.5,110,69,61.23939808169744,0.6272727272727273,2,110,45,0.42181798815727234,0.0937351607103286,0.049814755012973055,0.06166806363567766,0.06990681251337395
rbv2_xgboost_1464,14,ts,logarithmic,decay_uniform_grid_a1_2,12,uniform,0.5,110,66,61.23939808169744,0.6,1,108,41,0.4446064233779907,0.088043009337528,0.05039059951657679,0.06226797380831833,0.07818631636111968
rbv2_xgboost_1464,14,ts,logarithmic,decay_uniform_grid_a1_2,13,uniform,0.5,110,62,61.23939808169744,0.5636363636363636,1,110,54,0.4311925172805786,0.08434444218951365,0.047812007385933455,0.058807679276209564,0.050105202503586854
rbv2_xgboost_1464,14,ts,logarithmic,decay_uniform_grid_a1_2,14,uniform,0.5,110,59,61.23939808169744,0.5363636363636364,2,109,50,0.4235095679759979,0.0734468844193068,0.046785310692902024,0.05758237648662678,0.06025464326456437
rbv2_xgboost_1464,14,ts,logarithmic,decay_uniform_grid_a1_2,15,uniform,0.5,110,59,61.23939808169744,0.5363636363636364,1,107,61,0.4278107285499573,0.07362535479600274,0.044197240183048436,0.05428636169844816,0.04530023683507612
rbv2_xgboost_1464,14,ts,logarithmic,decay_uniform_grid_a1_2,16,uniform,0.5,110,59,61.23939808169744,0.5363636363636364,3,109,54,0.4154726266860962,0.08819116039223614,0.05137271574614185,0.06407102282927066,0.057293520936775436
rbv2_xgboost_1464,14,ts,logarithmic,decay_uniform_grid_a1_2,17,uniform,0.5,110,68,61.23939808169744,0.6181818181818182,1,109,51,0.4361419975757599,0.08387865264621351,0.04968014408710996,0.06073118378495095,0.0579118254301983
rbv2_xgboost_1464,14,ts,logarithmic,decay_uniform_grid_a1_2,18,uniform,0.5,110,66,61.23939808169744,0.6,1,109,63,0.431277871131897,0.08153833248188241,0.04842551014857989,0.059189489934674815,0.05336798003307031
rbv2_xgboost_1464,14,ts,logarithmic,decay_uniform_grid_a1_2,19,uniform,0.5,110,52,61.23939808169744,0.4727272727272727,2,110,47,0.4246997833251953,0.07398997078248074,0.04341499701853942,0.052881351900987576,0.03723564559975407
rbv2_xgboost_1464,14,ts,logarithmic,decay_uniform_grid_a1_2,20,uniform,0.5,110,56,61.23939808169744,0.509090909090909,3,109,62,0.4289386570453644,0.06972756766495594,0.04101386051694127,0.05079593922848745,0.04360066155453633
rbv2_xgboost_1464,14,ts,logarithmic,decay_uniform_grid_a1_2,21,uniform,0.5,110,62,61.23939808169744,0.5636363636363636,1,110,56,0.4266745448112488,0.08154183484930343,0.048839565343559696,0.05976269135525312,0.054522734956020134
rbv2_xgboost_1464,14,ts,logarithmic,decay_uniform_grid_a1_2,22,uniform,0.5,110,55,61.23939808169744,0.5,1,108,61,0.4146634042263031,0.06531536862347506,0.03968729126670393,0.049832535271004195,0.04494722499955379
rbv2_xgboost_1464,14,ts,logarithmic,decay_uniform_grid_a1_2,23,uniform,0.5,110,73,61.23939808169744,0.6636363636363637,2,108,52,0.44253072142601013,0.14893135167174107,0.08747757412443266,0.10613473349137979,0.13975935827028016
rbv2_xgboost_1464,14,ts,logarithmic,decay_uniform_grid_a1_2,24,uniform,0.5,110,59,61.23939808169744,0.5363636363636364,1,110,50,0.43274930119514465,0.06864379760347933,0.040962548758726576,0.05032765884299506,0.04527025379239423
rbv2_xgboost_1464,14,ts,logarithmic,decay_uniform_grid_a1_2,25,uniform,0.5,110,53,61.23939808169744,0.4818181818181818,1,109,57,0.4331759810447693,0.09205832775318012,0.054775105663202456,0.06727754654490904,0.07162125313252388
rbv2_xgboost_1464,14,ts,logarithmic,decay_uniform_grid_a1_2,26,uniform,0.5,110,61,61.23939808169744,0.5545454545454546,2,110,47,0.42089834809303284,0.07552401573525593,0.04498335643658437,0.05594564364725014,0.0387619433583765
rbv2_xgboost_1464,14,ts,logarithmic,decay_uniform_grid_a1_2,27,uniform,0.5,110,58,61.23939808169744,0.5272727272727272,2,109,50,0.41945862770080566,0.09227790100060286,0.05546139317574576,0.06797866245908263,0.04947986541217768
rbv2_xgboost_1464,14,ts,logarithmic,decay_uniform_grid_a1_2,28,uniform,0.5,110,61,61.23939808169744,0.5545454545454546,1,110,50,0.43721604347229004,0.10772264220351296,0.06607898043418525,0.08083779395107324,0.07336539413933786
rbv2_xgboost_1464,14,ts,logarithmic,decay_uniform_grid_a1_2,29,uniform,0.5,110,54,61.23939808169744,0.4909090909090909,2,106,48,0.4449770152568817,0.08236376378770871,0.04720196793545302,0.058394879129181926,0.053907740647079205
rbv2_xgboost_1464,14,ts,logarithmic,decay_uniform_grid_a1_2,30,uniform,0.5,110,63,61.23939808169744,0.5727272727272728,1,110,54,0.42875343561172485,0.08330296975686585,0.05078010745064483,0.06209531659545385,0.049717199826055804
rbv2_xgboost_1464,14,ts,logarithmic,decay_uniform_grid_a1_2,31,uniform,0.5,110,53,61.23939808169744,0.4818181818181818,2,110,53,0.42121875286102295,0.08204445905285794,0.049678133513125104,0.061040532575691205,0.05786768436584526
rbv2_xgboost_1464,14,ts,logarithmic,decay_uniform_grid_a1_2,32,uniform,0.5,110,61,61.23939808169744,0.5545454545454546,2,109,54,0.4170078933238983,0.09541738339429856,0.06015983585926296,0.07388984981906728,0.060601940137713174
rbv2_xgboost_1464,14,ts,logarithmic,decay_uniform_grid_a1_2,33,uniform,0.5,110,52,61.23939808169744,0.4727272727272727,1,105,51,0.43253910541534424,0.06027145589155125,0.035336263238384374,0.043850396936666106,0.039526334849896615
rbv2_xgboost_1464,14,ts,logarithmic,decay_uniform_grid_a1_2,34,uniform,0.5,110,58,61.23939808169744,0.5272727272727272,2,110,69,0.4465698003768921,0.19623875563135398,0.13063357886672564,0.15756134446371794,0.11622980259223531
rbv2_xgboost_1464,14,ts,logarithmic,decay_uniform_grid_a1_2,5,uniform,0.5,110,59,61.23939808169744,0.5363636363636364,1,109,57,0.42592957615852356,0.07553223963169581,0.04435097586413602,0.05499981280670378,0.06208115693288398
rbv2_xgboost_1464,14,ts,logarithmic,decay_uniform_grid_a1_2,6,uniform,0.5,110,59,61.23939808169744,0.5363636363636364,2,110,55,0.4369267225265503,0.08194379521753643,0.04890594901786149,0.06093029253457764,0.04123366377467018
rbv2_xgboost_1464,14,ts,logarithmic,decay_uniform_grid_a1_2,7,uniform,0.5,110,65,61.23939808169744,0.5909090909090909,1,108,59,0.4263582229614258,0.0829022532726186,0.04699475391999198,0.0579113986633989,0.055764239270014795
rbv2_xgboost_1464,14,ts,logarithmic,decay_uniform_grid_a1_2,8,uniform,0.5,110,65,61.23939808169744,0.5909090909090909,1,110,56,0.41820409893989563,0.09498074689372933,0.054348303868340636,0.06679903646926436,0.053324308809422086
rbv2_xgboost_1464,14,ts,logarithmic,decay_uniform_grid_a1_2,9,uniform,0.5,110,55,61.23939808169744,0.5,1,106,57,0.4221820831298828,0.09159623915031137,0.05716928731173908,0.07037719444870953,0.08194321545923675
rbv2_xgboost_1464,14,ts,logarithmic,standard,10,none,nan,110,0,0.0,0.0,,,0,0.4205613136291504,0.048151414932071986,0.026809358449518587,0.03398741779042947,0.023026019434272384
rbv2_xgboost_1464,14,ts,logarithmic,standard,11,none,nan,110,0,0.0,0.0,,,0,0.4231163263320923,0.06778210773734748,0.03509362816653591,0.04363680151160686,0.04064932229467188
rbv2_xgboost_1464,14,ts,logarithmic,standard,12,none,nan,110,0,0.0,0.0,,,0,0.42782530188560486,0.09424294396823327,0.05480093607558681,0.06742542411187116,0.07093970910356637
rbv2_xgboost_1464,14,ts,logarithmic,standard,13,none,nan,110,0,0.0,0.0,,,0,0.42422327399253845,0.04378733519771725,0.026477622361269316,0.03330169759375799,0.028746454904600847
rbv2_xgboost_1464,14,ts,logarithmic,standard,14,none,nan,110,0,0.0,0.0,,,0,0.4249931871891022,0.0605823189116471,0.033933514024713875,0.04261823480243805,0.02423119235468394
rbv2_xgboost_1464,14,ts,logarithmic,standard,15,none,nan,110,0,0.0,0.0,,,0,0.4254468083381653,0.06705245128312828,0.040904013369186906,0.051856910088100915,0.030518921402309322
rbv2_xgboost_1464,14,ts,logarithmic,standard,16,none,nan,110,0,0.0,0.0,,,0,0.4198414385318756,0.06427309534255676,0.03295305749509519,0.04207340465014662,0.03169190472696506
rbv2_xgboost_1464,14,ts,logarithmic,standard,17,none,nan,110,0,0.0,0.0,,,0,0.4269866645336151,0.07863830715414678,0.042718702305700726,0.05289982936445391,0.039180801859982316
rbv2_xgboost_1464,14,ts,logarithmic,standard,18,none,nan,110,0,0.0,0.0,,,0,0.4150877892971039,0.054389105081294915,0.030497883037333945,0.037740391169377205,0.028715707570022706
rbv2_xgboost_1464,14,ts,logarithmic,standard,19,none,nan,110,0,0.0,0.0,,,0,0.42149341106414795,0.07863220512413104,0.04484211228961289,0.05558854238723567,0.03385459189073372
rbv2_xgboost_1464,14,ts,logarithmic,standard,20,none,nan,110,0,0.0,0.0,,,0,0.4213394522666931,0.07591031544845092,0.04331947657006115,0.05483877356808842,0.03174508533933865
rbv2_xgboost_1464,14,ts,logarithmic,standard,21,none,nan,110,0,0.0,0.0,,,0,0.4182165861129761,0.0660386960682301,0.04016056171445495,0.04961288384035022,0.03667692095602109
rbv2_xgboost_1464,14,ts,logarithmic,standard,22,none,nan,110,0,0.0,0.0,,,0,0.41818952560424805,0.07643067324886149,0.043787546308940245,0.05471985234048345,0.04541319021004113
rbv2_xgboost_1464,14,ts,logarithmic,standard,23,none,nan,110,0,0.0,0.0,,,0,0.4177713692188263,0.06819063026976871,0.038627931824222396,0.04838267551906074,0.030679542689980046
rbv2_xgboost_1464,14,ts,logarithmic,standard,24,none,nan,110,0,0.0,0.0,,,0,0.4284745752811432,0.0826296622322191,0.05011990462397835,0.06266799757728551,0.0459568480053118
rbv2_xgboost_1464,14,ts,logarithmic,standard,25,none,nan,110,0,0.0,0.0,,,0,0.4182852506637573,0.05200650525413955,0.030023675088612804,0.03862115543698334,0.023345819669159242
rbv2_xgboost_1464,14,ts,logarithmic,standard,26,none,nan,110,0,0.0,0.0,,,0,0.42295193672180176,0.07266828137432972,0.04339129245343356,0.05433539563869772,0.06019742575078082
rbv2_xgboost_1464,14,ts,logarithmic,standard,27,none,nan,110,0,0.0,0.0,,,0,0.42172643542289734,0.07422763689104485,0.04406903768351766,0.05461277536384939,0.034297606887274915
rbv2_xgboost_1464,14,ts,logarithmic,standard,28,none,nan,110,0,0.0,0.0,,,0,0.4181000888347626,0.04607922680676119,0.02687710806369011,0.03421642838423859,0.03307393978471446
rbv2_xgboost_1464,14,ts,logarithmic,standard,29,none,nan,110,0,0.0,0.0,,,0,0.4242669641971588,0.05278121396901529,0.030623887901799252,0.03892727418360952,0.02931081504772167
rbv2_xgboost_1464,14,ts,logarithmic,standard,30,none,nan,110,0,0.0,0.0,,,0,0.4231725037097931,0.06683383001065381,0.039813935827481745,0.04944640770618591,0.05005611665737912
rbv2_xgboost_1464,14,ts,logarithmic,standard,31,none,nan,110,0,0.0,0.0,,,0,0.4181250333786011,0.056609291388697205,0.03510264529583981,0.04373261747876352,0.030662950420163884
rbv2_xgboost_1464,14,ts,logarithmic,standard,32,none,nan,110,0,0.0,0.0,,,0,0.41655227541923523,0.05395772542352975,0.03192768104792426,0.04043024691243789,0.033644233026613256
rbv2_xgboost_1464,14,ts,logarithmic,standard,33,none,nan,110,0,0.0,0.0,,,0,0.41830605268478394,0.07276127186972073,0.0451970283515669,0.05639119726008543,0.044757787995429475
rbv2_xgboost_1464,14,ts,logarithmic,standard,34,none,nan,110,0,0.0,0.0,,,0,0.4123086929321289,0.04472209577921773,0.026361705886310746,0.03380534573299248,0.022598869811985466
rbv2_xgboost_1464,14,ts,logarithmic,standard,5,none,nan,110,0,0.0,0.0,,,0,0.41020166873931885,0.05760842779782998,0.03401004742110662,0.04337205347109843,0.04046437992442459
rbv2_xgboost_1464,14,ts,logarithmic,standard,6,none,nan,110,0,0.0,0.0,,,0,0.43105724453926086,0.05624001555898957,0.03325310067219142,0.04196259010003412,0.042449103935619646
rbv2_xgboost_1464,14,ts,logarithmic,standard,7,none,nan,110,0,0.0,0.0,,,0,0.41942325234413147,0.06437706071055349,0.04048539003983377,0.050264400940030124,0.04037891665474994
rbv2_xgboost_1464,14,ts,logarithmic,standard,8,none,nan,110,0,0.0,0.0,,,0,0.41539356112480164,0.0654374233740667,0.04055211834725106,0.05083780306464182,0.03324548059792171
rbv2_xgboost_1464,14,ts,logarithmic,standard,9,none,nan,110,0,0.0,0.0,,,0,0.41541436314582825,0.07364474262927409,0.04590473225029808,0.05783587056346585,0.04476837825463871
rbv2_xgboost_1464,14,ucb,constant,decay_greedy_packing_grid_a1_2,10,greedy_packing,0.5,110,65,61.23939808169744,0.5909090909090909,1,108,53,0.41072162985801697,0.08033907112254567,0.04890583096225076,0.05824793503028771,0.08904463941677353
rbv2_xgboost_1464,14,ucb,constant,decay_greedy_packing_grid_a1_2,11,greedy_packing,0.5,110,69,61.23939808169744,0.6272727272727273,2,110,45,0.424231618642807,0.06257587745092248,0.037604173615301356,0.044260523396753175,0.04460328243686257
rbv2_xgboost_1464,14,ucb,constant,decay_greedy_packing_grid_a1_2,12,greedy_packing,0.5,110,66,61.23939808169744,0.6,1,108,41,0.4180043935775757,0.07065101751961894,0.04696335137959229,0.05572112339738857,0.0831123133540283
rbv2_xgboost_1464,14,ucb,constant,decay_greedy_packing_grid_a1_2,13,greedy_packing,0.5,110,62,61.23939808169744,0.5636363636363636,1,110,54,0.4105926752090454,0.05851572380425818,0.037711486406948685,0.044491553696163456,0.05136850805469376
rbv2_xgboost_1464,14,ucb,constant,decay_greedy_packing_grid_a1_2,14,greedy_packing,0.5,110,59,61.23939808169744,0.5363636363636364,2,109,50,0.4227147400379181,0.06797966083827585,0.04313742566465063,0.05110456893350457,0.060133959201994186
rbv2_xgboost_1464,14,ucb,constant,decay_greedy_packing_grid_a1_2,15,greedy_packing,0.5,110,59,61.23939808169744,0.5363636363636364,1,107,61,0.4098854959011078,0.060739354939756,0.04070152612736681,0.0481856694224557,0.07236772348773651
rbv2_xgboost_1464,14,ucb,constant,decay_greedy_packing_grid_a1_2,16,greedy_packing,0.5,110,59,61.23939808169744,0.5363636363636364,3,109,54,0.3814127743244171,0.06789953543336794,0.040453228373880976,0.04781805641511577,0.0781801218352656
rbv2_xgboost_1464,14,ucb,constant,decay_greedy_packing_grid_a1_2,17,greedy_packing,0.5,110,68,61.23939808169744,0.6181818181818182,1,109,51,0.42479342222213745,0.06189901734711476,0.03897121296054741,0.04601958351370085,0.08605527167719473
rbv2_xgboost_1464,14,ucb,constant,decay_greedy_packing_grid_a1_2,18,greedy_packing,0.5,110,66,61.23939808169744,0.6,1,109,63,0.40768295526504517,0.061283501890318226,0.036562888683576815,0.04329386321473317,0.04862896479669059
rbv2_xgboost_1464,14,ucb,constant,decay_greedy_packing_grid_a1_2,19,greedy_packing,0.5,110,52,61.23939808169744,0.4727272727272727,2,110,47,0.42148923873901367,0.05303802241650791,0.03254991506523807,0.0387041194016064,0.03766142326636536
rbv2_xgboost_1464,14,ucb,constant,decay_greedy_packing_grid_a1_2,20,greedy_packing,0.5,110,56,61.23939808169744,0.509090909090909,3,109,62,0.4090951383113861,0.05498585211089084,0.03585901464641659,0.04271751500211528,0.07640001733719502
rbv2_xgboost_1464,14,ucb,constant,decay_greedy_packing_grid_a1_2,21,greedy_packing,0.5,110,62,61.23939808169744,0.5636363636363636,1,110,56,0.4240172803401947,0.045871172071899474,0.030623777618539842,0.036185096876458954,0.04120771459813071
rbv2_xgboost_1464,14,ucb,constant,decay_greedy_packing_grid_a1_2,22,greedy_packing,0.5,110,55,61.23939808169744,0.5,1,108,61,0.42114803194999695,0.06341322245831928,0.0399321667646757,0.04717340678470057,0.0711347309608647
rbv2_xgboost_1464,14,ucb,constant,decay_greedy_packing_grid_a1_2,23,greedy_packing,0.5,110,73,61.23939808169744,0.6636363636363637,2,108,52,0.4269658625125885,0.06769720791645013,0.04345867764010515,0.05126512171506934,0.09272807543359629
rbv2_xgboost_1464,14,ucb,constant,decay_greedy_packing_grid_a1_2,24,greedy_packing,0.5,110,59,61.23939808169744,0.5363636363636364,1,110,50,0.42167648673057556,0.047507777911926084,0.031996488887363755,0.038318715930510984,0.03375650328634814
rbv2_xgboost_1464,14,ucb,constant,decay_greedy_packing_grid_a1_2,25,greedy_packing,0.5,110,53,61.23939808169744,0.4818181818181818,1,109,57,0.4235553443431854,0.052930377992799905,0.03304773521468142,0.03931338264456914,0.03580467517998651
rbv2_xgboost_1464,14,ucb,constant,decay_greedy_packing_grid_a1_2,26,greedy_packing,0.5,110,61,61.23939808169744,0.5545454545454546,2,110,47,0.42151838541030884,0.06320702698341708,0.03858459406489662,0.04609465556849094,0.04405716759928024
rbv2_xgboost_1464,14,ucb,constant,decay_greedy_packing_grid_a1_2,27,greedy_packing,0.5,110,58,61.23939808169744,0.5272727272727272,2,109,50,0.4096234440803528,0.07657438197206384,0.04971364251037083,0.05983720424522026,0.08725400477103538
rbv2_xgboost_1464,14,ucb,constant,decay_greedy_packing_grid_a1_2,28,greedy_packing,0.5,110,61,61.23939808169744,0.5545454545454546,1,110,50,0.4100082218647003,0.05076276032610241,0.034084337602864896,0.04042833814955463,0.040778336433436035
rbv2_xgboost_1464,14,ucb,constant,decay_greedy_packing_grid_a1_2,29,greedy_packing,0.5,110,54,61.23939808169744,0.4909090909090909,2,106,48,0.4126768708229065,0.047121966705993217,0.031130947194835015,0.03692035791479262,0.04314604279414239
rbv2_xgboost_1464,14,ucb,constant,decay_greedy_packing_grid_a1_2,30,greedy_packing,0.5,110,63,61.23939808169744,0.5727272727272728,1,110,54,0.42420247197151184,0.13621501199791386,0.08592131288548116,0.1016050293245913,0.11542135316080156
rbv2_xgboost_1464,14,ucb,constant,decay_greedy_packing_grid_a1_2,31,greedy_packing,0.5,110,53,61.23939808169744,0.4818181818181818,2,110,53,0.41696834564208984,0.050594668197877515,0.03319241820498499,0.03956067078323419,0.041986232869328295
rbv2_xgboost_1464,14,ucb,constant,decay_greedy_packing_grid_a1_2,32,greedy_packing,0.5,110,61,61.23939808169744,0.5545454545454546,2,109,54,0.40699660778045654,0.05551076343785938,0.03632970938054608,0.04321277286612861,0.05930393710654015
rbv2_xgboost_1464,14,ucb,constant,decay_greedy_packing_grid_a1_2,33,greedy_packing,0.5,110,52,61.23939808169744,0.4727272727272727,1,105,51,0.4086958169937134,0.0570628578301205,0.037538192325685615,0.04479187564426339,0.057760032974118226
rbv2_xgboost_1464,14,ucb,constant,decay_greedy_packing_grid_a1_2,34,greedy_packing,0.5,110,58,61.23939808169744,0.5272727272727272,2,110,69,0.4231579303741455,0.05350636505438146,0.03324638161217863,0.03923439791913095,0.04107342923780723
rbv2_xgboost_1464,14,ucb,constant,decay_greedy_packing_grid_a1_2,5,greedy_packing,0.5,110,59,61.23939808169744,0.5363636363636364,1,109,57,0.4092552959918976,0.05212799113917726,0.03203220784848958,0.03828015563529902,0.06454080796230119
rbv2_xgboost_1464,14,ucb,constant,decay_greedy_packing_grid_a1_2,6,greedy_packing,0.5,110,59,61.23939808169744,0.5363636363636364,2,110,55,0.42190954089164734,0.06021916600289965,0.04078734779894067,0.04816947049310906,0.047025897986597065
rbv2_xgboost_1464,14,ucb,constant,decay_greedy_packing_grid_a1_2,7,greedy_packing,0.5,110,65,61.23939808169744,0.5909090909090909,1,108,59,0.41601765155792236,0.0765882310839917,0.05013949372903943,0.059074576887315905,0.08090069255513524
rbv2_xgboost_1464,14,ucb,constant,decay_greedy_packing_grid_a1_2,8,greedy_packing,0.5,110,65,61.23939808169744,0.5909090909090909,1,110,56,0.4268472492694855,0.07351546094937486,0.049404374316380485,0.059073334310803034,0.06189503811279544
rbv2_xgboost_1464,14,ucb,constant,decay_greedy_packing_grid_a1_2,9,greedy_packing,0.5,110,55,61.23939808169744,0.5,1,106,57,0.4266349971294403,0.08466026678664686,0.0541649731318225,0.06418387827625127,0.09969622136073837
rbv2_xgboost_1464,14,ucb,constant,decay_uniform_grid_a1_2,10,uniform,0.5,110,65,61.23939808169744,0.5909090909090909,1,108,53,0.4305993914604187,0.087949159081939,0.05196173977275829,0.06322954309638215,0.09507689268940744
rbv2_xgboost_1464,14,ucb,constant,decay_uniform_grid_a1_2,11,uniform,0.5,110,69,61.23939808169744,0.6272727272727273,2,110,45,0.42328277230262756,0.08575966527987597,0.04806043281866414,0.058824967485192094,0.06445348386564961
rbv2_xgboost_1464,14,ucb,constant,decay_uniform_grid_a1_2,12,uniform,0.5,110,66,61.23939808169744,0.6,1,108,41,0.4087270200252533,0.08188607386144574,0.0493241696894268,0.05993883941456371,0.10235456518170198
rbv2_xgboost_1464,14,ucb,constant,decay_uniform_grid_a1_2,13,uniform,0.5,110,62,61.23939808169744,0.5636363636363636,1,110,54,0.42394861578941345,0.07098887163504397,0.04618366974217634,0.05633284894996171,0.047095924307663926
rbv2_xgboost_1464,14,ucb,constant,decay_uniform_grid_a1_2,14,uniform,0.5,110,59,61.23939808169744,0.5363636363636364,2,109,50,0.42158496379852295,0.07589685384204609,0.04475219947838956,0.05447261789071868,0.07539559131034061
rbv2_xgboost_1464,14,ucb,constant,decay_uniform_grid_a1_2,15,uniform,0.5,110,59,61.23939808169744,0.5363636363636364,1,107,61,0.42368021607398987,0.06673827120019099,0.04015868646795215,0.04940639789883521,0.050655224669409596
rbv2_xgboost_1464,14,ucb,constant,decay_uniform_grid_a1_2,16,uniform,0.5,110,59,61.23939808169744,0.5363636363636364,3,109,54,0.4212125241756439,0.08246958887364919,0.04959844967396258,0.060764046250681145,0.08779894179901954
rbv2_xgboost_1464,14,ucb,constant,decay_uniform_grid_a1_2,17,uniform,0.5,110,68,61.23939808169744,0.6181818181818182,1,109,51,0.42162030935287476,0.07611963679690106,0.04698545873078369,0.05750319948630866,0.08689989341170987
rbv2_xgboost_1464,14,ucb,constant,decay_uniform_grid_a1_2,18,uniform,0.5,110,66,61.23939808169744,0.6,1,109,63,0.431277871131897,0.07754962186717704,0.047426649825647704,0.057368238607746674,0.1095931384623036
rbv2_xgboost_1464,14,ucb,constant,decay_uniform_grid_a1_2,19,uniform,0.5,110,52,61.23939808169744,0.4727272727272727,2,110,47,0.42159536480903625,0.07375414047442821,0.04522029746008603,0.05438341555250745,0.04072670042079928
rbv2_xgboost_1464,14,ucb,constant,decay_uniform_grid_a1_2,20,uniform,0.5,110,56,61.23939808169744,0.509090909090909,3,109,62,0.4245374798774719,0.06790333962884691,0.04102532204592065,0.05014083356068706,0.07255814069672922
rbv2_xgboost_1464,14,ucb,constant,decay_uniform_grid_a1_2,21,uniform,0.5,110,62,61.23939808169744,0.5636363636363636,1,110,56,0.42177635431289673,0.12518648976580168,0.07868188557726771,0.0952550664178081,0.07306404223769052
rbv2_xgboost_1464,14,ucb,constant,decay_uniform_grid_a1_2,22,uniform,0.5,110,55,61.23939808169744,0.5,1,108,61,0.4100727140903473,0.06610821997856085,0.03969855194688013,0.04921080842010783,0.06991964608381937
rbv2_xgboost_1464,14,ucb,constant,decay_uniform_grid_a1_2,23,uniform,0.5,110,73,61.23939808169744,0.6636363636363637,2,108,52,0.4141329526901245,0.09300278773141082,0.055370845429825094,0.06752826567229901,0.11840509051743103
rbv2_xgboost_1464,14,ucb,constant,decay_uniform_grid_a1_2,24,uniform,0.5,110,59,61.23939808169744,0.5363636363636364,1,110,50,0.4086979031562805,0.06177756003229637,0.03452555981165162,0.04219668960614333,0.038395718303081375
rbv2_xgboost_1464,14,ucb,constant,decay_uniform_grid_a1_2,25,uniform,0.5,110,53,61.23939808169744,0.4818181818181818,1,109,57,0.43334248661994934,0.09085986206532316,0.053639265571195326,0.06499700953400017,0.09522511947008566
rbv2_xgboost_1464,14,ucb,constant,decay_uniform_grid_a1_2,26,uniform,0.5,110,61,61.23939808169744,0.5545454545454546,2,110,47,0.4270615875720978,0.08315872146513012,0.05338342141501762,0.06527761274924694,0.04751463674319179
rbv2_xgboost_1464,14,ucb,constant,decay_uniform_grid_a1_2,27,uniform,0.5,110,58,61.23939808169744,0.5272727272727272,2,109,50,0.419918417930603,0.08479006879880674,0.052594424506400735,0.06379866704029818,0.11355470146363518
rbv2_xgboost_1464,14,ucb,constant,decay_uniform_grid_a1_2,28,uniform,0.5,110,61,61.23939808169744,0.5545454545454546,1,110,50,0.42181381583213806,0.1304977816622258,0.07653994244884836,0.0936916547043005,0.08178908686113966
rbv2_xgboost_1464,14,ucb,constant,decay_uniform_grid_a1_2,29,uniform,0.5,110,54,61.23939808169744,0.4909090909090909,2,106,48,0.4087062180042267,0.0781939010317345,0.0455817890083594,0.055125921285374746,0.042306295626524604
rbv2_xgboost_1464,14,ucb,constant,decay_uniform_grid_a1_2,30,uniform,0.5,110,63,61.23939808169744,0.5727272727272728,1,110,54,0.42875343561172485,0.07917907200100506,0.04957806646627226,0.06004473864561894,0.058699427388234304
rbv2_xgboost_1464,14,ucb,constant,decay_uniform_grid_a1_2,31,uniform,0.5,110,53,61.23939808169744,0.4818181818181818,2,110,53,0.4227147400379181,0.07905025540187952,0.04810972230882312,0.0581586668167411,0.05434100554351578
rbv2_xgboost_1464,14,ucb,constant,decay_uniform_grid_a1_2,32,uniform,0.5,110,61,61.23939808169744,0.5545454545454546,2,109,54,0.4170078933238983,0.09399899735495186,0.05840090261360774,0.07078506718580038,0.05666030221721579
rbv2_xgboost_1464,14,ucb,constant,decay_uniform_grid_a1_2,33,uniform,0.5,110,52,61.23939808169744,0.4727272727272727,1,105,51,0.4224151372909546,0.04851871325721925,0.02975938232304871,0.036654067350647926,0.055746467289924724
rbv2_xgboost_1464,14,ucb,constant,decay_uniform_grid_a1_2,34,uniform,0.5,110,58,61.23939808169744,0.5272727272727272,2,110,69,0.41257286071777344,0.07596160931544503,0.04826475671435443,0.05885937550389708,0.041939809466451594
rbv2_xgboost_1464,14,ucb,constant,decay_uniform_grid_a1_2,5,uniform,0.5,110,59,61.23939808169744,0.5363636363636364,1,109,57,0.4094882309436798,0.06901832265715103,0.042335408833264386,0.051792515265473175,0.07514506537625992
rbv2_xgboost_1464,14,ucb,constant,decay_uniform_grid_a1_2,6,uniform,0.5,110,59,61.23939808169744,0.5363636363636364,2,110,55,0.42408180236816406,0.07572840872611909,0.04675214837815417,0.05755586186800319,0.039824076327641386
rbv2_xgboost_1464,14,ucb,constant,decay_uniform_grid_a1_2,7,uniform,0.5,110,65,61.23939808169744,0.5909090909090909,1,108,59,0.40714845061302185,0.07434217346821363,0.04181943037571065,0.0507288988047521,0.07240833239293024
rbv2_xgboost_1464,14,ucb,constant,decay_uniform_grid_a1_2,8,uniform,0.5,110,65,61.23939808169744,0.5909090909090909,1,110,56,0.4208962619304657,0.0872047810882855,0.0508280948656966,0.06207567771650735,0.05070291842981123
rbv2_xgboost_1464,14,ucb,constant,decay_uniform_grid_a1_2,9,uniform,0.5,110,55,61.23939808169744,0.5,1,106,57,0.4275880753993988,0.08722700536070081,0.057751711611786855,0.0705449317277772,0.11725650620765385
rbv2_xgboost_1464,14,ucb,constant,standard,10,none,nan,110,0,0.0,0.0,,,0,0.44049885869026184,0.03973893187950058,0.02345110737392757,0.028701436084417664,0.026334205175348097
rbv2_xgboost_1464,14,ucb,constant,standard,11,none,nan,110,0,0.0,0.0,,,0,0.42148715257644653,0.03815618375451334,0.02300391655684446,0.02850025337431395,0.020949729213057898
rbv2_xgboost_1464,14,ucb,constant,standard,12,none,nan,110,0,0.0,0.0,,,0,0.4368850886821747,0.037385825177969,0.023836822466530655,0.029582649577925536,0.020630908607332944
rbv2_xgboost_1464,14,ucb,constant,standard,13,none,nan,110,0,0.0,0.0,,,0,0.4223651885986328,0.03797704389406706,0.023099900008069163,0.028364967477779113,0.01976078661192709
rbv2_xgboost_1464,14,ucb,constant,standard,14,none,nan,110,0,0.0,0.0,,,0,0.4239403009414673,0.03856643029853893,0.023928366932271884,0.029514657212642473,0.012551675832864229
rbv2_xgboost_1464,14,ucb,constant,standard,15,none,nan,110,0,0.0,0.0,,,0,0.40711307525634766,0.036730138222082764,0.02350479605742444,0.028950466696737405,0.009271888443103424
rbv2_xgboost_1464,14,ucb,constant,standard,16,none,nan,110,0,0.0,0.0,,,0,0.4068843126296997,0.03922942938445034,0.023353541335606978,0.029032293847433513,0.006885911782604294
rbv2_xgboost_1464,14,ucb,constant,standard,17,none,nan,110,0,0.0,0.0,,,0,0.42143514752388,0.03712226807805292,0.022724441435001554,0.02797014887420232,0.0139384497256441
rbv2_xgboost_1464,14,ucb,constant,standard,18,none,nan,110,0,0.0,0.0,,,0,0.42097118496894836,0.08474767019219431,0.050107664197931764,0.0608953203833793,0.043971111767262906
rbv2_xgboost_1464,14,ucb,constant,standard,19,none,nan,110,0,0.0,0.0,,,0,0.4403780996799469,0.03495345522321085,0.022600986326975766,0.027770077038030402,0.022320972737032183
rbv2_xgboost_1464,14,ucb,constant,standard,20,none,nan,110,0,0.0,0.0,,,0,0.4106280505657196,0.035411694645936645,0.023477198858414965,0.02887215833345836,0.00851383000391916
rbv2_xgboost_1464,14,ucb,constant,standard,21,none,nan,110,0,0.0,0.0,,,0,0.4258192777633667,0.03731339170766504,0.023066427179211778,0.028349705509818954,0.02767045602074047
rbv2_xgboost_1464,14,ucb,constant,standard,22,none,nan,110,0,0.0,0.0,,,0,0.40633317828178406,0.03908051852524234,0.023686054524217258,0.029290252939172635,0.008942831769747684
rbv2_xgboost_1464,14,ucb,constant,standard,23,none,nan,110,0,0.0,0.0,,,0,0.4077557325363159,0.043551231730549596,0.02633088448369412,0.032799861672917374,0.015504452981504406
rbv2_xgboost_1464,14,ucb,constant,standard,24,none,nan,110,0,0.0,0.0,,,0,0.4217597246170044,0.03664676843626647,0.02354275960387668,0.028936434265820907,0.015473713698094234
rbv2_xgboost_1464,14,ucb,constant,standard,25,none,nan,110,0,0.0,0.0,,,0,0.42235061526298523,0.06712052645181274,0.042888249973042594,0.05274611027349432,0.04424487571292851
rbv2_xgboost_1464,14,ucb,constant,standard,26,none,nan,110,0,0.0,0.0,,,0,0.43632516264915466,0.038905701821153826,0.02313696586348158,0.028190237264786092,0.014283357679702837
rbv2_xgboost_1464,14,ucb,constant,standard,27,none,nan,110,0,0.0,0.0,,,0,0.4075831174850464,0.06782935319741096,0.04251751317043061,0.05296923437713354,0.03576648954271171
rbv2_xgboost_1464,14,ucb,constant,standard,28,none,nan,110,0,0.0,0.0,,,0,0.408907949924469,0.039944078764899374,0.024358993795834543,0.030730326776324434,0.009580881727065567
rbv2_xgboost_1464,14,ucb,constant,standard,29,none,nan,110,0,0.0,0.0,,,0,0.43848374485969543,0.03851582488449596,0.024082383852552056,0.03000777924246278,0.021779104311875352
rbv2_xgboost_1464,14,ucb,constant,standard,30,none,nan,110,0,0.0,0.0,,,0,0.42192408442497253,0.03493868997325635,0.022376134523994097,0.027388139341245513,0.01925797130291805
rbv2_xgboost_1464,14,ucb,constant,standard,31,none,nan,110,0,0.0,0.0,,,0,0.4214247465133667,0.035825830377507514,0.022723179468557102,0.027807998927814454,0.019109316096208258
rbv2_xgboost_1464,14,ucb,constant,standard,32,none,nan,110,0,0.0,0.0,,,0,0.414482444524765,0.07595414654763194,0.04527227363627356,0.05584648681523063,0.027095764765081184
rbv2_xgboost_1464,14,ucb,constant,standard,33,none,nan,110,0,0.0,0.0,,,0,0.4214060306549072,0.03896637729537795,0.02452919233133722,0.030344921369164612,0.023666754108814043
rbv2_xgboost_1464,14,ucb,constant,standard,34,none,nan,110,0,0.0,0.0,,,0,0.40730443596839905,0.03779840344769711,0.022495411064422266,0.02809342321280037,0.012609222229163886
rbv2_xgboost_1464,14,ucb,constant,standard,5,none,nan,110,0,0.0,0.0,,,0,0.43626686930656433,0.037456119677068876,0.024007100378010557,0.029953308558197937,0.02415450639880128
rbv2_xgboost_1464,14,ucb,constant,standard,6,none,nan,110,0,0.0,0.0,,,0,0.4222694933414459,0.035455822922142825,0.022513502451235783,0.02786039038149888,0.013867478694681456
rbv2_xgboost_1464,14,ucb,constant,standard,7,none,nan,110,0,0.0,0.0,,,0,0.42194074392318726,0.07154975720918566,0.04264820459765524,0.05248812229838542,0.051918807843048816
rbv2_xgboost_1464,14,ucb,constant,standard,8,none,nan,110,0,0.0,0.0,,,0,0.42311006784439087,0.035487379824645504,0.02235593730266163,0.027643434467160142,0.017444985814692154
rbv2_xgboost_1464,14,ucb,constant,standard,9,none,nan,110,0,0.0,0.0,,,0,0.42842671275138855,0.2287204719968187,0.15926021774636928,0.1925738739226959,0.13247891926811822
rbv2_xgboost_31,14,logei,native,decay_greedy_packing_grid_a1_2,10,greedy_packing,0.5,110,65,61.23939808169744,0.5909090909090909,1,108,53,0.4870327115058899,0.08393773176758562,0.050766961550859344,0.06081084485432923,0.051383403957418236
rbv2_xgboost_31,14,logei,native,decay_greedy_packing_grid_a1_2,11,greedy_packing,0.5,110,69,61.23939808169744,0.6272727272727273,2,110,45,0.48794159293174744,0.04619034881702198,0.02748818001459212,0.03265148540333723,0.03634713607565074
rbv2_xgboost_31,14,logei,native,decay_greedy_packing_grid_a1_2,12,greedy_packing,0.5,110,66,61.23939808169744,0.6,1,108,41,0.48571109771728516,0.03811206780552655,0.024528120898561274,0.02926604911957742,0.03979327488029734
rbv2_xgboost_31,14,logei,native,decay_greedy_packing_grid_a1_2,13,greedy_packing,0.5,110,62,61.23939808169744,0.5636363636363636,1,110,54,0.48519206047058105,0.032015202336235615,0.020718335778674483,0.02446367140638405,0.02823058424796243
rbv2_xgboost_31,14,logei,native,decay_greedy_packing_grid_a1_2,14,greedy_packing,0.5,110,59,61.23939808169744,0.5363636363636364,2,109,50,0.48543596267700195,0.06524119455932585,0.038404949549744945,0.045686149900232294,0.07192496643801889
rbv2_xgboost_31,14,logei,native,decay_greedy_packing_grid_a1_2,15,greedy_packing,0.5,110,59,61.23939808169744,0.5363636363636364,1,107,61,0.48977819085121155,0.12840166722695381,0.08671072637019372,0.10267655245404841,0.10991263887748716
rbv2_xgboost_31,14,logei,native,decay_greedy_packing_grid_a1_2,16,greedy_packing,0.5,110,59,61.23939808169744,0.5363636363636364,3,109,54,0.49166494607925415,0.13064008249383446,0.07924462964176454,0.0930366525241384,0.11093173358344073
rbv2_xgboost_31,14,logei,native,decay_greedy_packing_grid_a1_2,17,greedy_packing,0.5,110,68,61.23939808169744,0.6181818181818182,1,109,51,0.48738083243370056,0.046086686582649174,0.0297092533672102,0.0352080038118187,0.029371746495468833
rbv2_xgboost_31,14,logei,native,decay_greedy_packing_grid_a1_2,18,greedy_packing,0.5,110,66,61.23939808169744,0.6,1,109,63,0.48554643988609314,0.04034335446549986,0.024217592429121457,0.028830159693098267,0.024688628895748552
rbv2_xgboost_31,14,logei,native,decay_greedy_packing_grid_a1_2,19,greedy_packing,0.5,110,52,61.23939808169744,0.4727272727272727,2,110,47,0.48939043283462524,0.037870904417220956,0.02511544703455089,0.029915587208802382,0.03677793070541112
rbv2_xgboost_31,14,logei,native,decay_greedy_packing_grid_a1_2,20,greedy_packing,0.5,110,56,61.23939808169744,0.509090909090909,3,109,62,0.445135235786438,0.03877855956789719,0.025384354949420845,0.03013521655453553,0.029707033196105147
rbv2_xgboost_31,14,logei,native,decay_greedy_packing_grid_a1_2,21,greedy_packing,0.5,110,62,61.23939808169744,0.5636363636363636,1,110,56,0.4917962849140167,0.05333799858737037,0.035392899669441175,0.042019590716490446,0.04038722714694622
rbv2_xgboost_31,14,logei,native,decay_greedy_packing_grid_a1_2,22,greedy_packing,0.5,110,55,61.23939808169744,0.5,1,108,61,0.48577365279197693,0.04311109071179321,0.027268373103289292,0.032289099693770036,0.020112140306928754
rbv2_xgboost_31,14,logei,native,decay_greedy_packing_grid_a1_2,23,greedy_packing,0.5,110,73,61.23939808169744,0.6636363636363637,2,108,52,0.44136279821395874,0.04649783795643043,0.02997836335076262,0.03552426199343314,0.057642378313081395
rbv2_xgboost_31,14,logei,native,decay_greedy_packing_grid_a1_2,24,greedy_packing,0.5,110,59,61.23939808169744,0.5363636363636364,1,110,50,0.4858132600784302,0.03474570018485663,0.022391967522858443,0.026860254763056354,0.03169850629365463
rbv2_xgboost_31,14,logei,native,decay_greedy_packing_grid_a1_2,25,greedy_packing,0.5,110,53,61.23939808169744,0.4818181818181818,1,109,57,0.4852379262447357,0.032075981176329,0.020537345055078537,0.024610775694176155,0.023086726267721906
rbv2_xgboost_31,14,logei,native,decay_greedy_packing_grid_a1_2,26,greedy_packing,0.5,110,61,61.23939808169744,0.5545454545454546,2,110,47,0.4913021922111511,0.02483524870990583,0.01687092809037852,0.02015865048034191,0.020756677620774912
rbv2_xgboost_31,14,logei,native,decay_greedy_packing_grid_a1_2,27,greedy_packing,0.5,110,58,61.23939808169744,0.5272727272727272,2,109,50,0.4852170944213867,0.050166637125202536,0.03113997264837011,0.03758346691340912,0.03934208958286437
rbv2_xgboost_31,14,logei,native,decay_greedy_packing_grid_a1_2,28,greedy_packing,0.5,110,61,61.23939808169744,0.5545454545454546,1,110,50,0.4859299957752228,0.03191877763371964,0.0210706090723404,0.025024202622747647,0.029587542215161012
rbv2_xgboost_31,14,logei,native,decay_greedy_packing_grid_a1_2,29,greedy_packing,0.5,110,54,61.23939808169744,0.4909090909090909,2,106,48,0.4884002208709717,0.03575410755678409,0.023714281290441435,0.028270982512185454,0.02235858041084755
rbv2_xgboost_31,14,logei,native,decay_greedy_packing_grid_a1_2,30,greedy_packing,0.5,110,63,61.23939808169744,0.5727272727272728,1,110,54,0.4878978133201599,0.6476850101001266,0.49979855307688137,0.5592054911592428,0.6294291279131262
rbv2_xgboost_31,14,logei,native,decay_greedy_packing_grid_a1_2,31,greedy_packing,0.5,110,53,61.23939808169744,0.4818181818181818,2,110,53,0.4881771504878998,0.05802311191298118,0.037323342100321205,0.04427084866507093,0.05154064940872845
rbv2_xgboost_31,14,logei,native,decay_greedy_packing_grid_a1_2,32,greedy_packing,0.5,110,61,61.23939808169744,0.5545454545454546,2,109,54,0.4880082905292511,0.035661907809459194,0.02348841227087732,0.027940630867045138,0.02819622674710259
rbv2_xgboost_31,14,logei,native,decay_greedy_packing_grid_a1_2,33,greedy_packing,0.5,110,52,61.23939808169744,0.4727272727272727,1,105,51,0.48692846298217773,0.1433320517648257,0.09366550900967778,0.11090496634880607,0.03686753205325843
rbv2_xgboost_31,14,logei,native,decay_greedy_packing_grid_a1_2,34,greedy_packing,0.5,110,58,61.23939808169744,0.5272727272727272,2,110,69,0.48560479283332825,0.03873354985265058,0.024208724850457095,0.028695463409113962,0.031434912157503284
rbv2_xgboost_31,14,logei,native,decay_greedy_packing_grid_a1_2,5,greedy_packing,0.5,110,59,61.23939808169744,0.5363636363636364,1,109,57,0.48703479766845703,0.03286210802719784,0.020835569730288078,0.025148366046490282,0.030054132306723064
rbv2_xgboost_31,14,logei,native,decay_greedy_packing_grid_a1_2,6,greedy_packing,0.5,110,59,61.23939808169744,0.5363636363636364,2,110,55,0.48847734928131104,0.04584911615823498,0.029641612312327606,0.03544416492534625,0.03882540558482853
rbv2_xgboost_31,14,logei,native,decay_greedy_packing_grid_a1_2,7,greedy_packing,0.5,110,65,61.23939808169744,0.5909090909090909,1,108,59,0.4859424829483032,0.27082697195774713,0.19050779023267525,0.2227815724428061,0.33127881820594673
rbv2_xgboost_31,14,logei,native,decay_greedy_packing_grid_a1_2,8,greedy_packing,0.5,110,65,61.23939808169744,0.5909090909090909,1,110,56,0.4897323250770569,0.050088591271977866,0.03292766647263737,0.039436358231348445,0.041507913018891715
rbv2_xgboost_31,14,logei,native,decay_greedy_packing_grid_a1_2,9,greedy_packing,0.5,110,55,61.23939808169744,0.5,1,106,57,0.4855214059352875,0.06971515783446848,0.04590411447296712,0.05471657448795791,0.03905588697662446
rbv2_xgboost_31,14,logei,native,decay_uniform_grid_a1_2,10,uniform,0.5,110,65,61.23939808169744,0.5909090909090909,1,108,53,0.48989495635032654,0.05810915250563276,0.03432816441101809,0.042151307515703944,0.06056395703229731
rbv2_xgboost_31,14,logei,native,decay_uniform_grid_a1_2,11,uniform,0.5,110,69,61.23939808169744,0.6272727272727273,2,110,45,0.4398493468761444,0.07169563012695375,0.039599422499643315,0.0482142688368302,0.05099249683259746
rbv2_xgboost_31,14,logei,native,decay_uniform_grid_a1_2,12,uniform,0.5,110,66,61.23939808169744,0.6,1,108,41,0.49107909202575684,0.14061009688714898,0.08138721732676549,0.09863867483109261,0.13841378026673323
rbv2_xgboost_31,14,logei,native,decay_uniform_grid_a1_2,13,uniform,0.5,110,62,61.23939808169744,0.5636363636363636,1,110,54,0.48917779326438904,0.07890556124701349,0.0502927054001755,0.06197946860117133,0.05347442977660395
rbv2_xgboost_31,14,logei,native,decay_uniform_grid_a1_2,14,uniform,0.5,110,59,61.23939808169744,0.5363636363636364,2,109,50,0.3532044291496277,0.11031986263959635,0.06739663245300885,0.08245069985691494,0.12477133615626927
rbv2_xgboost_31,14,logei,native,decay_uniform_grid_a1_2,15,uniform,0.5,110,59,61.23939808169744,0.5363636363636364,1,107,61,0.4870744049549103,0.042625083407325286,0.025950161524928503,0.03201168178178972,0.03480723754106351
rbv2_xgboost_31,14,logei,native,decay_uniform_grid_a1_2,16,uniform,0.5,110,59,61.23939808169744,0.5363636363636364,3,109,54,0.4866991639137268,0.04811426533332213,0.029081221302081364,0.036059874673808084,0.038735936488774124
rbv2_xgboost_31,14,logei,native,decay_uniform_grid_a1_2,17,uniform,0.5,110,68,61.23939808169744,0.6181818181818182,1,109,51,0.48573821783065796,0.07042279563342518,0.04429054148709538,0.05478853715789184,0.082175675141971
rbv2_xgboost_31,14,logei,native,decay_uniform_grid_a1_2,18,uniform,0.5,110,66,61.23939808169744,0.6,1,109,63,0.4889484941959381,0.48752613273038037,0.3398089985947885,0.39552564690894587,0.6205353523185513
rbv2_xgboost_31,14,logei,native,decay_uniform_grid_a1_2,19,uniform,0.5,110,52,61.23939808169744,0.4727272727272727,2,110,47,0.4753277003765106,0.12787054844823348,0.08056616761661847,0.09805367107443651,0.07128438833677468
rbv2_xgboost_31,14,logei,native,decay_uniform_grid_a1_2,20,uniform,0.5,110,56,61.23939808169744,0.509090909090909,3,109,62,0.4852004051208496,0.05423280716081726,0.032922701573747,0.040320967371188454,0.04154040779620079
rbv2_xgboost_31,14,logei,native,decay_uniform_grid_a1_2,21,uniform,0.5,110,62,61.23939808169744,0.5636363636363636,1,110,56,0.4905287027359009,0.09846168856355536,0.062083964695290844,0.0755749284204505,0.06342188841323877
rbv2_xgboost_31,14,logei,native,decay_uniform_grid_a1_2,22,uniform,0.5,110,55,61.23939808169744,0.5,1,108,61,0.4890652298927307,0.10468387913095599,0.06358685337242115,0.07935590834160366,0.0852956671229326
rbv2_xgboost_31,14,logei,native,decay_uniform_grid_a1_2,23,uniform,0.5,110,73,61.23939808169744,0.6636363636363637,2,108,52,0.4853358864784241,0.12025952192234511,0.07121904220285866,0.08724624318562334,0.07726149744165357
rbv2_xgboost_31,14,logei,native,decay_uniform_grid_a1_2,24,uniform,0.5,110,59,61.23939808169744,0.5363636363636364,1,110,50,0.49057042598724365,0.04433856180382728,0.02407210588248023,0.029578176815044963,0.026142609236772744
rbv2_xgboost_31,14,logei,native,decay_uniform_grid_a1_2,25,uniform,0.5,110,53,61.23939808169744,0.4818181818181818,1,109,57,0.4872119724750519,0.1613928355411836,0.09972248585142525,0.1212017183662635,0.1543299252169876
rbv2_xgboost_31,14,logei,native,decay_uniform_grid_a1_2,26,uniform,0.5,110,61,61.23939808169744,0.5545454545454546,2,110,47,0.4871077537536621,0.04205185634504317,0.026018117801281576,0.03228829801772404,0.02398177324042755
rbv2_xgboost_31,14,logei,native,decay_uniform_grid_a1_2,27,uniform,0.5,110,58,61.23939808169744,0.5272727272727272,2,109,50,0.48607590794563293,0.0641445005655284,0.04114017269702337,0.050206035651906906,0.046709149927484296
rbv2_xgboost_31,14,logei,native,decay_uniform_grid_a1_2,28,uniform,0.5,110,61,61.23939808169744,0.5545454545454546,1,110,50,0.49088940024375916,0.14123164544958344,0.08085871814817883,0.09915850862487428,0.09695718746606151
rbv2_xgboost_31,14,logei,native,decay_uniform_grid_a1_2,29,uniform,0.5,110,54,61.23939808169744,0.4909090909090909,2,106,48,0.49402299523353577,0.506222499273729,0.34900881529244476,0.4048046221095307,0.5844243541501828
rbv2_xgboost_31,14,logei,native,decay_uniform_grid_a1_2,30,uniform,0.5,110,63,61.23939808169744,0.5727272727272728,1,110,54,0.48917779326438904,0.05113838980805722,0.0319970247141015,0.0389834934510756,0.03778722151272034
rbv2_xgboost_31,14,logei,native,decay_uniform_grid_a1_2,31,uniform,0.5,110,53,61.23939808169744,0.4818181818181818,2,110,53,0.49402299523353577,0.5637644680001845,0.39486243466458293,0.4552008295015052,0.45400606402071236
rbv2_xgboost_31,14,logei,native,decay_uniform_grid_a1_2,32,uniform,0.5,110,61,61.23939808169744,0.5545454545454546,2,109,54,0.4871077537536621,0.08189046505174855,0.049994201786354844,0.061249919437260145,0.08600016481014032
rbv2_xgboost_31,14,logei,native,decay_uniform_grid_a1_2,33,uniform,0.5,110,52,61.23939808169744,0.4727272727272727,1,105,51,0.49227163195610046,0.037235280993289016,0.023020021430685877,0.028539694184819147,0.03039447596579533
rbv2_xgboost_31,14,logei,native,decay_uniform_grid_a1_2,34,uniform,0.5,110,58,61.23939808169744,0.5272727272727272,2,110,69,0.49263858795166016,0.10147151675950364,0.06623960775398147,0.0808591281464485,0.05978381931879238
rbv2_xgboost_31,14,logei,native,decay_uniform_grid_a1_2,5,uniform,0.5,110,59,61.23939808169744,0.5363636363636364,1,109,57,0.48715779185295105,0.07031954067418118,0.042601914879771274,0.05207544029286664,0.07853275636329458
rbv2_xgboost_31,14,logei,native,decay_uniform_grid_a1_2,6,uniform,0.5,110,59,61.23939808169744,0.5363636363636364,2,110,55,0.4851837456226349,0.3184839993299999,0.20944002881965262,0.25063028171705604,0.19855737845863655
rbv2_xgboost_31,14,logei,native,decay_uniform_grid_a1_2,7,uniform,0.5,110,65,61.23939808169744,0.5909090909090909,1,108,59,0.4747858941555023,0.07666855155846648,0.041326673946209536,0.05047671006844492,0.038112317378234194
rbv2_xgboost_31,14,logei,native,decay_uniform_grid_a1_2,8,uniform,0.5,110,65,61.23939808169744,0.5909090909090909,1,110,56,0.4502595365047455,0.06024202816544095,0.035382094583166795,0.04346523574463862,0.034804101372997644
rbv2_xgboost_31,14,logei,native,decay_uniform_grid_a1_2,9,uniform,0.5,110,55,61.23939808169744,0.5,1,106,57,0.43646878004074097,0.13005160198510862,0.08391606328471052,0.1026441010301004,0.13087609367581807
rbv2_xgboost_31,14,logei,native,standard,10,none,nan,110,0,0.0,0.0,,,0,0.4463844895362854,0.046385466911268824,0.028316565768574754,0.03465161531863133,0.033673310623626204
rbv2_xgboost_31,14,logei,native,standard,11,none,nan,110,0,0.0,0.0,,,0,0.4894092082977295,0.04171196849366831,0.024578885093285804,0.03031143897696313,0.025176985505914455
rbv2_xgboost_31,14,logei,native,standard,12,none,nan,110,0,0.0,0.0,,,0,0.48811671137809753,0.0407420779709842,0.025894721294258558,0.03208902629033548,0.01716145516541493
rbv2_xgboost_31,14,logei,native,standard,13,none,nan,110,0,0.0,0.0,,,0,0.49402299523353577,0.037572616915849434,0.02513340368554487,0.03082426203685971,0.01876616875591938
rbv2_xgboost_31,14,logei,native,standard,14,none,nan,110,0,0.0,0.0,,,0,0.48582157492637634,0.06323740040846478,0.039481050130948825,0.04830871337226101,0.030338464158437446
rbv2_xgboost_31,14,logei,native,standard,15,none,nan,110,0,0.0,0.0,,,0,0.49402299523353577,0.13491410619342778,0.08532178790221437,0.10400081306953306,0.06526007333646748
rbv2_xgboost_31,14,logei,native,standard,16,none,nan,110,0,0.0,0.0,,,0,0.4853588342666626,0.06299328206067675,0.03776749113808216,0.04630651574699835,0.03081652140818645
rbv2_xgboost_31,14,logei,native,standard,17,none,nan,110,0,0.0,0.0,,,0,0.4852170944213867,0.039100485651067544,0.023793935492161505,0.02916135338961933,0.010054089936721829
rbv2_xgboost_31,14,logei,native,standard,18,none,nan,110,0,0.0,0.0,,,0,0.48582157492637634,0.11342177401257979,0.06254026110918087,0.07659680694453677,0.04543100121509722
rbv2_xgboost_31,14,logei,native,standard,19,none,nan,110,0,0.0,0.0,,,0,0.48675963282585144,0.03786646522400393,0.023839431481474167,0.029414206452403367,0.025245576181409712
rbv2_xgboost_31,14,logei,native,standard,20,none,nan,110,0,0.0,0.0,,,0,0.4851837456226349,0.03813114021984076,0.02450659136703255,0.030089353200691712,0.026566955101871594
rbv2_xgboost_31,14,logei,native,standard,21,none,nan,110,0,0.0,0.0,,,0,0.4853358864784241,0.05177806825855603,0.03243309248596068,0.039808071706789336,0.018355047939670785
rbv2_xgboost_31,14,logei,native,standard,22,none,nan,110,0,0.0,0.0,,,0,0.4853150546550751,0.08213478439114678,0.05158697518353616,0.06155841423421354,0.048110262871272014
rbv2_xgboost_31,14,logei,native,standard,23,none,nan,110,0,0.0,0.0,,,0,0.4863343834877014,0.15119957973665546,0.0912730222605439,0.11254120010392932,0.061595246120224566
rbv2_xgboost_31,14,logei,native,standard,24,none,nan,110,0,0.0,0.0,,,0,0.42278966307640076,0.1410091980839338,0.09815700165851747,0.11556417682066386,0.14578138548904732
rbv2_xgboost_31,14,logei,native,standard,25,none,nan,110,0,0.0,0.0,,,0,0.43237051367759705,0.09785659866750095,0.06213037870915111,0.07576020768151363,0.06354413271899782
rbv2_xgboost_31,14,logei,native,standard,26,none,nan,110,0,0.0,0.0,,,0,0.49402299523353577,0.03717195438630954,0.024707039636949372,0.03022146541336129,0.016458170267043142
rbv2_xgboost_31,14,logei,native,standard,27,none,nan,110,0,0.0,0.0,,,0,0.34590837359428406,0.06394362259244162,0.04109969297410089,0.048774157742862596,0.061866567762167805
rbv2_xgboost_31,14,logei,native,standard,28,none,nan,110,0,0.0,0.0,,,0,0.4852379262447357,0.040137409753779864,0.02554664559175882,0.03169417153531781,0.020841172893865462
rbv2_xgboost_31,14,logei,native,standard,29,none,nan,110,0,0.0,0.0,,,0,0.4852379262447357,0.04024169720465184,0.025424452966140973,0.03174964510298068,0.008866992851042385
rbv2_xgboost_31,14,logei,native,standard,30,none,nan,110,0,0.0,0.0,,,0,0.48635104298591614,0.03516042255412292,0.02272321279575018,0.02767826705229011,0.015553410707387897
rbv2_xgboost_31,14,logei,native,standard,31,none,nan,110,0,0.0,0.0,,,0,0.48517748713493347,0.041030736855673405,0.025659716010387777,0.03146984069795789,0.0159289004876709
rbv2_xgboost_31,14,logei,native,standard,32,none,nan,110,0,0.0,0.0,,,0,0.488389790058136,0.03979981444314529,0.02434683088478085,0.030023556130553016,0.017435140995583416
rbv2_xgboost_31,14,logei,native,standard,33,none,nan,110,0,0.0,0.0,,,0,0.48892971873283386,0.04071835276275766,0.025046858338100317,0.03079673408289158,0.02640112254574673
rbv2_xgboost_31,14,logei,native,standard,34,none,nan,110,0,0.0,0.0,,,0,0.5093052387237549,0.041948149892771874,0.02488084300214597,0.030737192455152794,0.008217387549150473
rbv2_xgboost_31,14,logei,native,standard,5,none,nan,110,0,0.0,0.0,,,0,0.4900325536727905,0.039155595179453245,0.025220300276788402,0.03130827526113859,0.021613878603265847
rbv2_xgboost_31,14,logei,native,standard,6,none,nan,110,0,0.0,0.0,,,0,0.49402299523353577,0.038003839444767755,0.02461322748442072,0.03030913880261969,0.011884863127658359
rbv2_xgboost_31,14,logei,native,standard,7,none,nan,110,0,0.0,0.0,,,0,0.4926239848136902,0.067138885612745,0.04085295859863605,0.05040737930028598,0.026721150545409956
rbv2_xgboost_31,14,logei,native,standard,8,none,nan,110,0,0.0,0.0,,,0,0.48635104298591614,0.03781434483558934,0.024155825423141625,0.029772752136260076,0.025867348177954677
rbv2_xgboost_31,14,logei,native,standard,9,none,nan,110,0,0.0,0.0,,,0,0.4609311819076538,0.12084551264396218,0.07977543744676978,0.09552353568036144,0.09257313123861617
rbv2_xgboost_31,14,mes_gumbel,native,decay_greedy_packing_grid_a1_2,10,greedy_packing,0.5,110,65,61.23939808169744,0.5909090909090909,1,108,53,0.4935184419155121,0.0769244804907777,0.04725254965702145,0.05608037865048054,0.08520115504056845
rbv2_xgboost_31,14,mes_gumbel,native,decay_greedy_packing_grid_a1_2,11,greedy_packing,0.5,110,69,61.23939808169744,0.6272727272727273,2,110,45,0.4886941611766815,0.04114439495856195,0.024401212092359403,0.028905338143494115,0.03187367630839617
rbv2_xgboost_31,14,mes_gumbel,native,decay_greedy_packing_grid_a1_2,12,greedy_packing,0.5,110,66,61.23939808169744,0.6,1,108,41,0.4862801730632782,0.04060970249918175,0.0263854568452829,0.03149945555381845,0.02057822984758048
rbv2_xgboost_31,14,mes_gumbel,native,decay_greedy_packing_grid_a1_2,13,greedy_packing,0.5,110,62,61.23939808169744,0.5636363636363636,1,110,54,0.48763930797576904,0.0309339532861239,0.02036241101682472,0.02406620008586925,0.027940594337763993
rbv2_xgboost_31,14,mes_gumbel,native,decay_greedy_packing_grid_a1_2,14,greedy_packing,0.5,110,59,61.23939808169744,0.5363636363636364,2,109,50,0.48943212628364563,0.14950099026863944,0.09306861003046682,0.10904995913556041,0.1556201435297166
rbv2_xgboost_31,14,mes_gumbel,native,decay_greedy_packing_grid_a1_2,15,greedy_packing,0.5,110,59,61.23939808169744,0.5363636363636364,1,107,61,0.4597959518432617,0.10014454726713273,0.06672289578817632,0.07833402756701835,0.11501982257662538
rbv2_xgboost_31,14,mes_gumbel,native,decay_greedy_packing_grid_a1_2,16,greedy_packing,0.5,110,59,61.23939808169744,0.5363636363636364,3,109,54,0.3605518937110901,0.0438829277923621,0.029532511903235227,0.03499673242809285,0.03479862746439985
rbv2_xgboost_31,14,mes_gumbel,native,decay_greedy_packing_grid_a1_2,17,greedy_packing,0.5,110,68,61.23939808169744,0.6181818181818182,1,109,51,0.4886941611766815,0.044938410332330626,0.029615277473230416,0.03481034611444068,0.04606167936408603
rbv2_xgboost_31,14,mes_gumbel,native,decay_greedy_packing_grid_a1_2,18,greedy_packing,0.5,110,66,61.23939808169744,0.6,1,109,63,0.49402299523353577,0.3164332276087056,0.20508819249214097,0.23471428603343986,0.3558066823495313
rbv2_xgboost_31,14,mes_gumbel,native,decay_greedy_packing_grid_a1_2,19,greedy_packing,0.5,110,52,61.23939808169744,0.4727272727272727,2,110,47,0.486011266708374,0.03920133608348433,0.02547609424013791,0.03038479455214239,0.036477568998991704
rbv2_xgboost_31,14,mes_gumbel,native,decay_greedy_packing_grid_a1_2,20,greedy_packing,0.5,110,56,61.23939808169744,0.509090909090909,3,109,62,0.48814380168914795,0.03897658870983221,0.025261748951419978,0.030279647344660873,0.031439111618564115
rbv2_xgboost_31,14,mes_gumbel,native,decay_greedy_packing_grid_a1_2,21,greedy_packing,0.5,110,62,61.23939808169744,0.5636363636363636,1,110,56,0.4870744049549103,0.04620339737461126,0.03188222849573574,0.03770034623369834,0.04254128745525492
rbv2_xgboost_31,14,mes_gumbel,native,decay_greedy_packing_grid_a1_2,22,greedy_packing,0.5,110,55,61.23939808169744,0.5,1,108,61,0.4885669946670532,0.10828903158275917,0.0722491284215547,0.08472177267525438,0.1550237335034066
rbv2_xgboost_31,14,mes_gumbel,native,decay_greedy_packing_grid_a1_2,23,greedy_packing,0.5,110,73,61.23939808169744,0.6636363636363637,2,108,52,0.48573821783065796,0.1735821661132957,0.11486785971194599,0.13488277072610644,0.2520970828716115
rbv2_xgboost_31,14,mes_gumbel,native,decay_greedy_packing_grid_a1_2,24,greedy_packing,0.5,110,59,61.23939808169744,0.5363636363636364,1,110,50,0.49056416749954224,0.030459484978702742,0.020779906005878444,0.025025832028170016,0.02338648633184128
rbv2_xgboost_31,14,mes_gumbel,native,decay_greedy_packing_grid_a1_2,25,greedy_packing,0.5,110,53,61.23939808169744,0.4818181818181818,1,109,57,0.44326353073120117,0.03447810817809962,0.022419355918930562,0.026734689064876197,0.030915994093880583
rbv2_xgboost_31,14,mes_gumbel,native,decay_greedy_packing_grid_a1_2,26,greedy_packing,0.5,110,61,61.23939808169744,0.5545454545454546,2,110,47,0.4872974455356598,0.0398052405750952,0.024840941440931387,0.02965916501629489,0.030907071007703218
rbv2_xgboost_31,14,mes_gumbel,native,decay_greedy_packing_grid_a1_2,27,greedy_packing,0.5,110,58,61.23939808169744,0.5272727272727272,2,109,50,0.48589247465133667,0.07408499292869278,0.044011499161043126,0.0528893096008915,0.051176224560394085
rbv2_xgboost_31,14,mes_gumbel,native,decay_greedy_packing_grid_a1_2,28,greedy_packing,0.5,110,61,61.23939808169744,0.5545454545454546,1,110,50,0.4853358864784241,0.031238621860295628,0.021000318005727166,0.024864223016393287,0.027517263749801357
rbv2_xgboost_31,14,mes_gumbel,native,decay_greedy_packing_grid_a1_2,29,greedy_packing,0.5,110,54,61.23939808169744,0.4909090909090909,2,106,48,0.4866408109664917,0.038743473155606035,0.024696470252588712,0.029398073120839086,0.02395787205245413
rbv2_xgboost_31,14,mes_gumbel,native,decay_greedy_packing_grid_a1_2,30,greedy_packing,0.5,110,63,61.23939808169744,0.5727272727272728,1,110,54,0.490024209022522,0.07169470911258767,0.04645585655965491,0.05475461599477498,0.05850050537504207
rbv2_xgboost_31,14,mes_gumbel,native,decay_greedy_packing_grid_a1_2,31,greedy_packing,0.5,110,53,61.23939808169744,0.4818181818181818,2,110,53,0.4875434339046478,0.06517258897526086,0.043632325902547425,0.05203251670244691,0.05791741630980711
rbv2_xgboost_31,14,mes_gumbel,native,decay_greedy_packing_grid_a1_2,32,greedy_packing,0.5,110,61,61.23939808169744,0.5545454545454546,2,109,54,0.4323226511478424,0.060340547927222106,0.03966621153310254,0.047141427081388486,0.07740337116190579
rbv2_xgboost_31,14,mes_gumbel,native,decay_greedy_packing_grid_a1_2,33,greedy_packing,0.5,110,52,61.23939808169744,0.4727272727272727,1,105,51,0.43752622604370117,0.07320536442966133,0.04669637762593059,0.0552115519067692,0.06544557032478615
rbv2_xgboost_31,14,mes_gumbel,native,decay_greedy_packing_grid_a1_2,34,greedy_packing,0.5,110,58,61.23939808169744,0.5272727272727272,2,110,69,0.49161699414253235,0.09506175708790432,0.05708718797510555,0.06714060661203265,0.08214529428868728
rbv2_xgboost_31,14,mes_gumbel,native,decay_greedy_packing_grid_a1_2,5,greedy_packing,0.5,110,59,61.23939808169744,0.5363636363636364,1,109,57,0.4872119724750519,0.033862493798544155,0.021589097599365264,0.026040833942297385,0.018874028884025847
rbv2_xgboost_31,14,mes_gumbel,native,decay_greedy_packing_grid_a1_2,6,greedy_packing,0.5,110,59,61.23939808169744,0.5363636363636364,2,110,55,0.49402299523353577,0.04805536662675609,0.032073718245383825,0.03831561172497713,0.04471820307194517
rbv2_xgboost_31,14,mes_gumbel,native,decay_greedy_packing_grid_a1_2,7,greedy_packing,0.5,110,65,61.23939808169744,0.5909090909090909,1,108,59,0.4935038387775421,0.15164921083822214,0.09954694104498207,0.11581033645125577,0.2002829256503909
rbv2_xgboost_31,14,mes_gumbel,native,decay_greedy_packing_grid_a1_2,8,greedy_packing,0.5,110,65,61.23939808169744,0.5909090909090909,1,110,56,0.41657933592796326,0.05264616622917017,0.034277264842700945,0.040631556860967526,0.04309572926534945
rbv2_xgboost_31,14,mes_gumbel,native,decay_greedy_packing_grid_a1_2,9,greedy_packing,0.5,110,55,61.23939808169744,0.5,1,106,57,0.49402299523353577,0.09483565102219466,0.06120954699466496,0.07214268649920978,0.09499931290130931
rbv2_xgboost_31,14,mes_gumbel,native,decay_uniform_grid_a1_2,10,uniform,0.5,110,65,61.23939808169744,0.5909090909090909,1,108,53,0.4922049343585968,0.056185173856089635,0.03385322245292642,0.04127999980200126,0.05286288954805769
rbv2_xgboost_31,14,mes_gumbel,native,decay_uniform_grid_a1_2,11,uniform,0.5,110,69,61.23939808169744,0.6272727272727273,2,110,45,0.4862906038761139,0.05554705491521584,0.030185032736773774,0.03714984482538021,0.03949998089982579
rbv2_xgboost_31,14,mes_gumbel,native,decay_uniform_grid_a1_2,12,uniform,0.5,110,66,61.23939808169744,0.6,1,108,41,0.49402299523353577,0.1055869679990657,0.062018656400910366,0.07530121108689135,0.10933847364703796
rbv2_xgboost_31,14,mes_gumbel,native,decay_uniform_grid_a1_2,13,uniform,0.5,110,62,61.23939808169744,0.5636363636363636,1,110,54,0.40761223435401917,0.07162904455722181,0.045518926149211034,0.05564454615180684,0.045774563649147636
rbv2_xgboost_31,14,mes_gumbel,native,decay_uniform_grid_a1_2,14,uniform,0.5,110,59,61.23939808169744,0.5363636363636364,2,109,50,0.3253656327724457,0.10050731608948076,0.06135490312742534,0.07489668478323645,0.10021247074694778
rbv2_xgboost_31,14,mes_gumbel,native,decay_uniform_grid_a1_2,15,uniform,0.5,110,59,61.23939808169744,0.5363636363636364,1,107,61,0.4894842505455017,0.051446308875066245,0.03137572762644411,0.03853379844264621,0.051850125222949815
rbv2_xgboost_31,14,mes_gumbel,native,decay_uniform_grid_a1_2,16,uniform,0.5,110,59,61.23939808169744,0.5363636363636364,3,109,54,0.488829642534256,0.0651036635853864,0.03916073996284175,0.04774604494729385,0.06867092331524807
rbv2_xgboost_31,14,mes_gumbel,native,decay_uniform_grid_a1_2,17,uniform,0.5,110,68,61.23939808169744,0.6181818181818182,1,109,51,0.4881771504878998,0.09260940123943663,0.05841129652649441,0.07170243941547964,0.08905156196211507
rbv2_xgboost_31,14,mes_gumbel,native,decay_uniform_grid_a1_2,18,uniform,0.5,110,66,61.23939808169744,0.6,1,109,63,0.5013129115104675,0.275917360811234,0.178689542127018,0.21113283278162523,0.3591904217555969
rbv2_xgboost_31,14,mes_gumbel,native,decay_uniform_grid_a1_2,19,uniform,0.5,110,52,61.23939808169744,0.4727272727272727,2,110,47,0.48622390627861023,0.09990277857458846,0.06269505758464156,0.0752609990117935,0.05718462396059643
rbv2_xgboost_31,14,mes_gumbel,native,decay_uniform_grid_a1_2,20,uniform,0.5,110,56,61.23939808169744,0.509090909090909,3,109,62,0.48539844155311584,0.0788377205831609,0.049508915302383334,0.05989580032838702,0.08569968171764948
rbv2_xgboost_31,14,mes_gumbel,native,decay_uniform_grid_a1_2,21,uniform,0.5,110,62,61.23939808169744,0.5636363636363636,1,110,56,0.43341323733329773,0.14281855018360493,0.094079682965307,0.11324063674767236,0.09979226644409177
rbv2_xgboost_31,14,mes_gumbel,native,decay_uniform_grid_a1_2,22,uniform,0.5,110,55,61.23939808169744,0.5,1,108,61,0.48814380168914795,0.042453968960168224,0.025265624161307017,0.03161077078063109,0.028921809590228293
rbv2_xgboost_31,14,mes_gumbel,native,decay_uniform_grid_a1_2,23,uniform,0.5,110,73,61.23939808169744,0.6636363636363637,2,108,52,0.4954908788204193,0.6266289708459211,0.46944766056122705,0.5350153097789571,0.7628311520072141
rbv2_xgboost_31,14,mes_gumbel,native,decay_uniform_grid_a1_2,24,uniform,0.5,110,59,61.23939808169744,0.5363636363636364,1,110,50,0.48629269003868103,0.045602649906688046,0.024879118094066194,0.030587301156788614,0.027607451441569123
rbv2_xgboost_31,14,mes_gumbel,native,decay_uniform_grid_a1_2,25,uniform,0.5,110,53,61.23939808169744,0.4818181818181818,1,109,57,0.4418582618236542,0.1150713078183293,0.06681796935901038,0.08156427345665135,0.04182277211801212
rbv2_xgboost_31,14,mes_gumbel,native,decay_uniform_grid_a1_2,26,uniform,0.5,110,61,61.23939808169744,0.5545454545454546,2,110,47,0.4871536195278168,0.040888550630938526,0.02500922720957868,0.031041454754956517,0.022943388535027
rbv2_xgboost_31,14,mes_gumbel,native,decay_uniform_grid_a1_2,27,uniform,0.5,110,58,61.23939808169744,0.5272727272727272,2,109,50,0.48662203550338745,0.07110464015247982,0.045470960898274584,0.05523670049950476,0.08172703765382566
rbv2_xgboost_31,14,mes_gumbel,native,decay_uniform_grid_a1_2,28,uniform,0.5,110,61,61.23939808169744,0.5545454545454546,1,110,50,0.44614505767822266,0.13327970272546047,0.07660433560829523,0.0937847487867768,0.09032878508918159
rbv2_xgboost_31,14,mes_gumbel,native,decay_uniform_grid_a1_2,29,uniform,0.5,110,54,61.23939808169744,0.4909090909090909,2,106,48,0.49402299523353577,0.08512223955833818,0.05264912709606638,0.06377428443558064,0.10587900009937656
rbv2_xgboost_31,14,mes_gumbel,native,decay_uniform_grid_a1_2,30,uniform,0.5,110,63,61.23939808169744,0.5727272727272728,1,110,54,0.49072885513305664,0.049877278747126774,0.03096274094721836,0.03745433529964537,0.03631577307493097
rbv2_xgboost_31,14,mes_gumbel,native,decay_uniform_grid_a1_2,31,uniform,0.5,110,53,61.23939808169744,0.4818181818181818,2,110,53,0.49402299523353577,0.21769804252835834,0.14112473595972944,0.16716708762291654,0.1614061785885323
rbv2_xgboost_31,14,mes_gumbel,native,decay_uniform_grid_a1_2,32,uniform,0.5,110,61,61.23939808169744,0.5545454545454546,2,109,54,0.4928491711616516,0.08226907057271964,0.05035513325939184,0.06151978764250718,0.048238129028516534
rbv2_xgboost_31,14,mes_gumbel,native,decay_uniform_grid_a1_2,33,uniform,0.5,110,52,61.23939808169744,0.4727272727272727,1,105,51,0.4803418517112732,0.15472513402105834,0.09625801753472493,0.11750272382914666,0.02587651526006536
rbv2_xgboost_31,14,mes_gumbel,native,decay_uniform_grid_a1_2,34,uniform,0.5,110,58,61.23939808169744,0.5272727272727272,2,110,69,0.49402299523353577,0.07151204916763117,0.04699024849063826,0.057205729883822026,0.04148903126009551
rbv2_xgboost_31,14,mes_gumbel,native,decay_uniform_grid_a1_2,5,uniform,0.5,110,59,61.23939808169744,0.5363636363636364,1,109,57,0.48747047781944275,0.10911210301283958,0.0678197510497413,0.08234485302030743,0.08002323802552228
rbv2_xgboost_31,14,mes_gumbel,native,decay_uniform_grid_a1_2,6,uniform,0.5,110,59,61.23939808169744,0.5363636363636364,2,110,55,0.49402299523353577,0.1188853273871963,0.07272042028441897,0.08886074708065625,0.06593310513749921
rbv2_xgboost_31,14,mes_gumbel,native,decay_uniform_grid_a1_2,7,uniform,0.5,110,65,61.23939808169744,0.5909090909090909,1,108,59,0.49402299523353577,0.09213528131886467,0.05088057167209728,0.06218517745531509,0.10604194327596164
rbv2_xgboost_31,14,mes_gumbel,native,decay_uniform_grid_a1_2,8,uniform,0.5,110,65,61.23939808169744,0.5909090909090909,1,110,56,0.439268559217453,0.05780055570339336,0.03400213700254441,0.041891589125821437,0.03415607449108128
rbv2_xgboost_31,14,mes_gumbel,native,decay_uniform_grid_a1_2,9,uniform,0.5,110,55,61.23939808169744,0.5,1,106,57,0.4819112718105316,0.11181325351223935,0.07104824990858707,0.08731340392195781,0.1092491075188147
rbv2_xgboost_31,14,mes_gumbel,native,standard,10,none,nan,110,0,0.0,0.0,,,0,0.49402299523353577,0.04266890535877968,0.025488168899976408,0.03166613302675232,0.021105917285929893
rbv2_xgboost_31,14,mes_gumbel,native,standard,11,none,nan,110,0,0.0,0.0,,,0,0.4871077537536621,0.04000380265088435,0.024786833142402553,0.03020552923971912,0.02062378775566085
rbv2_xgboost_31,14,mes_gumbel,native,standard,12,none,nan,110,0,0.0,0.0,,,0,0.49402299523353577,0.5660669724017996,0.4032760495741007,0.4597705168413408,0.6069859165648305
rbv2_xgboost_31,14,mes_gumbel,native,standard,13,none,nan,110,0,0.0,0.0,,,0,0.490545392036438,0.03623311217968913,0.023158347775781934,0.02828331008037629,0.012008146847466832
rbv2_xgboost_31,14,mes_gumbel,native,standard,14,none,nan,110,0,0.0,0.0,,,0,0.4852170944213867,0.045614159107184256,0.02864873970458333,0.03513182705764059,0.015686701731597988
rbv2_xgboost_31,14,mes_gumbel,native,standard,15,none,nan,110,0,0.0,0.0,,,0,0.49402299523353577,0.12101725750444976,0.07751086396237404,0.09380355271258152,0.11874999226710868
rbv2_xgboost_31,14,mes_gumbel,native,standard,16,none,nan,110,0,0.0,0.0,,,0,0.49402299523353577,0.03933913980784139,0.02467089819669382,0.030286063538911723,0.03154108782159243
rbv2_xgboost_31,14,mes_gumbel,native,standard,17,none,nan,110,0,0.0,0.0,,,0,0.4854901432991028,0.03841546753009146,0.023052688928202995,0.028172954365954257,0.013463058020738671
rbv2_xgboost_31,14,mes_gumbel,native,standard,18,none,nan,110,0,0.0,0.0,,,0,0.48606130480766296,0.041784617639308706,0.023878132072635477,0.029358416535434025,0.023294365217521804
rbv2_xgboost_31,14,mes_gumbel,native,standard,19,none,nan,110,0,0.0,0.0,,,0,0.49402299523353577,0.03822333981926069,0.024415947430903275,0.029909167842454818,0.02437577809846625
rbv2_xgboost_31,14,mes_gumbel,native,standard,20,none,nan,110,0,0.0,0.0,,,0,0.48519206047058105,0.03567883597443944,0.02366135634698935,0.029189611802979104,0.019216853059292556
rbv2_xgboost_31,14,mes_gumbel,native,standard,21,none,nan,110,0,0.0,0.0,,,0,0.48839813470840454,0.03933207405156825,0.023498163080881564,0.028667878315118613,0.029866982060053875
rbv2_xgboost_31,14,mes_gumbel,native,standard,22,none,nan,110,0,0.0,0.0,,,0,0.48758095502853394,0.03849577647219698,0.024099258933255513,0.029643322471387356,0.021239471578351873
rbv2_xgboost_31,14,mes_gumbel,native,standard,23,none,nan,110,0,0.0,0.0,,,0,0.49402299523353577,0.17188696470463877,0.11718512113718314,0.1369918722708598,0.16648916166617314
rbv2_xgboost_31,14,mes_gumbel,native,standard,24,none,nan,110,0,0.0,0.0,,,0,0.4859570860862732,0.03669016420398868,0.02305516168375653,0.0277216181568286,0.031166926521724654
rbv2_xgboost_31,14,mes_gumbel,native,standard,25,none,nan,110,0,0.0,0.0,,,0,0.3180941343307495,0.08026049078707999,0.04912365561357273,0.05954674990915883,0.006446888267715822
rbv2_xgboost_31,14,mes_gumbel,native,standard,26,none,nan,110,0,0.0,0.0,,,0,0.48517748713493347,0.036187349303932324,0.024379203361752783,0.030037139706533197,0.016129861700918166
rbv2_xgboost_31,14,mes_gumbel,native,standard,27,none,nan,110,0,0.0,0.0,,,0,0.48517748713493347,0.03857117859163943,0.024178004186447017,0.029726546832286083,0.017280178931778627
rbv2_xgboost_31,14,mes_gumbel,native,standard,28,none,nan,110,0,0.0,0.0,,,0,0.4871536195278168,0.03995006612086467,0.024813040708102876,0.03041649993727859,0.013573322229833765
rbv2_xgboost_31,14,mes_gumbel,native,standard,29,none,nan,110,0,0.0,0.0,,,0,0.48517748713493347,0.04035301031820919,0.025117442291895685,0.031314667849934585,0.026019654443143133
rbv2_xgboost_31,14,mes_gumbel,native,standard,30,none,nan,110,0,0.0,0.0,,,0,0.4892862141132355,0.037469511456927694,0.02414168892738848,0.029667490119452244,0.01777658455426515
rbv2_xgboost_31,14,mes_gumbel,native,standard,31,none,nan,110,0,0.0,0.0,,,0,0.49402299523353577,0.10225072678430064,0.06566263072359399,0.07875530358558776,0.09442402180636397
rbv2_xgboost_31,14,mes_gumbel,native,standard,32,none,nan,110,0,0.0,0.0,,,0,0.48517748713493347,0.040550302588433215,0.02424965723228792,0.02992134010008103,0.022170035240136998
rbv2_xgboost_31,14,mes_gumbel,native,standard,33,none,nan,110,0,0.0,0.0,,,0,0.49402299523353577,0.03847873775816868,0.024665760206216476,0.030106214163325054,0.02306010062582792
rbv2_xgboost_31,14,mes_gumbel,native,standard,34,none,nan,110,0,0.0,0.0,,,0,0.49402299523353577,0.1221048112771837,0.07891634557189957,0.09406844496560404,0.10113351773025835
rbv2_xgboost_31,14,mes_gumbel,native,standard,5,none,nan,110,0,0.0,0.0,,,0,0.49402299523353577,0.0390882576671286,0.02467700409068218,0.03038782004052586,0.03749061422533495
rbv2_xgboost_31,14,mes_gumbel,native,standard,6,none,nan,110,0,0.0,0.0,,,0,0.4887191653251648,0.0371683392271537,0.023788570363254814,0.029139539443910494,0.026336267679285746
rbv2_xgboost_31,14,mes_gumbel,native,standard,7,none,nan,110,0,0.0,0.0,,,0,0.4878561198711395,0.040562922542694835,0.024760530720972007,0.030747743314067863,0.01645408220404616
rbv2_xgboost_31,14,mes_gumbel,native,standard,8,none,nan,110,0,0.0,0.0,,,0,0.48635104298591614,0.03818356600002211,0.024420710933016947,0.030205266642988195,0.01692141132363108
rbv2_xgboost_31,14,mes_gumbel,native,standard,9,none,nan,110,0,0.0,0.0,,,0,0.38194897770881653,0.10548404965709073,0.06474722941695339,0.07737453549460861,0.11421193848076085
rbv2_xgboost_31,14,ts,logarithmic,decay_greedy_packing_grid_a1_2,10,greedy_packing,0.5,110,65,61.23939808169744,0.5909090909090909,1,108,53,0.502872884273529,0.06763366881188852,0.0428800589016594,0.05124386271932936,0.056548580773422015
rbv2_xgboost_31,14,ts,logarithmic,decay_greedy_packing_grid_a1_2,11,greedy_packing,0.5,110,69,61.23939808169744,0.6272727272727273,2,110,45,0.5108029842376709,0.04672225860505736,0.028141777025326026,0.03380099840540417,0.04036777538118304
rbv2_xgboost_31,14,ts,logarithmic,decay_greedy_packing_grid_a1_2,12,greedy_packing,0.5,110,66,61.23939808169744,0.6,1,108,41,0.5049688816070557,0.06042792845819924,0.038203709858488005,0.04546600455699941,0.04768126704651559
rbv2_xgboost_31,14,ts,logarithmic,decay_greedy_packing_grid_a1_2,13,greedy_packing,0.5,110,62,61.23939808169744,0.5636363636363636,1,110,54,0.4912584125995636,0.053288687659191376,0.033714199685870486,0.04019035037190908,0.04593187336608412
rbv2_xgboost_31,14,ts,logarithmic,decay_greedy_packing_grid_a1_2,14,greedy_packing,0.5,110,59,61.23939808169744,0.5363636363636364,2,109,50,0.49026185274124146,0.053944198828992304,0.03550255356596657,0.042118142619812476,0.03966061526914816
rbv2_xgboost_31,14,ts,logarithmic,decay_greedy_packing_grid_a1_2,15,greedy_packing,0.5,110,59,61.23939808169744,0.5363636363636364,1,107,61,0.4914168417453766,0.04666125341024669,0.030042621296895673,0.036406835972562175,0.027191105917741404
rbv2_xgboost_31,14,ts,logarithmic,decay_greedy_packing_grid_a1_2,16,greedy_packing,0.5,110,59,61.23939808169744,0.5363636363636364,3,109,54,0.49651050567626953,0.04276223194891456,0.02527783355078542,0.030305487699124455,0.029089978006958485
rbv2_xgboost_31,14,ts,logarithmic,decay_greedy_packing_grid_a1_2,17,greedy_packing,0.5,110,68,61.23939808169744,0.6181818181818182,1,109,51,0.4924696981906891,0.05122261466744582,0.03127908732476381,0.03699167275042153,0.034504635218025256
rbv2_xgboost_31,14,ts,logarithmic,decay_greedy_packing_grid_a1_2,18,greedy_packing,0.5,110,66,61.23939808169744,0.6,1,109,63,0.49203187227249146,0.040742969034777594,0.02486620966037434,0.029711106657585997,0.026831743994918902
rbv2_xgboost_31,14,ts,logarithmic,decay_greedy_packing_grid_a1_2,19,greedy_packing,0.5,110,52,61.23939808169744,0.4727272727272727,2,110,47,0.47663015127182007,0.038459283587424814,0.025334837119978387,0.030403064083281073,0.03325188982391439
rbv2_xgboost_31,14,ts,logarithmic,decay_greedy_packing_grid_a1_2,20,greedy_packing,0.5,110,56,61.23939808169744,0.509090909090909,3,109,62,0.4959954619407654,0.05155514413645034,0.03306687866394041,0.03985505735621562,0.0383385647183356
rbv2_xgboost_31,14,ts,logarithmic,decay_greedy_packing_grid_a1_2,21,greedy_packing,0.5,110,62,61.23939808169744,0.5636363636363636,1,110,56,0.49951115250587463,0.04515449162347267,0.02964325415420715,0.035374897325125644,0.04036918526541876
rbv2_xgboost_31,14,ts,logarithmic,decay_greedy_packing_grid_a1_2,22,greedy_packing,0.5,110,55,61.23939808169744,0.5,1,108,61,0.49978014826774597,0.04766857845289322,0.029802765655220775,0.03561611285258487,0.03807313539035614
rbv2_xgboost_31,14,ts,logarithmic,decay_greedy_packing_grid_a1_2,23,greedy_packing,0.5,110,73,61.23939808169744,0.6636363636363637,2,108,52,0.49628946185112,0.04994889009137869,0.03067651634993878,0.03630664731420887,0.02256347764097933
rbv2_xgboost_31,14,ts,logarithmic,decay_greedy_packing_grid_a1_2,24,greedy_packing,0.5,110,59,61.23939808169744,0.5363636363636364,1,110,50,0.5000971555709839,0.04177887641052579,0.02635521362067819,0.03155810236206182,0.0415252984378013
rbv2_xgboost_31,14,ts,logarithmic,decay_greedy_packing_grid_a1_2,25,greedy_packing,0.5,110,53,61.23939808169744,0.4818181818181818,1,109,57,0.5011147856712341,0.0470298421138852,0.02862376303247939,0.034180724685482756,0.03030468366877943
rbv2_xgboost_31,14,ts,logarithmic,decay_greedy_packing_grid_a1_2,26,greedy_packing,0.5,110,61,61.23939808169744,0.5545454545454546,2,110,47,0.490132600069046,0.0455280073006012,0.028610461164167277,0.034368068406819836,0.03877811214830889
rbv2_xgboost_31,14,ts,logarithmic,decay_greedy_packing_grid_a1_2,27,greedy_packing,0.5,110,58,61.23939808169744,0.5272727272727272,2,109,50,0.5032232403755188,0.08254310727373358,0.05288619253659693,0.06358753592514083,0.05280712125929014
rbv2_xgboost_31,14,ts,logarithmic,decay_greedy_packing_grid_a1_2,28,greedy_packing,0.5,110,61,61.23939808169744,0.5545454545454546,1,110,50,0.49009090662002563,0.04645849035011096,0.030265581604157682,0.03628878177077531,0.03840494787502155
rbv2_xgboost_31,14,ts,logarithmic,decay_greedy_packing_grid_a1_2,29,greedy_packing,0.5,110,54,61.23939808169744,0.4909090909090909,2,106,48,0.502265989780426,0.04467677510951976,0.0280479672793658,0.03348199191118877,0.033034880306789305
rbv2_xgboost_31,14,ts,logarithmic,decay_greedy_packing_grid_a1_2,30,greedy_packing,0.5,110,63,61.23939808169744,0.5727272727272728,1,110,54,0.5024599432945251,0.049594193494007205,0.0330307122421935,0.0394004297601935,0.04266555445853333
rbv2_xgboost_31,14,ts,logarithmic,decay_greedy_packing_grid_a1_2,31,greedy_packing,0.5,110,53,61.23939808169744,0.4818181818181818,2,110,53,0.49422940611839294,0.05403919652590646,0.03525134970519908,0.0420785834724982,0.04348436963962495
rbv2_xgboost_31,14,ts,logarithmic,decay_greedy_packing_grid_a1_2,32,greedy_packing,0.5,110,61,61.23939808169744,0.5545454545454546,2,109,54,0.4963436722755432,0.059975244575439825,0.04047082922755971,0.048294586713226166,0.054935230160935364
rbv2_xgboost_31,14,ts,logarithmic,decay_greedy_packing_grid_a1_2,33,greedy_packing,0.5,110,52,61.23939808169744,0.4727272727272727,1,105,51,0.4919610023498535,0.05746863317802901,0.03556199645479586,0.042955429002535246,0.04384696968592792
rbv2_xgboost_31,14,ts,logarithmic,decay_greedy_packing_grid_a1_2,34,greedy_packing,0.5,110,58,61.23939808169744,0.5272727272727272,2,110,69,0.5050439834594727,0.2866586319416717,0.2034141501595894,0.23641889421559667,0.26353188101328523
rbv2_xgboost_31,14,ts,logarithmic,decay_greedy_packing_grid_a1_2,5,greedy_packing,0.5,110,59,61.23939808169744,0.5363636363636364,1,109,57,0.4940396845340729,0.05124602194591137,0.030869492894866235,0.03744249678330324,0.03238455139023551
rbv2_xgboost_31,14,ts,logarithmic,decay_greedy_packing_grid_a1_2,6,greedy_packing,0.5,110,59,61.23939808169744,0.5363636363636364,2,110,55,0.49352678656578064,0.05086011926402854,0.03246803009729819,0.03902780897005627,0.04142484180705474
rbv2_xgboost_31,14,ts,logarithmic,decay_greedy_packing_grid_a1_2,7,greedy_packing,0.5,110,65,61.23939808169744,0.5909090909090909,1,108,59,0.5005475878715515,0.05920536618741326,0.03463038849204033,0.041122348976220004,0.03937688134240469
rbv2_xgboost_31,14,ts,logarithmic,decay_greedy_packing_grid_a1_2,8,greedy_packing,0.5,110,65,61.23939808169744,0.5909090909090909,1,110,56,0.4897323250770569,0.0475188242625894,0.0297490031589447,0.035463748046302195,0.042034581126509735
rbv2_xgboost_31,14,ts,logarithmic,decay_greedy_packing_grid_a1_2,9,greedy_packing,0.5,110,55,61.23939808169744,0.5,1,106,57,0.4854651391506195,0.0482129460874873,0.028243233333125985,0.03387568207773757,0.037578598297793114
rbv2_xgboost_31,14,ts,logarithmic,decay_uniform_grid_a1_2,10,uniform,0.5,110,65,61.23939808169744,0.5909090909090909,1,108,53,0.5000783801078796,0.06063782961813585,0.03557366374648573,0.043911688263718246,0.037424799835079674
rbv2_xgboost_31,14,ts,logarithmic,decay_uniform_grid_a1_2,11,uniform,0.5,110,69,61.23939808169744,0.6272727272727273,2,110,45,0.49607470631599426,0.062278708491898954,0.0328293760394167,0.040568449305497196,0.04778998855745239
rbv2_xgboost_31,14,ts,logarithmic,decay_uniform_grid_a1_2,12,uniform,0.5,110,66,61.23939808169744,0.6,1,108,41,0.5031606554985046,0.06001001263152257,0.0346512660096351,0.042574272149508194,0.0582518898632458
rbv2_xgboost_31,14,ts,logarithmic,decay_uniform_grid_a1_2,13,uniform,0.5,110,62,61.23939808169744,0.5636363636363636,1,110,54,0.49380406737327576,0.0644474315693777,0.03735902862091839,0.046084050090793825,0.04068167842399799
rbv2_xgboost_31,14,ts,logarithmic,decay_uniform_grid_a1_2,14,uniform,0.5,110,59,61.23939808169744,0.5363636363636364,2,109,50,0.4574652314186096,0.08597586761034229,0.05006556780208369,0.06158927989305056,0.05312426340786042
rbv2_xgboost_31,14,ts,logarithmic,decay_uniform_grid_a1_2,15,uniform,0.5,110,59,61.23939808169744,0.5363636363636364,1,107,61,0.479149729013443,0.061817413265811846,0.037875152884102856,0.046454648394204365,0.04122671492443894
rbv2_xgboost_31,14,ts,logarithmic,decay_uniform_grid_a1_2,16,uniform,0.5,110,59,61.23939808169744,0.5363636363636364,3,109,54,0.49964043498039246,0.05624899860825891,0.03217538243917241,0.039877668636899434,0.03527232535890873
rbv2_xgboost_31,14,ts,logarithmic,decay_uniform_grid_a1_2,17,uniform,0.5,110,68,61.23939808169744,0.6181818181818182,1,109,51,0.5017946362495422,0.06829289491528989,0.039944140384077495,0.04895817776642374,0.048803935789501846
rbv2_xgboost_31,14,ts,logarithmic,decay_uniform_grid_a1_2,18,uniform,0.5,110,66,61.23939808169744,0.6,1,109,63,0.5113891363143921,0.0575251132539387,0.03268777062759941,0.040081560773982214,0.03632330587540756
rbv2_xgboost_31,14,ts,logarithmic,decay_uniform_grid_a1_2,19,uniform,0.5,110,52,61.23939808169744,0.4727272727272727,2,110,47,0.47663015127182007,0.0541507104357352,0.032456557865332025,0.03965464252003433,0.028743220575519073
rbv2_xgboost_31,14,ts,logarithmic,decay_uniform_grid_a1_2,20,uniform,0.5,110,56,61.23939808169744,0.509090909090909,3,109,62,0.5034297108650208,0.05375813359911688,0.0327924442110841,0.04042838992292021,0.031281719839566485
rbv2_xgboost_31,14,ts,logarithmic,decay_uniform_grid_a1_2,21,uniform,0.5,110,62,61.23939808169744,0.5636363636363636,1,110,56,0.5020908117294312,0.05318989521485396,0.03193886689121112,0.03930852961578857,0.030630660652797004
rbv2_xgboost_31,14,ts,logarithmic,decay_uniform_grid_a1_2,22,uniform,0.5,110,55,61.23939808169744,0.5,1,108,61,0.5002180933952332,0.05723679729967776,0.03311047486698203,0.041171544549480535,0.04057323462901988
rbv2_xgboost_31,14,ts,logarithmic,decay_uniform_grid_a1_2,23,uniform,0.5,110,73,61.23939808169744,0.6636363636363637,2,108,52,0.5068377256393433,0.0685615009022651,0.04085217307942762,0.05004015935555582,0.06387449542538542
rbv2_xgboost_31,14,ts,logarithmic,decay_uniform_grid_a1_2,24,uniform,0.5,110,59,61.23939808169744,0.5363636363636364,1,110,50,0.4933474659919739,0.05052153874302221,0.03070574420746329,0.037572363747243626,0.034028241529287725
rbv2_xgboost_31,14,ts,logarithmic,decay_uniform_grid_a1_2,25,uniform,0.5,110,53,61.23939808169744,0.4818181818181818,1,109,57,0.4999907910823822,0.06491889157000179,0.035613652383479896,0.043424419080339255,0.04306200720446778
rbv2_xgboost_31,14,ts,logarithmic,decay_uniform_grid_a1_2,26,uniform,0.5,110,61,61.23939808169744,0.5545454545454546,2,110,47,0.4966585338115692,0.051725149080557926,0.031225264532958326,0.03881387463042618,0.02686645038456043
rbv2_xgboost_31,14,ts,logarithmic,decay_uniform_grid_a1_2,27,uniform,0.5,110,58,61.23939808169744,0.5272727272727272,2,109,50,0.49878546595573425,0.055912675512647565,0.03394276535822684,0.04163048018644809,0.04448157702150326
rbv2_xgboost_31,14,ts,logarithmic,decay_uniform_grid_a1_2,28,uniform,0.5,110,61,61.23939808169744,0.5545454545454546,1,110,50,0.4951927065849304,0.12581008981720385,0.07646089480715018,0.0931890700080397,0.08397671246014236
rbv2_xgboost_31,14,ts,logarithmic,decay_uniform_grid_a1_2,29,uniform,0.5,110,54,61.23939808169744,0.4909090909090909,2,106,48,0.48990535736083984,0.059780294312823674,0.03444740621454426,0.042405919904946986,0.04639421693596588
rbv2_xgboost_31,14,ts,logarithmic,decay_uniform_grid_a1_2,30,uniform,0.5,110,63,61.23939808169744,0.5727272727272728,1,110,54,0.5024599432945251,0.06651869666714497,0.04001244073810639,0.049444109261418054,0.039742198258093435
rbv2_xgboost_31,14,ts,logarithmic,decay_uniform_grid_a1_2,31,uniform,0.5,110,53,61.23939808169744,0.4818181818181818,2,110,53,0.501911461353302,0.058717850624059056,0.03380358601728142,0.04172157241272906,0.03623362895146996
rbv2_xgboost_31,14,ts,logarithmic,decay_uniform_grid_a1_2,32,uniform,0.5,110,61,61.23939808169744,0.5545454545454546,2,109,54,0.5009479522705078,0.08007255602576194,0.04957433041250324,0.060823779966480626,0.051832376226784084
rbv2_xgboost_31,14,ts,logarithmic,decay_uniform_grid_a1_2,33,uniform,0.5,110,52,61.23939808169744,0.4727272727272727,1,105,51,0.4919610023498535,0.055265610618889564,0.03230847779879624,0.039777687475607934,0.032920566269838164
rbv2_xgboost_31,14,ts,logarithmic,decay_uniform_grid_a1_2,34,uniform,0.5,110,58,61.23939808169744,0.5272727272727272,2,110,69,0.5050439834594727,0.2968388367983475,0.19909097462180414,0.2371075242141469,0.17505911442854785
rbv2_xgboost_31,14,ts,logarithmic,decay_uniform_grid_a1_2,5,uniform,0.5,110,59,61.23939808169744,0.5363636363636364,1,109,57,0.48747047781944275,0.05982565690121219,0.03487480686880985,0.04298299763202171,0.04657086960763093
rbv2_xgboost_31,14,ts,logarithmic,decay_uniform_grid_a1_2,6,uniform,0.5,110,59,61.23939808169744,0.5363636363636364,2,110,55,0.49352678656578064,0.055638838722963734,0.032695698951039597,0.04061743715002966,0.028957303864236672
rbv2_xgboost_31,14,ts,logarithmic,decay_uniform_grid_a1_2,7,uniform,0.5,110,65,61.23939808169744,0.5909090909090909,1,108,59,0.4939979910850525,0.055574355153894264,0.030369947314425813,0.03746874778247253,0.03390798823887416
rbv2_xgboost_31,14,ts,logarithmic,decay_uniform_grid_a1_2,8,uniform,0.5,110,65,61.23939808169744,0.5909090909090909,1,110,56,0.5010647773742676,0.06440879632846014,0.03610829021038207,0.04466261091183797,0.03430740377018168
rbv2_xgboost_31,14,ts,logarithmic,decay_uniform_grid_a1_2,9,uniform,0.5,110,55,61.23939808169744,0.5,1,106,57,0.4854651391506195,0.07067294394213064,0.044874267033930854,0.05570414770763689,0.05342895015293846
rbv2_xgboost_31,14,ts,logarithmic,standard,10,none,nan,110,0,0.0,0.0,,,0,0.49538037180900574,0.05630642842319429,0.03186207400858192,0.03911345412077355,0.030936887343777694
rbv2_xgboost_31,14,ts,logarithmic,standard,11,none,nan,110,0,0.0,0.0,,,0,0.49461305141448975,0.10864556550670851,0.058489601920221235,0.07195131810368777,0.054681816292013054
rbv2_xgboost_31,14,ts,logarithmic,standard,12,none,nan,110,0,0.0,0.0,,,0,0.47355854511260986,0.0731072757157724,0.042885132754093114,0.05309643940581107,0.05031844338718605
rbv2_xgboost_31,14,ts,logarithmic,standard,13,none,nan,110,0,0.0,0.0,,,0,0.49129176139831543,0.04828716465822765,0.029076155791481668,0.036092970629902014,0.02454346294445041
rbv2_xgboost_31,14,ts,logarithmic,standard,14,none,nan,110,0,0.0,0.0,,,0,0.4905391335487366,0.0556302663452495,0.03292720500838223,0.040716018464273175,0.027891044239161326
rbv2_xgboost_31,14,ts,logarithmic,standard,15,none,nan,110,0,0.0,0.0,,,0,0.5075843930244446,0.062409452268884814,0.03754455113768229,0.04703899166158264,0.026455567477520085
rbv2_xgboost_31,14,ts,logarithmic,standard,16,none,nan,110,0,0.0,0.0,,,0,0.49170246720314026,0.050032846706656774,0.027405721548690108,0.034096769121868306,0.027348881010273305
rbv2_xgboost_31,14,ts,logarithmic,standard,17,none,nan,110,0,0.0,0.0,,,0,0.5015465021133423,0.05858309430206388,0.03316077041594666,0.04060084974131066,0.03211147710710328
rbv2_xgboost_31,14,ts,logarithmic,standard,18,none,nan,110,0,0.0,0.0,,,0,0.49094358086586,0.05389639612369635,0.030192135474480956,0.03712333267584429,0.02843662539154809
rbv2_xgboost_31,14,ts,logarithmic,standard,19,none,nan,110,0,0.0,0.0,,,0,0.4921611547470093,0.05123706862576793,0.030856259007584378,0.037784538087496364,0.024984144037257024
rbv2_xgboost_31,14,ts,logarithmic,standard,20,none,nan,110,0,0.0,0.0,,,0,0.48418113589286804,0.07889324356986421,0.04522109412989852,0.05646845871659853,0.03462197515113246
rbv2_xgboost_31,14,ts,logarithmic,standard,21,none,nan,110,0,0.0,0.0,,,0,0.4902159869670868,0.05767577307425082,0.03308106691174306,0.041030387614688864,0.033796716087396164
rbv2_xgboost_31,14,ts,logarithmic,standard,22,none,nan,110,0,0.0,0.0,,,0,0.4993067979812622,0.060303834865686655,0.03472309855415154,0.042231236846036066,0.03856434371998084
rbv2_xgboost_31,14,ts,logarithmic,standard,23,none,nan,110,0,0.0,0.0,,,0,0.4982224404811859,0.0851463314707709,0.051992301006672126,0.06390193575752029,0.043391807687197706
rbv2_xgboost_31,14,ts,logarithmic,standard,24,none,nan,110,0,0.0,0.0,,,0,0.49297842383384705,0.07946977664632218,0.05215849383910831,0.06288635004246364,0.04954420419338207
rbv2_xgboost_31,14,ts,logarithmic,standard,25,none,nan,110,0,0.0,0.0,,,0,0.49317440390586853,0.05695248169285129,0.03189966616980486,0.040213646947219565,0.03429321580639932
rbv2_xgboost_31,14,ts,logarithmic,standard,26,none,nan,110,0,0.0,0.0,,,0,0.49246343970298767,0.05834445644103619,0.038038814501187804,0.046960440668820665,0.05309369617950687
rbv2_xgboost_31,14,ts,logarithmic,standard,27,none,nan,110,0,0.0,0.0,,,0,0.4896426796913147,0.05881839161532773,0.03496007766633362,0.04386714778330254,0.025279245494209623
rbv2_xgboost_31,14,ts,logarithmic,standard,28,none,nan,110,0,0.0,0.0,,,0,0.5040929317474365,0.052922317392198714,0.03138079450191275,0.03917992159533808,0.031166287787383354
rbv2_xgboost_31,14,ts,logarithmic,standard,29,none,nan,110,0,0.0,0.0,,,0,0.49807438254356384,0.054262601486047744,0.03013877971147054,0.03754565684128043,0.0370143843170075
rbv2_xgboost_31,14,ts,logarithmic,standard,30,none,nan,110,0,0.0,0.0,,,0,0.49541789293289185,0.05766637701451059,0.034984317294097636,0.04311776452529572,0.05331915415965413
rbv2_xgboost_31,14,ts,logarithmic,standard,31,none,nan,110,0,0.0,0.0,,,0,0.5021262764930725,0.07450172916497391,0.04623485420656566,0.05662636702753476,0.03884206514632753
rbv2_xgboost_31,14,ts,logarithmic,standard,32,none,nan,110,0,0.0,0.0,,,0,0.4952031373977661,0.05197151713915184,0.0327960613401374,0.04053983029719522,0.03617867709804703
rbv2_xgboost_31,14,ts,logarithmic,standard,33,none,nan,110,0,0.0,0.0,,,0,0.4929075539112091,0.0584078231851162,0.03272771168435311,0.041042801673348554,0.03213863564640655
rbv2_xgboost_31,14,ts,logarithmic,standard,34,none,nan,110,0,0.0,0.0,,,0,0.500361979007721,0.04809982654417268,0.02606224970408529,0.033032833177196776,0.020387085449464583
rbv2_xgboost_31,14,ts,logarithmic,standard,5,none,nan,110,0,0.0,0.0,,,0,0.49571606516838074,0.05347036236495306,0.031241234077605106,0.039237542015409195,0.03246954613633609
rbv2_xgboost_31,14,ts,logarithmic,standard,6,none,nan,110,0,0.0,0.0,,,0,0.49280330538749695,0.04383410288357631,0.026231155740766246,0.03287520069279179,0.031486871569070554
rbv2_xgboost_31,14,ts,logarithmic,standard,7,none,nan,110,0,0.0,0.0,,,0,0.49056416749954224,0.061725281435355855,0.03724228237068897,0.04564422049079175,0.02886692549198993
rbv2_xgboost_31,14,ts,logarithmic,standard,8,none,nan,110,0,0.0,0.0,,,0,0.48433953523635864,0.06748121402532212,0.0397993751780784,0.04907738977042297,0.032765148854761825
rbv2_xgboost_31,14,ts,logarithmic,standard,9,none,nan,110,0,0.0,0.0,,,0,0.5041763782501221,0.07353252394991662,0.04576535258347496,0.056736679940606535,0.06092601920994989
rbv2_xgboost_31,14,ucb,constant,decay_greedy_packing_grid_a1_2,10,greedy_packing,0.5,110,65,61.23939808169744,0.5909090909090909,1,108,53,0.49402299523353577,0.07166520168176041,0.04450889484398409,0.05337564211955927,0.07973442170609162
rbv2_xgboost_31,14,ucb,constant,decay_greedy_packing_grid_a1_2,11,greedy_packing,0.5,110,69,61.23939808169744,0.6272727272727273,2,110,45,0.49402299523353577,0.042219314209057016,0.02517782407797093,0.029912569156954342,0.028159483300368948
rbv2_xgboost_31,14,ucb,constant,decay_greedy_packing_grid_a1_2,12,greedy_packing,0.5,110,66,61.23939808169744,0.6,1,108,41,0.4889693260192871,0.036552848563710674,0.023150476228399372,0.02770335420264628,0.039576105056142175
rbv2_xgboost_31,14,ucb,constant,decay_greedy_packing_grid_a1_2,13,greedy_packing,0.5,110,62,61.23939808169744,0.5636363636363636,1,110,54,0.4859424829483032,0.06073086851470997,0.03979609396754182,0.04690295870404706,0.05506591915282914
rbv2_xgboost_31,14,ucb,constant,decay_greedy_packing_grid_a1_2,14,greedy_packing,0.5,110,59,61.23939808169744,0.5363636363636364,2,109,50,0.49402299523353577,0.14686027349209266,0.09687753127457627,0.11309018875466186,0.19779091310977587
rbv2_xgboost_31,14,ucb,constant,decay_greedy_packing_grid_a1_2,15,greedy_packing,0.5,110,59,61.23939808169744,0.5363636363636364,1,107,61,0.49655428528785706,0.33650959578775247,0.24754275494003494,0.28455824294068555,0.4488723171837014
rbv2_xgboost_31,14,ucb,constant,decay_greedy_packing_grid_a1_2,16,greedy_packing,0.5,110,59,61.23939808169744,0.5363636363636364,3,109,54,0.4852170944213867,0.060241700221989915,0.037355037438730226,0.04382070662987377,0.06594180047257713
rbv2_xgboost_31,14,ucb,constant,decay_greedy_packing_grid_a1_2,17,greedy_packing,0.5,110,68,61.23939808169744,0.6181818181818182,1,109,51,0.4924696981906891,0.04471728222753302,0.02924573714340962,0.03442639755216719,0.061534390628005316
rbv2_xgboost_31,14,ucb,constant,decay_greedy_packing_grid_a1_2,18,greedy_packing,0.5,110,66,61.23939808169744,0.6,1,109,63,0.4870118498802185,0.12228469145351611,0.07303118937653251,0.08614224660605933,0.13415323684382774
rbv2_xgboost_31,14,ucb,constant,decay_greedy_packing_grid_a1_2,19,greedy_packing,0.5,110,52,61.23939808169744,0.4727272727272727,2,110,47,0.49402299523353577,0.03974305033632342,0.02612754111892574,0.030945861414396317,0.03592270895564851
rbv2_xgboost_31,14,ucb,constant,decay_greedy_packing_grid_a1_2,20,greedy_packing,0.5,110,56,61.23939808169744,0.509090909090909,3,109,62,0.49402299523353577,0.06792556429352016,0.0447594631858204,0.053267837586161194,0.07858826573029007
rbv2_xgboost_31,14,ucb,constant,decay_greedy_packing_grid_a1_2,21,greedy_packing,0.5,110,62,61.23939808169744,0.5636363636363636,1,110,56,0.49345171451568604,0.049189498121462796,0.03269413754003804,0.03873838766885621,0.04295832240906908
rbv2_xgboost_31,14,ucb,constant,decay_greedy_packing_grid_a1_2,22,greedy_packing,0.5,110,55,61.23939808169744,0.5,1,108,61,0.49402299523353577,0.14489384089298643,0.09587299343588204,0.11250036099339339,0.12086647083156864
rbv2_xgboost_31,14,ucb,constant,decay_greedy_packing_grid_a1_2,23,greedy_packing,0.5,110,73,61.23939808169744,0.6636363636363637,2,108,52,0.4670911729335785,0.14355254035278403,0.0934160997981359,0.10956404202916092,0.1664403042570098
rbv2_xgboost_31,14,ucb,constant,decay_greedy_packing_grid_a1_2,24,greedy_packing,0.5,110,59,61.23939808169744,0.5363636363636364,1,110,50,0.49402299523353577,0.11868527018540993,0.07944856875660711,0.09377678672359223,0.08801203147494456
rbv2_xgboost_31,14,ucb,constant,decay_greedy_packing_grid_a1_2,25,greedy_packing,0.5,110,53,61.23939808169744,0.4818181818181818,1,109,57,0.4890527129173279,0.03160614960124528,0.02020134297609646,0.02397087449902676,0.0307390525855548
rbv2_xgboost_31,14,ucb,constant,decay_greedy_packing_grid_a1_2,26,greedy_packing,0.5,110,61,61.23939808169744,0.5545454545454546,2,110,47,0.49402299523353577,0.028435775296058348,0.017894719138660066,0.021272195715628783,0.01962949955239103
rbv2_xgboost_31,14,ucb,constant,decay_greedy_packing_grid_a1_2,27,greedy_packing,0.5,110,58,61.23939808169744,0.5272727272727272,2,109,50,0.49402299523353577,0.051050111923522504,0.032823285296136956,0.03920519135742858,0.0493541642103622
rbv2_xgboost_31,14,ucb,constant,decay_greedy_packing_grid_a1_2,28,greedy_packing,0.5,110,61,61.23939808169744,0.5545454545454546,1,110,50,0.48880255222320557,0.03784858902435401,0.024330265795560694,0.028690617098254986,0.02948061573836187
rbv2_xgboost_31,14,ucb,constant,decay_greedy_packing_grid_a1_2,29,greedy_packing,0.5,110,54,61.23939808169744,0.4909090909090909,2,106,48,0.487826943397522,0.03361011132863097,0.02214838525200294,0.026442938706716358,0.03711367699927777
rbv2_xgboost_31,14,ucb,constant,decay_greedy_packing_grid_a1_2,30,greedy_packing,0.5,110,63,61.23939808169744,0.5727272727272728,1,110,54,0.4912000298500061,0.03701424816974163,0.02429891566394663,0.028630833830794747,0.03084892583153993
rbv2_xgboost_31,14,ucb,constant,decay_greedy_packing_grid_a1_2,31,greedy_packing,0.5,110,53,61.23939808169744,0.4818181818181818,2,110,53,0.485206663608551,0.08033710164709995,0.050850378389802255,0.0599294459734727,0.0719009623155821
rbv2_xgboost_31,14,ucb,constant,decay_greedy_packing_grid_a1_2,32,greedy_packing,0.5,110,61,61.23939808169744,0.5545454545454546,2,109,54,0.49402299523353577,0.03601417546988974,0.023727476060209557,0.028234074601341887,0.031487360252003965
rbv2_xgboost_31,14,ucb,constant,decay_greedy_packing_grid_a1_2,33,greedy_packing,0.5,110,52,61.23939808169744,0.4727272727272727,1,105,51,0.458063006401062,0.3661808756051954,0.26230543005412843,0.30266263761070933,0.47549327402959957
rbv2_xgboost_31,14,ucb,constant,decay_greedy_packing_grid_a1_2,34,greedy_packing,0.5,110,58,61.23939808169744,0.5272727272727272,2,110,69,0.48862117528915405,0.23361529756411206,0.14973014803201384,0.17372484923637252,0.17785974886314745
rbv2_xgboost_31,14,ucb,constant,decay_greedy_packing_grid_a1_2,5,greedy_packing,0.5,110,59,61.23939808169744,0.5363636363636364,1,109,57,0.49402299523353577,0.03700615970698849,0.023487926503303093,0.027931339264473425,0.04099399236419026
rbv2_xgboost_31,14,ucb,constant,decay_greedy_packing_grid_a1_2,6,greedy_packing,0.5,110,59,61.23939808169744,0.5363636363636364,2,110,55,0.49402299523353577,0.09510538136570447,0.06398267804408167,0.07551637347137367,0.07801787080840822
rbv2_xgboost_31,14,ucb,constant,decay_greedy_packing_grid_a1_2,7,greedy_packing,0.5,110,65,61.23939808169744,0.5909090909090909,1,108,59,0.49402299523353577,0.1645062007628357,0.10853739421207442,0.12621975497543378,0.19018413870217032
rbv2_xgboost_31,14,ucb,constant,decay_greedy_packing_grid_a1_2,8,greedy_packing,0.5,110,65,61.23939808169744,0.5909090909090909,1,110,56,0.4897323250770569,0.04737669512907432,0.03141929041529046,0.03750865809104885,0.03825377215304283
rbv2_xgboost_31,14,ucb,constant,decay_greedy_packing_grid_a1_2,9,greedy_packing,0.5,110,55,61.23939808169744,0.5,1,106,57,0.49346214532852173,0.10524232698298419,0.06609704769340494,0.07728834959894214,0.11719337116509584
rbv2_xgboost_31,14,ucb,constant,decay_uniform_grid_a1_2,10,uniform,0.5,110,65,61.23939808169744,0.5909090909090909,1,108,53,0.49402299523353577,0.05381909373726622,0.03293234431796012,0.039921549273075535,0.04653506258296621
rbv2_xgboost_31,14,ucb,constant,decay_uniform_grid_a1_2,11,uniform,0.5,110,69,61.23939808169744,0.6272727272727273,2,110,45,0.48682424426078796,0.08264775757607157,0.04583540256417508,0.055980727055469005,0.06018238852502234
rbv2_xgboost_31,14,ucb,constant,decay_uniform_grid_a1_2,12,uniform,0.5,110,66,61.23939808169744,0.6,1,108,41,0.4944879412651062,0.17779147031424936,0.11119923944411816,0.13324944256713628,0.21814991253849048
rbv2_xgboost_31,14,ucb,constant,decay_uniform_grid_a1_2,13,uniform,0.5,110,62,61.23939808169744,0.5636363636363636,1,110,54,0.4853630065917969,0.09727978350494937,0.062009957111126855,0.0752405153959456,0.06385076422981757
rbv2_xgboost_31,14,ucb,constant,decay_uniform_grid_a1_2,14,uniform,0.5,110,59,61.23939808169744,0.5363636363636364,2,109,50,0.36009910702705383,0.061408743208599244,0.037388227790508044,0.045417895696156355,0.010980611529711278
rbv2_xgboost_31,14,ucb,constant,decay_uniform_grid_a1_2,15,uniform,0.5,110,59,61.23939808169744,0.5363636363636364,1,107,61,0.49402299523353577,0.055483348555994204,0.03335737935085233,0.040817758753494075,0.05182393120032107
rbv2_xgboost_31,14,ucb,constant,decay_uniform_grid_a1_2,16,uniform,0.5,110,59,61.23939808169744,0.5363636363636364,3,109,54,0.49402299523353577,0.1533255362612644,0.09585143667655227,0.11549979931621585,0.1989142420639377
rbv2_xgboost_31,14,ucb,constant,decay_uniform_grid_a1_2,17,uniform,0.5,110,68,61.23939808169744,0.6181818181818182,1,109,51,0.49023059010505676,0.08744303729523606,0.05455578486256703,0.06681151474348541,0.09498859263717804
rbv2_xgboost_31,14,ucb,constant,decay_uniform_grid_a1_2,18,uniform,0.5,110,66,61.23939808169744,0.6,1,109,63,0.4719270169734955,0.7255475000127635,0.5612856494564008,0.6288948108007908,0.8220231880037181
rbv2_xgboost_31,14,ucb,constant,decay_uniform_grid_a1_2,19,uniform,0.5,110,52,61.23939808169744,0.4727272727272727,2,110,47,0.49088314175605774,0.05936177506216571,0.036074248063708514,0.04356988800108445,0.03220205183756925
rbv2_xgboost_31,14,ucb,constant,decay_uniform_grid_a1_2,20,uniform,0.5,110,56,61.23939808169744,0.509090909090909,3,109,62,0.4601542353630066,0.04844303978367811,0.030311743428914028,0.03694263582863351,0.05683483424549079
rbv2_xgboost_31,14,ucb,constant,decay_uniform_grid_a1_2,21,uniform,0.5,110,62,61.23939808169744,0.5636363636363636,1,110,56,0.4466947317123413,0.24920955642562886,0.1721243985444531,0.20477605960513592,0.18554324822939997
rbv2_xgboost_31,14,ucb,constant,decay_uniform_grid_a1_2,22,uniform,0.5,110,55,61.23939808169744,0.5,1,108,61,0.49000751972198486,0.04187110765083968,0.024729377768578503,0.03074360749001204,0.02076097246642047
rbv2_xgboost_31,14,ucb,constant,decay_uniform_grid_a1_2,23,uniform,0.5,110,73,61.23939808169744,0.6636363636363637,2,108,52,0.49402299523353577,0.19034129422246496,0.11627762803493337,0.13873335384193167,0.2198944895457335
rbv2_xgboost_31,14,ucb,constant,decay_uniform_grid_a1_2,24,uniform,0.5,110,59,61.23939808169744,0.5363636363636364,1,110,50,0.4954908788204193,0.11969832220260017,0.06610744429946358,0.08013312150220539,0.07390670771262196
rbv2_xgboost_31,14,ucb,constant,decay_uniform_grid_a1_2,25,uniform,0.5,110,53,61.23939808169744,0.4818181818181818,1,109,57,0.46236640214920044,0.12175653731349682,0.07767513450206691,0.09418850496916845,0.16527672622966252
rbv2_xgboost_31,14,ucb,constant,decay_uniform_grid_a1_2,26,uniform,0.5,110,61,61.23939808169744,0.5545454545454546,2,110,47,0.49402299523353577,0.31066624117618646,0.21135142139915758,0.25269896664694136,0.20018532196017666
rbv2_xgboost_31,14,ucb,constant,decay_uniform_grid_a1_2,27,uniform,0.5,110,58,61.23939808169744,0.5272727272727272,2,109,50,0.4872182309627533,0.0726437196931126,0.04529100180737801,0.05458851506577691,0.07747820614935336
rbv2_xgboost_31,14,ucb,constant,decay_uniform_grid_a1_2,28,uniform,0.5,110,61,61.23939808169744,0.5545454545454546,1,110,50,0.4770198464393616,0.13212452643587175,0.07643490586526079,0.0935114027964477,0.09118819015458417
rbv2_xgboost_31,14,ucb,constant,decay_uniform_grid_a1_2,29,uniform,0.5,110,54,61.23939808169744,0.4909090909090909,2,106,48,0.49402299523353577,0.4982065891511231,0.3512333851227749,0.40443468192656207,0.5774141010406472
rbv2_xgboost_31,14,ucb,constant,decay_uniform_grid_a1_2,30,uniform,0.5,110,63,61.23939808169744,0.5727272727272728,1,110,54,0.35857054591178894,0.07916395472786182,0.048380867659325096,0.05884502354534946,0.05695120511798001
rbv2_xgboost_31,14,ucb,constant,decay_uniform_grid_a1_2,31,uniform,0.5,110,53,61.23939808169744,0.4818181818181818,2,110,53,0.4924217462539673,0.22760653051132382,0.1452635467742432,0.1712650349432525,0.1704878878298594
rbv2_xgboost_31,14,ucb,constant,decay_uniform_grid_a1_2,32,uniform,0.5,110,61,61.23939808169744,0.5545454545454546,2,109,54,0.49402299523353577,0.08071650045942802,0.04917609623021655,0.05977167441456596,0.09276063713949625
rbv2_xgboost_31,14,ucb,constant,decay_uniform_grid_a1_2,33,uniform,0.5,110,52,61.23939808169744,0.4727272727272727,1,105,51,0.35569632053375244,0.06028951490669022,0.0360171347325324,0.04422476593914151,0.04811711245934295
rbv2_xgboost_31,14,ucb,constant,decay_uniform_grid_a1_2,34,uniform,0.5,110,58,61.23939808169744,0.5272727272727272,2,110,69,0.48680758476257324,0.1797918114838168,0.12017291574314154,0.14477240083681053,0.0315600974053512
rbv2_xgboost_31,14,ucb,constant,decay_uniform_grid_a1_2,5,uniform,0.5,110,59,61.23939808169744,0.5363636363636364,1,109,57,0.48747047781944275,0.2792032926555312,0.17916626038555455,0.21571507729348713,0.35689941507624856
rbv2_xgboost_31,14,ucb,constant,decay_uniform_grid_a1_2,6,uniform,0.5,110,59,61.23939808169744,0.5363636363636364,2,110,55,0.4909290075302124,0.0475735311479133,0.028438805320837784,0.035026238583772296,0.02491471925964387
rbv2_xgboost_31,14,ucb,constant,decay_uniform_grid_a1_2,7,uniform,0.5,110,65,61.23939808169744,0.5909090909090909,1,108,59,0.48877546191215515,0.24302450935848505,0.15812334258135333,0.18815269479012886,0.2736611631284065
rbv2_xgboost_31,14,ucb,constant,decay_uniform_grid_a1_2,8,uniform,0.5,110,65,61.23939808169744,0.5909090909090909,1,110,56,0.42399856448173523,0.2515058277549945,0.16071271456017522,0.19250128149666765,0.1616359573618251
rbv2_xgboost_31,14,ucb,constant,decay_uniform_grid_a1_2,9,uniform,0.5,110,55,61.23939808169744,0.5,1,106,57,0.4913334548473358,0.5009930021327342,0.36933100477680325,0.4270850061787051,0.6479218243352913
rbv2_xgboost_31,14,ucb,constant,standard,10,none,nan,110,0,0.0,0.0,,,0,0.49402299523353577,0.038599430329736326,0.024010185755557648,0.029747888657598687,0.02033012843086602
rbv2_xgboost_31,14,ucb,constant,standard,11,none,nan,110,0,0.0,0.0,,,0,0.49402299523353577,0.03907035014905316,0.023641239987973975,0.028710863025138422,0.025682310988285998
rbv2_xgboost_31,14,ucb,constant,standard,12,none,nan,110,0,0.0,0.0,,,0,0.49402299523353577,0.03549705528726069,0.023102655708959738,0.028614935424016625,0.0220513319088996
rbv2_xgboost_31,14,ucb,constant,standard,13,none,nan,110,0,0.0,0.0,,,0,0.49402299523353577,0.03547347562092739,0.022843769110104745,0.02792069925624256,0.013224317945276984
rbv2_xgboost_31,14,ucb,constant,standard,14,none,nan,110,0,0.0,0.0,,,0,0.49402299523353577,0.1126336346315072,0.07562291563776499,0.09157534107093457,0.09082890244383765
rbv2_xgboost_31,14,ucb,constant,standard,15,none,nan,110,0,0.0,0.0,,,0,0.49402299523353577,0.12153010969841654,0.07914077886632882,0.09527426245064907,0.08708120578855774
rbv2_xgboost_31,14,ucb,constant,standard,16,none,nan,110,0,0.0,0.0,,,0,0.4902973175048828,0.03835228205512247,0.023331896946675573,0.02853538280142054,0.01599168478146473
rbv2_xgboost_31,14,ucb,constant,standard,17,none,nan,110,0,0.0,0.0,,,0,0.4906517267227173,0.037723794375502356,0.023069939280099983,0.028373213853731948,0.027903692792764972
rbv2_xgboost_31,14,ucb,constant,standard,18,none,nan,110,0,0.0,0.0,,,0,0.49402299523353577,0.047697545114179174,0.026596616981026885,0.032278033601547976,0.03302450453767476
rbv2_xgboost_31,14,ucb,constant,standard,19,none,nan,110,0,0.0,0.0,,,0,0.49402299523353577,0.03773177142620517,0.022967638260814018,0.027983006021842463,0.025850240317163656
rbv2_xgboost_31,14,ucb,constant,standard,20,none,nan,110,0,0.0,0.0,,,0,0.49402299523353577,0.03637697788102687,0.02369983539140188,0.029284346000834835,0.016533383220061017
rbv2_xgboost_31,14,ucb,constant,standard,21,none,nan,110,0,0.0,0.0,,,0,0.45572614669799805,0.11713528695817328,0.07631433958427866,0.0895461127055031,0.10784514785813776
rbv2_xgboost_31,14,ucb,constant,standard,22,none,nan,110,0,0.0,0.0,,,0,0.49402299523353577,0.04444950947242184,0.027339184960360814,0.03321265915108604,0.033080346140128544
rbv2_xgboost_31,14,ucb,constant,standard,23,none,nan,110,0,0.0,0.0,,,0,0.49402299523353577,0.12843547996637772,0.08174693044481304,0.10039599684513653,0.11479541792252182
rbv2_xgboost_31,14,ucb,constant,standard,24,none,nan,110,0,0.0,0.0,,,0,0.4908268451690674,0.04848358635861736,0.032164889484438706,0.038491035945101,0.032610470316644116
rbv2_xgboost_31,14,ucb,constant,standard,25,none,nan,110,0,0.0,0.0,,,0,0.35857054591178894,0.2574803461840848,0.16539996190172623,0.19292387125592947,0.2728830376688584
rbv2_xgboost_31,14,ucb,constant,standard,26,none,nan,110,0,0.0,0.0,,,0,0.49402299523353577,0.03426491804764862,0.022996002301866193,0.028106702169462715,0.023551408165195374
rbv2_xgboost_31,14,ucb,constant,standard,27,none,nan,110,0,0.0,0.0,,,0,0.4853588342666626,0.03926981051327902,0.023991950921317187,0.029529202512142277,0.017495363898760337
rbv2_xgboost_31,14,ucb,constant,standard,28,none,nan,110,0,0.0,0.0,,,0,0.4866199493408203,0.037273748900079465,0.024329973913363803,0.030258617317691645,0.023913498081710515
rbv2_xgboost_31,14,ucb,constant,standard,29,none,nan,110,0,0.0,0.0,,,0,0.48688262701034546,0.03624147962863939,0.022805136027380865,0.027934138233070296,0.0256430487376194
rbv2_xgboost_31,14,ucb,constant,standard,30,none,nan,110,0,0.0,0.0,,,0,0.47825565934181213,0.1346034277016708,0.08985693108155729,0.1058307209716253,0.07746802111918079
rbv2_xgboost_31,14,ucb,constant,standard,31,none,nan,110,0,0.0,0.0,,,0,0.46265801787376404,0.06598052970173109,0.041631739505629414,0.05000891933747713,0.053383290530186436
rbv2_xgboost_31,14,ucb,constant,standard,32,none,nan,110,0,0.0,0.0,,,0,0.49402299523353577,0.0395489465950627,0.02397633056061353,0.029437330578575723,0.02123661367570222
rbv2_xgboost_31,14,ucb,constant,standard,33,none,nan,110,0,0.0,0.0,,,0,0.49402299523353577,0.03627797753407343,0.023825104915299822,0.029189615750009907,0.02483608321998005
rbv2_xgboost_31,14,ucb,constant,standard,34,none,nan,110,0,0.0,0.0,,,0,0.49402299523353577,0.21300230387214322,0.15197504668367384,0.1783551137675574,0.2340031122377634
rbv2_xgboost_31,14,ucb,constant,standard,5,none,nan,110,0,0.0,0.0,,,0,0.49402299523353577,0.038241654049771444,0.023755816925864807,0.02949696621096466,0.025372292887555353
rbv2_xgboost_31,14,ucb,constant,standard,6,none,nan,110,0,0.0,0.0,,,0,0.49402299523353577,0.035905940142549296,0.023164356980079837,0.02819910324448603,0.027210163548514424
rbv2_xgboost_31,14,ucb,constant,standard,7,none,nan,110,0,0.0,0.0,,,0,0.49402299523353577,0.05052205392907696,0.031974828069615796,0.03936771392506856,0.03736118600415637
rbv2_xgboost_31,14,ucb,constant,standard,8,none,nan,110,0,0.0,0.0,,,0,0.49402299523353577,0.03589476013820613,0.023242327363724752,0.02861782150894529,0.01737528967364688
rbv2_xgboost_31,14,ucb,constant,standard,9,none,nan,110,0,0.0,0.0,,,0,0.3358222544193268,0.09684877080268389,0.06273164371836443,0.07511617883674854,0.021641940644461777
rbv2_xgboost_40975,14,logei,native,decay_greedy_packing_grid_a1_2,10,greedy_packing,0.5,110,65,61.23939808169744,0.5909090909090909,1,108,53,0.009577164426445961,0.23405835850303378,0.15476480047661745,0.1829334928548827,0.10945357553305228
rbv2_xgboost_40975,14,logei,native,decay_greedy_packing_grid_a1_2,11,greedy_packing,0.5,110,69,61.23939808169744,0.6272727272727273,2,110,45,0.05476486682891846,0.2103934203389484,0.13182938449140547,0.15475757398727952,0.1686015911486952
rbv2_xgboost_40975,14,logei,native,decay_greedy_packing_grid_a1_2,12,greedy_packing,0.5,110,66,61.23939808169744,0.6,1,108,41,0.008310745470225811,0.28205424523717826,0.1944486457266919,0.228847461971446,0.151071241446304
rbv2_xgboost_40975,14,logei,native,decay_greedy_packing_grid_a1_2,13,greedy_packing,0.5,110,62,61.23939808169744,0.5636363636363636,1,110,54,0.008861714042723179,0.21621376445944795,0.15018665441018114,0.1764151626921049,0.20308364421614666
rbv2_xgboost_40975,14,logei,native,decay_greedy_packing_grid_a1_2,14,greedy_packing,0.5,110,59,61.23939808169744,0.5363636363636364,2,109,50,0.0028960972558707,0.19985379891951566,0.13351515816767734,0.1573576560083365,0.03769046254102268
rbv2_xgboost_40975,14,logei,native,decay_greedy_packing_grid_a1_2,15,greedy_packing,0.5,110,59,61.23939808169744,0.5363636363636364,1,107,61,0.002702879486605525,0.18380171860521582,0.12593691889654632,0.14891398944211867,0.03244701809595568
rbv2_xgboost_40975,14,logei,native,decay_greedy_packing_grid_a1_2,16,greedy_packing,0.5,110,59,61.23939808169744,0.5363636363636364,3,109,54,0.0029372074641287327,0.2127823519564671,0.13657590241198056,0.1600055692426517,0.09991411049558321
rbv2_xgboost_40975,14,logei,native,decay_greedy_packing_grid_a1_2,17,greedy_packing,0.5,110,68,61.23939808169744,0.6181818181818182,1,109,51,0.007568596862256527,0.1619542692101473,0.10826433915863018,0.12669407450905773,0.06062035534614478
rbv2_xgboost_40975,14,logei,native,decay_greedy_packing_grid_a1_2,18,greedy_packing,0.5,110,66,61.23939808169744,0.6,1,109,63,0.001997849438339472,0.1797358488703594,0.11136465155176747,0.1316849953211073,0.049378080252145684
rbv2_xgboost_40975,14,logei,native,decay_greedy_packing_grid_a1_2,19,greedy_packing,0.5,110,52,61.23939808169744,0.4727272727272727,2,110,47,0.0015456511173397303,0.2163383548939732,0.1431599935796456,0.1681780255279085,0.1763344904106515
rbv2_xgboost_40975,14,logei,native,decay_greedy_packing_grid_a1_2,20,greedy_packing,0.5,110,56,61.23939808169744,0.509090909090909,3,109,62,0.004869447089731693,0.20545023487038472,0.13520741482307402,0.1595684255264193,0.07690508436804566
rbv2_xgboost_40975,14,logei,native,decay_greedy_packing_grid_a1_2,21,greedy_packing,0.5,110,62,61.23939808169744,0.5636363636363636,1,110,56,0.002854987047612667,0.16236283292505993,0.11400325052244062,0.1341190187965907,0.12955411579381454
rbv2_xgboost_40975,14,logei,native,decay_greedy_packing_grid_a1_2,22,greedy_packing,0.5,110,55,61.23939808169744,0.5,1,108,61,0.006873745936900377,0.23079929174230465,0.14966078209850028,0.17534498853175648,0.0639582222859409
rbv2_xgboost_40975,14,logei,native,decay_greedy_packing_grid_a1_2,23,greedy_packing,0.5,110,73,61.23939808169744,0.6636363636363637,2,108,52,0.06493177264928818,0.24706729960143162,0.16681429203309653,0.1955130411932859,0.036599658731253495
rbv2_xgboost_40975,14,logei,native,decay_greedy_packing_grid_a1_2,24,greedy_packing,0.5,110,59,61.23939808169744,0.5363636363636364,1,110,50,0.006310474593192339,0.36111240617239054,0.2676360422141748,0.31160720633859684,0.3406332269258597
rbv2_xgboost_40975,14,logei,native,decay_greedy_packing_grid_a1_2,25,greedy_packing,0.5,110,53,61.23939808169744,0.4818181818181818,1,109,57,0.002423332305625081,0.1997981336230941,0.13020658596291326,0.1533039945467509,0.016951747132339025
rbv2_xgboost_40975,14,logei,native,decay_greedy_packing_grid_a1_2,26,greedy_packing,0.5,110,61,61.23939808169744,0.5545454545454546,2,110,47,0.0019916831515729427,0.1815165110670853,0.12469770180046143,0.14671413606835682,0.1515233661973037
rbv2_xgboost_40975,14,logei,native,decay_greedy_packing_grid_a1_2,27,greedy_packing,0.5,110,58,61.23939808169744,0.5272727272727272,2,109,50,0.04369750991463661,0.20592407506221516,0.14308161247088927,0.1707269684017809,0.041967930655877124
rbv2_xgboost_40975,14,logei,native,decay_greedy_packing_grid_a1_2,28,greedy_packing,0.5,110,61,61.23939808169744,0.5545454545454546,1,110,50,0.007426747120916843,0.2237328903688874,0.15742868356729484,0.18267525479595986,0.19907720327074419
rbv2_xgboost_40975,14,logei,native,decay_greedy_packing_grid_a1_2,29,greedy_packing,0.5,110,54,61.23939808169744,0.4909090909090909,2,106,48,0.008269628509879112,0.19045746705656397,0.12957970119298953,0.15207518125251848,0.07784290122335681
rbv2_xgboost_40975,14,logei,native,decay_greedy_packing_grid_a1_2,30,greedy_packing,0.5,110,63,61.23939808169744,0.5727272727272728,1,110,54,0.0028960972558707,0.20705179404411353,0.14251799000862556,0.16735722787770388,0.17808919668024534
rbv2_xgboost_40975,14,logei,native,decay_greedy_packing_grid_a1_2,31,greedy_packing,0.5,110,53,61.23939808169744,0.4818181818181818,2,110,53,0.0060103414580225945,0.22625690596948464,0.14714281820947256,0.1734244032854428,0.20163593934697605
rbv2_xgboost_40975,14,logei,native,decay_greedy_packing_grid_a1_2,32,greedy_packing,0.5,110,61,61.23939808169744,0.5545454545454546,2,109,54,0.07601624727249146,0.262640029299503,0.1866465049289449,0.21699536838309105,0.10718333466012689
rbv2_xgboost_40975,14,logei,native,decay_greedy_packing_grid_a1_2,33,greedy_packing,0.5,110,52,61.23939808169744,0.4727272727272727,1,105,51,0.016660509631037712,0.34091505872621963,0.23063882830724422,0.2701617369465448,0.053585446114342336
rbv2_xgboost_40975,14,logei,native,decay_greedy_packing_grid_a1_2,34,greedy_packing,0.5,110,58,61.23939808169744,0.5272727272727272,2,110,69,0.06602729111909866,0.33431867431411144,0.21947057716241236,0.25586348401000764,0.2883327201509291
rbv2_xgboost_40975,14,logei,native,decay_greedy_packing_grid_a1_2,5,greedy_packing,0.5,110,59,61.23939808169744,0.5363636363636364,1,109,57,0.013485674746334553,0.20625158852038641,0.13512986149549808,0.1598696505315372,0.17751205238514123
rbv2_xgboost_40975,14,logei,native,decay_greedy_packing_grid_a1_2,6,greedy_packing,0.5,110,59,61.23939808169744,0.5363636363636364,2,110,55,0.0185544453561306,0.20843156032162846,0.13823258261128937,0.1636424538030684,0.1619975024047273
rbv2_xgboost_40975,14,logei,native,decay_greedy_packing_grid_a1_2,7,greedy_packing,0.5,110,65,61.23939808169744,0.5909090909090909,1,108,59,0.00451588025316596,0.2154445781736671,0.14714613519184877,0.17169837026021195,0.07285098683260548
rbv2_xgboost_40975,14,logei,native,decay_greedy_packing_grid_a1_2,8,greedy_packing,0.5,110,65,61.23939808169744,0.5909090909090909,1,110,56,0.008503994904458523,0.18965049564059988,0.12755925382921468,0.15184634497075394,0.1724380399693877
rbv2_xgboost_40975,14,logei,native,decay_greedy_packing_grid_a1_2,9,greedy_packing,0.5,110,55,61.23939808169744,0.5,1,106,57,0.001888910192064941,0.18812618884695984,0.12394360480999941,0.14572707695241355,0.06441203001530613
rbv2_xgboost_40975,14,logei,native,decay_uniform_grid_a1_2,10,uniform,0.5,110,65,61.23939808169744,0.5909090909090909,1,108,53,0.013715963810682297,0.2587144569368514,0.15402621734551708,0.18594631199746078,0.15623464930573838
rbv2_xgboost_40975,14,logei,native,decay_uniform_grid_a1_2,11,uniform,0.5,110,69,61.23939808169744,0.6272727272727273,2,110,45,0.00810310710221529,0.2977736107029629,0.18517266607733174,0.2208478578801332,0.24754422740774634
rbv2_xgboost_40975,14,logei,native,decay_uniform_grid_a1_2,12,uniform,0.5,110,66,61.23939808169744,0.6,1,108,41,0.008861714042723179,0.2785424780792498,0.17761219568795794,0.21492234291694376,0.06381666676476283
rbv2_xgboost_40975,14,logei,native,decay_uniform_grid_a1_2,13,uniform,0.5,110,62,61.23939808169744,0.5636363636363636,1,110,54,0.012379486113786697,0.2638494343711858,0.17048726740932874,0.20509729688597822,0.17394204965100585
rbv2_xgboost_40975,14,logei,native,decay_uniform_grid_a1_2,14,uniform,0.5,110,59,61.23939808169744,0.5363636363636364,2,109,50,0.0049866181798279285,0.23484680558226126,0.1497454813829066,0.18047227401045732,0.03233865504244059
rbv2_xgboost_40975,14,logei,native,decay_uniform_grid_a1_2,15,uniform,0.5,110,59,61.23939808169744,0.5363636363636364,1,107,61,0.010187775827944279,0.30385629820480425,0.1970654161110592,0.23690746605319576,0.11065377813448521
rbv2_xgboost_40975,14,logei,native,decay_uniform_grid_a1_2,16,uniform,0.5,110,59,61.23939808169744,0.5363636363636364,3,109,54,0.06538891792297363,0.2832230907566145,0.1813250604951818,0.21749923247900188,0.1255252370207262
rbv2_xgboost_40975,14,logei,native,decay_uniform_grid_a1_2,17,uniform,0.5,110,68,61.23939808169744,0.6181818181818182,1,109,51,0.0035518123768270016,0.2634502691275333,0.17273590152098872,0.20878421997954838,0.16317914634139982
rbv2_xgboost_40975,14,logei,native,decay_uniform_grid_a1_2,18,uniform,0.5,110,66,61.23939808169744,0.6,1,109,63,0.002598049119114876,0.28437966238077944,0.18608352228985317,0.22266889966376954,0.15913401836084334
rbv2_xgboost_40975,14,logei,native,decay_uniform_grid_a1_2,19,uniform,0.5,110,52,61.23939808169744,0.4727272727272727,2,110,47,0.016107359901070595,0.24204245907049982,0.15631751863231136,0.18730580580656497,0.12621535408802104
rbv2_xgboost_40975,14,logei,native,decay_uniform_grid_a1_2,20,uniform,0.5,110,56,61.23939808169744,0.509090909090909,3,109,62,0.0021129553206264973,0.28333427442023446,0.17810362938132387,0.21493502645922827,0.06522002716347892
rbv2_xgboost_40975,14,logei,native,decay_uniform_grid_a1_2,21,uniform,0.5,110,62,61.23939808169744,0.5636363636363636,1,110,56,0.009482592344284058,0.2809718143975153,0.1843947209003604,0.2227134802228521,0.1933528232424297
rbv2_xgboost_40975,14,logei,native,decay_uniform_grid_a1_2,22,uniform,0.5,110,55,61.23939808169744,0.5,1,108,61,0.006495489738881588,0.25153986564990144,0.16622537767067058,0.2023985932678981,0.08046426387718646
rbv2_xgboost_40975,14,logei,native,decay_uniform_grid_a1_2,23,uniform,0.5,110,73,61.23939808169744,0.6636363636363637,2,108,52,0.0040019815787673,0.26372643289465253,0.16672034028521548,0.20415647534764067,0.08195720869107011
rbv2_xgboost_40975,14,logei,native,decay_uniform_grid_a1_2,24,uniform,0.5,110,59,61.23939808169744,0.5363636363636364,1,110,50,0.02232411876320839,0.3056474916106802,0.2065417178312881,0.24761549816436587,0.22226877410085785
rbv2_xgboost_40975,14,logei,native,decay_uniform_grid_a1_2,25,uniform,0.5,110,53,61.23939808169744,0.4818181818181818,1,109,57,0.0022527275141328573,0.24966058355106796,0.14669803659590125,0.17812342036329837,0.06710489060134465
rbv2_xgboost_40975,14,logei,native,decay_uniform_grid_a1_2,26,uniform,0.5,110,61,61.23939808169744,0.5545454545454546,2,110,47,0.08495933562517166,0.331806025767941,0.22051336272710867,0.26477806680604343,0.2078769066358248
rbv2_xgboost_40975,14,logei,native,decay_uniform_grid_a1_2,27,uniform,0.5,110,58,61.23939808169744,0.5272727272727272,2,109,50,0.01467209029942751,0.26156637839784985,0.17270044689209457,0.20783697698633724,0.0452334039939251
rbv2_xgboost_40975,14,logei,native,decay_uniform_grid_a1_2,28,uniform,0.5,110,61,61.23939808169744,0.5545454545454546,1,110,50,0.006320753134787083,0.267069025695195,0.16059560255418276,0.19485048885515194,0.1922746731501249
rbv2_xgboost_40975,14,logei,native,decay_uniform_grid_a1_2,29,uniform,0.5,110,54,61.23939808169744,0.4909090909090909,2,106,48,0.0026412145234644413,0.29542054700023046,0.18108159184807282,0.21823393876286118,0.03969723259564282
rbv2_xgboost_40975,14,logei,native,decay_uniform_grid_a1_2,30,uniform,0.5,110,63,61.23939808169744,0.5727272727272728,1,110,54,0.009260554797947407,0.2103826259853017,0.14014721701703894,0.1701583514536367,0.16549967579162242
rbv2_xgboost_40975,14,logei,native,decay_uniform_grid_a1_2,31,uniform,0.5,110,53,61.23939808169744,0.4818181818181818,2,110,53,0.004569326061755419,0.3001761613355214,0.19181183330666546,0.23054719954109812,0.19621034222334396
rbv2_xgboost_40975,14,logei,native,decay_uniform_grid_a1_2,32,uniform,0.5,110,61,61.23939808169744,0.5545454545454546,2,109,54,0.051485661417245865,0.2749359382642884,0.17139927294094554,0.2052913560982719,0.2381652097428942
rbv2_xgboost_40975,14,logei,native,decay_uniform_grid_a1_2,33,uniform,0.5,110,52,61.23939808169744,0.4727272727272727,1,105,51,0.013681009411811829,0.27863550102873536,0.1791892840831385,0.21659614897906004,0.1569544282523302
rbv2_xgboost_40975,14,logei,native,decay_uniform_grid_a1_2,34,uniform,0.5,110,58,61.23939808169744,0.5272727272727272,2,110,69,0.010099370032548904,0.2655062433340329,0.1784102701615508,0.2158794961514824,0.12794082712274968
rbv2_xgboost_40975,14,logei,native,decay_uniform_grid_a1_2,5,uniform,0.5,110,59,61.23939808169744,0.5363636363636364,1,109,57,0.005089400336146355,0.23072712190310432,0.14932901722504927,0.1803242397069104,0.053839870966731596
rbv2_xgboost_40975,14,logei,native,decay_uniform_grid_a1_2,6,uniform,0.5,110,59,61.23939808169744,0.5363636363636364,2,110,55,0.004709108266979456,0.22876675646128194,0.14648261482233316,0.177966183605019,0.1314143615801538
rbv2_xgboost_40975,14,logei,native,decay_uniform_grid_a1_2,7,uniform,0.5,110,65,61.23939808169744,0.5909090909090909,1,108,59,0.008493715897202492,0.30138222634452855,0.17310366138246988,0.20783392526266853,0.11617286702057288
rbv2_xgboost_40975,14,logei,native,decay_uniform_grid_a1_2,8,uniform,0.5,110,65,61.23939808169744,0.5909090909090909,1,110,56,0.01713963784277439,0.24374631780367859,0.15196984759519863,0.18364788145186767,0.15009919992463067
rbv2_xgboost_40975,14,logei,native,decay_uniform_grid_a1_2,9,uniform,0.5,110,55,61.23939808169744,0.5,1,106,57,0.0054758633486926556,0.3063942301683854,0.20716579051654682,0.2487278123910046,0.14000538457513378
rbv2_xgboost_40975,14,logei,native,standard,10,none,nan,110,0,0.0,0.0,,,0,0.4253677427768707,0.10544806129902339,0.06345321311919438,0.07766749133197921,0.016473007385072378
rbv2_xgboost_40975,14,logei,native,standard,11,none,nan,110,0,0.0,0.0,,,0,0.06388776749372482,0.42894262682508555,0.2976647994281825,0.3527322859402592,0.3896905459451032
rbv2_xgboost_40975,14,logei,native,standard,12,none,nan,110,0,0.0,0.0,,,0,0.0016628110315650702,0.29864195504360563,0.20102931266095314,0.24137212357760815,0.14563364655638658
rbv2_xgboost_40975,14,logei,native,standard,13,none,nan,110,0,0.0,0.0,,,0,0.07528705894947052,0.417844772364732,0.29505712103569776,0.35153310733505305,0.3341703294765227
rbv2_xgboost_40975,14,logei,native,standard,14,none,nan,110,0,0.0,0.0,,,0,0.0016628110315650702,0.23802987222094005,0.15612956177278953,0.18843919762524344,0.028645455861756052
rbv2_xgboost_40975,14,logei,native,standard,15,none,nan,110,0,0.0,0.0,,,0,0.0022835596464574337,0.30074256938007166,0.19768901060953675,0.23708973516544082,0.049528714008926306
rbv2_xgboost_40975,14,logei,native,standard,16,none,nan,110,0,0.0,0.0,,,0,0.005549867637455463,0.23328498746833573,0.15878891509786902,0.1918821858410205,0.058211423655697835
rbv2_xgboost_40975,14,logei,native,standard,17,none,nan,110,0,0.0,0.0,,,0,0.005627983249723911,0.26459747396466976,0.17975456159275804,0.21525546564761522,0.0688405619101002
rbv2_xgboost_40975,14,logei,native,standard,18,none,nan,110,0,0.0,0.0,,,0,0.0016628110315650702,0.19385608075641259,0.12178170549282147,0.14830790236263736,0.023679052285918427
rbv2_xgboost_40975,14,logei,native,standard,19,none,nan,110,0,0.0,0.0,,,0,0.00845465436577797,0.21373859008912593,0.14616849533199475,0.17508856683052854,0.01178792637747058
rbv2_xgboost_40975,14,logei,native,standard,20,none,nan,110,0,0.0,0.0,,,0,0.0016299240523949265,0.21686893721749295,0.14003539513891874,0.16861252876956806,0.0325601197731032
rbv2_xgboost_40975,14,logei,native,standard,21,none,nan,110,0,0.0,0.0,,,0,0.0025261067785322666,0.23715711980230708,0.14832469824941658,0.1808768250815089,0.030190882991637708
rbv2_xgboost_40975,14,logei,native,standard,22,none,nan,110,0,0.0,0.0,,,0,0.0014942653942853212,0.2915189142661929,0.19775037087232228,0.2392372099800902,0.055832429341708255
rbv2_xgboost_40975,14,logei,native,standard,23,none,nan,110,0,0.0,0.0,,,0,0.0011921183904632926,0.27040933054394445,0.17400758445047965,0.20817951571983875,0.033698962699977554
rbv2_xgboost_40975,14,logei,native,standard,24,none,nan,110,0,0.0,0.0,,,0,0.4253677427768707,0.12680574572355147,0.07537846591325713,0.09189705019371405,0.02266901472640685
rbv2_xgboost_40975,14,logei,native,standard,25,none,nan,110,0,0.0,0.0,,,0,0.007482253480702639,0.2377405297498675,0.1549800037477962,0.18916207424724749,0.04480801742125007
rbv2_xgboost_40975,14,logei,native,standard,26,none,nan,110,0,0.0,0.0,,,0,0.4494786560535431,0.1414965743292897,0.08419414449808088,0.10227207086280314,0.08255420649976607
rbv2_xgboost_40975,14,logei,native,standard,27,none,nan,110,0,0.0,0.0,,,0,0.005163403693586588,0.2575649233922272,0.17240402979176972,0.20870796682571402,0.029353155716177266
rbv2_xgboost_40975,14,logei,native,standard,28,none,nan,110,0,0.0,0.0,,,0,0.007537759840488434,0.1705760903479245,0.10717126893808804,0.12946943649413564,0.019115900477470846
rbv2_xgboost_40975,14,logei,native,standard,29,none,nan,110,0,0.0,0.0,,,0,0.05162357538938522,0.27107147674946486,0.17766867235351758,0.21470195612367277,0.04143510766017069
rbv2_xgboost_40975,14,logei,native,standard,30,none,nan,110,0,0.0,0.0,,,0,0.008625290356576443,0.2246407665334445,0.15380774299765648,0.184910752895246,0.03768801291672769
rbv2_xgboost_40975,14,logei,native,standard,31,none,nan,110,0,0.0,0.0,,,0,0.0020965116564184427,0.17676918253220125,0.1155596429613069,0.14119728694569797,0.02403505282541619
rbv2_xgboost_40975,14,logei,native,standard,32,none,nan,110,0,0.0,0.0,,,0,0.4253677427768707,0.09428277892734452,0.05778778730050082,0.07133096782457116,0.013630568883739006
rbv2_xgboost_40975,14,logei,native,standard,33,none,nan,110,0,0.0,0.0,,,0,0.006873745936900377,0.20237068853625584,0.1304461193893538,0.1574524070442088,0.011573069963442645
rbv2_xgboost_40975,14,logei,native,standard,34,none,nan,110,0,0.0,0.0,,,0,0.0071430504322052,0.2456174677031602,0.16050644089093882,0.19270487602818334,0.0871681787876729
rbv2_xgboost_40975,14,logei,native,standard,5,none,nan,110,0,0.0,0.0,,,0,0.0016628110315650702,0.21523019244952898,0.14436317682640498,0.1740770693429361,0.04779327794072115
rbv2_xgboost_40975,14,logei,native,standard,6,none,nan,110,0,0.0,0.0,,,0,0.00209240079857409,0.16576504673774733,0.11118813173477957,0.1344649133942623,0.01593257448578417
rbv2_xgboost_40975,14,logei,native,standard,7,none,nan,110,0,0.0,0.0,,,0,0.007918083108961582,0.3074630856094782,0.19123545157599042,0.22950462967580781,0.04051177359916064
rbv2_xgboost_40975,14,logei,native,standard,8,none,nan,110,0,0.0,0.0,,,0,0.001644312054850161,0.23856609007278556,0.1488899764770924,0.18108974652676993,0.0336850978739637
rbv2_xgboost_40975,14,logei,native,standard,9,none,nan,110,0,0.0,0.0,,,0,0.0026206595357507467,0.29110261136611615,0.19478860669081727,0.23496835501576782,0.03740568888162236
rbv2_xgboost_40975,14,mes_gumbel,native,decay_greedy_packing_grid_a1_2,10,greedy_packing,0.5,110,65,61.23939808169744,0.5909090909090909,1,108,53,0.027141181752085686,0.22935815125059222,0.15256086146810077,0.1790569007156008,0.02908704654603204
rbv2_xgboost_40975,14,mes_gumbel,native,decay_greedy_packing_grid_a1_2,11,greedy_packing,0.5,110,69,61.23939808169744,0.6272727272727273,2,110,45,0.009542213752865791,0.2588341671979455,0.16878733967814363,0.19701320521138693,0.21603984213359637
rbv2_xgboost_40975,14,mes_gumbel,native,decay_greedy_packing_grid_a1_2,12,greedy_packing,0.5,110,66,61.23939808169744,0.6,1,108,41,0.003444923786446452,0.24029300651809693,0.1600104090975506,0.18834236797170328,0.03824470074489322
rbv2_xgboost_40975,14,mes_gumbel,native,decay_greedy_packing_grid_a1_2,13,greedy_packing,0.5,110,62,61.23939808169744,0.5636363636363636,1,110,54,0.019784221425652504,0.32859156175874993,0.22947383432625518,0.2658748261092382,0.29670058984680975
rbv2_xgboost_40975,14,mes_gumbel,native,decay_greedy_packing_grid_a1_2,14,greedy_packing,0.5,110,59,61.23939808169744,0.5363636363636364,2,109,50,0.002236283617094159,0.1968384026359913,0.13271849424539117,0.15654089036095772,0.05282261178488726
rbv2_xgboost_40975,14,mes_gumbel,native,decay_greedy_packing_grid_a1_2,15,greedy_packing,0.5,110,59,61.23939808169744,0.5363636363636364,1,107,61,0.007570652291178703,0.20560327990045513,0.14266772964184438,0.1683558686014159,0.029985381226485527
rbv2_xgboost_40975,14,mes_gumbel,native,decay_greedy_packing_grid_a1_2,16,greedy_packing,0.5,110,59,61.23939808169744,0.5363636363636364,3,109,54,0.002363723237067461,0.21740437285402903,0.14871658801501497,0.17411296913299334,0.08855902336581509
rbv2_xgboost_40975,14,mes_gumbel,native,decay_greedy_packing_grid_a1_2,17,greedy_packing,0.5,110,68,61.23939808169744,0.6181818181818182,1,109,51,0.009961621835827827,0.17327920108342434,0.11717617549475004,0.13653434752606272,0.03417754450889762
rbv2_xgboost_40975,14,mes_gumbel,native,decay_greedy_packing_grid_a1_2,18,greedy_packing,0.5,110,66,61.23939808169744,0.6,1,109,63,0.006090513430535793,0.2123712898965114,0.1327030374355081,0.1561962727208839,0.03988038593526579
rbv2_xgboost_40975,14,mes_gumbel,native,decay_greedy_packing_grid_a1_2,19,greedy_packing,0.5,110,52,61.23939808169744,0.4727272727272727,2,110,47,0.0015538728330284357,0.2659019237076303,0.17771413471054687,0.20927236546871442,0.23232696036681527
rbv2_xgboost_40975,14,mes_gumbel,native,decay_greedy_packing_grid_a1_2,20,greedy_packing,0.5,110,56,61.23939808169744,0.509090909090909,3,109,62,0.00597333861514926,0.2552795830751993,0.1727631231902833,0.20432252069973908,0.10861168857966948
rbv2_xgboost_40975,14,mes_gumbel,native,decay_greedy_packing_grid_a1_2,21,greedy_packing,0.5,110,62,61.23939808169744,0.5636363636363636,1,110,56,0.011001940816640854,0.18489242590050342,0.12961108253485898,0.15170144390081566,0.15119583292923813
rbv2_xgboost_40975,14,mes_gumbel,native,decay_greedy_packing_grid_a1_2,22,greedy_packing,0.5,110,55,61.23939808169744,0.5,1,108,61,0.0032763693016022444,0.2112456692950639,0.13924937358553618,0.1636822272467071,0.05110156220620785
rbv2_xgboost_40975,14,mes_gumbel,native,decay_greedy_packing_grid_a1_2,23,greedy_packing,0.5,110,73,61.23939808169744,0.6636363636363637,2,108,52,0.04880159720778465,0.1987847643265001,0.13373950881499702,0.15738605408750725,0.0323267090013449
rbv2_xgboost_40975,14,mes_gumbel,native,decay_greedy_packing_grid_a1_2,24,greedy_packing,0.5,110,59,61.23939808169744,0.5363636363636364,1,110,50,0.013759142719209194,0.27440383419604414,0.18985828596637244,0.22366560704520752,0.24565174435846635
rbv2_xgboost_40975,14,mes_gumbel,native,decay_greedy_packing_grid_a1_2,25,greedy_packing,0.5,110,53,61.23939808169744,0.4818181818181818,1,109,57,0.04483763128519058,0.20510819015442425,0.13801872461607617,0.16282897321423187,0.04273726411876881
rbv2_xgboost_40975,14,mes_gumbel,native,decay_greedy_packing_grid_a1_2,26,greedy_packing,0.5,110,61,61.23939808169744,0.5545454545454546,2,110,47,0.0032475918997079134,0.19819368871262927,0.1260845064146438,0.1485374394111691,0.16079540072335932
rbv2_xgboost_40975,14,mes_gumbel,native,decay_greedy_packing_grid_a1_2,27,greedy_packing,0.5,110,58,61.23939808169744,0.5272727272727272,2,109,50,0.006733954884111881,0.2050205070531497,0.1422487699055291,0.1695497939968413,0.04911058466952493
rbv2_xgboost_40975,14,mes_gumbel,native,decay_greedy_packing_grid_a1_2,28,greedy_packing,0.5,110,61,61.23939808169744,0.5545454545454546,1,110,50,0.008212065324187279,0.2172371042870015,0.1482132986206663,0.17270740356739836,0.1769936210167882
rbv2_xgboost_40975,14,mes_gumbel,native,decay_greedy_packing_grid_a1_2,29,greedy_packing,0.5,110,54,61.23939808169744,0.4909090909090909,2,106,48,0.006637335289269686,0.20018189555664434,0.1379434446336995,0.16149820122900124,0.02474154370919486
rbv2_xgboost_40975,14,mes_gumbel,native,decay_greedy_packing_grid_a1_2,30,greedy_packing,0.5,110,63,61.23939808169744,0.5727272727272728,1,110,54,0.016792114824056625,0.287560846535327,0.19923927954327814,0.23360501808227244,0.2592305808001882
rbv2_xgboost_40975,14,mes_gumbel,native,decay_greedy_packing_grid_a1_2,31,greedy_packing,0.5,110,53,61.23939808169744,0.4818181818181818,2,110,53,0.003356535453349352,0.21965799098805,0.1409517559280707,0.1660364803963559,0.18213738859269035
rbv2_xgboost_40975,14,mes_gumbel,native,decay_greedy_packing_grid_a1_2,32,greedy_packing,0.5,110,61,61.23939808169744,0.5545454545454546,2,109,54,0.10653447359800339,0.8966287816830518,0.7931103911864601,0.8442364592060815,0.9504688297162379
rbv2_xgboost_40975,14,mes_gumbel,native,decay_greedy_packing_grid_a1_2,33,greedy_packing,0.5,110,52,61.23939808169744,0.4727272727272727,1,105,51,0.05964411422610283,0.41371119748965535,0.2909200072451972,0.3366910418037513,0.4259843312996978
rbv2_xgboost_40975,14,mes_gumbel,native,decay_greedy_packing_grid_a1_2,34,greedy_packing,0.5,110,58,61.23939808169744,0.5272727272727272,2,110,69,0.006080235354602337,0.2347824259683092,0.1524631709183335,0.179314978165409,0.21243808512159082
rbv2_xgboost_40975,14,mes_gumbel,native,decay_greedy_packing_grid_a1_2,5,greedy_packing,0.5,110,59,61.23939808169744,0.5363636363636364,1,109,57,0.011598184704780579,0.25538167533384376,0.16971300103939313,0.19936053551804994,0.16268365467132273
rbv2_xgboost_40975,14,mes_gumbel,native,decay_greedy_packing_grid_a1_2,6,greedy_packing,0.5,110,59,61.23939808169744,0.5363636363636364,2,110,55,0.016748931258916855,0.22183265983069544,0.1528817257732505,0.1794792153670761,0.18575204917103683
rbv2_xgboost_40975,14,mes_gumbel,native,decay_greedy_packing_grid_a1_2,7,greedy_packing,0.5,110,65,61.23939808169744,0.5909090909090909,1,108,59,0.0424051433801651,0.22309053895120387,0.15402399405234216,0.18016738769086452,0.016789459016923712
rbv2_xgboost_40975,14,mes_gumbel,native,decay_greedy_packing_grid_a1_2,8,greedy_packing,0.5,110,65,61.23939808169744,0.5909090909090909,1,110,56,0.007973589934408665,0.19424919890120404,0.13269951899132196,0.15675648558698002,0.17776799900398105
rbv2_xgboost_40975,14,mes_gumbel,native,decay_greedy_packing_grid_a1_2,9,greedy_packing,0.5,110,55,61.23939808169744,0.5,1,106,57,0.0016155359335243702,0.20243390957402022,0.1331820763570046,0.15733744668575494,0.026998754816219453
rbv2_xgboost_40975,14,mes_gumbel,native,decay_uniform_grid_a1_2,10,uniform,0.5,110,65,61.23939808169744,0.5909090909090909,1,108,53,0.007745395414531231,0.25213100099373054,0.1533713293410449,0.18515876154595687,0.08562732884928687
rbv2_xgboost_40975,14,mes_gumbel,native,decay_uniform_grid_a1_2,11,uniform,0.5,110,69,61.23939808169744,0.6272727272727273,2,110,45,0.012502850964665413,0.3652969176174963,0.2330484938991098,0.27614356241856547,0.30847339892757375
rbv2_xgboost_40975,14,mes_gumbel,native,decay_uniform_grid_a1_2,12,uniform,0.5,110,66,61.23939808169744,0.6,1,108,41,0.0029824289958924055,0.2731061714825925,0.17141245797548144,0.20751028205330171,0.10742461424407403
rbv2_xgboost_40975,14,mes_gumbel,native,decay_uniform_grid_a1_2,13,uniform,0.5,110,62,61.23939808169744,0.5636363636363636,1,110,54,0.02018730342388153,0.28062302352521845,0.1766583743791692,0.21282977802421058,0.17331327941228516
rbv2_xgboost_40975,14,mes_gumbel,native,decay_uniform_grid_a1_2,14,uniform,0.5,110,59,61.23939808169744,0.5363636363636364,2,109,50,0.002871431177482009,0.22215543682168956,0.14227734570751932,0.17151472681167423,0.048006890661630365
rbv2_xgboost_40975,14,mes_gumbel,native,decay_uniform_grid_a1_2,15,uniform,0.5,110,59,61.23939808169744,0.5363636363636364,1,107,61,0.013240993954241276,0.2645084319339018,0.1716674035357602,0.20724209282774397,0.06077401351489803
rbv2_xgboost_40975,14,mes_gumbel,native,decay_uniform_grid_a1_2,16,uniform,0.5,110,59,61.23939808169744,0.5363636363636364,3,109,54,0.0810200572013855,0.25625053422953853,0.16553218585028617,0.19981882837493406,0.04797983020334847
rbv2_xgboost_40975,14,mes_gumbel,native,decay_uniform_grid_a1_2,17,uniform,0.5,110,68,61.23939808169744,0.6181818181818182,1,109,51,0.013113514520227909,0.23949353160865972,0.15755838242322182,0.19127424438226215,0.044586987278772
rbv2_xgboost_40975,14,mes_gumbel,native,decay_uniform_grid_a1_2,18,uniform,0.5,110,66,61.23939808169744,0.6,1,109,63,0.00935307051986456,0.25813675761789245,0.1682339646895562,0.2010294319206386,0.034279447914686186
rbv2_xgboost_40975,14,mes_gumbel,native,decay_uniform_grid_a1_2,19,uniform,0.5,110,52,61.23939808169744,0.4727272727272727,2,110,47,0.012986035086214542,0.311393711700795,0.202642185090237,0.23988270976884812,0.16863349365614977
rbv2_xgboost_40975,14,mes_gumbel,native,decay_uniform_grid_a1_2,20,uniform,0.5,110,56,61.23939808169744,0.509090909090909,3,109,62,0.006281694862991571,0.25252199982068385,0.1606511712505798,0.19445849496628653,0.05405609713412095
rbv2_xgboost_40975,14,mes_gumbel,native,decay_uniform_grid_a1_2,21,uniform,0.5,110,62,61.23939808169744,0.5636363636363636,1,110,56,0.006413260940462351,0.3303625207257448,0.2219915706124333,0.2658984021845759,0.2365899378295953
rbv2_xgboost_40975,14,mes_gumbel,native,decay_uniform_grid_a1_2,22,uniform,0.5,110,55,61.23939808169744,0.5,1,108,61,0.0015641500940546393,0.25414938718006747,0.16830719460279078,0.20520003694970682,0.08314969722880598
rbv2_xgboost_40975,14,mes_gumbel,native,decay_uniform_grid_a1_2,23,uniform,0.5,110,73,61.23939808169744,0.6636363636363637,2,108,52,0.0016628110315650702,0.2686190672525345,0.1689511591229932,0.20678967260417547,0.050482386811749755
rbv2_xgboost_40975,14,mes_gumbel,native,decay_uniform_grid_a1_2,24,uniform,0.5,110,59,61.23939808169744,0.5363636363636364,1,110,50,0.006620889529585838,0.28879819555147607,0.17822139192833822,0.21529251219701429,0.1973041013859882
rbv2_xgboost_40975,14,mes_gumbel,native,decay_uniform_grid_a1_2,25,uniform,0.5,110,53,61.23939808169744,0.4818181818181818,1,109,57,0.0028385429177433252,0.24060055462842064,0.1422570492655559,0.17274815358597206,0.03305111772140135
rbv2_xgboost_40975,14,mes_gumbel,native,decay_uniform_grid_a1_2,26,uniform,0.5,110,61,61.23939808169744,0.5545454545454546,2,110,47,0.024905338883399963,0.3174447017360547,0.2129215586365577,0.25508646068260377,0.19055491458549575
rbv2_xgboost_40975,14,mes_gumbel,native,decay_uniform_grid_a1_2,27,uniform,0.5,110,58,61.23939808169744,0.5272727272727272,2,109,50,0.007821460254490376,0.22080492894837878,0.1452906468887705,0.17670882272980912,0.03765860968300045
rbv2_xgboost_40975,14,mes_gumbel,native,decay_uniform_grid_a1_2,28,uniform,0.5,110,61,61.23939808169744,0.5545454545454546,1,110,50,0.028609881177544594,0.3002864005412535,0.1835654624148219,0.22168596554554165,0.19941156646841454
rbv2_xgboost_40975,14,mes_gumbel,native,decay_uniform_grid_a1_2,29,uniform,0.5,110,54,61.23939808169744,0.4909090909090909,2,106,48,0.00217256392352283,0.2790871877817325,0.17084125864924063,0.2051741950616003,0.05291900510145289
rbv2_xgboost_40975,14,mes_gumbel,native,decay_uniform_grid_a1_2,30,uniform,0.5,110,63,61.23939808169744,0.5727272727272728,1,110,54,0.1317562311887741,0.2199905851765137,0.14294836702440078,0.17099186119378806,0.17074367177012198
rbv2_xgboost_40975,14,mes_gumbel,native,decay_uniform_grid_a1_2,31,uniform,0.5,110,53,61.23939808169744,0.4818181818181818,2,110,53,0.004131483379751444,0.24304168652879254,0.1539190284070926,0.18491256550037632,0.16215234839178
rbv2_xgboost_40975,14,mes_gumbel,native,decay_uniform_grid_a1_2,32,uniform,0.5,110,61,61.23939808169744,0.5545454545454546,2,109,54,0.005161347799003124,0.22900750731887146,0.14356751434056628,0.1730170648561357,0.06462469101950424
rbv2_xgboost_40975,14,mes_gumbel,native,decay_uniform_grid_a1_2,33,uniform,0.5,110,52,61.23939808169744,0.4727272727272727,1,105,51,0.024853918701410294,0.2885317455515006,0.18762869845057967,0.22626673830464486,0.0366895669972842
rbv2_xgboost_40975,14,mes_gumbel,native,decay_uniform_grid_a1_2,34,uniform,0.5,110,58,61.23939808169744,0.5272727272727272,2,110,69,0.2125449776649475,0.26425280016817376,0.17396348619350888,0.20793290518303767,0.14835853157990112
rbv2_xgboost_40975,14,mes_gumbel,native,decay_uniform_grid_a1_2,5,uniform,0.5,110,59,61.23939808169744,0.5363636363636364,1,109,57,0.0014654893893748522,0.23793512909768377,0.1541454783168657,0.18629823038470916,0.04756773669422663
rbv2_xgboost_40975,14,mes_gumbel,native,decay_uniform_grid_a1_2,6,uniform,0.5,110,59,61.23939808169744,0.5363636363636364,2,110,55,0.037077728658914566,0.23361857141448997,0.1501270632933012,0.18265971822888483,0.13282848975615053
rbv2_xgboost_40975,14,mes_gumbel,native,decay_uniform_grid_a1_2,7,uniform,0.5,110,65,61.23939808169744,0.5909090909090909,1,108,59,0.046685777604579926,0.3802485165873812,0.23014060542249687,0.273574661815048,0.04462314441925323
rbv2_xgboost_40975,14,mes_gumbel,native,decay_uniform_grid_a1_2,8,uniform,0.5,110,65,61.23939808169744,0.5909090909090909,1,110,56,0.0025857160799205303,0.22584773541621306,0.13946380699683616,0.1692406228021721,0.136864354604259
rbv2_xgboost_40975,14,mes_gumbel,native,decay_uniform_grid_a1_2,9,uniform,0.5,110,55,61.23939808169744,0.5,1,106,57,0.0016299240523949265,0.25868252575544964,0.1749858905047245,0.21179702217069662,0.041290377044767734
rbv2_xgboost_40975,14,mes_gumbel,native,standard,10,none,nan,110,0,0.0,0.0,,,0,0.025014352053403854,0.2067735493795818,0.1255756828790528,0.15238400212511802,0.170121476523431
rbv2_xgboost_40975,14,mes_gumbel,native,standard,11,none,nan,110,0,0.0,0.0,,,0,0.0028960972558707,0.7974395942219845,0.6777225730514546,0.7398450057950317,0.6978591208193249
rbv2_xgboost_40975,14,mes_gumbel,native,standard,12,none,nan,110,0,0.0,0.0,,,0,0.0014572676736861467,0.219689632862442,0.1417842628611457,0.1725459557584125,0.12536039230380966
rbv2_xgboost_40975,14,mes_gumbel,native,standard,13,none,nan,110,0,0.0,0.0,,,0,0.3365611433982849,0.2427840839449294,0.1625152653090995,0.19643291614185743,0.1733794436664174
rbv2_xgboost_40975,14,mes_gumbel,native,standard,14,none,nan,110,0,0.0,0.0,,,0,0.006818240508437157,0.23728156057657554,0.1561809729632332,0.18850193086586678,0.03380943863949703
rbv2_xgboost_40975,14,mes_gumbel,native,standard,15,none,nan,110,0,0.0,0.0,,,0,0.010058251209557056,0.21844077642149462,0.1369762511494525,0.16784495207687522,0.13182331249606577
rbv2_xgboost_40975,14,mes_gumbel,native,standard,16,none,nan,110,0,0.0,0.0,,,0,0.4253677427768707,0.1727373845314824,0.11414050895504178,0.1382354743607177,0.07350881303730876
rbv2_xgboost_40975,14,mes_gumbel,native,standard,17,none,nan,110,0,0.0,0.0,,,0,0.0013010554248467088,0.22332225947664192,0.15178862314760244,0.18071009207029087,0.023293001938826424
rbv2_xgboost_40975,14,mes_gumbel,native,standard,18,none,nan,110,0,0.0,0.0,,,0,0.006053511053323746,0.19505768589171985,0.12268608833884187,0.1484985049096532,0.0334271471178761
rbv2_xgboost_40975,14,mes_gumbel,native,standard,19,none,nan,110,0,0.0,0.0,,,0,0.4253677427768707,0.13262038330044415,0.08751142489555103,0.10718826682566324,0.037820455222332995
rbv2_xgboost_40975,14,mes_gumbel,native,standard,20,none,nan,110,0,0.0,0.0,,,0,0.0020492360927164555,0.22472796911137172,0.15866366028137546,0.19067158740486811,0.03580619789861996
rbv2_xgboost_40975,14,mes_gumbel,native,standard,21,none,nan,110,0,0.0,0.0,,,0,0.0014223253820091486,0.2239427037847999,0.1427743867818913,0.172937773372309,0.021352862252270878
rbv2_xgboost_40975,14,mes_gumbel,native,standard,22,none,nan,110,0,0.0,0.0,,,0,0.0016628110315650702,0.2139603124698874,0.14358896009560843,0.17243254442627393,0.025291822628338685
rbv2_xgboost_40975,14,mes_gumbel,native,standard,23,none,nan,110,0,0.0,0.0,,,0,0.0057657137513160706,0.2115598349290776,0.1390294309759149,0.16908640125117763,0.05041453729549331
rbv2_xgboost_40975,14,mes_gumbel,native,standard,24,none,nan,110,0,0.0,0.0,,,0,0.4253677427768707,0.18683937692081215,0.11764157829531563,0.14093748517463942,0.0706750941619355
rbv2_xgboost_40975,14,mes_gumbel,native,standard,25,none,nan,110,0,0.0,0.0,,,0,0.007517201825976372,0.22163159676991542,0.1366508350244089,0.16785582915290836,0.03212363264606144
rbv2_xgboost_40975,14,mes_gumbel,native,standard,26,none,nan,110,0,0.0,0.0,,,0,0.4253677427768707,0.1579377566813186,0.09868345311871135,0.11931809164539647,0.05971380881603535
rbv2_xgboost_40975,14,mes_gumbel,native,standard,27,none,nan,110,0,0.0,0.0,,,0,0.0025898271705955267,0.2508028577174153,0.16611385115453758,0.2025701432692161,0.03886432446710333
rbv2_xgboost_40975,14,mes_gumbel,native,standard,28,none,nan,110,0,0.0,0.0,,,0,0.4253677427768707,0.14242759323863988,0.09201313834084315,0.11303134836634274,0.027703303369689628
rbv2_xgboost_40975,14,mes_gumbel,native,standard,29,none,nan,110,0,0.0,0.0,,,0,0.006080235354602337,0.31296693991716495,0.20999534878003923,0.2521648896369494,0.06942281757987476
rbv2_xgboost_40975,14,mes_gumbel,native,standard,30,none,nan,110,0,0.0,0.0,,,0,0.003991703502833843,0.30675561637188153,0.21643778752446988,0.2555616641396935,0.0011545496125619382
rbv2_xgboost_40975,14,mes_gumbel,native,standard,31,none,nan,110,0,0.0,0.0,,,0,0.008043487556278706,0.2046153555543307,0.13132432176697179,0.15944618488990062,0.03433690502813067
rbv2_xgboost_40975,14,mes_gumbel,native,standard,32,none,nan,110,0,0.0,0.0,,,0,0.4253677427768707,0.14201821974615758,0.08851004013682022,0.1087388430536745,0.0656969060718613
rbv2_xgboost_40975,14,mes_gumbel,native,standard,33,none,nan,110,0,0.0,0.0,,,0,0.002865264657884836,0.2777718057924197,0.18580128408343405,0.22216004515149068,0.053929833197443475
rbv2_xgboost_40975,14,mes_gumbel,native,standard,34,none,nan,110,0,0.0,0.0,,,0,0.12269993126392365,0.16079639550358224,0.10617791238206864,0.1277632586429468,0.10816427304504476
rbv2_xgboost_40975,14,mes_gumbel,native,standard,5,none,nan,110,0,0.0,0.0,,,0,0.006873745936900377,0.38508649879125195,0.2672481443156921,0.316155876930341,0.1744950908049234
rbv2_xgboost_40975,14,mes_gumbel,native,standard,6,none,nan,110,0,0.0,0.0,,,0,0.006610610522329807,0.2366550178134138,0.15562387207523914,0.18731212062411615,0.01931614355109615
rbv2_xgboost_40975,14,mes_gumbel,native,standard,7,none,nan,110,0,0.0,0.0,,,0,0.0020636243280023336,0.2773310181031682,0.17244330445371842,0.2065243059602057,0.05371579303586777
rbv2_xgboost_40975,14,mes_gumbel,native,standard,8,none,nan,110,0,0.0,0.0,,,0,0.004045148845762014,0.21551479005392934,0.13494461547146253,0.16256320836867155,0.03520106133666201
rbv2_xgboost_40975,14,mes_gumbel,native,standard,9,none,nan,110,0,0.0,0.0,,,0,0.006423539482057095,0.2756544311940609,0.18201376753546455,0.2194473463397081,0.03187639594981097
rbv2_xgboost_40975,14,ts,logarithmic,decay_greedy_packing_grid_a1_2,10,greedy_packing,0.5,110,65,61.23939808169744,0.5909090909090909,1,108,53,0.13952302932739258,0.2578296504132886,0.1775985782532058,0.20752420115199227,0.21538589999047697
rbv2_xgboost_40975,14,ts,logarithmic,decay_greedy_packing_grid_a1_2,11,greedy_packing,0.5,110,69,61.23939808169744,0.6272727272727273,2,110,45,0.08535081893205643,0.2471531897421214,0.15871975049359466,0.18529971661825603,0.21430910895891828
rbv2_xgboost_40975,14,ts,logarithmic,decay_greedy_packing_grid_a1_2,12,greedy_packing,0.5,110,66,61.23939808169744,0.6,1,108,41,0.19431167840957642,0.20470170749500172,0.1328748647327978,0.1560054401730726,0.15730448753693027
rbv2_xgboost_40975,14,ts,logarithmic,decay_greedy_packing_grid_a1_2,13,greedy_packing,0.5,110,62,61.23939808169744,0.5636363636363636,1,110,54,0.16909784078598022,0.25185057171014336,0.1690216743291172,0.19927411907383727,0.22737306598010243
rbv2_xgboost_40975,14,ts,logarithmic,decay_greedy_packing_grid_a1_2,14,greedy_packing,0.5,110,59,61.23939808169744,0.5363636363636364,2,109,50,0.10227525979280472,0.22740686020638248,0.15343548352249475,0.18006327697933752,0.17567970045835732
rbv2_xgboost_40975,14,ts,logarithmic,decay_greedy_packing_grid_a1_2,15,greedy_packing,0.5,110,59,61.23939808169744,0.5363636363636364,1,107,61,0.23211221396923065,0.2454938822759981,0.15768232032305357,0.18640966604393128,0.15516896883315043
rbv2_xgboost_40975,14,ts,logarithmic,decay_greedy_packing_grid_a1_2,16,greedy_packing,0.5,110,59,61.23939808169744,0.5363636363636364,3,109,54,0.13184288144111633,0.23657934193068303,0.15013221336898946,0.1791320690953454,0.1450752702323013
rbv2_xgboost_40975,14,ts,logarithmic,decay_greedy_packing_grid_a1_2,17,greedy_packing,0.5,110,68,61.23939808169744,0.6181818181818182,1,109,51,0.14724616706371307,0.21709662581969724,0.1429770910263843,0.16751201374764374,0.15626569861642875
rbv2_xgboost_40975,14,ts,logarithmic,decay_greedy_packing_grid_a1_2,18,greedy_packing,0.5,110,66,61.23939808169744,0.6,1,109,63,0.1540873944759369,0.2540868357088319,0.16670232924502987,0.1963888374359299,0.1875973043999621
rbv2_xgboost_40975,14,ts,logarithmic,decay_greedy_packing_grid_a1_2,19,greedy_packing,0.5,110,52,61.23939808169744,0.4727272727272727,2,110,47,0.0983690395951271,0.25470165007133166,0.17246520230472706,0.20282675107828405,0.22444687176543943
rbv2_xgboost_40975,14,ts,logarithmic,decay_greedy_packing_grid_a1_2,20,greedy_packing,0.5,110,56,61.23939808169744,0.509090909090909,3,109,62,0.14500045776367188,0.25966998309247485,0.17641280363513545,0.21004601516364832,0.16374442272591175
rbv2_xgboost_40975,14,ts,logarithmic,decay_greedy_packing_grid_a1_2,21,greedy_packing,0.5,110,62,61.23939808169744,0.5636363636363636,1,110,56,0.11083956807851791,0.26116223877365075,0.16457102782110777,0.193322815943749,0.18752951356105596
rbv2_xgboost_40975,14,ts,logarithmic,decay_greedy_packing_grid_a1_2,22,greedy_packing,0.5,110,55,61.23939808169744,0.5,1,108,61,0.09717355668544769,0.2559698223559081,0.16801170493490847,0.1996233038912555,0.19240502626474462
rbv2_xgboost_40975,14,ts,logarithmic,decay_greedy_packing_grid_a1_2,23,greedy_packing,0.5,110,73,61.23939808169744,0.6636363636363637,2,108,52,0.09258370101451874,0.2649006792299798,0.17665502192406557,0.2067729465523328,0.15299835666855408
rbv2_xgboost_40975,14,ts,logarithmic,decay_greedy_packing_grid_a1_2,24,greedy_packing,0.5,110,59,61.23939808169744,0.5363636363636364,1,110,50,0.11419454216957092,0.23514949545886915,0.15857250613305618,0.1873419193281227,0.21229271875226935
rbv2_xgboost_40975,14,ts,logarithmic,decay_greedy_packing_grid_a1_2,25,greedy_packing,0.5,110,53,61.23939808169744,0.4818181818181818,1,109,57,0.21050594747066498,0.24984254596692265,0.17234343643575706,0.20222833111146585,0.18725628642692346
rbv2_xgboost_40975,14,ts,logarithmic,decay_greedy_packing_grid_a1_2,26,greedy_packing,0.5,110,61,61.23939808169744,0.5545454545454546,2,110,47,0.19599628448486328,0.23040314924400393,0.15529247812037195,0.18312897917966237,0.22738034620833616
rbv2_xgboost_40975,14,ts,logarithmic,decay_greedy_packing_grid_a1_2,27,greedy_packing,0.5,110,58,61.23939808169744,0.5272727272727272,2,109,50,0.13802896440029144,0.2122449759911233,0.1437177587541165,0.17117366815631982,0.13817381119433425
rbv2_xgboost_40975,14,ts,logarithmic,decay_greedy_packing_grid_a1_2,28,greedy_packing,0.5,110,61,61.23939808169744,0.5545454545454546,1,110,50,0.12171605229377747,0.24433414571526302,0.16053801790235162,0.1902499347309208,0.20574622797282716
rbv2_xgboost_40975,14,ts,logarithmic,decay_greedy_packing_grid_a1_2,29,greedy_packing,0.5,110,54,61.23939808169744,0.4909090909090909,2,106,48,0.1321420520544052,0.23987612250952964,0.15671812087997802,0.1849313596442196,0.13357035079437068
rbv2_xgboost_40975,14,ts,logarithmic,decay_greedy_packing_grid_a1_2,30,greedy_packing,0.5,110,63,61.23939808169744,0.5727272727272728,1,110,54,0.2724545896053314,0.231796398392997,0.15147217094187337,0.17884016144958834,0.20582090761302943
rbv2_xgboost_40975,14,ts,logarithmic,decay_greedy_packing_grid_a1_2,31,greedy_packing,0.5,110,53,61.23939808169744,0.4818181818181818,2,110,53,0.17354916036128998,0.2300200413932027,0.1503339541854663,0.1767132165393376,0.19450992812282497
rbv2_xgboost_40975,14,ts,logarithmic,decay_greedy_packing_grid_a1_2,32,greedy_packing,0.5,110,61,61.23939808169744,0.5545454545454546,2,109,54,0.2986854016780853,0.18923384294977907,0.12995671968881786,0.1545923201637149,0.1350084177319935
rbv2_xgboost_40975,14,ts,logarithmic,decay_greedy_packing_grid_a1_2,33,greedy_packing,0.5,110,52,61.23939808169744,0.4727272727272727,1,105,51,0.1161515861749649,0.23871672718475928,0.15933109525208267,0.18902297145979263,0.14868194757764822
rbv2_xgboost_40975,14,ts,logarithmic,decay_greedy_packing_grid_a1_2,34,greedy_packing,0.5,110,58,61.23939808169744,0.5272727272727272,2,110,69,0.0828309953212738,0.2384952404103649,0.16282355307616092,0.1910011972178776,0.20721238937142675
rbv2_xgboost_40975,14,ts,logarithmic,decay_greedy_packing_grid_a1_2,5,greedy_packing,0.5,110,59,61.23939808169744,0.5363636363636364,1,109,57,0.1024051308631897,0.24800705911807838,0.1614643033528945,0.1909262770074477,0.16825672562626806
rbv2_xgboost_40975,14,ts,logarithmic,decay_greedy_packing_grid_a1_2,6,greedy_packing,0.5,110,59,61.23939808169744,0.5363636363636364,2,110,55,0.19791044294834137,0.2479017230946851,0.17127483192376575,0.20331261999148606,0.2303382711977178
rbv2_xgboost_40975,14,ts,logarithmic,decay_greedy_packing_grid_a1_2,7,greedy_packing,0.5,110,65,61.23939808169744,0.5909090909090909,1,108,59,0.30150508880615234,0.28500834869607183,0.1796570713247766,0.21074520314123665,0.22158416294232064
rbv2_xgboost_40975,14,ts,logarithmic,decay_greedy_packing_grid_a1_2,8,greedy_packing,0.5,110,65,61.23939808169744,0.5909090909090909,1,110,56,0.27996307611465454,0.21478135317002076,0.14115014944120668,0.1674338646451999,0.17471256660019832
rbv2_xgboost_40975,14,ts,logarithmic,decay_greedy_packing_grid_a1_2,9,greedy_packing,0.5,110,55,61.23939808169744,0.5,1,106,57,0.09650575369596481,0.2541608386056952,0.168206419364003,0.19827086073912484,0.19950260458023472
rbv2_xgboost_40975,14,ts,logarithmic,decay_uniform_grid_a1_2,10,uniform,0.5,110,65,61.23939808169744,0.5909090909090909,1,108,53,0.1346118301153183,0.2856371880003976,0.17777794550346177,0.21369836108132392,0.21054978272427813
rbv2_xgboost_40975,14,ts,logarithmic,decay_uniform_grid_a1_2,11,uniform,0.5,110,69,61.23939808169744,0.6272727272727273,2,110,45,0.14702323079109192,0.3164029936653087,0.18286802896681648,0.21782053995741016,0.2535861104156479
rbv2_xgboost_40975,14,ts,logarithmic,decay_uniform_grid_a1_2,12,uniform,0.5,110,66,61.23939808169744,0.6,1,108,41,0.10727669298648834,0.27649843664629464,0.17154796319092208,0.20696591119275234,0.22709562591236726
rbv2_xgboost_40975,14,ts,logarithmic,decay_uniform_grid_a1_2,13,uniform,0.5,110,62,61.23939808169744,0.5636363636363636,1,110,54,0.10911788046360016,0.29444830216168705,0.18711954879484013,0.2260255315525791,0.19219702622949286
rbv2_xgboost_40975,14,ts,logarithmic,decay_uniform_grid_a1_2,14,uniform,0.5,110,59,61.23939808169744,0.5363636363636364,2,109,50,0.10227525979280472,0.270054199714819,0.17671395968831122,0.21259959951015964,0.22999867611475242
rbv2_xgboost_40975,14,ts,logarithmic,decay_uniform_grid_a1_2,15,uniform,0.5,110,59,61.23939808169744,0.5363636363636364,1,107,61,0.07901144027709961,0.27063321373824334,0.17747276968321707,0.21468687235281422,0.18669092496738104
rbv2_xgboost_40975,14,ts,logarithmic,decay_uniform_grid_a1_2,16,uniform,0.5,110,59,61.23939808169744,0.5363636363636364,3,109,54,0.13184288144111633,0.28215485299045695,0.16942561330264871,0.20459410227844257,0.17745020739763018
rbv2_xgboost_40975,14,ts,logarithmic,decay_uniform_grid_a1_2,17,uniform,0.5,110,68,61.23939808169744,0.6181818181818182,1,109,51,0.23756296932697296,0.2630583144450858,0.1675123538950061,0.20325426850286776,0.17796237197769732
rbv2_xgboost_40975,14,ts,logarithmic,decay_uniform_grid_a1_2,18,uniform,0.5,110,66,61.23939808169744,0.6,1,109,63,0.12306296080350876,0.28261699109953087,0.1768915651257078,0.21255451438999703,0.18795369108902027
rbv2_xgboost_40975,14,ts,logarithmic,decay_uniform_grid_a1_2,19,uniform,0.5,110,52,61.23939808169744,0.4727272727272727,2,110,47,0.0983690395951271,0.2947068915730498,0.19379893871751064,0.23116209796710654,0.16346531612415674
rbv2_xgboost_40975,14,ts,logarithmic,decay_uniform_grid_a1_2,20,uniform,0.5,110,56,61.23939808169744,0.509090909090909,3,109,62,0.14500045776367188,0.28101342957021386,0.18108661074254492,0.2183479369689656,0.21192461575339694
rbv2_xgboost_40975,14,ts,logarithmic,decay_uniform_grid_a1_2,21,uniform,0.5,110,62,61.23939808169744,0.5636363636363636,1,110,56,0.09003449976444244,0.26776307752729267,0.17020958437779266,0.2046048775062627,0.17315963573499896
rbv2_xgboost_40975,14,ts,logarithmic,decay_uniform_grid_a1_2,22,uniform,0.5,110,55,61.23939808169744,0.5,1,108,61,0.09717355668544769,0.2842682435277531,0.1789754606634434,0.21838898895272313,0.1732606239516186
rbv2_xgboost_40975,14,ts,logarithmic,decay_uniform_grid_a1_2,23,uniform,0.5,110,73,61.23939808169744,0.6636363636363637,2,108,52,0.0742345005273819,0.28547239558573345,0.18861243256683952,0.22682847659437474,0.1695486293278523
rbv2_xgboost_40975,14,ts,logarithmic,decay_uniform_grid_a1_2,24,uniform,0.5,110,59,61.23939808169744,0.5363636363636364,1,110,50,0.10933849960565567,0.25843268327424795,0.17353288281221585,0.2088994016979947,0.18532009358055365
rbv2_xgboost_40975,14,ts,logarithmic,decay_uniform_grid_a1_2,25,uniform,0.5,110,53,61.23939808169744,0.4818181818181818,1,109,57,0.06309293955564499,0.2865562491434456,0.17119523991866964,0.20648114684908717,0.16613587831163137
rbv2_xgboost_40975,14,ts,logarithmic,decay_uniform_grid_a1_2,26,uniform,0.5,110,61,61.23939808169744,0.5545454545454546,2,110,47,0.12959198653697968,0.2802852137593503,0.18665150130528346,0.22429203544499185,0.1629488659727565
rbv2_xgboost_40975,14,ts,logarithmic,decay_uniform_grid_a1_2,27,uniform,0.5,110,58,61.23939808169744,0.5272727272727272,2,109,50,0.10542941838502884,0.24011663100853142,0.15140634574029482,0.18316994107890364,0.16352541957742564
rbv2_xgboost_40975,14,ts,logarithmic,decay_uniform_grid_a1_2,28,uniform,0.5,110,61,61.23939808169744,0.5545454545454546,1,110,50,0.15206831693649292,0.2422548023980573,0.16020282713514195,0.19273426556351034,0.16603391114983518
rbv2_xgboost_40975,14,ts,logarithmic,decay_uniform_grid_a1_2,29,uniform,0.5,110,54,61.23939808169744,0.4909090909090909,2,106,48,0.23080655932426453,0.33214319197921605,0.20742783376084206,0.24889552718594343,0.23593768059801254
rbv2_xgboost_40975,14,ts,logarithmic,decay_uniform_grid_a1_2,30,uniform,0.5,110,63,61.23939808169744,0.5727272727272728,1,110,54,0.2655836343765259,0.20883191220680478,0.13255963711275734,0.16045922495038842,0.13446767584188027
rbv2_xgboost_40975,14,ts,logarithmic,decay_uniform_grid_a1_2,31,uniform,0.5,110,53,61.23939808169744,0.4818181818181818,2,110,53,0.12091577053070068,0.2663613987305832,0.16100395772382603,0.19455900277326513,0.1803447170488587
rbv2_xgboost_40975,14,ts,logarithmic,decay_uniform_grid_a1_2,32,uniform,0.5,110,61,61.23939808169744,0.5545454545454546,2,109,54,0.14034850895404816,0.2408670003039732,0.15885291220304887,0.19234177373616915,0.17527409907286534
rbv2_xgboost_40975,14,ts,logarithmic,decay_uniform_grid_a1_2,33,uniform,0.5,110,52,61.23939808169744,0.4727272727272727,1,105,51,0.1161515861749649,0.2729012047275514,0.1734533318145326,0.20955664975491,0.14542846832792888
rbv2_xgboost_40975,14,ts,logarithmic,decay_uniform_grid_a1_2,34,uniform,0.5,110,58,61.23939808169744,0.5272727272727272,2,110,69,0.0828309953212738,0.269642341999545,0.1802326322832242,0.21609112968870642,0.1420369399930781
rbv2_xgboost_40975,14,ts,logarithmic,decay_uniform_grid_a1_2,5,uniform,0.5,110,59,61.23939808169744,0.5363636363636364,1,109,57,0.1024051308631897,0.2790431805820389,0.1776166596439186,0.214366679021706,0.23448598904115822
rbv2_xgboost_40975,14,ts,logarithmic,decay_uniform_grid_a1_2,6,uniform,0.5,110,59,61.23939808169744,0.5363636363636364,2,110,55,0.20562805235385895,0.2522470487500908,0.1626032429288271,0.19869530571886188,0.13195823158767886
rbv2_xgboost_40975,14,ts,logarithmic,decay_uniform_grid_a1_2,7,uniform,0.5,110,65,61.23939808169744,0.5909090909090909,1,108,59,0.367686927318573,0.253520437397233,0.14586240406306827,0.17749438038079077,0.16625765057323807
rbv2_xgboost_40975,14,ts,logarithmic,decay_uniform_grid_a1_2,8,uniform,0.5,110,65,61.23939808169744,0.5909090909090909,1,110,56,0.2764655351638794,0.2791077519163961,0.17258165684015903,0.20836959067931912,0.1761153170119275
rbv2_xgboost_40975,14,ts,logarithmic,decay_uniform_grid_a1_2,9,uniform,0.5,110,55,61.23939808169744,0.5,1,106,57,0.10268755257129669,0.2587965666019951,0.17660133824949564,0.2134177634225127,0.21417199069563467
rbv2_xgboost_40975,14,ts,logarithmic,standard,10,none,nan,110,0,0.0,0.0,,,0,0.24548198282718658,0.27212485248274443,0.1727925244710933,0.20754049886088002,0.15399472036842224
rbv2_xgboost_40975,14,ts,logarithmic,standard,11,none,nan,110,0,0.0,0.0,,,0,0.12990765273571014,0.298630487644864,0.18140044882739875,0.2203880054547022,0.17897967480956503
rbv2_xgboost_40975,14,ts,logarithmic,standard,12,none,nan,110,0,0.0,0.0,,,0,0.1278899908065796,0.3015741994423441,0.18993328506905754,0.22966803888153628,0.21835476729293896
rbv2_xgboost_40975,14,ts,logarithmic,standard,13,none,nan,110,0,0.0,0.0,,,0,0.1728137731552124,0.3224160601106703,0.21717381245451695,0.2602181597610204,0.21291257067894484
rbv2_xgboost_40975,14,ts,logarithmic,standard,14,none,nan,110,0,0.0,0.0,,,0,0.13595925271511078,0.32561655913164345,0.1993289457299377,0.2398860761489621,0.14222669941983665
rbv2_xgboost_40975,14,ts,logarithmic,standard,15,none,nan,110,0,0.0,0.0,,,0,0.13362348079681396,0.31138395744758685,0.20360792187706384,0.2471552493938834,0.13523215986687095
rbv2_xgboost_40975,14,ts,logarithmic,standard,16,none,nan,110,0,0.0,0.0,,,0,0.09879571199417114,0.2804036263527208,0.16612586844479355,0.2022997857056575,0.15871455524958228
rbv2_xgboost_40975,14,ts,logarithmic,standard,17,none,nan,110,0,0.0,0.0,,,0,0.11434508115053177,0.3343962236893906,0.20254541301308238,0.24470033107394595,0.19413460625694834
rbv2_xgboost_40975,14,ts,logarithmic,standard,18,none,nan,110,0,0.0,0.0,,,0,0.15591248869895935,0.3191270871002347,0.19627924431071386,0.2359395698786308,0.19513425346313265
rbv2_xgboost_40975,14,ts,logarithmic,standard,19,none,nan,110,0,0.0,0.0,,,0,0.1548037976026535,0.3090276661228809,0.1959269169115686,0.2348810740464461,0.19546135918543925
rbv2_xgboost_40975,14,ts,logarithmic,standard,20,none,nan,110,0,0.0,0.0,,,0,0.13568274676799774,0.29001769966595004,0.1847647565439576,0.22322722865270386,0.1785344685659884
rbv2_xgboost_40975,14,ts,logarithmic,standard,21,none,nan,110,0,0.0,0.0,,,0,0.12569299340248108,0.2581694268973341,0.16708505012317348,0.20277863441292804,0.19571426216092344
rbv2_xgboost_40975,14,ts,logarithmic,standard,22,none,nan,110,0,0.0,0.0,,,0,0.06613849103450775,0.29647068659094045,0.18975488300821003,0.22749057714900617,0.21983608656622472
rbv2_xgboost_40975,14,ts,logarithmic,standard,23,none,nan,110,0,0.0,0.0,,,0,0.1314983367919922,0.3326020982685109,0.19424095810146075,0.23696799385102701,0.1235581648895971
rbv2_xgboost_40975,14,ts,logarithmic,standard,24,none,nan,110,0,0.0,0.0,,,0,0.1958722621202469,0.2660226924341959,0.17097715737527308,0.20555154938036033,0.17313363573358062
rbv2_xgboost_40975,14,ts,logarithmic,standard,25,none,nan,110,0,0.0,0.0,,,0,0.10427698493003845,0.3179317771830137,0.19793200314028467,0.2381916473958743,0.23258997889917235
rbv2_xgboost_40975,14,ts,logarithmic,standard,26,none,nan,110,0,0.0,0.0,,,0,0.15491941571235657,0.26173727047545936,0.16415944428073964,0.19905966020345084,0.23221092554580144
rbv2_xgboost_40975,14,ts,logarithmic,standard,27,none,nan,110,0,0.0,0.0,,,0,0.10942715406417847,0.3059685362056429,0.1919681956003452,0.23498700871896008,0.2007811297758508
rbv2_xgboost_40975,14,ts,logarithmic,standard,28,none,nan,110,0,0.0,0.0,,,0,0.07036235183477402,0.2872811582709788,0.19006574126946546,0.2258753881360921,0.19538288837428128
rbv2_xgboost_40975,14,ts,logarithmic,standard,29,none,nan,110,0,0.0,0.0,,,0,0.11281498521566391,0.28722914150860523,0.192303701038326,0.23128513182641858,0.24946801526213427
rbv2_xgboost_40975,14,ts,logarithmic,standard,30,none,nan,110,0,0.0,0.0,,,0,0.07391935586929321,0.2708510200268059,0.17251252993137295,0.2103680484471492,0.2070008663489021
rbv2_xgboost_40975,14,ts,logarithmic,standard,31,none,nan,110,0,0.0,0.0,,,0,0.13904838263988495,0.27491983054605545,0.1813352785412629,0.21867953697495118,0.1594037832991866
rbv2_xgboost_40975,14,ts,logarithmic,standard,32,none,nan,110,0,0.0,0.0,,,0,0.13368332386016846,0.3049049224572948,0.20494792030953712,0.2499201826251705,0.19418619885559957
rbv2_xgboost_40975,14,ts,logarithmic,standard,33,none,nan,110,0,0.0,0.0,,,0,0.1263984888792038,0.31568002448126303,0.19701100942829064,0.23862850961814605,0.20337765125605603
rbv2_xgboost_40975,14,ts,logarithmic,standard,34,none,nan,110,0,0.0,0.0,,,0,0.05562537536025047,0.26355128831711344,0.16449777824438866,0.199045581242652,0.13387141473416062
rbv2_xgboost_40975,14,ts,logarithmic,standard,5,none,nan,110,0,0.0,0.0,,,0,0.09815055131912231,0.29585174386681545,0.19455205559314565,0.23617801511151967,0.23754311865790712
rbv2_xgboost_40975,14,ts,logarithmic,standard,6,none,nan,110,0,0.0,0.0,,,0,0.11352846771478653,0.26691670216675206,0.16997366028565056,0.20862004544584611,0.13619177164124943
rbv2_xgboost_40975,14,ts,logarithmic,standard,7,none,nan,110,0,0.0,0.0,,,0,0.08089026063680649,0.3065819115556442,0.18400215718101282,0.2226090470567719,0.19865723087664894
rbv2_xgboost_40975,14,ts,logarithmic,standard,8,none,nan,110,0,0.0,0.0,,,0,0.10262570530176163,0.2991794883162889,0.19054384613836867,0.2304563954225155,0.1891777837328218
rbv2_xgboost_40975,14,ts,logarithmic,standard,9,none,nan,110,0,0.0,0.0,,,0,0.14521510899066925,0.2979525710546132,0.18719853138518278,0.23221296103225214,0.1601352461322035
rbv2_xgboost_40975,14,ucb,constant,decay_greedy_packing_grid_a1_2,10,greedy_packing,0.5,110,65,61.23939808169744,0.5909090909090909,1,108,53,0.008861714042723179,0.21472872264527856,0.14127713828997665,0.1663339322048028,0.10424621107065773
rbv2_xgboost_40975,14,ucb,constant,decay_greedy_packing_grid_a1_2,11,greedy_packing,0.5,110,69,61.23939808169744,0.6272727272727273,2,110,45,0.007032039109617472,0.18090673331629814,0.11699812153402869,0.13787970280768244,0.13948761665231815
rbv2_xgboost_40975,14,ucb,constant,decay_greedy_packing_grid_a1_2,12,greedy_packing,0.5,110,66,61.23939808169744,0.6,1,108,41,0.005356634967029095,0.22678482990592727,0.15436732122365698,0.18256458634546274,0.11421114133249582
rbv2_xgboost_40975,14,ucb,constant,decay_greedy_packing_grid_a1_2,13,greedy_packing,0.5,110,62,61.23939808169744,0.5636363636363636,1,110,54,0.00397525867447257,0.19201411034465263,0.1297030136960554,0.15186623324678594,0.15843225427592464
rbv2_xgboost_40975,14,ucb,constant,decay_greedy_packing_grid_a1_2,14,greedy_packing,0.5,110,59,61.23939808169744,0.5363636363636364,2,109,50,0.001864244812168181,0.21075006330148477,0.14224822656119318,0.1665145015214728,0.059220780465416185
rbv2_xgboost_40975,14,ucb,constant,decay_greedy_packing_grid_a1_2,15,greedy_packing,0.5,110,59,61.23939808169744,0.5363636363636364,1,107,61,0.0028960972558707,0.19432051201413866,0.13402264678030312,0.15845694232509033,0.12747672754855022
rbv2_xgboost_40975,14,ucb,constant,decay_greedy_packing_grid_a1_2,16,greedy_packing,0.5,110,59,61.23939808169744,0.5363636363636364,3,109,54,0.0016628110315650702,0.24171458653282374,0.15577652308231976,0.18302653276526648,0.06829879909149549
rbv2_xgboost_40975,14,ucb,constant,decay_greedy_packing_grid_a1_2,17,greedy_packing,0.5,110,68,61.23939808169744,0.6181818181818182,1,109,51,0.011569400317966938,0.16495820815530368,0.10949515579758075,0.12907827428504276,0.0851191319179421
rbv2_xgboost_40975,14,ucb,constant,decay_greedy_packing_grid_a1_2,18,greedy_packing,0.5,110,66,61.23939808169744,0.6,1,109,63,0.0016628110315650702,0.225643155853579,0.1413112126779778,0.16704369417331597,0.0904633588926635
rbv2_xgboost_40975,14,ucb,constant,decay_greedy_packing_grid_a1_2,19,greedy_packing,0.5,110,52,61.23939808169744,0.4727272727272727,2,110,47,0.0028960972558707,0.1821199062757196,0.11986664051171524,0.14168430507095248,0.1610490645545135
rbv2_xgboost_40975,14,ucb,constant,decay_greedy_packing_grid_a1_2,20,greedy_packing,0.5,110,56,61.23939808169744,0.509090909090909,3,109,62,0.016025107353925705,0.2625445561164572,0.17245002939992315,0.20251950964270188,0.10223943485605448
rbv2_xgboost_40975,14,ucb,constant,decay_greedy_packing_grid_a1_2,21,greedy_packing,0.5,110,62,61.23939808169744,0.5636363636363636,1,110,56,0.0033914796076714993,0.1985347308948201,0.1407838736591106,0.1651211926536279,0.16501124776507378
rbv2_xgboost_40975,14,ucb,constant,decay_greedy_packing_grid_a1_2,22,greedy_packing,0.5,110,55,61.23939808169744,0.5,1,108,61,0.006057622376829386,0.22708622290001046,0.14918690683827496,0.17464521882913694,0.08798006114451792
rbv2_xgboost_40975,14,ucb,constant,decay_greedy_packing_grid_a1_2,23,greedy_packing,0.5,110,73,61.23939808169744,0.6636363636363637,2,108,52,0.005827384535223246,0.2049250198314762,0.1413837688881493,0.1650999420792416,0.15190272552162026
rbv2_xgboost_40975,14,ucb,constant,decay_greedy_packing_grid_a1_2,24,greedy_packing,0.5,110,59,61.23939808169744,0.5363636363636364,1,110,50,0.009492872282862663,0.18906690967775686,0.1306899978217108,0.15470647134698706,0.1696195861640298
rbv2_xgboost_40975,14,ucb,constant,decay_greedy_packing_grid_a1_2,25,greedy_packing,0.5,110,53,61.23939808169744,0.4818181818181818,1,109,57,0.0028960972558707,0.20838466235596678,0.14091043284187385,0.1657178429216995,0.08662922679552366
rbv2_xgboost_40975,14,ucb,constant,decay_greedy_packing_grid_a1_2,26,greedy_packing,0.5,110,61,61.23939808169744,0.5545454545454546,2,110,47,0.006100791972130537,0.19984769676898445,0.1291578478226639,0.1529166567486164,0.14892436160582673
rbv2_xgboost_40975,14,ucb,constant,decay_greedy_packing_grid_a1_2,27,greedy_packing,0.5,110,58,61.23939808169744,0.5272727272727272,2,109,50,0.0016628110315650702,0.20422240389572288,0.13981028785374155,0.16526314244788604,0.07819149281441444
rbv2_xgboost_40975,14,ucb,constant,decay_greedy_packing_grid_a1_2,28,greedy_packing,0.5,110,61,61.23939808169744,0.5545454545454546,1,110,50,0.0028960972558707,0.19368546810190365,0.13427376411602177,0.1573794807647835,0.17168892947786216
rbv2_xgboost_40975,14,ucb,constant,decay_greedy_packing_grid_a1_2,29,greedy_packing,0.5,110,54,61.23939808169744,0.4909090909090909,2,106,48,0.006873745936900377,0.19737123237022816,0.13443419990272595,0.1579521449288414,0.14489079666046012
rbv2_xgboost_40975,14,ucb,constant,decay_greedy_packing_grid_a1_2,30,greedy_packing,0.5,110,63,61.23939808169744,0.5727272727272728,1,110,54,0.0016628110315650702,0.19320018091417593,0.12963274944234304,0.1525088435622561,0.15358169613852948
rbv2_xgboost_40975,14,ucb,constant,decay_greedy_packing_grid_a1_2,31,greedy_packing,0.5,110,53,61.23939808169744,0.4818181818181818,2,110,53,0.006310474593192339,0.19766714201430777,0.12378478401119808,0.1451889636603279,0.16761091652363086
rbv2_xgboost_40975,14,ucb,constant,decay_greedy_packing_grid_a1_2,32,greedy_packing,0.5,110,61,61.23939808169744,0.5545454545454546,2,109,54,0.06592021137475967,0.2788373910378868,0.19552824646837813,0.22816027518097282,0.18071403670517303
rbv2_xgboost_40975,14,ucb,constant,decay_greedy_packing_grid_a1_2,33,greedy_packing,0.5,110,52,61.23939808169744,0.4727272727272727,1,105,51,0.07156514376401901,0.28299461411424065,0.1909452024101025,0.22343322285842687,0.10385748273362883
rbv2_xgboost_40975,14,ucb,constant,decay_greedy_packing_grid_a1_2,34,greedy_packing,0.5,110,58,61.23939808169744,0.5272727272727272,2,110,69,0.005186015740036964,0.229857571894303,0.14671453735203774,0.1713433644007236,0.16357961057366457
rbv2_xgboost_40975,14,ucb,constant,decay_greedy_packing_grid_a1_2,5,greedy_packing,0.5,110,59,61.23939808169744,0.5363636363636364,1,109,57,0.0020965116564184427,0.17276301335134636,0.11087603729670051,0.13161976716153392,0.05365303404565487
rbv2_xgboost_40975,14,ucb,constant,decay_greedy_packing_grid_a1_2,6,greedy_packing,0.5,110,59,61.23939808169744,0.5363636363636364,2,110,55,0.004176706075668335,0.19070048358621014,0.1264711441695211,0.14954741573305885,0.15531062738853643
rbv2_xgboost_40975,14,ucb,constant,decay_greedy_packing_grid_a1_2,7,greedy_packing,0.5,110,65,61.23939808169744,0.5909090909090909,1,108,59,0.016025107353925705,0.21630800602878208,0.14778838225716942,0.17243350411516428,0.10207323508930208
rbv2_xgboost_40975,14,ucb,constant,decay_greedy_packing_grid_a1_2,8,greedy_packing,0.5,110,65,61.23939808169744,0.5909090909090909,1,110,56,0.001549761975184083,0.20744820853323653,0.14293083564596948,0.1676355152217835,0.1883589710300958
rbv2_xgboost_40975,14,ucb,constant,decay_greedy_packing_grid_a1_2,9,greedy_packing,0.5,110,55,61.23939808169744,0.5,1,106,57,0.007613824214786291,0.2160709818002459,0.14423959616553345,0.16887196419255227,0.10177785243599638
rbv2_xgboost_40975,14,ucb,constant,decay_uniform_grid_a1_2,10,uniform,0.5,110,65,61.23939808169744,0.5909090909090909,1,108,53,0.0030810940079391003,0.26652779949320765,0.16366608820561684,0.19600852854822032,0.0826777037547795
rbv2_xgboost_40975,14,ucb,constant,decay_uniform_grid_a1_2,11,uniform,0.5,110,69,61.23939808169744,0.6272727272727273,2,110,45,0.012254065833985806,0.28467409804642946,0.17498422688082582,0.20798634106913333,0.23845019497517583
rbv2_xgboost_40975,14,ucb,constant,decay_uniform_grid_a1_2,12,uniform,0.5,110,66,61.23939808169744,0.6,1,108,41,0.0028960972558707,0.2947314358766345,0.18742577718692363,0.2262831851083666,0.228030463431005
rbv2_xgboost_40975,14,ucb,constant,decay_uniform_grid_a1_2,13,uniform,0.5,110,62,61.23939808169744,0.5636363636363636,1,110,54,0.0016628110315650702,0.2681468994376576,0.18064395420720067,0.21591241544391448,0.18763185664064383
rbv2_xgboost_40975,14,ucb,constant,decay_uniform_grid_a1_2,14,uniform,0.5,110,59,61.23939808169744,0.5363636363636364,2,109,50,0.0028262098785489798,0.2389219056294205,0.15447345089259035,0.18656655898718053,0.10439145636869843
rbv2_xgboost_40975,14,ucb,constant,decay_uniform_grid_a1_2,15,uniform,0.5,110,59,61.23939808169744,0.5363636363636364,1,107,61,0.00810310710221529,0.24234677198857013,0.1557533896126138,0.1880568138444534,0.14765110737273565
rbv2_xgboost_40975,14,ucb,constant,decay_uniform_grid_a1_2,16,uniform,0.5,110,59,61.23939808169744,0.5363636363636364,3,109,54,0.3656490743160248,0.25688288574888435,0.1650762222909153,0.19900201727053457,0.3066175898010893
rbv2_xgboost_40975,14,ucb,constant,decay_uniform_grid_a1_2,17,uniform,0.5,110,68,61.23939808169744,0.6181818181818182,1,109,51,0.0029906509444117546,0.225007262374105,0.1466523034400683,0.17811496460272208,0.23620395739029743
rbv2_xgboost_40975,14,ucb,constant,decay_uniform_grid_a1_2,18,uniform,0.5,110,66,61.23939808169744,0.6,1,109,63,0.009303729049861431,0.252000364628053,0.1634468876520057,0.19578525905487326,0.2151772012670354
rbv2_xgboost_40975,14,ucb,constant,decay_uniform_grid_a1_2,19,uniform,0.5,110,52,61.23939808169744,0.4727272727272727,2,110,47,0.004955783486366272,0.23155638226755074,0.14788129012387574,0.176265092118483,0.11959088466387183
rbv2_xgboost_40975,14,ucb,constant,decay_uniform_grid_a1_2,20,uniform,0.5,110,56,61.23939808169744,0.509090909090909,3,109,62,0.0083765322342515,0.2683406594789576,0.17360216756244767,0.20877295138675114,0.2945692099223024
rbv2_xgboost_40975,14,ucb,constant,decay_uniform_grid_a1_2,21,uniform,0.5,110,62,61.23939808169744,0.5636363636363636,1,110,56,0.007570652291178703,0.2429995960776681,0.15828662100756213,0.19030256885866373,0.16369967791527176
rbv2_xgboost_40975,14,ucb,constant,decay_uniform_grid_a1_2,22,uniform,0.5,110,55,61.23939808169744,0.5,1,108,61,0.0028960972558707,0.27851496883382226,0.1835202641054734,0.22178919369316163,0.2014919428643469
rbv2_xgboost_40975,14,ucb,constant,decay_uniform_grid_a1_2,23,uniform,0.5,110,73,61.23939808169744,0.6636363636363637,2,108,52,0.005504643078893423,0.26319325779418157,0.17209388462547023,0.2096968918602397,0.31582945104300425
rbv2_xgboost_40975,14,ucb,constant,decay_uniform_grid_a1_2,24,uniform,0.5,110,59,61.23939808169744,0.5363636363636364,1,110,50,0.008781535550951958,0.3060038053169639,0.1867393418464104,0.22348348926299086,0.20656564371037361
rbv2_xgboost_40975,14,ucb,constant,decay_uniform_grid_a1_2,25,uniform,0.5,110,53,61.23939808169744,0.4818181818181818,1,109,57,0.005288798362016678,0.26910981853612403,0.15931762389638005,0.19261921189765333,0.13929438817719617
rbv2_xgboost_40975,14,ucb,constant,decay_uniform_grid_a1_2,26,uniform,0.5,110,61,61.23939808169744,0.5545454545454546,2,110,47,0.0028960972558707,0.31047558127609465,0.20503092359460798,0.24489229091639528,0.19129788766554323
rbv2_xgboost_40975,14,ucb,constant,decay_uniform_grid_a1_2,27,uniform,0.5,110,58,61.23939808169744,0.5272727272727272,2,109,50,0.003981425426900387,0.23486644652533922,0.15425377721009914,0.18466329610561835,0.21343318526426636
rbv2_xgboost_40975,14,ucb,constant,decay_uniform_grid_a1_2,28,uniform,0.5,110,61,61.23939808169744,0.5545454545454546,1,110,50,0.0016628110315650702,0.27379283619777667,0.16504803198183796,0.2000413102423365,0.1971128770622062
rbv2_xgboost_40975,14,ucb,constant,decay_uniform_grid_a1_2,29,uniform,0.5,110,54,61.23939808169744,0.4909090909090909,2,106,48,0.0020944562274962664,0.28870082565615385,0.1850212313370071,0.2220603939397033,0.12514562889063663
rbv2_xgboost_40975,14,ucb,constant,decay_uniform_grid_a1_2,30,uniform,0.5,110,63,61.23939808169744,0.5727272727272728,1,110,54,0.0070710983127355576,0.19378533116574195,0.12779046071103536,0.1543274007050222,0.15235285753745192
rbv2_xgboost_40975,14,ucb,constant,decay_uniform_grid_a1_2,31,uniform,0.5,110,53,61.23939808169744,0.4818181818181818,2,110,53,0.008588285185396671,0.3027267430180391,0.19233278550458682,0.22952953477038285,0.19515738993610707
rbv2_xgboost_40975,14,ucb,constant,decay_uniform_grid_a1_2,32,uniform,0.5,110,61,61.23939808169744,0.5545454545454546,2,109,54,0.0023925001733005047,0.22731986419282976,0.14139869821128326,0.17065372350995114,0.1539371491010639
rbv2_xgboost_40975,14,ucb,constant,decay_uniform_grid_a1_2,33,uniform,0.5,110,52,61.23939808169744,0.4727272727272727,1,105,51,0.005893166642636061,0.22771452631328376,0.14341675827432437,0.17381092672500562,0.16685207891508277
rbv2_xgboost_40975,14,ucb,constant,decay_uniform_grid_a1_2,34,uniform,0.5,110,58,61.23939808169744,0.5272727272727272,2,110,69,0.006873745936900377,0.25904833414049167,0.17175257034682773,0.20605100278292146,0.12330471521473367
rbv2_xgboost_40975,14,ucb,constant,decay_uniform_grid_a1_2,5,uniform,0.5,110,59,61.23939808169744,0.5363636363636364,1,109,57,0.0016628110315650702,0.2522878584181314,0.16361960835934497,0.19625037459177955,0.20585065569020877
rbv2_xgboost_40975,14,ucb,constant,decay_uniform_grid_a1_2,6,uniform,0.5,110,59,61.23939808169744,0.5363636363636364,2,110,55,0.006873745936900377,0.2500132592292237,0.1609701615497755,0.19480967619878098,0.1429498233172932
rbv2_xgboost_40975,14,ucb,constant,decay_uniform_grid_a1_2,7,uniform,0.5,110,65,61.23939808169744,0.5909090909090909,1,108,59,0.0028960972558707,0.26698126481960366,0.15713779690958612,0.18700642685947275,0.13354833755406137
rbv2_xgboost_40975,14,ucb,constant,decay_uniform_grid_a1_2,8,uniform,0.5,110,65,61.23939808169744,0.5909090909090909,1,110,56,0.0016628110315650702,0.26202210368875073,0.16253298005105216,0.19654278575367684,0.15782036704560531
rbv2_xgboost_40975,14,ucb,constant,decay_uniform_grid_a1_2,9,uniform,0.5,110,55,61.23939808169744,0.5,1,106,57,0.0017511950572952628,0.2590142055307596,0.17755017778242774,0.2126136731180734,0.09803990017156805
rbv2_xgboost_40975,14,ucb,constant,standard,10,none,nan,110,0,0.0,0.0,,,0,0.007570652291178703,0.24362133740838512,0.15163011415258237,0.1828102408257108,0.05023755348995161
rbv2_xgboost_40975,14,ucb,constant,standard,11,none,nan,110,0,0.0,0.0,,,0,0.0016628110315650702,0.20205081100730968,0.13387810967763292,0.16187315589135925,0.07266600683166291
rbv2_xgboost_40975,14,ucb,constant,standard,12,none,nan,110,0,0.0,0.0,,,0,0.0016628110315650702,0.2707716132972408,0.1855731745229961,0.2222670704069759,0.11121181935457108
rbv2_xgboost_40975,14,ucb,constant,standard,13,none,nan,110,0,0.0,0.0,,,0,0.1836974322795868,0.29183796477725393,0.19943418556168108,0.23955078131325855,0.2606012212132548
rbv2_xgboost_40975,14,ucb,constant,standard,14,none,nan,110,0,0.0,0.0,,,0,0.004049259703606367,0.20064811844329256,0.12978054350983553,0.15671169254993125,0.034943264559760344
rbv2_xgboost_40975,14,ucb,constant,standard,15,none,nan,110,0,0.0,0.0,,,0,0.002713157096877694,0.2705645556049946,0.18382114666087226,0.2198493732215156,0.081051526684262
rbv2_xgboost_40975,14,ucb,constant,standard,16,none,nan,110,0,0.0,0.0,,,0,0.4253677427768707,0.1488028676121851,0.09246316100690068,0.1121064519229503,0.06321381993680664
rbv2_xgboost_40975,14,ucb,constant,standard,17,none,nan,110,0,0.0,0.0,,,0,0.0019567401614040136,0.16178516797714573,0.10932568884210168,0.13201296370733046,0.03839268996151756
rbv2_xgboost_40975,14,ucb,constant,standard,18,none,nan,110,0,0.0,0.0,,,0,0.0016628110315650702,0.192691049388676,0.12539590465503875,0.15041551893159694,0.04163944979680148
rbv2_xgboost_40975,14,ucb,constant,standard,19,none,nan,110,0,0.0,0.0,,,0,0.4253677427768707,0.1242544625309078,0.08336983064161438,0.10159533138026612,0.08120441318093306
rbv2_xgboost_40975,14,ucb,constant,standard,20,none,nan,110,0,0.0,0.0,,,0,0.0028960972558707,0.21027701517384306,0.14618985195647555,0.17597339395396938,0.05692570472229669
rbv2_xgboost_40975,14,ucb,constant,standard,21,none,nan,110,0,0.0,0.0,,,0,0.2622760534286499,0.1975209665761255,0.13166731104284768,0.15980867870743704,0.04631545463986655
rbv2_xgboost_40975,14,ucb,constant,standard,22,none,nan,110,0,0.0,0.0,,,0,0.0019115202594548464,0.23200344187233438,0.15260925115831425,0.1834436044356074,0.0630742294525902
rbv2_xgboost_40975,14,ucb,constant,standard,23,none,nan,110,0,0.0,0.0,,,0,0.006873745936900377,0.26169940999800745,0.1695012956069778,0.20428468344765266,0.0760324773443368
rbv2_xgboost_40975,14,ucb,constant,standard,24,none,nan,110,0,0.0,0.0,,,0,0.0020965116564184427,0.19726477877599458,0.1366726144319258,0.1631800636975151,0.06885950722508172
rbv2_xgboost_40975,14,ucb,constant,standard,25,none,nan,110,0,0.0,0.0,,,0,0.3339357376098633,0.18275007877578947,0.12093427679679873,0.14878206235579824,0.09327153049837657
rbv2_xgboost_40975,14,ucb,constant,standard,26,none,nan,110,0,0.0,0.0,,,0,0.007192388642579317,0.1536952396474812,0.10035788229446033,0.12004991347187606,0.015576922311666913
rbv2_xgboost_40975,14,ucb,constant,standard,27,none,nan,110,0,0.0,0.0,,,0,0.4504511058330536,0.13152363852203577,0.086109238043808,0.1054442508082786,0.03434808596861126
rbv2_xgboost_40975,14,ucb,constant,standard,28,none,nan,110,0,0.0,0.0,,,0,0.4253677427768707,0.13886362948859515,0.09008909499419895,0.1098958310827432,0.07586930105582584
rbv2_xgboost_40975,14,ucb,constant,standard,29,none,nan,110,0,0.0,0.0,,,0,0.005751323886215687,0.30794393958241345,0.20232197466078805,0.24260161718944753,0.07396443262952805
rbv2_xgboost_40975,14,ucb,constant,standard,30,none,nan,110,0,0.0,0.0,,,0,0.4240380823612213,0.18312467195364174,0.12042606155872912,0.14521675024183991,0.09406414575854465
rbv2_xgboost_40975,14,ucb,constant,standard,31,none,nan,110,0,0.0,0.0,,,0,0.0016628110315650702,0.24251736160865942,0.1527621655627678,0.18508758865890593,0.06360549064089932
rbv2_xgboost_40975,14,ucb,constant,standard,32,none,nan,110,0,0.0,0.0,,,0,0.4253677427768707,0.09706220976441739,0.06040484416873198,0.07436098839569681,0.04395794701377166
rbv2_xgboost_40975,14,ucb,constant,standard,33,none,nan,110,0,0.0,0.0,,,0,0.0016628110315650702,0.22013883951431631,0.1484060443328868,0.17895505875142684,0.06102606612392864
rbv2_xgboost_40975,14,ucb,constant,standard,34,none,nan,110,0,0.0,0.0,,,0,0.0027871550992131233,0.18113304522882165,0.11696197885419415,0.14135809585730738,0.05993936723051883
rbv2_xgboost_40975,14,ucb,constant,standard,5,none,nan,110,0,0.0,0.0,,,0,0.008080492727458477,0.18635767840618858,0.12108656342295532,0.14656993400655824,0.04074543268808747
rbv2_xgboost_40975,14,ucb,constant,standard,6,none,nan,110,0,0.0,0.0,,,0,0.0016628110315650702,0.275314609913869,0.190701746370264,0.22557828229949248,0.1177686589541398
rbv2_xgboost_40975,14,ucb,constant,standard,7,none,nan,110,0,0.0,0.0,,,0,0.0028508759569376707,0.3033209997657165,0.20405942839025068,0.24527392174312088,0.10125498150317555
rbv2_xgboost_40975,14,ucb,constant,standard,8,none,nan,110,0,0.0,0.0,,,0,0.0016628110315650702,0.26258093355102113,0.16470137666954981,0.1980543080859225,0.05615254257496193
rbv2_xgboost_40975,14,ucb,constant,standard,9,none,nan,110,0,0.0,0.0,,,0,0.002844709437340498,0.3092487927559963,0.2041000807034546,0.24414895474478265,0.08901625464380539
