task,dimension,acquisition,beta_mode,policy,seed,exploration_rule,decay_exponent,bo_steps,actual_pe_calls,expected_pe_calls,realized_pe_fraction,first_pe_round,last_pe_round,mode_transitions,final_best_observed_loss,final_max_posterior_std,final_mean_posterior_std,final_q90_posterior_std,final_query_preselection_posterior_std
rbv2_xgboost_1464,14,logei,native,decay_uniform_a1,10,uniform,1.0,110,8,11.038210523733882,0.07272727272727272,1,79,13,0.42281877994537354,0.060342261648371295,0.03653921358606821,0.04493410722657085,0.013109976307883738
rbv2_xgboost_1464,14,logei,native,decay_uniform_a1,11,uniform,1.0,110,15,11.038210523733882,0.13636363636363635,5,101,26,0.4061647355556488,0.05191568007759341,0.03197395397751938,0.03932581842264956,0.014371659768693602
rbv2_xgboost_1464,14,logei,native,decay_uniform_a1,12,uniform,1.0,110,18,11.038210523733882,0.16363636363636364,2,106,26,0.40877485275268555,0.049693492801787274,0.02983804282155611,0.036548172586216884,0.018984680898051214
rbv2_xgboost_1464,14,logei,native,decay_uniform_a1,13,uniform,1.0,110,9,11.038210523733882,0.08181818181818182,1,110,12,0.4222674071788788,0.04152829078567167,0.025840645968138138,0.03184748603791942,0.03122342139349387
rbv2_xgboost_1464,14,logei,native,decay_uniform_a1,14,uniform,1.0,110,8,11.038210523733882,0.07272727272727272,4,89,14,0.4222029149532318,0.03787255336981091,0.023062056264799864,0.028425631802489103,0.00667929891174389
rbv2_xgboost_1464,14,logei,native,decay_uniform_a1,15,uniform,1.0,110,9,11.038210523733882,0.08181818181818182,1,96,17,0.4061834514141083,0.03590508661394221,0.022229784733966813,0.027590232552249194,0.013520622247300856
rbv2_xgboost_1464,14,logei,native,decay_uniform_a1,16,uniform,1.0,110,15,11.038210523733882,0.13636363636363635,3,96,26,0.40705278515815735,0.05413791794097275,0.029162784113277676,0.036403223748607834,0.034800779315253945
rbv2_xgboost_1464,14,logei,native,decay_uniform_a1,17,uniform,1.0,110,16,11.038210523733882,0.14545454545454545,1,97,25,0.40648502111434937,0.12212648461814725,0.07027645967033234,0.08524373988921799,0.10293528867237468
rbv2_xgboost_1464,14,logei,native,decay_uniform_a1,18,uniform,1.0,110,12,11.038210523733882,0.10909090909090909,1,107,21,0.4065931439399719,0.052319129438534895,0.032627815334170904,0.04048076983426532,0.03642912456479925
rbv2_xgboost_1464,14,logei,native,decay_uniform_a1,19,uniform,1.0,110,11,11.038210523733882,0.1,2,95,22,0.4176361560821533,0.03937090729531184,0.024909319498153143,0.030750232144528628,0.025207051192855906
rbv2_xgboost_1464,14,logei,native,decay_uniform_a1,20,uniform,1.0,110,10,11.038210523733882,0.09090909090909091,3,108,14,0.40919914841651917,0.052247866833935515,0.03116700979758642,0.0388010644395014,0.044209905667768085
rbv2_xgboost_1464,14,logei,native,decay_uniform_a1,21,uniform,1.0,110,18,11.038210523733882,0.16363636363636364,1,98,29,0.40869995951652527,0.04947791211158858,0.02992083865259065,0.036641056058672065,0.04105911749520095
rbv2_xgboost_1464,14,logei,native,decay_uniform_a1,22,uniform,1.0,110,6,11.038210523733882,0.05454545454545454,8,82,12,0.4086271822452545,0.0379828041329475,0.023534927327473615,0.029064346376312167,0.006183179498246576
rbv2_xgboost_1464,14,logei,native,decay_uniform_a1,23,uniform,1.0,110,14,11.038210523733882,0.12727272727272726,6,78,22,0.40627703070640564,0.04672185845995489,0.027988626444067192,0.03510443029926835,0.014741823972195254
rbv2_xgboost_1464,14,logei,native,decay_uniform_a1,24,uniform,1.0,110,9,11.038210523733882,0.08181818181818182,1,57,15,0.4065453112125397,0.039350699208394506,0.022817394526441374,0.028090496066653668,0.016583211456106795
rbv2_xgboost_1464,14,logei,native,decay_uniform_a1,25,uniform,1.0,110,16,11.038210523733882,0.14545454545454545,1,101,23,0.41953352093696594,0.29701236747716436,0.20288900298940404,0.24018542937288334,0.2348808675022164
rbv2_xgboost_1464,14,logei,native,decay_uniform_a1,26,uniform,1.0,110,8,11.038210523733882,0.07272727272727272,2,72,14,0.40964633226394653,0.037932586779300975,0.021825920682868233,0.027201072049564262,0.024655402711994998
rbv2_xgboost_1464,14,logei,native,decay_uniform_a1,27,uniform,1.0,110,11,11.038210523733882,0.1,2,80,16,0.41748636960983276,0.06400758234807057,0.03969636288832243,0.04967876632849225,0.0195096005734931
rbv2_xgboost_1464,14,logei,native,decay_uniform_a1,28,uniform,1.0,110,13,11.038210523733882,0.11818181818181818,1,87,19,0.40634775161743164,0.050431915585121556,0.031013602088228114,0.03873489591308087,0.016098244186498037
rbv2_xgboost_1464,14,logei,native,decay_uniform_a1,29,uniform,1.0,110,9,11.038210523733882,0.08181818181818182,2,106,14,0.4086812436580658,0.1521508902289394,0.09680582418296686,0.11889769806639786,0.12946063434523256
rbv2_xgboost_1464,14,logei,native,decay_uniform_a1,30,uniform,1.0,110,9,11.038210523733882,0.08181818181818182,1,87,15,0.42010775208473206,0.03983079967799679,0.02440423740055131,0.030259904084898155,0.009693171279987612
rbv2_xgboost_1464,14,logei,native,decay_uniform_a1,31,uniform,1.0,110,11,11.038210523733882,0.1,2,81,20,0.408907949924469,0.03594297266634809,0.021307905468607707,0.02652544846737469,0.03284053350869275
rbv2_xgboost_1464,14,logei,native,decay_uniform_a1,32,uniform,1.0,110,11,11.038210523733882,0.1,2,86,22,0.41026198863983154,0.049856250098200744,0.03136609957016717,0.03919111084881923,0.04368065025515463
rbv2_xgboost_1464,14,logei,native,decay_uniform_a1,33,uniform,1.0,110,10,11.038210523733882,0.09090909090909091,1,99,13,0.40647876262664795,0.035487392301411805,0.022232897681979114,0.02749542131389436,0.008246240682006412
rbv2_xgboost_1464,14,logei,native,decay_uniform_a1,34,uniform,1.0,110,9,11.038210523733882,0.08181818181818182,2,62,18,0.4075644016265869,0.03737158279551804,0.02223802764880024,0.028171929572735656,0.014318479961925404
rbv2_xgboost_1464,14,logei,native,decay_uniform_a1,5,uniform,1.0,110,10,11.038210523733882,0.09090909090909091,1,95,17,0.4085252583026886,0.038492948555560645,0.02333795586309048,0.029126547383491925,0.0058112450888537885
rbv2_xgboost_1464,14,logei,native,decay_uniform_a1,6,uniform,1.0,110,14,11.038210523733882,0.12727272727272726,5,110,25,0.40968167781829834,0.05806588991107366,0.03570566539048596,0.04424885212712023,0.03162552923450249
rbv2_xgboost_1464,14,logei,native,decay_uniform_a1,7,uniform,1.0,110,14,11.038210523733882,0.12727272727272726,2,103,20,0.40635815262794495,0.0504996064617571,0.028414710948445394,0.03549560894341979,0.01980971255956102
rbv2_xgboost_1464,14,logei,native,decay_uniform_a1,8,uniform,1.0,110,9,11.038210523733882,0.08181818181818182,5,108,16,0.4086958169937134,0.04883170775925477,0.02857062455494558,0.03557314944616937,0.018980929796733933
rbv2_xgboost_1464,14,logei,native,decay_uniform_a1,9,uniform,1.0,110,10,11.038210523733882,0.09090909090909091,1,86,17,0.41019749641418457,0.05212342079673195,0.03225374388192165,0.040228183981790885,0.021872609948064135
rbv2_xgboost_1464,14,logei,native,decay_uniform_grid_a1_2,10,uniform,0.5,110,65,61.23939808169744,0.5909090909090909,1,108,53,0.4215454161167145,0.0951782750511758,0.05375756946836367,0.06645551442145914,0.11381864048505934
rbv2_xgboost_1464,14,logei,native,decay_uniform_grid_a1_2,11,uniform,0.5,110,69,61.23939808169744,0.6272727272727273,2,110,45,0.409997820854187,0.09152177119445756,0.05204394407197767,0.06340852088816339,0.07282609834365869
rbv2_xgboost_1464,14,logei,native,decay_uniform_grid_a1_2,12,uniform,0.5,110,66,61.23939808169744,0.6,1,108,41,0.4085918366909027,0.11287818843258735,0.06575672464535635,0.07974446117751503,0.09908263114399907
rbv2_xgboost_1464,14,logei,native,decay_uniform_grid_a1_2,13,uniform,0.5,110,62,61.23939808169744,0.5636363636363636,1,110,54,0.4160509407520294,0.1359293424336553,0.08983483376435307,0.10997010404721037,0.09447396122467104
rbv2_xgboost_1464,14,logei,native,decay_uniform_grid_a1_2,14,uniform,0.5,110,59,61.23939808169744,0.5363636363636364,2,109,50,0.41086724400520325,0.07930953652028588,0.04688041623557045,0.05763173890546897,0.06262860736966365
rbv2_xgboost_1464,14,logei,native,decay_uniform_grid_a1_2,15,uniform,0.5,110,59,61.23939808169744,0.5363636363636364,1,107,61,0.4076850116252899,0.07432456391095425,0.04371980779889764,0.05399740469797251,0.06945633863646362
rbv2_xgboost_1464,14,logei,native,decay_uniform_grid_a1_2,16,uniform,0.5,110,59,61.23939808169744,0.5363636363636364,3,109,54,0.41786083579063416,0.10426222211956805,0.06388834515862032,0.07829616267409617,0.07711327609073759
rbv2_xgboost_1464,14,logei,native,decay_uniform_grid_a1_2,17,uniform,0.5,110,68,61.23939808169744,0.6181818181818182,1,109,51,0.4113851487636566,0.08213323498424947,0.050663906064310954,0.0626357168756715,0.08297479534591695
rbv2_xgboost_1464,14,logei,native,decay_uniform_grid_a1_2,18,uniform,0.5,110,66,61.23939808169744,0.6,1,109,63,0.41472166776657104,0.08169737761461503,0.04891165224249421,0.059774577970755825,0.0700503060038648
rbv2_xgboost_1464,14,logei,native,decay_uniform_grid_a1_2,19,uniform,0.5,110,52,61.23939808169744,0.4727272727272727,2,110,47,0.41924849152565,0.0982894233180433,0.05962517835457152,0.07230765480180763,0.05537599443253737
rbv2_xgboost_1464,14,logei,native,decay_uniform_grid_a1_2,20,uniform,0.5,110,56,61.23939808169744,0.509090909090909,3,109,62,0.42137688398361206,0.07298782181910306,0.044335350088327036,0.05448757659807636,0.050588086005625185
rbv2_xgboost_1464,14,logei,native,decay_uniform_grid_a1_2,21,uniform,0.5,110,62,61.23939808169744,0.5636363636363636,1,110,56,0.3807623088359833,0.11843619056341438,0.07216571757734412,0.0878895965011159,0.07609089482177168
rbv2_xgboost_1464,14,logei,native,decay_uniform_grid_a1_2,22,uniform,0.5,110,55,61.23939808169744,0.5,1,108,61,0.4087083041667938,0.07193775278548072,0.043321153934494594,0.05407129916970591,0.06751188450622368
rbv2_xgboost_1464,14,logei,native,decay_uniform_grid_a1_2,23,uniform,0.5,110,73,61.23939808169744,0.6636363636363637,2,108,52,0.41097331047058105,0.09722261246291687,0.05666499525374891,0.06957646697735283,0.08121351482320936
rbv2_xgboost_1464,14,logei,native,decay_uniform_grid_a1_2,24,uniform,0.5,110,59,61.23939808169744,0.5363636363636364,1,110,50,0.4074437618255615,0.06498664285488519,0.035934272660591425,0.04458712986302835,0.039629294738776494
rbv2_xgboost_1464,14,logei,native,decay_uniform_grid_a1_2,25,uniform,0.5,110,53,61.23939808169744,0.4818181818181818,1,109,57,0.4104907810688019,0.09503454541851326,0.05354826852383415,0.06582227974700167,0.08205107668109721
rbv2_xgboost_1464,14,logei,native,decay_uniform_grid_a1_2,26,uniform,0.5,110,61,61.23939808169744,0.5545454545454546,2,110,47,0.41034308075904846,0.07099366624780677,0.04478958603832331,0.055316211312849625,0.0401601501723141
rbv2_xgboost_1464,14,logei,native,decay_uniform_grid_a1_2,27,uniform,0.5,110,58,61.23939808169744,0.5272727272727272,2,109,50,0.4110149145126343,0.10069835043285999,0.06141168198443256,0.07554564265497205,0.09378896807680079
rbv2_xgboost_1464,14,logei,native,decay_uniform_grid_a1_2,28,uniform,0.5,110,61,61.23939808169744,0.5545454545454546,1,110,50,0.4166875183582306,0.1289004862608218,0.0738869796857395,0.09141759477671793,0.09029521698822358
rbv2_xgboost_1464,14,logei,native,decay_uniform_grid_a1_2,29,uniform,0.5,110,54,61.23939808169744,0.4909090909090909,2,106,48,0.4091741740703583,0.08695173023145915,0.05187896548454713,0.06322918783921964,0.04441713981882642
rbv2_xgboost_1464,14,logei,native,decay_uniform_grid_a1_2,30,uniform,0.5,110,63,61.23939808169744,0.5727272727272728,1,110,54,0.32747992873191833,0.09370488203200346,0.05827209153201958,0.07043390249544894,0.07111860391392709
rbv2_xgboost_1464,14,logei,native,decay_uniform_grid_a1_2,31,uniform,0.5,110,53,61.23939808169744,0.4818181818181818,2,110,53,0.40811970829963684,0.09445840104812128,0.059147367805010925,0.0714120752397449,0.068892574748932
rbv2_xgboost_1464,14,logei,native,decay_uniform_grid_a1_2,32,uniform,0.5,110,61,61.23939808169744,0.5545454545454546,2,109,54,0.4170078933238983,0.0980892368357058,0.05965993626586577,0.07264967352897848,0.049325895551395854
rbv2_xgboost_1464,14,logei,native,decay_uniform_grid_a1_2,33,uniform,0.5,110,52,61.23939808169744,0.4727272727272727,1,105,51,0.40747496485710144,0.052607071822976866,0.03180830442357657,0.03953340218197007,0.0333528385874138
rbv2_xgboost_1464,14,logei,native,decay_uniform_grid_a1_2,34,uniform,0.5,110,58,61.23939808169744,0.5272727272727272,2,110,69,0.4076954126358032,0.17197895019294857,0.11121353009823162,0.13533246978627075,0.09714894449741526
rbv2_xgboost_1464,14,logei,native,decay_uniform_grid_a1_2,5,uniform,0.5,110,59,61.23939808169744,0.5363636363636364,1,109,57,0.41111892461776733,0.5736933323059914,0.4102336082260118,0.4766010353107647,0.6248465878514682
rbv2_xgboost_1464,14,logei,native,decay_uniform_grid_a1_2,6,uniform,0.5,110,59,61.23939808169744,0.5363636363636364,2,110,55,0.41922977566719055,0.08513708091328252,0.05055174751399642,0.06227393598928617,0.04324046074097347
rbv2_xgboost_1464,14,logei,native,decay_uniform_grid_a1_2,7,uniform,0.5,110,65,61.23939808169744,0.5909090909090909,1,108,59,0.4081072211265564,0.2000273856035403,0.11545105573338485,0.13907548654455,0.19868512676065192
rbv2_xgboost_1464,14,logei,native,decay_uniform_grid_a1_2,8,uniform,0.5,110,65,61.23939808169744,0.5909090909090909,1,110,56,0.3980902433395386,0.09002495635911406,0.05328563576829053,0.06550277150429012,0.0524742259801872
rbv2_xgboost_1464,14,logei,native,decay_uniform_grid_a1_2,9,uniform,0.5,110,55,61.23939808169744,0.5,1,106,57,0.4227605164051056,0.08061928942100151,0.053309952211390566,0.06532773524720764,0.06016983553091128
rbv2_xgboost_1464,14,logei,native,fixed_p020,10,uniform,nan,110,26,21.999999999999954,0.23636363636363636,1,108,41,0.30415499210357666,0.14279166407701974,0.09274857565655907,0.11122576191946577,0.15492347402609785
rbv2_xgboost_1464,14,logei,native,fixed_p020,11,uniform,nan,110,29,21.999999999999954,0.2636363636363636,11,109,42,0.4066888093948364,0.06884523901423154,0.039406143422962475,0.048451480489079865,0.053119190792497405
rbv2_xgboost_1464,14,logei,native,fixed_p020,12,uniform,nan,110,32,21.999999999999954,0.2909090909090909,6,108,44,0.407348096370697,0.05994358634100809,0.035207109259557993,0.04318152353109659,0.037230956794800395
rbv2_xgboost_1464,14,logei,native,fixed_p020,13,uniform,nan,110,27,21.999999999999954,0.24545454545454545,1,110,36,0.41184067726135254,0.05384335377422247,0.034773259807662646,0.043090366273286974,0.03344977428391619
rbv2_xgboost_1464,14,logei,native,fixed_p020,14,uniform,nan,110,23,21.999999999999954,0.20909090909090908,4,108,42,0.4071047604084015,0.06083476578839635,0.03366085517214515,0.04202911420044667,0.018238464516769217
rbv2_xgboost_1464,14,logei,native,fixed_p020,15,uniform,nan,110,18,21.999999999999954,0.16363636363636364,1,96,27,0.40674081444740295,0.03527845508686676,0.02068404670846358,0.025548290774616372,0.019538775469556124
rbv2_xgboost_1464,14,logei,native,fixed_p020,16,uniform,nan,110,26,21.999999999999954,0.23636363636363636,3,104,34,0.4089599549770355,0.14925893712657443,0.08537680368014264,0.10518359239716571,0.13209318579647678
rbv2_xgboost_1464,14,logei,native,fixed_p020,17,uniform,nan,110,31,21.999999999999954,0.2818181818181818,2,109,52,0.40703821182250977,0.10033593770636903,0.058768682873886514,0.07165369739541477,0.08280901490922983
rbv2_xgboost_1464,14,logei,native,fixed_p020,18,uniform,nan,110,30,21.999999999999954,0.2727272727272727,4,108,48,0.3904416859149933,0.07694931277906081,0.04826767758172113,0.059771455556444225,0.07176396137881864
rbv2_xgboost_1464,14,logei,native,fixed_p020,19,uniform,nan,110,19,21.999999999999954,0.17272727272727273,9,109,30,0.4125271141529083,0.045628064829312344,0.02965234658712459,0.036226751811495095,0.03676920364234527
rbv2_xgboost_1464,14,logei,native,fixed_p020,20,uniform,nan,110,16,21.999999999999954,0.14545454545454545,3,108,28,0.4073460102081299,0.13001894398645003,0.0771020040362454,0.09500147493833892,0.10784542422297495
rbv2_xgboost_1464,14,logei,native,fixed_p020,21,uniform,nan,110,30,21.999999999999954,0.2727272727272727,15,109,38,0.4089495539665222,0.07461661097729955,0.046629534188045677,0.05689768532965611,0.05216992859759495
rbv2_xgboost_1464,14,logei,native,fixed_p020,22,uniform,nan,110,18,21.999999999999954,0.16363636363636364,14,103,32,0.40676575899124146,0.04665699401777139,0.027319976267965805,0.03415810316157811,0.01696817135304879
rbv2_xgboost_1464,14,logei,native,fixed_p020,23,uniform,nan,110,26,21.999999999999954,0.23636363636363636,6,108,36,0.4064559042453766,0.05913764651538694,0.03454695859409067,0.04331017347815989,0.03742961963681967
rbv2_xgboost_1464,14,logei,native,fixed_p020,24,uniform,nan,110,24,21.999999999999954,0.21818181818181817,4,106,38,0.4070153534412384,0.04174138547238314,0.023727347645587878,0.02941784970479519,0.008955107189443996
rbv2_xgboost_1464,14,logei,native,fixed_p020,25,uniform,nan,110,22,21.999999999999954,0.2,1,109,33,0.41953352093696594,0.29581951648322935,0.20029342772266653,0.2383099799442982,0.26244340023816753
rbv2_xgboost_1464,14,logei,native,fixed_p020,26,uniform,nan,110,22,21.999999999999954,0.2,2,110,31,0.4094320833683014,0.04572774180768079,0.028303620535533647,0.03509324139260347,0.020311611271193578
rbv2_xgboost_1464,14,logei,native,fixed_p020,27,uniform,nan,110,16,21.999999999999954,0.14545454545454545,6,98,26,0.41670000553131104,0.056504249280558305,0.03540650498876689,0.04419689732308395,0.02918676899087097
rbv2_xgboost_1464,14,logei,native,fixed_p020,28,uniform,nan,110,19,21.999999999999954,0.17272727272727273,5,110,31,0.40881645679473877,0.04877921222815852,0.030338146441452725,0.037717877823660005,0.029480924444099627
rbv2_xgboost_1464,14,logei,native,fixed_p020,29,uniform,nan,110,24,21.999999999999954,0.21818181818181817,2,106,34,0.40929898619651794,0.0906129844156962,0.05494449450047545,0.06742636225834563,0.046943888075121516
rbv2_xgboost_1464,14,logei,native,fixed_p020,30,uniform,nan,110,24,21.999999999999954,0.21818181818181817,14,110,29,0.4067782461643219,0.06122474809523309,0.03755564148229964,0.04548986943620454,0.04633056331489595
rbv2_xgboost_1464,14,logei,native,fixed_p020,31,uniform,nan,110,21,21.999999999999954,0.19090909090909092,2,103,32,0.4088996350765228,0.08592687827568667,0.05384371549145289,0.06658903419453871,0.06440398235860921
rbv2_xgboost_1464,14,logei,native,fixed_p020,32,uniform,nan,110,26,21.999999999999954,0.23636363636363636,4,109,40,0.412065327167511,0.09215836526950968,0.058894797850164354,0.07253340714372326,0.0434353430403872
rbv2_xgboost_1464,14,logei,native,fixed_p020,33,uniform,nan,110,21,21.999999999999954,0.19090909090909092,1,105,33,0.40866878628730774,0.033534324510189305,0.02034971484617651,0.0253251926481899,0.022044034203030353
rbv2_xgboost_1464,14,logei,native,fixed_p020,34,uniform,nan,110,18,21.999999999999954,0.16363636363636364,4,110,31,0.40679073333740234,0.05531356743553063,0.03332842556725232,0.04139534607262474,0.022989057903236836
rbv2_xgboost_1464,14,logei,native,fixed_p020,5,uniform,nan,110,14,21.999999999999954,0.12727272727272726,2,101,26,0.40669506788253784,0.03515138352771495,0.0215466527644095,0.027131800211417586,0.025140036739881317
rbv2_xgboost_1464,14,logei,native,fixed_p020,6,uniform,nan,110,27,21.999999999999954,0.24545454545454545,9,110,37,0.42033034563064575,0.06906934341794328,0.04124052846963002,0.051042334746673586,0.03345858661402718
rbv2_xgboost_1464,14,logei,native,fixed_p020,7,uniform,nan,110,28,21.999999999999954,0.2545454545454545,2,105,44,0.4086354970932007,0.10498128078557384,0.06343895517002884,0.07811886674081193,0.0639808587393475
rbv2_xgboost_1464,14,logei,native,fixed_p020,8,uniform,nan,110,24,21.999999999999954,0.21818181818181817,5,108,42,0.34616371989250183,0.0951379784047679,0.053874222460626744,0.06542337593319891,0.09987535172642713
rbv2_xgboost_1464,14,logei,native,fixed_p020,9,uniform,nan,110,20,21.999999999999954,0.18181818181818182,8,104,36,0.4204156696796417,0.09993496681177987,0.0639420224007104,0.07875195257762115,0.09755132761837901
rbv2_xgboost_1464,14,logei,native,standard,10,none,nan,110,0,0.0,0.0,,,0,0.4226835370063782,0.13776279468583585,0.0850039076607014,0.10224715276125741,0.1028509625051324
rbv2_xgboost_1464,14,logei,native,standard,11,none,nan,110,0,0.0,0.0,,,0,0.4091034531593323,0.042585836506707296,0.02592080341334528,0.03203730830892115,0.0033349837494402105
rbv2_xgboost_1464,14,logei,native,standard,12,none,nan,110,0,0.0,0.0,,,0,0.4062895178794861,0.04243355279401031,0.026873907800090868,0.03315359852170135,0.025979569820234045
rbv2_xgboost_1464,14,logei,native,standard,13,none,nan,110,0,0.0,0.0,,,0,0.4086271822452545,0.05409881468359,0.0345023759906525,0.04236963993842215,0.009287544574909929
rbv2_xgboost_1464,14,logei,native,standard,14,none,nan,110,0,0.0,0.0,,,0,0.4101330041885376,0.039500112689382416,0.025267875823578072,0.030989473738110368,0.005972247269728884
rbv2_xgboost_1464,14,logei,native,standard,15,none,nan,110,0,0.0,0.0,,,0,0.4086771011352539,0.04206754160223115,0.026057869594520083,0.03208880928021859,0.004751080324620318
rbv2_xgboost_1464,14,logei,native,standard,16,none,nan,110,0,0.0,0.0,,,0,0.36237549781799316,0.19783364125450875,0.12183499689703392,0.14545015556569177,0.14290655957348608
rbv2_xgboost_1464,14,logei,native,standard,17,none,nan,110,0,0.0,0.0,,,0,0.4062146544456482,0.08678226056520101,0.05111204472174385,0.06243540580030353,0.04109667180676452
rbv2_xgboost_1464,14,logei,native,standard,18,none,nan,110,0,0.0,0.0,,,0,0.41474661231040955,0.19363656268377658,0.12076412171682757,0.14609315935703907,0.11085044797547984
rbv2_xgboost_1464,14,logei,native,standard,19,none,nan,110,0,0.0,0.0,,,0,0.44049885869026184,0.040323664272086106,0.025478651956806504,0.03148262852511546,0.011946728069110093
rbv2_xgboost_1464,14,logei,native,standard,20,none,nan,110,0,0.0,0.0,,,0,0.4239423871040344,0.03745868369775625,0.02520291011211069,0.03130576363720861,0.021771083621326678
rbv2_xgboost_1464,14,logei,native,standard,21,none,nan,110,0,0.0,0.0,,,0,0.4089495539665222,0.037768206767213604,0.023864364238498123,0.029280580143238748,0.00413966091898003
rbv2_xgboost_1464,14,logei,native,standard,22,none,nan,110,0,0.0,0.0,,,0,0.4065016508102417,0.04060772599328336,0.025865598405249404,0.031682643036625116,0.004528831541548838
rbv2_xgboost_1464,14,logei,native,standard,23,none,nan,110,0,0.0,0.0,,,0,0.40617096424102783,0.03987360401380807,0.025193057936368782,0.031053091653087214,0.0034789383146129993
rbv2_xgboost_1464,14,logei,native,standard,24,none,nan,110,0,0.0,0.0,,,0,0.406179279088974,0.03849955618394826,0.025357786816594438,0.03140977146379403,0.02972070363534928
rbv2_xgboost_1464,14,logei,native,standard,25,none,nan,110,0,0.0,0.0,,,0,0.4064870774745941,0.07175594321087649,0.045048994069835493,0.05639512681505778,0.04737764090188692
rbv2_xgboost_1464,14,logei,native,standard,26,none,nan,110,0,0.0,0.0,,,0,0.41096916794776917,0.039105109169738264,0.023980591959453644,0.02936673462330808,0.015982360904708663
rbv2_xgboost_1464,14,logei,native,standard,27,none,nan,110,0,0.0,0.0,,,0,0.41624441742897034,0.056763745672502676,0.035092721982659086,0.04372548924141708,0.009459160545895927
rbv2_xgboost_1464,14,logei,native,standard,28,none,nan,110,0,0.0,0.0,,,0,0.4085211157798767,0.041215448528019304,0.026387478595180335,0.03274085981510285,0.005304362241186683
rbv2_xgboost_1464,14,logei,native,standard,29,none,nan,110,0,0.0,0.0,,,0,0.40803027153015137,0.047187624155467005,0.028253428835877795,0.034991569278035164,0.0064095181728995865
rbv2_xgboost_1464,14,logei,native,standard,30,none,nan,110,0,0.0,0.0,,,0,0.4223485589027405,0.03769157314696393,0.02384193271555534,0.029046202996998262,0.005998475355558962
rbv2_xgboost_1464,14,logei,native,standard,31,none,nan,110,0,0.0,0.0,,,0,0.40860846638679504,0.04181835860273913,0.025669487820080918,0.03191273283024973,0.007962473774575058
rbv2_xgboost_1464,14,logei,native,standard,32,none,nan,110,0,0.0,0.0,,,0,0.40911802649497986,0.04779596525841121,0.029065753271072747,0.03640722397190541,0.00575181302959867
rbv2_xgboost_1464,14,logei,native,standard,33,none,nan,110,0,0.0,0.0,,,0,0.41137269139289856,0.039277306886535926,0.025399880579171672,0.03143062133339811,0.014684838499189156
rbv2_xgboost_1464,14,logei,native,standard,34,none,nan,110,0,0.0,0.0,,,0,0.4068281650543213,0.04108062777364358,0.025210629257289528,0.03145302269933612,0.0062121196303470926
rbv2_xgboost_1464,14,logei,native,standard,5,none,nan,110,0,0.0,0.0,,,0,0.40717965364456177,0.038655568887598905,0.024999305917109374,0.03114071906429803,0.007845456876616492
rbv2_xgboost_1464,14,logei,native,standard,6,none,nan,110,0,0.0,0.0,,,0,0.42240265011787415,0.0375615170061079,0.02423688922355497,0.03020661788406986,0.016892899230290952
rbv2_xgboost_1464,14,logei,native,standard,7,none,nan,110,0,0.0,0.0,,,0,0.4065869152545929,0.04578145389135621,0.025027396380031115,0.0310355788811078,0.010182315810120515
rbv2_xgboost_1464,14,logei,native,standard,8,none,nan,110,0,0.0,0.0,,,0,0.4086354970932007,0.044562535719015806,0.02647463103711456,0.03294154308111146,0.016521627710845706
rbv2_xgboost_1464,14,logei,native,standard,9,none,nan,110,0,0.0,0.0,,,0,0.41803768277168274,0.09083743394228443,0.059040467175235686,0.07346462939146477,0.06451922470733999
rbv2_xgboost_1464,14,mes_gumbel,native,decay_uniform_a1,10,uniform,1.0,110,8,11.038210523733882,0.07272727272727272,1,79,13,0.4225878119468689,0.036325277885583186,0.02156850269603154,0.026691922002208254,0.01714461996057225
rbv2_xgboost_1464,14,mes_gumbel,native,decay_uniform_a1,11,uniform,1.0,110,15,11.038210523733882,0.13636363636363635,5,101,26,0.40752488374710083,0.05055383579955913,0.03122665424470562,0.038363995313844206,0.05053810224701536
rbv2_xgboost_1464,14,mes_gumbel,native,decay_uniform_a1,12,uniform,1.0,110,18,11.038210523733882,0.16363636363636364,2,106,26,0.4062104821205139,0.049244918007288994,0.029991229740865818,0.03678049487359477,0.03153421736737003
rbv2_xgboost_1464,14,mes_gumbel,native,decay_uniform_a1,13,uniform,1.0,110,9,11.038210523733882,0.08181818181818182,1,110,12,0.4168643355369568,0.08603061630356147,0.05561610927630377,0.0679877429084424,0.06817695508630339
rbv2_xgboost_1464,14,mes_gumbel,native,decay_uniform_a1,14,uniform,1.0,110,8,11.038210523733882,0.07272727272727272,4,89,14,0.4089433252811432,0.03848154145318875,0.022808039754906903,0.028069019794891716,0.019507386595161286
rbv2_xgboost_1464,14,mes_gumbel,native,decay_uniform_a1,15,uniform,1.0,110,9,11.038210523733882,0.08181818181818182,1,96,17,0.41956472396850586,0.03543052890948694,0.02187924777945789,0.027092288620413397,0.01103010336373969
rbv2_xgboost_1464,14,mes_gumbel,native,decay_uniform_a1,16,uniform,1.0,110,15,11.038210523733882,0.13636363636363635,3,96,26,0.40731483697891235,0.060092209663531085,0.032795480182317344,0.04062193652259229,0.02439671221997933
rbv2_xgboost_1464,14,mes_gumbel,native,decay_uniform_a1,17,uniform,1.0,110,16,11.038210523733882,0.14545454545454545,1,97,25,0.4152146577835083,0.10352843646803528,0.06316033938549202,0.07617258903586943,0.054384925473750234
rbv2_xgboost_1464,14,mes_gumbel,native,decay_uniform_a1,18,uniform,1.0,110,12,11.038210523733882,0.10909090909090909,1,107,21,0.40724411606788635,0.04524633954003936,0.028513716813289725,0.035284126438288425,0.028678037892308852
rbv2_xgboost_1464,14,mes_gumbel,native,decay_uniform_a1,19,uniform,1.0,110,11,11.038210523733882,0.1,2,95,22,0.43904581665992737,0.03378117522435618,0.021925854689625823,0.02696257522673536,0.029224057255419527
rbv2_xgboost_1464,14,mes_gumbel,native,decay_uniform_a1,20,uniform,1.0,110,10,11.038210523733882,0.09090909090909091,3,108,14,0.4068780839443207,0.04992576024143127,0.02943293168682045,0.03638370019966053,0.013672159690725758
rbv2_xgboost_1464,14,mes_gumbel,native,decay_uniform_a1,21,uniform,1.0,110,18,11.038210523733882,0.16363636363636364,1,98,29,0.41003525257110596,0.11124482080581043,0.06700723746795337,0.08126424790500475,0.08694959395003954
rbv2_xgboost_1464,14,mes_gumbel,native,decay_uniform_a1,22,uniform,1.0,110,6,11.038210523733882,0.05454545454545454,8,82,12,0.4064600467681885,0.03691076210067613,0.02232088485192596,0.02754516400413288,0.00970367995636951
rbv2_xgboost_1464,14,mes_gumbel,native,decay_uniform_a1,23,uniform,1.0,110,14,11.038210523733882,0.12727272727272726,6,78,22,0.4081924855709076,0.05673688569434676,0.03406074272653213,0.04258220869342122,0.03385779102114097
rbv2_xgboost_1464,14,mes_gumbel,native,decay_uniform_a1,24,uniform,1.0,110,9,11.038210523733882,0.08181818181818182,1,57,15,0.4065869152545929,0.03986193264570617,0.0225186370365029,0.02778385122601483,0.010073812092878075
rbv2_xgboost_1464,14,mes_gumbel,native,decay_uniform_a1,25,uniform,1.0,110,16,11.038210523733882,0.14545454545454545,1,101,23,0.4160800576210022,0.08938302930814375,0.057316277111401304,0.07017552899336078,0.10026471713547627
rbv2_xgboost_1464,14,mes_gumbel,native,decay_uniform_a1,26,uniform,1.0,110,8,11.038210523733882,0.07272727272727272,2,72,14,0.4086979031562805,0.04168615710021458,0.023379615075347963,0.029035396801986305,0.02074038074477309
rbv2_xgboost_1464,14,mes_gumbel,native,decay_uniform_a1,27,uniform,1.0,110,11,11.038210523733882,0.1,2,80,16,0.4210793673992157,0.06675402980440051,0.041309323392323766,0.05113522880456881,0.05811851111316732
rbv2_xgboost_1464,14,mes_gumbel,native,decay_uniform_a1,28,uniform,1.0,110,13,11.038210523733882,0.11818181818181818,1,87,19,0.4087478220462799,0.04756030344213141,0.029956940554362904,0.03701623809693797,0.02316572446922275
rbv2_xgboost_1464,14,mes_gumbel,native,decay_uniform_a1,29,uniform,1.0,110,9,11.038210523733882,0.08181818181818182,2,106,14,0.4255799651145935,0.03485656488111216,0.022178159778720292,0.027382153973257255,0.015887700151981606
rbv2_xgboost_1464,14,mes_gumbel,native,decay_uniform_a1,30,uniform,1.0,110,9,11.038210523733882,0.08181818181818182,1,87,15,0.42153501510620117,0.0353465924589297,0.022327712867473763,0.027746468639165515,0.010740217744805124
rbv2_xgboost_1464,14,mes_gumbel,native,decay_uniform_a1,31,uniform,1.0,110,11,11.038210523733882,0.1,2,81,20,0.4064205288887024,0.03732406627769604,0.02166884220724423,0.026865843015513015,0.020057260528122352
rbv2_xgboost_1464,14,mes_gumbel,native,decay_uniform_a1,32,uniform,1.0,110,11,11.038210523733882,0.1,2,86,22,0.4093010425567627,0.04763712739196285,0.029974917882288697,0.03729430743680532,0.02464740973960662
rbv2_xgboost_1464,14,mes_gumbel,native,decay_uniform_a1,33,uniform,1.0,110,10,11.038210523733882,0.09090909090909091,1,99,13,0.42143723368644714,0.035788519956152884,0.022655487981215354,0.02802786987053397,0.014135891050539454
rbv2_xgboost_1464,14,mes_gumbel,native,decay_uniform_a1,34,uniform,1.0,110,9,11.038210523733882,0.08181818181818182,2,62,18,0.4065827429294586,0.03506778011329351,0.021308716390026402,0.02687254980313211,0.02290326651489308
rbv2_xgboost_1464,14,mes_gumbel,native,decay_uniform_a1,5,uniform,1.0,110,10,11.038210523733882,0.09090909090909091,1,95,17,0.4084795117378235,0.03629141959946062,0.022471258464277798,0.027994618110557135,0.00787524754405058
rbv2_xgboost_1464,14,mes_gumbel,native,decay_uniform_a1,6,uniform,1.0,110,14,11.038210523733882,0.12727272727272726,5,110,25,0.4224505126476288,0.0497331078036477,0.030932142524919565,0.03828393079241637,0.02764382709139569
rbv2_xgboost_1464,14,mes_gumbel,native,decay_uniform_a1,7,uniform,1.0,110,14,11.038210523733882,0.12727272727272726,2,103,20,0.4069300591945648,0.04769633541436994,0.027365437828559165,0.03404271478529537,0.011623202363914823
rbv2_xgboost_1464,14,mes_gumbel,native,decay_uniform_a1,8,uniform,1.0,110,9,11.038210523733882,0.08181818181818182,5,108,16,0.3132735788822174,0.06017921411012103,0.03725496787224233,0.04546408379159584,0.06789957181490844
rbv2_xgboost_1464,14,mes_gumbel,native,decay_uniform_a1,9,uniform,1.0,110,10,11.038210523733882,0.09090909090909091,1,86,17,0.4087311625480652,0.04189752422119066,0.027098724965153916,0.0333765362868277,0.015787641398592005
rbv2_xgboost_1464,14,mes_gumbel,native,decay_uniform_grid_a1_2,10,uniform,0.5,110,65,61.23939808169744,0.5909090909090909,1,108,53,0.41845792531967163,0.0903965365988708,0.051821827646697224,0.0634604179209664,0.09649361154198399
rbv2_xgboost_1464,14,mes_gumbel,native,decay_uniform_grid_a1_2,11,uniform,0.5,110,69,61.23939808169744,0.6272727272727273,2,110,45,0.4104512631893158,0.08493830636098647,0.047821243652583265,0.05856630985492249,0.06325487779693388
rbv2_xgboost_1464,14,mes_gumbel,native,decay_uniform_grid_a1_2,12,uniform,0.5,110,66,61.23939808169744,0.6,1,108,41,0.4086250960826874,0.13575426993425568,0.07872775052155193,0.0956666577277307,0.15837456388252225
rbv2_xgboost_1464,14,mes_gumbel,native,decay_uniform_grid_a1_2,13,uniform,0.5,110,62,61.23939808169744,0.5636363636363636,1,110,54,0.4184599816799164,0.07097406288595076,0.046104620823904686,0.05637295148798134,0.04776701576409108
rbv2_xgboost_1464,14,mes_gumbel,native,decay_uniform_grid_a1_2,14,uniform,0.5,110,59,61.23939808169744,0.5363636363636364,2,109,50,0.4220863878726959,0.07350961232279302,0.04365809246378893,0.05311654547852648,0.06909650294730733
rbv2_xgboost_1464,14,mes_gumbel,native,decay_uniform_grid_a1_2,15,uniform,0.5,110,59,61.23939808169744,0.5363636363636364,1,107,61,0.4230726361274719,0.06831593245942566,0.040842820252904984,0.05031129053973808,0.07424751687213564
rbv2_xgboost_1464,14,mes_gumbel,native,decay_uniform_grid_a1_2,16,uniform,0.5,110,59,61.23939808169744,0.5363636363636364,3,109,54,0.40871453285217285,0.0840238308922676,0.05098499618494942,0.06254791830240967,0.08347545480851522
rbv2_xgboost_1464,14,mes_gumbel,native,decay_uniform_grid_a1_2,17,uniform,0.5,110,68,61.23939808169744,0.6181818181818182,1,109,51,0.41254791617393494,0.22850835457247856,0.14724813901136652,0.17857621516521463,0.04425983768403554
rbv2_xgboost_1464,14,mes_gumbel,native,decay_uniform_grid_a1_2,18,uniform,0.5,110,66,61.23939808169744,0.6,1,109,63,0.4256860911846161,0.08236124760288335,0.04755330394342122,0.05753963058452501,0.09483183328573395
rbv2_xgboost_1464,14,mes_gumbel,native,decay_uniform_grid_a1_2,19,uniform,0.5,110,52,61.23939808169744,0.4727272727272727,2,110,47,0.4100331962108612,0.08727708193847852,0.05218820065521678,0.0632493376728895,0.049333780777366186
rbv2_xgboost_1464,14,mes_gumbel,native,decay_uniform_grid_a1_2,20,uniform,0.5,110,56,61.23939808169744,0.509090909090909,3,109,62,0.4089142084121704,0.06780197920664116,0.041445171776371026,0.05066113973678748,0.06471636279260112
rbv2_xgboost_1464,14,mes_gumbel,native,decay_uniform_grid_a1_2,21,uniform,0.5,110,62,61.23939808169744,0.5636363636363636,1,110,56,0.4201514422893524,0.17550285481182554,0.1068233543588249,0.12869153184667842,0.10899558124947473
rbv2_xgboost_1464,14,mes_gumbel,native,decay_uniform_grid_a1_2,22,uniform,0.5,110,55,61.23939808169744,0.5,1,108,61,0.408390074968338,0.06805054948223188,0.04091338470573262,0.05099673486635387,0.03402902616765119
rbv2_xgboost_1464,14,mes_gumbel,native,decay_uniform_grid_a1_2,23,uniform,0.5,110,73,61.23939808169744,0.6636363636363637,2,108,52,0.40773701667785645,0.09414519844925197,0.055328013308778165,0.06793875398905269,0.07235354866300156
rbv2_xgboost_1464,14,mes_gumbel,native,decay_uniform_grid_a1_2,24,uniform,0.5,110,59,61.23939808169744,0.5363636363636364,1,110,50,0.4065078794956207,0.06435711912581665,0.03516577422836901,0.043208555741816985,0.03854776159720093
rbv2_xgboost_1464,14,mes_gumbel,native,decay_uniform_grid_a1_2,25,uniform,0.5,110,53,61.23939808169744,0.4818181818181818,1,109,57,0.4110274016857147,0.19726749495130233,0.11714353137140625,0.1409116837491771,0.202222649640376
rbv2_xgboost_1464,14,mes_gumbel,native,decay_uniform_grid_a1_2,26,uniform,0.5,110,61,61.23939808169744,0.5545454545454546,2,110,47,0.41082563996315,0.06930298016632894,0.04419834994674214,0.054465838612813136,0.04035638896814136
rbv2_xgboost_1464,14,mes_gumbel,native,decay_uniform_grid_a1_2,27,uniform,0.5,110,58,61.23939808169744,0.5272727272727272,2,109,50,0.42149341106414795,0.08505935861550722,0.05298377317078584,0.06466251230008743,0.07787129515803114
rbv2_xgboost_1464,14,mes_gumbel,native,decay_uniform_grid_a1_2,28,uniform,0.5,110,61,61.23939808169744,0.5545454545454546,1,110,50,0.4103493392467499,0.11356989928995201,0.07004762129659203,0.08660451707526483,0.08359918687802735
rbv2_xgboost_1464,14,mes_gumbel,native,decay_uniform_grid_a1_2,29,uniform,0.5,110,54,61.23939808169744,0.4909090909090909,2,106,48,0.4089641273021698,0.08443617078068268,0.04994438660529188,0.06068801753989452,0.04344508984315043
rbv2_xgboost_1464,14,mes_gumbel,native,decay_uniform_grid_a1_2,30,uniform,0.5,110,63,61.23939808169744,0.5727272727272728,1,110,54,0.415535032749176,0.07886486052522977,0.04941059227674048,0.06012951196668562,0.05931661811662468
rbv2_xgboost_1464,14,mes_gumbel,native,decay_uniform_grid_a1_2,31,uniform,0.5,110,53,61.23939808169744,0.4818181818181818,2,110,53,0.41033267974853516,0.06367520158260946,0.03925541062072213,0.047782004044511085,0.04435139993794731
rbv2_xgboost_1464,14,mes_gumbel,native,decay_uniform_grid_a1_2,32,uniform,0.5,110,61,61.23939808169744,0.5545454545454546,2,109,54,0.4170078933238983,0.09530686330864428,0.05819240327042273,0.0706023530058001,0.08416259769265176
rbv2_xgboost_1464,14,mes_gumbel,native,decay_uniform_grid_a1_2,33,uniform,0.5,110,52,61.23939808169744,0.4727272727272727,1,105,51,0.41874709725379944,0.04908173042150618,0.030029340364186183,0.03719693550889317,0.04498441524691583
rbv2_xgboost_1464,14,mes_gumbel,native,decay_uniform_grid_a1_2,34,uniform,0.5,110,58,61.23939808169744,0.5272727272727272,2,110,69,0.4122421443462372,0.07856443828318554,0.049403891616892084,0.06012593886689929,0.04274022808974552
rbv2_xgboost_1464,14,mes_gumbel,native,decay_uniform_grid_a1_2,5,uniform,0.5,110,59,61.23939808169744,0.5363636363636364,1,109,57,0.41063636541366577,0.1978553391443969,0.1244380983370019,0.15030193551016183,0.28568861964112385
rbv2_xgboost_1464,14,mes_gumbel,native,decay_uniform_grid_a1_2,6,uniform,0.5,110,59,61.23939808169744,0.5363636363636364,2,110,55,0.4263228476047516,0.07721640633077827,0.04729967698427428,0.05826070741554073,0.03990485408884426
rbv2_xgboost_1464,14,mes_gumbel,native,decay_uniform_grid_a1_2,7,uniform,0.5,110,65,61.23939808169744,0.5909090909090909,1,108,59,0.4086708426475525,0.09431519763256514,0.05326803926775943,0.06474036917227183,0.05619469620435505
rbv2_xgboost_1464,14,mes_gumbel,native,decay_uniform_grid_a1_2,8,uniform,0.5,110,65,61.23939808169744,0.5909090909090909,1,110,56,0.4081134498119354,0.08639700290783833,0.05139587674742806,0.06286737348072491,0.051053342692712646
rbv2_xgboost_1464,14,mes_gumbel,native,decay_uniform_grid_a1_2,9,uniform,0.5,110,55,61.23939808169744,0.5,1,106,57,0.4269596338272095,0.08182297845622659,0.05304534631058859,0.06501100247691177,0.1088824780260969
rbv2_xgboost_1464,14,mes_gumbel,native,fixed_p020,10,uniform,nan,110,26,21.999999999999954,0.23636363636363636,1,108,41,0.422675222158432,0.04409443189813876,0.026723250165758855,0.03298315438132123,0.029463346176975696
rbv2_xgboost_1464,14,mes_gumbel,native,fixed_p020,11,uniform,nan,110,29,21.999999999999954,0.2636363636363636,11,109,42,0.40959641337394714,0.062058060943570796,0.03564956980756116,0.04343699822061497,0.046485392684608315
rbv2_xgboost_1464,14,mes_gumbel,native,fixed_p020,12,uniform,nan,110,32,21.999999999999954,0.2909090909090909,6,108,44,0.413011759519577,0.055060290762774876,0.03280228795199522,0.04001725405772881,0.04221525802034659
rbv2_xgboost_1464,14,mes_gumbel,native,fixed_p020,13,uniform,nan,110,27,21.999999999999954,0.24545454545454545,1,110,36,0.40878525376319885,0.09526461504911682,0.06171589328159065,0.0750852747855848,0.06152956480644235
rbv2_xgboost_1464,14,mes_gumbel,native,fixed_p020,14,uniform,nan,110,23,21.999999999999954,0.20909090909090908,4,108,42,0.3191188871860504,0.06591352580295455,0.038423655743569436,0.04759823481055863,0.010233767008548127
rbv2_xgboost_1464,14,mes_gumbel,native,fixed_p020,15,uniform,nan,110,18,21.999999999999954,0.16363636363636364,1,96,27,0.4090389907360077,0.03467667127293479,0.02056643635339629,0.02540990122371162,0.012726178518018338
rbv2_xgboost_1464,14,mes_gumbel,native,fixed_p020,16,uniform,nan,110,26,21.999999999999954,0.23636363636363636,3,104,34,0.41477781534194946,0.22698087821538473,0.13679393846119225,0.16474227103645078,0.2520836734199193
rbv2_xgboost_1464,14,mes_gumbel,native,fixed_p020,17,uniform,nan,110,31,21.999999999999954,0.2818181818181818,2,109,52,0.40752071142196655,0.06827722901452728,0.0407920550264624,0.04985246089060841,0.055615136156587086
rbv2_xgboost_1464,14,mes_gumbel,native,fixed_p020,18,uniform,nan,110,30,21.999999999999954,0.2727272727272727,4,108,48,0.40879979729652405,0.058665866200419935,0.03698221279063153,0.04543546851244741,0.06275672268368399
rbv2_xgboost_1464,14,mes_gumbel,native,fixed_p020,19,uniform,nan,110,19,21.999999999999954,0.17272727272727273,9,109,30,0.43626686930656433,0.04645507586133978,0.029257844630317414,0.035764186621365254,0.037531834887700274
rbv2_xgboost_1464,14,mes_gumbel,native,fixed_p020,20,uniform,nan,110,16,21.999999999999954,0.14545454545454545,3,108,28,0.4237114191055298,0.05121702395563032,0.02993316442252949,0.03727463020263699,0.035368189595594283
rbv2_xgboost_1464,14,mes_gumbel,native,fixed_p020,21,uniform,nan,110,30,21.999999999999954,0.2727272727272727,15,109,38,0.4224047362804413,0.057617232095261504,0.034456622631022976,0.04193972884917237,0.04193140694520151
rbv2_xgboost_1464,14,mes_gumbel,native,fixed_p020,22,uniform,nan,110,18,21.999999999999954,0.16363636363636364,14,103,32,0.40676993131637573,0.04349190156066544,0.025863768518224427,0.03231195368095133,0.009919807032521422
rbv2_xgboost_1464,14,mes_gumbel,native,fixed_p020,23,uniform,nan,110,26,21.999999999999954,0.23636363636363636,6,108,36,0.3053659498691559,0.08778882040165124,0.0540722824279512,0.0663357748179013,0.01465939415874271
rbv2_xgboost_1464,14,mes_gumbel,native,fixed_p020,24,uniform,nan,110,24,21.999999999999954,0.21818181818181817,4,106,38,0.4086667001247406,0.038900827153073,0.022878548502851082,0.02844324364087208,0.009322896108886699
rbv2_xgboost_1464,14,mes_gumbel,native,fixed_p020,25,uniform,nan,110,22,21.999999999999954,0.2,1,109,33,0.41483190655708313,0.09385468549804826,0.05886377793475499,0.07113941286478805,0.06452403962068518
rbv2_xgboost_1464,14,mes_gumbel,native,fixed_p020,26,uniform,nan,110,22,21.999999999999954,0.2,2,110,31,0.40920954942703247,0.04326356447840147,0.027824348987474927,0.03465162156671166,0.020638663170146142
rbv2_xgboost_1464,14,mes_gumbel,native,fixed_p020,27,uniform,nan,110,16,21.999999999999954,0.14545454545454545,6,98,26,0.4152250587940216,0.06515406826892475,0.03883641866485056,0.048201900496334896,0.04901376482214817
rbv2_xgboost_1464,14,mes_gumbel,native,fixed_p020,28,uniform,nan,110,19,21.999999999999954,0.17272727272727273,5,110,31,0.40891003608703613,0.04739742136245614,0.02929417060424249,0.036080983342813455,0.028819601099993812
rbv2_xgboost_1464,14,mes_gumbel,native,fixed_p020,29,uniform,nan,110,24,21.999999999999954,0.21818181818181817,2,106,34,0.4274756908416748,0.06587854183882408,0.04032474344678387,0.04916812753319721,0.046327066140421626
rbv2_xgboost_1464,14,mes_gumbel,native,fixed_p020,30,uniform,nan,110,24,21.999999999999954,0.21818181818181817,14,110,29,0.4214954972267151,0.056079948879753115,0.035871159660572235,0.04336113043752088,0.041632710381653365
rbv2_xgboost_1464,14,mes_gumbel,native,fixed_p020,31,uniform,nan,110,21,21.999999999999954,0.19090909090909092,2,103,32,0.40916377305984497,0.06950029064915496,0.0424649857979906,0.052376395150853315,0.07468966614119028
rbv2_xgboost_1464,14,mes_gumbel,native,fixed_p020,32,uniform,nan,110,26,21.999999999999954,0.23636363636363636,4,109,40,0.4170078933238983,0.07597699108556864,0.04844285372221749,0.05904873764247669,0.07929235526233305
rbv2_xgboost_1464,14,mes_gumbel,native,fixed_p020,33,uniform,nan,110,21,21.999999999999954,0.19090909090909092,1,105,33,0.4215412437915802,0.03319855461485644,0.02020817504611447,0.025147125103626003,0.01144988419849543
rbv2_xgboost_1464,14,mes_gumbel,native,fixed_p020,34,uniform,nan,110,18,21.999999999999954,0.16363636363636364,4,110,31,0.4067886471748352,0.054899903640000955,0.0320339389029842,0.04017538955809405,0.02175689351340055
rbv2_xgboost_1464,14,mes_gumbel,native,fixed_p020,5,uniform,nan,110,14,21.999999999999954,0.12727272727272726,2,101,26,0.40777236223220825,0.03583731149813274,0.021284595797687572,0.02667443827534224,0.012530949695879893
rbv2_xgboost_1464,14,mes_gumbel,native,fixed_p020,6,uniform,nan,110,27,21.999999999999954,0.24545454545454545,9,110,37,0.4240734577178955,0.0729990694463443,0.0440848363599181,0.054264288602997694,0.03610446682841891
rbv2_xgboost_1464,14,mes_gumbel,native,fixed_p020,7,uniform,nan,110,28,21.999999999999954,0.2545454545454545,2,105,44,0.41113972663879395,0.06771049488470587,0.042652358802147156,0.05236370687454248,0.05572462818638718
rbv2_xgboost_1464,14,mes_gumbel,native,fixed_p020,8,uniform,nan,110,24,21.999999999999954,0.21818181818181817,5,108,42,0.43716609477996826,0.06296090692182746,0.0367340091191321,0.04458238286571723,0.04632184104380467
rbv2_xgboost_1464,14,mes_gumbel,native,fixed_p020,9,uniform,nan,110,20,21.999999999999954,0.18181818181818182,8,104,36,0.428663969039917,0.15354986200843174,0.09956869076493602,0.1196827946203263,0.1816982645570783
rbv2_xgboost_1464,14,mes_gumbel,native,standard,10,none,nan,110,0,0.0,0.0,,,0,0.42277926206588745,0.04014772732521696,0.024596581908449378,0.03017998382119047,0.009937655116867018
rbv2_xgboost_1464,14,mes_gumbel,native,standard,11,none,nan,110,0,0.0,0.0,,,0,0.40718796849250793,0.03885724482089142,0.023927667449527172,0.029683478053375574,0.019913983696649817
rbv2_xgboost_1464,14,mes_gumbel,native,standard,12,none,nan,110,0,0.0,0.0,,,0,0.4084108769893646,0.04100148797482172,0.025288263215515996,0.03129717986755862,0.00803618749511628
rbv2_xgboost_1464,14,mes_gumbel,native,standard,13,none,nan,110,0,0.0,0.0,,,0,0.42153501510620117,0.03616522161331908,0.023539232743010098,0.029080171641667273,0.020172955495748487
rbv2_xgboost_1464,14,mes_gumbel,native,standard,14,none,nan,110,0,0.0,0.0,,,0,0.44049885869026184,0.1351061629537017,0.08992457400673277,0.10925967987962878,0.12416527701863703
rbv2_xgboost_1464,14,mes_gumbel,native,standard,15,none,nan,110,0,0.0,0.0,,,0,0.40828192234039307,0.04045289808849894,0.02480000265684326,0.030724705276348577,0.017147319202545645
rbv2_xgboost_1464,14,mes_gumbel,native,standard,16,none,nan,110,0,0.0,0.0,,,0,0.42226114869117737,0.08704477042284886,0.05055078996866848,0.06123126341918405,0.05678541209509174
rbv2_xgboost_1464,14,mes_gumbel,native,standard,17,none,nan,110,0,0.0,0.0,,,0,0.421499639749527,0.0377863986404643,0.02348084520957723,0.028763768453740537,0.017825361158351948
rbv2_xgboost_1464,14,mes_gumbel,native,standard,18,none,nan,110,0,0.0,0.0,,,0,0.40734395384788513,0.05878156119828243,0.03333471102524555,0.0414419041439373,0.01968215108607233
rbv2_xgboost_1464,14,mes_gumbel,native,standard,19,none,nan,110,0,0.0,0.0,,,0,0.4215662181377411,0.0350795515874342,0.02311817923933346,0.028253114973717085,0.009080997874488449
rbv2_xgboost_1464,14,mes_gumbel,native,standard,20,none,nan,110,0,0.0,0.0,,,0,0.4089370667934418,0.03752507198820358,0.02478381779555338,0.03043807400154658,0.00861521936937562
rbv2_xgboost_1464,14,mes_gumbel,native,standard,21,none,nan,110,0,0.0,0.0,,,0,0.44049885869026184,0.04169561708578952,0.024502459047452574,0.030375581329266124,0.025834733695915407
rbv2_xgboost_1464,14,mes_gumbel,native,standard,22,none,nan,110,0,0.0,0.0,,,0,0.4062541723251343,0.03936673372364906,0.02570451280929023,0.031753748784553885,0.010256092835470418
rbv2_xgboost_1464,14,mes_gumbel,native,standard,23,none,nan,110,0,0.0,0.0,,,0,0.42270225286483765,0.16638079038916154,0.10616922457910809,0.12890203059201982,0.14894586548340819
rbv2_xgboost_1464,14,mes_gumbel,native,standard,24,none,nan,110,0,0.0,0.0,,,0,0.40632903575897217,0.043714584555877886,0.02675718392950816,0.03313303208184857,0.008705201720311256
rbv2_xgboost_1464,14,mes_gumbel,native,standard,25,none,nan,110,0,0.0,0.0,,,0,0.4181250333786011,0.07277326330167748,0.04351376585946125,0.05399253849474773,0.05022420864050155
rbv2_xgboost_1464,14,mes_gumbel,native,standard,26,none,nan,110,0,0.0,0.0,,,0,0.4145573079586029,0.043389127228652596,0.024700192432189932,0.03015440961372547,0.024374251106116424
rbv2_xgboost_1464,14,mes_gumbel,native,standard,27,none,nan,110,0,0.0,0.0,,,0,0.41680610179901123,0.048609359836791495,0.028904140879082302,0.03624677801328109,0.025482334733820722
rbv2_xgboost_1464,14,mes_gumbel,native,standard,28,none,nan,110,0,0.0,0.0,,,0,0.40634357929229736,0.039396129797857955,0.024406416230781977,0.030182007022204766,0.007295108768419653
rbv2_xgboost_1464,14,mes_gumbel,native,standard,29,none,nan,110,0,0.0,0.0,,,0,0.4362647831439972,0.04071875667043759,0.024744127013652733,0.030653981587254374,0.020876472778452632
rbv2_xgboost_1464,14,mes_gumbel,native,standard,30,none,nan,110,0,0.0,0.0,,,0,0.40675121545791626,0.03541029447079946,0.022795549764965135,0.027861575524695734,0.0060054646125904275
rbv2_xgboost_1464,14,mes_gumbel,native,standard,31,none,nan,110,0,0.0,0.0,,,0,0.4106821119785309,0.03656792226340309,0.023169042119207985,0.02847865683492436,0.009306718948688958
rbv2_xgboost_1464,14,mes_gumbel,native,standard,32,none,nan,110,0,0.0,0.0,,,0,0.4103867709636688,0.3102417134490371,0.20871319716292086,0.24306696881755374,0.3209089390797575
rbv2_xgboost_1464,14,mes_gumbel,native,standard,33,none,nan,110,0,0.0,0.0,,,0,0.41499000787734985,0.040873789453691585,0.026110478058920507,0.03205688445654063,0.014701323807930983
rbv2_xgboost_1464,14,mes_gumbel,native,standard,34,none,nan,110,0,0.0,0.0,,,0,0.40649542212486267,0.039547222664241696,0.02460571255899087,0.03072898532417025,0.011218824521058048
rbv2_xgboost_1464,14,mes_gumbel,native,standard,5,none,nan,110,0,0.0,0.0,,,0,0.4067179262638092,0.04074746008314255,0.026258086339814385,0.032700924130347385,0.02959147980961854
rbv2_xgboost_1464,14,mes_gumbel,native,standard,6,none,nan,110,0,0.0,0.0,,,0,0.42224451899528503,0.0375772200188164,0.023906559657583832,0.029671941965437744,0.019746801771254728
rbv2_xgboost_1464,14,mes_gumbel,native,standard,7,none,nan,110,0,0.0,0.0,,,0,0.421408087015152,0.043257939743847514,0.024932465942034118,0.03096567717430816,0.014506198546286642
rbv2_xgboost_1464,14,mes_gumbel,native,standard,8,none,nan,110,0,0.0,0.0,,,0,0.4090639352798462,0.04138723570779866,0.025632768208721752,0.03158107120293978,0.011562871824807322
rbv2_xgboost_1464,14,mes_gumbel,native,standard,9,none,nan,110,0,0.0,0.0,,,0,0.428663969039917,0.1470045819134497,0.09628779386762631,0.1183472811448079,0.1187859789020063
rbv2_xgboost_1464,14,ts,logarithmic,decay_uniform_a1,10,uniform,1.0,110,8,11.038210523733882,0.07272727272727272,1,79,13,0.4127018451690674,0.059447174445255574,0.032564377090000214,0.04148790163782017,0.031473899705352235
rbv2_xgboost_1464,14,ts,logarithmic,decay_uniform_a1,11,uniform,1.0,110,15,11.038210523733882,0.13636363636363635,5,101,26,0.4208567440509796,0.10322108277643452,0.05208292027832773,0.06470572426594103,0.05897175614568149
rbv2_xgboost_1464,14,ts,logarithmic,decay_uniform_a1,12,uniform,1.0,110,18,11.038210523733882,0.16363636363636364,2,106,26,0.430357962846756,0.08905920254597519,0.05725741451502536,0.06930957835988044,0.06132954871880296
rbv2_xgboost_1464,14,ts,logarithmic,decay_uniform_a1,13,uniform,1.0,110,9,11.038210523733882,0.08181818181818182,1,110,12,0.42775455117225647,0.057400671939977325,0.03481287942166765,0.0437804962334574,0.035401723126269616
rbv2_xgboost_1464,14,ts,logarithmic,decay_uniform_a1,14,uniform,1.0,110,8,11.038210523733882,0.07272727272727272,4,89,14,0.4190945327281952,0.07639853697141831,0.04453695815785302,0.05494718092141403,0.042098121295021815
rbv2_xgboost_1464,14,ts,logarithmic,decay_uniform_a1,15,uniform,1.0,110,9,11.038210523733882,0.08181818181818182,1,96,17,0.4122837483882904,0.05081117206447587,0.028706162219027782,0.036308202731983326,0.031779627911803096
rbv2_xgboost_1464,14,ts,logarithmic,decay_uniform_a1,16,uniform,1.0,110,15,11.038210523733882,0.13636363636363635,3,96,26,0.4224047362804413,0.08657237081482154,0.04807349864268075,0.0594640429105244,0.04774385990077319
rbv2_xgboost_1464,14,ts,logarithmic,decay_uniform_a1,17,uniform,1.0,110,16,11.038210523733882,0.14545454545454545,1,97,25,0.40906810760498047,0.07698288779600909,0.04703338449337695,0.057465127751662,0.04652024017256275
rbv2_xgboost_1464,14,ts,logarithmic,decay_uniform_a1,18,uniform,1.0,110,12,11.038210523733882,0.10909090909090909,1,107,21,0.41812920570373535,0.07207761334388163,0.04181776788350536,0.05124393862070364,0.037798175627587464
rbv2_xgboost_1464,14,ts,logarithmic,decay_uniform_a1,19,uniform,1.0,110,11,11.038210523733882,0.1,2,95,22,0.42825815081596375,0.059611717265745455,0.03510207912671866,0.043850930969652424,0.034637683390194386
rbv2_xgboost_1464,14,ts,logarithmic,decay_uniform_a1,20,uniform,1.0,110,10,11.038210523733882,0.09090909090909091,3,108,14,0.42162448167800903,0.07712801026563158,0.043408294051396235,0.054621097888723186,0.04586609791754287
rbv2_xgboost_1464,14,ts,logarithmic,decay_uniform_a1,21,uniform,1.0,110,18,11.038210523733882,0.16363636363636364,1,98,29,0.4218928813934326,0.09658917015842308,0.05748903680608611,0.07056047480205875,0.06530480204131696
rbv2_xgboost_1464,14,ts,logarithmic,decay_uniform_a1,22,uniform,1.0,110,6,11.038210523733882,0.05454545454545454,8,82,12,0.4278981387615204,0.060928661531512045,0.03511937966262979,0.04398297608796892,0.03378977127401897
rbv2_xgboost_1464,14,ts,logarithmic,decay_uniform_a1,23,uniform,1.0,110,14,11.038210523733882,0.12727272727272726,6,78,22,0.4185681641101837,0.05905675479304907,0.03521415593786427,0.04374787006119733,0.036203327188549024
rbv2_xgboost_1464,14,ts,logarithmic,decay_uniform_a1,24,uniform,1.0,110,9,11.038210523733882,0.08181818181818182,1,57,15,0.42735499143600464,0.07475345642964352,0.042985420712420286,0.0531739663288517,0.05942577824043164
rbv2_xgboost_1464,14,ts,logarithmic,decay_uniform_a1,25,uniform,1.0,110,16,11.038210523733882,0.14545454545454545,1,101,23,0.41422033309936523,0.06738301295143204,0.03984725915546145,0.04948076458335761,0.04020628150867162
rbv2_xgboost_1464,14,ts,logarithmic,decay_uniform_a1,26,uniform,1.0,110,8,11.038210523733882,0.07272727272727272,2,72,14,0.4323580265045166,0.06845719452962627,0.03939069975806854,0.049730283412639936,0.03167363400892063
rbv2_xgboost_1464,14,ts,logarithmic,decay_uniform_a1,27,uniform,1.0,110,11,11.038210523733882,0.1,2,80,16,0.42187830805778503,0.07155254734929727,0.042502541745104754,0.052603072225025575,0.047120782026829525
rbv2_xgboost_1464,14,ts,logarithmic,decay_uniform_a1,28,uniform,1.0,110,13,11.038210523733882,0.11818181818181818,1,87,19,0.4177360236644745,0.0726384508669066,0.04572292529881908,0.05717075793441881,0.04627488744892388
rbv2_xgboost_1464,14,ts,logarithmic,decay_uniform_a1,29,uniform,1.0,110,9,11.038210523733882,0.08181818181818182,2,106,14,0.42349085211753845,0.07983949312452358,0.044559382332645246,0.055165586289467106,0.0468242397798909
rbv2_xgboost_1464,14,ts,logarithmic,decay_uniform_a1,30,uniform,1.0,110,9,11.038210523733882,0.08181818181818182,1,87,15,0.42446672916412354,0.05992786436385203,0.036977889168603395,0.047072854015489496,0.040255367344719496
rbv2_xgboost_1464,14,ts,logarithmic,decay_uniform_a1,31,uniform,1.0,110,11,11.038210523733882,0.1,2,81,20,0.4136337339878082,0.06889796174135623,0.040469394498157396,0.05095741666410845,0.04439969870466264
rbv2_xgboost_1464,14,ts,logarithmic,decay_uniform_a1,32,uniform,1.0,110,11,11.038210523733882,0.1,2,86,22,0.41317400336265564,0.07020765109535748,0.04368655464721283,0.05422442862037,0.04714705864318661
rbv2_xgboost_1464,14,ts,logarithmic,decay_uniform_a1,33,uniform,1.0,110,10,11.038210523733882,0.09090909090909091,1,99,13,0.42511802911758423,0.03841743600835466,0.021818488507946265,0.02781745587520503,0.019923582858288463
rbv2_xgboost_1464,14,ts,logarithmic,decay_uniform_a1,34,uniform,1.0,110,9,11.038210523733882,0.08181818181818182,2,62,18,0.4235075116157532,0.07183188921216019,0.04264438962437135,0.05361873126413059,0.05240550979885854
rbv2_xgboost_1464,14,ts,logarithmic,decay_uniform_a1,5,uniform,1.0,110,10,11.038210523733882,0.09090909090909091,1,95,17,0.4175550043582916,0.07199287959526289,0.0421109737184169,0.05318943015650304,0.04504408190188572
rbv2_xgboost_1464,14,ts,logarithmic,decay_uniform_a1,6,uniform,1.0,110,14,11.038210523733882,0.12727272727272726,5,110,25,0.425527960062027,0.07312653377126677,0.04581554809766317,0.057361089490256506,0.04795728677650499
rbv2_xgboost_1464,14,ts,logarithmic,decay_uniform_a1,7,uniform,1.0,110,14,11.038210523733882,0.12727272727272726,2,103,20,0.4267764985561371,0.08132158773429356,0.04485446948198026,0.05542786892643236,0.053860504584504185
rbv2_xgboost_1464,14,ts,logarithmic,decay_uniform_a1,8,uniform,1.0,110,9,11.038210523733882,0.08181818181818182,5,108,16,0.4144616425037384,0.08570989762750807,0.0494717144329698,0.06138842874849378,0.04389829480366081
rbv2_xgboost_1464,14,ts,logarithmic,decay_uniform_a1,9,uniform,1.0,110,10,11.038210523733882,0.09090909090909091,1,86,17,0.41171589493751526,0.06985652602008416,0.040401229174592025,0.050565633825164776,0.03528918608928398
rbv2_xgboost_1464,14,ts,logarithmic,decay_uniform_grid_a1_2,10,uniform,0.5,110,65,61.23939808169744,0.5909090909090909,1,108,53,0.4364854395389557,0.09104699161009618,0.053011774139137706,0.06499356353558508,0.06239588120526395
rbv2_xgboost_1464,14,ts,logarithmic,decay_uniform_grid_a1_2,11,uniform,0.5,110,69,61.23939808169744,0.6272727272727273,2,110,45,0.42181798815727234,0.0937351607103286,0.049814755012973055,0.06166806363567766,0.06990681251337395
rbv2_xgboost_1464,14,ts,logarithmic,decay_uniform_grid_a1_2,12,uniform,0.5,110,66,61.23939808169744,0.6,1,108,41,0.4446064233779907,0.088043009337528,0.05039059951657679,0.06226797380831833,0.07818631636111968
rbv2_xgboost_1464,14,ts,logarithmic,decay_uniform_grid_a1_2,13,uniform,0.5,110,62,61.23939808169744,0.5636363636363636,1,110,54,0.4311925172805786,0.08434444218951365,0.047812007385933455,0.058807679276209564,0.050105202503586854
rbv2_xgboost_1464,14,ts,logarithmic,decay_uniform_grid_a1_2,14,uniform,0.5,110,59,61.23939808169744,0.5363636363636364,2,109,50,0.4235095679759979,0.0734468844193068,0.046785310692902024,0.05758237648662678,0.06025464326456437
rbv2_xgboost_1464,14,ts,logarithmic,decay_uniform_grid_a1_2,15,uniform,0.5,110,59,61.23939808169744,0.5363636363636364,1,107,61,0.4278107285499573,0.07362535479600274,0.044197240183048436,0.05428636169844816,0.04530023683507612
rbv2_xgboost_1464,14,ts,logarithmic,decay_uniform_grid_a1_2,16,uniform,0.5,110,59,61.23939808169744,0.5363636363636364,3,109,54,0.4154726266860962,0.08819116039223614,0.05137271574614185,0.06407102282927066,0.057293520936775436
rbv2_xgboost_1464,14,ts,logarithmic,decay_uniform_grid_a1_2,17,uniform,0.5,110,68,61.23939808169744,0.6181818181818182,1,109,51,0.4361419975757599,0.08387865264621351,0.04968014408710996,0.06073118378495095,0.0579118254301983
rbv2_xgboost_1464,14,ts,logarithmic,decay_uniform_grid_a1_2,18,uniform,0.5,110,66,61.23939808169744,0.6,1,109,63,0.431277871131897,0.08153833248188241,0.04842551014857989,0.059189489934674815,0.05336798003307031
rbv2_xgboost_1464,14,ts,logarithmic,decay_uniform_grid_a1_2,19,uniform,0.5,110,52,61.23939808169744,0.4727272727272727,2,110,47,0.4246997833251953,0.07398997078248074,0.04341499701853942,0.052881351900987576,0.03723564559975407
rbv2_xgboost_1464,14,ts,logarithmic,decay_uniform_grid_a1_2,20,uniform,0.5,110,56,61.23939808169744,0.509090909090909,3,109,62,0.4289386570453644,0.06972756766495594,0.04101386051694127,0.05079593922848745,0.04360066155453633
rbv2_xgboost_1464,14,ts,logarithmic,decay_uniform_grid_a1_2,21,uniform,0.5,110,62,61.23939808169744,0.5636363636363636,1,110,56,0.4266745448112488,0.08154183484930343,0.048839565343559696,0.05976269135525312,0.054522734956020134
rbv2_xgboost_1464,14,ts,logarithmic,decay_uniform_grid_a1_2,22,uniform,0.5,110,55,61.23939808169744,0.5,1,108,61,0.4146634042263031,0.06531536862347506,0.03968729126670393,0.049832535271004195,0.04494722499955379
rbv2_xgboost_1464,14,ts,logarithmic,decay_uniform_grid_a1_2,23,uniform,0.5,110,73,61.23939808169744,0.6636363636363637,2,108,52,0.44253072142601013,0.14893135167174107,0.08747757412443266,0.10613473349137979,0.13975935827028016
rbv2_xgboost_1464,14,ts,logarithmic,decay_uniform_grid_a1_2,24,uniform,0.5,110,59,61.23939808169744,0.5363636363636364,1,110,50,0.43274930119514465,0.06864379760347933,0.040962548758726576,0.05032765884299506,0.04527025379239423
rbv2_xgboost_1464,14,ts,logarithmic,decay_uniform_grid_a1_2,25,uniform,0.5,110,53,61.23939808169744,0.4818181818181818,1,109,57,0.4331759810447693,0.09205832775318012,0.054775105663202456,0.06727754654490904,0.07162125313252388
rbv2_xgboost_1464,14,ts,logarithmic,decay_uniform_grid_a1_2,26,uniform,0.5,110,61,61.23939808169744,0.5545454545454546,2,110,47,0.42089834809303284,0.07552401573525593,0.04498335643658437,0.05594564364725014,0.0387619433583765
rbv2_xgboost_1464,14,ts,logarithmic,decay_uniform_grid_a1_2,27,uniform,0.5,110,58,61.23939808169744,0.5272727272727272,2,109,50,0.41945862770080566,0.09227790100060286,0.05546139317574576,0.06797866245908263,0.04947986541217768
rbv2_xgboost_1464,14,ts,logarithmic,decay_uniform_grid_a1_2,28,uniform,0.5,110,61,61.23939808169744,0.5545454545454546,1,110,50,0.43721604347229004,0.10772264220351296,0.06607898043418525,0.08083779395107324,0.07336539413933786
rbv2_xgboost_1464,14,ts,logarithmic,decay_uniform_grid_a1_2,29,uniform,0.5,110,54,61.23939808169744,0.4909090909090909,2,106,48,0.4449770152568817,0.08236376378770871,0.04720196793545302,0.058394879129181926,0.053907740647079205
rbv2_xgboost_1464,14,ts,logarithmic,decay_uniform_grid_a1_2,30,uniform,0.5,110,63,61.23939808169744,0.5727272727272728,1,110,54,0.42875343561172485,0.08330296975686585,0.05078010745064483,0.06209531659545385,0.049717199826055804
rbv2_xgboost_1464,14,ts,logarithmic,decay_uniform_grid_a1_2,31,uniform,0.5,110,53,61.23939808169744,0.4818181818181818,2,110,53,0.42121875286102295,0.08204445905285794,0.049678133513125104,0.061040532575691205,0.05786768436584526
rbv2_xgboost_1464,14,ts,logarithmic,decay_uniform_grid_a1_2,32,uniform,0.5,110,61,61.23939808169744,0.5545454545454546,2,109,54,0.4170078933238983,0.09541738339429856,0.06015983585926296,0.07388984981906728,0.060601940137713174
rbv2_xgboost_1464,14,ts,logarithmic,decay_uniform_grid_a1_2,33,uniform,0.5,110,52,61.23939808169744,0.4727272727272727,1,105,51,0.43253910541534424,0.06027145589155125,0.035336263238384374,0.043850396936666106,0.039526334849896615
rbv2_xgboost_1464,14,ts,logarithmic,decay_uniform_grid_a1_2,34,uniform,0.5,110,58,61.23939808169744,0.5272727272727272,2,110,69,0.4465698003768921,0.19623875563135398,0.13063357886672564,0.15756134446371794,0.11622980259223531
rbv2_xgboost_1464,14,ts,logarithmic,decay_uniform_grid_a1_2,5,uniform,0.5,110,59,61.23939808169744,0.5363636363636364,1,109,57,0.42592957615852356,0.07553223963169581,0.04435097586413602,0.05499981280670378,0.06208115693288398
rbv2_xgboost_1464,14,ts,logarithmic,decay_uniform_grid_a1_2,6,uniform,0.5,110,59,61.23939808169744,0.5363636363636364,2,110,55,0.4369267225265503,0.08194379521753643,0.04890594901786149,0.06093029253457764,0.04123366377467018
rbv2_xgboost_1464,14,ts,logarithmic,decay_uniform_grid_a1_2,7,uniform,0.5,110,65,61.23939808169744,0.5909090909090909,1,108,59,0.4263582229614258,0.0829022532726186,0.04699475391999198,0.0579113986633989,0.055764239270014795
rbv2_xgboost_1464,14,ts,logarithmic,decay_uniform_grid_a1_2,8,uniform,0.5,110,65,61.23939808169744,0.5909090909090909,1,110,56,0.41820409893989563,0.09498074689372933,0.054348303868340636,0.06679903646926436,0.053324308809422086
rbv2_xgboost_1464,14,ts,logarithmic,decay_uniform_grid_a1_2,9,uniform,0.5,110,55,61.23939808169744,0.5,1,106,57,0.4221820831298828,0.09159623915031137,0.05716928731173908,0.07037719444870953,0.08194321545923675
rbv2_xgboost_1464,14,ts,logarithmic,fixed_p020,10,uniform,nan,110,26,21.999999999999954,0.23636363636363636,1,108,41,0.42141643166542053,0.06450349999100259,0.0397017020571408,0.049551701260317604,0.04506178459601069
rbv2_xgboost_1464,14,ts,logarithmic,fixed_p020,11,uniform,nan,110,29,21.999999999999954,0.2636363636363636,11,109,42,0.4200890064239502,0.07277566101135378,0.038193421059089946,0.04763115691751644,0.04146743025536251
rbv2_xgboost_1464,14,ts,logarithmic,fixed_p020,12,uniform,nan,110,32,21.999999999999954,0.2909090909090909,6,108,44,0.4184246361255646,0.08264830191120247,0.047679236429845576,0.0583868419772043,0.050479395631329284
rbv2_xgboost_1464,14,ts,logarithmic,fixed_p020,13,uniform,nan,110,27,21.999999999999954,0.24545454545454545,1,110,36,0.42891159653663635,0.06568313846905986,0.03978713940791635,0.04943867658905611,0.0430075572433097
rbv2_xgboost_1464,14,ts,logarithmic,fixed_p020,14,uniform,nan,110,23,21.999999999999954,0.20909090909090908,4,108,42,0.4166334271430969,0.08247699607977158,0.04388716501190182,0.054638727117180354,0.04689843588696819
rbv2_xgboost_1464,14,ts,logarithmic,fixed_p020,15,uniform,nan,110,18,21.999999999999954,0.16363636363636364,1,96,27,0.4121630787849426,0.05823492396237989,0.03445169750667639,0.04330114159405515,0.04293207629937118
rbv2_xgboost_1464,14,ts,logarithmic,fixed_p020,16,uniform,nan,110,26,21.999999999999954,0.23636363636363636,3,104,34,0.4205467402935028,0.07898961690754235,0.042647509392837776,0.05316447254323899,0.03523226346759471
rbv2_xgboost_1464,14,ts,logarithmic,fixed_p020,17,uniform,nan,110,31,21.999999999999954,0.2818181818181818,2,109,52,0.4197145104408264,0.1020652057667919,0.05923851471446334,0.07189376059287803,0.08348211552481133
rbv2_xgboost_1464,14,ts,logarithmic,fixed_p020,18,uniform,nan,110,30,21.999999999999954,0.2727272727272727,4,108,48,0.431277871131897,0.08413949857695793,0.05055431583538659,0.06216190317161761,0.04237480945997356
rbv2_xgboost_1464,14,ts,logarithmic,fixed_p020,19,uniform,nan,110,19,21.999999999999954,0.17272727272727273,9,109,30,0.41834139823913574,0.062336054965558274,0.0377044803138778,0.04660336291339844,0.03887881682324929
rbv2_xgboost_1464,14,ts,logarithmic,fixed_p020,20,uniform,nan,110,16,21.999999999999954,0.14545454545454545,3,108,28,0.42379048466682434,0.06038870423893467,0.03490314646699567,0.04396240923894882,0.038915964710161906
rbv2_xgboost_1464,14,ts,logarithmic,fixed_p020,21,uniform,nan,110,30,21.999999999999954,0.2727272727272727,15,109,38,0.4305390417575836,0.07208668493442559,0.04436281272053604,0.05480470499320046,0.04372743601422285
rbv2_xgboost_1464,14,ts,logarithmic,fixed_p020,22,uniform,nan,110,18,21.999999999999954,0.16363636363636364,14,103,32,0.4146634042263031,0.11227099537562238,0.06879183888155452,0.08455296937390415,0.09452759656752831
rbv2_xgboost_1464,14,ts,logarithmic,fixed_p020,23,uniform,nan,110,26,21.999999999999954,0.23636363636363636,6,108,36,0.4278169870376587,0.07359781944659133,0.04592358504010628,0.05722374991624936,0.04795471763868744
rbv2_xgboost_1464,14,ts,logarithmic,fixed_p020,24,uniform,nan,110,24,21.999999999999954,0.21818181818181817,4,106,38,0.4210023880004883,0.06156623150217482,0.03655766989624826,0.045367085029305115,0.035776254798011296
rbv2_xgboost_1464,14,ts,logarithmic,fixed_p020,25,uniform,nan,110,22,21.999999999999954,0.2,1,109,33,0.41422033309936523,0.07452854067327234,0.04409919756305615,0.05482361992228165,0.039934159675691146
rbv2_xgboost_1464,14,ts,logarithmic,fixed_p020,26,uniform,nan,110,22,21.999999999999954,0.2,2,110,31,0.4270615875720978,0.09480306945488934,0.05842796202515247,0.07290435247863433,0.0429835635557074
rbv2_xgboost_1464,14,ts,logarithmic,fixed_p020,27,uniform,nan,110,16,21.999999999999954,0.14545454545454545,6,98,26,0.42172643542289734,0.08302173380902529,0.051167483541666794,0.0630732558420861,0.06236066181881565
rbv2_xgboost_1464,14,ts,logarithmic,fixed_p020,28,uniform,nan,110,19,21.999999999999954,0.17272727272727273,5,110,31,0.4169870913028717,0.061096013173867,0.03771958781221477,0.04694146655828773,0.03586944328242334
rbv2_xgboost_1464,14,ts,logarithmic,fixed_p020,29,uniform,nan,110,24,21.999999999999954,0.21818181818181817,2,106,34,0.421408087015152,0.08503060935953467,0.049543215739592514,0.06122065201975802,0.050870792211931144
rbv2_xgboost_1464,14,ts,logarithmic,fixed_p020,30,uniform,nan,110,24,21.999999999999954,0.21818181818181817,14,110,29,0.4280458986759186,0.08646596122165041,0.05347212525085144,0.06619222189599884,0.052784662870831923
rbv2_xgboost_1464,14,ts,logarithmic,fixed_p020,31,uniform,nan,110,21,21.999999999999954,0.19090909090909092,2,103,32,0.4192713797092438,0.057721718927941416,0.035224424288828576,0.043858171981417345,0.045848948599846
rbv2_xgboost_1464,14,ts,logarithmic,fixed_p020,32,uniform,nan,110,26,21.999999999999954,0.23636363636363636,4,109,40,0.41588035225868225,0.08056745581277747,0.05049683930117156,0.06178896751654553,0.04732937699922149
rbv2_xgboost_1464,14,ts,logarithmic,fixed_p020,33,uniform,nan,110,21,21.999999999999954,0.19090909090909092,1,105,33,0.4128287136554718,0.03774621888296629,0.021031937995670956,0.026587550003096264,0.023586063399495597
rbv2_xgboost_1464,14,ts,logarithmic,fixed_p020,34,uniform,nan,110,18,21.999999999999954,0.16363636363636364,4,110,31,0.41200292110443115,0.08629073062205563,0.05055195639055737,0.06316992550132208,0.04271849576924893
rbv2_xgboost_1464,14,ts,logarithmic,fixed_p020,5,uniform,nan,110,14,21.999999999999954,0.12727272727272726,2,101,26,0.41620072722435,0.060827481904130384,0.03503943151283702,0.04414196050149625,0.029914865387899264
rbv2_xgboost_1464,14,ts,logarithmic,fixed_p020,6,uniform,nan,110,27,21.999999999999954,0.24545454545454545,9,110,37,0.4198559820652008,0.08064390981073769,0.048722842552564836,0.06152508792598252,0.037116377714968826
rbv2_xgboost_1464,14,ts,logarithmic,fixed_p020,7,uniform,nan,110,28,21.999999999999954,0.2545454545454545,2,105,44,0.4226023852825165,0.13908354205689913,0.08035026066508189,0.09717797789002075,0.1227256020985113
rbv2_xgboost_1464,14,ts,logarithmic,fixed_p020,8,uniform,nan,110,24,21.999999999999954,0.21818181818181817,5,108,42,0.41044291853904724,0.07899728474687709,0.04679305327533105,0.058402764109498295,0.058131150464209594
rbv2_xgboost_1464,14,ts,logarithmic,fixed_p020,9,uniform,nan,110,20,21.999999999999954,0.18181818181818182,8,104,36,0.42040109634399414,0.07787038822089531,0.047288053835696814,0.059045701526851554,0.058849183448077796
rbv2_xgboost_1464,14,ts,logarithmic,standard,10,none,nan,110,0,0.0,0.0,,,0,0.4205613136291504,0.048151414932071986,0.026809358449518587,0.03398741779042947,0.023026019434272384
rbv2_xgboost_1464,14,ts,logarithmic,standard,11,none,nan,110,0,0.0,0.0,,,0,0.4231163263320923,0.06778210773734748,0.03509362816653591,0.04363680151160686,0.04064932229467188
rbv2_xgboost_1464,14,ts,logarithmic,standard,12,none,nan,110,0,0.0,0.0,,,0,0.42782530188560486,0.09424294396823327,0.05480093607558681,0.06742542411187116,0.07093970910356637
rbv2_xgboost_1464,14,ts,logarithmic,standard,13,none,nan,110,0,0.0,0.0,,,0,0.42422327399253845,0.04378733519771725,0.026477622361269316,0.03330169759375799,0.028746454904600847
rbv2_xgboost_1464,14,ts,logarithmic,standard,14,none,nan,110,0,0.0,0.0,,,0,0.4249931871891022,0.0605823189116471,0.033933514024713875,0.04261823480243805,0.02423119235468394
rbv2_xgboost_1464,14,ts,logarithmic,standard,15,none,nan,110,0,0.0,0.0,,,0,0.4254468083381653,0.06705245128312828,0.040904013369186906,0.051856910088100915,0.030518921402309322
rbv2_xgboost_1464,14,ts,logarithmic,standard,16,none,nan,110,0,0.0,0.0,,,0,0.4198414385318756,0.06427309534255676,0.03295305749509519,0.04207340465014662,0.03169190472696506
rbv2_xgboost_1464,14,ts,logarithmic,standard,17,none,nan,110,0,0.0,0.0,,,0,0.4269866645336151,0.07863830715414678,0.042718702305700726,0.05289982936445391,0.039180801859982316
rbv2_xgboost_1464,14,ts,logarithmic,standard,18,none,nan,110,0,0.0,0.0,,,0,0.4150877892971039,0.054389105081294915,0.030497883037333945,0.037740391169377205,0.028715707570022706
rbv2_xgboost_1464,14,ts,logarithmic,standard,19,none,nan,110,0,0.0,0.0,,,0,0.42149341106414795,0.07863220512413104,0.04484211228961289,0.05558854238723567,0.03385459189073372
rbv2_xgboost_1464,14,ts,logarithmic,standard,20,none,nan,110,0,0.0,0.0,,,0,0.4213394522666931,0.07591031544845092,0.04331947657006115,0.05483877356808842,0.03174508533933865
rbv2_xgboost_1464,14,ts,logarithmic,standard,21,none,nan,110,0,0.0,0.0,,,0,0.4182165861129761,0.0660386960682301,0.04016056171445495,0.04961288384035022,0.03667692095602109
rbv2_xgboost_1464,14,ts,logarithmic,standard,22,none,nan,110,0,0.0,0.0,,,0,0.41818952560424805,0.07643067324886149,0.043787546308940245,0.05471985234048345,0.04541319021004113
rbv2_xgboost_1464,14,ts,logarithmic,standard,23,none,nan,110,0,0.0,0.0,,,0,0.4177713692188263,0.06819063026976871,0.038627931824222396,0.04838267551906074,0.030679542689980046
rbv2_xgboost_1464,14,ts,logarithmic,standard,24,none,nan,110,0,0.0,0.0,,,0,0.4284745752811432,0.0826296622322191,0.05011990462397835,0.06266799757728551,0.0459568480053118
rbv2_xgboost_1464,14,ts,logarithmic,standard,25,none,nan,110,0,0.0,0.0,,,0,0.4182852506637573,0.05200650525413955,0.030023675088612804,0.03862115543698334,0.023345819669159242
rbv2_xgboost_1464,14,ts,logarithmic,standard,26,none,nan,110,0,0.0,0.0,,,0,0.42295193672180176,0.07266828137432972,0.04339129245343356,0.05433539563869772,0.06019742575078082
rbv2_xgboost_1464,14,ts,logarithmic,standard,27,none,nan,110,0,0.0,0.0,,,0,0.42172643542289734,0.07422763689104485,0.04406903768351766,0.05461277536384939,0.034297606887274915
rbv2_xgboost_1464,14,ts,logarithmic,standard,28,none,nan,110,0,0.0,0.0,,,0,0.4181000888347626,0.04607922680676119,0.02687710806369011,0.03421642838423859,0.03307393978471446
rbv2_xgboost_1464,14,ts,logarithmic,standard,29,none,nan,110,0,0.0,0.0,,,0,0.4242669641971588,0.05278121396901529,0.030623887901799252,0.03892727418360952,0.02931081504772167
rbv2_xgboost_1464,14,ts,logarithmic,standard,30,none,nan,110,0,0.0,0.0,,,0,0.4231725037097931,0.06683383001065381,0.039813935827481745,0.04944640770618591,0.05005611665737912
rbv2_xgboost_1464,14,ts,logarithmic,standard,31,none,nan,110,0,0.0,0.0,,,0,0.4181250333786011,0.056609291388697205,0.03510264529583981,0.04373261747876352,0.030662950420163884
rbv2_xgboost_1464,14,ts,logarithmic,standard,32,none,nan,110,0,0.0,0.0,,,0,0.41655227541923523,0.05395772542352975,0.03192768104792426,0.04043024691243789,0.033644233026613256
rbv2_xgboost_1464,14,ts,logarithmic,standard,33,none,nan,110,0,0.0,0.0,,,0,0.41830605268478394,0.07276127186972073,0.0451970283515669,0.05639119726008543,0.044757787995429475
rbv2_xgboost_1464,14,ts,logarithmic,standard,34,none,nan,110,0,0.0,0.0,,,0,0.4123086929321289,0.04472209577921773,0.026361705886310746,0.03380534573299248,0.022598869811985466
rbv2_xgboost_1464,14,ts,logarithmic,standard,5,none,nan,110,0,0.0,0.0,,,0,0.41020166873931885,0.05760842779782998,0.03401004742110662,0.04337205347109843,0.04046437992442459
rbv2_xgboost_1464,14,ts,logarithmic,standard,6,none,nan,110,0,0.0,0.0,,,0,0.43105724453926086,0.05624001555898957,0.03325310067219142,0.04196259010003412,0.042449103935619646
rbv2_xgboost_1464,14,ts,logarithmic,standard,7,none,nan,110,0,0.0,0.0,,,0,0.41942325234413147,0.06437706071055349,0.04048539003983377,0.050264400940030124,0.04037891665474994
rbv2_xgboost_1464,14,ts,logarithmic,standard,8,none,nan,110,0,0.0,0.0,,,0,0.41539356112480164,0.0654374233740667,0.04055211834725106,0.05083780306464182,0.03324548059792171
rbv2_xgboost_1464,14,ts,logarithmic,standard,9,none,nan,110,0,0.0,0.0,,,0,0.41541436314582825,0.07364474262927409,0.04590473225029808,0.05783587056346585,0.04476837825463871
rbv2_xgboost_1464,14,ucb,constant,decay_uniform_a1,10,uniform,1.0,110,8,11.038210523733882,0.07272727272727272,1,79,13,0.4222486615180969,0.03509851142397413,0.02113636876398052,0.02618288680322149,0.02519463832992331
rbv2_xgboost_1464,14,ucb,constant,decay_uniform_a1,11,uniform,1.0,110,15,11.038210523733882,0.13636363636363635,5,101,26,0.4086667001247406,0.049907875894778644,0.030194854807803675,0.037247325742531076,0.028935390795072055
rbv2_xgboost_1464,14,ucb,constant,decay_uniform_a1,12,uniform,1.0,110,18,11.038210523733882,0.16363636363636364,2,106,26,0.4216036796569824,0.046136867313483154,0.028206429229131996,0.034192883377985275,0.04083581296735574
rbv2_xgboost_1464,14,ucb,constant,decay_uniform_a1,13,uniform,1.0,110,9,11.038210523733882,0.08181818181818182,1,110,12,0.4077037274837494,0.0783424322999846,0.04839564653610204,0.05901177538799132,0.049213535674334355
rbv2_xgboost_1464,14,ucb,constant,decay_uniform_a1,14,uniform,1.0,110,8,11.038210523733882,0.07272727272727272,4,89,14,0.40934473276138306,0.03583701693213216,0.021980983945585196,0.02702201876876916,0.01843033842647654
rbv2_xgboost_1464,14,ucb,constant,decay_uniform_a1,15,uniform,1.0,110,9,11.038210523733882,0.08181818181818182,1,96,17,0.4087103605270386,0.03488771140585082,0.021691430160038456,0.02691146945807452,0.01131632579854986
rbv2_xgboost_1464,14,ucb,constant,decay_uniform_a1,16,uniform,1.0,110,15,11.038210523733882,0.13636363636363635,3,96,26,0.40871870517730713,0.051392633097836635,0.027572060706236856,0.03382776271639431,0.03415616068228078
rbv2_xgboost_1464,14,ucb,constant,decay_uniform_a1,17,uniform,1.0,110,16,11.038210523733882,0.14545454545454545,1,97,25,0.407980352640152,0.04971738204599589,0.028610656613203025,0.03465345264352687,0.03463177508224881
rbv2_xgboost_1464,14,ucb,constant,decay_uniform_a1,18,uniform,1.0,110,12,11.038210523733882,0.10909090909090909,1,107,21,0.4087561368942261,0.054595929121900186,0.034980153599724374,0.04304093073866384,0.03337340752807632
rbv2_xgboost_1464,14,ucb,constant,decay_uniform_a1,19,uniform,1.0,110,11,11.038210523733882,0.1,2,95,22,0.44049885869026184,0.03345661231575045,0.02158970711731026,0.026159362219027295,0.02104745968644781
rbv2_xgboost_1464,14,ucb,constant,decay_uniform_a1,20,uniform,1.0,110,10,11.038210523733882,0.09090909090909091,3,108,14,0.4093509614467621,0.04727910675400987,0.028384205839572366,0.03499317284123425,0.03738964318816777
rbv2_xgboost_1464,14,ucb,constant,decay_uniform_a1,21,uniform,1.0,110,18,11.038210523733882,0.16363636363636364,1,98,29,0.4226585626602173,0.057825107340801554,0.03417146117846055,0.041604870327957864,0.04286281371806851
rbv2_xgboost_1464,14,ucb,constant,decay_uniform_a1,22,uniform,1.0,110,6,11.038210523733882,0.05454545454545454,8,82,12,0.40705278515815735,0.0364002387786242,0.021778881121346204,0.026779367490650022,0.01667239999145701
rbv2_xgboost_1464,14,ucb,constant,decay_uniform_a1,23,uniform,1.0,110,14,11.038210523733882,0.12727272727272726,6,78,22,0.41435346007347107,0.05939797028667478,0.03623814623665908,0.04460529370918878,0.038940911570618096
rbv2_xgboost_1464,14,ucb,constant,decay_uniform_a1,24,uniform,1.0,110,9,11.038210523733882,0.08181818181818182,1,57,15,0.40643924474716187,0.03667669630313599,0.021372519735883725,0.026117007249909615,0.020893115066479676
rbv2_xgboost_1464,14,ucb,constant,decay_uniform_a1,25,uniform,1.0,110,16,11.038210523733882,0.14545454545454545,1,101,23,0.42566946148872375,0.44836321233888843,0.30359683408530413,0.3520722497387551,0.42517066583569685
rbv2_xgboost_1464,14,ucb,constant,decay_uniform_a1,26,uniform,1.0,110,8,11.038210523733882,0.07272727272727272,2,72,14,0.42162448167800903,0.2482700276556588,0.16422639148977763,0.19481256482673953,0.21854188883813136
rbv2_xgboost_1464,14,ucb,constant,decay_uniform_a1,27,uniform,1.0,110,11,11.038210523733882,0.1,2,80,16,0.42416709661483765,0.07913094284499937,0.05125167155953488,0.06287363929594275,0.06371347334380223
rbv2_xgboost_1464,14,ucb,constant,decay_uniform_a1,28,uniform,1.0,110,13,11.038210523733882,0.11818181818181818,1,87,19,0.42104607820510864,0.04432545355394653,0.027773013660084174,0.034416925222981724,0.03702552859490069
rbv2_xgboost_1464,14,ucb,constant,decay_uniform_a1,29,uniform,1.0,110,9,11.038210523733882,0.08181818181818182,2,106,14,0.4362814426422119,0.0341830614913382,0.02184524719348808,0.027005583437521102,0.021220028385201376
rbv2_xgboost_1464,14,ucb,constant,decay_uniform_a1,30,uniform,1.0,110,9,11.038210523733882,0.08181818181818182,1,87,15,0.42340970039367676,0.03333370203439655,0.020615168171079445,0.025451069193813458,0.011627764869400136
rbv2_xgboost_1464,14,ucb,constant,decay_uniform_a1,31,uniform,1.0,110,11,11.038210523733882,0.1,2,81,20,0.4238133728504181,0.035630028861839004,0.020287622661228875,0.02485430152685968,0.014890069289692614
rbv2_xgboost_1464,14,ucb,constant,decay_uniform_a1,32,uniform,1.0,110,11,11.038210523733882,0.1,2,86,22,0.4103139638900757,0.04491547260631445,0.028373705085990675,0.03526638803167322,0.031701354267521395
rbv2_xgboost_1464,14,ucb,constant,decay_uniform_a1,33,uniform,1.0,110,10,11.038210523733882,0.09090909090909091,1,99,13,0.42196154594421387,0.034663594243757166,0.02169117649465578,0.02689661078281785,0.02503885440324936
rbv2_xgboost_1464,14,ucb,constant,decay_uniform_a1,34,uniform,1.0,110,9,11.038210523733882,0.08181818181818182,2,62,18,0.40835055708885193,0.03538958596180775,0.020969399257545686,0.026430759525894895,0.018434790806801795
rbv2_xgboost_1464,14,ucb,constant,decay_uniform_a1,5,uniform,1.0,110,10,11.038210523733882,0.09090909090909091,1,95,17,0.4087083041667938,0.03578292065473479,0.02167631075245114,0.027053592075013295,0.01879814752849574
rbv2_xgboost_1464,14,ucb,constant,decay_uniform_a1,6,uniform,1.0,110,14,11.038210523733882,0.12727272727272726,5,110,25,0.4244230389595032,0.047774068480372106,0.030313664321709066,0.03741582190578428,0.027772040551381137
rbv2_xgboost_1464,14,ucb,constant,decay_uniform_a1,7,uniform,1.0,110,14,11.038210523733882,0.12727272727272726,2,103,20,0.4167977571487427,0.0434240692483697,0.025480899640448362,0.0313928431322319,0.02795384925544554
rbv2_xgboost_1464,14,ucb,constant,decay_uniform_a1,8,uniform,1.0,110,9,11.038210523733882,0.08181818181818182,5,108,16,0.426716148853302,0.03937065391066349,0.024644679996134566,0.03037120167016288,0.023171813944101748
rbv2_xgboost_1464,14,ucb,constant,decay_uniform_a1,9,uniform,1.0,110,10,11.038210523733882,0.09090909090909091,1,86,17,0.42555293440818787,0.05634650566144608,0.03619733305239223,0.044329004983370175,0.03011285312501756
rbv2_xgboost_1464,14,ucb,constant,decay_uniform_grid_a1_2,10,uniform,0.5,110,65,61.23939808169744,0.5909090909090909,1,108,53,0.4305993914604187,0.087949159081939,0.05196173977275829,0.06322954309638215,0.09507689268940744
rbv2_xgboost_1464,14,ucb,constant,decay_uniform_grid_a1_2,11,uniform,0.5,110,69,61.23939808169744,0.6272727272727273,2,110,45,0.42328277230262756,0.08575966527987597,0.04806043281866414,0.058824967485192094,0.06445348386564961
rbv2_xgboost_1464,14,ucb,constant,decay_uniform_grid_a1_2,12,uniform,0.5,110,66,61.23939808169744,0.6,1,108,41,0.4087270200252533,0.08188607386144574,0.0493241696894268,0.05993883941456371,0.10235456518170198
rbv2_xgboost_1464,14,ucb,constant,decay_uniform_grid_a1_2,13,uniform,0.5,110,62,61.23939808169744,0.5636363636363636,1,110,54,0.42394861578941345,0.07098887163504397,0.04618366974217634,0.05633284894996171,0.047095924307663926
rbv2_xgboost_1464,14,ucb,constant,decay_uniform_grid_a1_2,14,uniform,0.5,110,59,61.23939808169744,0.5363636363636364,2,109,50,0.42158496379852295,0.07589685384204609,0.04475219947838956,0.05447261789071868,0.07539559131034061
rbv2_xgboost_1464,14,ucb,constant,decay_uniform_grid_a1_2,15,uniform,0.5,110,59,61.23939808169744,0.5363636363636364,1,107,61,0.42368021607398987,0.06673827120019099,0.04015868646795215,0.04940639789883521,0.050655224669409596
rbv2_xgboost_1464,14,ucb,constant,decay_uniform_grid_a1_2,16,uniform,0.5,110,59,61.23939808169744,0.5363636363636364,3,109,54,0.4212125241756439,0.08246958887364919,0.04959844967396258,0.060764046250681145,0.08779894179901954
rbv2_xgboost_1464,14,ucb,constant,decay_uniform_grid_a1_2,17,uniform,0.5,110,68,61.23939808169744,0.6181818181818182,1,109,51,0.42162030935287476,0.07611963679690106,0.04698545873078369,0.05750319948630866,0.08689989341170987
rbv2_xgboost_1464,14,ucb,constant,decay_uniform_grid_a1_2,18,uniform,0.5,110,66,61.23939808169744,0.6,1,109,63,0.431277871131897,0.07754962186717704,0.047426649825647704,0.057368238607746674,0.1095931384623036
rbv2_xgboost_1464,14,ucb,constant,decay_uniform_grid_a1_2,19,uniform,0.5,110,52,61.23939808169744,0.4727272727272727,2,110,47,0.42159536480903625,0.07375414047442821,0.04522029746008603,0.05438341555250745,0.04072670042079928
rbv2_xgboost_1464,14,ucb,constant,decay_uniform_grid_a1_2,20,uniform,0.5,110,56,61.23939808169744,0.509090909090909,3,109,62,0.4245374798774719,0.06790333962884691,0.04102532204592065,0.05014083356068706,0.07255814069672922
rbv2_xgboost_1464,14,ucb,constant,decay_uniform_grid_a1_2,21,uniform,0.5,110,62,61.23939808169744,0.5636363636363636,1,110,56,0.42177635431289673,0.12518648976580168,0.07868188557726771,0.0952550664178081,0.07306404223769052
rbv2_xgboost_1464,14,ucb,constant,decay_uniform_grid_a1_2,22,uniform,0.5,110,55,61.23939808169744,0.5,1,108,61,0.4100727140903473,0.06610821997856085,0.03969855194688013,0.04921080842010783,0.06991964608381937
rbv2_xgboost_1464,14,ucb,constant,decay_uniform_grid_a1_2,23,uniform,0.5,110,73,61.23939808169744,0.6636363636363637,2,108,52,0.4141329526901245,0.09300278773141082,0.055370845429825094,0.06752826567229901,0.11840509051743103
rbv2_xgboost_1464,14,ucb,constant,decay_uniform_grid_a1_2,24,uniform,0.5,110,59,61.23939808169744,0.5363636363636364,1,110,50,0.4086979031562805,0.06177756003229637,0.03452555981165162,0.04219668960614333,0.038395718303081375
rbv2_xgboost_1464,14,ucb,constant,decay_uniform_grid_a1_2,25,uniform,0.5,110,53,61.23939808169744,0.4818181818181818,1,109,57,0.43334248661994934,0.09085986206532316,0.053639265571195326,0.06499700953400017,0.09522511947008566
rbv2_xgboost_1464,14,ucb,constant,decay_uniform_grid_a1_2,26,uniform,0.5,110,61,61.23939808169744,0.5545454545454546,2,110,47,0.4270615875720978,0.08315872146513012,0.05338342141501762,0.06527761274924694,0.04751463674319179
rbv2_xgboost_1464,14,ucb,constant,decay_uniform_grid_a1_2,27,uniform,0.5,110,58,61.23939808169744,0.5272727272727272,2,109,50,0.419918417930603,0.08479006879880674,0.052594424506400735,0.06379866704029818,0.11355470146363518
rbv2_xgboost_1464,14,ucb,constant,decay_uniform_grid_a1_2,28,uniform,0.5,110,61,61.23939808169744,0.5545454545454546,1,110,50,0.42181381583213806,0.1304977816622258,0.07653994244884836,0.0936916547043005,0.08178908686113966
rbv2_xgboost_1464,14,ucb,constant,decay_uniform_grid_a1_2,29,uniform,0.5,110,54,61.23939808169744,0.4909090909090909,2,106,48,0.4087062180042267,0.0781939010317345,0.0455817890083594,0.055125921285374746,0.042306295626524604
rbv2_xgboost_1464,14,ucb,constant,decay_uniform_grid_a1_2,30,uniform,0.5,110,63,61.23939808169744,0.5727272727272728,1,110,54,0.42875343561172485,0.07917907200100506,0.04957806646627226,0.06004473864561894,0.058699427388234304
rbv2_xgboost_1464,14,ucb,constant,decay_uniform_grid_a1_2,31,uniform,0.5,110,53,61.23939808169744,0.4818181818181818,2,110,53,0.4227147400379181,0.07905025540187952,0.04810972230882312,0.0581586668167411,0.05434100554351578
rbv2_xgboost_1464,14,ucb,constant,decay_uniform_grid_a1_2,32,uniform,0.5,110,61,61.23939808169744,0.5545454545454546,2,109,54,0.4170078933238983,0.09399899735495186,0.05840090261360774,0.07078506718580038,0.05666030221721579
rbv2_xgboost_1464,14,ucb,constant,decay_uniform_grid_a1_2,33,uniform,0.5,110,52,61.23939808169744,0.4727272727272727,1,105,51,0.4224151372909546,0.04851871325721925,0.02975938232304871,0.036654067350647926,0.055746467289924724
rbv2_xgboost_1464,14,ucb,constant,decay_uniform_grid_a1_2,34,uniform,0.5,110,58,61.23939808169744,0.5272727272727272,2,110,69,0.41257286071777344,0.07596160931544503,0.04826475671435443,0.05885937550389708,0.041939809466451594
rbv2_xgboost_1464,14,ucb,constant,decay_uniform_grid_a1_2,5,uniform,0.5,110,59,61.23939808169744,0.5363636363636364,1,109,57,0.4094882309436798,0.06901832265715103,0.042335408833264386,0.051792515265473175,0.07514506537625992
rbv2_xgboost_1464,14,ucb,constant,decay_uniform_grid_a1_2,6,uniform,0.5,110,59,61.23939808169744,0.5363636363636364,2,110,55,0.42408180236816406,0.07572840872611909,0.04675214837815417,0.05755586186800319,0.039824076327641386
rbv2_xgboost_1464,14,ucb,constant,decay_uniform_grid_a1_2,7,uniform,0.5,110,65,61.23939808169744,0.5909090909090909,1,108,59,0.40714845061302185,0.07434217346821363,0.04181943037571065,0.0507288988047521,0.07240833239293024
rbv2_xgboost_1464,14,ucb,constant,decay_uniform_grid_a1_2,8,uniform,0.5,110,65,61.23939808169744,0.5909090909090909,1,110,56,0.4208962619304657,0.0872047810882855,0.0508280948656966,0.06207567771650735,0.05070291842981123
rbv2_xgboost_1464,14,ucb,constant,decay_uniform_grid_a1_2,9,uniform,0.5,110,55,61.23939808169744,0.5,1,106,57,0.4275880753993988,0.08722700536070081,0.057751711611786855,0.0705449317277772,0.11725650620765385
rbv2_xgboost_1464,14,ucb,constant,fixed_p020,10,uniform,nan,110,26,21.999999999999954,0.23636363636363636,1,108,41,0.4254280626773834,0.042326226461677476,0.025559339878509908,0.03116890049205064,0.02764945325879594
rbv2_xgboost_1464,14,ucb,constant,fixed_p020,11,uniform,nan,110,29,21.999999999999954,0.2636363636363636,11,109,42,0.409567266702652,0.06062988008924275,0.035521388078821645,0.04324661355459649,0.06098615760048656
rbv2_xgboost_1464,14,ucb,constant,fixed_p020,12,uniform,nan,110,32,21.999999999999954,0.2909090909090909,6,108,44,0.41984766721725464,0.05237041320028903,0.03139834012285547,0.038081061686197605,0.05213728437634359
rbv2_xgboost_1464,14,ucb,constant,fixed_p020,13,uniform,nan,110,27,21.999999999999954,0.24545454545454545,1,110,36,0.4236011207103729,0.07053054281700259,0.04371279222205895,0.0531974449557335,0.04303547950854399
rbv2_xgboost_1464,14,ucb,constant,fixed_p020,14,uniform,nan,110,23,21.999999999999954,0.20909090909090908,4,108,42,0.40206798911094666,0.04973473851637193,0.029735720574225445,0.036736219279177085,0.03208002171600298
rbv2_xgboost_1464,14,ucb,constant,fixed_p020,15,uniform,nan,110,18,21.999999999999954,0.16363636363636364,1,96,27,0.41864514350891113,0.0341218122932638,0.019996475634300064,0.024655863348395285,0.0168181592925707
rbv2_xgboost_1464,14,ucb,constant,fixed_p020,16,uniform,nan,110,26,21.999999999999954,0.23636363636363636,3,104,34,0.4094674587249756,0.08801774436138664,0.049383947820836736,0.05993730996080222,0.07826302159742743
rbv2_xgboost_1464,14,ucb,constant,fixed_p020,17,uniform,nan,110,31,21.999999999999954,0.2818181818181818,2,109,52,0.42115843296051025,0.15172523229830787,0.09281557141950772,0.11032391386272189,0.14633360631080242
rbv2_xgboost_1464,14,ucb,constant,fixed_p020,18,uniform,nan,110,30,21.999999999999954,0.2727272727272727,4,108,48,0.424506276845932,0.05711786070656306,0.03686042698710246,0.04489487758416308,0.03878983118491031
rbv2_xgboost_1464,14,ucb,constant,fixed_p020,19,uniform,nan,110,19,21.999999999999954,0.17272727272727273,9,109,30,0.43646878004074097,0.04409766708373558,0.028405967557597358,0.034410507127316435,0.03253165209126301
rbv2_xgboost_1464,14,ucb,constant,fixed_p020,20,uniform,nan,110,16,21.999999999999954,0.14545454545454545,3,108,28,0.42582967877388,0.04772640259813261,0.029158649964735463,0.03576095838443137,0.026210039984609763
rbv2_xgboost_1464,14,ucb,constant,fixed_p020,21,uniform,nan,110,30,21.999999999999954,0.2727272727272727,15,109,38,0.422465056180954,0.05450675297220341,0.034069664666863966,0.041406432150807485,0.05383840830342559
rbv2_xgboost_1464,14,ucb,constant,fixed_p020,22,uniform,nan,110,18,21.999999999999954,0.16363636363636364,14,103,32,0.4090639352798462,0.04197943820499184,0.024418202872660652,0.03015559149549758,0.025681089699799188
rbv2_xgboost_1464,14,ucb,constant,fixed_p020,23,uniform,nan,110,26,21.999999999999954,0.23636363636363636,6,108,36,0.42563825845718384,0.0646762374221116,0.03891040368757534,0.0476919920836164,0.048132814147670955
rbv2_xgboost_1464,14,ucb,constant,fixed_p020,24,uniform,nan,110,24,21.999999999999954,0.21818181818181817,4,106,38,0.41472581028938293,0.03588622085918323,0.021300705834747562,0.026284345757025592,0.026991907656433452
rbv2_xgboost_1464,14,ucb,constant,fixed_p020,25,uniform,nan,110,22,21.999999999999954,0.2,1,109,33,0.44049885869026184,0.7331473334276866,0.5662083836447778,0.6317735408964152,0.7836817887788691
rbv2_xgboost_1464,14,ucb,constant,fixed_p020,26,uniform,nan,110,22,21.999999999999954,0.2,2,110,31,0.42138728499412537,0.2537762648576127,0.16842279523609932,0.20217634852369787,0.14584429347262384
rbv2_xgboost_1464,14,ucb,constant,fixed_p020,27,uniform,nan,110,16,21.999999999999954,0.14545454545454545,6,98,26,0.4240776300430298,0.08369172774271008,0.05164072051097366,0.06319421200204872,0.06428927392050644
rbv2_xgboost_1464,14,ucb,constant,fixed_p020,28,uniform,nan,110,19,21.999999999999954,0.17272727272727273,5,110,31,0.4136233329772949,0.04827279409479498,0.03010502319126514,0.03693083711955317,0.029565201684275923
rbv2_xgboost_1464,14,ucb,constant,fixed_p020,29,uniform,nan,110,24,21.999999999999954,0.21818181818181817,2,106,34,0.4362960159778595,0.11084498587122736,0.07018171302066628,0.08459833957513353,0.13233863142282049
rbv2_xgboost_1464,14,ucb,constant,fixed_p020,30,uniform,nan,110,24,21.999999999999954,0.21818181818181817,14,110,29,0.42471644282341003,0.05467309687984129,0.03498221458489886,0.04250060291034669,0.04112296070569483
rbv2_xgboost_1464,14,ucb,constant,fixed_p020,31,uniform,nan,110,21,21.999999999999954,0.19090909090909092,2,103,32,0.4176819324493408,0.05911380689711184,0.03476547236581434,0.04294584045868529,0.0632248807961439
rbv2_xgboost_1464,14,ucb,constant,fixed_p020,32,uniform,nan,110,26,21.999999999999954,0.23636363636363636,4,109,40,0.4170078933238983,0.08511400757349619,0.05658812390685318,0.06872659788490097,0.0865685450961637
rbv2_xgboost_1464,14,ucb,constant,fixed_p020,33,uniform,nan,110,21,21.999999999999954,0.19090909090909092,1,105,33,0.4217243492603302,0.032655732921239626,0.019561931546362425,0.024243192069295646,0.014041407615014432
rbv2_xgboost_1464,14,ucb,constant,fixed_p020,34,uniform,nan,110,18,21.999999999999954,0.16363636363636364,4,110,31,0.4095485508441925,0.052475839474875476,0.03069758650800473,0.03831060941064148,0.01955310476538013
rbv2_xgboost_1464,14,ucb,constant,fixed_p020,5,uniform,nan,110,14,21.999999999999954,0.12727272727272726,2,101,26,0.40725451707839966,0.034153902322150355,0.02104524424573392,0.026479010975971537,0.008169852031955346
rbv2_xgboost_1464,14,ucb,constant,fixed_p020,6,uniform,nan,110,27,21.999999999999954,0.24545454545454545,9,110,37,0.433993935585022,0.06445588960782281,0.03912957956262794,0.04821262701899131,0.031430566256025326
rbv2_xgboost_1464,14,ucb,constant,fixed_p020,7,uniform,nan,110,28,21.999999999999954,0.2545454545454545,2,105,44,0.4195064604282379,0.059695606988338576,0.034047437043218,0.04148798548611138,0.06333988585607579
rbv2_xgboost_1464,14,ucb,constant,fixed_p020,8,uniform,nan,110,24,21.999999999999954,0.21818181818181817,5,108,42,0.43722230195999146,0.06139550083186305,0.0356839183623569,0.043610846427045255,0.06305667529885686
rbv2_xgboost_1464,14,ucb,constant,fixed_p020,9,uniform,nan,110,20,21.999999999999954,0.18181818181818182,8,104,36,0.4092220067977905,0.24302489834980387,0.1624660867744355,0.19374300466146888,0.2593247331291516
rbv2_xgboost_1464,14,ucb,constant,standard,10,none,nan,110,0,0.0,0.0,,,0,0.44049885869026184,0.03973893187950058,0.02345110737392757,0.028701436084417664,0.026334205175348097
rbv2_xgboost_1464,14,ucb,constant,standard,11,none,nan,110,0,0.0,0.0,,,0,0.42148715257644653,0.03815618375451334,0.02300391655684446,0.02850025337431395,0.020949729213057898
rbv2_xgboost_1464,14,ucb,constant,standard,12,none,nan,110,0,0.0,0.0,,,0,0.4368850886821747,0.037385825177969,0.023836822466530655,0.029582649577925536,0.020630908607332944
rbv2_xgboost_1464,14,ucb,constant,standard,13,none,nan,110,0,0.0,0.0,,,0,0.4223651885986328,0.03797704389406706,0.023099900008069163,0.028364967477779113,0.01976078661192709
rbv2_xgboost_1464,14,ucb,constant,standard,14,none,nan,110,0,0.0,0.0,,,0,0.4239403009414673,0.03856643029853893,0.023928366932271884,0.029514657212642473,0.012551675832864229
rbv2_xgboost_1464,14,ucb,constant,standard,15,none,nan,110,0,0.0,0.0,,,0,0.40711307525634766,0.036730138222082764,0.02350479605742444,0.028950466696737405,0.009271888443103424
rbv2_xgboost_1464,14,ucb,constant,standard,16,none,nan,110,0,0.0,0.0,,,0,0.4068843126296997,0.03922942938445034,0.023353541335606978,0.029032293847433513,0.006885911782604294
rbv2_xgboost_1464,14,ucb,constant,standard,17,none,nan,110,0,0.0,0.0,,,0,0.42143514752388,0.03712226807805292,0.022724441435001554,0.02797014887420232,0.0139384497256441
rbv2_xgboost_1464,14,ucb,constant,standard,18,none,nan,110,0,0.0,0.0,,,0,0.42097118496894836,0.08474767019219431,0.050107664197931764,0.0608953203833793,0.043971111767262906
rbv2_xgboost_1464,14,ucb,constant,standard,19,none,nan,110,0,0.0,0.0,,,0,0.4403780996799469,0.03495345522321085,0.022600986326975766,0.027770077038030402,0.022320972737032183
rbv2_xgboost_1464,14,ucb,constant,standard,20,none,nan,110,0,0.0,0.0,,,0,0.4106280505657196,0.035411694645936645,0.023477198858414965,0.02887215833345836,0.00851383000391916
rbv2_xgboost_1464,14,ucb,constant,standard,21,none,nan,110,0,0.0,0.0,,,0,0.4258192777633667,0.03731339170766504,0.023066427179211778,0.028349705509818954,0.02767045602074047
rbv2_xgboost_1464,14,ucb,constant,standard,22,none,nan,110,0,0.0,0.0,,,0,0.40633317828178406,0.03908051852524234,0.023686054524217258,0.029290252939172635,0.008942831769747684
rbv2_xgboost_1464,14,ucb,constant,standard,23,none,nan,110,0,0.0,0.0,,,0,0.4077557325363159,0.043551231730549596,0.02633088448369412,0.032799861672917374,0.015504452981504406
rbv2_xgboost_1464,14,ucb,constant,standard,24,none,nan,110,0,0.0,0.0,,,0,0.4217597246170044,0.03664676843626647,0.02354275960387668,0.028936434265820907,0.015473713698094234
rbv2_xgboost_1464,14,ucb,constant,standard,25,none,nan,110,0,0.0,0.0,,,0,0.42235061526298523,0.06712052645181274,0.042888249973042594,0.05274611027349432,0.04424487571292851
rbv2_xgboost_1464,14,ucb,constant,standard,26,none,nan,110,0,0.0,0.0,,,0,0.43632516264915466,0.038905701821153826,0.02313696586348158,0.028190237264786092,0.014283357679702837
rbv2_xgboost_1464,14,ucb,constant,standard,27,none,nan,110,0,0.0,0.0,,,0,0.4075831174850464,0.06782935319741096,0.04251751317043061,0.05296923437713354,0.03576648954271171
rbv2_xgboost_1464,14,ucb,constant,standard,28,none,nan,110,0,0.0,0.0,,,0,0.408907949924469,0.039944078764899374,0.024358993795834543,0.030730326776324434,0.009580881727065567
rbv2_xgboost_1464,14,ucb,constant,standard,29,none,nan,110,0,0.0,0.0,,,0,0.43848374485969543,0.03851582488449596,0.024082383852552056,0.03000777924246278,0.021779104311875352
rbv2_xgboost_1464,14,ucb,constant,standard,30,none,nan,110,0,0.0,0.0,,,0,0.42192408442497253,0.03493868997325635,0.022376134523994097,0.027388139341245513,0.01925797130291805
rbv2_xgboost_1464,14,ucb,constant,standard,31,none,nan,110,0,0.0,0.0,,,0,0.4214247465133667,0.035825830377507514,0.022723179468557102,0.027807998927814454,0.019109316096208258
rbv2_xgboost_1464,14,ucb,constant,standard,32,none,nan,110,0,0.0,0.0,,,0,0.414482444524765,0.07595414654763194,0.04527227363627356,0.05584648681523063,0.027095764765081184
rbv2_xgboost_1464,14,ucb,constant,standard,33,none,nan,110,0,0.0,0.0,,,0,0.4214060306549072,0.03896637729537795,0.02452919233133722,0.030344921369164612,0.023666754108814043
rbv2_xgboost_1464,14,ucb,constant,standard,34,none,nan,110,0,0.0,0.0,,,0,0.40730443596839905,0.03779840344769711,0.022495411064422266,0.02809342321280037,0.012609222229163886
rbv2_xgboost_1464,14,ucb,constant,standard,5,none,nan,110,0,0.0,0.0,,,0,0.43626686930656433,0.037456119677068876,0.024007100378010557,0.029953308558197937,0.02415450639880128
rbv2_xgboost_1464,14,ucb,constant,standard,6,none,nan,110,0,0.0,0.0,,,0,0.4222694933414459,0.035455822922142825,0.022513502451235783,0.02786039038149888,0.013867478694681456
rbv2_xgboost_1464,14,ucb,constant,standard,7,none,nan,110,0,0.0,0.0,,,0,0.42194074392318726,0.07154975720918566,0.04264820459765524,0.05248812229838542,0.051918807843048816
rbv2_xgboost_1464,14,ucb,constant,standard,8,none,nan,110,0,0.0,0.0,,,0,0.42311006784439087,0.035487379824645504,0.02235593730266163,0.027643434467160142,0.017444985814692154
rbv2_xgboost_1464,14,ucb,constant,standard,9,none,nan,110,0,0.0,0.0,,,0,0.42842671275138855,0.2287204719968187,0.15926021774636928,0.1925738739226959,0.13247891926811822
rbv2_xgboost_31,14,logei,native,decay_uniform_a1,10,uniform,1.0,110,8,11.038210523733882,0.07272727272727272,1,79,13,0.4855860471725464,0.03991868702409738,0.022946413945260872,0.028574203512497478,0.022788109730846027
rbv2_xgboost_31,14,logei,native,decay_uniform_a1,11,uniform,1.0,110,15,11.038210523733882,0.13636363636363635,5,101,26,0.48543596267700195,0.10881602726162083,0.06589558871111761,0.08018892672163708,0.022907467828242392
rbv2_xgboost_31,14,logei,native,decay_uniform_a1,12,uniform,1.0,110,18,11.038210523733882,0.16363636363636364,2,106,26,0.4888192415237427,0.039797952281947574,0.02415279791841914,0.02916326700966103,0.019653855918545335
rbv2_xgboost_31,14,logei,native,decay_uniform_a1,13,uniform,1.0,110,9,11.038210523733882,0.08181818181818182,1,110,12,0.4912896752357483,0.03464736630985874,0.02230434858113336,0.027479742461544665,0.025126429076457735
rbv2_xgboost_31,14,logei,native,decay_uniform_a1,14,uniform,1.0,110,8,11.038210523733882,0.07272727272727272,4,89,14,0.487407922744751,0.06455244929875573,0.04114102514308687,0.05046061624672867,0.03556783633787209
rbv2_xgboost_31,14,logei,native,decay_uniform_a1,15,uniform,1.0,110,9,11.038210523733882,0.08181818181818182,1,96,17,0.46882665157318115,0.1201279563418184,0.07860670157424253,0.09448069964024955,0.11648456095819983
rbv2_xgboost_31,14,logei,native,decay_uniform_a1,16,uniform,1.0,110,15,11.038210523733882,0.13636363636363635,3,96,26,0.4862906038761139,0.1731039813179126,0.10546963774958854,0.12677335509341428,0.18803170368762698
rbv2_xgboost_31,14,logei,native,decay_uniform_a1,17,uniform,1.0,110,16,11.038210523733882,0.14545454545454545,1,97,25,0.48519623279571533,0.04349950205326126,0.02462631369356147,0.030353306979755777,0.018247326280076786
rbv2_xgboost_31,14,logei,native,decay_uniform_a1,18,uniform,1.0,110,12,11.038210523733882,0.10909090909090909,1,107,21,0.4858716130256653,0.033680932846345706,0.021437418310403154,0.026467684929104097,0.025519532225994394
rbv2_xgboost_31,14,logei,native,decay_uniform_a1,19,uniform,1.0,110,11,11.038210523733882,0.1,2,95,22,0.48529213666915894,0.033283910385006235,0.02128352768983778,0.026230344638841607,0.025049924708069028
rbv2_xgboost_31,14,logei,native,decay_uniform_a1,20,uniform,1.0,110,10,11.038210523733882,0.09090909090909091,3,108,14,0.4855380952358246,0.03734845226467244,0.02297721072593994,0.028457325364765515,0.01921254051196258
rbv2_xgboost_31,14,logei,native,decay_uniform_a1,21,uniform,1.0,110,18,11.038210523733882,0.16363636363636364,1,98,29,0.4213019907474518,0.042190593009272165,0.02571490887952753,0.03158574489298651,0.02245887003454939
rbv2_xgboost_31,14,logei,native,decay_uniform_a1,22,uniform,1.0,110,6,11.038210523733882,0.05454545454545454,8,82,12,0.4876580834388733,0.046874901575850864,0.028860619180983826,0.03532815701287994,0.027844867658074954
rbv2_xgboost_31,14,logei,native,decay_uniform_a1,23,uniform,1.0,110,14,11.038210523733882,0.12727272727272726,6,78,22,0.4852004051208496,0.17107930003203523,0.11090216925188155,0.1344598523242738,0.1523928749859898
rbv2_xgboost_31,14,logei,native,decay_uniform_a1,24,uniform,1.0,110,9,11.038210523733882,0.08181818181818182,1,57,15,0.4884002208709717,0.08164187808242468,0.04869747927428688,0.05891430065671717,0.05161591505395585
rbv2_xgboost_31,14,logei,native,decay_uniform_a1,25,uniform,1.0,110,16,11.038210523733882,0.14545454545454545,1,101,23,0.49193596839904785,0.1460562481222795,0.09824088555769675,0.12020031651520663,0.11332389483671945
rbv2_xgboost_31,14,logei,native,decay_uniform_a1,26,uniform,1.0,110,8,11.038210523733882,0.07272727272727272,2,72,14,0.4890652298927307,0.03548572310979457,0.022253707667030317,0.0274191935339223,0.016811969995329898
rbv2_xgboost_31,14,logei,native,decay_uniform_a1,27,uniform,1.0,110,11,11.038210523733882,0.1,2,80,16,0.3547742962837219,0.09251168881894001,0.058982464621461006,0.07107130964922095,0.04553475455931725
rbv2_xgboost_31,14,logei,native,decay_uniform_a1,28,uniform,1.0,110,13,11.038210523733882,0.11818181818181818,1,87,19,0.4853275716304779,0.04560159567936557,0.02684115412375982,0.03325877905643877,0.013862770002719594
rbv2_xgboost_31,14,logei,native,decay_uniform_a1,29,uniform,1.0,110,9,11.038210523733882,0.08181818181818182,2,106,14,0.4884002208709717,0.5408272664572731,0.37592302641159414,0.43720606888599894,0.5726000643057702
rbv2_xgboost_31,14,logei,native,decay_uniform_a1,30,uniform,1.0,110,9,11.038210523733882,0.08181818181818182,1,87,15,0.48636147379875183,0.035832510744053726,0.021598499177419163,0.02649192665485377,0.023113313736019013
rbv2_xgboost_31,14,logei,native,decay_uniform_a1,31,uniform,1.0,110,11,11.038210523733882,0.1,2,81,20,0.48527753353118896,0.04453832902343989,0.02680289099162342,0.03286537831792423,0.013557967943558862
rbv2_xgboost_31,14,logei,native,decay_uniform_a1,32,uniform,1.0,110,11,11.038210523733882,0.1,2,86,22,0.48517748713493347,0.03356356129796499,0.02177448347898863,0.027113533954578918,0.019889386818210557
rbv2_xgboost_31,14,logei,native,decay_uniform_a1,33,uniform,1.0,110,10,11.038210523733882,0.09090909090909091,1,99,13,0.4853588342666626,0.03592792912037003,0.022135647696471392,0.027326879603836753,0.02103185102813171
rbv2_xgboost_31,14,logei,native,decay_uniform_a1,34,uniform,1.0,110,9,11.038210523733882,0.08181818181818182,2,62,18,0.5074613690376282,0.03681880635438086,0.02206549360410957,0.02746477885317931,0.019303155272350714
rbv2_xgboost_31,14,logei,native,decay_uniform_a1,5,uniform,1.0,110,10,11.038210523733882,0.09090909090909091,1,95,17,0.49402299523353577,0.03657884790719937,0.023001094311600127,0.028291630567946757,0.01867320983379625
rbv2_xgboost_31,14,logei,native,decay_uniform_a1,6,uniform,1.0,110,14,11.038210523733882,0.12727272727272726,5,110,25,0.4853588342666626,0.05356104992152211,0.03314564537357084,0.041127707598522634,0.03289736881065819
rbv2_xgboost_31,14,logei,native,decay_uniform_a1,7,uniform,1.0,110,14,11.038210523733882,0.12727272727272726,2,103,20,0.48519206047058105,0.04407919853991593,0.026186429986657878,0.032293100414367316,0.044139298803488394
rbv2_xgboost_31,14,logei,native,decay_uniform_a1,8,uniform,1.0,110,9,11.038210523733882,0.08181818181818182,5,108,16,0.48635104298591614,0.034187417482967726,0.021880250476754695,0.027109412113755997,0.014567328258357212
rbv2_xgboost_31,14,logei,native,decay_uniform_a1,9,uniform,1.0,110,10,11.038210523733882,0.09090909090909091,1,86,17,0.4908226728439331,0.07825189621798477,0.051669629595363864,0.06291066735313144,0.039555704469481395
rbv2_xgboost_31,14,logei,native,decay_uniform_grid_a1_2,10,uniform,0.5,110,65,61.23939808169744,0.5909090909090909,1,108,53,0.48989495635032654,0.05810915250563276,0.03432816441101809,0.042151307515703944,0.06056395703229731
rbv2_xgboost_31,14,logei,native,decay_uniform_grid_a1_2,11,uniform,0.5,110,69,61.23939808169744,0.6272727272727273,2,110,45,0.4398493468761444,0.07169563012695375,0.039599422499643315,0.0482142688368302,0.05099249683259746
rbv2_xgboost_31,14,logei,native,decay_uniform_grid_a1_2,12,uniform,0.5,110,66,61.23939808169744,0.6,1,108,41,0.49107909202575684,0.14061009688714898,0.08138721732676549,0.09863867483109261,0.13841378026673323
rbv2_xgboost_31,14,logei,native,decay_uniform_grid_a1_2,13,uniform,0.5,110,62,61.23939808169744,0.5636363636363636,1,110,54,0.48917779326438904,0.07890556124701349,0.0502927054001755,0.06197946860117133,0.05347442977660395
rbv2_xgboost_31,14,logei,native,decay_uniform_grid_a1_2,14,uniform,0.5,110,59,61.23939808169744,0.5363636363636364,2,109,50,0.3532044291496277,0.11031986263959635,0.06739663245300885,0.08245069985691494,0.12477133615626927
rbv2_xgboost_31,14,logei,native,decay_uniform_grid_a1_2,15,uniform,0.5,110,59,61.23939808169744,0.5363636363636364,1,107,61,0.4870744049549103,0.042625083407325286,0.025950161524928503,0.03201168178178972,0.03480723754106351
rbv2_xgboost_31,14,logei,native,decay_uniform_grid_a1_2,16,uniform,0.5,110,59,61.23939808169744,0.5363636363636364,3,109,54,0.4866991639137268,0.04811426533332213,0.029081221302081364,0.036059874673808084,0.038735936488774124
rbv2_xgboost_31,14,logei,native,decay_uniform_grid_a1_2,17,uniform,0.5,110,68,61.23939808169744,0.6181818181818182,1,109,51,0.48573821783065796,0.07042279563342518,0.04429054148709538,0.05478853715789184,0.082175675141971
rbv2_xgboost_31,14,logei,native,decay_uniform_grid_a1_2,18,uniform,0.5,110,66,61.23939808169744,0.6,1,109,63,0.4889484941959381,0.48752613273038037,0.3398089985947885,0.39552564690894587,0.6205353523185513
rbv2_xgboost_31,14,logei,native,decay_uniform_grid_a1_2,19,uniform,0.5,110,52,61.23939808169744,0.4727272727272727,2,110,47,0.4753277003765106,0.12787054844823348,0.08056616761661847,0.09805367107443651,0.07128438833677468
rbv2_xgboost_31,14,logei,native,decay_uniform_grid_a1_2,20,uniform,0.5,110,56,61.23939808169744,0.509090909090909,3,109,62,0.4852004051208496,0.05423280716081726,0.032922701573747,0.040320967371188454,0.04154040779620079
rbv2_xgboost_31,14,logei,native,decay_uniform_grid_a1_2,21,uniform,0.5,110,62,61.23939808169744,0.5636363636363636,1,110,56,0.4905287027359009,0.09846168856355536,0.062083964695290844,0.0755749284204505,0.06342188841323877
rbv2_xgboost_31,14,logei,native,decay_uniform_grid_a1_2,22,uniform,0.5,110,55,61.23939808169744,0.5,1,108,61,0.4890652298927307,0.10468387913095599,0.06358685337242115,0.07935590834160366,0.0852956671229326
rbv2_xgboost_31,14,logei,native,decay_uniform_grid_a1_2,23,uniform,0.5,110,73,61.23939808169744,0.6636363636363637,2,108,52,0.4853358864784241,0.12025952192234511,0.07121904220285866,0.08724624318562334,0.07726149744165357
rbv2_xgboost_31,14,logei,native,decay_uniform_grid_a1_2,24,uniform,0.5,110,59,61.23939808169744,0.5363636363636364,1,110,50,0.49057042598724365,0.04433856180382728,0.02407210588248023,0.029578176815044963,0.026142609236772744
rbv2_xgboost_31,14,logei,native,decay_uniform_grid_a1_2,25,uniform,0.5,110,53,61.23939808169744,0.4818181818181818,1,109,57,0.4872119724750519,0.1613928355411836,0.09972248585142525,0.1212017183662635,0.1543299252169876
rbv2_xgboost_31,14,logei,native,decay_uniform_grid_a1_2,26,uniform,0.5,110,61,61.23939808169744,0.5545454545454546,2,110,47,0.4871077537536621,0.04205185634504317,0.026018117801281576,0.03228829801772404,0.02398177324042755
rbv2_xgboost_31,14,logei,native,decay_uniform_grid_a1_2,27,uniform,0.5,110,58,61.23939808169744,0.5272727272727272,2,109,50,0.48607590794563293,0.0641445005655284,0.04114017269702337,0.050206035651906906,0.046709149927484296
rbv2_xgboost_31,14,logei,native,decay_uniform_grid_a1_2,28,uniform,0.5,110,61,61.23939808169744,0.5545454545454546,1,110,50,0.49088940024375916,0.14123164544958344,0.08085871814817883,0.09915850862487428,0.09695718746606151
rbv2_xgboost_31,14,logei,native,decay_uniform_grid_a1_2,29,uniform,0.5,110,54,61.23939808169744,0.4909090909090909,2,106,48,0.49402299523353577,0.506222499273729,0.34900881529244476,0.4048046221095307,0.5844243541501828
rbv2_xgboost_31,14,logei,native,decay_uniform_grid_a1_2,30,uniform,0.5,110,63,61.23939808169744,0.5727272727272728,1,110,54,0.48917779326438904,0.05113838980805722,0.0319970247141015,0.0389834934510756,0.03778722151272034
rbv2_xgboost_31,14,logei,native,decay_uniform_grid_a1_2,31,uniform,0.5,110,53,61.23939808169744,0.4818181818181818,2,110,53,0.49402299523353577,0.5637644680001845,0.39486243466458293,0.4552008295015052,0.45400606402071236
rbv2_xgboost_31,14,logei,native,decay_uniform_grid_a1_2,32,uniform,0.5,110,61,61.23939808169744,0.5545454545454546,2,109,54,0.4871077537536621,0.08189046505174855,0.049994201786354844,0.061249919437260145,0.08600016481014032
rbv2_xgboost_31,14,logei,native,decay_uniform_grid_a1_2,33,uniform,0.5,110,52,61.23939808169744,0.4727272727272727,1,105,51,0.49227163195610046,0.037235280993289016,0.023020021430685877,0.028539694184819147,0.03039447596579533
rbv2_xgboost_31,14,logei,native,decay_uniform_grid_a1_2,34,uniform,0.5,110,58,61.23939808169744,0.5272727272727272,2,110,69,0.49263858795166016,0.10147151675950364,0.06623960775398147,0.0808591281464485,0.05978381931879238
rbv2_xgboost_31,14,logei,native,decay_uniform_grid_a1_2,5,uniform,0.5,110,59,61.23939808169744,0.5363636363636364,1,109,57,0.48715779185295105,0.07031954067418118,0.042601914879771274,0.05207544029286664,0.07853275636329458
rbv2_xgboost_31,14,logei,native,decay_uniform_grid_a1_2,6,uniform,0.5,110,59,61.23939808169744,0.5363636363636364,2,110,55,0.4851837456226349,0.3184839993299999,0.20944002881965262,0.25063028171705604,0.19855737845863655
rbv2_xgboost_31,14,logei,native,decay_uniform_grid_a1_2,7,uniform,0.5,110,65,61.23939808169744,0.5909090909090909,1,108,59,0.4747858941555023,0.07666855155846648,0.041326673946209536,0.05047671006844492,0.038112317378234194
rbv2_xgboost_31,14,logei,native,decay_uniform_grid_a1_2,8,uniform,0.5,110,65,61.23939808169744,0.5909090909090909,1,110,56,0.4502595365047455,0.06024202816544095,0.035382094583166795,0.04346523574463862,0.034804101372997644
rbv2_xgboost_31,14,logei,native,decay_uniform_grid_a1_2,9,uniform,0.5,110,55,61.23939808169744,0.5,1,106,57,0.43646878004074097,0.13005160198510862,0.08391606328471052,0.1026441010301004,0.13087609367581807
rbv2_xgboost_31,14,logei,native,fixed_p020,10,uniform,nan,110,26,21.999999999999954,0.23636363636363636,1,108,41,0.4852379262447357,0.031290101283024334,0.019371537643144497,0.023689088652797098,0.017159452116752537
rbv2_xgboost_31,14,logei,native,fixed_p020,11,uniform,nan,110,29,21.999999999999954,0.2636363636363636,11,109,42,0.48587578535079956,0.04250856273941905,0.02410639772045496,0.02928945770420484,0.02976169043842263
rbv2_xgboost_31,14,logei,native,fixed_p020,12,uniform,nan,110,32,21.999999999999954,0.2909090909090909,6,108,44,0.4852170944213867,0.05472328044602786,0.03241326562189234,0.039210942079346535,0.04116798601823201
rbv2_xgboost_31,14,logei,native,fixed_p020,13,uniform,nan,110,27,21.999999999999954,0.24545454545454545,1,110,36,0.33777740597724915,0.08175695730230854,0.051393593750082074,0.06285188791964104,0.04540462819640912
rbv2_xgboost_31,14,logei,native,fixed_p020,14,uniform,nan,110,23,21.999999999999954,0.20909090909090908,4,108,42,0.403602659702301,0.07909295462097783,0.04860029051458739,0.05986196898938896,0.0516901018405233
rbv2_xgboost_31,14,logei,native,fixed_p020,15,uniform,nan,110,18,21.999999999999954,0.16363636363636364,1,96,27,0.4893133044242859,0.03229087892085618,0.020348215814042964,0.02478000795572375,0.013502869249175159
rbv2_xgboost_31,14,logei,native,fixed_p020,16,uniform,nan,110,26,21.999999999999954,0.23636363636363636,3,104,34,0.4870744049549103,0.03391862324137601,0.019430323141267865,0.02372297313999699,0.010902678891697723
rbv2_xgboost_31,14,logei,native,fixed_p020,17,uniform,nan,110,31,21.999999999999954,0.2818181818181818,2,109,52,0.4729938507080078,0.19921218339207142,0.12142179765201008,0.1466036434799432,0.178984586736643
rbv2_xgboost_31,14,logei,native,fixed_p020,18,uniform,nan,110,30,21.999999999999954,0.2727272727272727,4,108,48,0.4853588342666626,0.04151882172037974,0.0255374651788534,0.031476294325289145,0.031584813185972345
rbv2_xgboost_31,14,logei,native,fixed_p020,19,uniform,nan,110,19,21.999999999999954,0.17272727272727273,9,109,30,0.4928866922855377,0.031522283068415716,0.019826107460374307,0.02456073055326177,0.018093126616804116
rbv2_xgboost_31,14,logei,native,fixed_p020,20,uniform,nan,110,16,21.999999999999954,0.14545454545454545,3,108,28,0.4852254092693329,0.1306741862274432,0.08484020205984305,0.1034976377198113,0.06513627102801041
rbv2_xgboost_31,14,logei,native,fixed_p020,21,uniform,nan,110,30,21.999999999999954,0.2727272727272727,15,109,38,0.4877372980117798,0.08523829979134596,0.049706543987876294,0.06057710724286322,0.059553648620379276
rbv2_xgboost_31,14,logei,native,fixed_p020,22,uniform,nan,110,18,21.999999999999954,0.16363636363636364,14,103,32,0.4261668026447296,0.35010598480035815,0.2517450350093668,0.2942599420791399,0.4372265902361927
rbv2_xgboost_31,14,logei,native,fixed_p020,23,uniform,nan,110,26,21.999999999999954,0.23636363636363636,6,108,36,0.45915234088897705,0.16042810089638698,0.10262259961039097,0.12279856707674151,0.19110628694950918
rbv2_xgboost_31,14,logei,native,fixed_p020,24,uniform,nan,110,24,21.999999999999954,0.21818181818181817,4,106,38,0.48838770389556885,0.03101238415658869,0.019956447939183976,0.024393366233373945,0.02290076581068721
rbv2_xgboost_31,14,logei,native,fixed_p020,25,uniform,nan,110,22,21.999999999999954,0.2,1,109,33,0.4921507239341736,0.15418384778275185,0.10178131350586622,0.12313955800083931,0.12346502776128473
rbv2_xgboost_31,14,logei,native,fixed_p020,26,uniform,nan,110,22,21.999999999999954,0.2,2,110,31,0.4900512993335724,0.03028450766209814,0.019687980955637154,0.024357354455809208,0.016515010048539946
rbv2_xgboost_31,14,logei,native,fixed_p020,27,uniform,nan,110,16,21.999999999999954,0.14545454545454545,6,98,26,0.38507476449012756,0.07444145387524105,0.046436850017129355,0.05607075494896741,0.023192331281745398
rbv2_xgboost_31,14,logei,native,fixed_p020,28,uniform,nan,110,19,21.999999999999954,0.17272727272727273,5,110,31,0.4852170944213867,0.042912443863552474,0.02566049654156478,0.03147219984377975,0.024037387636580414
rbv2_xgboost_31,14,logei,native,fixed_p020,29,uniform,nan,110,24,21.999999999999954,0.21818181818181817,2,106,34,0.49402299523353577,0.512668828358636,0.3530453952343917,0.41083386664880855,0.5314079558228276
rbv2_xgboost_31,14,logei,native,fixed_p020,30,uniform,nan,110,24,21.999999999999954,0.21818181818181817,14,110,29,0.3519440293312073,0.10125892852334761,0.06640253471614027,0.07996920738888834,0.06514704843777899
rbv2_xgboost_31,14,logei,native,fixed_p020,31,uniform,nan,110,21,21.999999999999954,0.19090909090909092,2,103,32,0.4851837456226349,0.04879112355559807,0.029688864471510507,0.036733455833626465,0.01853942512015925
rbv2_xgboost_31,14,logei,native,fixed_p020,32,uniform,nan,110,26,21.999999999999954,0.23636363636363636,4,109,40,0.48573821783065796,0.06709526921402216,0.042949444818920754,0.053277160267167285,0.029797638124676704
rbv2_xgboost_31,14,logei,native,fixed_p020,33,uniform,nan,110,21,21.999999999999954,0.19090909090909092,1,105,33,0.4853588342666626,0.0351198651522931,0.02056899403975403,0.025516986985655597,0.021561329481847753
rbv2_xgboost_31,14,logei,native,fixed_p020,34,uniform,nan,110,18,21.999999999999954,0.16363636363636364,4,110,31,0.4862551689147949,0.05622765995903741,0.033453108217280966,0.04165462660145084,0.02869264133693716
rbv2_xgboost_31,14,logei,native,fixed_p020,5,uniform,nan,110,14,21.999999999999954,0.12727272727272726,2,101,26,0.49402299523353577,0.036128138413109565,0.022299341539825136,0.02765983701606343,0.009159251963392494
rbv2_xgboost_31,14,logei,native,fixed_p020,6,uniform,nan,110,27,21.999999999999954,0.24545454545454545,9,110,37,0.49248430132865906,0.08687282705428373,0.05339115872330273,0.06593120181251992,0.042839704255633416
rbv2_xgboost_31,14,logei,native,fixed_p020,7,uniform,nan,110,28,21.999999999999954,0.2545454545454545,2,105,44,0.4852942228317261,0.04143569746621651,0.023961227653774536,0.0293845957399452,0.013803157173478632
rbv2_xgboost_31,14,logei,native,fixed_p020,8,uniform,nan,110,24,21.999999999999954,0.21818181818181817,5,108,42,0.4853275716304779,0.04269811793668832,0.027327155652438838,0.03365109635579189,0.023448650514642812
rbv2_xgboost_31,14,logei,native,fixed_p020,9,uniform,nan,110,20,21.999999999999954,0.18181818181818182,8,104,36,0.37779274582862854,0.07259292432470586,0.04681423744211147,0.05671275729410104,0.09252665813036681
rbv2_xgboost_31,14,logei,native,standard,10,none,nan,110,0,0.0,0.0,,,0,0.4463844895362854,0.046385466911268824,0.028316565768574754,0.03465161531863133,0.033673310623626204
rbv2_xgboost_31,14,logei,native,standard,11,none,nan,110,0,0.0,0.0,,,0,0.4894092082977295,0.04171196849366831,0.024578885093285804,0.03031143897696313,0.025176985505914455
rbv2_xgboost_31,14,logei,native,standard,12,none,nan,110,0,0.0,0.0,,,0,0.48811671137809753,0.0407420779709842,0.025894721294258558,0.03208902629033548,0.01716145516541493
rbv2_xgboost_31,14,logei,native,standard,13,none,nan,110,0,0.0,0.0,,,0,0.49402299523353577,0.037572616915849434,0.02513340368554487,0.03082426203685971,0.01876616875591938
rbv2_xgboost_31,14,logei,native,standard,14,none,nan,110,0,0.0,0.0,,,0,0.48582157492637634,0.06323740040846478,0.039481050130948825,0.04830871337226101,0.030338464158437446
rbv2_xgboost_31,14,logei,native,standard,15,none,nan,110,0,0.0,0.0,,,0,0.49402299523353577,0.13491410619342778,0.08532178790221437,0.10400081306953306,0.06526007333646748
rbv2_xgboost_31,14,logei,native,standard,16,none,nan,110,0,0.0,0.0,,,0,0.4853588342666626,0.06299328206067675,0.03776749113808216,0.04630651574699835,0.03081652140818645
rbv2_xgboost_31,14,logei,native,standard,17,none,nan,110,0,0.0,0.0,,,0,0.4852170944213867,0.039100485651067544,0.023793935492161505,0.02916135338961933,0.010054089936721829
rbv2_xgboost_31,14,logei,native,standard,18,none,nan,110,0,0.0,0.0,,,0,0.48582157492637634,0.11342177401257979,0.06254026110918087,0.07659680694453677,0.04543100121509722
rbv2_xgboost_31,14,logei,native,standard,19,none,nan,110,0,0.0,0.0,,,0,0.48675963282585144,0.03786646522400393,0.023839431481474167,0.029414206452403367,0.025245576181409712
rbv2_xgboost_31,14,logei,native,standard,20,none,nan,110,0,0.0,0.0,,,0,0.4851837456226349,0.03813114021984076,0.02450659136703255,0.030089353200691712,0.026566955101871594
rbv2_xgboost_31,14,logei,native,standard,21,none,nan,110,0,0.0,0.0,,,0,0.4853358864784241,0.05177806825855603,0.03243309248596068,0.039808071706789336,0.018355047939670785
rbv2_xgboost_31,14,logei,native,standard,22,none,nan,110,0,0.0,0.0,,,0,0.4853150546550751,0.08213478439114678,0.05158697518353616,0.06155841423421354,0.048110262871272014
rbv2_xgboost_31,14,logei,native,standard,23,none,nan,110,0,0.0,0.0,,,0,0.4863343834877014,0.15119957973665546,0.0912730222605439,0.11254120010392932,0.061595246120224566
rbv2_xgboost_31,14,logei,native,standard,24,none,nan,110,0,0.0,0.0,,,0,0.42278966307640076,0.1410091980839338,0.09815700165851747,0.11556417682066386,0.14578138548904732
rbv2_xgboost_31,14,logei,native,standard,25,none,nan,110,0,0.0,0.0,,,0,0.43237051367759705,0.09785659866750095,0.06213037870915111,0.07576020768151363,0.06354413271899782
rbv2_xgboost_31,14,logei,native,standard,26,none,nan,110,0,0.0,0.0,,,0,0.49402299523353577,0.03717195438630954,0.024707039636949372,0.03022146541336129,0.016458170267043142
rbv2_xgboost_31,14,logei,native,standard,27,none,nan,110,0,0.0,0.0,,,0,0.34590837359428406,0.06394362259244162,0.04109969297410089,0.048774157742862596,0.061866567762167805
rbv2_xgboost_31,14,logei,native,standard,28,none,nan,110,0,0.0,0.0,,,0,0.4852379262447357,0.040137409753779864,0.02554664559175882,0.03169417153531781,0.020841172893865462
rbv2_xgboost_31,14,logei,native,standard,29,none,nan,110,0,0.0,0.0,,,0,0.4852379262447357,0.04024169720465184,0.025424452966140973,0.03174964510298068,0.008866992851042385
rbv2_xgboost_31,14,logei,native,standard,30,none,nan,110,0,0.0,0.0,,,0,0.48635104298591614,0.03516042255412292,0.02272321279575018,0.02767826705229011,0.015553410707387897
rbv2_xgboost_31,14,logei,native,standard,31,none,nan,110,0,0.0,0.0,,,0,0.48517748713493347,0.041030736855673405,0.025659716010387777,0.03146984069795789,0.0159289004876709
rbv2_xgboost_31,14,logei,native,standard,32,none,nan,110,0,0.0,0.0,,,0,0.488389790058136,0.03979981444314529,0.02434683088478085,0.030023556130553016,0.017435140995583416
rbv2_xgboost_31,14,logei,native,standard,33,none,nan,110,0,0.0,0.0,,,0,0.48892971873283386,0.04071835276275766,0.025046858338100317,0.03079673408289158,0.02640112254574673
rbv2_xgboost_31,14,logei,native,standard,34,none,nan,110,0,0.0,0.0,,,0,0.5093052387237549,0.041948149892771874,0.02488084300214597,0.030737192455152794,0.008217387549150473
rbv2_xgboost_31,14,logei,native,standard,5,none,nan,110,0,0.0,0.0,,,0,0.4900325536727905,0.039155595179453245,0.025220300276788402,0.03130827526113859,0.021613878603265847
rbv2_xgboost_31,14,logei,native,standard,6,none,nan,110,0,0.0,0.0,,,0,0.49402299523353577,0.038003839444767755,0.02461322748442072,0.03030913880261969,0.011884863127658359
rbv2_xgboost_31,14,logei,native,standard,7,none,nan,110,0,0.0,0.0,,,0,0.4926239848136902,0.067138885612745,0.04085295859863605,0.05040737930028598,0.026721150545409956
rbv2_xgboost_31,14,logei,native,standard,8,none,nan,110,0,0.0,0.0,,,0,0.48635104298591614,0.03781434483558934,0.024155825423141625,0.029772752136260076,0.025867348177954677
rbv2_xgboost_31,14,logei,native,standard,9,none,nan,110,0,0.0,0.0,,,0,0.4609311819076538,0.12084551264396218,0.07977543744676978,0.09552353568036144,0.09257313123861617
rbv2_xgboost_31,14,mes_gumbel,native,decay_uniform_a1,10,uniform,1.0,110,8,11.038210523733882,0.07272727272727272,1,79,13,0.4432718753814697,0.03417719575251283,0.021464844136399177,0.026282926601218018,0.03246451287952546
rbv2_xgboost_31,14,mes_gumbel,native,decay_uniform_a1,11,uniform,1.0,110,15,11.038210523733882,0.13636363636363635,5,101,26,0.4852254092693329,0.035387536675149316,0.02090688658149672,0.025654222414639216,0.02208530209519137
rbv2_xgboost_31,14,mes_gumbel,native,decay_uniform_a1,12,uniform,1.0,110,18,11.038210523733882,0.16363636363636364,2,106,26,0.3608592748641968,0.05941491775585122,0.03904086283128819,0.04713915117685929,0.07017676143430412
rbv2_xgboost_31,14,mes_gumbel,native,decay_uniform_a1,13,uniform,1.0,110,9,11.038210523733882,0.08181818181818182,1,110,12,0.4751109778881073,0.03521946811382407,0.022346756248114805,0.027391031539577358,0.02605666795360255
rbv2_xgboost_31,14,mes_gumbel,native,decay_uniform_a1,14,uniform,1.0,110,8,11.038210523733882,0.07272727272727272,4,89,14,0.3249070942401886,0.0933550357515046,0.06086702001430069,0.07205721429750055,0.005789936825387553
rbv2_xgboost_31,14,mes_gumbel,native,decay_uniform_a1,15,uniform,1.0,110,9,11.038210523733882,0.08181818181818182,1,96,17,0.3464440107345581,0.08610679371919004,0.05689933144839926,0.06872497088205504,0.007948018496665186
rbv2_xgboost_31,14,mes_gumbel,native,decay_uniform_a1,16,uniform,1.0,110,15,11.038210523733882,0.13636363636363635,3,96,26,0.4870744049549103,0.1334521019665463,0.07974688128319406,0.09620401997177956,0.16917643511937355
rbv2_xgboost_31,14,mes_gumbel,native,decay_uniform_a1,17,uniform,1.0,110,16,11.038210523733882,0.14545454545454545,1,97,25,0.4852170944213867,0.045222968828972435,0.02672482360313805,0.0327521818704651,0.028955131462151635
rbv2_xgboost_31,14,mes_gumbel,native,decay_uniform_a1,18,uniform,1.0,110,12,11.038210523733882,0.10909090909090909,1,107,21,0.48517748713493347,0.032831023429675144,0.02106665254448234,0.025929532334106015,0.01208018685223755
rbv2_xgboost_31,14,mes_gumbel,native,decay_uniform_a1,19,uniform,1.0,110,11,11.038210523733882,0.1,2,95,22,0.4890443682670593,0.07214405376344377,0.044432521029674286,0.05400473783979183,0.050466992204860645
rbv2_xgboost_31,14,mes_gumbel,native,decay_uniform_a1,20,uniform,1.0,110,10,11.038210523733882,0.09090909090909091,3,108,14,0.4852379262447357,0.03503295540644368,0.021537396716486093,0.026651843463434514,0.012273547974063418
rbv2_xgboost_31,14,mes_gumbel,native,decay_uniform_a1,21,uniform,1.0,110,18,11.038210523733882,0.16363636363636364,1,98,29,0.4927324056625366,0.0741253746682611,0.04618117667355269,0.055147408109050465,0.05781403853521324
rbv2_xgboost_31,14,mes_gumbel,native,decay_uniform_a1,22,uniform,1.0,110,6,11.038210523733882,0.05454545454545454,8,82,12,0.49402299523353577,0.11872630062506104,0.07209647256818248,0.08564201325902514,0.09356050409210037
rbv2_xgboost_31,14,mes_gumbel,native,decay_uniform_a1,23,uniform,1.0,110,14,11.038210523733882,0.12727272727272726,6,78,22,0.49402299523353577,0.11163484250766642,0.07147815362987286,0.08653053895257669,0.10483641030669526
rbv2_xgboost_31,14,mes_gumbel,native,decay_uniform_a1,24,uniform,1.0,110,9,11.038210523733882,0.08181818181818182,1,57,15,0.49402299523353577,0.03528431078650837,0.02123626251231058,0.02575217442835738,0.01970056420934841
rbv2_xgboost_31,14,mes_gumbel,native,decay_uniform_a1,25,uniform,1.0,110,16,11.038210523733882,0.14545454545454545,1,101,23,0.48841479420661926,0.05412274483348849,0.03391739735903035,0.04165085003813665,0.0387446039106803
rbv2_xgboost_31,14,mes_gumbel,native,decay_uniform_a1,26,uniform,1.0,110,8,11.038210523733882,0.07272727272727272,2,72,14,0.48525044322013855,0.03516702810223063,0.02193600779563545,0.02718772417731784,0.019250092060335414
rbv2_xgboost_31,14,mes_gumbel,native,decay_uniform_a1,27,uniform,1.0,110,11,11.038210523733882,0.1,2,80,16,0.3687422573566437,0.07566037906772027,0.05048561491562563,0.05995240580113768,0.09198520672944525
rbv2_xgboost_31,14,mes_gumbel,native,decay_uniform_a1,28,uniform,1.0,110,13,11.038210523733882,0.11818181818181818,1,87,19,0.4853838384151459,0.042141629917442296,0.02550020715223269,0.031587218411426865,0.027929643636675168
rbv2_xgboost_31,14,mes_gumbel,native,decay_uniform_a1,29,uniform,1.0,110,9,11.038210523733882,0.08181818181818182,2,106,14,0.4852942228317261,0.07059740324088853,0.044672915885084444,0.054484175339724786,0.03488128397975155
rbv2_xgboost_31,14,mes_gumbel,native,decay_uniform_a1,30,uniform,1.0,110,9,11.038210523733882,0.08181818181818182,1,87,15,0.4738544523715973,0.036026685249300854,0.022050740949127935,0.02711913485993263,0.02897083763241432
rbv2_xgboost_31,14,mes_gumbel,native,decay_uniform_a1,31,uniform,1.0,110,11,11.038210523733882,0.1,2,81,20,0.4859570860862732,0.06668487210348706,0.04081619144455757,0.0488639408503419,0.04800384396568942
rbv2_xgboost_31,14,mes_gumbel,native,decay_uniform_a1,32,uniform,1.0,110,11,11.038210523733882,0.1,2,86,22,0.4851795732975006,0.0333541013767197,0.021366412660621722,0.026677532124145278,0.017015377303379573
rbv2_xgboost_31,14,mes_gumbel,native,decay_uniform_a1,33,uniform,1.0,110,10,11.038210523733882,0.09090909090909091,1,99,13,0.4914981424808502,0.03557292892667604,0.022469153894753714,0.027788934912575537,0.025805606585552608
rbv2_xgboost_31,14,mes_gumbel,native,decay_uniform_a1,34,uniform,1.0,110,9,11.038210523733882,0.08181818181818182,2,62,18,0.5088630318641663,0.03794888978930617,0.022600233717255166,0.028449188204586556,0.016633675579918832
rbv2_xgboost_31,14,mes_gumbel,native,decay_uniform_a1,5,uniform,1.0,110,10,11.038210523733882,0.09090909090909091,1,95,17,0.49402299523353577,0.03542525805897452,0.022179608270386827,0.02738730824365915,0.02035090804273659
rbv2_xgboost_31,14,mes_gumbel,native,decay_uniform_a1,6,uniform,1.0,110,14,11.038210523733882,0.12727272727272726,5,110,25,0.4853630065917969,0.17154479439653833,0.11279416302772641,0.13531900240024589,0.11385618223543968
rbv2_xgboost_31,14,mes_gumbel,native,decay_uniform_a1,7,uniform,1.0,110,14,11.038210523733882,0.12727272727272726,2,103,20,0.3213904798030853,0.10865509599702247,0.07158157391373907,0.08504961527895619,0.1087418561656332
rbv2_xgboost_31,14,mes_gumbel,native,decay_uniform_a1,8,uniform,1.0,110,9,11.038210523733882,0.08181818181818182,5,108,16,0.4854901432991028,0.03363113153340597,0.021649751366220327,0.02670367003483545,0.02660831860599708
rbv2_xgboost_31,14,mes_gumbel,native,decay_uniform_a1,9,uniform,1.0,110,10,11.038210523733882,0.09090909090909091,1,86,17,0.33920958638191223,0.07991183264901978,0.05276524673393654,0.06326074106658663,0.007683351926076129
rbv2_xgboost_31,14,mes_gumbel,native,decay_uniform_grid_a1_2,10,uniform,0.5,110,65,61.23939808169744,0.5909090909090909,1,108,53,0.4922049343585968,0.056185173856089635,0.03385322245292642,0.04127999980200126,0.05286288954805769
rbv2_xgboost_31,14,mes_gumbel,native,decay_uniform_grid_a1_2,11,uniform,0.5,110,69,61.23939808169744,0.6272727272727273,2,110,45,0.4862906038761139,0.05554705491521584,0.030185032736773774,0.03714984482538021,0.03949998089982579
rbv2_xgboost_31,14,mes_gumbel,native,decay_uniform_grid_a1_2,12,uniform,0.5,110,66,61.23939808169744,0.6,1,108,41,0.49402299523353577,0.1055869679990657,0.062018656400910366,0.07530121108689135,0.10933847364703796
rbv2_xgboost_31,14,mes_gumbel,native,decay_uniform_grid_a1_2,13,uniform,0.5,110,62,61.23939808169744,0.5636363636363636,1,110,54,0.40761223435401917,0.07162904455722181,0.045518926149211034,0.05564454615180684,0.045774563649147636
rbv2_xgboost_31,14,mes_gumbel,native,decay_uniform_grid_a1_2,14,uniform,0.5,110,59,61.23939808169744,0.5363636363636364,2,109,50,0.3253656327724457,0.10050731608948076,0.06135490312742534,0.07489668478323645,0.10021247074694778
rbv2_xgboost_31,14,mes_gumbel,native,decay_uniform_grid_a1_2,15,uniform,0.5,110,59,61.23939808169744,0.5363636363636364,1,107,61,0.4894842505455017,0.051446308875066245,0.03137572762644411,0.03853379844264621,0.051850125222949815
rbv2_xgboost_31,14,mes_gumbel,native,decay_uniform_grid_a1_2,16,uniform,0.5,110,59,61.23939808169744,0.5363636363636364,3,109,54,0.488829642534256,0.0651036635853864,0.03916073996284175,0.04774604494729385,0.06867092331524807
rbv2_xgboost_31,14,mes_gumbel,native,decay_uniform_grid_a1_2,17,uniform,0.5,110,68,61.23939808169744,0.6181818181818182,1,109,51,0.4881771504878998,0.09260940123943663,0.05841129652649441,0.07170243941547964,0.08905156196211507
rbv2_xgboost_31,14,mes_gumbel,native,decay_uniform_grid_a1_2,18,uniform,0.5,110,66,61.23939808169744,0.6,1,109,63,0.5013129115104675,0.275917360811234,0.178689542127018,0.21113283278162523,0.3591904217555969
rbv2_xgboost_31,14,mes_gumbel,native,decay_uniform_grid_a1_2,19,uniform,0.5,110,52,61.23939808169744,0.4727272727272727,2,110,47,0.48622390627861023,0.09990277857458846,0.06269505758464156,0.0752609990117935,0.05718462396059643
rbv2_xgboost_31,14,mes_gumbel,native,decay_uniform_grid_a1_2,20,uniform,0.5,110,56,61.23939808169744,0.509090909090909,3,109,62,0.48539844155311584,0.0788377205831609,0.049508915302383334,0.05989580032838702,0.08569968171764948
rbv2_xgboost_31,14,mes_gumbel,native,decay_uniform_grid_a1_2,21,uniform,0.5,110,62,61.23939808169744,0.5636363636363636,1,110,56,0.43341323733329773,0.14281855018360493,0.094079682965307,0.11324063674767236,0.09979226644409177
rbv2_xgboost_31,14,mes_gumbel,native,decay_uniform_grid_a1_2,22,uniform,0.5,110,55,61.23939808169744,0.5,1,108,61,0.48814380168914795,0.042453968960168224,0.025265624161307017,0.03161077078063109,0.028921809590228293
rbv2_xgboost_31,14,mes_gumbel,native,decay_uniform_grid_a1_2,23,uniform,0.5,110,73,61.23939808169744,0.6636363636363637,2,108,52,0.4954908788204193,0.6266289708459211,0.46944766056122705,0.5350153097789571,0.7628311520072141
rbv2_xgboost_31,14,mes_gumbel,native,decay_uniform_grid_a1_2,24,uniform,0.5,110,59,61.23939808169744,0.5363636363636364,1,110,50,0.48629269003868103,0.045602649906688046,0.024879118094066194,0.030587301156788614,0.027607451441569123
rbv2_xgboost_31,14,mes_gumbel,native,decay_uniform_grid_a1_2,25,uniform,0.5,110,53,61.23939808169744,0.4818181818181818,1,109,57,0.4418582618236542,0.1150713078183293,0.06681796935901038,0.08156427345665135,0.04182277211801212
rbv2_xgboost_31,14,mes_gumbel,native,decay_uniform_grid_a1_2,26,uniform,0.5,110,61,61.23939808169744,0.5545454545454546,2,110,47,0.4871536195278168,0.040888550630938526,0.02500922720957868,0.031041454754956517,0.022943388535027
rbv2_xgboost_31,14,mes_gumbel,native,decay_uniform_grid_a1_2,27,uniform,0.5,110,58,61.23939808169744,0.5272727272727272,2,109,50,0.48662203550338745,0.07110464015247982,0.045470960898274584,0.05523670049950476,0.08172703765382566
rbv2_xgboost_31,14,mes_gumbel,native,decay_uniform_grid_a1_2,28,uniform,0.5,110,61,61.23939808169744,0.5545454545454546,1,110,50,0.44614505767822266,0.13327970272546047,0.07660433560829523,0.0937847487867768,0.09032878508918159
rbv2_xgboost_31,14,mes_gumbel,native,decay_uniform_grid_a1_2,29,uniform,0.5,110,54,61.23939808169744,0.4909090909090909,2,106,48,0.49402299523353577,0.08512223955833818,0.05264912709606638,0.06377428443558064,0.10587900009937656
rbv2_xgboost_31,14,mes_gumbel,native,decay_uniform_grid_a1_2,30,uniform,0.5,110,63,61.23939808169744,0.5727272727272728,1,110,54,0.49072885513305664,0.049877278747126774,0.03096274094721836,0.03745433529964537,0.03631577307493097
rbv2_xgboost_31,14,mes_gumbel,native,decay_uniform_grid_a1_2,31,uniform,0.5,110,53,61.23939808169744,0.4818181818181818,2,110,53,0.49402299523353577,0.21769804252835834,0.14112473595972944,0.16716708762291654,0.1614061785885323
rbv2_xgboost_31,14,mes_gumbel,native,decay_uniform_grid_a1_2,32,uniform,0.5,110,61,61.23939808169744,0.5545454545454546,2,109,54,0.4928491711616516,0.08226907057271964,0.05035513325939184,0.06151978764250718,0.048238129028516534
rbv2_xgboost_31,14,mes_gumbel,native,decay_uniform_grid_a1_2,33,uniform,0.5,110,52,61.23939808169744,0.4727272727272727,1,105,51,0.4803418517112732,0.15472513402105834,0.09625801753472493,0.11750272382914666,0.02587651526006536
rbv2_xgboost_31,14,mes_gumbel,native,decay_uniform_grid_a1_2,34,uniform,0.5,110,58,61.23939808169744,0.5272727272727272,2,110,69,0.49402299523353577,0.07151204916763117,0.04699024849063826,0.057205729883822026,0.04148903126009551
rbv2_xgboost_31,14,mes_gumbel,native,decay_uniform_grid_a1_2,5,uniform,0.5,110,59,61.23939808169744,0.5363636363636364,1,109,57,0.48747047781944275,0.10911210301283958,0.0678197510497413,0.08234485302030743,0.08002323802552228
rbv2_xgboost_31,14,mes_gumbel,native,decay_uniform_grid_a1_2,6,uniform,0.5,110,59,61.23939808169744,0.5363636363636364,2,110,55,0.49402299523353577,0.1188853273871963,0.07272042028441897,0.08886074708065625,0.06593310513749921
rbv2_xgboost_31,14,mes_gumbel,native,decay_uniform_grid_a1_2,7,uniform,0.5,110,65,61.23939808169744,0.5909090909090909,1,108,59,0.49402299523353577,0.09213528131886467,0.05088057167209728,0.06218517745531509,0.10604194327596164
rbv2_xgboost_31,14,mes_gumbel,native,decay_uniform_grid_a1_2,8,uniform,0.5,110,65,61.23939808169744,0.5909090909090909,1,110,56,0.439268559217453,0.05780055570339336,0.03400213700254441,0.041891589125821437,0.03415607449108128
rbv2_xgboost_31,14,mes_gumbel,native,decay_uniform_grid_a1_2,9,uniform,0.5,110,55,61.23939808169744,0.5,1,106,57,0.4819112718105316,0.11181325351223935,0.07104824990858707,0.08731340392195781,0.1092491075188147
rbv2_xgboost_31,14,mes_gumbel,native,fixed_p020,10,uniform,nan,110,26,21.999999999999954,0.23636363636363636,1,108,41,0.46265801787376404,0.05725259890472423,0.037049654454698565,0.04462411591294181,0.04821958561595381
rbv2_xgboost_31,14,mes_gumbel,native,fixed_p020,11,uniform,nan,110,29,21.999999999999954,0.2636363636363636,11,109,42,0.48587578535079956,0.03933504398583778,0.022049666762179253,0.026765588681062605,0.018789058164712255
rbv2_xgboost_31,14,mes_gumbel,native,fixed_p020,12,uniform,nan,110,32,21.999999999999954,0.2909090909090909,6,108,44,0.49402299523353577,0.4874901450436528,0.33088653015112046,0.37993230424281765,0.5738862174704363
rbv2_xgboost_31,14,mes_gumbel,native,fixed_p020,13,uniform,nan,110,27,21.999999999999954,0.24545454545454545,1,110,36,0.337978720664978,0.09136066262296597,0.05804461324618842,0.07128976093250235,0.05354718243331511
rbv2_xgboost_31,14,mes_gumbel,native,fixed_p020,14,uniform,nan,110,23,21.999999999999954,0.20909090909090908,4,108,42,0.3900737464427948,0.06773507334955325,0.03912742281473773,0.04735030753692374,0.009889922468782992
rbv2_xgboost_31,14,mes_gumbel,native,fixed_p020,15,uniform,nan,110,18,21.999999999999954,0.16363636363636364,1,96,27,0.4853358864784241,0.034621740162062736,0.022138558468197126,0.02706158238611799,0.01898174106194837
rbv2_xgboost_31,14,mes_gumbel,native,fixed_p020,16,uniform,nan,110,26,21.999999999999954,0.23636363636363636,3,104,34,0.4860216975212097,0.03394833905706543,0.019488994050693827,0.023978865312490154,0.011053010181551068
rbv2_xgboost_31,14,mes_gumbel,native,fixed_p020,17,uniform,nan,110,31,21.999999999999954,0.2818181818181818,2,109,52,0.48587578535079956,0.040557168849382666,0.024567966667526347,0.03025641449555834,0.022772546099290837
rbv2_xgboost_31,14,mes_gumbel,native,fixed_p020,18,uniform,nan,110,30,21.999999999999954,0.2727272727272727,4,108,48,0.48778942227363586,0.03966247922752276,0.025307020967499858,0.030885645819671455,0.03754802515084573
rbv2_xgboost_31,14,mes_gumbel,native,fixed_p020,19,uniform,nan,110,19,21.999999999999954,0.17272727272727273,9,109,30,0.4934079349040985,0.03168333780518295,0.019837323929267132,0.024412658675445665,0.01987833854231452
rbv2_xgboost_31,14,mes_gumbel,native,fixed_p020,20,uniform,nan,110,16,21.999999999999954,0.14545454545454545,3,108,28,0.4852942228317261,0.03341361687170456,0.021370482280039023,0.026451801849827615,0.014066656580229892
rbv2_xgboost_31,14,mes_gumbel,native,fixed_p020,21,uniform,nan,110,30,21.999999999999954,0.2727272727272727,15,109,38,0.37572938203811646,0.058519376341171964,0.03373514640938373,0.0412009648887234,0.04498360717701585
rbv2_xgboost_31,14,mes_gumbel,native,fixed_p020,22,uniform,nan,110,18,21.999999999999954,0.16363636363636364,14,103,32,0.4853275716304779,0.07826014517956863,0.04896022032603959,0.059275679533402494,0.08029961126422544
rbv2_xgboost_31,14,mes_gumbel,native,fixed_p020,23,uniform,nan,110,26,21.999999999999954,0.23636363636363636,6,108,36,0.4505302608013153,0.062008653070201196,0.039848547778555635,0.04888797086963275,0.06380493147941813
rbv2_xgboost_31,14,mes_gumbel,native,fixed_p020,24,uniform,nan,110,24,21.999999999999954,0.21818181818181817,4,106,38,0.49402299523353577,0.07564177079190897,0.046599777788741484,0.05653379822673481,0.06652400241760033
rbv2_xgboost_31,14,mes_gumbel,native,fixed_p020,25,uniform,nan,110,22,21.999999999999954,0.2,1,109,33,0.48582157492637634,0.05575525800454799,0.03607022001038021,0.043762964396694415,0.027761799540756308
rbv2_xgboost_31,14,mes_gumbel,native,fixed_p020,26,uniform,nan,110,22,21.999999999999954,0.2,2,110,31,0.4866991639137268,0.03030363452470506,0.019613221276856163,0.024141687088372752,0.015735758774630706
rbv2_xgboost_31,14,mes_gumbel,native,fixed_p020,27,uniform,nan,110,16,21.999999999999954,0.14545454545454545,6,98,26,0.3551543354988098,0.057720659087841686,0.03599929131345113,0.04410843717724258,0.034812690438165615
rbv2_xgboost_31,14,mes_gumbel,native,fixed_p020,28,uniform,nan,110,19,21.999999999999954,0.17272727272727273,5,110,31,0.42198652029037476,0.051087853572286915,0.03009472406481588,0.03694482270415508,0.027902501630427335
rbv2_xgboost_31,14,mes_gumbel,native,fixed_p020,29,uniform,nan,110,24,21.999999999999954,0.21818181818181817,2,106,34,0.4889255464076996,0.0740595246762588,0.04776403028385362,0.05735108987229465,0.07850197242797613
rbv2_xgboost_31,14,mes_gumbel,native,fixed_p020,30,uniform,nan,110,24,21.999999999999954,0.21818181818181817,14,110,29,0.4859716594219208,0.04138536850681251,0.026345613648001635,0.03191036450505829,0.031425089745012534
rbv2_xgboost_31,14,mes_gumbel,native,fixed_p020,31,uniform,nan,110,21,21.999999999999954,0.19090909090909092,2,103,32,0.485206663608551,0.06746955078900171,0.04271975267885028,0.05122886255629367,0.06090271306899167
rbv2_xgboost_31,14,mes_gumbel,native,fixed_p020,32,uniform,nan,110,26,21.999999999999954,0.23636363636363636,4,109,40,0.4855380952358246,0.06670108696663146,0.04318096660253608,0.05309631691533104,0.0637899361366652
rbv2_xgboost_31,14,mes_gumbel,native,fixed_p020,33,uniform,nan,110,21,21.999999999999954,0.19090909090909092,1,105,33,0.49078723788261414,0.03444200918955173,0.020642331224126457,0.02558698794514297,0.01961864598590212
rbv2_xgboost_31,14,mes_gumbel,native,fixed_p020,34,uniform,nan,110,18,21.999999999999954,0.16363636363636364,4,110,31,0.5083832740783691,0.03574375782147758,0.020525505336789894,0.02527750347350573,0.018779652569644208
rbv2_xgboost_31,14,mes_gumbel,native,fixed_p020,5,uniform,nan,110,14,21.999999999999954,0.12727272727272726,2,101,26,0.49402299523353577,0.03467503279980256,0.021622049543699666,0.02701396623866871,0.026572159475001564
rbv2_xgboost_31,14,mes_gumbel,native,fixed_p020,6,uniform,nan,110,27,21.999999999999954,0.24545454545454545,9,110,37,0.4921298623085022,0.0796763521231644,0.048665989870213165,0.059435629456421134,0.039720648332748396
rbv2_xgboost_31,14,mes_gumbel,native,fixed_p020,7,uniform,nan,110,28,21.999999999999954,0.2545454545454545,2,105,44,0.4890527129173279,0.04535674609249013,0.028014238516471945,0.03391831966711985,0.03362750341617268
rbv2_xgboost_31,14,mes_gumbel,native,fixed_p020,8,uniform,nan,110,24,21.999999999999954,0.21818181818181817,5,108,42,0.3767620921134949,0.05841042048772303,0.03442291363414398,0.04176169413345585,0.03833905771947442
rbv2_xgboost_31,14,mes_gumbel,native,fixed_p020,9,uniform,nan,110,20,21.999999999999954,0.18181818181818182,8,104,36,0.48977819085121155,0.04075347477343801,0.025816252689165417,0.03179332597276719,0.01873360549095711
rbv2_xgboost_31,14,mes_gumbel,native,standard,10,none,nan,110,0,0.0,0.0,,,0,0.49402299523353577,0.04266890535877968,0.025488168899976408,0.03166613302675232,0.021105917285929893
rbv2_xgboost_31,14,mes_gumbel,native,standard,11,none,nan,110,0,0.0,0.0,,,0,0.4871077537536621,0.04000380265088435,0.024786833142402553,0.03020552923971912,0.02062378775566085
rbv2_xgboost_31,14,mes_gumbel,native,standard,12,none,nan,110,0,0.0,0.0,,,0,0.49402299523353577,0.5660669724017996,0.4032760495741007,0.4597705168413408,0.6069859165648305
rbv2_xgboost_31,14,mes_gumbel,native,standard,13,none,nan,110,0,0.0,0.0,,,0,0.490545392036438,0.03623311217968913,0.023158347775781934,0.02828331008037629,0.012008146847466832
rbv2_xgboost_31,14,mes_gumbel,native,standard,14,none,nan,110,0,0.0,0.0,,,0,0.4852170944213867,0.045614159107184256,0.02864873970458333,0.03513182705764059,0.015686701731597988
rbv2_xgboost_31,14,mes_gumbel,native,standard,15,none,nan,110,0,0.0,0.0,,,0,0.49402299523353577,0.12101725750444976,0.07751086396237404,0.09380355271258152,0.11874999226710868
rbv2_xgboost_31,14,mes_gumbel,native,standard,16,none,nan,110,0,0.0,0.0,,,0,0.49402299523353577,0.03933913980784139,0.02467089819669382,0.030286063538911723,0.03154108782159243
rbv2_xgboost_31,14,mes_gumbel,native,standard,17,none,nan,110,0,0.0,0.0,,,0,0.4854901432991028,0.03841546753009146,0.023052688928202995,0.028172954365954257,0.013463058020738671
rbv2_xgboost_31,14,mes_gumbel,native,standard,18,none,nan,110,0,0.0,0.0,,,0,0.48606130480766296,0.041784617639308706,0.023878132072635477,0.029358416535434025,0.023294365217521804
rbv2_xgboost_31,14,mes_gumbel,native,standard,19,none,nan,110,0,0.0,0.0,,,0,0.49402299523353577,0.03822333981926069,0.024415947430903275,0.029909167842454818,0.02437577809846625
rbv2_xgboost_31,14,mes_gumbel,native,standard,20,none,nan,110,0,0.0,0.0,,,0,0.48519206047058105,0.03567883597443944,0.02366135634698935,0.029189611802979104,0.019216853059292556
rbv2_xgboost_31,14,mes_gumbel,native,standard,21,none,nan,110,0,0.0,0.0,,,0,0.48839813470840454,0.03933207405156825,0.023498163080881564,0.028667878315118613,0.029866982060053875
rbv2_xgboost_31,14,mes_gumbel,native,standard,22,none,nan,110,0,0.0,0.0,,,0,0.48758095502853394,0.03849577647219698,0.024099258933255513,0.029643322471387356,0.021239471578351873
rbv2_xgboost_31,14,mes_gumbel,native,standard,23,none,nan,110,0,0.0,0.0,,,0,0.49402299523353577,0.17188696470463877,0.11718512113718314,0.1369918722708598,0.16648916166617314
rbv2_xgboost_31,14,mes_gumbel,native,standard,24,none,nan,110,0,0.0,0.0,,,0,0.4859570860862732,0.03669016420398868,0.02305516168375653,0.0277216181568286,0.031166926521724654
rbv2_xgboost_31,14,mes_gumbel,native,standard,25,none,nan,110,0,0.0,0.0,,,0,0.3180941343307495,0.08026049078707999,0.04912365561357273,0.05954674990915883,0.006446888267715822
rbv2_xgboost_31,14,mes_gumbel,native,standard,26,none,nan,110,0,0.0,0.0,,,0,0.48517748713493347,0.036187349303932324,0.024379203361752783,0.030037139706533197,0.016129861700918166
rbv2_xgboost_31,14,mes_gumbel,native,standard,27,none,nan,110,0,0.0,0.0,,,0,0.48517748713493347,0.03857117859163943,0.024178004186447017,0.029726546832286083,0.017280178931778627
rbv2_xgboost_31,14,mes_gumbel,native,standard,28,none,nan,110,0,0.0,0.0,,,0,0.4871536195278168,0.03995006612086467,0.024813040708102876,0.03041649993727859,0.013573322229833765
rbv2_xgboost_31,14,mes_gumbel,native,standard,29,none,nan,110,0,0.0,0.0,,,0,0.48517748713493347,0.04035301031820919,0.025117442291895685,0.031314667849934585,0.026019654443143133
rbv2_xgboost_31,14,mes_gumbel,native,standard,30,none,nan,110,0,0.0,0.0,,,0,0.4892862141132355,0.037469511456927694,0.02414168892738848,0.029667490119452244,0.01777658455426515
rbv2_xgboost_31,14,mes_gumbel,native,standard,31,none,nan,110,0,0.0,0.0,,,0,0.49402299523353577,0.10225072678430064,0.06566263072359399,0.07875530358558776,0.09442402180636397
rbv2_xgboost_31,14,mes_gumbel,native,standard,32,none,nan,110,0,0.0,0.0,,,0,0.48517748713493347,0.040550302588433215,0.02424965723228792,0.02992134010008103,0.022170035240136998
rbv2_xgboost_31,14,mes_gumbel,native,standard,33,none,nan,110,0,0.0,0.0,,,0,0.49402299523353577,0.03847873775816868,0.024665760206216476,0.030106214163325054,0.02306010062582792
rbv2_xgboost_31,14,mes_gumbel,native,standard,34,none,nan,110,0,0.0,0.0,,,0,0.49402299523353577,0.1221048112771837,0.07891634557189957,0.09406844496560404,0.10113351773025835
rbv2_xgboost_31,14,mes_gumbel,native,standard,5,none,nan,110,0,0.0,0.0,,,0,0.49402299523353577,0.0390882576671286,0.02467700409068218,0.03038782004052586,0.03749061422533495
rbv2_xgboost_31,14,mes_gumbel,native,standard,6,none,nan,110,0,0.0,0.0,,,0,0.4887191653251648,0.0371683392271537,0.023788570363254814,0.029139539443910494,0.026336267679285746
rbv2_xgboost_31,14,mes_gumbel,native,standard,7,none,nan,110,0,0.0,0.0,,,0,0.4878561198711395,0.040562922542694835,0.024760530720972007,0.030747743314067863,0.01645408220404616
rbv2_xgboost_31,14,mes_gumbel,native,standard,8,none,nan,110,0,0.0,0.0,,,0,0.48635104298591614,0.03818356600002211,0.024420710933016947,0.030205266642988195,0.01692141132363108
rbv2_xgboost_31,14,mes_gumbel,native,standard,9,none,nan,110,0,0.0,0.0,,,0,0.38194897770881653,0.10548404965709073,0.06474722941695339,0.07737453549460861,0.11421193848076085
rbv2_xgboost_31,14,ts,logarithmic,decay_uniform_a1,10,uniform,1.0,110,8,11.038210523733882,0.07272727272727272,1,79,13,0.5010126233100891,0.05342797900672763,0.032871987186801746,0.04060947667631331,0.03746590127161873
rbv2_xgboost_31,14,ts,logarithmic,decay_uniform_a1,11,uniform,1.0,110,15,11.038210523733882,0.13636363636363635,5,101,26,0.49200060963630676,0.07187793158752073,0.041013024211696086,0.05010462269748833,0.048168408711440694
rbv2_xgboost_31,14,ts,logarithmic,decay_uniform_a1,12,uniform,1.0,110,18,11.038210523733882,0.16363636363636364,2,106,26,0.49741336703300476,0.07292943374640119,0.045339218458448814,0.054914779814146865,0.054527820851247084
rbv2_xgboost_31,14,ts,logarithmic,decay_uniform_a1,13,uniform,1.0,110,9,11.038210523733882,0.08181818181818182,1,110,12,0.49755099415779114,0.042896170432210785,0.02734981574930913,0.03419131579799305,0.029285992478980963
rbv2_xgboost_31,14,ts,logarithmic,decay_uniform_a1,14,uniform,1.0,110,8,11.038210523733882,0.07272727272727272,4,89,14,0.4889630675315857,0.0581758419874169,0.03396936205283098,0.04208017673899003,0.03493829190570244
rbv2_xgboost_31,14,ts,logarithmic,decay_uniform_a1,15,uniform,1.0,110,9,11.038210523733882,0.08181818181818182,1,96,17,0.4676724374294281,0.06312778020167076,0.035616292146036746,0.044463853923757866,0.047979588664470614
rbv2_xgboost_31,14,ts,logarithmic,decay_uniform_a1,16,uniform,1.0,110,15,11.038210523733882,0.13636363636363635,3,96,26,0.48391640186309814,0.058776856131542134,0.03445253889487565,0.04264523296363048,0.038407712178243666
rbv2_xgboost_31,14,ts,logarithmic,decay_uniform_a1,17,uniform,1.0,110,16,11.038210523733882,0.14545454545454545,1,97,25,0.4965876340866089,0.07219497019618547,0.04281935782610363,0.05202976038379935,0.04670860974238166
rbv2_xgboost_31,14,ts,logarithmic,decay_uniform_a1,18,uniform,1.0,110,12,11.038210523733882,0.10909090909090909,1,107,21,0.4954887926578522,0.06033911896159541,0.037522633600739236,0.046195873410018254,0.04270639950110199
rbv2_xgboost_31,14,ts,logarithmic,decay_uniform_a1,19,uniform,1.0,110,11,11.038210523733882,0.1,2,95,22,0.48428118228912354,0.04559622165524304,0.0276257487565401,0.03401233963192988,0.027862672746753584
rbv2_xgboost_31,14,ts,logarithmic,decay_uniform_a1,20,uniform,1.0,110,10,11.038210523733882,0.09090909090909091,3,108,14,0.4851733148097992,0.04966791264946115,0.030409662549769144,0.037580586639029696,0.0309445271835895
rbv2_xgboost_31,14,ts,logarithmic,decay_uniform_a1,21,uniform,1.0,110,18,11.038210523733882,0.16363636363636364,1,98,29,0.4930868446826935,0.09101577441356862,0.053739288852892565,0.06535785254170862,0.055234236311579914
rbv2_xgboost_31,14,ts,logarithmic,decay_uniform_a1,22,uniform,1.0,110,6,11.038210523733882,0.05454545454545454,8,82,12,0.49068090319633484,0.053071862519103265,0.028846033477072788,0.03575365868105691,0.029806074962612717
rbv2_xgboost_31,14,ts,logarithmic,decay_uniform_a1,23,uniform,1.0,110,14,11.038210523733882,0.12727272727272726,6,78,22,0.5024036169052124,0.07117327397773796,0.04389258223549148,0.053937220289244546,0.05043412754245961
rbv2_xgboost_31,14,ts,logarithmic,decay_uniform_a1,24,uniform,1.0,110,9,11.038210523733882,0.08181818181818182,1,57,15,0.5107946395874023,0.058179419318652024,0.034331429591335144,0.04199264891129627,0.04690851272737058
rbv2_xgboost_31,14,ts,logarithmic,decay_uniform_a1,25,uniform,1.0,110,16,11.038210523733882,0.14545454545454545,1,101,23,0.49843305349349976,0.05767863373226091,0.03307385950337122,0.041137025650557935,0.03246812460588835
rbv2_xgboost_31,14,ts,logarithmic,decay_uniform_a1,26,uniform,1.0,110,8,11.038210523733882,0.07272727272727272,2,72,14,0.48523375391960144,0.05218803259191248,0.03033884525642714,0.037629726931521425,0.0287304208613328
rbv2_xgboost_31,14,ts,logarithmic,decay_uniform_a1,27,uniform,1.0,110,11,11.038210523733882,0.1,2,80,16,0.488368958234787,0.07540300799588613,0.04536719006932884,0.055410102397826226,0.056038343976147896
rbv2_xgboost_31,14,ts,logarithmic,decay_uniform_a1,28,uniform,1.0,110,13,11.038210523733882,0.11818181818181818,1,87,19,0.4935413599014282,0.08125755514857551,0.04838714263642002,0.060510187036138016,0.07327087030408537
rbv2_xgboost_31,14,ts,logarithmic,decay_uniform_a1,29,uniform,1.0,110,9,11.038210523733882,0.08181818181818182,2,106,14,0.48996374011039734,0.06077853429492085,0.03495069195047889,0.04309574036457079,0.03583004980015362
rbv2_xgboost_31,14,ts,logarithmic,decay_uniform_a1,30,uniform,1.0,110,9,11.038210523733882,0.08181818181818182,1,87,15,0.4919484853744507,0.05559368207798339,0.03463300475567805,0.04269427866620663,0.03381682204188834
rbv2_xgboost_31,14,ts,logarithmic,decay_uniform_a1,31,uniform,1.0,110,11,11.038210523733882,0.1,2,81,20,0.49440455436706543,0.050845221160695855,0.03225567223582937,0.04027959120749722,0.033684106754466356
rbv2_xgboost_31,14,ts,logarithmic,decay_uniform_a1,32,uniform,1.0,110,11,11.038210523733882,0.1,2,86,22,0.49383118748664856,0.05670622356828591,0.03413123462227194,0.0423240750478919,0.03230681550877726
rbv2_xgboost_31,14,ts,logarithmic,decay_uniform_a1,33,uniform,1.0,110,10,11.038210523733882,0.09090909090909091,1,99,13,0.48916321992874146,0.048097800321142796,0.026321925553958903,0.03323306935978846,0.021765849873549216
rbv2_xgboost_31,14,ts,logarithmic,decay_uniform_a1,34,uniform,1.0,110,9,11.038210523733882,0.08181818181818182,2,62,18,0.4866845905780792,0.06971621300521232,0.04005761819022277,0.04968845039620171,0.04748781275976887
rbv2_xgboost_31,14,ts,logarithmic,decay_uniform_a1,5,uniform,1.0,110,10,11.038210523733882,0.09090909090909091,1,95,17,0.4942752718925476,0.055524063848321425,0.03450976825392238,0.04267171402525774,0.03478949553618499
rbv2_xgboost_31,14,ts,logarithmic,decay_uniform_a1,6,uniform,1.0,110,14,11.038210523733882,0.12727272727272726,5,110,25,0.5014839172363281,0.057423396148979414,0.033487550743775865,0.04182953967189382,0.032728431298818465
rbv2_xgboost_31,14,ts,logarithmic,decay_uniform_a1,7,uniform,1.0,110,14,11.038210523733882,0.12727272727272726,2,103,20,0.502149224281311,0.050655041513835215,0.031430349839664355,0.038865683130118005,0.03941521184221744
rbv2_xgboost_31,14,ts,logarithmic,decay_uniform_a1,8,uniform,1.0,110,9,11.038210523733882,0.08181818181818182,5,108,16,0.49047452211380005,0.07735903823081217,0.04636320843281982,0.056904195427242905,0.051441993967299475
rbv2_xgboost_31,14,ts,logarithmic,decay_uniform_a1,9,uniform,1.0,110,10,11.038210523733882,0.09090909090909091,1,86,17,0.49109578132629395,0.058934166218686156,0.03618957698500676,0.04479326635261809,0.02885390559132932
rbv2_xgboost_31,14,ts,logarithmic,decay_uniform_grid_a1_2,10,uniform,0.5,110,65,61.23939808169744,0.5909090909090909,1,108,53,0.5000783801078796,0.06063782961813585,0.03557366374648573,0.043911688263718246,0.037424799835079674
rbv2_xgboost_31,14,ts,logarithmic,decay_uniform_grid_a1_2,11,uniform,0.5,110,69,61.23939808169744,0.6272727272727273,2,110,45,0.49607470631599426,0.062278708491898954,0.0328293760394167,0.040568449305497196,0.04778998855745239
rbv2_xgboost_31,14,ts,logarithmic,decay_uniform_grid_a1_2,12,uniform,0.5,110,66,61.23939808169744,0.6,1,108,41,0.5031606554985046,0.06001001263152257,0.0346512660096351,0.042574272149508194,0.0582518898632458
rbv2_xgboost_31,14,ts,logarithmic,decay_uniform_grid_a1_2,13,uniform,0.5,110,62,61.23939808169744,0.5636363636363636,1,110,54,0.49380406737327576,0.0644474315693777,0.03735902862091839,0.046084050090793825,0.04068167842399799
rbv2_xgboost_31,14,ts,logarithmic,decay_uniform_grid_a1_2,14,uniform,0.5,110,59,61.23939808169744,0.5363636363636364,2,109,50,0.4574652314186096,0.08597586761034229,0.05006556780208369,0.06158927989305056,0.05312426340786042
rbv2_xgboost_31,14,ts,logarithmic,decay_uniform_grid_a1_2,15,uniform,0.5,110,59,61.23939808169744,0.5363636363636364,1,107,61,0.479149729013443,0.061817413265811846,0.037875152884102856,0.046454648394204365,0.04122671492443894
rbv2_xgboost_31,14,ts,logarithmic,decay_uniform_grid_a1_2,16,uniform,0.5,110,59,61.23939808169744,0.5363636363636364,3,109,54,0.49964043498039246,0.05624899860825891,0.03217538243917241,0.039877668636899434,0.03527232535890873
rbv2_xgboost_31,14,ts,logarithmic,decay_uniform_grid_a1_2,17,uniform,0.5,110,68,61.23939808169744,0.6181818181818182,1,109,51,0.5017946362495422,0.06829289491528989,0.039944140384077495,0.04895817776642374,0.048803935789501846
rbv2_xgboost_31,14,ts,logarithmic,decay_uniform_grid_a1_2,18,uniform,0.5,110,66,61.23939808169744,0.6,1,109,63,0.5113891363143921,0.0575251132539387,0.03268777062759941,0.040081560773982214,0.03632330587540756
rbv2_xgboost_31,14,ts,logarithmic,decay_uniform_grid_a1_2,19,uniform,0.5,110,52,61.23939808169744,0.4727272727272727,2,110,47,0.47663015127182007,0.0541507104357352,0.032456557865332025,0.03965464252003433,0.028743220575519073
rbv2_xgboost_31,14,ts,logarithmic,decay_uniform_grid_a1_2,20,uniform,0.5,110,56,61.23939808169744,0.509090909090909,3,109,62,0.5034297108650208,0.05375813359911688,0.0327924442110841,0.04042838992292021,0.031281719839566485
rbv2_xgboost_31,14,ts,logarithmic,decay_uniform_grid_a1_2,21,uniform,0.5,110,62,61.23939808169744,0.5636363636363636,1,110,56,0.5020908117294312,0.05318989521485396,0.03193886689121112,0.03930852961578857,0.030630660652797004
rbv2_xgboost_31,14,ts,logarithmic,decay_uniform_grid_a1_2,22,uniform,0.5,110,55,61.23939808169744,0.5,1,108,61,0.5002180933952332,0.05723679729967776,0.03311047486698203,0.041171544549480535,0.04057323462901988
rbv2_xgboost_31,14,ts,logarithmic,decay_uniform_grid_a1_2,23,uniform,0.5,110,73,61.23939808169744,0.6636363636363637,2,108,52,0.5068377256393433,0.0685615009022651,0.04085217307942762,0.05004015935555582,0.06387449542538542
rbv2_xgboost_31,14,ts,logarithmic,decay_uniform_grid_a1_2,24,uniform,0.5,110,59,61.23939808169744,0.5363636363636364,1,110,50,0.4933474659919739,0.05052153874302221,0.03070574420746329,0.037572363747243626,0.034028241529287725
rbv2_xgboost_31,14,ts,logarithmic,decay_uniform_grid_a1_2,25,uniform,0.5,110,53,61.23939808169744,0.4818181818181818,1,109,57,0.4999907910823822,0.06491889157000179,0.035613652383479896,0.043424419080339255,0.04306200720446778
rbv2_xgboost_31,14,ts,logarithmic,decay_uniform_grid_a1_2,26,uniform,0.5,110,61,61.23939808169744,0.5545454545454546,2,110,47,0.4966585338115692,0.051725149080557926,0.031225264532958326,0.03881387463042618,0.02686645038456043
rbv2_xgboost_31,14,ts,logarithmic,decay_uniform_grid_a1_2,27,uniform,0.5,110,58,61.23939808169744,0.5272727272727272,2,109,50,0.49878546595573425,0.055912675512647565,0.03394276535822684,0.04163048018644809,0.04448157702150326
rbv2_xgboost_31,14,ts,logarithmic,decay_uniform_grid_a1_2,28,uniform,0.5,110,61,61.23939808169744,0.5545454545454546,1,110,50,0.4951927065849304,0.12581008981720385,0.07646089480715018,0.0931890700080397,0.08397671246014236
rbv2_xgboost_31,14,ts,logarithmic,decay_uniform_grid_a1_2,29,uniform,0.5,110,54,61.23939808169744,0.4909090909090909,2,106,48,0.48990535736083984,0.059780294312823674,0.03444740621454426,0.042405919904946986,0.04639421693596588
rbv2_xgboost_31,14,ts,logarithmic,decay_uniform_grid_a1_2,30,uniform,0.5,110,63,61.23939808169744,0.5727272727272728,1,110,54,0.5024599432945251,0.06651869666714497,0.04001244073810639,0.049444109261418054,0.039742198258093435
rbv2_xgboost_31,14,ts,logarithmic,decay_uniform_grid_a1_2,31,uniform,0.5,110,53,61.23939808169744,0.4818181818181818,2,110,53,0.501911461353302,0.058717850624059056,0.03380358601728142,0.04172157241272906,0.03623362895146996
rbv2_xgboost_31,14,ts,logarithmic,decay_uniform_grid_a1_2,32,uniform,0.5,110,61,61.23939808169744,0.5545454545454546,2,109,54,0.5009479522705078,0.08007255602576194,0.04957433041250324,0.060823779966480626,0.051832376226784084
rbv2_xgboost_31,14,ts,logarithmic,decay_uniform_grid_a1_2,33,uniform,0.5,110,52,61.23939808169744,0.4727272727272727,1,105,51,0.4919610023498535,0.055265610618889564,0.03230847779879624,0.039777687475607934,0.032920566269838164
rbv2_xgboost_31,14,ts,logarithmic,decay_uniform_grid_a1_2,34,uniform,0.5,110,58,61.23939808169744,0.5272727272727272,2,110,69,0.5050439834594727,0.2968388367983475,0.19909097462180414,0.2371075242141469,0.17505911442854785
rbv2_xgboost_31,14,ts,logarithmic,decay_uniform_grid_a1_2,5,uniform,0.5,110,59,61.23939808169744,0.5363636363636364,1,109,57,0.48747047781944275,0.05982565690121219,0.03487480686880985,0.04298299763202171,0.04657086960763093
rbv2_xgboost_31,14,ts,logarithmic,decay_uniform_grid_a1_2,6,uniform,0.5,110,59,61.23939808169744,0.5363636363636364,2,110,55,0.49352678656578064,0.055638838722963734,0.032695698951039597,0.04061743715002966,0.028957303864236672
rbv2_xgboost_31,14,ts,logarithmic,decay_uniform_grid_a1_2,7,uniform,0.5,110,65,61.23939808169744,0.5909090909090909,1,108,59,0.4939979910850525,0.055574355153894264,0.030369947314425813,0.03746874778247253,0.03390798823887416
rbv2_xgboost_31,14,ts,logarithmic,decay_uniform_grid_a1_2,8,uniform,0.5,110,65,61.23939808169744,0.5909090909090909,1,110,56,0.5010647773742676,0.06440879632846014,0.03610829021038207,0.04466261091183797,0.03430740377018168
rbv2_xgboost_31,14,ts,logarithmic,decay_uniform_grid_a1_2,9,uniform,0.5,110,55,61.23939808169744,0.5,1,106,57,0.4854651391506195,0.07067294394213064,0.044874267033930854,0.05570414770763689,0.05342895015293846
rbv2_xgboost_31,14,ts,logarithmic,fixed_p020,10,uniform,nan,110,26,21.999999999999954,0.23636363636363636,1,108,41,0.48980531096458435,0.05747449786227403,0.03206327529886331,0.0396683562394009,0.02345668828918057
rbv2_xgboost_31,14,ts,logarithmic,fixed_p020,11,uniform,nan,110,29,21.999999999999954,0.2636363636363636,11,109,42,0.49607470631599426,0.07563612068670295,0.03860775637292399,0.047334720174312964,0.040541922968718454
rbv2_xgboost_31,14,ts,logarithmic,fixed_p020,12,uniform,nan,110,32,21.999999999999954,0.2909090909090909,6,108,44,0.5002368688583374,0.05760999188181986,0.03452624971566122,0.04221395881133898,0.037646935376188566
rbv2_xgboost_31,14,ts,logarithmic,fixed_p020,13,uniform,nan,110,27,21.999999999999954,0.24545454545454545,1,110,36,0.498664528131485,0.05675199700894402,0.03614118399560211,0.04430486913256686,0.035697539015590515
rbv2_xgboost_31,14,ts,logarithmic,fixed_p020,14,uniform,nan,110,23,21.999999999999954,0.20909090909090908,4,108,42,0.4574652314186096,0.06243959973025645,0.034293986337728954,0.04210440168609747,0.043102847681322
rbv2_xgboost_31,14,ts,logarithmic,fixed_p020,15,uniform,nan,110,18,21.999999999999954,0.16363636363636364,1,96,27,0.4676724374294281,0.04519477164759086,0.02557449786664738,0.03159947838887127,0.02998552976562913
rbv2_xgboost_31,14,ts,logarithmic,fixed_p020,16,uniform,nan,110,26,21.999999999999954,0.23636363636363636,3,104,34,0.5032753944396973,0.0660954454288141,0.034242581072300236,0.04223387053833572,0.033911793349031
rbv2_xgboost_31,14,ts,logarithmic,fixed_p020,17,uniform,nan,110,31,21.999999999999954,0.2818181818181818,2,109,52,0.4979180097579956,0.0580052551596773,0.03536130151009955,0.0430444317751807,0.04940045975035005
rbv2_xgboost_31,14,ts,logarithmic,fixed_p020,18,uniform,nan,110,30,21.999999999999954,0.2727272727272727,4,108,48,0.49354761838912964,0.05580658135447314,0.03490699626809918,0.043026222434791955,0.04336882111014469
rbv2_xgboost_31,14,ts,logarithmic,fixed_p020,19,uniform,nan,110,19,21.999999999999954,0.17272727272727273,9,109,30,0.4913063645362854,0.04681046913789444,0.02866045480528048,0.03536131798665764,0.0365346710781717
rbv2_xgboost_31,14,ts,logarithmic,fixed_p020,20,uniform,nan,110,16,21.999999999999954,0.14545454545454545,3,108,28,0.48809584975242615,0.05072689835044784,0.029894617943675234,0.03712127782952149,0.032084828322712526
rbv2_xgboost_31,14,ts,logarithmic,fixed_p020,21,uniform,nan,110,30,21.999999999999954,0.2727272727272727,15,109,38,0.5088964104652405,0.05232235678307492,0.030293447905122246,0.037363415285977024,0.029727857821811338
rbv2_xgboost_31,14,ts,logarithmic,fixed_p020,22,uniform,nan,110,18,21.999999999999954,0.16363636363636364,14,103,32,0.5044078826904297,0.08754458107529454,0.051583572981344736,0.06324677717783299,0.07094905934023416
rbv2_xgboost_31,14,ts,logarithmic,fixed_p020,23,uniform,nan,110,26,21.999999999999954,0.23636363636363636,6,108,36,0.5024036169052124,0.08257870712954711,0.049034485784998014,0.06026006428552795,0.055783842921229856
rbv2_xgboost_31,14,ts,logarithmic,fixed_p020,24,uniform,nan,110,24,21.999999999999954,0.21818181818181817,4,106,38,0.4912000298500061,0.051882787833237604,0.03179057204904114,0.0389975103321147,0.03372124191204621
rbv2_xgboost_31,14,ts,logarithmic,fixed_p020,25,uniform,nan,110,22,21.999999999999954,0.2,1,109,33,0.49843305349349976,0.06203905932180528,0.03557956006148186,0.04401318055151428,0.03410485254599989
rbv2_xgboost_31,14,ts,logarithmic,fixed_p020,26,uniform,nan,110,22,21.999999999999954,0.2,2,110,31,0.49462348222732544,0.06678731596076742,0.0396693571357285,0.04962391731812033,0.0315674623451267
rbv2_xgboost_31,14,ts,logarithmic,fixed_p020,27,uniform,nan,110,16,21.999999999999954,0.14545454545454545,6,98,26,0.49277618527412415,0.05727757938780251,0.03282477002844343,0.04054772707941866,0.04075388675951316
rbv2_xgboost_31,14,ts,logarithmic,fixed_p020,28,uniform,nan,110,19,21.999999999999954,0.17272727272727273,5,110,31,0.4899137020111084,0.05391660421179384,0.03238780825128096,0.03986993043033788,0.03266303140807436
rbv2_xgboost_31,14,ts,logarithmic,fixed_p020,29,uniform,nan,110,24,21.999999999999954,0.21818181818181817,2,106,34,0.5055278539657593,0.24415505743621646,0.15073586818927082,0.1794298649832781,0.19681533985763702
rbv2_xgboost_31,14,ts,logarithmic,fixed_p020,30,uniform,nan,110,24,21.999999999999954,0.21818181818181817,14,110,29,0.49052664637565613,0.05842582773001691,0.035712043346864814,0.04389953488223524,0.03478301477755925
rbv2_xgboost_31,14,ts,logarithmic,fixed_p020,31,uniform,nan,110,21,21.999999999999954,0.19090909090909092,2,103,32,0.5012670755386353,0.06504828657968305,0.03963048547531707,0.04929388899450563,0.03559425149121238
rbv2_xgboost_31,14,ts,logarithmic,fixed_p020,32,uniform,nan,110,26,21.999999999999954,0.23636363636363636,4,109,40,0.49612683057785034,0.07875849980933142,0.04961433161666698,0.060437759170506145,0.07328542044125627
rbv2_xgboost_31,14,ts,logarithmic,fixed_p020,33,uniform,nan,110,21,21.999999999999954,0.19090909090909092,1,105,33,0.48916321992874146,0.03219401758913334,0.017611301105877247,0.02209496470123352,0.013687284872344791
rbv2_xgboost_31,14,ts,logarithmic,fixed_p020,34,uniform,nan,110,18,21.999999999999954,0.16363636363636364,4,110,31,0.49366438388824463,0.06430701237440273,0.035768692926528955,0.044171841667691156,0.033341463980691724
rbv2_xgboost_31,14,ts,logarithmic,fixed_p020,5,uniform,nan,110,14,21.999999999999954,0.12727272727272726,2,101,26,0.49232375621795654,0.04439097258291383,0.025517196617540518,0.03185307318735634,0.024802448356712015
rbv2_xgboost_31,14,ts,logarithmic,fixed_p020,6,uniform,nan,110,27,21.999999999999954,0.24545454545454545,9,110,37,0.49289920926094055,0.07506342343683695,0.04545982299430948,0.05622171318211287,0.0368210570540242
rbv2_xgboost_31,14,ts,logarithmic,fixed_p020,7,uniform,nan,110,28,21.999999999999954,0.2545454545454545,2,105,44,0.4897865355014801,0.09623425400692169,0.05030601727798791,0.062376563233276186,0.053192901797809874
rbv2_xgboost_31,14,ts,logarithmic,fixed_p020,8,uniform,nan,110,24,21.999999999999954,0.21818181818181817,5,108,42,0.5042764544487,0.07853823235889637,0.046281066140616514,0.05688961867292648,0.052384958776196956
rbv2_xgboost_31,14,ts,logarithmic,fixed_p020,9,uniform,nan,110,20,21.999999999999954,0.18181818181818182,8,104,36,0.4994339942932129,0.056629069984491964,0.036723217359094465,0.04510171605517838,0.053295237714192784
rbv2_xgboost_31,14,ts,logarithmic,standard,10,none,nan,110,0,0.0,0.0,,,0,0.49538037180900574,0.05630642842319429,0.03186207400858192,0.03911345412077355,0.030936887343777694
rbv2_xgboost_31,14,ts,logarithmic,standard,11,none,nan,110,0,0.0,0.0,,,0,0.49461305141448975,0.10864556550670851,0.058489601920221235,0.07195131810368777,0.054681816292013054
rbv2_xgboost_31,14,ts,logarithmic,standard,12,none,nan,110,0,0.0,0.0,,,0,0.47355854511260986,0.0731072757157724,0.042885132754093114,0.05309643940581107,0.05031844338718605
rbv2_xgboost_31,14,ts,logarithmic,standard,13,none,nan,110,0,0.0,0.0,,,0,0.49129176139831543,0.04828716465822765,0.029076155791481668,0.036092970629902014,0.02454346294445041
rbv2_xgboost_31,14,ts,logarithmic,standard,14,none,nan,110,0,0.0,0.0,,,0,0.4905391335487366,0.0556302663452495,0.03292720500838223,0.040716018464273175,0.027891044239161326
rbv2_xgboost_31,14,ts,logarithmic,standard,15,none,nan,110,0,0.0,0.0,,,0,0.5075843930244446,0.062409452268884814,0.03754455113768229,0.04703899166158264,0.026455567477520085
rbv2_xgboost_31,14,ts,logarithmic,standard,16,none,nan,110,0,0.0,0.0,,,0,0.49170246720314026,0.050032846706656774,0.027405721548690108,0.034096769121868306,0.027348881010273305
rbv2_xgboost_31,14,ts,logarithmic,standard,17,none,nan,110,0,0.0,0.0,,,0,0.5015465021133423,0.05858309430206388,0.03316077041594666,0.04060084974131066,0.03211147710710328
rbv2_xgboost_31,14,ts,logarithmic,standard,18,none,nan,110,0,0.0,0.0,,,0,0.49094358086586,0.05389639612369635,0.030192135474480956,0.03712333267584429,0.02843662539154809
rbv2_xgboost_31,14,ts,logarithmic,standard,19,none,nan,110,0,0.0,0.0,,,0,0.4921611547470093,0.05123706862576793,0.030856259007584378,0.037784538087496364,0.024984144037257024
rbv2_xgboost_31,14,ts,logarithmic,standard,20,none,nan,110,0,0.0,0.0,,,0,0.48418113589286804,0.07889324356986421,0.04522109412989852,0.05646845871659853,0.03462197515113246
rbv2_xgboost_31,14,ts,logarithmic,standard,21,none,nan,110,0,0.0,0.0,,,0,0.4902159869670868,0.05767577307425082,0.03308106691174306,0.041030387614688864,0.033796716087396164
rbv2_xgboost_31,14,ts,logarithmic,standard,22,none,nan,110,0,0.0,0.0,,,0,0.4993067979812622,0.060303834865686655,0.03472309855415154,0.042231236846036066,0.03856434371998084
rbv2_xgboost_31,14,ts,logarithmic,standard,23,none,nan,110,0,0.0,0.0,,,0,0.4982224404811859,0.0851463314707709,0.051992301006672126,0.06390193575752029,0.043391807687197706
rbv2_xgboost_31,14,ts,logarithmic,standard,24,none,nan,110,0,0.0,0.0,,,0,0.49297842383384705,0.07946977664632218,0.05215849383910831,0.06288635004246364,0.04954420419338207
rbv2_xgboost_31,14,ts,logarithmic,standard,25,none,nan,110,0,0.0,0.0,,,0,0.49317440390586853,0.05695248169285129,0.03189966616980486,0.040213646947219565,0.03429321580639932
rbv2_xgboost_31,14,ts,logarithmic,standard,26,none,nan,110,0,0.0,0.0,,,0,0.49246343970298767,0.05834445644103619,0.038038814501187804,0.046960440668820665,0.05309369617950687
rbv2_xgboost_31,14,ts,logarithmic,standard,27,none,nan,110,0,0.0,0.0,,,0,0.4896426796913147,0.05881839161532773,0.03496007766633362,0.04386714778330254,0.025279245494209623
rbv2_xgboost_31,14,ts,logarithmic,standard,28,none,nan,110,0,0.0,0.0,,,0,0.5040929317474365,0.052922317392198714,0.03138079450191275,0.03917992159533808,0.031166287787383354
rbv2_xgboost_31,14,ts,logarithmic,standard,29,none,nan,110,0,0.0,0.0,,,0,0.49807438254356384,0.054262601486047744,0.03013877971147054,0.03754565684128043,0.0370143843170075
rbv2_xgboost_31,14,ts,logarithmic,standard,30,none,nan,110,0,0.0,0.0,,,0,0.49541789293289185,0.05766637701451059,0.034984317294097636,0.04311776452529572,0.05331915415965413
rbv2_xgboost_31,14,ts,logarithmic,standard,31,none,nan,110,0,0.0,0.0,,,0,0.5021262764930725,0.07450172916497391,0.04623485420656566,0.05662636702753476,0.03884206514632753
rbv2_xgboost_31,14,ts,logarithmic,standard,32,none,nan,110,0,0.0,0.0,,,0,0.4952031373977661,0.05197151713915184,0.0327960613401374,0.04053983029719522,0.03617867709804703
rbv2_xgboost_31,14,ts,logarithmic,standard,33,none,nan,110,0,0.0,0.0,,,0,0.4929075539112091,0.0584078231851162,0.03272771168435311,0.041042801673348554,0.03213863564640655
rbv2_xgboost_31,14,ts,logarithmic,standard,34,none,nan,110,0,0.0,0.0,,,0,0.500361979007721,0.04809982654417268,0.02606224970408529,0.033032833177196776,0.020387085449464583
rbv2_xgboost_31,14,ts,logarithmic,standard,5,none,nan,110,0,0.0,0.0,,,0,0.49571606516838074,0.05347036236495306,0.031241234077605106,0.039237542015409195,0.03246954613633609
rbv2_xgboost_31,14,ts,logarithmic,standard,6,none,nan,110,0,0.0,0.0,,,0,0.49280330538749695,0.04383410288357631,0.026231155740766246,0.03287520069279179,0.031486871569070554
rbv2_xgboost_31,14,ts,logarithmic,standard,7,none,nan,110,0,0.0,0.0,,,0,0.49056416749954224,0.061725281435355855,0.03724228237068897,0.04564422049079175,0.02886692549198993
rbv2_xgboost_31,14,ts,logarithmic,standard,8,none,nan,110,0,0.0,0.0,,,0,0.48433953523635864,0.06748121402532212,0.0397993751780784,0.04907738977042297,0.032765148854761825
rbv2_xgboost_31,14,ts,logarithmic,standard,9,none,nan,110,0,0.0,0.0,,,0,0.5041763782501221,0.07353252394991662,0.04576535258347496,0.056736679940606535,0.06092601920994989
rbv2_xgboost_31,14,ucb,constant,decay_uniform_a1,10,uniform,1.0,110,8,11.038210523733882,0.07272727272727272,1,79,13,0.49402299523353577,0.036756739359184436,0.021838993762419538,0.02701490662798536,0.02247800776941902
rbv2_xgboost_31,14,ucb,constant,decay_uniform_a1,11,uniform,1.0,110,15,11.038210523733882,0.13636363636363635,5,101,26,0.49402299523353577,0.033390715494186325,0.020111520216648377,0.024382348984357597,0.02602448887865581
rbv2_xgboost_31,14,ucb,constant,decay_uniform_a1,12,uniform,1.0,110,18,11.038210523733882,0.16363636363636364,2,106,26,0.44966191053390503,0.22592945717433266,0.14813461847910844,0.17174671193653765,0.28095790929106873
rbv2_xgboost_31,14,ucb,constant,decay_uniform_a1,13,uniform,1.0,110,9,11.038210523733882,0.08181818181818182,1,110,12,0.4913918375968933,0.032925869421279653,0.02126987195845326,0.025998373383136708,0.024932296772487563
rbv2_xgboost_31,14,ucb,constant,decay_uniform_a1,14,uniform,1.0,110,8,11.038210523733882,0.07272727272727272,4,89,14,0.49402299523353577,0.12004109962721111,0.07926098682027466,0.09600259302357961,0.0981199314149879
rbv2_xgboost_31,14,ucb,constant,decay_uniform_a1,15,uniform,1.0,110,9,11.038210523733882,0.08181818181818182,1,96,17,0.4924968183040619,0.048352598982994474,0.029576889417924704,0.03622501850063373,0.03274879823236168
rbv2_xgboost_31,14,ucb,constant,decay_uniform_a1,16,uniform,1.0,110,15,11.038210523733882,0.13636363636363635,3,96,26,0.49185675382614136,0.036203056153323525,0.020391933973172544,0.02476474424740663,0.020860806481922116
rbv2_xgboost_31,14,ucb,constant,decay_uniform_a1,17,uniform,1.0,110,16,11.038210523733882,0.14545454545454545,1,97,25,0.48519206047058105,0.08047384212263535,0.049824504270290434,0.060331656033865165,0.05971187819553275
rbv2_xgboost_31,14,ucb,constant,decay_uniform_a1,18,uniform,1.0,110,12,11.038210523733882,0.10909090909090909,1,107,21,0.49402299523353577,0.032510054756408426,0.020734761281808706,0.025368545249266676,0.02119576148465093
rbv2_xgboost_31,14,ucb,constant,decay_uniform_a1,19,uniform,1.0,110,11,11.038210523733882,0.1,2,95,22,0.49402299523353577,0.0327906833403632,0.02054559854595666,0.024954402089089205,0.02159976741971989
rbv2_xgboost_31,14,ucb,constant,decay_uniform_a1,20,uniform,1.0,110,10,11.038210523733882,0.09090909090909091,3,108,14,0.49361225962638855,0.03435233966132305,0.021157772709454764,0.026193141252549592,0.018528512428628092
rbv2_xgboost_31,14,ucb,constant,decay_uniform_a1,21,uniform,1.0,110,18,11.038210523733882,0.16363636363636364,1,98,29,0.4922049343585968,0.10095390206755636,0.06656759577523469,0.07906979496048427,0.10883852378776555
rbv2_xgboost_31,14,ucb,constant,decay_uniform_a1,22,uniform,1.0,110,6,11.038210523733882,0.05454545454545454,8,82,12,0.49402299523353577,0.034933247068951394,0.021423266758721745,0.026299890129746064,0.022268525200414058
rbv2_xgboost_31,14,ucb,constant,decay_uniform_a1,23,uniform,1.0,110,14,11.038210523733882,0.12727272727272726,6,78,22,0.4922049343585968,0.19053609145595138,0.1276171973086307,0.15188696881519584,0.19949208880550023
rbv2_xgboost_31,14,ucb,constant,decay_uniform_a1,24,uniform,1.0,110,9,11.038210523733882,0.08181818181818182,1,57,15,0.48998668789863586,0.040099139458559765,0.02553609186940266,0.030663287076757872,0.018157455350073848
rbv2_xgboost_31,14,ucb,constant,decay_uniform_a1,25,uniform,1.0,110,16,11.038210523733882,0.14545454545454545,1,101,23,0.44701123237609863,0.41850011710236257,0.2970716014200375,0.3434574146019855,0.44195497983989007
rbv2_xgboost_31,14,ucb,constant,decay_uniform_a1,26,uniform,1.0,110,8,11.038210523733882,0.07272727272727272,2,72,14,0.49402299523353577,0.033878351708639086,0.02148008343773984,0.026419273209227184,0.031249455169350602
rbv2_xgboost_31,14,ucb,constant,decay_uniform_a1,27,uniform,1.0,110,11,11.038210523733882,0.1,2,80,16,0.4852004051208496,0.03304310219885614,0.021290176726446553,0.025906033573942108,0.026022513482315855
rbv2_xgboost_31,14,ucb,constant,decay_uniform_a1,28,uniform,1.0,110,13,11.038210523733882,0.11818181818181818,1,87,19,0.49402299523353577,0.11510168171720245,0.07977783682936548,0.09548577521405095,0.09385743922995977
rbv2_xgboost_31,14,ucb,constant,decay_uniform_a1,29,uniform,1.0,110,9,11.038210523733882,0.08181818181818182,2,106,14,0.49402299523353577,0.08202257397692489,0.052001495172839377,0.06309575260927362,0.0446420994352268
rbv2_xgboost_31,14,ucb,constant,decay_uniform_a1,30,uniform,1.0,110,9,11.038210523733882,0.08181818181818182,1,87,15,0.47564446926116943,0.3517858084827286,0.2491704853307699,0.2882206774253865,0.3246796460198204
rbv2_xgboost_31,14,ucb,constant,decay_uniform_a1,31,uniform,1.0,110,11,11.038210523733882,0.1,2,81,20,0.4852942228317261,0.03383219776668106,0.02108419253377706,0.02576354334288831,0.01389908748993819
rbv2_xgboost_31,14,ucb,constant,decay_uniform_a1,32,uniform,1.0,110,11,11.038210523733882,0.1,2,86,22,0.48560479283332825,0.03246526439933565,0.02128726110680932,0.026450404854067317,0.0177851379651543
rbv2_xgboost_31,14,ucb,constant,decay_uniform_a1,33,uniform,1.0,110,10,11.038210523733882,0.09090909090909091,1,99,13,0.49402299523353577,0.03476257656963095,0.021524507615036617,0.02634102720529903,0.03388893232333145
rbv2_xgboost_31,14,ucb,constant,decay_uniform_a1,34,uniform,1.0,110,9,11.038210523733882,0.08181818181818182,2,62,18,0.49402299523353577,0.05111926801300386,0.03055832180401719,0.03684758101977205,0.03900124385959528
rbv2_xgboost_31,14,ucb,constant,decay_uniform_a1,5,uniform,1.0,110,10,11.038210523733882,0.09090909090909091,1,95,17,0.49402299523353577,0.03600787607141015,0.02180014659079224,0.02683492127671921,0.020463543939875616
rbv2_xgboost_31,14,ucb,constant,decay_uniform_a1,6,uniform,1.0,110,14,11.038210523733882,0.12727272727272726,5,110,25,0.49402299523353577,0.032795422237796856,0.02064286121077994,0.0253432839137553,0.020178455729404063
rbv2_xgboost_31,14,ucb,constant,decay_uniform_a1,7,uniform,1.0,110,14,11.038210523733882,0.12727272727272726,2,103,20,0.47455668449401855,0.04775020034785416,0.030324170473553923,0.03714132885635119,0.042209709811553184
rbv2_xgboost_31,14,ucb,constant,decay_uniform_a1,8,uniform,1.0,110,9,11.038210523733882,0.08181818181818182,5,108,16,0.49402299523353577,0.033097218591404486,0.021009460785117617,0.025798105482550546,0.01912391757070729
rbv2_xgboost_31,14,ucb,constant,decay_uniform_a1,9,uniform,1.0,110,10,11.038210523733882,0.09090909090909091,1,86,17,0.49402299523353577,0.10501384478005583,0.07019180338897887,0.08386057082124183,0.13194264489055663
rbv2_xgboost_31,14,ucb,constant,decay_uniform_grid_a1_2,10,uniform,0.5,110,65,61.23939808169744,0.5909090909090909,1,108,53,0.49402299523353577,0.05381909373726622,0.03293234431796012,0.039921549273075535,0.04653506258296621
rbv2_xgboost_31,14,ucb,constant,decay_uniform_grid_a1_2,11,uniform,0.5,110,69,61.23939808169744,0.6272727272727273,2,110,45,0.48682424426078796,0.08264775757607157,0.04583540256417508,0.055980727055469005,0.06018238852502234
rbv2_xgboost_31,14,ucb,constant,decay_uniform_grid_a1_2,12,uniform,0.5,110,66,61.23939808169744,0.6,1,108,41,0.4944879412651062,0.17779147031424936,0.11119923944411816,0.13324944256713628,0.21814991253849048
rbv2_xgboost_31,14,ucb,constant,decay_uniform_grid_a1_2,13,uniform,0.5,110,62,61.23939808169744,0.5636363636363636,1,110,54,0.4853630065917969,0.09727978350494937,0.062009957111126855,0.0752405153959456,0.06385076422981757
rbv2_xgboost_31,14,ucb,constant,decay_uniform_grid_a1_2,14,uniform,0.5,110,59,61.23939808169744,0.5363636363636364,2,109,50,0.36009910702705383,0.061408743208599244,0.037388227790508044,0.045417895696156355,0.010980611529711278
rbv2_xgboost_31,14,ucb,constant,decay_uniform_grid_a1_2,15,uniform,0.5,110,59,61.23939808169744,0.5363636363636364,1,107,61,0.49402299523353577,0.055483348555994204,0.03335737935085233,0.040817758753494075,0.05182393120032107
rbv2_xgboost_31,14,ucb,constant,decay_uniform_grid_a1_2,16,uniform,0.5,110,59,61.23939808169744,0.5363636363636364,3,109,54,0.49402299523353577,0.1533255362612644,0.09585143667655227,0.11549979931621585,0.1989142420639377
rbv2_xgboost_31,14,ucb,constant,decay_uniform_grid_a1_2,17,uniform,0.5,110,68,61.23939808169744,0.6181818181818182,1,109,51,0.49023059010505676,0.08744303729523606,0.05455578486256703,0.06681151474348541,0.09498859263717804
rbv2_xgboost_31,14,ucb,constant,decay_uniform_grid_a1_2,18,uniform,0.5,110,66,61.23939808169744,0.6,1,109,63,0.4719270169734955,0.7255475000127635,0.5612856494564008,0.6288948108007908,0.8220231880037181
rbv2_xgboost_31,14,ucb,constant,decay_uniform_grid_a1_2,19,uniform,0.5,110,52,61.23939808169744,0.4727272727272727,2,110,47,0.49088314175605774,0.05936177506216571,0.036074248063708514,0.04356988800108445,0.03220205183756925
rbv2_xgboost_31,14,ucb,constant,decay_uniform_grid_a1_2,20,uniform,0.5,110,56,61.23939808169744,0.509090909090909,3,109,62,0.4601542353630066,0.04844303978367811,0.030311743428914028,0.03694263582863351,0.05683483424549079
rbv2_xgboost_31,14,ucb,constant,decay_uniform_grid_a1_2,21,uniform,0.5,110,62,61.23939808169744,0.5636363636363636,1,110,56,0.4466947317123413,0.24920955642562886,0.1721243985444531,0.20477605960513592,0.18554324822939997
rbv2_xgboost_31,14,ucb,constant,decay_uniform_grid_a1_2,22,uniform,0.5,110,55,61.23939808169744,0.5,1,108,61,0.49000751972198486,0.04187110765083968,0.024729377768578503,0.03074360749001204,0.02076097246642047
rbv2_xgboost_31,14,ucb,constant,decay_uniform_grid_a1_2,23,uniform,0.5,110,73,61.23939808169744,0.6636363636363637,2,108,52,0.49402299523353577,0.19034129422246496,0.11627762803493337,0.13873335384193167,0.2198944895457335
rbv2_xgboost_31,14,ucb,constant,decay_uniform_grid_a1_2,24,uniform,0.5,110,59,61.23939808169744,0.5363636363636364,1,110,50,0.4954908788204193,0.11969832220260017,0.06610744429946358,0.08013312150220539,0.07390670771262196
rbv2_xgboost_31,14,ucb,constant,decay_uniform_grid_a1_2,25,uniform,0.5,110,53,61.23939808169744,0.4818181818181818,1,109,57,0.46236640214920044,0.12175653731349682,0.07767513450206691,0.09418850496916845,0.16527672622966252
rbv2_xgboost_31,14,ucb,constant,decay_uniform_grid_a1_2,26,uniform,0.5,110,61,61.23939808169744,0.5545454545454546,2,110,47,0.49402299523353577,0.31066624117618646,0.21135142139915758,0.25269896664694136,0.20018532196017666
rbv2_xgboost_31,14,ucb,constant,decay_uniform_grid_a1_2,27,uniform,0.5,110,58,61.23939808169744,0.5272727272727272,2,109,50,0.4872182309627533,0.0726437196931126,0.04529100180737801,0.05458851506577691,0.07747820614935336
rbv2_xgboost_31,14,ucb,constant,decay_uniform_grid_a1_2,28,uniform,0.5,110,61,61.23939808169744,0.5545454545454546,1,110,50,0.4770198464393616,0.13212452643587175,0.07643490586526079,0.0935114027964477,0.09118819015458417
rbv2_xgboost_31,14,ucb,constant,decay_uniform_grid_a1_2,29,uniform,0.5,110,54,61.23939808169744,0.4909090909090909,2,106,48,0.49402299523353577,0.4982065891511231,0.3512333851227749,0.40443468192656207,0.5774141010406472
rbv2_xgboost_31,14,ucb,constant,decay_uniform_grid_a1_2,30,uniform,0.5,110,63,61.23939808169744,0.5727272727272728,1,110,54,0.35857054591178894,0.07916395472786182,0.048380867659325096,0.05884502354534946,0.05695120511798001
rbv2_xgboost_31,14,ucb,constant,decay_uniform_grid_a1_2,31,uniform,0.5,110,53,61.23939808169744,0.4818181818181818,2,110,53,0.4924217462539673,0.22760653051132382,0.1452635467742432,0.1712650349432525,0.1704878878298594
rbv2_xgboost_31,14,ucb,constant,decay_uniform_grid_a1_2,32,uniform,0.5,110,61,61.23939808169744,0.5545454545454546,2,109,54,0.49402299523353577,0.08071650045942802,0.04917609623021655,0.05977167441456596,0.09276063713949625
rbv2_xgboost_31,14,ucb,constant,decay_uniform_grid_a1_2,33,uniform,0.5,110,52,61.23939808169744,0.4727272727272727,1,105,51,0.35569632053375244,0.06028951490669022,0.0360171347325324,0.04422476593914151,0.04811711245934295
rbv2_xgboost_31,14,ucb,constant,decay_uniform_grid_a1_2,34,uniform,0.5,110,58,61.23939808169744,0.5272727272727272,2,110,69,0.48680758476257324,0.1797918114838168,0.12017291574314154,0.14477240083681053,0.0315600974053512
rbv2_xgboost_31,14,ucb,constant,decay_uniform_grid_a1_2,5,uniform,0.5,110,59,61.23939808169744,0.5363636363636364,1,109,57,0.48747047781944275,0.2792032926555312,0.17916626038555455,0.21571507729348713,0.35689941507624856
rbv2_xgboost_31,14,ucb,constant,decay_uniform_grid_a1_2,6,uniform,0.5,110,59,61.23939808169744,0.5363636363636364,2,110,55,0.4909290075302124,0.0475735311479133,0.028438805320837784,0.035026238583772296,0.02491471925964387
rbv2_xgboost_31,14,ucb,constant,decay_uniform_grid_a1_2,7,uniform,0.5,110,65,61.23939808169744,0.5909090909090909,1,108,59,0.48877546191215515,0.24302450935848505,0.15812334258135333,0.18815269479012886,0.2736611631284065
rbv2_xgboost_31,14,ucb,constant,decay_uniform_grid_a1_2,8,uniform,0.5,110,65,61.23939808169744,0.5909090909090909,1,110,56,0.42399856448173523,0.2515058277549945,0.16071271456017522,0.19250128149666765,0.1616359573618251
rbv2_xgboost_31,14,ucb,constant,decay_uniform_grid_a1_2,9,uniform,0.5,110,55,61.23939808169744,0.5,1,106,57,0.4913334548473358,0.5009930021327342,0.36933100477680325,0.4270850061787051,0.6479218243352913
rbv2_xgboost_31,14,ucb,constant,fixed_p020,10,uniform,nan,110,26,21.999999999999954,0.23636363636363636,1,108,41,0.49402299523353577,0.03084783996559661,0.018965640699281368,0.022945961129131387,0.025584676367945265
rbv2_xgboost_31,14,ucb,constant,fixed_p020,11,uniform,nan,110,29,21.999999999999954,0.2636363636363636,11,109,42,0.493720680475235,0.03953206376284584,0.022152837668978076,0.026856462474681323,0.03698735493140958
rbv2_xgboost_31,14,ucb,constant,fixed_p020,12,uniform,nan,110,32,21.999999999999954,0.2909090909090909,6,108,44,0.49402299523353577,0.11888311097053421,0.07402920553857564,0.08807648841716825,0.13545830194872568
rbv2_xgboost_31,14,ucb,constant,fixed_p020,13,uniform,nan,110,27,21.999999999999954,0.24545454545454545,1,110,36,0.49122294783592224,0.039092534588776595,0.025107056731343298,0.03077435227753403,0.02574591513358933
rbv2_xgboost_31,14,ucb,constant,fixed_p020,14,uniform,nan,110,23,21.999999999999954,0.20909090909090908,4,108,42,0.4574652314186096,0.13621483886570881,0.08848235618795386,0.10615384297713251,0.07551102533512052
rbv2_xgboost_31,14,ucb,constant,fixed_p020,15,uniform,nan,110,18,21.999999999999954,0.16363636363636364,1,96,27,0.4852379262447357,0.05025767925579102,0.03004496478747374,0.03699762146505641,0.03996215066375937
rbv2_xgboost_31,14,ucb,constant,fixed_p020,16,uniform,nan,110,26,21.999999999999954,0.23636363636363636,3,104,34,0.49402299523353577,0.035816824157130486,0.019955077477978214,0.02424230819524382,0.021588253017161777
rbv2_xgboost_31,14,ucb,constant,fixed_p020,17,uniform,nan,110,31,21.999999999999954,0.2818181818181818,2,109,52,0.49170246720314026,0.04682452010398279,0.0284543913747271,0.03494350361112893,0.02568513326142201
rbv2_xgboost_31,14,ucb,constant,fixed_p020,18,uniform,nan,110,30,21.999999999999954,0.2727272727272727,4,108,48,0.4344143867492676,0.1561959954005362,0.10477375162064506,0.12465187532457787,0.1836540462605366
rbv2_xgboost_31,14,ucb,constant,fixed_p020,19,uniform,nan,110,19,21.999999999999954,0.17272727272727273,9,109,30,0.48021888732910156,0.031039970623388907,0.019458966713547757,0.023861154399508297,0.016395866560413308
rbv2_xgboost_31,14,ucb,constant,fixed_p020,20,uniform,nan,110,16,21.999999999999954,0.14545454545454545,3,108,28,0.48715779185295105,0.03232321778094213,0.020071365915974852,0.02466153036266134,0.026339493289743218
rbv2_xgboost_31,14,ucb,constant,fixed_p020,21,uniform,nan,110,30,21.999999999999954,0.2727272727272727,15,109,38,0.45572614669799805,0.31826143699258136,0.22492736748579686,0.26233862362335864,0.37885219099396866
rbv2_xgboost_31,14,ucb,constant,fixed_p020,22,uniform,nan,110,18,21.999999999999954,0.16363636363636364,14,103,32,0.49402299523353577,0.03299381704620893,0.019688649403444815,0.024299473207234464,0.019127931262394978
rbv2_xgboost_31,14,ucb,constant,fixed_p020,23,uniform,nan,110,26,21.999999999999954,0.23636363636363636,6,108,36,0.4922049343585968,0.18257370024347536,0.12248274956595037,0.14485008284418113,0.23262731432160122
rbv2_xgboost_31,14,ucb,constant,fixed_p020,24,uniform,nan,110,24,21.999999999999954,0.21818181818181817,4,106,38,0.49402299523353577,0.05295962198148172,0.032346313354333425,0.039107746804156754,0.05374881797764528
rbv2_xgboost_31,14,ucb,constant,fixed_p020,25,uniform,nan,110,22,21.999999999999954,0.2,1,109,33,0.47187700867652893,0.4379581909943809,0.3112715493763579,0.357595123864442,0.48259559758625414
rbv2_xgboost_31,14,ucb,constant,fixed_p020,26,uniform,nan,110,22,21.999999999999954,0.2,2,110,31,0.49402299523353577,0.02947067873321258,0.0191369285277408,0.023551030658028122,0.01569172524070813
rbv2_xgboost_31,14,ucb,constant,fixed_p020,27,uniform,nan,110,16,21.999999999999954,0.14545454545454545,6,98,26,0.34875062108039856,0.06392817945871969,0.04022006497656753,0.048352252888836204,0.030636729903039374
rbv2_xgboost_31,14,ucb,constant,fixed_p020,28,uniform,nan,110,19,21.999999999999954,0.17272727272727273,5,110,31,0.49402299523353577,0.03462923339693372,0.021113279016724697,0.02583249246149987,0.020284407364398762
rbv2_xgboost_31,14,ucb,constant,fixed_p020,29,uniform,nan,110,24,21.999999999999954,0.21818181818181817,2,106,34,0.49402299523353577,0.12456939810552778,0.0814166098122445,0.09835215386209284,0.12466321820575205
rbv2_xgboost_31,14,ucb,constant,fixed_p020,30,uniform,nan,110,24,21.999999999999954,0.21818181818181817,14,110,29,0.49171707034111023,0.09080763380531012,0.05996926753979444,0.07195969270182419,0.0760102581642333
rbv2_xgboost_31,14,ucb,constant,fixed_p020,31,uniform,nan,110,21,21.999999999999954,0.19090909090909092,2,103,32,0.48589247465133667,0.05308878027800822,0.03242743329670031,0.03938643628812955,0.05422492601133734
rbv2_xgboost_31,14,ucb,constant,fixed_p020,32,uniform,nan,110,26,21.999999999999954,0.23636363636363636,4,109,40,0.4854901432991028,0.06513757985417225,0.04194686910970939,0.05134759756616439,0.07763123361675493
rbv2_xgboost_31,14,ucb,constant,fixed_p020,33,uniform,nan,110,21,21.999999999999954,0.19090909090909092,1,105,33,0.49402299523353577,0.03345475101807441,0.02026954840515712,0.024979952792420913,0.01775110810026679
rbv2_xgboost_31,14,ucb,constant,fixed_p020,34,uniform,nan,110,18,21.999999999999954,0.16363636363636364,4,110,31,0.49402299523353577,0.08034928059658039,0.048671776936212,0.05891250548070873,0.040806870024669
rbv2_xgboost_31,14,ucb,constant,fixed_p020,5,uniform,nan,110,14,21.999999999999954,0.12727272727272726,2,101,26,0.4920068681240082,0.0349237830111816,0.021375630353186834,0.02663447707065257,0.01919944522420606
rbv2_xgboost_31,14,ucb,constant,fixed_p020,6,uniform,nan,110,27,21.999999999999954,0.24545454545454545,9,110,37,0.48580074310302734,0.0364611201422642,0.022541451359352822,0.027760578155136224,0.01850908664717062
rbv2_xgboost_31,14,ucb,constant,fixed_p020,7,uniform,nan,110,28,21.999999999999954,0.2545454545454545,2,105,44,0.3919030725955963,0.04920636559585954,0.03080277536898445,0.03745181940273952,0.039044896511331834
rbv2_xgboost_31,14,ucb,constant,fixed_p020,8,uniform,nan,110,24,21.999999999999954,0.21818181818181817,5,108,42,0.42399856448173523,0.1693663198901023,0.11091244478307216,0.1310258581783758,0.18951547656592946
rbv2_xgboost_31,14,ucb,constant,fixed_p020,9,uniform,nan,110,20,21.999999999999954,0.18181818181818182,8,104,36,0.4936831593513489,0.0798319963502685,0.05222968593192218,0.06231901064977016,0.06041956488056956
rbv2_xgboost_31,14,ucb,constant,standard,10,none,nan,110,0,0.0,0.0,,,0,0.49402299523353577,0.038599430329736326,0.024010185755557648,0.029747888657598687,0.02033012843086602
rbv2_xgboost_31,14,ucb,constant,standard,11,none,nan,110,0,0.0,0.0,,,0,0.49402299523353577,0.03907035014905316,0.023641239987973975,0.028710863025138422,0.025682310988285998
rbv2_xgboost_31,14,ucb,constant,standard,12,none,nan,110,0,0.0,0.0,,,0,0.49402299523353577,0.03549705528726069,0.023102655708959738,0.028614935424016625,0.0220513319088996
rbv2_xgboost_31,14,ucb,constant,standard,13,none,nan,110,0,0.0,0.0,,,0,0.49402299523353577,0.03547347562092739,0.022843769110104745,0.02792069925624256,0.013224317945276984
rbv2_xgboost_31,14,ucb,constant,standard,14,none,nan,110,0,0.0,0.0,,,0,0.49402299523353577,0.1126336346315072,0.07562291563776499,0.09157534107093457,0.09082890244383765
rbv2_xgboost_31,14,ucb,constant,standard,15,none,nan,110,0,0.0,0.0,,,0,0.49402299523353577,0.12153010969841654,0.07914077886632882,0.09527426245064907,0.08708120578855774
rbv2_xgboost_31,14,ucb,constant,standard,16,none,nan,110,0,0.0,0.0,,,0,0.4902973175048828,0.03835228205512247,0.023331896946675573,0.02853538280142054,0.01599168478146473
rbv2_xgboost_31,14,ucb,constant,standard,17,none,nan,110,0,0.0,0.0,,,0,0.4906517267227173,0.037723794375502356,0.023069939280099983,0.028373213853731948,0.027903692792764972
rbv2_xgboost_31,14,ucb,constant,standard,18,none,nan,110,0,0.0,0.0,,,0,0.49402299523353577,0.047697545114179174,0.026596616981026885,0.032278033601547976,0.03302450453767476
rbv2_xgboost_31,14,ucb,constant,standard,19,none,nan,110,0,0.0,0.0,,,0,0.49402299523353577,0.03773177142620517,0.022967638260814018,0.027983006021842463,0.025850240317163656
rbv2_xgboost_31,14,ucb,constant,standard,20,none,nan,110,0,0.0,0.0,,,0,0.49402299523353577,0.03637697788102687,0.02369983539140188,0.029284346000834835,0.016533383220061017
rbv2_xgboost_31,14,ucb,constant,standard,21,none,nan,110,0,0.0,0.0,,,0,0.45572614669799805,0.11713528695817328,0.07631433958427866,0.0895461127055031,0.10784514785813776
rbv2_xgboost_31,14,ucb,constant,standard,22,none,nan,110,0,0.0,0.0,,,0,0.49402299523353577,0.04444950947242184,0.027339184960360814,0.03321265915108604,0.033080346140128544
rbv2_xgboost_31,14,ucb,constant,standard,23,none,nan,110,0,0.0,0.0,,,0,0.49402299523353577,0.12843547996637772,0.08174693044481304,0.10039599684513653,0.11479541792252182
rbv2_xgboost_31,14,ucb,constant,standard,24,none,nan,110,0,0.0,0.0,,,0,0.4908268451690674,0.04848358635861736,0.032164889484438706,0.038491035945101,0.032610470316644116
rbv2_xgboost_31,14,ucb,constant,standard,25,none,nan,110,0,0.0,0.0,,,0,0.35857054591178894,0.2574803461840848,0.16539996190172623,0.19292387125592947,0.2728830376688584
rbv2_xgboost_31,14,ucb,constant,standard,26,none,nan,110,0,0.0,0.0,,,0,0.49402299523353577,0.03426491804764862,0.022996002301866193,0.028106702169462715,0.023551408165195374
rbv2_xgboost_31,14,ucb,constant,standard,27,none,nan,110,0,0.0,0.0,,,0,0.4853588342666626,0.03926981051327902,0.023991950921317187,0.029529202512142277,0.017495363898760337
rbv2_xgboost_31,14,ucb,constant,standard,28,none,nan,110,0,0.0,0.0,,,0,0.4866199493408203,0.037273748900079465,0.024329973913363803,0.030258617317691645,0.023913498081710515
rbv2_xgboost_31,14,ucb,constant,standard,29,none,nan,110,0,0.0,0.0,,,0,0.48688262701034546,0.03624147962863939,0.022805136027380865,0.027934138233070296,0.0256430487376194
rbv2_xgboost_31,14,ucb,constant,standard,30,none,nan,110,0,0.0,0.0,,,0,0.47825565934181213,0.1346034277016708,0.08985693108155729,0.1058307209716253,0.07746802111918079
rbv2_xgboost_31,14,ucb,constant,standard,31,none,nan,110,0,0.0,0.0,,,0,0.46265801787376404,0.06598052970173109,0.041631739505629414,0.05000891933747713,0.053383290530186436
rbv2_xgboost_31,14,ucb,constant,standard,32,none,nan,110,0,0.0,0.0,,,0,0.49402299523353577,0.0395489465950627,0.02397633056061353,0.029437330578575723,0.02123661367570222
rbv2_xgboost_31,14,ucb,constant,standard,33,none,nan,110,0,0.0,0.0,,,0,0.49402299523353577,0.03627797753407343,0.023825104915299822,0.029189615750009907,0.02483608321998005
rbv2_xgboost_31,14,ucb,constant,standard,34,none,nan,110,0,0.0,0.0,,,0,0.49402299523353577,0.21300230387214322,0.15197504668367384,0.1783551137675574,0.2340031122377634
rbv2_xgboost_31,14,ucb,constant,standard,5,none,nan,110,0,0.0,0.0,,,0,0.49402299523353577,0.038241654049771444,0.023755816925864807,0.02949696621096466,0.025372292887555353
rbv2_xgboost_31,14,ucb,constant,standard,6,none,nan,110,0,0.0,0.0,,,0,0.49402299523353577,0.035905940142549296,0.023164356980079837,0.02819910324448603,0.027210163548514424
rbv2_xgboost_31,14,ucb,constant,standard,7,none,nan,110,0,0.0,0.0,,,0,0.49402299523353577,0.05052205392907696,0.031974828069615796,0.03936771392506856,0.03736118600415637
rbv2_xgboost_31,14,ucb,constant,standard,8,none,nan,110,0,0.0,0.0,,,0,0.49402299523353577,0.03589476013820613,0.023242327363724752,0.02861782150894529,0.01737528967364688
rbv2_xgboost_31,14,ucb,constant,standard,9,none,nan,110,0,0.0,0.0,,,0,0.3358222544193268,0.09684877080268389,0.06273164371836443,0.07511617883674854,0.021641940644461777
rbv2_xgboost_40975,14,logei,native,decay_uniform_a1,10,uniform,1.0,110,8,11.038210523733882,0.07272727272727272,1,79,13,0.0028960972558707,0.3176740496701157,0.20229710795581574,0.24408757154548588,0.044085088420000015
rbv2_xgboost_40975,14,logei,native,decay_uniform_a1,11,uniform,1.0,110,15,11.038210523733882,0.13636363636363635,5,101,26,0.0016628110315650702,0.38138405549538196,0.25787962271288545,0.3075924776709984,0.17869707456046838
rbv2_xgboost_40975,14,logei,native,decay_uniform_a1,12,uniform,1.0,110,18,11.038210523733882,0.16363636363636364,2,106,26,0.0016628110315650702,0.22773936826104177,0.14870536242423185,0.17929033543344747,0.06372280328704547
rbv2_xgboost_40975,14,logei,native,decay_uniform_a1,13,uniform,1.0,110,9,11.038210523733882,0.08181818181818182,1,110,12,0.002018403960391879,0.3613191840567117,0.24318652084138268,0.2882895618684913,0.29400676458154157
rbv2_xgboost_40975,14,logei,native,decay_uniform_a1,14,uniform,1.0,110,8,11.038210523733882,0.07272727272727272,4,89,14,0.0015579838072881103,0.24858820343393018,0.1593434354366771,0.1925455440869825,0.0575554201178733
rbv2_xgboost_40975,14,logei,native,decay_uniform_a1,15,uniform,1.0,110,9,11.038210523733882,0.08181818181818182,1,96,17,0.009597723372280598,0.3119521561417332,0.20831230977542936,0.2507151372429584,0.075987359934959
rbv2_xgboost_40975,14,logei,native,decay_uniform_a1,16,uniform,1.0,110,15,11.038210523733882,0.13636363636363635,3,96,26,0.4253677427768707,0.16966898406523204,0.10260080560081142,0.12373047423666537,0.05454915345477092
rbv2_xgboost_40975,14,logei,native,decay_uniform_a1,17,uniform,1.0,110,16,11.038210523733882,0.14545454545454545,1,97,25,0.0016628110315650702,0.19695409289509405,0.12685506878376535,0.15281608490890325,0.023527898243826076
rbv2_xgboost_40975,14,logei,native,decay_uniform_a1,18,uniform,1.0,110,12,11.038210523733882,0.10909090909090909,1,107,21,0.04132683575153351,0.2236279535483745,0.14780244784764401,0.18001281630337584,0.08782480490994385
rbv2_xgboost_40975,14,logei,native,decay_uniform_a1,19,uniform,1.0,110,11,11.038210523733882,0.1,2,95,22,0.42229652404785156,0.17337226766932412,0.11651639480850295,0.1401699760325996,0.10048830906874731
rbv2_xgboost_40975,14,logei,native,decay_uniform_a1,20,uniform,1.0,110,10,11.038210523733882,0.09090909090909091,3,108,14,0.0049331714399158955,0.2459615091522454,0.14906909387848738,0.18224998332778475,0.04853246312760263
rbv2_xgboost_40975,14,logei,native,decay_uniform_a1,21,uniform,1.0,110,18,11.038210523733882,0.16363636363636364,1,98,29,0.002289725933223963,0.23710518952595444,0.14490415463493278,0.1763237850208815,0.08967231444287942
rbv2_xgboost_40975,14,logei,native,decay_uniform_a1,22,uniform,1.0,110,6,11.038210523733882,0.05454545454545454,8,82,12,0.0008653094409964979,0.23979845786458218,0.15754197455869345,0.18941528758708248,0.03867885985572703
rbv2_xgboost_40975,14,logei,native,decay_uniform_a1,23,uniform,1.0,110,14,11.038210523733882,0.12727272727272726,6,78,22,0.006939529906958342,0.30358775714893826,0.20154343087773294,0.2461518553264347,0.06742072934020063
rbv2_xgboost_40975,14,logei,native,decay_uniform_a1,24,uniform,1.0,110,9,11.038210523733882,0.08181818181818182,1,57,15,0.0020965116564184427,0.19905883060211832,0.12538490899449348,0.15231239172263636,0.09399915152737466
rbv2_xgboost_40975,14,logei,native,decay_uniform_a1,25,uniform,1.0,110,16,11.038210523733882,0.14545454545454545,1,101,23,0.0026638249401003122,0.26143352576502293,0.16415907810319252,0.19895324400955777,0.0493733161221342
rbv2_xgboost_40975,14,logei,native,decay_uniform_a1,26,uniform,1.0,110,8,11.038210523733882,0.07272727272727272,2,72,14,0.004513824358582497,0.17360873518973224,0.10903778210746079,0.13198884018067739,0.02922366343578206
rbv2_xgboost_40975,14,logei,native,decay_uniform_a1,27,uniform,1.0,110,11,11.038210523733882,0.1,2,80,16,0.001650478458032012,0.2061367566966039,0.1353060723061861,0.1646310000700976,0.033038796786821555
rbv2_xgboost_40975,14,logei,native,decay_uniform_a1,28,uniform,1.0,110,13,11.038210523733882,0.11818181818181818,1,87,19,0.0034428683575242758,0.2005868295954106,0.12695613469779538,0.154274301007867,0.011860261593877808
rbv2_xgboost_40975,14,logei,native,decay_uniform_a1,29,uniform,1.0,110,9,11.038210523733882,0.08181818181818182,2,106,14,0.007198555860668421,0.3945277436833205,0.264951335112279,0.3171446401940381,0.0522760020048522
rbv2_xgboost_40975,14,logei,native,decay_uniform_a1,30,uniform,1.0,110,9,11.038210523733882,0.08181818181818182,1,87,15,0.010603079572319984,0.20204545509969904,0.1319322658368851,0.15847855526886218,0.03403656752181095
rbv2_xgboost_40975,14,logei,native,decay_uniform_a1,31,uniform,1.0,110,11,11.038210523733882,0.1,2,81,20,0.001590870670042932,0.23741363372672197,0.14761810857584476,0.18040070109689557,0.041214495049513016
rbv2_xgboost_40975,14,logei,native,decay_uniform_a1,32,uniform,1.0,110,11,11.038210523733882,0.1,2,86,22,0.002137620933353901,0.19866381247313228,0.13295939331958134,0.16395455658026656,0.15603929222898938
rbv2_xgboost_40975,14,logei,native,decay_uniform_a1,33,uniform,1.0,110,10,11.038210523733882,0.09090909090909091,1,99,13,0.0016628110315650702,0.24299116798526002,0.15447107867171878,0.18480485868200153,0.1152993891526773
rbv2_xgboost_40975,14,logei,native,decay_uniform_a1,34,uniform,1.0,110,9,11.038210523733882,0.08181818181818182,2,62,18,0.009825930930674076,0.211538062386933,0.1313614941904043,0.15915870209952046,0.04216935895030053
rbv2_xgboost_40975,14,logei,native,decay_uniform_a1,5,uniform,1.0,110,10,11.038210523733882,0.09090909090909091,1,95,17,0.0016628110315650702,0.17062632483924053,0.11181280829811183,0.13469795288526554,0.05885938555451465
rbv2_xgboost_40975,14,logei,native,decay_uniform_a1,6,uniform,1.0,110,14,11.038210523733882,0.12727272727272726,5,110,25,0.0016628110315650702,0.24643145078446493,0.15962083895372037,0.19121198855900587,0.1564198004209917
rbv2_xgboost_40975,14,logei,native,decay_uniform_a1,7,uniform,1.0,110,14,11.038210523733882,0.12727272727272726,2,103,20,0.005095567088574171,0.21486540402497256,0.13527750984448045,0.16305237278527726,0.037549285822229876
rbv2_xgboost_40975,14,logei,native,decay_uniform_a1,8,uniform,1.0,110,9,11.038210523733882,0.08181818181818182,5,108,16,0.0016155359335243702,0.23570613278231484,0.14206519869994874,0.1726349316656449,0.02588459650098961
rbv2_xgboost_40975,14,logei,native,decay_uniform_a1,9,uniform,1.0,110,10,11.038210523733882,0.09090909090909091,1,86,17,0.000976300856564194,0.19077774226033645,0.12341638807074268,0.15147917907930883,0.022051904986239084
rbv2_xgboost_40975,14,logei,native,decay_uniform_grid_a1_2,10,uniform,0.5,110,65,61.23939808169744,0.5909090909090909,1,108,53,0.013715963810682297,0.2587144569368514,0.15402621734551708,0.18594631199746078,0.15623464930573838
rbv2_xgboost_40975,14,logei,native,decay_uniform_grid_a1_2,11,uniform,0.5,110,69,61.23939808169744,0.6272727272727273,2,110,45,0.00810310710221529,0.2977736107029629,0.18517266607733174,0.2208478578801332,0.24754422740774634
rbv2_xgboost_40975,14,logei,native,decay_uniform_grid_a1_2,12,uniform,0.5,110,66,61.23939808169744,0.6,1,108,41,0.008861714042723179,0.2785424780792498,0.17761219568795794,0.21492234291694376,0.06381666676476283
rbv2_xgboost_40975,14,logei,native,decay_uniform_grid_a1_2,13,uniform,0.5,110,62,61.23939808169744,0.5636363636363636,1,110,54,0.012379486113786697,0.2638494343711858,0.17048726740932874,0.20509729688597822,0.17394204965100585
rbv2_xgboost_40975,14,logei,native,decay_uniform_grid_a1_2,14,uniform,0.5,110,59,61.23939808169744,0.5363636363636364,2,109,50,0.0049866181798279285,0.23484680558226126,0.1497454813829066,0.18047227401045732,0.03233865504244059
rbv2_xgboost_40975,14,logei,native,decay_uniform_grid_a1_2,15,uniform,0.5,110,59,61.23939808169744,0.5363636363636364,1,107,61,0.010187775827944279,0.30385629820480425,0.1970654161110592,0.23690746605319576,0.11065377813448521
rbv2_xgboost_40975,14,logei,native,decay_uniform_grid_a1_2,16,uniform,0.5,110,59,61.23939808169744,0.5363636363636364,3,109,54,0.06538891792297363,0.2832230907566145,0.1813250604951818,0.21749923247900188,0.1255252370207262
rbv2_xgboost_40975,14,logei,native,decay_uniform_grid_a1_2,17,uniform,0.5,110,68,61.23939808169744,0.6181818181818182,1,109,51,0.0035518123768270016,0.2634502691275333,0.17273590152098872,0.20878421997954838,0.16317914634139982
rbv2_xgboost_40975,14,logei,native,decay_uniform_grid_a1_2,18,uniform,0.5,110,66,61.23939808169744,0.6,1,109,63,0.002598049119114876,0.28437966238077944,0.18608352228985317,0.22266889966376954,0.15913401836084334
rbv2_xgboost_40975,14,logei,native,decay_uniform_grid_a1_2,19,uniform,0.5,110,52,61.23939808169744,0.4727272727272727,2,110,47,0.016107359901070595,0.24204245907049982,0.15631751863231136,0.18730580580656497,0.12621535408802104
rbv2_xgboost_40975,14,logei,native,decay_uniform_grid_a1_2,20,uniform,0.5,110,56,61.23939808169744,0.509090909090909,3,109,62,0.0021129553206264973,0.28333427442023446,0.17810362938132387,0.21493502645922827,0.06522002716347892
rbv2_xgboost_40975,14,logei,native,decay_uniform_grid_a1_2,21,uniform,0.5,110,62,61.23939808169744,0.5636363636363636,1,110,56,0.009482592344284058,0.2809718143975153,0.1843947209003604,0.2227134802228521,0.1933528232424297
rbv2_xgboost_40975,14,logei,native,decay_uniform_grid_a1_2,22,uniform,0.5,110,55,61.23939808169744,0.5,1,108,61,0.006495489738881588,0.25153986564990144,0.16622537767067058,0.2023985932678981,0.08046426387718646
rbv2_xgboost_40975,14,logei,native,decay_uniform_grid_a1_2,23,uniform,0.5,110,73,61.23939808169744,0.6636363636363637,2,108,52,0.0040019815787673,0.26372643289465253,0.16672034028521548,0.20415647534764067,0.08195720869107011
rbv2_xgboost_40975,14,logei,native,decay_uniform_grid_a1_2,24,uniform,0.5,110,59,61.23939808169744,0.5363636363636364,1,110,50,0.02232411876320839,0.3056474916106802,0.2065417178312881,0.24761549816436587,0.22226877410085785
rbv2_xgboost_40975,14,logei,native,decay_uniform_grid_a1_2,25,uniform,0.5,110,53,61.23939808169744,0.4818181818181818,1,109,57,0.0022527275141328573,0.24966058355106796,0.14669803659590125,0.17812342036329837,0.06710489060134465
rbv2_xgboost_40975,14,logei,native,decay_uniform_grid_a1_2,26,uniform,0.5,110,61,61.23939808169744,0.5545454545454546,2,110,47,0.08495933562517166,0.331806025767941,0.22051336272710867,0.26477806680604343,0.2078769066358248
rbv2_xgboost_40975,14,logei,native,decay_uniform_grid_a1_2,27,uniform,0.5,110,58,61.23939808169744,0.5272727272727272,2,109,50,0.01467209029942751,0.26156637839784985,0.17270044689209457,0.20783697698633724,0.0452334039939251
rbv2_xgboost_40975,14,logei,native,decay_uniform_grid_a1_2,28,uniform,0.5,110,61,61.23939808169744,0.5545454545454546,1,110,50,0.006320753134787083,0.267069025695195,0.16059560255418276,0.19485048885515194,0.1922746731501249
rbv2_xgboost_40975,14,logei,native,decay_uniform_grid_a1_2,29,uniform,0.5,110,54,61.23939808169744,0.4909090909090909,2,106,48,0.0026412145234644413,0.29542054700023046,0.18108159184807282,0.21823393876286118,0.03969723259564282
rbv2_xgboost_40975,14,logei,native,decay_uniform_grid_a1_2,30,uniform,0.5,110,63,61.23939808169744,0.5727272727272728,1,110,54,0.009260554797947407,0.2103826259853017,0.14014721701703894,0.1701583514536367,0.16549967579162242
rbv2_xgboost_40975,14,logei,native,decay_uniform_grid_a1_2,31,uniform,0.5,110,53,61.23939808169744,0.4818181818181818,2,110,53,0.004569326061755419,0.3001761613355214,0.19181183330666546,0.23054719954109812,0.19621034222334396
rbv2_xgboost_40975,14,logei,native,decay_uniform_grid_a1_2,32,uniform,0.5,110,61,61.23939808169744,0.5545454545454546,2,109,54,0.051485661417245865,0.2749359382642884,0.17139927294094554,0.2052913560982719,0.2381652097428942
rbv2_xgboost_40975,14,logei,native,decay_uniform_grid_a1_2,33,uniform,0.5,110,52,61.23939808169744,0.4727272727272727,1,105,51,0.013681009411811829,0.27863550102873536,0.1791892840831385,0.21659614897906004,0.1569544282523302
rbv2_xgboost_40975,14,logei,native,decay_uniform_grid_a1_2,34,uniform,0.5,110,58,61.23939808169744,0.5272727272727272,2,110,69,0.010099370032548904,0.2655062433340329,0.1784102701615508,0.2158794961514824,0.12794082712274968
rbv2_xgboost_40975,14,logei,native,decay_uniform_grid_a1_2,5,uniform,0.5,110,59,61.23939808169744,0.5363636363636364,1,109,57,0.005089400336146355,0.23072712190310432,0.14932901722504927,0.1803242397069104,0.053839870966731596
rbv2_xgboost_40975,14,logei,native,decay_uniform_grid_a1_2,6,uniform,0.5,110,59,61.23939808169744,0.5363636363636364,2,110,55,0.004709108266979456,0.22876675646128194,0.14648261482233316,0.177966183605019,0.1314143615801538
rbv2_xgboost_40975,14,logei,native,decay_uniform_grid_a1_2,7,uniform,0.5,110,65,61.23939808169744,0.5909090909090909,1,108,59,0.008493715897202492,0.30138222634452855,0.17310366138246988,0.20783392526266853,0.11617286702057288
rbv2_xgboost_40975,14,logei,native,decay_uniform_grid_a1_2,8,uniform,0.5,110,65,61.23939808169744,0.5909090909090909,1,110,56,0.01713963784277439,0.24374631780367859,0.15196984759519863,0.18364788145186767,0.15009919992463067
rbv2_xgboost_40975,14,logei,native,decay_uniform_grid_a1_2,9,uniform,0.5,110,55,61.23939808169744,0.5,1,106,57,0.0054758633486926556,0.3063942301683854,0.20716579051654682,0.2487278123910046,0.14000538457513378
rbv2_xgboost_40975,14,logei,native,fixed_p020,10,uniform,nan,110,26,21.999999999999954,0.23636363636363636,1,108,41,0.006990924011915922,0.23548728367843624,0.14204622166140274,0.17105605011233657,0.038663575175799304
rbv2_xgboost_40975,14,logei,native,fixed_p020,11,uniform,nan,110,29,21.999999999999954,0.2636363636363636,11,109,42,0.008092828094959259,0.3815246434541811,0.2400933046301833,0.28594142332430383,0.1690114592145729
rbv2_xgboost_40975,14,logei,native,fixed_p020,12,uniform,nan,110,32,21.999999999999954,0.2909090909090909,6,108,44,0.006873745936900377,0.25478982892392865,0.1632244912817389,0.1974785828175036,0.07410055654926286
rbv2_xgboost_40975,14,logei,native,fixed_p020,13,uniform,nan,110,27,21.999999999999954,0.24545454545454545,1,110,36,0.003728590440005064,0.33193387642089917,0.22654876321149864,0.2714317885670133,0.2279676144915053
rbv2_xgboost_40975,14,logei,native,fixed_p020,14,uniform,nan,110,23,21.999999999999954,0.20909090909090908,4,108,42,0.0014449351001530886,0.22968456164944365,0.13866631937790624,0.16857962407942895,0.05707367375899052
rbv2_xgboost_40975,14,logei,native,fixed_p020,15,uniform,nan,110,18,21.999999999999954,0.16363636363636364,1,96,27,0.0018478011479601264,0.30026136826744654,0.19698468017108095,0.2360628446138325,0.045705754072058985
rbv2_xgboost_40975,14,logei,native,fixed_p020,16,uniform,nan,110,26,21.999999999999954,0.23636363636363636,3,104,34,0.1330292522907257,0.2177240930579367,0.13422949468413942,0.16219303271204102,0.1503761220161188
rbv2_xgboost_40975,14,logei,native,fixed_p020,17,uniform,nan,110,31,21.999999999999954,0.2818181818181818,2,109,52,0.0016628110315650702,0.19605297640179994,0.12757711068033273,0.15383617832308363,0.05600679771237171
rbv2_xgboost_40975,14,logei,native,fixed_p020,18,uniform,nan,110,30,21.999999999999954,0.2727272727272727,4,108,48,0.0017779158661141992,0.2330978951467464,0.1517722121838379,0.18209639362637478,0.08577216314627663
rbv2_xgboost_40975,14,logei,native,fixed_p020,19,uniform,nan,110,19,21.999999999999954,0.17272727272727273,9,109,30,0.15380454063415527,0.16102109425128236,0.10421022228743544,0.1255605111708131,0.07028643997878029
rbv2_xgboost_40975,14,logei,native,fixed_p020,20,uniform,nan,110,16,21.999999999999954,0.14545454545454545,3,108,28,0.0027583781629800797,0.2296458903610439,0.1350786513420276,0.16549480532981223,0.03875012572019213
rbv2_xgboost_40975,14,logei,native,fixed_p020,21,uniform,nan,110,30,21.999999999999954,0.2727272727272727,15,109,38,0.003841646481305361,0.22829099271467648,0.13813056036148313,0.16716446371081134,0.06968735427458844
rbv2_xgboost_40975,14,logei,native,fixed_p020,22,uniform,nan,110,18,21.999999999999954,0.16363636363636364,14,103,32,0.0016628110315650702,0.22962177165035552,0.15227712794301682,0.1832322137310498,0.05616200089767209
rbv2_xgboost_40975,14,logei,native,fixed_p020,23,uniform,nan,110,26,21.999999999999954,0.23636363636363636,6,108,36,0.005405970849096775,0.27161289033364233,0.17907654788440766,0.21705100213066778,0.151597277748156
rbv2_xgboost_40975,14,logei,native,fixed_p020,24,uniform,nan,110,24,21.999999999999954,0.21818181818181817,4,106,38,0.010167215950787067,0.2302489334214352,0.14445444289506612,0.1732755249750038,0.09382862440384783
rbv2_xgboost_40975,14,logei,native,fixed_p020,25,uniform,nan,110,22,21.999999999999954,0.2,1,109,33,0.0028775976970791817,0.26850367182914153,0.16468487564506734,0.19886164280035704,0.037127519213072
rbv2_xgboost_40975,14,logei,native,fixed_p020,26,uniform,nan,110,22,21.999999999999954,0.2,2,110,31,0.0028960972558707,0.21247020832026947,0.1390363603113553,0.16744193248499595,0.09963014366996949
rbv2_xgboost_40975,14,logei,native,fixed_p020,27,uniform,nan,110,16,21.999999999999954,0.14545454545454545,6,98,26,0.009104307740926743,0.2285030004819873,0.15548930473717004,0.18644074223269527,0.03724730341287916
rbv2_xgboost_40975,14,logei,native,fixed_p020,28,uniform,nan,110,19,21.999999999999954,0.17272727272727273,5,110,31,0.006927195470780134,0.25673569347664743,0.16416287329234294,0.19872408892476062,0.15061508293429346
rbv2_xgboost_40975,14,logei,native,fixed_p020,29,uniform,nan,110,24,21.999999999999954,0.21818181818181817,2,106,34,0.007303400430828333,0.27427240915824236,0.16939755736276968,0.2039389745739973,0.05850655084226454
rbv2_xgboost_40975,14,logei,native,fixed_p020,30,uniform,nan,110,24,21.999999999999954,0.21818181818181817,14,110,29,0.006873745936900377,0.20536146006861486,0.13585250128909204,0.1630219226490162,0.17671934707899895
rbv2_xgboost_40975,14,logei,native,fixed_p020,31,uniform,nan,110,21,21.999999999999954,0.19090909090909092,2,103,32,0.0016628110315650702,0.22733890911256732,0.14504013621686163,0.17618985874526422,0.047058452601098893
rbv2_xgboost_40975,14,logei,native,fixed_p020,32,uniform,nan,110,26,21.999999999999954,0.23636363636363636,4,109,40,0.008080492727458477,0.17333855993471128,0.10811762721409068,0.13174272818965194,0.05713940969198497
rbv2_xgboost_40975,14,logei,native,fixed_p020,33,uniform,nan,110,21,21.999999999999954,0.19090909090909092,1,105,33,0.006310474593192339,0.21392621592344235,0.13207902858430254,0.15873282562148774,0.07829168393121856
rbv2_xgboost_40975,14,logei,native,fixed_p020,34,uniform,nan,110,18,21.999999999999954,0.16363636363636364,4,110,31,0.007691944483667612,0.3676776211269577,0.23497253350310807,0.28230127896930396,0.22822710466835913
rbv2_xgboost_40975,14,logei,native,fixed_p020,5,uniform,nan,110,14,21.999999999999954,0.12727272727272726,2,101,26,0.0016628110315650702,0.20841887392078987,0.13163802878268138,0.15992262960081075,0.040400076227485
rbv2_xgboost_40975,14,logei,native,fixed_p020,6,uniform,nan,110,27,21.999999999999954,0.24545454545454545,9,110,37,0.00574515713378787,0.2239369738048046,0.14909045689236375,0.18096731991075615,0.10652440250082573
rbv2_xgboost_40975,14,logei,native,fixed_p020,7,uniform,nan,110,28,21.999999999999954,0.2545454545454545,2,105,44,0.009585388004779816,0.2567146719494697,0.1515196837820756,0.18142433282757797,0.030806781481053216
rbv2_xgboost_40975,14,logei,native,fixed_p020,8,uniform,nan,110,24,21.999999999999954,0.21818181818181817,5,108,42,0.0017244743648916483,0.2423941267166933,0.1409678706585979,0.1717241689212888,0.09532449975570899
rbv2_xgboost_40975,14,logei,native,fixed_p020,9,uniform,nan,110,20,21.999999999999954,0.18181818181818182,8,104,36,0.003907424863427877,0.29318299299455464,0.19596295122349883,0.23566931691789883,0.07729751251033247
rbv2_xgboost_40975,14,logei,native,standard,10,none,nan,110,0,0.0,0.0,,,0,0.4253677427768707,0.10544806129902339,0.06345321311919438,0.07766749133197921,0.016473007385072378
rbv2_xgboost_40975,14,logei,native,standard,11,none,nan,110,0,0.0,0.0,,,0,0.06388776749372482,0.42894262682508555,0.2976647994281825,0.3527322859402592,0.3896905459451032
rbv2_xgboost_40975,14,logei,native,standard,12,none,nan,110,0,0.0,0.0,,,0,0.0016628110315650702,0.29864195504360563,0.20102931266095314,0.24137212357760815,0.14563364655638658
rbv2_xgboost_40975,14,logei,native,standard,13,none,nan,110,0,0.0,0.0,,,0,0.07528705894947052,0.417844772364732,0.29505712103569776,0.35153310733505305,0.3341703294765227
rbv2_xgboost_40975,14,logei,native,standard,14,none,nan,110,0,0.0,0.0,,,0,0.0016628110315650702,0.23802987222094005,0.15612956177278953,0.18843919762524344,0.028645455861756052
rbv2_xgboost_40975,14,logei,native,standard,15,none,nan,110,0,0.0,0.0,,,0,0.0022835596464574337,0.30074256938007166,0.19768901060953675,0.23708973516544082,0.049528714008926306
rbv2_xgboost_40975,14,logei,native,standard,16,none,nan,110,0,0.0,0.0,,,0,0.005549867637455463,0.23328498746833573,0.15878891509786902,0.1918821858410205,0.058211423655697835
rbv2_xgboost_40975,14,logei,native,standard,17,none,nan,110,0,0.0,0.0,,,0,0.005627983249723911,0.26459747396466976,0.17975456159275804,0.21525546564761522,0.0688405619101002
rbv2_xgboost_40975,14,logei,native,standard,18,none,nan,110,0,0.0,0.0,,,0,0.0016628110315650702,0.19385608075641259,0.12178170549282147,0.14830790236263736,0.023679052285918427
rbv2_xgboost_40975,14,logei,native,standard,19,none,nan,110,0,0.0,0.0,,,0,0.00845465436577797,0.21373859008912593,0.14616849533199475,0.17508856683052854,0.01178792637747058
rbv2_xgboost_40975,14,logei,native,standard,20,none,nan,110,0,0.0,0.0,,,0,0.0016299240523949265,0.21686893721749295,0.14003539513891874,0.16861252876956806,0.0325601197731032
rbv2_xgboost_40975,14,logei,native,standard,21,none,nan,110,0,0.0,0.0,,,0,0.0025261067785322666,0.23715711980230708,0.14832469824941658,0.1808768250815089,0.030190882991637708
rbv2_xgboost_40975,14,logei,native,standard,22,none,nan,110,0,0.0,0.0,,,0,0.0014942653942853212,0.2915189142661929,0.19775037087232228,0.2392372099800902,0.055832429341708255
rbv2_xgboost_40975,14,logei,native,standard,23,none,nan,110,0,0.0,0.0,,,0,0.0011921183904632926,0.27040933054394445,0.17400758445047965,0.20817951571983875,0.033698962699977554
rbv2_xgboost_40975,14,logei,native,standard,24,none,nan,110,0,0.0,0.0,,,0,0.4253677427768707,0.12680574572355147,0.07537846591325713,0.09189705019371405,0.02266901472640685
rbv2_xgboost_40975,14,logei,native,standard,25,none,nan,110,0,0.0,0.0,,,0,0.007482253480702639,0.2377405297498675,0.1549800037477962,0.18916207424724749,0.04480801742125007
rbv2_xgboost_40975,14,logei,native,standard,26,none,nan,110,0,0.0,0.0,,,0,0.4494786560535431,0.1414965743292897,0.08419414449808088,0.10227207086280314,0.08255420649976607
rbv2_xgboost_40975,14,logei,native,standard,27,none,nan,110,0,0.0,0.0,,,0,0.005163403693586588,0.2575649233922272,0.17240402979176972,0.20870796682571402,0.029353155716177266
rbv2_xgboost_40975,14,logei,native,standard,28,none,nan,110,0,0.0,0.0,,,0,0.007537759840488434,0.1705760903479245,0.10717126893808804,0.12946943649413564,0.019115900477470846
rbv2_xgboost_40975,14,logei,native,standard,29,none,nan,110,0,0.0,0.0,,,0,0.05162357538938522,0.27107147674946486,0.17766867235351758,0.21470195612367277,0.04143510766017069
rbv2_xgboost_40975,14,logei,native,standard,30,none,nan,110,0,0.0,0.0,,,0,0.008625290356576443,0.2246407665334445,0.15380774299765648,0.184910752895246,0.03768801291672769
rbv2_xgboost_40975,14,logei,native,standard,31,none,nan,110,0,0.0,0.0,,,0,0.0020965116564184427,0.17676918253220125,0.1155596429613069,0.14119728694569797,0.02403505282541619
rbv2_xgboost_40975,14,logei,native,standard,32,none,nan,110,0,0.0,0.0,,,0,0.4253677427768707,0.09428277892734452,0.05778778730050082,0.07133096782457116,0.013630568883739006
rbv2_xgboost_40975,14,logei,native,standard,33,none,nan,110,0,0.0,0.0,,,0,0.006873745936900377,0.20237068853625584,0.1304461193893538,0.1574524070442088,0.011573069963442645
rbv2_xgboost_40975,14,logei,native,standard,34,none,nan,110,0,0.0,0.0,,,0,0.0071430504322052,0.2456174677031602,0.16050644089093882,0.19270487602818334,0.0871681787876729
rbv2_xgboost_40975,14,logei,native,standard,5,none,nan,110,0,0.0,0.0,,,0,0.0016628110315650702,0.21523019244952898,0.14436317682640498,0.1740770693429361,0.04779327794072115
rbv2_xgboost_40975,14,logei,native,standard,6,none,nan,110,0,0.0,0.0,,,0,0.00209240079857409,0.16576504673774733,0.11118813173477957,0.1344649133942623,0.01593257448578417
rbv2_xgboost_40975,14,logei,native,standard,7,none,nan,110,0,0.0,0.0,,,0,0.007918083108961582,0.3074630856094782,0.19123545157599042,0.22950462967580781,0.04051177359916064
rbv2_xgboost_40975,14,logei,native,standard,8,none,nan,110,0,0.0,0.0,,,0,0.001644312054850161,0.23856609007278556,0.1488899764770924,0.18108974652676993,0.0336850978739637
rbv2_xgboost_40975,14,logei,native,standard,9,none,nan,110,0,0.0,0.0,,,0,0.0026206595357507467,0.29110261136611615,0.19478860669081727,0.23496835501576782,0.03740568888162236
rbv2_xgboost_40975,14,mes_gumbel,native,decay_uniform_a1,10,uniform,1.0,110,8,11.038210523733882,0.07272727272727272,1,79,13,0.04215819761157036,0.28564354436022144,0.18121712956585256,0.21930459115789427,0.01719006008305034
rbv2_xgboost_40975,14,mes_gumbel,native,decay_uniform_a1,11,uniform,1.0,110,15,11.038210523733882,0.13636363636363635,5,101,26,0.0016628110315650702,0.23272011332066583,0.14771429804235955,0.17814112203166965,0.25601783906412184
rbv2_xgboost_40975,14,mes_gumbel,native,decay_uniform_a1,12,uniform,1.0,110,18,11.038210523733882,0.16363636363636364,2,106,26,0.04413173720240593,0.21736926237792242,0.13932511789674806,0.1672265873924522,0.019933010961988275
rbv2_xgboost_40975,14,mes_gumbel,native,decay_uniform_a1,13,uniform,1.0,110,9,11.038210523733882,0.08181818181818182,1,110,12,0.0016628110315650702,0.24126405894039976,0.1600945575107146,0.1921096572203767,0.19077446389981317
rbv2_xgboost_40975,14,mes_gumbel,native,decay_uniform_a1,14,uniform,1.0,110,8,11.038210523733882,0.07272727272727272,4,89,14,0.4253677427768707,0.19090770248850916,0.12250558664726732,0.14553146457813895,0.05205409854138701
rbv2_xgboost_40975,14,mes_gumbel,native,decay_uniform_a1,15,uniform,1.0,110,9,11.038210523733882,0.08181818181818182,1,96,17,0.002437720773741603,0.1923515808356062,0.13226948818677076,0.158245487460789,0.029557002514368595
rbv2_xgboost_40975,14,mes_gumbel,native,decay_uniform_a1,16,uniform,1.0,110,15,11.038210523733882,0.13636363636363635,3,96,26,0.00831691361963749,0.24872189400818123,0.14667578887681954,0.17633684591312426,0.14627958335220148
rbv2_xgboost_40975,14,mes_gumbel,native,decay_uniform_a1,17,uniform,1.0,110,16,11.038210523733882,0.14545454545454545,1,97,25,0.006505768280476332,0.21999412385780015,0.14112034215503172,0.169847413280922,0.03977172448794123
rbv2_xgboost_40975,14,mes_gumbel,native,decay_uniform_a1,18,uniform,1.0,110,12,11.038210523733882,0.10909090909090909,1,107,21,0.1756645143032074,1.0,1.0,1.0,1.0
rbv2_xgboost_40975,14,mes_gumbel,native,decay_uniform_a1,19,uniform,1.0,110,11,11.038210523733882,0.1,2,95,22,0.4253677427768707,0.15383582663548998,0.10455502632879246,0.12763098718124588,0.048676123732287996
rbv2_xgboost_40975,14,mes_gumbel,native,decay_uniform_a1,20,uniform,1.0,110,10,11.038210523733882,0.09090909090909091,3,108,14,0.0028960972558707,0.2163446772279591,0.13350083434777757,0.16381890637611035,0.13168557471489065
rbv2_xgboost_40975,14,mes_gumbel,native,decay_uniform_a1,21,uniform,1.0,110,18,11.038210523733882,0.16363636363636364,1,98,29,0.0022588938008993864,0.21703959663972358,0.1362596676692675,0.16351117312867613,0.03389058565167327
rbv2_xgboost_40975,14,mes_gumbel,native,decay_uniform_a1,22,uniform,1.0,110,6,11.038210523733882,0.05454545454545454,8,82,12,0.0015785380965098739,0.23146240427519157,0.15112608350694456,0.18118647752320816,0.0299444955076755
rbv2_xgboost_40975,14,mes_gumbel,native,decay_uniform_a1,23,uniform,1.0,110,14,11.038210523733882,0.12727272727272726,6,78,22,0.008175061084330082,0.19093946662277994,0.1270255462077803,0.1562246633637584,0.02241857136259654
rbv2_xgboost_40975,14,mes_gumbel,native,decay_uniform_a1,24,uniform,1.0,110,9,11.038210523733882,0.08181818181818182,1,57,15,0.4253677427768707,0.18087387198464494,0.10693096701771002,0.12920659645130284,0.049517281996956874
rbv2_xgboost_40975,14,mes_gumbel,native,decay_uniform_a1,25,uniform,1.0,110,16,11.038210523733882,0.14545454545454545,1,101,23,0.0021129553206264973,0.23020256567618405,0.1444939645500587,0.17508543164907958,0.042785044584126054
rbv2_xgboost_40975,14,mes_gumbel,native,decay_uniform_a1,26,uniform,1.0,110,8,11.038210523733882,0.07272727272727272,2,72,14,0.01246995385736227,0.21469476806163135,0.13515844793814635,0.1625308333390339,0.04172395603189131
rbv2_xgboost_40975,14,mes_gumbel,native,decay_uniform_a1,27,uniform,1.0,110,11,11.038210523733882,0.1,2,80,16,0.0012208942789584398,0.19368995981297257,0.1280161232006998,0.1558285120892485,0.03501835472288478
rbv2_xgboost_40975,14,mes_gumbel,native,decay_uniform_a1,28,uniform,1.0,110,13,11.038210523733882,0.11818181818181818,1,87,19,0.0068429093807935715,0.22069937894787617,0.13731706732822951,0.16502921150247502,0.024800848908526584
rbv2_xgboost_40975,14,mes_gumbel,native,decay_uniform_a1,29,uniform,1.0,110,9,11.038210523733882,0.08181818181818182,2,106,14,0.016911381855607033,0.27363059127765577,0.17095409340605008,0.2081808662709326,0.03164222945747222
rbv2_xgboost_40975,14,mes_gumbel,native,decay_uniform_a1,30,uniform,1.0,110,9,11.038210523733882,0.08181818181818182,1,87,15,0.0028405983466655016,0.2552596047935968,0.16738002811502634,0.20144949802744813,0.03774450001566954
rbv2_xgboost_40975,14,mes_gumbel,native,decay_uniform_a1,31,uniform,1.0,110,11,11.038210523733882,0.1,2,81,20,0.002943374216556549,0.2544637618595877,0.15756697735349223,0.19060051231724928,0.035164818356095424
rbv2_xgboost_40975,14,mes_gumbel,native,decay_uniform_a1,32,uniform,1.0,110,11,11.038210523733882,0.1,2,86,22,0.4253677427768707,0.15864419847149389,0.10273443916044059,0.1270289594921217,0.08463708986153914
rbv2_xgboost_40975,14,mes_gumbel,native,decay_uniform_a1,33,uniform,1.0,110,10,11.038210523733882,0.09090909090909091,1,99,13,0.001527152257040143,0.2087964016375788,0.1396201534910036,0.16871505238832293,0.137552538333363
rbv2_xgboost_40975,14,mes_gumbel,native,decay_uniform_a1,34,uniform,1.0,110,9,11.038210523733882,0.08181818181818182,2,62,18,0.4253677427768707,0.14865153735625936,0.09083327908156158,0.11086176833673854,0.0694045194833267
rbv2_xgboost_40975,14,mes_gumbel,native,decay_uniform_a1,5,uniform,1.0,110,10,11.038210523733882,0.09090909090909091,1,95,17,0.008783590979874134,0.19303280873595657,0.123108437714772,0.1492608654758422,0.15557116107628519
rbv2_xgboost_40975,14,mes_gumbel,native,decay_uniform_a1,6,uniform,1.0,110,14,11.038210523733882,0.12727272727272726,5,110,25,0.052739258855581284,0.2376859645177612,0.16674534150021197,0.20083344954881086,0.1571301085570277
rbv2_xgboost_40975,14,mes_gumbel,native,decay_uniform_a1,7,uniform,1.0,110,14,11.038210523733882,0.12727272727272726,2,103,20,0.0020882897078990936,0.2777235421875496,0.16298817240906488,0.19735613904441257,0.030757499031503908
rbv2_xgboost_40975,14,mes_gumbel,native,decay_uniform_a1,8,uniform,1.0,110,9,11.038210523733882,0.08181818181818182,5,108,16,0.0015805935254320502,0.18410973116074197,0.11506550294573094,0.13970530737263823,0.13807433666374555
rbv2_xgboost_40975,14,mes_gumbel,native,decay_uniform_a1,9,uniform,1.0,110,10,11.038210523733882,0.09090909090909091,1,86,17,0.0014387688133865595,0.24258294174550726,0.16230965585710794,0.19687182347767127,0.045646433455966924
rbv2_xgboost_40975,14,mes_gumbel,native,decay_uniform_grid_a1_2,10,uniform,0.5,110,65,61.23939808169744,0.5909090909090909,1,108,53,0.007745395414531231,0.25213100099373054,0.1533713293410449,0.18515876154595687,0.08562732884928687
rbv2_xgboost_40975,14,mes_gumbel,native,decay_uniform_grid_a1_2,11,uniform,0.5,110,69,61.23939808169744,0.6272727272727273,2,110,45,0.012502850964665413,0.3652969176174963,0.2330484938991098,0.27614356241856547,0.30847339892757375
rbv2_xgboost_40975,14,mes_gumbel,native,decay_uniform_grid_a1_2,12,uniform,0.5,110,66,61.23939808169744,0.6,1,108,41,0.0029824289958924055,0.2731061714825925,0.17141245797548144,0.20751028205330171,0.10742461424407403
rbv2_xgboost_40975,14,mes_gumbel,native,decay_uniform_grid_a1_2,13,uniform,0.5,110,62,61.23939808169744,0.5636363636363636,1,110,54,0.02018730342388153,0.28062302352521845,0.1766583743791692,0.21282977802421058,0.17331327941228516
rbv2_xgboost_40975,14,mes_gumbel,native,decay_uniform_grid_a1_2,14,uniform,0.5,110,59,61.23939808169744,0.5363636363636364,2,109,50,0.002871431177482009,0.22215543682168956,0.14227734570751932,0.17151472681167423,0.048006890661630365
rbv2_xgboost_40975,14,mes_gumbel,native,decay_uniform_grid_a1_2,15,uniform,0.5,110,59,61.23939808169744,0.5363636363636364,1,107,61,0.013240993954241276,0.2645084319339018,0.1716674035357602,0.20724209282774397,0.06077401351489803
rbv2_xgboost_40975,14,mes_gumbel,native,decay_uniform_grid_a1_2,16,uniform,0.5,110,59,61.23939808169744,0.5363636363636364,3,109,54,0.0810200572013855,0.25625053422953853,0.16553218585028617,0.19981882837493406,0.04797983020334847
rbv2_xgboost_40975,14,mes_gumbel,native,decay_uniform_grid_a1_2,17,uniform,0.5,110,68,61.23939808169744,0.6181818181818182,1,109,51,0.013113514520227909,0.23949353160865972,0.15755838242322182,0.19127424438226215,0.044586987278772
rbv2_xgboost_40975,14,mes_gumbel,native,decay_uniform_grid_a1_2,18,uniform,0.5,110,66,61.23939808169744,0.6,1,109,63,0.00935307051986456,0.25813675761789245,0.1682339646895562,0.2010294319206386,0.034279447914686186
rbv2_xgboost_40975,14,mes_gumbel,native,decay_uniform_grid_a1_2,19,uniform,0.5,110,52,61.23939808169744,0.4727272727272727,2,110,47,0.012986035086214542,0.311393711700795,0.202642185090237,0.23988270976884812,0.16863349365614977
rbv2_xgboost_40975,14,mes_gumbel,native,decay_uniform_grid_a1_2,20,uniform,0.5,110,56,61.23939808169744,0.509090909090909,3,109,62,0.006281694862991571,0.25252199982068385,0.1606511712505798,0.19445849496628653,0.05405609713412095
rbv2_xgboost_40975,14,mes_gumbel,native,decay_uniform_grid_a1_2,21,uniform,0.5,110,62,61.23939808169744,0.5636363636363636,1,110,56,0.006413260940462351,0.3303625207257448,0.2219915706124333,0.2658984021845759,0.2365899378295953
rbv2_xgboost_40975,14,mes_gumbel,native,decay_uniform_grid_a1_2,22,uniform,0.5,110,55,61.23939808169744,0.5,1,108,61,0.0015641500940546393,0.25414938718006747,0.16830719460279078,0.20520003694970682,0.08314969722880598
rbv2_xgboost_40975,14,mes_gumbel,native,decay_uniform_grid_a1_2,23,uniform,0.5,110,73,61.23939808169744,0.6636363636363637,2,108,52,0.0016628110315650702,0.2686190672525345,0.1689511591229932,0.20678967260417547,0.050482386811749755
rbv2_xgboost_40975,14,mes_gumbel,native,decay_uniform_grid_a1_2,24,uniform,0.5,110,59,61.23939808169744,0.5363636363636364,1,110,50,0.006620889529585838,0.28879819555147607,0.17822139192833822,0.21529251219701429,0.1973041013859882
rbv2_xgboost_40975,14,mes_gumbel,native,decay_uniform_grid_a1_2,25,uniform,0.5,110,53,61.23939808169744,0.4818181818181818,1,109,57,0.0028385429177433252,0.24060055462842064,0.1422570492655559,0.17274815358597206,0.03305111772140135
rbv2_xgboost_40975,14,mes_gumbel,native,decay_uniform_grid_a1_2,26,uniform,0.5,110,61,61.23939808169744,0.5545454545454546,2,110,47,0.024905338883399963,0.3174447017360547,0.2129215586365577,0.25508646068260377,0.19055491458549575
rbv2_xgboost_40975,14,mes_gumbel,native,decay_uniform_grid_a1_2,27,uniform,0.5,110,58,61.23939808169744,0.5272727272727272,2,109,50,0.007821460254490376,0.22080492894837878,0.1452906468887705,0.17670882272980912,0.03765860968300045
rbv2_xgboost_40975,14,mes_gumbel,native,decay_uniform_grid_a1_2,28,uniform,0.5,110,61,61.23939808169744,0.5545454545454546,1,110,50,0.028609881177544594,0.3002864005412535,0.1835654624148219,0.22168596554554165,0.19941156646841454
rbv2_xgboost_40975,14,mes_gumbel,native,decay_uniform_grid_a1_2,29,uniform,0.5,110,54,61.23939808169744,0.4909090909090909,2,106,48,0.00217256392352283,0.2790871877817325,0.17084125864924063,0.2051741950616003,0.05291900510145289
rbv2_xgboost_40975,14,mes_gumbel,native,decay_uniform_grid_a1_2,30,uniform,0.5,110,63,61.23939808169744,0.5727272727272728,1,110,54,0.1317562311887741,0.2199905851765137,0.14294836702440078,0.17099186119378806,0.17074367177012198
rbv2_xgboost_40975,14,mes_gumbel,native,decay_uniform_grid_a1_2,31,uniform,0.5,110,53,61.23939808169744,0.4818181818181818,2,110,53,0.004131483379751444,0.24304168652879254,0.1539190284070926,0.18491256550037632,0.16215234839178
rbv2_xgboost_40975,14,mes_gumbel,native,decay_uniform_grid_a1_2,32,uniform,0.5,110,61,61.23939808169744,0.5545454545454546,2,109,54,0.005161347799003124,0.22900750731887146,0.14356751434056628,0.1730170648561357,0.06462469101950424
rbv2_xgboost_40975,14,mes_gumbel,native,decay_uniform_grid_a1_2,33,uniform,0.5,110,52,61.23939808169744,0.4727272727272727,1,105,51,0.024853918701410294,0.2885317455515006,0.18762869845057967,0.22626673830464486,0.0366895669972842
rbv2_xgboost_40975,14,mes_gumbel,native,decay_uniform_grid_a1_2,34,uniform,0.5,110,58,61.23939808169744,0.5272727272727272,2,110,69,0.2125449776649475,0.26425280016817376,0.17396348619350888,0.20793290518303767,0.14835853157990112
rbv2_xgboost_40975,14,mes_gumbel,native,decay_uniform_grid_a1_2,5,uniform,0.5,110,59,61.23939808169744,0.5363636363636364,1,109,57,0.0014654893893748522,0.23793512909768377,0.1541454783168657,0.18629823038470916,0.04756773669422663
rbv2_xgboost_40975,14,mes_gumbel,native,decay_uniform_grid_a1_2,6,uniform,0.5,110,59,61.23939808169744,0.5363636363636364,2,110,55,0.037077728658914566,0.23361857141448997,0.1501270632933012,0.18265971822888483,0.13282848975615053
rbv2_xgboost_40975,14,mes_gumbel,native,decay_uniform_grid_a1_2,7,uniform,0.5,110,65,61.23939808169744,0.5909090909090909,1,108,59,0.046685777604579926,0.3802485165873812,0.23014060542249687,0.273574661815048,0.04462314441925323
rbv2_xgboost_40975,14,mes_gumbel,native,decay_uniform_grid_a1_2,8,uniform,0.5,110,65,61.23939808169744,0.5909090909090909,1,110,56,0.0025857160799205303,0.22584773541621306,0.13946380699683616,0.1692406228021721,0.136864354604259
rbv2_xgboost_40975,14,mes_gumbel,native,decay_uniform_grid_a1_2,9,uniform,0.5,110,55,61.23939808169744,0.5,1,106,57,0.0016299240523949265,0.25868252575544964,0.1749858905047245,0.21179702217069662,0.041290377044767734
rbv2_xgboost_40975,14,mes_gumbel,native,fixed_p020,10,uniform,nan,110,26,21.999999999999954,0.23636363636363636,1,108,41,0.008312801830470562,0.21187799550233843,0.12978779101254717,0.15782841732948164,0.05290701790404711
rbv2_xgboost_40975,14,mes_gumbel,native,fixed_p020,11,uniform,nan,110,29,21.999999999999954,0.2636363636363636,11,109,42,0.006546882912516594,0.35519947865597834,0.2249222981874718,0.2667227591220891,0.08734222384220307
rbv2_xgboost_40975,14,mes_gumbel,native,fixed_p020,12,uniform,nan,110,32,21.999999999999954,0.2909090909090909,6,108,44,0.0014880991075187922,0.2858157140565023,0.18755750006101127,0.2241541063416259,0.17833050477874232
rbv2_xgboost_40975,14,mes_gumbel,native,fixed_p020,13,uniform,nan,110,27,21.999999999999954,0.24545454545454545,1,110,36,0.005227128509432077,0.2372661266448582,0.1524847129323414,0.1844596452267907,0.1506214529361993
rbv2_xgboost_40975,14,mes_gumbel,native,fixed_p020,14,uniform,nan,110,23,21.999999999999954,0.20909090909090908,4,108,42,0.001194173819385469,0.2277129251684811,0.14354975276399223,0.17196047290539354,0.022985367639079827
rbv2_xgboost_40975,14,mes_gumbel,native,fixed_p020,15,uniform,nan,110,18,21.999999999999954,0.16363636363636364,1,96,27,0.002127343788743019,0.20759982602245286,0.13366975741680048,0.16055980462273517,0.05376479333977511
rbv2_xgboost_40975,14,mes_gumbel,native,fixed_p020,16,uniform,nan,110,26,21.999999999999954,0.23636363636363636,3,104,34,0.01356586441397667,0.25425973399141477,0.15752009366632283,0.18823494040748054,0.01634017672998095
rbv2_xgboost_40975,14,mes_gumbel,native,fixed_p020,17,uniform,nan,110,31,21.999999999999954,0.2818181818181818,2,109,52,0.003399701789021492,0.23890698670815813,0.15854116102847932,0.18915663956700596,0.03394835436320971
rbv2_xgboost_40975,14,mes_gumbel,native,fixed_p020,18,uniform,nan,110,30,21.999999999999954,0.2727272727272727,4,108,48,0.009795092046260834,0.18300665789796136,0.12342400019424889,0.1493506564178119,0.04256391470488157
rbv2_xgboost_40975,14,mes_gumbel,native,fixed_p020,19,uniform,nan,110,19,21.999999999999954,0.17272727272727273,9,109,30,0.10854468494653702,0.19014682848120154,0.12689798182684997,0.1534637622537047,0.13497092917218914
rbv2_xgboost_40975,14,mes_gumbel,native,fixed_p020,20,uniform,nan,110,16,21.999999999999954,0.14545454545454545,3,108,28,0.002127343788743019,0.2343222703004595,0.13979098177709293,0.17149170979174705,0.09230176913592089
rbv2_xgboost_40975,14,mes_gumbel,native,fixed_p020,21,uniform,nan,110,30,21.999999999999954,0.2727272727272727,15,109,38,0.0014880991075187922,0.20894338915161542,0.12568124298411817,0.15153873629576753,0.049964551393933763
rbv2_xgboost_40975,14,mes_gumbel,native,fixed_p020,22,uniform,nan,110,18,21.999999999999954,0.16363636363636364,14,103,32,0.0015538728330284357,0.21866231572176592,0.14125059389590502,0.16996681993758336,0.036747773745731106
rbv2_xgboost_40975,14,mes_gumbel,native,fixed_p020,23,uniform,nan,110,26,21.999999999999954,0.23636363636363636,6,108,36,0.008473156951367855,0.19839152894052228,0.13137732545639746,0.1594675882257449,0.02689401088777536
rbv2_xgboost_40975,14,mes_gumbel,native,fixed_p020,24,uniform,nan,110,24,21.999999999999954,0.21818181818181817,4,106,38,0.008662295527756214,0.22051978858961088,0.14028819184408386,0.16831874115551004,0.021345037985896497
rbv2_xgboost_40975,14,mes_gumbel,native,fixed_p020,25,uniform,nan,110,22,21.999999999999954,0.2,1,109,33,0.0020965116564184427,0.23266986301763426,0.14208722306780017,0.17141882680259887,0.04276367734815591
rbv2_xgboost_40975,14,mes_gumbel,native,fixed_p020,26,uniform,nan,110,22,21.999999999999954,0.2,2,110,31,0.00880414992570877,0.24341710977077377,0.15537446408751862,0.18792693612439654,0.10540894639277895
rbv2_xgboost_40975,14,mes_gumbel,native,fixed_p020,27,uniform,nan,110,16,21.999999999999954,0.14545454545454545,6,98,26,0.007652884349226952,0.19961605948162497,0.13049896795695615,0.15895714847053655,0.023219885320011478
rbv2_xgboost_40975,14,mes_gumbel,native,fixed_p020,28,uniform,nan,110,19,21.999999999999954,0.17272727272727273,5,110,31,0.008263461291790009,0.27046590759024924,0.1707244044462744,0.20618854554285002,0.1580674989875057
rbv2_xgboost_40975,14,mes_gumbel,native,fixed_p020,29,uniform,nan,110,24,21.999999999999954,0.21818181818181817,2,106,34,0.002184896729886532,0.28366769749407245,0.17729059919426526,0.2138647201781949,0.0656753059968782
rbv2_xgboost_40975,14,mes_gumbel,native,fixed_p020,30,uniform,nan,110,24,21.999999999999954,0.21818181818181817,14,110,29,0.0011222345056012273,0.21149214085511486,0.13662158285400883,0.16211376051016,0.1691670497056323
rbv2_xgboost_40975,14,mes_gumbel,native,fixed_p020,31,uniform,nan,110,21,21.999999999999954,0.19090909090909092,2,103,32,0.0036114235408604145,0.2574415448575391,0.165213882941814,0.19804461865215028,0.04204954503815355
rbv2_xgboost_40975,14,mes_gumbel,native,fixed_p020,32,uniform,nan,110,26,21.999999999999954,0.23636363636363636,4,109,40,0.006873745936900377,0.6304910797265642,0.46827833181949924,0.5359750693942238,0.7206443496247666
rbv2_xgboost_40975,14,mes_gumbel,native,fixed_p020,33,uniform,nan,110,21,21.999999999999954,0.19090909090909092,1,105,33,0.001079070963896811,0.21731142941028853,0.14009520862126612,0.1689193098582664,0.017528332043417815
rbv2_xgboost_40975,14,mes_gumbel,native,fixed_p020,34,uniform,nan,110,18,21.999999999999954,0.16363636363636364,4,110,31,0.0068387980572879314,0.21860554164734974,0.1336452683683969,0.16118097093353836,0.12869045615047592
rbv2_xgboost_40975,14,mes_gumbel,native,fixed_p020,5,uniform,nan,110,14,21.999999999999954,0.12727272727272726,2,101,26,0.005775992292910814,0.26886840163466796,0.17138530200584517,0.20820606344613546,0.031960598693570846
rbv2_xgboost_40975,14,mes_gumbel,native,fixed_p020,6,uniform,nan,110,27,21.999999999999954,0.24545454545454545,9,110,37,0.002006071386858821,0.22946750194940577,0.1533945839949023,0.18530587911803248,0.12051966422060369
rbv2_xgboost_40975,14,mes_gumbel,native,fixed_p020,7,uniform,nan,110,28,21.999999999999954,0.2545454545454545,2,105,44,0.0020821234211325645,0.26821900804423704,0.15376303414030285,0.18653255638986221,0.06914689675333673
rbv2_xgboost_40975,14,mes_gumbel,native,fixed_p020,8,uniform,nan,110,24,21.999999999999954,0.21818181818181817,5,108,42,0.0016895318403840065,0.2817336959643317,0.17420187554857675,0.21018976057244276,0.03627980995838351
rbv2_xgboost_40975,14,mes_gumbel,native,fixed_p020,9,uniform,nan,110,20,21.999999999999954,0.18181818181818182,8,104,36,0.0065962206572294235,0.2985154726828053,0.20038959884180627,0.2425667416799537,0.019384059635620548
rbv2_xgboost_40975,14,mes_gumbel,native,standard,10,none,nan,110,0,0.0,0.0,,,0,0.025014352053403854,0.2067735493795818,0.1255756828790528,0.15238400212511802,0.170121476523431
rbv2_xgboost_40975,14,mes_gumbel,native,standard,11,none,nan,110,0,0.0,0.0,,,0,0.0028960972558707,0.7974395942219845,0.6777225730514546,0.7398450057950317,0.6978591208193249
rbv2_xgboost_40975,14,mes_gumbel,native,standard,12,none,nan,110,0,0.0,0.0,,,0,0.0014572676736861467,0.219689632862442,0.1417842628611457,0.1725459557584125,0.12536039230380966
rbv2_xgboost_40975,14,mes_gumbel,native,standard,13,none,nan,110,0,0.0,0.0,,,0,0.3365611433982849,0.2427840839449294,0.1625152653090995,0.19643291614185743,0.1733794436664174
rbv2_xgboost_40975,14,mes_gumbel,native,standard,14,none,nan,110,0,0.0,0.0,,,0,0.006818240508437157,0.23728156057657554,0.1561809729632332,0.18850193086586678,0.03380943863949703
rbv2_xgboost_40975,14,mes_gumbel,native,standard,15,none,nan,110,0,0.0,0.0,,,0,0.010058251209557056,0.21844077642149462,0.1369762511494525,0.16784495207687522,0.13182331249606577
rbv2_xgboost_40975,14,mes_gumbel,native,standard,16,none,nan,110,0,0.0,0.0,,,0,0.4253677427768707,0.1727373845314824,0.11414050895504178,0.1382354743607177,0.07350881303730876
rbv2_xgboost_40975,14,mes_gumbel,native,standard,17,none,nan,110,0,0.0,0.0,,,0,0.0013010554248467088,0.22332225947664192,0.15178862314760244,0.18071009207029087,0.023293001938826424
rbv2_xgboost_40975,14,mes_gumbel,native,standard,18,none,nan,110,0,0.0,0.0,,,0,0.006053511053323746,0.19505768589171985,0.12268608833884187,0.1484985049096532,0.0334271471178761
rbv2_xgboost_40975,14,mes_gumbel,native,standard,19,none,nan,110,0,0.0,0.0,,,0,0.4253677427768707,0.13262038330044415,0.08751142489555103,0.10718826682566324,0.037820455222332995
rbv2_xgboost_40975,14,mes_gumbel,native,standard,20,none,nan,110,0,0.0,0.0,,,0,0.0020492360927164555,0.22472796911137172,0.15866366028137546,0.19067158740486811,0.03580619789861996
rbv2_xgboost_40975,14,mes_gumbel,native,standard,21,none,nan,110,0,0.0,0.0,,,0,0.0014223253820091486,0.2239427037847999,0.1427743867818913,0.172937773372309,0.021352862252270878
rbv2_xgboost_40975,14,mes_gumbel,native,standard,22,none,nan,110,0,0.0,0.0,,,0,0.0016628110315650702,0.2139603124698874,0.14358896009560843,0.17243254442627393,0.025291822628338685
rbv2_xgboost_40975,14,mes_gumbel,native,standard,23,none,nan,110,0,0.0,0.0,,,0,0.0057657137513160706,0.2115598349290776,0.1390294309759149,0.16908640125117763,0.05041453729549331
rbv2_xgboost_40975,14,mes_gumbel,native,standard,24,none,nan,110,0,0.0,0.0,,,0,0.4253677427768707,0.18683937692081215,0.11764157829531563,0.14093748517463942,0.0706750941619355
rbv2_xgboost_40975,14,mes_gumbel,native,standard,25,none,nan,110,0,0.0,0.0,,,0,0.007517201825976372,0.22163159676991542,0.1366508350244089,0.16785582915290836,0.03212363264606144
rbv2_xgboost_40975,14,mes_gumbel,native,standard,26,none,nan,110,0,0.0,0.0,,,0,0.4253677427768707,0.1579377566813186,0.09868345311871135,0.11931809164539647,0.05971380881603535
rbv2_xgboost_40975,14,mes_gumbel,native,standard,27,none,nan,110,0,0.0,0.0,,,0,0.0025898271705955267,0.2508028577174153,0.16611385115453758,0.2025701432692161,0.03886432446710333
rbv2_xgboost_40975,14,mes_gumbel,native,standard,28,none,nan,110,0,0.0,0.0,,,0,0.4253677427768707,0.14242759323863988,0.09201313834084315,0.11303134836634274,0.027703303369689628
rbv2_xgboost_40975,14,mes_gumbel,native,standard,29,none,nan,110,0,0.0,0.0,,,0,0.006080235354602337,0.31296693991716495,0.20999534878003923,0.2521648896369494,0.06942281757987476
rbv2_xgboost_40975,14,mes_gumbel,native,standard,30,none,nan,110,0,0.0,0.0,,,0,0.003991703502833843,0.30675561637188153,0.21643778752446988,0.2555616641396935,0.0011545496125619382
rbv2_xgboost_40975,14,mes_gumbel,native,standard,31,none,nan,110,0,0.0,0.0,,,0,0.008043487556278706,0.2046153555543307,0.13132432176697179,0.15944618488990062,0.03433690502813067
rbv2_xgboost_40975,14,mes_gumbel,native,standard,32,none,nan,110,0,0.0,0.0,,,0,0.4253677427768707,0.14201821974615758,0.08851004013682022,0.1087388430536745,0.0656969060718613
rbv2_xgboost_40975,14,mes_gumbel,native,standard,33,none,nan,110,0,0.0,0.0,,,0,0.002865264657884836,0.2777718057924197,0.18580128408343405,0.22216004515149068,0.053929833197443475
rbv2_xgboost_40975,14,mes_gumbel,native,standard,34,none,nan,110,0,0.0,0.0,,,0,0.12269993126392365,0.16079639550358224,0.10617791238206864,0.1277632586429468,0.10816427304504476
rbv2_xgboost_40975,14,mes_gumbel,native,standard,5,none,nan,110,0,0.0,0.0,,,0,0.006873745936900377,0.38508649879125195,0.2672481443156921,0.316155876930341,0.1744950908049234
rbv2_xgboost_40975,14,mes_gumbel,native,standard,6,none,nan,110,0,0.0,0.0,,,0,0.006610610522329807,0.2366550178134138,0.15562387207523914,0.18731212062411615,0.01931614355109615
rbv2_xgboost_40975,14,mes_gumbel,native,standard,7,none,nan,110,0,0.0,0.0,,,0,0.0020636243280023336,0.2773310181031682,0.17244330445371842,0.2065243059602057,0.05371579303586777
rbv2_xgboost_40975,14,mes_gumbel,native,standard,8,none,nan,110,0,0.0,0.0,,,0,0.004045148845762014,0.21551479005392934,0.13494461547146253,0.16256320836867155,0.03520106133666201
rbv2_xgboost_40975,14,mes_gumbel,native,standard,9,none,nan,110,0,0.0,0.0,,,0,0.006423539482057095,0.2756544311940609,0.18201376753546455,0.2194473463397081,0.03187639594981097
rbv2_xgboost_40975,14,ts,logarithmic,decay_uniform_a1,10,uniform,1.0,110,8,11.038210523733882,0.07272727272727272,1,79,13,0.09543812274932861,0.3304684584618869,0.21450581947299147,0.2570373935715889,0.19938038810857867
rbv2_xgboost_40975,14,ts,logarithmic,decay_uniform_a1,11,uniform,1.0,110,15,11.038210523733882,0.13636363636363635,5,101,26,0.09414175152778625,0.31664213158041354,0.18772573748557467,0.22821286653361172,0.19892346369962013
rbv2_xgboost_40975,14,ts,logarithmic,decay_uniform_a1,12,uniform,1.0,110,18,11.038210523733882,0.16363636363636364,2,106,26,0.16368474066257477,0.2968763563137148,0.195426987639778,0.235755054435851,0.1757682388892054
rbv2_xgboost_40975,14,ts,logarithmic,decay_uniform_a1,13,uniform,1.0,110,9,11.038210523733882,0.08181818181818182,1,110,12,0.06550218164920807,0.2446969519895878,0.1643138114465428,0.19934872407653406,0.16448045967133862
rbv2_xgboost_40975,14,ts,logarithmic,decay_uniform_a1,14,uniform,1.0,110,8,11.038210523733882,0.07272727272727272,4,89,14,0.11348722875118256,0.27964422782148907,0.18463910466001215,0.22469191283050846,0.24361933852387135
rbv2_xgboost_40975,14,ts,logarithmic,decay_uniform_a1,15,uniform,1.0,110,9,11.038210523733882,0.08181818181818182,1,96,17,0.10544590651988983,0.2684119289662558,0.16962591385702536,0.20626102414953798,0.16770406806192917
rbv2_xgboost_40975,14,ts,logarithmic,decay_uniform_a1,16,uniform,1.0,110,15,11.038210523733882,0.13636363636363635,3,96,26,0.12583120167255402,0.30430355506398693,0.19969873408323832,0.2406997011229119,0.19767687671044487
rbv2_xgboost_40975,14,ts,logarithmic,decay_uniform_a1,17,uniform,1.0,110,16,11.038210523733882,0.14545454545454545,1,97,25,0.12227915227413177,0.27359903895756177,0.17554708946783876,0.2085234671135812,0.18524131840791408
rbv2_xgboost_40975,14,ts,logarithmic,decay_uniform_a1,18,uniform,1.0,110,12,11.038210523733882,0.10909090909090909,1,107,21,0.10424605756998062,0.2905486492739657,0.1889469757893822,0.2284587340962548,0.1397916814798917
rbv2_xgboost_40975,14,ts,logarithmic,decay_uniform_a1,19,uniform,1.0,110,11,11.038210523733882,0.1,2,95,22,0.09586063772439957,0.2687352110773154,0.17924335244160744,0.215496531742704,0.17895509128856735
rbv2_xgboost_40975,14,ts,logarithmic,decay_uniform_a1,20,uniform,1.0,110,10,11.038210523733882,0.09090909090909091,3,108,14,0.16695810854434967,0.26784849849140985,0.1633043487537001,0.19812930885629976,0.19568141402561434
rbv2_xgboost_40975,14,ts,logarithmic,decay_uniform_a1,21,uniform,1.0,110,18,11.038210523733882,0.16363636363636364,1,98,29,0.08418875187635422,0.28855631871763165,0.18144999092166525,0.2174174486243029,0.1932948687598505
rbv2_xgboost_40975,14,ts,logarithmic,decay_uniform_a1,22,uniform,1.0,110,6,11.038210523733882,0.05454545454545454,8,82,12,0.11072822660207748,0.29829636868241294,0.17964057797027172,0.21706917528994657,0.13379024168201897
rbv2_xgboost_40975,14,ts,logarithmic,decay_uniform_a1,23,uniform,1.0,110,14,11.038210523733882,0.12727272727272726,6,78,22,0.08680345118045807,0.29301011771486674,0.19138340020213962,0.2314638039413342,0.164711463718822
rbv2_xgboost_40975,14,ts,logarithmic,decay_uniform_a1,24,uniform,1.0,110,9,11.038210523733882,0.08181818181818182,1,57,15,0.2509886920452118,0.25163739756663867,0.1630534587606636,0.19514212147685725,0.14216918989596974
rbv2_xgboost_40975,14,ts,logarithmic,decay_uniform_a1,25,uniform,1.0,110,16,11.038210523733882,0.14545454545454545,1,101,23,0.1926705539226532,0.29750743715044375,0.17984683787651085,0.21837698990400764,0.19307697755809153
rbv2_xgboost_40975,14,ts,logarithmic,decay_uniform_a1,26,uniform,1.0,110,8,11.038210523733882,0.07272727272727272,2,72,14,0.12673062086105347,0.3173959019330166,0.1977524826045021,0.2363678446554402,0.1605273652789763
rbv2_xgboost_40975,14,ts,logarithmic,decay_uniform_a1,27,uniform,1.0,110,11,11.038210523733882,0.1,2,80,16,0.10188152641057968,0.2723426759729718,0.1787178001879443,0.21713759599271637,0.1829007901877375
rbv2_xgboost_40975,14,ts,logarithmic,decay_uniform_a1,28,uniform,1.0,110,13,11.038210523733882,0.11818181818181818,1,87,19,0.10681486129760742,0.32040772759978803,0.2055755652393358,0.25036604974721016,0.22396935972785872
rbv2_xgboost_40975,14,ts,logarithmic,decay_uniform_a1,29,uniform,1.0,110,9,11.038210523733882,0.08181818181818182,2,106,14,0.14113272726535797,0.28721779818801657,0.18754020881030192,0.22786259651810165,0.2837956874171889
rbv2_xgboost_40975,14,ts,logarithmic,decay_uniform_a1,30,uniform,1.0,110,9,11.038210523733882,0.08181818181818182,1,87,15,0.12101064622402191,0.28809878829397906,0.18351335343608022,0.21932585559610263,0.178703943950471
rbv2_xgboost_40975,14,ts,logarithmic,decay_uniform_a1,31,uniform,1.0,110,11,11.038210523733882,0.1,2,81,20,0.22031965851783752,0.27814603408656496,0.17629539717726286,0.21446404556512935,0.15491600517779835
rbv2_xgboost_40975,14,ts,logarithmic,decay_uniform_a1,32,uniform,1.0,110,11,11.038210523733882,0.1,2,86,22,0.11700331419706345,0.28344507544884795,0.18620984977362987,0.22503569284932048,0.17961047445380904
rbv2_xgboost_40975,14,ts,logarithmic,decay_uniform_a1,33,uniform,1.0,110,10,11.038210523733882,0.09090909090909091,1,99,13,0.09823918342590332,0.29658586262445524,0.1836429884085098,0.22432414183192576,0.12075947367290027
rbv2_xgboost_40975,14,ts,logarithmic,decay_uniform_a1,34,uniform,1.0,110,9,11.038210523733882,0.08181818181818182,2,62,18,0.1282241940498352,0.3476379582185138,0.20980852988034354,0.2541080232415024,0.21178587624324663
rbv2_xgboost_40975,14,ts,logarithmic,decay_uniform_a1,5,uniform,1.0,110,10,11.038210523733882,0.09090909090909091,1,95,17,0.06528390198945999,0.2783285793817004,0.18169890477378436,0.22018253716225067,0.17612819345619207
rbv2_xgboost_40975,14,ts,logarithmic,decay_uniform_a1,6,uniform,1.0,110,14,11.038210523733882,0.12727272727272726,5,110,25,0.09238997846841812,0.2635334230033892,0.17595633462193122,0.21318945383262294,0.1786892877150404
rbv2_xgboost_40975,14,ts,logarithmic,decay_uniform_a1,7,uniform,1.0,110,14,11.038210523733882,0.12727272727272726,2,103,20,0.11570201069116592,0.3026599321987066,0.18626787725878358,0.22160468508752282,0.19184332365175946
rbv2_xgboost_40975,14,ts,logarithmic,decay_uniform_a1,8,uniform,1.0,110,9,11.038210523733882,0.08181818181818182,5,108,16,0.13900092244148254,0.3107690859382101,0.19986897873363343,0.23777800546700423,0.17671911409530244
rbv2_xgboost_40975,14,ts,logarithmic,decay_uniform_a1,9,uniform,1.0,110,10,11.038210523733882,0.09090909090909091,1,86,17,0.08538996428251266,0.33930468675767117,0.2186841737518312,0.26381924014599134,0.18048831406656002
rbv2_xgboost_40975,14,ts,logarithmic,decay_uniform_grid_a1_2,10,uniform,0.5,110,65,61.23939808169744,0.5909090909090909,1,108,53,0.1346118301153183,0.2856371880003976,0.17777794550346177,0.21369836108132392,0.21054978272427813
rbv2_xgboost_40975,14,ts,logarithmic,decay_uniform_grid_a1_2,11,uniform,0.5,110,69,61.23939808169744,0.6272727272727273,2,110,45,0.14702323079109192,0.3164029936653087,0.18286802896681648,0.21782053995741016,0.2535861104156479
rbv2_xgboost_40975,14,ts,logarithmic,decay_uniform_grid_a1_2,12,uniform,0.5,110,66,61.23939808169744,0.6,1,108,41,0.10727669298648834,0.27649843664629464,0.17154796319092208,0.20696591119275234,0.22709562591236726
rbv2_xgboost_40975,14,ts,logarithmic,decay_uniform_grid_a1_2,13,uniform,0.5,110,62,61.23939808169744,0.5636363636363636,1,110,54,0.10911788046360016,0.29444830216168705,0.18711954879484013,0.2260255315525791,0.19219702622949286
rbv2_xgboost_40975,14,ts,logarithmic,decay_uniform_grid_a1_2,14,uniform,0.5,110,59,61.23939808169744,0.5363636363636364,2,109,50,0.10227525979280472,0.270054199714819,0.17671395968831122,0.21259959951015964,0.22999867611475242
rbv2_xgboost_40975,14,ts,logarithmic,decay_uniform_grid_a1_2,15,uniform,0.5,110,59,61.23939808169744,0.5363636363636364,1,107,61,0.07901144027709961,0.27063321373824334,0.17747276968321707,0.21468687235281422,0.18669092496738104
rbv2_xgboost_40975,14,ts,logarithmic,decay_uniform_grid_a1_2,16,uniform,0.5,110,59,61.23939808169744,0.5363636363636364,3,109,54,0.13184288144111633,0.28215485299045695,0.16942561330264871,0.20459410227844257,0.17745020739763018
rbv2_xgboost_40975,14,ts,logarithmic,decay_uniform_grid_a1_2,17,uniform,0.5,110,68,61.23939808169744,0.6181818181818182,1,109,51,0.23756296932697296,0.2630583144450858,0.1675123538950061,0.20325426850286776,0.17796237197769732
rbv2_xgboost_40975,14,ts,logarithmic,decay_uniform_grid_a1_2,18,uniform,0.5,110,66,61.23939808169744,0.6,1,109,63,0.12306296080350876,0.28261699109953087,0.1768915651257078,0.21255451438999703,0.18795369108902027
rbv2_xgboost_40975,14,ts,logarithmic,decay_uniform_grid_a1_2,19,uniform,0.5,110,52,61.23939808169744,0.4727272727272727,2,110,47,0.0983690395951271,0.2947068915730498,0.19379893871751064,0.23116209796710654,0.16346531612415674
rbv2_xgboost_40975,14,ts,logarithmic,decay_uniform_grid_a1_2,20,uniform,0.5,110,56,61.23939808169744,0.509090909090909,3,109,62,0.14500045776367188,0.28101342957021386,0.18108661074254492,0.2183479369689656,0.21192461575339694
rbv2_xgboost_40975,14,ts,logarithmic,decay_uniform_grid_a1_2,21,uniform,0.5,110,62,61.23939808169744,0.5636363636363636,1,110,56,0.09003449976444244,0.26776307752729267,0.17020958437779266,0.2046048775062627,0.17315963573499896
rbv2_xgboost_40975,14,ts,logarithmic,decay_uniform_grid_a1_2,22,uniform,0.5,110,55,61.23939808169744,0.5,1,108,61,0.09717355668544769,0.2842682435277531,0.1789754606634434,0.21838898895272313,0.1732606239516186
rbv2_xgboost_40975,14,ts,logarithmic,decay_uniform_grid_a1_2,23,uniform,0.5,110,73,61.23939808169744,0.6636363636363637,2,108,52,0.0742345005273819,0.28547239558573345,0.18861243256683952,0.22682847659437474,0.1695486293278523
rbv2_xgboost_40975,14,ts,logarithmic,decay_uniform_grid_a1_2,24,uniform,0.5,110,59,61.23939808169744,0.5363636363636364,1,110,50,0.10933849960565567,0.25843268327424795,0.17353288281221585,0.2088994016979947,0.18532009358055365
rbv2_xgboost_40975,14,ts,logarithmic,decay_uniform_grid_a1_2,25,uniform,0.5,110,53,61.23939808169744,0.4818181818181818,1,109,57,0.06309293955564499,0.2865562491434456,0.17119523991866964,0.20648114684908717,0.16613587831163137
rbv2_xgboost_40975,14,ts,logarithmic,decay_uniform_grid_a1_2,26,uniform,0.5,110,61,61.23939808169744,0.5545454545454546,2,110,47,0.12959198653697968,0.2802852137593503,0.18665150130528346,0.22429203544499185,0.1629488659727565
rbv2_xgboost_40975,14,ts,logarithmic,decay_uniform_grid_a1_2,27,uniform,0.5,110,58,61.23939808169744,0.5272727272727272,2,109,50,0.10542941838502884,0.24011663100853142,0.15140634574029482,0.18316994107890364,0.16352541957742564
rbv2_xgboost_40975,14,ts,logarithmic,decay_uniform_grid_a1_2,28,uniform,0.5,110,61,61.23939808169744,0.5545454545454546,1,110,50,0.15206831693649292,0.2422548023980573,0.16020282713514195,0.19273426556351034,0.16603391114983518
rbv2_xgboost_40975,14,ts,logarithmic,decay_uniform_grid_a1_2,29,uniform,0.5,110,54,61.23939808169744,0.4909090909090909,2,106,48,0.23080655932426453,0.33214319197921605,0.20742783376084206,0.24889552718594343,0.23593768059801254
rbv2_xgboost_40975,14,ts,logarithmic,decay_uniform_grid_a1_2,30,uniform,0.5,110,63,61.23939808169744,0.5727272727272728,1,110,54,0.2655836343765259,0.20883191220680478,0.13255963711275734,0.16045922495038842,0.13446767584188027
rbv2_xgboost_40975,14,ts,logarithmic,decay_uniform_grid_a1_2,31,uniform,0.5,110,53,61.23939808169744,0.4818181818181818,2,110,53,0.12091577053070068,0.2663613987305832,0.16100395772382603,0.19455900277326513,0.1803447170488587
rbv2_xgboost_40975,14,ts,logarithmic,decay_uniform_grid_a1_2,32,uniform,0.5,110,61,61.23939808169744,0.5545454545454546,2,109,54,0.14034850895404816,0.2408670003039732,0.15885291220304887,0.19234177373616915,0.17527409907286534
rbv2_xgboost_40975,14,ts,logarithmic,decay_uniform_grid_a1_2,33,uniform,0.5,110,52,61.23939808169744,0.4727272727272727,1,105,51,0.1161515861749649,0.2729012047275514,0.1734533318145326,0.20955664975491,0.14542846832792888
rbv2_xgboost_40975,14,ts,logarithmic,decay_uniform_grid_a1_2,34,uniform,0.5,110,58,61.23939808169744,0.5272727272727272,2,110,69,0.0828309953212738,0.269642341999545,0.1802326322832242,0.21609112968870642,0.1420369399930781
rbv2_xgboost_40975,14,ts,logarithmic,decay_uniform_grid_a1_2,5,uniform,0.5,110,59,61.23939808169744,0.5363636363636364,1,109,57,0.1024051308631897,0.2790431805820389,0.1776166596439186,0.214366679021706,0.23448598904115822
rbv2_xgboost_40975,14,ts,logarithmic,decay_uniform_grid_a1_2,6,uniform,0.5,110,59,61.23939808169744,0.5363636363636364,2,110,55,0.20562805235385895,0.2522470487500908,0.1626032429288271,0.19869530571886188,0.13195823158767886
rbv2_xgboost_40975,14,ts,logarithmic,decay_uniform_grid_a1_2,7,uniform,0.5,110,65,61.23939808169744,0.5909090909090909,1,108,59,0.367686927318573,0.253520437397233,0.14586240406306827,0.17749438038079077,0.16625765057323807
rbv2_xgboost_40975,14,ts,logarithmic,decay_uniform_grid_a1_2,8,uniform,0.5,110,65,61.23939808169744,0.5909090909090909,1,110,56,0.2764655351638794,0.2791077519163961,0.17258165684015903,0.20836959067931912,0.1761153170119275
rbv2_xgboost_40975,14,ts,logarithmic,decay_uniform_grid_a1_2,9,uniform,0.5,110,55,61.23939808169744,0.5,1,106,57,0.10268755257129669,0.2587965666019951,0.17660133824949564,0.2134177634225127,0.21417199069563467
rbv2_xgboost_40975,14,ts,logarithmic,fixed_p020,10,uniform,nan,110,26,21.999999999999954,0.23636363636363636,1,108,41,0.1346118301153183,0.2950399700258326,0.18310142215846859,0.22110101559960713,0.15892899811858557
rbv2_xgboost_40975,14,ts,logarithmic,fixed_p020,11,uniform,nan,110,29,21.999999999999954,0.2636363636363636,11,109,42,0.14294889569282532,0.3119289580438789,0.18752472483910898,0.22401486171660073,0.19069868918726995
rbv2_xgboost_40975,14,ts,logarithmic,fixed_p020,12,uniform,nan,110,32,21.999999999999954,0.2909090909090909,6,108,44,0.2880285978317261,0.2807154265711951,0.1834216662737197,0.21941523319214504,0.2049063233936115
rbv2_xgboost_40975,14,ts,logarithmic,fixed_p020,13,uniform,nan,110,27,21.999999999999954,0.24545454545454545,1,110,36,0.09045282751321793,0.3068289555369031,0.19947370012005444,0.2396439055953079,0.20339075166953474
rbv2_xgboost_40975,14,ts,logarithmic,fixed_p020,14,uniform,nan,110,23,21.999999999999954,0.20909090909090908,4,108,42,0.06833170354366302,0.32895214350605706,0.20482722638830675,0.2445215388115911,0.19894085538112496
rbv2_xgboost_40975,14,ts,logarithmic,fixed_p020,15,uniform,nan,110,18,21.999999999999954,0.16363636363636364,1,96,27,0.16138426959514618,0.30094030242732667,0.19294917532746914,0.23348780628592206,0.25152933556150175
rbv2_xgboost_40975,14,ts,logarithmic,fixed_p020,16,uniform,nan,110,26,21.999999999999954,0.23636363636363636,3,104,34,0.06262759119272232,0.28855786603829514,0.17799579733523715,0.2154317525240467,0.13305583404914348
rbv2_xgboost_40975,14,ts,logarithmic,fixed_p020,17,uniform,nan,110,31,21.999999999999954,0.2818181818181818,2,109,52,0.095034159719944,0.26667974043010645,0.1763700237249809,0.21087024666720713,0.19181767922657458
rbv2_xgboost_40975,14,ts,logarithmic,fixed_p020,18,uniform,nan,110,30,21.999999999999954,0.2727272727272727,4,108,48,0.10200314968824387,0.28144472524673303,0.1814190950538088,0.21865039958811924,0.2073232582532161
rbv2_xgboost_40975,14,ts,logarithmic,fixed_p020,19,uniform,nan,110,19,21.999999999999954,0.17272727272727273,9,109,30,0.10751791298389435,0.3170913412793694,0.19722039972135208,0.23603552042009351,0.24210855807629436
rbv2_xgboost_40975,14,ts,logarithmic,fixed_p020,20,uniform,nan,110,16,21.999999999999954,0.14545454545454545,3,108,28,0.13754194974899292,0.250873824739417,0.16624059502317587,0.2034041925728627,0.18973776852248586
rbv2_xgboost_40975,14,ts,logarithmic,fixed_p020,21,uniform,nan,110,30,21.999999999999954,0.2727272727272727,15,109,38,0.09003449976444244,0.2924090171041471,0.18533224848759516,0.22271537168868763,0.17938610434078517
rbv2_xgboost_40975,14,ts,logarithmic,fixed_p020,22,uniform,nan,110,18,21.999999999999954,0.16363636363636364,14,103,32,0.08260024338960648,0.3356023111204674,0.2000573922595929,0.2374385081115099,0.21347711931344823
rbv2_xgboost_40975,14,ts,logarithmic,fixed_p020,23,uniform,nan,110,26,21.999999999999954,0.23636363636363636,6,108,36,0.1124458760023117,0.2915843463433731,0.19630803087443108,0.23580154207932502,0.2457082764783409
rbv2_xgboost_40975,14,ts,logarithmic,fixed_p020,24,uniform,nan,110,24,21.999999999999954,0.21818181818181817,4,106,38,0.14614392817020416,0.26835678895177645,0.17390324793724676,0.21020668015846955,0.23830117661023778
rbv2_xgboost_40975,14,ts,logarithmic,fixed_p020,25,uniform,nan,110,22,21.999999999999954,0.2,1,109,33,0.1926705539226532,0.30526058119004873,0.184556535788325,0.22335352552886184,0.22592151560528376
rbv2_xgboost_40975,14,ts,logarithmic,fixed_p020,26,uniform,nan,110,22,21.999999999999954,0.2,2,110,31,0.07431689649820328,0.2866192617929465,0.18392262379656907,0.22226081064814196,0.137431148118578
rbv2_xgboost_40975,14,ts,logarithmic,fixed_p020,27,uniform,nan,110,16,21.999999999999954,0.14545454545454545,6,98,26,0.11634337902069092,0.32781658645988004,0.2081534951008157,0.2496885082985846,0.23979203951735373
rbv2_xgboost_40975,14,ts,logarithmic,fixed_p020,28,uniform,nan,110,19,21.999999999999954,0.17272727272727273,5,110,31,0.220377579331398,0.29488310915570254,0.18700324609081753,0.22531713079229054,0.1875919589459911
rbv2_xgboost_40975,14,ts,logarithmic,fixed_p020,29,uniform,nan,110,24,21.999999999999954,0.21818181818181817,2,106,34,0.1106313094496727,0.2995834280661855,0.19166878763190678,0.2294337898015037,0.20736855704850535
rbv2_xgboost_40975,14,ts,logarithmic,fixed_p020,30,uniform,nan,110,24,21.999999999999954,0.21818181818181817,14,110,29,0.11635781079530716,0.28158448181212914,0.174527993780404,0.20992806072907153,0.19560118750042552
rbv2_xgboost_40975,14,ts,logarithmic,fixed_p020,31,uniform,nan,110,21,21.999999999999954,0.19090909090909092,2,103,32,0.09669949859380722,0.27886811075245993,0.17391705621954706,0.21218340002128944,0.14085005414026985
rbv2_xgboost_40975,14,ts,logarithmic,fixed_p020,32,uniform,nan,110,26,21.999999999999954,0.23636363636363636,4,109,40,0.19661228358745575,0.23688599324868406,0.1493797301335299,0.18016419455905372,0.13768128180549755
rbv2_xgboost_40975,14,ts,logarithmic,fixed_p020,33,uniform,nan,110,21,21.999999999999954,0.19090909090909092,1,105,33,0.09823918342590332,0.2725090245456146,0.17291529644659823,0.20999845000102407,0.18611084282059936
rbv2_xgboost_40975,14,ts,logarithmic,fixed_p020,34,uniform,nan,110,18,21.999999999999954,0.16363636363636364,4,110,31,0.10216394066810608,0.3337035156051264,0.20388065412894357,0.24624515409978187,0.19670667230067598
rbv2_xgboost_40975,14,ts,logarithmic,fixed_p020,5,uniform,nan,110,14,21.999999999999954,0.12727272727272726,2,101,26,0.1030462458729744,0.2593627426794818,0.16499004908488302,0.20046011171166436,0.17336068564206494
rbv2_xgboost_40975,14,ts,logarithmic,fixed_p020,6,uniform,nan,110,27,21.999999999999954,0.24545454545454545,9,110,37,0.12871520221233368,0.26974132521112776,0.175173964312007,0.21231973110471208,0.13714983176512457
rbv2_xgboost_40975,14,ts,logarithmic,fixed_p020,7,uniform,nan,110,28,21.999999999999954,0.2545454545454545,2,105,44,0.19632495939731598,0.29836942968817665,0.18394712864175955,0.22011746629291007,0.22295528516354926
rbv2_xgboost_40975,14,ts,logarithmic,fixed_p020,8,uniform,nan,110,24,21.999999999999954,0.21818181818181817,5,108,42,0.10664168000221252,0.28356449345359147,0.16974299642536023,0.20643068668699965,0.1940332066346952
rbv2_xgboost_40975,14,ts,logarithmic,fixed_p020,9,uniform,nan,110,20,21.999999999999954,0.18181818181818182,8,104,36,0.14521510899066925,0.295557644651795,0.19661640284416926,0.23696008276775143,0.2579054825554007
rbv2_xgboost_40975,14,ts,logarithmic,standard,10,none,nan,110,0,0.0,0.0,,,0,0.24548198282718658,0.27212485248274443,0.1727925244710933,0.20754049886088002,0.15399472036842224
rbv2_xgboost_40975,14,ts,logarithmic,standard,11,none,nan,110,0,0.0,0.0,,,0,0.12990765273571014,0.298630487644864,0.18140044882739875,0.2203880054547022,0.17897967480956503
rbv2_xgboost_40975,14,ts,logarithmic,standard,12,none,nan,110,0,0.0,0.0,,,0,0.1278899908065796,0.3015741994423441,0.18993328506905754,0.22966803888153628,0.21835476729293896
rbv2_xgboost_40975,14,ts,logarithmic,standard,13,none,nan,110,0,0.0,0.0,,,0,0.1728137731552124,0.3224160601106703,0.21717381245451695,0.2602181597610204,0.21291257067894484
rbv2_xgboost_40975,14,ts,logarithmic,standard,14,none,nan,110,0,0.0,0.0,,,0,0.13595925271511078,0.32561655913164345,0.1993289457299377,0.2398860761489621,0.14222669941983665
rbv2_xgboost_40975,14,ts,logarithmic,standard,15,none,nan,110,0,0.0,0.0,,,0,0.13362348079681396,0.31138395744758685,0.20360792187706384,0.2471552493938834,0.13523215986687095
rbv2_xgboost_40975,14,ts,logarithmic,standard,16,none,nan,110,0,0.0,0.0,,,0,0.09879571199417114,0.2804036263527208,0.16612586844479355,0.2022997857056575,0.15871455524958228
rbv2_xgboost_40975,14,ts,logarithmic,standard,17,none,nan,110,0,0.0,0.0,,,0,0.11434508115053177,0.3343962236893906,0.20254541301308238,0.24470033107394595,0.19413460625694834
rbv2_xgboost_40975,14,ts,logarithmic,standard,18,none,nan,110,0,0.0,0.0,,,0,0.15591248869895935,0.3191270871002347,0.19627924431071386,0.2359395698786308,0.19513425346313265
rbv2_xgboost_40975,14,ts,logarithmic,standard,19,none,nan,110,0,0.0,0.0,,,0,0.1548037976026535,0.3090276661228809,0.1959269169115686,0.2348810740464461,0.19546135918543925
rbv2_xgboost_40975,14,ts,logarithmic,standard,20,none,nan,110,0,0.0,0.0,,,0,0.13568274676799774,0.29001769966595004,0.1847647565439576,0.22322722865270386,0.1785344685659884
rbv2_xgboost_40975,14,ts,logarithmic,standard,21,none,nan,110,0,0.0,0.0,,,0,0.12569299340248108,0.2581694268973341,0.16708505012317348,0.20277863441292804,0.19571426216092344
rbv2_xgboost_40975,14,ts,logarithmic,standard,22,none,nan,110,0,0.0,0.0,,,0,0.06613849103450775,0.29647068659094045,0.18975488300821003,0.22749057714900617,0.21983608656622472
rbv2_xgboost_40975,14,ts,logarithmic,standard,23,none,nan,110,0,0.0,0.0,,,0,0.1314983367919922,0.3326020982685109,0.19424095810146075,0.23696799385102701,0.1235581648895971
rbv2_xgboost_40975,14,ts,logarithmic,standard,24,none,nan,110,0,0.0,0.0,,,0,0.1958722621202469,0.2660226924341959,0.17097715737527308,0.20555154938036033,0.17313363573358062
rbv2_xgboost_40975,14,ts,logarithmic,standard,25,none,nan,110,0,0.0,0.0,,,0,0.10427698493003845,0.3179317771830137,0.19793200314028467,0.2381916473958743,0.23258997889917235
rbv2_xgboost_40975,14,ts,logarithmic,standard,26,none,nan,110,0,0.0,0.0,,,0,0.15491941571235657,0.26173727047545936,0.16415944428073964,0.19905966020345084,0.23221092554580144
rbv2_xgboost_40975,14,ts,logarithmic,standard,27,none,nan,110,0,0.0,0.0,,,0,0.10942715406417847,0.3059685362056429,0.1919681956003452,0.23498700871896008,0.2007811297758508
rbv2_xgboost_40975,14,ts,logarithmic,standard,28,none,nan,110,0,0.0,0.0,,,0,0.07036235183477402,0.2872811582709788,0.19006574126946546,0.2258753881360921,0.19538288837428128
rbv2_xgboost_40975,14,ts,logarithmic,standard,29,none,nan,110,0,0.0,0.0,,,0,0.11281498521566391,0.28722914150860523,0.192303701038326,0.23128513182641858,0.24946801526213427
rbv2_xgboost_40975,14,ts,logarithmic,standard,30,none,nan,110,0,0.0,0.0,,,0,0.07391935586929321,0.2708510200268059,0.17251252993137295,0.2103680484471492,0.2070008663489021
rbv2_xgboost_40975,14,ts,logarithmic,standard,31,none,nan,110,0,0.0,0.0,,,0,0.13904838263988495,0.27491983054605545,0.1813352785412629,0.21867953697495118,0.1594037832991866
rbv2_xgboost_40975,14,ts,logarithmic,standard,32,none,nan,110,0,0.0,0.0,,,0,0.13368332386016846,0.3049049224572948,0.20494792030953712,0.2499201826251705,0.19418619885559957
rbv2_xgboost_40975,14,ts,logarithmic,standard,33,none,nan,110,0,0.0,0.0,,,0,0.1263984888792038,0.31568002448126303,0.19701100942829064,0.23862850961814605,0.20337765125605603
rbv2_xgboost_40975,14,ts,logarithmic,standard,34,none,nan,110,0,0.0,0.0,,,0,0.05562537536025047,0.26355128831711344,0.16449777824438866,0.199045581242652,0.13387141473416062
rbv2_xgboost_40975,14,ts,logarithmic,standard,5,none,nan,110,0,0.0,0.0,,,0,0.09815055131912231,0.29585174386681545,0.19455205559314565,0.23617801511151967,0.23754311865790712
rbv2_xgboost_40975,14,ts,logarithmic,standard,6,none,nan,110,0,0.0,0.0,,,0,0.11352846771478653,0.26691670216675206,0.16997366028565056,0.20862004544584611,0.13619177164124943
rbv2_xgboost_40975,14,ts,logarithmic,standard,7,none,nan,110,0,0.0,0.0,,,0,0.08089026063680649,0.3065819115556442,0.18400215718101282,0.2226090470567719,0.19865723087664894
rbv2_xgboost_40975,14,ts,logarithmic,standard,8,none,nan,110,0,0.0,0.0,,,0,0.10262570530176163,0.2991794883162889,0.19054384613836867,0.2304563954225155,0.1891777837328218
rbv2_xgboost_40975,14,ts,logarithmic,standard,9,none,nan,110,0,0.0,0.0,,,0,0.14521510899066925,0.2979525710546132,0.18719853138518278,0.23221296103225214,0.1601352461322035
rbv2_xgboost_40975,14,ucb,constant,decay_uniform_a1,10,uniform,1.0,110,8,11.038210523733882,0.07272727272727272,1,79,13,0.007128660101443529,0.26341157113639263,0.1652875005884929,0.19977014348227698,0.07355527296843854
rbv2_xgboost_40975,14,ucb,constant,decay_uniform_a1,11,uniform,1.0,110,15,11.038210523733882,0.13636363636363635,5,101,26,0.0016628110315650702,0.21101468899362075,0.1336413642342818,0.16190728656331646,0.08571689324876804
rbv2_xgboost_40975,14,ucb,constant,decay_uniform_a1,12,uniform,1.0,110,18,11.038210523733882,0.16363636363636364,2,106,26,0.001716252532787621,0.222159670901354,0.15248056314288042,0.18312418416109033,0.1437894101769795
rbv2_xgboost_40975,14,ucb,constant,decay_uniform_a1,13,uniform,1.0,110,9,11.038210523733882,0.08181818181818182,1,110,12,0.007206778973340988,0.23369237767499096,0.15330554819878148,0.18493609521760154,0.17684677021590625
rbv2_xgboost_40975,14,ucb,constant,decay_uniform_a1,14,uniform,1.0,110,8,11.038210523733882,0.07272727272727272,4,89,14,0.0059692272916436195,0.24824138109018398,0.15413730578713558,0.1861582815952146,0.0950946237215622
rbv2_xgboost_40975,14,ucb,constant,decay_uniform_a1,15,uniform,1.0,110,9,11.038210523733882,0.08181818181818182,1,96,17,0.0016628110315650702,0.1701637272696985,0.11204366651717997,0.1357121471256344,0.06574197983063161
rbv2_xgboost_40975,14,ucb,constant,decay_uniform_a1,16,uniform,1.0,110,15,11.038210523733882,0.13636363636363635,3,96,26,0.4253677427768707,0.16451562158544225,0.09496425657981607,0.1143426055373551,0.10871364138114142
rbv2_xgboost_40975,14,ucb,constant,decay_uniform_a1,17,uniform,1.0,110,16,11.038210523733882,0.14545454545454545,1,97,25,0.00399375893175602,0.21669571858033954,0.13544256608566457,0.16285630132566783,0.1551402535181326
rbv2_xgboost_40975,14,ucb,constant,decay_uniform_a1,18,uniform,1.0,110,12,11.038210523733882,0.10909090909090909,1,107,21,0.006310474593192339,0.2151931308978018,0.14426874436637574,0.17524281123555324,0.06276783722502592
rbv2_xgboost_40975,14,ucb,constant,decay_uniform_a1,19,uniform,1.0,110,11,11.038210523733882,0.1,2,95,22,0.0016628110315650702,0.18659074959031352,0.1268324385578027,0.15050161305841953,0.11460204265813866
rbv2_xgboost_40975,14,ucb,constant,decay_uniform_a1,20,uniform,1.0,110,10,11.038210523733882,0.09090909090909091,3,108,14,0.0015764826675876975,0.2874840224672299,0.1786791707336446,0.2162341432981928,0.10445575594991989
rbv2_xgboost_40975,14,ucb,constant,decay_uniform_a1,21,uniform,1.0,110,18,11.038210523733882,0.16363636363636364,1,98,29,0.00193413021042943,0.2634878325159978,0.1664245807026575,0.2003182069371434,0.08683000745596255
rbv2_xgboost_40975,14,ucb,constant,decay_uniform_a1,22,uniform,1.0,110,6,11.038210523733882,0.05454545454545454,8,82,12,0.0016628110315650702,0.23068083030266465,0.14857737223021422,0.1780045941894544,0.05874116142968248
rbv2_xgboost_40975,14,ucb,constant,decay_uniform_a1,23,uniform,1.0,110,14,11.038210523733882,0.12727272727272726,6,78,22,0.001555928378365934,0.30547503559910855,0.19899353627362537,0.2418273175747924,0.1150057880418146
rbv2_xgboost_40975,14,ucb,constant,decay_uniform_a1,24,uniform,1.0,110,9,11.038210523733882,0.08181818181818182,1,57,15,0.0016628110315650702,0.1927149968686279,0.12861262616526736,0.15406613359073865,0.06776365549313357
rbv2_xgboost_40975,14,ucb,constant,decay_uniform_a1,25,uniform,1.0,110,16,11.038210523733882,0.14545454545454545,1,101,23,0.0047789993695914745,0.23951975303625678,0.14968133759525246,0.18186183683588023,0.0676260524142856
rbv2_xgboost_40975,14,ucb,constant,decay_uniform_a1,26,uniform,1.0,110,8,11.038210523733882,0.07272727272727272,2,72,14,0.0016628110315650702,0.1661247069221833,0.10074732729940988,0.12280081652369099,0.024641977812590286
rbv2_xgboost_40975,14,ucb,constant,decay_uniform_a1,27,uniform,1.0,110,11,11.038210523733882,0.1,2,80,16,0.002160231117159128,0.2108366356529606,0.13905659529449796,0.16886413562331742,0.046770817408916844
rbv2_xgboost_40975,14,ucb,constant,decay_uniform_a1,28,uniform,1.0,110,13,11.038210523733882,0.11818181818181818,1,87,19,0.0044912127777934074,0.2693048276712818,0.1708130056868346,0.20605558941710894,0.18132951549935344
rbv2_xgboost_40975,14,ucb,constant,decay_uniform_a1,29,uniform,1.0,110,9,11.038210523733882,0.08181818181818182,2,106,14,0.006873745936900377,0.31874214348542207,0.2107775935848516,0.25463372304763315,0.20354875589342397
rbv2_xgboost_40975,14,ucb,constant,decay_uniform_a1,30,uniform,1.0,110,9,11.038210523733882,0.08181818181818182,1,87,15,0.0016628110315650702,0.2095701052445281,0.13394617459243607,0.16077556762405662,0.07969377228906392
rbv2_xgboost_40975,14,ucb,constant,decay_uniform_a1,31,uniform,1.0,110,11,11.038210523733882,0.1,2,81,20,0.002084178850054741,0.23769443127334122,0.14491976630703318,0.1766527574647691,0.09624948219998129
rbv2_xgboost_40975,14,ucb,constant,decay_uniform_a1,32,uniform,1.0,110,11,11.038210523733882,0.1,2,86,22,0.4253677427768707,0.14629421287653538,0.09190833250426925,0.11344276972184604,0.06649686312230155
rbv2_xgboost_40975,14,ucb,constant,decay_uniform_a1,33,uniform,1.0,110,10,11.038210523733882,0.09090909090909091,1,99,13,0.4253677427768707,0.1431173141732684,0.08703948824075873,0.1072772771976624,0.09679114710586363
rbv2_xgboost_40975,14,ucb,constant,decay_uniform_a1,34,uniform,1.0,110,9,11.038210523733882,0.08181818181818182,2,62,18,0.007560373283922672,0.17490147333826714,0.10981025642568047,0.13322417900314143,0.06819370682293768
rbv2_xgboost_40975,14,ucb,constant,decay_uniform_a1,5,uniform,1.0,110,10,11.038210523733882,0.09090909090909091,1,95,17,0.0020965116564184427,0.22858031513420862,0.1480381094191564,0.17779646218579281,0.06380638964100938
rbv2_xgboost_40975,14,ucb,constant,decay_uniform_a1,6,uniform,1.0,110,14,11.038210523733882,0.12727272727272726,5,110,25,0.00182108033914119,0.26514501627496934,0.17472253463662132,0.20735666101038946,0.1730253743318621
rbv2_xgboost_40975,14,ucb,constant,decay_uniform_a1,7,uniform,1.0,110,14,11.038210523733882,0.12727272727272726,2,103,20,0.4253677427768707,0.18224979499426255,0.11988219519677708,0.14495355713769204,0.1229100592315586
rbv2_xgboost_40975,14,ucb,constant,decay_uniform_a1,8,uniform,1.0,110,9,11.038210523733882,0.08181818181818182,5,108,16,0.005334022920578718,0.28042807753597776,0.17807899155688867,0.2126007473464702,0.13400977878379466
rbv2_xgboost_40975,14,ucb,constant,decay_uniform_a1,9,uniform,1.0,110,10,11.038210523733882,0.09090909090909091,1,86,17,0.0017779158661141992,0.24120909345539157,0.16050693551164688,0.19554120813137227,0.09939630331802024
rbv2_xgboost_40975,14,ucb,constant,decay_uniform_grid_a1_2,10,uniform,0.5,110,65,61.23939808169744,0.5909090909090909,1,108,53,0.0030810940079391003,0.26652779949320765,0.16366608820561684,0.19600852854822032,0.0826777037547795
rbv2_xgboost_40975,14,ucb,constant,decay_uniform_grid_a1_2,11,uniform,0.5,110,69,61.23939808169744,0.6272727272727273,2,110,45,0.012254065833985806,0.28467409804642946,0.17498422688082582,0.20798634106913333,0.23845019497517583
rbv2_xgboost_40975,14,ucb,constant,decay_uniform_grid_a1_2,12,uniform,0.5,110,66,61.23939808169744,0.6,1,108,41,0.0028960972558707,0.2947314358766345,0.18742577718692363,0.2262831851083666,0.228030463431005
rbv2_xgboost_40975,14,ucb,constant,decay_uniform_grid_a1_2,13,uniform,0.5,110,62,61.23939808169744,0.5636363636363636,1,110,54,0.0016628110315650702,0.2681468994376576,0.18064395420720067,0.21591241544391448,0.18763185664064383
rbv2_xgboost_40975,14,ucb,constant,decay_uniform_grid_a1_2,14,uniform,0.5,110,59,61.23939808169744,0.5363636363636364,2,109,50,0.0028262098785489798,0.2389219056294205,0.15447345089259035,0.18656655898718053,0.10439145636869843
rbv2_xgboost_40975,14,ucb,constant,decay_uniform_grid_a1_2,15,uniform,0.5,110,59,61.23939808169744,0.5363636363636364,1,107,61,0.00810310710221529,0.24234677198857013,0.1557533896126138,0.1880568138444534,0.14765110737273565
rbv2_xgboost_40975,14,ucb,constant,decay_uniform_grid_a1_2,16,uniform,0.5,110,59,61.23939808169744,0.5363636363636364,3,109,54,0.3656490743160248,0.25688288574888435,0.1650762222909153,0.19900201727053457,0.3066175898010893
rbv2_xgboost_40975,14,ucb,constant,decay_uniform_grid_a1_2,17,uniform,0.5,110,68,61.23939808169744,0.6181818181818182,1,109,51,0.0029906509444117546,0.225007262374105,0.1466523034400683,0.17811496460272208,0.23620395739029743
rbv2_xgboost_40975,14,ucb,constant,decay_uniform_grid_a1_2,18,uniform,0.5,110,66,61.23939808169744,0.6,1,109,63,0.009303729049861431,0.252000364628053,0.1634468876520057,0.19578525905487326,0.2151772012670354
rbv2_xgboost_40975,14,ucb,constant,decay_uniform_grid_a1_2,19,uniform,0.5,110,52,61.23939808169744,0.4727272727272727,2,110,47,0.004955783486366272,0.23155638226755074,0.14788129012387574,0.176265092118483,0.11959088466387183
rbv2_xgboost_40975,14,ucb,constant,decay_uniform_grid_a1_2,20,uniform,0.5,110,56,61.23939808169744,0.509090909090909,3,109,62,0.0083765322342515,0.2683406594789576,0.17360216756244767,0.20877295138675114,0.2945692099223024
rbv2_xgboost_40975,14,ucb,constant,decay_uniform_grid_a1_2,21,uniform,0.5,110,62,61.23939808169744,0.5636363636363636,1,110,56,0.007570652291178703,0.2429995960776681,0.15828662100756213,0.19030256885866373,0.16369967791527176
rbv2_xgboost_40975,14,ucb,constant,decay_uniform_grid_a1_2,22,uniform,0.5,110,55,61.23939808169744,0.5,1,108,61,0.0028960972558707,0.27851496883382226,0.1835202641054734,0.22178919369316163,0.2014919428643469
rbv2_xgboost_40975,14,ucb,constant,decay_uniform_grid_a1_2,23,uniform,0.5,110,73,61.23939808169744,0.6636363636363637,2,108,52,0.005504643078893423,0.26319325779418157,0.17209388462547023,0.2096968918602397,0.31582945104300425
rbv2_xgboost_40975,14,ucb,constant,decay_uniform_grid_a1_2,24,uniform,0.5,110,59,61.23939808169744,0.5363636363636364,1,110,50,0.008781535550951958,0.3060038053169639,0.1867393418464104,0.22348348926299086,0.20656564371037361
rbv2_xgboost_40975,14,ucb,constant,decay_uniform_grid_a1_2,25,uniform,0.5,110,53,61.23939808169744,0.4818181818181818,1,109,57,0.005288798362016678,0.26910981853612403,0.15931762389638005,0.19261921189765333,0.13929438817719617
rbv2_xgboost_40975,14,ucb,constant,decay_uniform_grid_a1_2,26,uniform,0.5,110,61,61.23939808169744,0.5545454545454546,2,110,47,0.0028960972558707,0.31047558127609465,0.20503092359460798,0.24489229091639528,0.19129788766554323
rbv2_xgboost_40975,14,ucb,constant,decay_uniform_grid_a1_2,27,uniform,0.5,110,58,61.23939808169744,0.5272727272727272,2,109,50,0.003981425426900387,0.23486644652533922,0.15425377721009914,0.18466329610561835,0.21343318526426636
rbv2_xgboost_40975,14,ucb,constant,decay_uniform_grid_a1_2,28,uniform,0.5,110,61,61.23939808169744,0.5545454545454546,1,110,50,0.0016628110315650702,0.27379283619777667,0.16504803198183796,0.2000413102423365,0.1971128770622062
rbv2_xgboost_40975,14,ucb,constant,decay_uniform_grid_a1_2,29,uniform,0.5,110,54,61.23939808169744,0.4909090909090909,2,106,48,0.0020944562274962664,0.28870082565615385,0.1850212313370071,0.2220603939397033,0.12514562889063663
rbv2_xgboost_40975,14,ucb,constant,decay_uniform_grid_a1_2,30,uniform,0.5,110,63,61.23939808169744,0.5727272727272728,1,110,54,0.0070710983127355576,0.19378533116574195,0.12779046071103536,0.1543274007050222,0.15235285753745192
rbv2_xgboost_40975,14,ucb,constant,decay_uniform_grid_a1_2,31,uniform,0.5,110,53,61.23939808169744,0.4818181818181818,2,110,53,0.008588285185396671,0.3027267430180391,0.19233278550458682,0.22952953477038285,0.19515738993610707
rbv2_xgboost_40975,14,ucb,constant,decay_uniform_grid_a1_2,32,uniform,0.5,110,61,61.23939808169744,0.5545454545454546,2,109,54,0.0023925001733005047,0.22731986419282976,0.14139869821128326,0.17065372350995114,0.1539371491010639
rbv2_xgboost_40975,14,ucb,constant,decay_uniform_grid_a1_2,33,uniform,0.5,110,52,61.23939808169744,0.4727272727272727,1,105,51,0.005893166642636061,0.22771452631328376,0.14341675827432437,0.17381092672500562,0.16685207891508277
rbv2_xgboost_40975,14,ucb,constant,decay_uniform_grid_a1_2,34,uniform,0.5,110,58,61.23939808169744,0.5272727272727272,2,110,69,0.006873745936900377,0.25904833414049167,0.17175257034682773,0.20605100278292146,0.12330471521473367
rbv2_xgboost_40975,14,ucb,constant,decay_uniform_grid_a1_2,5,uniform,0.5,110,59,61.23939808169744,0.5363636363636364,1,109,57,0.0016628110315650702,0.2522878584181314,0.16361960835934497,0.19625037459177955,0.20585065569020877
rbv2_xgboost_40975,14,ucb,constant,decay_uniform_grid_a1_2,6,uniform,0.5,110,59,61.23939808169744,0.5363636363636364,2,110,55,0.006873745936900377,0.2500132592292237,0.1609701615497755,0.19480967619878098,0.1429498233172932
rbv2_xgboost_40975,14,ucb,constant,decay_uniform_grid_a1_2,7,uniform,0.5,110,65,61.23939808169744,0.5909090909090909,1,108,59,0.0028960972558707,0.26698126481960366,0.15713779690958612,0.18700642685947275,0.13354833755406137
rbv2_xgboost_40975,14,ucb,constant,decay_uniform_grid_a1_2,8,uniform,0.5,110,65,61.23939808169744,0.5909090909090909,1,110,56,0.0016628110315650702,0.26202210368875073,0.16253298005105216,0.19654278575367684,0.15782036704560531
rbv2_xgboost_40975,14,ucb,constant,decay_uniform_grid_a1_2,9,uniform,0.5,110,55,61.23939808169744,0.5,1,106,57,0.0017511950572952628,0.2590142055307596,0.17755017778242774,0.2126136731180734,0.09803990017156805
rbv2_xgboost_40975,14,ucb,constant,fixed_p020,10,uniform,nan,110,26,21.999999999999954,0.23636363636363636,1,108,41,0.004733775742352009,0.24471253911822616,0.1481932924178066,0.17830407365206777,0.09714511129758922
rbv2_xgboost_40975,14,ucb,constant,fixed_p020,11,uniform,nan,110,29,21.999999999999954,0.2636363636363636,11,109,42,0.006873745936900377,0.2302508678506643,0.14469542441646252,0.1739727368425285,0.06710585161589529
rbv2_xgboost_40975,14,ucb,constant,fixed_p020,12,uniform,nan,110,32,21.999999999999954,0.2909090909090909,6,108,44,0.0016628110315650702,0.2295592607106834,0.14796498697809288,0.1769861913274506,0.14073643655259266
rbv2_xgboost_40975,14,ucb,constant,fixed_p020,13,uniform,nan,110,27,21.999999999999954,0.24545454545454545,1,110,36,0.0028960972558707,0.24218878721534187,0.1593051288099309,0.19211873383145145,0.1584165768399067
rbv2_xgboost_40975,14,ucb,constant,fixed_p020,14,uniform,nan,110,23,21.999999999999954,0.20909090909090908,4,108,42,0.0016628110315650702,0.24400882519930048,0.14812643570401166,0.1784187017573325,0.11599091715807465
rbv2_xgboost_40975,14,ucb,constant,fixed_p020,15,uniform,nan,110,18,21.999999999999954,0.16363636363636364,1,96,27,0.0016628110315650702,0.22804059897468096,0.14801539655875223,0.17817266699044432,0.09496365164824333
rbv2_xgboost_40975,14,ucb,constant,fixed_p020,16,uniform,nan,110,26,21.999999999999954,0.23636363636363636,3,104,34,0.006629112176597118,0.19662907813999364,0.11869033425953876,0.14293300203530088,0.02726426359929316
rbv2_xgboost_40975,14,ucb,constant,fixed_p020,17,uniform,nan,110,31,21.999999999999954,0.2818181818181818,2,109,52,0.003087260527536273,0.23755591044649102,0.15334229374457953,0.18464655710066635,0.11085904853965163
rbv2_xgboost_40975,14,ucb,constant,fixed_p020,18,uniform,nan,110,30,21.999999999999954,0.2727272727272727,4,108,48,0.0020965116564184427,0.20527889142741665,0.13266565979885836,0.15931312623906965,0.2471820821045308
rbv2_xgboost_40975,14,ucb,constant,fixed_p020,19,uniform,nan,110,19,21.999999999999954,0.17272727272727273,9,109,30,0.18612957000732422,0.1528665227463292,0.0983279542304921,0.11880187030089019,0.11654492227565601
rbv2_xgboost_40975,14,ucb,constant,fixed_p020,20,uniform,nan,110,16,21.999999999999954,0.14545454545454545,3,108,28,0.0016628110315650702,0.26111426070562743,0.15978866880970508,0.1936913080736676,0.1531645116006534
rbv2_xgboost_40975,14,ucb,constant,fixed_p020,21,uniform,nan,110,30,21.999999999999954,0.2727272727272727,15,109,38,0.002104733604937792,0.22099077317686966,0.13527979099152126,0.16285642686592944,0.12365898177730045
rbv2_xgboost_40975,14,ucb,constant,fixed_p020,22,uniform,nan,110,18,21.999999999999954,0.16363636363636364,14,103,32,0.002622714964672923,0.2690275562231421,0.17331604122819955,0.20687498163900386,0.09741785661167789
rbv2_xgboost_40975,14,ucb,constant,fixed_p020,23,uniform,nan,110,26,21.999999999999954,0.23636363636363636,6,108,36,0.0033750352449715137,0.2765084709249493,0.18605656955377997,0.22399949823449344,0.16397306335047723
rbv2_xgboost_40975,14,ucb,constant,fixed_p020,24,uniform,nan,110,24,21.999999999999954,0.21818181818181817,4,106,38,0.00362992356531322,0.24180011789543357,0.1539706100026476,0.18524414397490988,0.11264424320572208
rbv2_xgboost_40975,14,ucb,constant,fixed_p020,25,uniform,nan,110,22,21.999999999999954,0.2,1,109,33,0.005334022920578718,0.24713278722310578,0.15065325648339803,0.18244357898344693,0.13404105547631207
rbv2_xgboost_40975,14,ucb,constant,fixed_p020,26,uniform,nan,110,22,21.999999999999954,0.2,2,110,31,0.0016628110315650702,0.23138593941413912,0.1548886392888723,0.1865036256737478,0.10901914642860851
rbv2_xgboost_40975,14,ucb,constant,fixed_p020,27,uniform,nan,110,16,21.999999999999954,0.14545454545454545,6,98,26,0.0028960972558707,0.2406488614717757,0.1620017922992779,0.19468150275298335,0.09877157082715751
rbv2_xgboost_40975,14,ucb,constant,fixed_p020,28,uniform,nan,110,19,21.999999999999954,0.17272727272727273,5,110,31,0.00442337803542614,0.20591261915474982,0.1302758871858321,0.1584226068931931,0.12046480031649116
rbv2_xgboost_40975,14,ucb,constant,fixed_p020,29,uniform,nan,110,24,21.999999999999954,0.21818181818181817,2,106,34,0.00879387091845274,0.295547207595283,0.185405859800136,0.22175401451037838,0.11652813519609488
rbv2_xgboost_40975,14,ucb,constant,fixed_p020,30,uniform,nan,110,24,21.999999999999954,0.21818181818181817,14,110,29,0.0028960972558707,0.2370130536533635,0.1588803742800549,0.18824938717128753,0.2041832559289615
rbv2_xgboost_40975,14,ucb,constant,fixed_p020,31,uniform,nan,110,21,21.999999999999954,0.19090909090909092,2,103,32,0.0016628110315650702,0.23599324525585935,0.15514840767037846,0.18863081574693583,0.10318414074962289
rbv2_xgboost_40975,14,ucb,constant,fixed_p020,32,uniform,nan,110,26,21.999999999999954,0.23636363636363636,4,109,40,0.0482664555311203,0.25129537302400784,0.16128976166791578,0.19424276971480278,0.06875824955429465
rbv2_xgboost_40975,14,ucb,constant,fixed_p020,33,uniform,nan,110,21,21.999999999999954,0.19090909090909092,1,105,33,0.011244549416005611,0.21719154689206033,0.1330166976196427,0.1626064074737449,0.06098132800536134
rbv2_xgboost_40975,14,ucb,constant,fixed_p020,34,uniform,nan,110,18,21.999999999999954,0.16363636363636364,4,110,31,0.06625381112098694,0.326572382470902,0.21256877200097518,0.25314829123860316,0.2022173025880265
rbv2_xgboost_40975,14,ucb,constant,fixed_p020,5,uniform,nan,110,14,21.999999999999954,0.12727272727272726,2,101,26,0.0016628110315650702,0.2552176732380408,0.16180590698815794,0.194832183282103,0.07162073514827899
rbv2_xgboost_40975,14,ucb,constant,fixed_p020,6,uniform,nan,110,27,21.999999999999954,0.24545454545454545,9,110,37,0.00231439177878201,0.24316393452076773,0.156724439199929,0.1880305906996053,0.12263026173000771
rbv2_xgboost_40975,14,ucb,constant,fixed_p020,7,uniform,nan,110,28,21.999999999999954,0.2545454545454545,2,105,44,0.0028960972558707,0.2730504374207368,0.1653232289050534,0.20055769175792426,0.140014425673338
rbv2_xgboost_40975,14,ucb,constant,fixed_p020,8,uniform,nan,110,24,21.999999999999954,0.21818181818181817,5,108,42,0.006873745936900377,0.22581689345865721,0.14410983623875318,0.17499756411876166,0.11436298429273178
rbv2_xgboost_40975,14,ucb,constant,fixed_p020,9,uniform,nan,110,20,21.999999999999954,0.18181818181818182,8,104,36,0.0016628110315650702,0.2713011241799388,0.1786624913089761,0.2154802746833385,0.07268550163936212
rbv2_xgboost_40975,14,ucb,constant,standard,10,none,nan,110,0,0.0,0.0,,,0,0.007570652291178703,0.24362133740838512,0.15163011415258237,0.1828102408257108,0.05023755348995161
rbv2_xgboost_40975,14,ucb,constant,standard,11,none,nan,110,0,0.0,0.0,,,0,0.0016628110315650702,0.20205081100730968,0.13387810967763292,0.16187315589135925,0.07266600683166291
rbv2_xgboost_40975,14,ucb,constant,standard,12,none,nan,110,0,0.0,0.0,,,0,0.0016628110315650702,0.2707716132972408,0.1855731745229961,0.2222670704069759,0.11121181935457108
rbv2_xgboost_40975,14,ucb,constant,standard,13,none,nan,110,0,0.0,0.0,,,0,0.1836974322795868,0.29183796477725393,0.19943418556168108,0.23955078131325855,0.2606012212132548
rbv2_xgboost_40975,14,ucb,constant,standard,14,none,nan,110,0,0.0,0.0,,,0,0.004049259703606367,0.20064811844329256,0.12978054350983553,0.15671169254993125,0.034943264559760344
rbv2_xgboost_40975,14,ucb,constant,standard,15,none,nan,110,0,0.0,0.0,,,0,0.002713157096877694,0.2705645556049946,0.18382114666087226,0.2198493732215156,0.081051526684262
rbv2_xgboost_40975,14,ucb,constant,standard,16,none,nan,110,0,0.0,0.0,,,0,0.4253677427768707,0.1488028676121851,0.09246316100690068,0.1121064519229503,0.06321381993680664
rbv2_xgboost_40975,14,ucb,constant,standard,17,none,nan,110,0,0.0,0.0,,,0,0.0019567401614040136,0.16178516797714573,0.10932568884210168,0.13201296370733046,0.03839268996151756
rbv2_xgboost_40975,14,ucb,constant,standard,18,none,nan,110,0,0.0,0.0,,,0,0.0016628110315650702,0.192691049388676,0.12539590465503875,0.15041551893159694,0.04163944979680148
rbv2_xgboost_40975,14,ucb,constant,standard,19,none,nan,110,0,0.0,0.0,,,0,0.4253677427768707,0.1242544625309078,0.08336983064161438,0.10159533138026612,0.08120441318093306
rbv2_xgboost_40975,14,ucb,constant,standard,20,none,nan,110,0,0.0,0.0,,,0,0.0028960972558707,0.21027701517384306,0.14618985195647555,0.17597339395396938,0.05692570472229669
rbv2_xgboost_40975,14,ucb,constant,standard,21,none,nan,110,0,0.0,0.0,,,0,0.2622760534286499,0.1975209665761255,0.13166731104284768,0.15980867870743704,0.04631545463986655
rbv2_xgboost_40975,14,ucb,constant,standard,22,none,nan,110,0,0.0,0.0,,,0,0.0019115202594548464,0.23200344187233438,0.15260925115831425,0.1834436044356074,0.0630742294525902
rbv2_xgboost_40975,14,ucb,constant,standard,23,none,nan,110,0,0.0,0.0,,,0,0.006873745936900377,0.26169940999800745,0.1695012956069778,0.20428468344765266,0.0760324773443368
rbv2_xgboost_40975,14,ucb,constant,standard,24,none,nan,110,0,0.0,0.0,,,0,0.0020965116564184427,0.19726477877599458,0.1366726144319258,0.1631800636975151,0.06885950722508172
rbv2_xgboost_40975,14,ucb,constant,standard,25,none,nan,110,0,0.0,0.0,,,0,0.3339357376098633,0.18275007877578947,0.12093427679679873,0.14878206235579824,0.09327153049837657
rbv2_xgboost_40975,14,ucb,constant,standard,26,none,nan,110,0,0.0,0.0,,,0,0.007192388642579317,0.1536952396474812,0.10035788229446033,0.12004991347187606,0.015576922311666913
rbv2_xgboost_40975,14,ucb,constant,standard,27,none,nan,110,0,0.0,0.0,,,0,0.4504511058330536,0.13152363852203577,0.086109238043808,0.1054442508082786,0.03434808596861126
rbv2_xgboost_40975,14,ucb,constant,standard,28,none,nan,110,0,0.0,0.0,,,0,0.4253677427768707,0.13886362948859515,0.09008909499419895,0.1098958310827432,0.07586930105582584
rbv2_xgboost_40975,14,ucb,constant,standard,29,none,nan,110,0,0.0,0.0,,,0,0.005751323886215687,0.30794393958241345,0.20232197466078805,0.24260161718944753,0.07396443262952805
rbv2_xgboost_40975,14,ucb,constant,standard,30,none,nan,110,0,0.0,0.0,,,0,0.4240380823612213,0.18312467195364174,0.12042606155872912,0.14521675024183991,0.09406414575854465
rbv2_xgboost_40975,14,ucb,constant,standard,31,none,nan,110,0,0.0,0.0,,,0,0.0016628110315650702,0.24251736160865942,0.1527621655627678,0.18508758865890593,0.06360549064089932
rbv2_xgboost_40975,14,ucb,constant,standard,32,none,nan,110,0,0.0,0.0,,,0,0.4253677427768707,0.09706220976441739,0.06040484416873198,0.07436098839569681,0.04395794701377166
rbv2_xgboost_40975,14,ucb,constant,standard,33,none,nan,110,0,0.0,0.0,,,0,0.0016628110315650702,0.22013883951431631,0.1484060443328868,0.17895505875142684,0.06102606612392864
rbv2_xgboost_40975,14,ucb,constant,standard,34,none,nan,110,0,0.0,0.0,,,0,0.0027871550992131233,0.18113304522882165,0.11696197885419415,0.14135809585730738,0.05993936723051883
rbv2_xgboost_40975,14,ucb,constant,standard,5,none,nan,110,0,0.0,0.0,,,0,0.008080492727458477,0.18635767840618858,0.12108656342295532,0.14656993400655824,0.04074543268808747
rbv2_xgboost_40975,14,ucb,constant,standard,6,none,nan,110,0,0.0,0.0,,,0,0.0016628110315650702,0.275314609913869,0.190701746370264,0.22557828229949248,0.1177686589541398
rbv2_xgboost_40975,14,ucb,constant,standard,7,none,nan,110,0,0.0,0.0,,,0,0.0028508759569376707,0.3033209997657165,0.20405942839025068,0.24527392174312088,0.10125498150317555
rbv2_xgboost_40975,14,ucb,constant,standard,8,none,nan,110,0,0.0,0.0,,,0,0.0016628110315650702,0.26258093355102113,0.16470137666954981,0.1980543080859225,0.05615254257496193
rbv2_xgboost_40975,14,ucb,constant,standard,9,none,nan,110,0,0.0,0.0,,,0,0.002844709437340498,0.3092487927559963,0.2041000807034546,0.24414895474478265,0.08901625464380539
