task,dimension,acquisition,beta_mode,policy,seed,exploration_rule,decay_exponent,bo_steps,actual_pe_calls,expected_pe_calls,realized_pe_fraction,first_pe_round,last_pe_round,mode_transitions,final_best_observed_loss,final_max_posterior_std,final_mean_posterior_std,final_q90_posterior_std,final_query_preselection_posterior_std
iaml_super_40981,28,logei,native,decay_uniform_a1,10,uniform,1.0,190,10,13.73411192945665,0.05263157894736842,1,152,17,0.13426819443702698,0.14372878326147664,0.11050045162754926,0.1254872238225268,0.10774705628081714
iaml_super_40981,28,logei,native,decay_uniform_a1,11,uniform,1.0,190,17,13.73411192945665,0.08947368421052632,5,185,30,0.13426819443702698,0.08085950212653055,0.05935526503709848,0.06849273347428728,0.05171765677899752
iaml_super_40981,28,logei,native,decay_uniform_a1,12,uniform,1.0,190,20,13.73411192945665,0.10526315789473684,2,135,30,0.13426850736141205,0.10395956804292068,0.07407083298029457,0.08609908408788648,0.05533360053678885
iaml_super_40981,28,logei,native,decay_uniform_a1,13,uniform,1.0,190,10,13.73411192945665,0.05263157894736842,1,185,15,0.13426819443702698,0.09393028040499789,0.06756701434009958,0.07759623071390494,0.04016315629729796
iaml_super_40981,28,logei,native,decay_uniform_a1,14,uniform,1.0,190,11,13.73411192945665,0.05789473684210526,4,167,20,0.13426819443702698,0.10330825284391254,0.07650243202558496,0.08796730558211403,0.06934598261430149
iaml_super_40981,28,logei,native,decay_uniform_a1,15,uniform,1.0,190,14,13.73411192945665,0.07368421052631578,1,189,27,0.13426819443702698,0.10055020379887616,0.072688109868488,0.08362103440253571,0.08395411185861688
iaml_super_40981,28,logei,native,decay_uniform_a1,16,uniform,1.0,190,17,13.73411192945665,0.08947368421052632,3,175,30,0.13426819443702698,0.07570230474678996,0.05417448586282035,0.06235720192878986,0.04414755504706785
iaml_super_40981,28,logei,native,decay_uniform_a1,17,uniform,1.0,190,21,13.73411192945665,0.11052631578947368,1,190,32,0.13426819443702698,0.10120977431593521,0.0732070366533079,0.08360898247212,0.06477622381004
iaml_super_40981,28,logei,native,decay_uniform_a1,18,uniform,1.0,190,13,13.73411192945665,0.06842105263157895,1,134,23,0.13426819443702698,0.06743220136714011,0.04999563815247347,0.05764891713080769,0.04489118460667095
iaml_super_40981,28,logei,native,decay_uniform_a1,19,uniform,1.0,190,15,13.73411192945665,0.07894736842105263,2,180,30,0.13426819443702698,0.10849948574469413,0.07539091766939252,0.08738210422996809,0.07505695326977024
iaml_super_40981,28,logei,native,decay_uniform_a1,20,uniform,1.0,190,12,13.73411192945665,0.06315789473684211,3,181,18,0.13426819443702698,0.10310712678157775,0.06985702320023762,0.08033392062638069,0.04862889327156885
iaml_super_40981,28,logei,native,decay_uniform_a1,21,uniform,1.0,190,21,13.73411192945665,0.11052631578947368,1,167,35,0.13426819443702698,0.08400331998406779,0.06173714294584029,0.07098400425776308,0.06430383876780768
iaml_super_40981,28,logei,native,decay_uniform_a1,22,uniform,1.0,190,11,13.73411192945665,0.05789473684210526,8,181,22,0.13426819443702698,0.11139252462168227,0.08130904147158054,0.09273754857131974,0.05099437425891369
iaml_super_40981,28,logei,native,decay_uniform_a1,23,uniform,1.0,190,16,13.73411192945665,0.08421052631578947,6,159,26,0.13426819443702698,0.12337122904615846,0.08348217846114794,0.09515383228911291,0.08966373042704325
iaml_super_40981,28,logei,native,decay_uniform_a1,24,uniform,1.0,190,11,13.73411192945665,0.05789473684210526,1,167,19,0.13426819443702698,0.07696084213937161,0.05558117751878279,0.06371764235179675,0.040679056011327486
iaml_super_40981,28,logei,native,decay_uniform_a1,25,uniform,1.0,190,19,13.73411192945665,0.1,1,132,29,0.13426819443702698,0.1261456915659503,0.09246410470234745,0.1061630547025677,0.07824519157991326
iaml_super_40981,28,logei,native,decay_uniform_a1,26,uniform,1.0,190,9,13.73411192945665,0.04736842105263158,2,128,16,0.13426819443702698,0.09480784220430638,0.06757162418294475,0.07779985623528088,0.039425634058437735
iaml_super_40981,28,logei,native,decay_uniform_a1,27,uniform,1.0,190,13,13.73411192945665,0.06842105263157895,2,149,20,0.13426819443702698,0.11544431793793536,0.08417412646790068,0.09690389285515351,0.0419753797465557
iaml_super_40981,28,logei,native,decay_uniform_a1,28,uniform,1.0,190,18,13.73411192945665,0.09473684210526316,1,169,29,0.13426819443702698,0.08512419207959193,0.06520588413870171,0.07523872484133808,0.05117640938304053
iaml_super_40981,28,logei,native,decay_uniform_a1,29,uniform,1.0,190,11,13.73411192945665,0.05789473684210526,2,152,18,0.13426819443702698,0.06564277739906711,0.046272290522693854,0.05350575017894271,0.02595353923758054
iaml_super_40981,28,logei,native,decay_uniform_a1,30,uniform,1.0,190,9,13.73411192945665,0.04736842105263158,1,87,15,0.13426819443702698,0.10192622827578955,0.07242447760116122,0.0827158888423213,0.03656622642100968
iaml_super_40981,28,logei,native,decay_uniform_a1,31,uniform,1.0,190,14,13.73411192945665,0.07368421052631578,2,188,26,0.13426819443702698,0.12260951825362351,0.08627323427698891,0.0997523189176726,0.04819983412659314
iaml_super_40981,28,logei,native,decay_uniform_a1,32,uniform,1.0,190,13,13.73411192945665,0.06842105263157895,2,153,26,0.13426819443702698,0.0898178218002449,0.06386167119736999,0.0730695535821551,0.05451018174170099
iaml_super_40981,28,logei,native,decay_uniform_a1,33,uniform,1.0,190,13,13.73411192945665,0.06842105263157895,1,165,19,0.13426819443702698,0.07607420110133811,0.054084013496385204,0.06263319668811505,0.03389454495835473
iaml_super_40981,28,logei,native,decay_uniform_a1,34,uniform,1.0,190,12,13.73411192945665,0.06315789473684211,2,174,24,0.13426819443702698,0.1125157950805581,0.07982025120803415,0.09197297557799794,0.05756153324170996
iaml_super_40981,28,logei,native,decay_uniform_a1,5,uniform,1.0,190,17,13.73411192945665,0.08947368421052632,1,187,29,0.13426819443702698,0.0948705743424961,0.06913557596978548,0.07988950150301989,0.061818272782842645
iaml_super_40981,28,logei,native,decay_uniform_a1,6,uniform,1.0,190,18,13.73411192945665,0.09473684210526316,5,177,34,0.13426819443702698,0.12935121795960847,0.09247065014351552,0.10612548745037986,0.08394401942616646
iaml_super_40981,28,logei,native,decay_uniform_a1,7,uniform,1.0,190,17,13.73411192945665,0.08947368421052632,2,177,26,0.13426819443702698,0.09821541759581105,0.06813599327627681,0.07858445550778043,0.04957046410438433
iaml_super_40981,28,logei,native,decay_uniform_a1,8,uniform,1.0,190,11,13.73411192945665,0.05789473684210526,5,138,20,0.13426819443702698,0.1269479836072511,0.08797275926269918,0.10053181662481221,0.07872401570003884
iaml_super_40981,28,logei,native,decay_uniform_a1,9,uniform,1.0,190,15,13.73411192945665,0.07894736842105263,1,189,27,0.13426819443702698,0.11020980358251234,0.08122981344184224,0.09286929494011745,0.08670242742397954
iaml_super_40981,28,logei,native,decay_uniform_grid_a1_2,10,uniform,0.5,190,104,94.00724143492789,0.5473684210526316,1,190,100,0.13426819443702698,0.18930380552122722,0.1387551461063048,0.15735057634948993,0.11990572492767576
iaml_super_40981,28,logei,native,decay_uniform_grid_a1_2,11,uniform,0.5,190,96,94.00724143492789,0.5052631578947369,2,188,88,0.13426819443702698,0.17238318331890437,0.1264494666874268,0.1439658979037444,0.1827499965308766
iaml_super_40981,28,logei,native,decay_uniform_grid_a1_2,12,uniform,0.5,190,100,94.00724143492789,0.5263157894736842,1,189,69,0.13426819443702698,0.16186759959033087,0.11875611139779865,0.13564870965410883,0.1687726974012555
iaml_super_40981,28,logei,native,decay_uniform_grid_a1_2,13,uniform,0.5,190,90,94.00724143492789,0.47368421052631576,1,189,87,0.13426819443702698,0.18449736436926195,0.13775769268626437,0.15683473044473184,0.12940747710639605
iaml_super_40981,28,logei,native,decay_uniform_grid_a1_2,14,uniform,0.5,190,98,94.00724143492789,0.5157894736842106,2,189,90,0.13426819443702698,0.18244448847117933,0.1355406704430101,0.15476830898447788,0.1515123698488962
iaml_super_40981,28,logei,native,decay_uniform_grid_a1_2,15,uniform,0.5,190,101,94.00724143492789,0.531578947368421,1,189,101,0.13426819443702698,0.18485613088977343,0.13719115704042825,0.15675449477278458,0.15621045960390706
iaml_super_40981,28,logei,native,decay_uniform_grid_a1_2,16,uniform,0.5,190,83,94.00724143492789,0.4368421052631579,3,190,87,0.13426819443702698,0.1479140749652265,0.10880834511950255,0.12424033101882512,0.10185240787147447
iaml_super_40981,28,logei,native,decay_uniform_grid_a1_2,17,uniform,0.5,190,96,94.00724143492789,0.5052631578947369,1,190,88,0.13426819443702698,0.16145334335573402,0.11998126049991871,0.1360682020194455,0.11805243170203075
iaml_super_40981,28,logei,native,decay_uniform_grid_a1_2,18,uniform,0.5,190,92,94.00724143492789,0.4842105263157895,1,190,100,0.13426819443702698,0.17607878289760576,0.13010530712362794,0.14750091630509854,0.12932856667746545
iaml_super_40981,28,logei,native,decay_uniform_grid_a1_2,19,uniform,0.5,190,84,94.00724143492789,0.4421052631578947,2,187,74,0.13426819443702698,0.15992232759768166,0.11743388595891832,0.1342793811378846,0.0869496800611074
iaml_super_40981,28,logei,native,decay_uniform_grid_a1_2,20,uniform,0.5,190,89,94.00724143492789,0.46842105263157896,3,185,96,0.13426819443702698,0.1737596823556369,0.1232662313217519,0.1407997233993934,0.2018098373854375
iaml_super_40981,28,logei,native,decay_uniform_grid_a1_2,21,uniform,0.5,190,99,94.00724143492789,0.5210526315789473,1,190,104,0.13426819443702698,0.1656927814522474,0.12207693180532614,0.13961324038118775,0.10011067927260991
iaml_super_40981,28,logei,native,decay_uniform_grid_a1_2,22,uniform,0.5,190,89,94.00724143492789,0.46842105263157896,1,188,101,0.13426819443702698,0.14613831292280918,0.10672882918493395,0.12174339134098355,0.18860778908492662
iaml_super_40981,28,logei,native,decay_uniform_grid_a1_2,23,uniform,0.5,190,101,94.00724143492789,0.531578947368421,2,188,94,0.13426819443702698,0.19214255780048917,0.13506342399379986,0.15318368678101807,0.17277013579683848
iaml_super_40981,28,logei,native,decay_uniform_grid_a1_2,24,uniform,0.5,190,94,94.00724143492789,0.49473684210526314,1,190,94,0.13426819443702698,0.17997037095843005,0.1325720999949075,0.152019386821627,0.1311593553190946
iaml_super_40981,28,logei,native,decay_uniform_grid_a1_2,25,uniform,0.5,190,82,94.00724143492789,0.43157894736842106,1,185,95,0.13426819443702698,0.1618320919609402,0.11973604222209039,0.1374879253765334,0.12842760952555857
iaml_super_40981,28,logei,native,decay_uniform_grid_a1_2,26,uniform,0.5,190,90,94.00724143492789,0.47368421052631576,2,187,82,0.13426819443702698,0.17543548572687745,0.12349963074220742,0.1406272274769949,0.16113421623568516
iaml_super_40981,28,logei,native,decay_uniform_grid_a1_2,27,uniform,0.5,190,92,94.00724143492789,0.4842105263157895,2,190,89,0.13426819443702698,0.1907661288515468,0.1350594551912283,0.15360282258744615,0.1282399002373682
iaml_super_40981,28,logei,native,decay_uniform_grid_a1_2,28,uniform,0.5,190,90,94.00724143492789,0.47368421052631576,1,187,85,0.13426819443702698,0.16368041354193233,0.12070913782139892,0.13736021274701327,0.13085969164745503
iaml_super_40981,28,logei,native,decay_uniform_grid_a1_2,29,uniform,0.5,190,95,94.00724143492789,0.5,2,186,90,0.13426819443702698,0.1668922099580547,0.12124462581471268,0.13897449077897692,0.14706843582778542
iaml_super_40981,28,logei,native,decay_uniform_grid_a1_2,30,uniform,0.5,190,92,94.00724143492789,0.4842105263157895,1,188,93,0.25979936122894287,0.1702996329893205,0.12206795271804953,0.13953535465761105,0.17241558820470484
iaml_super_40981,28,logei,native,decay_uniform_grid_a1_2,31,uniform,0.5,190,84,94.00724143492789,0.4421052631578947,2,188,90,0.13426819443702698,0.16839562390450338,0.11905535396663863,0.1357767912479419,0.15484234353455617
iaml_super_40981,28,logei,native,decay_uniform_grid_a1_2,32,uniform,0.5,190,99,94.00724143492789,0.5210526315789473,2,190,89,0.13426819443702698,0.16823980172445496,0.11799538663157264,0.1347875823855288,0.11472140687936569
iaml_super_40981,28,logei,native,decay_uniform_grid_a1_2,33,uniform,0.5,190,82,94.00724143492789,0.43157894736842106,1,188,85,0.13426819443702698,0.1724097568946616,0.13291244647039335,0.1504116042629557,0.1508415772907871
iaml_super_40981,28,logei,native,decay_uniform_grid_a1_2,34,uniform,0.5,190,87,94.00724143492789,0.45789473684210524,2,189,106,0.13426819443702698,0.16858497886300078,0.12455437633962894,0.14252717454873562,0.1431999007143913
iaml_super_40981,28,logei,native,decay_uniform_grid_a1_2,5,uniform,0.5,190,90,94.00724143492789,0.47368421052631576,1,189,97,0.13426819443702698,0.18161875997580695,0.13358037156127367,0.1525706906462281,0.18730481232540896
iaml_super_40981,28,logei,native,decay_uniform_grid_a1_2,6,uniform,0.5,190,90,94.00724143492789,0.47368421052631576,2,188,94,0.13426819443702698,0.16837096348197234,0.12935192564272102,0.14687159747335668,0.1840253322511586
iaml_super_40981,28,logei,native,decay_uniform_grid_a1_2,7,uniform,0.5,190,96,94.00724143492789,0.5052631578947369,1,190,94,0.13426819443702698,0.16433151288158876,0.11768566046551275,0.13395517531335308,0.11724295501366155
iaml_super_40981,28,logei,native,decay_uniform_grid_a1_2,8,uniform,0.5,190,92,94.00724143492789,0.4842105263157895,1,184,91,0.13426819443702698,0.18729690262227006,0.13799638143132034,0.15741063969122446,0.16985125052338462
iaml_super_40981,28,logei,native,decay_uniform_grid_a1_2,9,uniform,0.5,190,85,94.00724143492789,0.4473684210526316,1,189,97,0.13426819443702698,0.16004566766340295,0.11898700904809668,0.13607538506424458,0.14451985186681926
iaml_super_40981,28,logei,native,fixed_p020,10,uniform,nan,190,50,38.0,0.2631578947368421,1,190,74,0.13426819443702698,0.142537881147716,0.10550101118094991,0.12007683602747066,0.10421125584782659
iaml_super_40981,28,logei,native,fixed_p020,11,uniform,nan,190,38,38.0,0.2,11,188,60,0.13426819443702698,0.11562287774249382,0.08769046028094175,0.10056327521111602,0.104798680908653
iaml_super_40981,28,logei,native,fixed_p020,12,uniform,nan,190,45,38.0,0.23684210526315788,6,186,68,0.13426819443702698,0.11312970656258985,0.08469745314572429,0.09744253131439402,0.06456344973108431
iaml_super_40981,28,logei,native,fixed_p020,13,uniform,nan,190,39,38.0,0.20526315789473684,1,185,61,0.13426819443702698,0.12747441772865542,0.09165914356149774,0.1046381720048791,0.12179536199698367
iaml_super_40981,28,logei,native,fixed_p020,14,uniform,nan,190,42,38.0,0.22105263157894736,4,184,68,0.13426819443702698,0.1363951591886006,0.09979011652903046,0.11438320285774682,0.1731865487494291
iaml_super_40981,28,logei,native,fixed_p020,15,uniform,nan,190,42,38.0,0.22105263157894736,1,189,59,0.13426819443702698,0.13619788123057575,0.10109487632632998,0.11643182232703667,0.11213694429010805
iaml_super_40981,28,logei,native,fixed_p020,16,uniform,nan,190,33,38.0,0.1736842105263158,3,175,48,0.13426819443702698,0.09246097566683713,0.06831168002595903,0.07893804482106855,0.04651385776668385
iaml_super_40981,28,logei,native,fixed_p020,17,uniform,nan,190,44,38.0,0.23157894736842105,2,190,75,0.13426819443702698,0.12021903509498981,0.08901902474631354,0.10173023179183897,0.0878451993415653
iaml_super_40981,28,logei,native,fixed_p020,18,uniform,nan,190,41,38.0,0.21578947368421053,4,190,67,0.13426819443702698,0.11695838573051782,0.08532850306317384,0.09805117152937566,0.09989028639833888
iaml_super_40981,28,logei,native,fixed_p020,19,uniform,nan,190,40,38.0,0.21052631578947367,9,187,58,0.13426819443702698,0.12048837587407568,0.08577554944348846,0.09823201975715264,0.09882223973468054
iaml_super_40981,28,logei,native,fixed_p020,20,uniform,nan,190,32,38.0,0.16842105263157894,3,185,50,0.13426819443702698,0.12227460285840992,0.08425677958887501,0.096301467928197,0.07229318452280785
iaml_super_40981,28,logei,native,fixed_p020,21,uniform,nan,190,49,38.0,0.2578947368421053,15,188,70,0.13426819443702698,0.11816598265613695,0.08829587004211115,0.10147823608554817,0.11118336822093225
iaml_super_40981,28,logei,native,fixed_p020,22,uniform,nan,190,38,38.0,0.2,14,187,64,0.13426819443702698,0.12190285793186512,0.08713829336657576,0.09980930310185218,0.07111277589730503
iaml_super_40981,28,logei,native,fixed_p020,23,uniform,nan,190,42,38.0,0.22105263157894736,6,188,62,0.13426819443702698,0.1593763584926157,0.11126090692425057,0.1265701140603983,0.14295464976867173
iaml_super_40981,28,logei,native,fixed_p020,24,uniform,nan,190,41,38.0,0.21578947368421053,4,190,65,0.13426819443702698,0.13833804719798598,0.09645691422270133,0.11028239565505861,0.08990751729690556
iaml_super_40981,28,logei,native,fixed_p020,25,uniform,nan,190,38,38.0,0.2,1,185,65,0.13426819443702698,0.15367580413360282,0.11233754202372051,0.12815445821819982,0.13633631810574406
iaml_super_40981,28,logei,native,fixed_p020,26,uniform,nan,190,37,38.0,0.19473684210526315,2,187,56,0.13426819443702698,0.1203169273910177,0.08435854160372927,0.09594951351430943,0.06271510127720492
iaml_super_40981,28,logei,native,fixed_p020,27,uniform,nan,190,28,38.0,0.14736842105263157,6,182,48,0.301840603351593,0.1437224476622788,0.10280454892353447,0.11669433033218153,0.10245904705123839
iaml_super_40981,28,logei,native,fixed_p020,28,uniform,nan,190,37,38.0,0.19473684210526315,5,177,58,0.13426819443702698,0.13467543137923385,0.10052340013658104,0.11472637092388409,0.10166873219280019
iaml_super_40981,28,logei,native,fixed_p020,29,uniform,nan,190,45,38.0,0.23684210526315788,2,186,66,0.13426819443702698,0.10869337690550519,0.07461709314446685,0.08606912877074792,0.10220731889927055
iaml_super_40981,28,logei,native,fixed_p020,30,uniform,nan,190,38,38.0,0.2,14,188,54,0.13426819443702698,0.1331927298600196,0.0957367366992414,0.1090552781890701,0.08250798712564791
iaml_super_40981,28,logei,native,fixed_p020,31,uniform,nan,190,30,38.0,0.15789473684210525,2,188,46,0.13426819443702698,0.15876554840529114,0.11520305614543339,0.13149110167533332,0.13113827234546316
iaml_super_40981,28,logei,native,fixed_p020,32,uniform,nan,190,45,38.0,0.23684210526315788,4,189,60,0.13426819443702698,0.11641545650892574,0.08200271603737527,0.0934379053623105,0.11890716471291207
iaml_super_40981,28,logei,native,fixed_p020,33,uniform,nan,190,34,38.0,0.17894736842105263,1,188,55,0.13426819443702698,0.13483729223073188,0.0978046378140214,0.11128223696257915,0.08073308976782344
iaml_super_40981,28,logei,native,fixed_p020,34,uniform,nan,190,32,38.0,0.16842105263157894,4,189,56,0.13426819443702698,0.12001944358138351,0.08589631832777009,0.09856230366776302,0.10415213790738488
iaml_super_40981,28,logei,native,fixed_p020,5,uniform,nan,190,28,38.0,0.14736842105263157,2,187,50,0.13426819443702698,0.10828088608988067,0.07937076098605098,0.09110228288199615,0.06014411108174327
iaml_super_40981,28,logei,native,fixed_p020,6,uniform,nan,190,49,38.0,0.2578947368421053,9,188,66,0.13426819443702698,0.12898107830942182,0.09849136812028172,0.112556561424411,0.10839404985068522
iaml_super_40981,28,logei,native,fixed_p020,7,uniform,nan,190,42,38.0,0.22105263157894736,2,180,70,0.13426819443702698,0.1356234058550267,0.0965279090410879,0.1093315739537988,0.082594570443891
iaml_super_40981,28,logei,native,fixed_p020,8,uniform,nan,190,40,38.0,0.21052631578947367,5,183,68,0.13426819443702698,0.14011576549964852,0.10024117595983945,0.11437426503537504,0.12717699040115205
iaml_super_40981,28,logei,native,fixed_p020,9,uniform,nan,190,34,38.0,0.17894736842105263,8,189,60,0.13426819443702698,0.15047718495045828,0.11135336232806242,0.12807410200664646,0.13750336335702246
iaml_super_40981,28,logei,native,standard,10,none,nan,190,0,0.0,0.0,,,0,0.13426819443702698,0.10141265224467831,0.07491428096484082,0.08555135693672969,0.05805707308492542
iaml_super_40981,28,logei,native,standard,11,none,nan,190,0,0.0,0.0,,,0,0.13426819443702698,0.06397237182031912,0.048234174298840075,0.055885590511918035,0.036349103711504516
iaml_super_40981,28,logei,native,standard,12,none,nan,190,0,0.0,0.0,,,0,0.13426850736141205,0.08032601782607839,0.053975855715924774,0.06296829456372588,0.03854535460475217
iaml_super_40981,28,logei,native,standard,13,none,nan,190,0,0.0,0.0,,,0,0.13426819443702698,0.06736098240226951,0.04947366769383711,0.05695273194050583,0.02667256159511029
iaml_super_40981,28,logei,native,standard,14,none,nan,190,0,0.0,0.0,,,0,0.13426819443702698,0.08878651039946558,0.0650233794531529,0.07499347667676189,0.037212617850755594
iaml_super_40981,28,logei,native,standard,15,none,nan,190,0,0.0,0.0,,,0,0.13426819443702698,0.09430607664321954,0.06743328534647497,0.07734694492837917,0.03354831042407564
iaml_super_40981,28,logei,native,standard,16,none,nan,190,0,0.0,0.0,,,0,0.13426819443702698,0.07779794795369233,0.05410266494232008,0.06306297993393914,0.04436088460610999
iaml_super_40981,28,logei,native,standard,17,none,nan,190,0,0.0,0.0,,,0,0.13426819443702698,0.07506413853985648,0.05150070880123454,0.05907901256972628,0.028246905618437918
iaml_super_40981,28,logei,native,standard,18,none,nan,190,0,0.0,0.0,,,0,0.13426819443702698,0.08114632945815665,0.051850257417666364,0.06015917095526127,0.0362369445130712
iaml_super_40981,28,logei,native,standard,19,none,nan,190,0,0.0,0.0,,,0,0.13426819443702698,0.0762403569782449,0.05192504066852411,0.06078769317918682,0.03600843089229826
iaml_super_40981,28,logei,native,standard,20,none,nan,190,0,0.0,0.0,,,0,0.13426819443702698,0.07687814994356837,0.0548516693788951,0.06319155913570972,0.030347596600313675
iaml_super_40981,28,logei,native,standard,21,none,nan,190,0,0.0,0.0,,,0,0.13426819443702698,0.06691588970197018,0.04983321105113775,0.05699316831058332,0.02192912718592507
iaml_super_40981,28,logei,native,standard,22,none,nan,190,0,0.0,0.0,,,0,0.13426819443702698,0.09631429894203525,0.07162463779806019,0.08247508894762386,0.050749796723742614
iaml_super_40981,28,logei,native,standard,23,none,nan,190,0,0.0,0.0,,,0,0.13426819443702698,0.08944490412022502,0.06110900525040186,0.07041814469480237,0.055352669511678186
iaml_super_40981,28,logei,native,standard,24,none,nan,190,0,0.0,0.0,,,0,0.13426819443702698,0.07921936991172258,0.055754233162108854,0.06539771586177075,0.03893691021282257
iaml_super_40981,28,logei,native,standard,25,none,nan,190,0,0.0,0.0,,,0,0.13426819443702698,0.07232959658568229,0.04881228443740463,0.055890366273788454,0.028297024100494637
iaml_super_40981,28,logei,native,standard,26,none,nan,190,0,0.0,0.0,,,0,0.13426819443702698,0.06791003041139665,0.04849574668417684,0.055933147760896904,0.03282285823065462
iaml_super_40981,28,logei,native,standard,27,none,nan,190,0,0.0,0.0,,,0,0.13426850736141205,0.07117489379793461,0.05200464091668496,0.05963977283911345,0.021722094544819843
iaml_super_40981,28,logei,native,standard,28,none,nan,190,0,0.0,0.0,,,0,0.13426819443702698,0.07530164107005634,0.0532064657974917,0.06193664931031453,0.019476600364655042
iaml_super_40981,28,logei,native,standard,29,none,nan,190,0,0.0,0.0,,,0,0.13426819443702698,0.1342333995634837,0.0956859400398354,0.10882894370316865,0.09639573199001228
iaml_super_40981,28,logei,native,standard,30,none,nan,190,0,0.0,0.0,,,0,0.13426819443702698,0.08480916463953149,0.056561704700829454,0.06485000848383986,0.030699848496891023
iaml_super_40981,28,logei,native,standard,31,none,nan,190,0,0.0,0.0,,,0,0.13426819443702698,0.07119630105226513,0.05125843209919381,0.05893962167347481,0.035400746771628765
iaml_super_40981,28,logei,native,standard,32,none,nan,190,0,0.0,0.0,,,0,0.13426819443702698,0.07079418369845987,0.04910983792031285,0.0576246031716377,0.040833287742818525
iaml_super_40981,28,logei,native,standard,33,none,nan,190,0,0.0,0.0,,,0,0.13426819443702698,0.07128565956421581,0.049854928570566344,0.05793570694463765,0.03762202888306399
iaml_super_40981,28,logei,native,standard,34,none,nan,190,0,0.0,0.0,,,0,0.13426819443702698,0.07045752200908252,0.0496180064577436,0.05695940448108977,0.03229642421258
iaml_super_40981,28,logei,native,standard,5,none,nan,190,0,0.0,0.0,,,0,0.13426819443702698,0.07667812160442282,0.053930008922389444,0.06280007404629913,0.03447349012810542
iaml_super_40981,28,logei,native,standard,6,none,nan,190,0,0.0,0.0,,,0,0.30079370737075806,0.07030772848633247,0.05276696769287996,0.06049769172401055,0.030183286524088596
iaml_super_40981,28,logei,native,standard,7,none,nan,190,0,0.0,0.0,,,0,0.13426819443702698,0.07785511619590547,0.053221560268303755,0.06122705956370027,0.04014348431371025
iaml_super_40981,28,logei,native,standard,8,none,nan,190,0,0.0,0.0,,,0,0.13426819443702698,0.09102982833592752,0.06773246605988717,0.07714701723364982,0.05134869431977333
iaml_super_40981,28,logei,native,standard,9,none,nan,190,0,0.0,0.0,,,0,0.13426819443702698,0.09394892766361651,0.06826892680599059,0.07810744689659725,0.02448034722618912
iaml_super_40981,28,mes_gumbel,native,decay_uniform_a1,10,uniform,1.0,190,10,13.73411192945665,0.05263157894736842,1,152,17,0.13426819443702698,0.11613164180496542,0.0841417402212766,0.09604182145655883,0.06273381374786584
iaml_super_40981,28,mes_gumbel,native,decay_uniform_a1,11,uniform,1.0,190,17,13.73411192945665,0.08947368421052632,5,185,30,0.13426819443702698,0.08538853760715615,0.060777973417833434,0.06992242202845869,0.03665882184827133
iaml_super_40981,28,mes_gumbel,native,decay_uniform_a1,12,uniform,1.0,190,20,13.73411192945665,0.10526315789473684,2,135,30,0.13426850736141205,0.09965493617649475,0.07222308220362936,0.08381128619366081,0.05445892906874688
iaml_super_40981,28,mes_gumbel,native,decay_uniform_a1,13,uniform,1.0,190,10,13.73411192945665,0.05263157894736842,1,185,15,0.13426819443702698,0.09703534569745417,0.07158502500871333,0.08210791882835404,0.057886303996042866
iaml_super_40981,28,mes_gumbel,native,decay_uniform_a1,14,uniform,1.0,190,11,13.73411192945665,0.05789473684210526,4,167,20,0.13426819443702698,0.10431231722052474,0.0726816706105369,0.08434562661106032,0.053740904234300356
iaml_super_40981,28,mes_gumbel,native,decay_uniform_a1,15,uniform,1.0,190,14,13.73411192945665,0.07368421052631578,1,189,27,0.13426819443702698,0.10933864524470488,0.07688536150248365,0.08853856260771117,0.07293648936753486
iaml_super_40981,28,mes_gumbel,native,decay_uniform_a1,16,uniform,1.0,190,17,13.73411192945665,0.08947368421052632,3,175,30,0.13426819443702698,0.08814805512822166,0.06368849976101479,0.07368344325673305,0.052864375924953654
iaml_super_40981,28,mes_gumbel,native,decay_uniform_a1,17,uniform,1.0,190,21,13.73411192945665,0.11052631578947368,1,190,32,0.13426819443702698,0.09410995500779569,0.06778173858703751,0.07766251971471046,0.06262788312372854
iaml_super_40981,28,mes_gumbel,native,decay_uniform_a1,18,uniform,1.0,190,13,13.73411192945665,0.06842105263157895,1,134,23,0.13426819443702698,0.09512973342475976,0.06816845028661968,0.0781738500821128,0.04822619243990481
iaml_super_40981,28,mes_gumbel,native,decay_uniform_a1,19,uniform,1.0,190,15,13.73411192945665,0.07894736842105263,2,180,30,0.13426819443702698,0.10508569986880847,0.07382164080294927,0.08544865858673506,0.04576301308490006
iaml_super_40981,28,mes_gumbel,native,decay_uniform_a1,20,uniform,1.0,190,12,13.73411192945665,0.06315789473684211,3,181,18,0.13426819443702698,0.09811524513032059,0.06956731984448805,0.07964941364826675,0.037073317790380214
iaml_super_40981,28,mes_gumbel,native,decay_uniform_a1,21,uniform,1.0,190,21,13.73411192945665,0.11052631578947368,1,167,35,0.13426819443702698,0.08498432933439405,0.06320844447621084,0.07329309138932948,0.035515947661539565
iaml_super_40981,28,mes_gumbel,native,decay_uniform_a1,22,uniform,1.0,190,11,13.73411192945665,0.05789473684210526,8,181,22,0.13426819443702698,0.097112755565698,0.06968252536805973,0.07976228482660101,0.047440330152380694
iaml_super_40981,28,mes_gumbel,native,decay_uniform_a1,23,uniform,1.0,190,16,13.73411192945665,0.08421052631578947,6,159,26,0.13426819443702698,0.10522973384215177,0.07015186106424914,0.08014933736840507,0.05459643375301844
iaml_super_40981,28,mes_gumbel,native,decay_uniform_a1,24,uniform,1.0,190,11,13.73411192945665,0.05789473684210526,1,167,19,0.13426819443702698,0.0826436156589065,0.05980025450759159,0.06868653573493964,0.0507987436982108
iaml_super_40981,28,mes_gumbel,native,decay_uniform_a1,25,uniform,1.0,190,19,13.73411192945665,0.1,1,132,29,0.13426819443702698,0.12596380743399066,0.09361984033277834,0.10753400612292194,0.0750418856255168
iaml_super_40981,28,mes_gumbel,native,decay_uniform_a1,26,uniform,1.0,190,9,13.73411192945665,0.04736842105263158,2,128,16,0.13426819443702698,0.0800084349894583,0.05873575225876559,0.06776326349142177,0.04899337045287944
iaml_super_40981,28,mes_gumbel,native,decay_uniform_a1,27,uniform,1.0,190,13,13.73411192945665,0.06842105263157895,2,149,20,0.13426819443702698,0.11452922691271843,0.08047086479883962,0.09128962005389187,0.053956164687324934
iaml_super_40981,28,mes_gumbel,native,decay_uniform_a1,28,uniform,1.0,190,18,13.73411192945665,0.09473684210526316,1,169,29,0.13426819443702698,0.09366158071734682,0.06960942966844812,0.08069515487159203,0.04745893000381954
iaml_super_40981,28,mes_gumbel,native,decay_uniform_a1,29,uniform,1.0,190,11,13.73411192945665,0.05789473684210526,2,152,18,0.13426819443702698,0.07947846391277948,0.05684612990247545,0.06573695473959383,0.037661575748574434
iaml_super_40981,28,mes_gumbel,native,decay_uniform_a1,30,uniform,1.0,190,9,13.73411192945665,0.04736842105263158,1,87,15,0.13426819443702698,0.08951068049865697,0.06374448502683261,0.07259938023452939,0.04336786234341608
iaml_super_40981,28,mes_gumbel,native,decay_uniform_a1,31,uniform,1.0,190,14,13.73411192945665,0.07368421052631578,2,188,26,0.13426819443702698,0.1272424947386581,0.09192534769625871,0.10588719000360067,0.07475027787355086
iaml_super_40981,28,mes_gumbel,native,decay_uniform_a1,32,uniform,1.0,190,13,13.73411192945665,0.06842105263157895,2,153,26,0.13426819443702698,0.08577349360891738,0.060875917408243566,0.06959372335155904,0.055510448455069306
iaml_super_40981,28,mes_gumbel,native,decay_uniform_a1,33,uniform,1.0,190,13,13.73411192945665,0.06842105263157895,1,165,19,0.13426819443702698,0.09294017195007309,0.06579706181954556,0.0759983460030751,0.0544550912345558
iaml_super_40981,28,mes_gumbel,native,decay_uniform_a1,34,uniform,1.0,190,12,13.73411192945665,0.06315789473684211,2,174,24,0.13426819443702698,0.12047031076629178,0.08606331388101582,0.09880552886662179,0.08597647780015985
iaml_super_40981,28,mes_gumbel,native,decay_uniform_a1,5,uniform,1.0,190,17,13.73411192945665,0.08947368421052632,1,187,29,0.13426819443702698,0.12340194905031235,0.09286482605711113,0.10672918156672451,0.08391820765508345
iaml_super_40981,28,mes_gumbel,native,decay_uniform_a1,6,uniform,1.0,190,18,13.73411192945665,0.09473684210526316,5,177,34,0.13426819443702698,0.11039798989152999,0.08058915535738312,0.09238673371361686,0.07318691229289705
iaml_super_40981,28,mes_gumbel,native,decay_uniform_a1,7,uniform,1.0,190,17,13.73411192945665,0.08947368421052632,2,177,26,0.13426819443702698,0.10143771584823634,0.0690055737860606,0.0791684076047489,0.0439067585429061
iaml_super_40981,28,mes_gumbel,native,decay_uniform_a1,8,uniform,1.0,190,11,13.73411192945665,0.05789473684210526,5,138,20,0.13426819443702698,0.13663939317481993,0.1003751027802735,0.11435816883811195,0.10322787707347666
iaml_super_40981,28,mes_gumbel,native,decay_uniform_a1,9,uniform,1.0,190,15,13.73411192945665,0.07894736842105263,1,189,27,0.13426819443702698,0.11444375366564759,0.0843443001701139,0.09682447013262582,0.03962485800668187
iaml_super_40981,28,mes_gumbel,native,decay_uniform_grid_a1_2,10,uniform,0.5,190,104,94.00724143492789,0.5473684210526316,1,190,100,0.13426819443702698,0.17605257403002667,0.12982873544922935,0.1468302427305987,0.1108705218466979
iaml_super_40981,28,mes_gumbel,native,decay_uniform_grid_a1_2,11,uniform,0.5,190,96,94.00724143492789,0.5052631578947369,2,188,88,0.13426819443702698,0.17731027349802972,0.12744241241053472,0.14457525143469493,0.18939780386326266
iaml_super_40981,28,mes_gumbel,native,decay_uniform_grid_a1_2,12,uniform,0.5,190,100,94.00724143492789,0.5263157894736842,1,189,69,0.13426819443702698,0.16202503412323382,0.11796732273355376,0.13435801044906148,0.17852852589959642
iaml_super_40981,28,mes_gumbel,native,decay_uniform_grid_a1_2,13,uniform,0.5,190,90,94.00724143492789,0.47368421052631576,1,189,87,0.13426819443702698,0.18238501709315702,0.13632582917127237,0.1554968590130634,0.177694027333157
iaml_super_40981,28,mes_gumbel,native,decay_uniform_grid_a1_2,14,uniform,0.5,190,98,94.00724143492789,0.5157894736842106,2,189,90,0.13426819443702698,0.16758431890993664,0.12295277532605078,0.1405386080915014,0.20407712236833264
iaml_super_40981,28,mes_gumbel,native,decay_uniform_grid_a1_2,15,uniform,0.5,190,101,94.00724143492789,0.531578947368421,1,189,101,0.13426819443702698,0.1755550190423688,0.13415368020874846,0.1527517979065588,0.18749607692562223
iaml_super_40981,28,mes_gumbel,native,decay_uniform_grid_a1_2,16,uniform,0.5,190,83,94.00724143492789,0.4368421052631579,3,190,87,0.13426819443702698,0.15525966361407556,0.11177795153717378,0.1273389672705373,0.10466216020910266
iaml_super_40981,28,mes_gumbel,native,decay_uniform_grid_a1_2,17,uniform,0.5,190,96,94.00724143492789,0.5052631578947369,1,190,88,0.13426819443702698,0.16002958806468995,0.11892401327165802,0.13528484868982055,0.11735779771356503
iaml_super_40981,28,mes_gumbel,native,decay_uniform_grid_a1_2,18,uniform,0.5,190,92,94.00724143492789,0.4842105263157895,1,190,100,0.13426819443702698,0.16893521283039567,0.1239230587582091,0.14054302508294964,0.12382254882429569
iaml_super_40981,28,mes_gumbel,native,decay_uniform_grid_a1_2,19,uniform,0.5,190,84,94.00724143492789,0.4421052631578947,2,187,74,0.13426819443702698,0.16463394446746957,0.12059960525220725,0.13788737127832704,0.11751256645531231
iaml_super_40981,28,mes_gumbel,native,decay_uniform_grid_a1_2,20,uniform,0.5,190,89,94.00724143492789,0.46842105263157896,3,185,96,0.13426819443702698,0.175722409123074,0.1235596721551958,0.14042272213033596,0.17924126353779413
iaml_super_40981,28,mes_gumbel,native,decay_uniform_grid_a1_2,21,uniform,0.5,190,99,94.00724143492789,0.5210526315789473,1,190,104,0.13426819443702698,0.16364378418124442,0.11897296999859354,0.1356924708352702,0.09727854217823716
iaml_super_40981,28,mes_gumbel,native,decay_uniform_grid_a1_2,22,uniform,0.5,190,89,94.00724143492789,0.46842105263157896,1,188,101,0.13426850736141205,0.15113663404219205,0.11111768919750942,0.12649194430135963,0.12528542823863562
iaml_super_40981,28,mes_gumbel,native,decay_uniform_grid_a1_2,23,uniform,0.5,190,101,94.00724143492789,0.531578947368421,2,188,94,0.13426819443702698,0.17530581222792696,0.1250799782403163,0.14189530260807592,0.17206594535154573
iaml_super_40981,28,mes_gumbel,native,decay_uniform_grid_a1_2,24,uniform,0.5,190,94,94.00724143492789,0.49473684210526314,1,190,94,0.13426819443702698,0.17900959882325887,0.13133635639707242,0.14938714370608058,0.12740927865711266
iaml_super_40981,28,mes_gumbel,native,decay_uniform_grid_a1_2,25,uniform,0.5,190,82,94.00724143492789,0.43157894736842106,1,185,95,0.13426819443702698,0.16834633224261325,0.12376233785376989,0.14044226748271513,0.16830325503065616
iaml_super_40981,28,mes_gumbel,native,decay_uniform_grid_a1_2,26,uniform,0.5,190,90,94.00724143492789,0.47368421052631576,2,187,82,0.13426819443702698,0.17379403770272336,0.12431264609080078,0.14151488736229798,0.13169996641823037
iaml_super_40981,28,mes_gumbel,native,decay_uniform_grid_a1_2,27,uniform,0.5,190,92,94.00724143492789,0.4842105263157895,2,190,89,0.13426819443702698,0.17573740478515318,0.12266323102883295,0.13960487161606625,0.11305344787133319
iaml_super_40981,28,mes_gumbel,native,decay_uniform_grid_a1_2,28,uniform,0.5,190,90,94.00724143492789,0.47368421052631576,1,187,85,0.13426819443702698,0.16663951662334936,0.1233757263756918,0.1403827183053418,0.14233945563937644
iaml_super_40981,28,mes_gumbel,native,decay_uniform_grid_a1_2,29,uniform,0.5,190,95,94.00724143492789,0.5,2,186,90,0.13426819443702698,0.15434575865918784,0.11101127115886394,0.12696878673715156,0.14683052154839593
iaml_super_40981,28,mes_gumbel,native,decay_uniform_grid_a1_2,30,uniform,0.5,190,92,94.00724143492789,0.4842105263157895,1,188,93,0.25979936122894287,0.16768573485479066,0.12363608328979683,0.1410712171952712,0.24094769379305062
iaml_super_40981,28,mes_gumbel,native,decay_uniform_grid_a1_2,31,uniform,0.5,190,84,94.00724143492789,0.4421052631578947,2,188,90,0.13426819443702698,0.16594984942246843,0.11822112954764989,0.13471710263214545,0.15214464028791272
iaml_super_40981,28,mes_gumbel,native,decay_uniform_grid_a1_2,32,uniform,0.5,190,99,94.00724143492789,0.5210526315789473,2,190,89,0.13426819443702698,0.17389770762922901,0.12448545402018792,0.14228765040718394,0.12240257299888595
iaml_super_40981,28,mes_gumbel,native,decay_uniform_grid_a1_2,33,uniform,0.5,190,82,94.00724143492789,0.43157894736842106,1,188,85,0.13426819443702698,0.15848879427825002,0.11750630468139477,0.13249996587833968,0.15990257017382156
iaml_super_40981,28,mes_gumbel,native,decay_uniform_grid_a1_2,34,uniform,0.5,190,87,94.00724143492789,0.45789473684210524,2,189,106,0.13426819443702698,0.17992205545130463,0.13065614863383226,0.14793380043121088,0.20365930472521623
iaml_super_40981,28,mes_gumbel,native,decay_uniform_grid_a1_2,5,uniform,0.5,190,90,94.00724143492789,0.47368421052631576,1,189,97,0.13426819443702698,0.188102676559007,0.13712701898513158,0.15631389745091492,0.2067978638907141
iaml_super_40981,28,mes_gumbel,native,decay_uniform_grid_a1_2,6,uniform,0.5,190,90,94.00724143492789,0.47368421052631576,2,188,94,0.13426819443702698,0.168504000291944,0.12763405443969505,0.14475907597036114,0.22240584570062277
iaml_super_40981,28,mes_gumbel,native,decay_uniform_grid_a1_2,7,uniform,0.5,190,96,94.00724143492789,0.5052631578947369,1,190,94,0.13426819443702698,0.16805822624276598,0.12236858187083627,0.1387263887990064,0.12176540027264136
iaml_super_40981,28,mes_gumbel,native,decay_uniform_grid_a1_2,8,uniform,0.5,190,92,94.00724143492789,0.4842105263157895,1,184,91,0.13426819443702698,0.18585490178761696,0.13696869100672593,0.15559364417653446,0.18627513291798234
iaml_super_40981,28,mes_gumbel,native,decay_uniform_grid_a1_2,9,uniform,0.5,190,85,94.00724143492789,0.4473684210526316,1,189,97,0.13426819443702698,0.16357634197169443,0.12079715653132801,0.13706678944350612,0.16335024675139548
iaml_super_40981,28,mes_gumbel,native,fixed_p020,10,uniform,nan,190,50,38.0,0.2631578947368421,1,190,74,0.13426819443702698,0.1537025520041348,0.10996422660697949,0.12484192792624946,0.10925176562285271
iaml_super_40981,28,mes_gumbel,native,fixed_p020,11,uniform,nan,190,38,38.0,0.2,11,188,60,0.13426819443702698,0.11992538492430825,0.08484571680050476,0.09666619257171587,0.0919555950294788
iaml_super_40981,28,mes_gumbel,native,fixed_p020,12,uniform,nan,190,45,38.0,0.23684210526315788,6,186,68,0.13426819443702698,0.10634422028237715,0.07918253644203933,0.09096082418651039,0.0982053477584597
iaml_super_40981,28,mes_gumbel,native,fixed_p020,13,uniform,nan,190,39,38.0,0.20526315789473684,1,185,61,0.13426819443702698,0.11597987419433559,0.083982172253171,0.09570027871158954,0.0791601240423505
iaml_super_40981,28,mes_gumbel,native,fixed_p020,14,uniform,nan,190,42,38.0,0.22105263157894736,4,184,68,0.13426819443702698,0.1444418704826976,0.10103457811521363,0.11552572389903129,0.12852824294787385
iaml_super_40981,28,mes_gumbel,native,fixed_p020,15,uniform,nan,190,42,38.0,0.22105263157894736,1,189,59,0.13426819443702698,0.14755002083482896,0.10460018851425522,0.12033473151420682,0.12978681280269516
iaml_super_40981,28,mes_gumbel,native,fixed_p020,16,uniform,nan,190,33,38.0,0.1736842105263158,3,175,48,0.13426819443702698,0.10427710425101083,0.0766170221196715,0.08852265416938175,0.06667030131765932
iaml_super_40981,28,mes_gumbel,native,fixed_p020,17,uniform,nan,190,44,38.0,0.23157894736842105,2,190,75,0.13426819443702698,0.12304829344649441,0.08881060797762655,0.10106020928562168,0.08816045676655586
iaml_super_40981,28,mes_gumbel,native,fixed_p020,18,uniform,nan,190,41,38.0,0.21578947368421053,4,190,67,0.13426819443702698,0.11372910170270133,0.08619526643519458,0.09840017965736506,0.10190072483303825
iaml_super_40981,28,mes_gumbel,native,fixed_p020,19,uniform,nan,190,40,38.0,0.21052631578947367,9,187,58,0.13426819443702698,0.12958955647806583,0.09078350474511396,0.10477492747762229,0.07020437921688012
iaml_super_40981,28,mes_gumbel,native,fixed_p020,20,uniform,nan,190,32,38.0,0.16842105263157894,3,185,50,0.13426819443702698,0.11816684438662726,0.0812612981891267,0.09341704620607531,0.0818789741186763
iaml_super_40981,28,mes_gumbel,native,fixed_p020,21,uniform,nan,190,49,38.0,0.2578947368421053,15,188,70,0.13426819443702698,0.12032283633477125,0.0891480565995872,0.10206607923443074,0.15062637556477546
iaml_super_40981,28,mes_gumbel,native,fixed_p020,22,uniform,nan,190,38,38.0,0.2,14,187,64,0.13426819443702698,0.14587153942846373,0.10581898759804899,0.12039328583631402,0.14472419786345053
iaml_super_40981,28,mes_gumbel,native,fixed_p020,23,uniform,nan,190,42,38.0,0.22105263157894736,6,188,62,0.13426819443702698,0.13339691782741975,0.09153186339650063,0.10410601959954331,0.10622410672888337
iaml_super_40981,28,mes_gumbel,native,fixed_p020,24,uniform,nan,190,41,38.0,0.21578947368421053,4,190,65,0.13426819443702698,0.13501637760537014,0.09681109574626337,0.11100958808464396,0.0933394529742829
iaml_super_40981,28,mes_gumbel,native,fixed_p020,25,uniform,nan,190,38,38.0,0.2,1,185,65,0.13426819443702698,0.14355193306684932,0.11075913828358297,0.12589253515172122,0.13154197954755983
iaml_super_40981,28,mes_gumbel,native,fixed_p020,26,uniform,nan,190,37,38.0,0.19473684210526315,2,187,56,0.13426819443702698,0.10662570745180414,0.07900059823815905,0.09070008079194045,0.06553870478077738
iaml_super_40981,28,mes_gumbel,native,fixed_p020,27,uniform,nan,190,28,38.0,0.14736842105263157,6,182,48,0.13426819443702698,0.11865685906650211,0.08448135399292837,0.09615039556427363,0.0626206164830937
iaml_super_40981,28,mes_gumbel,native,fixed_p020,28,uniform,nan,190,37,38.0,0.19473684210526315,5,177,58,0.13426819443702698,0.14006444027690887,0.10409112241090449,0.11891950807014712,0.12764627380374322
iaml_super_40981,28,mes_gumbel,native,fixed_p020,29,uniform,nan,190,45,38.0,0.23684210526315788,2,186,66,0.13426819443702698,0.12247817842038815,0.08316449128672598,0.0966299554511471,0.09733800189472647
iaml_super_40981,28,mes_gumbel,native,fixed_p020,30,uniform,nan,190,38,38.0,0.2,14,188,54,0.13426819443702698,0.14580940155452815,0.10795182400286107,0.12238119029989873,0.13991173014562194
iaml_super_40981,28,mes_gumbel,native,fixed_p020,31,uniform,nan,190,30,38.0,0.15789473684210525,2,188,46,0.13426819443702698,0.11807993343088724,0.08848422326443625,0.10192422064441048,0.06697793075207165
iaml_super_40981,28,mes_gumbel,native,fixed_p020,32,uniform,nan,190,45,38.0,0.23684210526315788,4,189,60,0.13426819443702698,0.11414581860753234,0.08168387293937991,0.09341942212509623,0.09252596579811012
iaml_super_40981,28,mes_gumbel,native,fixed_p020,33,uniform,nan,190,34,38.0,0.17894736842105263,1,188,55,0.13426819443702698,0.12683630005867416,0.08841508589101472,0.1005396662286284,0.1314031561253122
iaml_super_40981,28,mes_gumbel,native,fixed_p020,34,uniform,nan,190,32,38.0,0.16842105263157894,4,189,56,0.13426819443702698,0.13369317864842925,0.09684678369885433,0.11056931442471254,0.09107398060472442
iaml_super_40981,28,mes_gumbel,native,fixed_p020,5,uniform,nan,190,28,38.0,0.14736842105263157,2,187,50,0.13426819443702698,0.10888696526683597,0.07759604413503059,0.0885259736374507,0.09092423175557077
iaml_super_40981,28,mes_gumbel,native,fixed_p020,6,uniform,nan,190,49,38.0,0.2578947368421053,9,188,66,0.13426819443702698,0.1260167482813223,0.09249517067792921,0.1053790687293762,0.11548734631248878
iaml_super_40981,28,mes_gumbel,native,fixed_p020,7,uniform,nan,190,42,38.0,0.22105263157894736,2,180,70,0.13426819443702698,0.12284809550562034,0.08559856328370319,0.09744917301929881,0.09580997243286452
iaml_super_40981,28,mes_gumbel,native,fixed_p020,8,uniform,nan,190,40,38.0,0.21052631578947367,5,183,68,0.13426819443702698,0.13371207797330273,0.09561704984312297,0.10918151366225473,0.10514031131486638
iaml_super_40981,28,mes_gumbel,native,fixed_p020,9,uniform,nan,190,34,38.0,0.17894736842105263,8,189,60,0.13426819443702698,0.1315170957972761,0.10104188053307508,0.11560622596732069,0.10502069231958701
iaml_super_40981,28,mes_gumbel,native,standard,10,none,nan,190,0,0.0,0.0,,,0,0.13426819443702698,0.1027430659900563,0.07241953677245147,0.08336890430837857,0.08507488479616439
iaml_super_40981,28,mes_gumbel,native,standard,11,none,nan,190,0,0.0,0.0,,,0,0.13426819443702698,0.07454366414171884,0.05353367586069002,0.06192164788341944,0.0416421949817266
iaml_super_40981,28,mes_gumbel,native,standard,12,none,nan,190,0,0.0,0.0,,,0,0.13426819443702698,0.09123691582103084,0.06585603012524358,0.0766351396851874,0.06044016866654972
iaml_super_40981,28,mes_gumbel,native,standard,13,none,nan,190,0,0.0,0.0,,,0,0.13426819443702698,0.09242267368865774,0.06430425261899339,0.0746223402516017,0.06261131624233279
iaml_super_40981,28,mes_gumbel,native,standard,14,none,nan,190,0,0.0,0.0,,,0,0.13426819443702698,0.10385608214920142,0.07509168830844494,0.08648006727680094,0.043387394055713034
iaml_super_40981,28,mes_gumbel,native,standard,15,none,nan,190,0,0.0,0.0,,,0,0.13426819443702698,0.10533423528531584,0.07516623493560032,0.08646862578425726,0.04804721757503334
iaml_super_40981,28,mes_gumbel,native,standard,16,none,nan,190,0,0.0,0.0,,,0,0.13426819443702698,0.09170318873025332,0.06851568821265791,0.07904372342216559,0.07433004433958561
iaml_super_40981,28,mes_gumbel,native,standard,17,none,nan,190,0,0.0,0.0,,,0,0.13426819443702698,0.09938100004513202,0.07185749852057381,0.0823367548706989,0.04525966767183511
iaml_super_40981,28,mes_gumbel,native,standard,18,none,nan,190,0,0.0,0.0,,,0,0.13426819443702698,0.12074597179120956,0.08818687419500518,0.10109774780594877,0.04459497156174211
iaml_super_40981,28,mes_gumbel,native,standard,19,none,nan,190,0,0.0,0.0,,,0,0.13426819443702698,0.10559388542404584,0.06931183660418426,0.08015416574802556,0.05510297530369789
iaml_super_40981,28,mes_gumbel,native,standard,20,none,nan,190,0,0.0,0.0,,,0,0.13426819443702698,0.08387768836831373,0.0599485638652226,0.06904435861753412,0.059413671766881275
iaml_super_40981,28,mes_gumbel,native,standard,21,none,nan,190,0,0.0,0.0,,,0,0.13426819443702698,0.08603853872237935,0.06216687966124655,0.07151527759559641,0.04253138419551495
iaml_super_40981,28,mes_gumbel,native,standard,22,none,nan,190,0,0.0,0.0,,,0,0.13426819443702698,0.08510870464355924,0.061028569847403666,0.07012028419699143,0.06820683033277268
iaml_super_40981,28,mes_gumbel,native,standard,23,none,nan,190,0,0.0,0.0,,,0,0.13426819443702698,0.10521137317367993,0.0680520248972909,0.07807020209967448,0.044021966667101946
iaml_super_40981,28,mes_gumbel,native,standard,24,none,nan,190,0,0.0,0.0,,,0,0.13426819443702698,0.07266842834310894,0.05193136953322138,0.06006718707816986,0.05902303759187464
iaml_super_40981,28,mes_gumbel,native,standard,25,none,nan,190,0,0.0,0.0,,,0,0.13426819443702698,0.06857419887939743,0.04874990570516494,0.05569174388611637,0.04226429185046246
iaml_super_40981,28,mes_gumbel,native,standard,26,none,nan,190,0,0.0,0.0,,,0,0.13426819443702698,0.09089655248726751,0.06327779112545692,0.07310207958639137,0.036132458431619864
iaml_super_40981,28,mes_gumbel,native,standard,27,none,nan,190,0,0.0,0.0,,,0,0.13426819443702698,0.08664158790101206,0.06029602801521215,0.06896440978334947,0.04897499292784194
iaml_super_40981,28,mes_gumbel,native,standard,28,none,nan,190,0,0.0,0.0,,,0,0.13426819443702698,0.11460885177845162,0.08077409784173024,0.09306090189842509,0.065498207822431
iaml_super_40981,28,mes_gumbel,native,standard,29,none,nan,190,0,0.0,0.0,,,0,0.13426819443702698,0.09144511495584402,0.06611788339935151,0.07607574082262561,0.039658311391073967
iaml_super_40981,28,mes_gumbel,native,standard,30,none,nan,190,0,0.0,0.0,,,0,0.13426819443702698,0.09076377888926386,0.06580889199851817,0.07586282990685529,0.05330496484082073
iaml_super_40981,28,mes_gumbel,native,standard,31,none,nan,190,0,0.0,0.0,,,0,0.13426819443702698,0.09837946783576683,0.0685556100521115,0.07862106391438123,0.05536241580454092
iaml_super_40981,28,mes_gumbel,native,standard,32,none,nan,190,0,0.0,0.0,,,0,0.13426819443702698,0.08080754785779065,0.058591551349208404,0.06739834701571086,0.06261491350111592
iaml_super_40981,28,mes_gumbel,native,standard,33,none,nan,190,0,0.0,0.0,,,0,0.13426819443702698,0.09093089717716116,0.06492514801684873,0.07488438070990876,0.05813439910692102
iaml_super_40981,28,mes_gumbel,native,standard,34,none,nan,190,0,0.0,0.0,,,0,0.13426819443702698,0.08571248208594337,0.06295468274256957,0.07260399706936445,0.058301564451257885
iaml_super_40981,28,mes_gumbel,native,standard,5,none,nan,190,0,0.0,0.0,,,0,0.13426819443702698,0.08403460422076922,0.06241793336955248,0.07218546581434081,0.05072524321241886
iaml_super_40981,28,mes_gumbel,native,standard,6,none,nan,190,0,0.0,0.0,,,0,0.13426819443702698,0.09560314808300487,0.07057358306905402,0.08216456807437039,0.06069129168773
iaml_super_40981,28,mes_gumbel,native,standard,7,none,nan,190,0,0.0,0.0,,,0,0.13426819443702698,0.0986624436935684,0.06811399912398988,0.07880428758073377,0.030489882125912828
iaml_super_40981,28,mes_gumbel,native,standard,8,none,nan,190,0,0.0,0.0,,,0,0.13426819443702698,0.10015851937368521,0.07796882840528757,0.08962708910008152,0.030000094460555557
iaml_super_40981,28,mes_gumbel,native,standard,9,none,nan,190,0,0.0,0.0,,,0,0.13426819443702698,0.10310653035407454,0.07565773074238513,0.08676534656038047,0.04877594988654631
iaml_super_40981,28,ts,logarithmic,decay_uniform_a1,10,uniform,1.0,190,10,13.73411192945665,0.05263157894736842,1,152,17,0.3048340678215027,0.19636915773033575,0.13791585491401176,0.15682023243155158,0.1480777724009664
iaml_super_40981,28,ts,logarithmic,decay_uniform_a1,11,uniform,1.0,190,17,13.73411192945665,0.08947368421052632,5,185,30,0.13448593020439148,0.18495762233284518,0.13719784824555392,0.1566799345886478,0.1587068865183907
iaml_super_40981,28,ts,logarithmic,decay_uniform_a1,12,uniform,1.0,190,20,13.73411192945665,0.10526315789473684,2,135,30,0.2539880871772766,0.16924334275288044,0.12694446711337584,0.14512906486985191,0.13744961240803732
iaml_super_40981,28,ts,logarithmic,decay_uniform_a1,13,uniform,1.0,190,10,13.73411192945665,0.05263157894736842,1,185,15,0.30262523889541626,0.180671163104568,0.13055637017887878,0.14858015985713366,0.14162597950216327
iaml_super_40981,28,ts,logarithmic,decay_uniform_a1,14,uniform,1.0,190,11,13.73411192945665,0.05789473684210526,4,167,20,0.28999754786491394,0.16809682517499178,0.12093930069899808,0.1382101160402438,0.15163260577663154
iaml_super_40981,28,ts,logarithmic,decay_uniform_a1,15,uniform,1.0,190,14,13.73411192945665,0.07368421052631578,1,189,27,0.13495942950248718,0.1877468393253527,0.13290525329141495,0.15090965206983759,0.1353308994897742
iaml_super_40981,28,ts,logarithmic,decay_uniform_a1,16,uniform,1.0,190,17,13.73411192945665,0.08947368421052632,3,175,30,0.13669662177562714,0.17657123493221036,0.13349926100374088,0.15272837587652413,0.1500113022164284
iaml_super_40981,28,ts,logarithmic,decay_uniform_a1,17,uniform,1.0,190,21,13.73411192945665,0.11052631578947368,1,190,32,0.22967879474163055,0.18033170310716637,0.13073824788872362,0.14787963945736654,0.1403907657739079
iaml_super_40981,28,ts,logarithmic,decay_uniform_a1,18,uniform,1.0,190,13,13.73411192945665,0.06842105263157895,1,134,23,0.15684184432029724,0.1752319711714672,0.13216126290579094,0.14946291827932584,0.12297704871258872
iaml_super_40981,28,ts,logarithmic,decay_uniform_a1,19,uniform,1.0,190,15,13.73411192945665,0.07894736842105263,2,180,30,0.3046404719352722,0.18624996867377827,0.1319287859530206,0.1505376215786262,0.14535441665562726
iaml_super_40981,28,ts,logarithmic,decay_uniform_a1,20,uniform,1.0,190,12,13.73411192945665,0.06315789473684211,3,181,18,0.13428737223148346,0.18688689638548275,0.13616676075126122,0.15471848456322213,0.15344854774638184
iaml_super_40981,28,ts,logarithmic,decay_uniform_a1,21,uniform,1.0,190,21,13.73411192945665,0.11052631578947368,1,167,35,0.17516016960144043,0.18725145878500934,0.14071634131561217,0.15992321618693853,0.16206537815530442
iaml_super_40981,28,ts,logarithmic,decay_uniform_a1,22,uniform,1.0,190,11,13.73411192945665,0.05789473684210526,8,181,22,0.13463221490383148,0.16666255385804452,0.1262264765278202,0.14448636320045047,0.16644579671531404
iaml_super_40981,28,ts,logarithmic,decay_uniform_a1,23,uniform,1.0,190,16,13.73411192945665,0.08421052631578947,6,159,26,0.23582778871059418,0.18201121678352444,0.13181203216756998,0.15002624137540824,0.13923558982632908
iaml_super_40981,28,ts,logarithmic,decay_uniform_a1,24,uniform,1.0,190,11,13.73411192945665,0.05789473684210526,1,167,19,0.13546879589557648,0.1856227157392367,0.13509821294926327,0.1532007466566694,0.11339036687701039
iaml_super_40981,28,ts,logarithmic,decay_uniform_a1,25,uniform,1.0,190,19,13.73411192945665,0.1,1,132,29,0.18418480455875397,0.17389756443774362,0.12436470203478622,0.14143280674671857,0.14798322346413478
iaml_super_40981,28,ts,logarithmic,decay_uniform_a1,26,uniform,1.0,190,9,13.73411192945665,0.04736842105263158,2,128,16,0.1468265950679779,0.16885677818318237,0.12169311903198034,0.13909531938715494,0.1433674511128269
iaml_super_40981,28,ts,logarithmic,decay_uniform_a1,27,uniform,1.0,190,13,13.73411192945665,0.06842105263157895,2,149,20,0.13896483182907104,0.20158394660108586,0.13372297905162284,0.1519860145847251,0.14736099263226038
iaml_super_40981,28,ts,logarithmic,decay_uniform_a1,28,uniform,1.0,190,18,13.73411192945665,0.09473684210526316,1,169,29,0.24799588322639465,0.1903014248755109,0.1332784786241495,0.15095286943228647,0.14265569186982885
iaml_super_40981,28,ts,logarithmic,decay_uniform_a1,29,uniform,1.0,190,11,13.73411192945665,0.05789473684210526,2,152,18,0.13574744760990143,0.19369133127481408,0.14066253070971274,0.16006825275417622,0.17030803965401695
iaml_super_40981,28,ts,logarithmic,decay_uniform_a1,30,uniform,1.0,190,9,13.73411192945665,0.04736842105263158,1,87,15,0.14368808269500732,0.2006567206968261,0.13955472850824047,0.15848991554880984,0.148007626141896
iaml_super_40981,28,ts,logarithmic,decay_uniform_a1,31,uniform,1.0,190,14,13.73411192945665,0.07368421052631578,2,188,26,0.20544403791427612,0.18034402372592653,0.1336364521171367,0.15257212993818428,0.16523222090895126
iaml_super_40981,28,ts,logarithmic,decay_uniform_a1,32,uniform,1.0,190,13,13.73411192945665,0.06842105263157895,2,153,26,0.14385662972927094,0.17445746156906913,0.129023915089243,0.1474121636831056,0.13029158589576464
iaml_super_40981,28,ts,logarithmic,decay_uniform_a1,33,uniform,1.0,190,13,13.73411192945665,0.06842105263157895,1,165,19,0.13872051239013672,0.16182500355023902,0.11993285778696822,0.13692091085049105,0.12926705614853598
iaml_super_40981,28,ts,logarithmic,decay_uniform_a1,34,uniform,1.0,190,12,13.73411192945665,0.06315789473684211,2,174,24,0.27950355410575867,0.18447553783173573,0.13349744031175081,0.15235372498387667,0.11957441700291384
iaml_super_40981,28,ts,logarithmic,decay_uniform_a1,5,uniform,1.0,190,17,13.73411192945665,0.08947368421052632,1,187,29,0.1750073879957199,0.16805414952744,0.12728637630369755,0.14482060276640957,0.14822933798870572
iaml_super_40981,28,ts,logarithmic,decay_uniform_a1,6,uniform,1.0,190,18,13.73411192945665,0.09473684210526316,5,177,34,0.20815172791481018,0.19003454612912343,0.1438214031824466,0.16385832651845098,0.16318525494213382
iaml_super_40981,28,ts,logarithmic,decay_uniform_a1,7,uniform,1.0,190,17,13.73411192945665,0.08947368421052632,2,177,26,0.1816537082195282,0.17429700675973703,0.12768615383222792,0.14487120852042215,0.1456334630725188
iaml_super_40981,28,ts,logarithmic,decay_uniform_a1,8,uniform,1.0,190,11,13.73411192945665,0.05789473684210526,5,138,20,0.23125115036964417,0.1878623372071538,0.13305725086486528,0.15138455851698093,0.12296681176705612
iaml_super_40981,28,ts,logarithmic,decay_uniform_a1,9,uniform,1.0,190,15,13.73411192945665,0.07894736842105263,1,189,27,0.2808727025985718,0.16540335330332767,0.12521890123764184,0.14382325294918696,0.1328938299403881
iaml_super_40981,28,ts,logarithmic,decay_uniform_grid_a1_2,10,uniform,0.5,190,104,94.00724143492789,0.5473684210526316,1,190,100,0.1365327090024948,0.19913361655487996,0.14720430811755048,0.16640130770187714,0.1180042402861762
iaml_super_40981,28,ts,logarithmic,decay_uniform_grid_a1_2,11,uniform,0.5,190,96,94.00724143492789,0.5052631578947369,2,188,88,0.14427539706230164,0.2071160997285172,0.1479247005558223,0.1684349562179846,0.15140906184498226
iaml_super_40981,28,ts,logarithmic,decay_uniform_grid_a1_2,12,uniform,0.5,190,100,94.00724143492789,0.5263157894736842,1,189,69,0.17680427432060242,0.19297838166072723,0.1435983968482829,0.1642067977899734,0.1480239806505332
iaml_super_40981,28,ts,logarithmic,decay_uniform_grid_a1_2,13,uniform,0.5,190,90,94.00724143492789,0.47368421052631576,1,189,87,0.15480588376522064,0.2018814085937507,0.1487124556815424,0.16901006556393475,0.1910711189914976
iaml_super_40981,28,ts,logarithmic,decay_uniform_grid_a1_2,14,uniform,0.5,190,98,94.00724143492789,0.5157894736842106,2,189,90,0.26167261600494385,0.18523921858261394,0.1308637818284651,0.14979446304219574,0.1465313007644866
iaml_super_40981,28,ts,logarithmic,decay_uniform_grid_a1_2,15,uniform,0.5,190,101,94.00724143492789,0.531578947368421,1,189,101,0.3106076121330261,0.1995554345874807,0.14852659380488792,0.16956133337632848,0.16008626223704783
iaml_super_40981,28,ts,logarithmic,decay_uniform_grid_a1_2,16,uniform,0.5,190,83,94.00724143492789,0.4368421052631579,3,190,87,0.23223000764846802,0.17285829022242935,0.12594595670043568,0.14392068878304046,0.118254571884625
iaml_super_40981,28,ts,logarithmic,decay_uniform_grid_a1_2,17,uniform,0.5,190,96,94.00724143492789,0.5052631578947369,1,190,88,0.16137827932834625,0.18650077868810672,0.136592323905149,0.15563860066763605,0.13417058506967214
iaml_super_40981,28,ts,logarithmic,decay_uniform_grid_a1_2,18,uniform,0.5,190,92,94.00724143492789,0.4842105263157895,1,190,100,0.1411820352077484,0.19135723132800364,0.14182583505304336,0.16084892231915787,0.141020310493357
iaml_super_40981,28,ts,logarithmic,decay_uniform_grid_a1_2,19,uniform,0.5,190,84,94.00724143492789,0.4421052631578947,2,187,74,0.24394872784614563,0.1956499995741609,0.14058403658721652,0.16003915067873015,0.1471909456158825
iaml_super_40981,28,ts,logarithmic,decay_uniform_grid_a1_2,20,uniform,0.5,190,89,94.00724143492789,0.46842105263157896,3,185,96,0.1786806434392929,0.18871717782610437,0.13883790397311696,0.15890283089500454,0.15461596047537876
iaml_super_40981,28,ts,logarithmic,decay_uniform_grid_a1_2,21,uniform,0.5,190,99,94.00724143492789,0.5210526315789473,1,190,104,0.13614827394485474,0.19238262342552645,0.1404613545155058,0.16065702066207682,0.11648876647214661
iaml_super_40981,28,ts,logarithmic,decay_uniform_grid_a1_2,22,uniform,0.5,190,89,94.00724143492789,0.46842105263157896,1,188,101,0.1347259283065796,0.15576337768057563,0.11674340443530735,0.13364742276111696,0.10713696719681964
iaml_super_40981,28,ts,logarithmic,decay_uniform_grid_a1_2,23,uniform,0.5,190,101,94.00724143492789,0.531578947368421,2,188,94,0.14695340394973755,0.1867213775257122,0.13455337032053422,0.15364008103389096,0.1550076970108564
iaml_super_40981,28,ts,logarithmic,decay_uniform_grid_a1_2,24,uniform,0.5,190,94,94.00724143492789,0.49473684210526314,1,190,94,0.22820107638835907,0.20465110188358923,0.15224237894596043,0.17313723429616967,0.15444144341467303
iaml_super_40981,28,ts,logarithmic,decay_uniform_grid_a1_2,25,uniform,0.5,190,82,94.00724143492789,0.43157894736842106,1,185,95,0.18418480455875397,0.18466480632017254,0.13531896920385073,0.1541202020031185,0.1409089800636736
iaml_super_40981,28,ts,logarithmic,decay_uniform_grid_a1_2,26,uniform,0.5,190,90,94.00724143492789,0.47368421052631576,2,187,82,0.1356382817029953,0.2081570796000597,0.14383344897929007,0.16396851369423346,0.1356462737037234
iaml_super_40981,28,ts,logarithmic,decay_uniform_grid_a1_2,27,uniform,0.5,190,92,94.00724143492789,0.4842105263157895,2,190,89,0.13484127819538116,0.21703530216035286,0.1495220084776101,0.17030376045938486,0.14414150334321238
iaml_super_40981,28,ts,logarithmic,decay_uniform_grid_a1_2,28,uniform,0.5,190,90,94.00724143492789,0.47368421052631576,1,187,85,0.13446767628192902,0.20545741791011632,0.14861950082701592,0.16926731054203675,0.15674247606944883
iaml_super_40981,28,ts,logarithmic,decay_uniform_grid_a1_2,29,uniform,0.5,190,95,94.00724143492789,0.5,2,186,90,0.31212520599365234,0.18591284132099758,0.1336692680244525,0.15255834858159248,0.15857595055663493
iaml_super_40981,28,ts,logarithmic,decay_uniform_grid_a1_2,30,uniform,0.5,190,92,94.00724143492789,0.4842105263157895,1,188,93,0.15169118344783783,0.18385061052069637,0.13293847411401472,0.15148881261903355,0.14684977676898697
iaml_super_40981,28,ts,logarithmic,decay_uniform_grid_a1_2,31,uniform,0.5,190,84,94.00724143492789,0.4421052631578947,2,188,90,0.15736420452594757,0.18070164467618097,0.13101325107476247,0.1491308807330757,0.1303851941709726
iaml_super_40981,28,ts,logarithmic,decay_uniform_grid_a1_2,32,uniform,0.5,190,99,94.00724143492789,0.5210526315789473,2,190,89,0.16162383556365967,0.17674230650858078,0.13254245594129482,0.1511792715374072,0.1293140956885508
iaml_super_40981,28,ts,logarithmic,decay_uniform_grid_a1_2,33,uniform,0.5,190,82,94.00724143492789,0.43157894736842106,1,188,85,0.13872051239013672,0.18127914190714187,0.13699302923189308,0.15503466824474038,0.14798007239508637
iaml_super_40981,28,ts,logarithmic,decay_uniform_grid_a1_2,34,uniform,0.5,190,87,94.00724143492789,0.45789473684210524,2,189,106,0.18801765143871307,0.19610697497791763,0.14017969578164316,0.15962763697263077,0.15289553818655616
iaml_super_40981,28,ts,logarithmic,decay_uniform_grid_a1_2,5,uniform,0.5,190,90,94.00724143492789,0.47368421052631576,1,189,97,0.13811062276363373,0.18513472778925555,0.13721091675239885,0.15655873548428162,0.16232799053827157
iaml_super_40981,28,ts,logarithmic,decay_uniform_grid_a1_2,6,uniform,0.5,190,90,94.00724143492789,0.47368421052631576,2,188,94,0.1956978589296341,0.18498266146860026,0.14030608426241836,0.15978752766220453,0.14352875269831367
iaml_super_40981,28,ts,logarithmic,decay_uniform_grid_a1_2,7,uniform,0.5,190,96,94.00724143492789,0.5052631578947369,1,190,94,0.13433530926704407,0.18661118106030286,0.13592515640278582,0.15394801477168588,0.1334856541417691
iaml_super_40981,28,ts,logarithmic,decay_uniform_grid_a1_2,8,uniform,0.5,190,92,94.00724143492789,0.4842105263157895,1,184,91,0.1344778835773468,0.19582722458779667,0.14589116297539356,0.16585455607167432,0.1583407260590738
iaml_super_40981,28,ts,logarithmic,decay_uniform_grid_a1_2,9,uniform,0.5,190,85,94.00724143492789,0.4473684210526316,1,189,97,0.26211923360824585,0.18526607510367393,0.13351234808295356,0.15330496737297403,0.16735956245860795
iaml_super_40981,28,ts,logarithmic,fixed_p020,10,uniform,nan,190,50,38.0,0.2631578947368421,1,190,74,0.16255135834217072,0.21651273330386167,0.15628036279749147,0.17660013931652074,0.15565685903759457
iaml_super_40981,28,ts,logarithmic,fixed_p020,11,uniform,nan,190,38,38.0,0.2,11,188,60,0.13499405980110168,0.20374625168029734,0.14350252098691318,0.16341153157524693,0.15563161643781345
iaml_super_40981,28,ts,logarithmic,fixed_p020,12,uniform,nan,190,45,38.0,0.23684210526315788,6,186,68,0.13431675732135773,0.1835435692726238,0.1390503761761993,0.15824602416711558,0.16947477361482768
iaml_super_40981,28,ts,logarithmic,fixed_p020,13,uniform,nan,190,39,38.0,0.20526315789473684,1,185,61,0.17070630192756653,0.19092934649377155,0.14018641591985836,0.15962542911572666,0.15035622516925515
iaml_super_40981,28,ts,logarithmic,fixed_p020,14,uniform,nan,190,42,38.0,0.22105263157894736,4,184,68,0.24667590856552124,0.17615138806277134,0.12749709461867523,0.14618973124002022,0.11391066485335509
iaml_super_40981,28,ts,logarithmic,fixed_p020,15,uniform,nan,190,42,38.0,0.22105263157894736,1,189,59,0.1343764364719391,0.2117538723443729,0.15320888958347528,0.17461666744659046,0.18646794829665736
iaml_super_40981,28,ts,logarithmic,fixed_p020,16,uniform,nan,190,33,38.0,0.1736842105263158,3,175,48,0.16780346632003784,0.18036342280059167,0.13737983114592728,0.15688393416096708,0.15594008597762643
iaml_super_40981,28,ts,logarithmic,fixed_p020,17,uniform,nan,190,44,38.0,0.23157894736842105,2,190,75,0.2668004035949707,0.17347176264401284,0.12730774176917953,0.14494250625074054,0.11879788185705559
iaml_super_40981,28,ts,logarithmic,fixed_p020,18,uniform,nan,190,41,38.0,0.21578947368421053,4,190,67,0.14871688187122345,0.17181731880431664,0.12750826444468055,0.1438224595176593,0.14313608272709172
iaml_super_40981,28,ts,logarithmic,fixed_p020,19,uniform,nan,190,40,38.0,0.21052631578947367,9,187,58,0.1552787721157074,0.19084351231142785,0.13915086495128087,0.15890551569326336,0.13844654727350955
iaml_super_40981,28,ts,logarithmic,fixed_p020,20,uniform,nan,190,32,38.0,0.16842105263157894,3,185,50,0.19134172797203064,0.16218154844757124,0.11665439838238392,0.13316887367410132,0.1041461593732472
iaml_super_40981,28,ts,logarithmic,fixed_p020,21,uniform,nan,190,49,38.0,0.2578947368421053,15,188,70,0.19535425305366516,0.1847959123459688,0.13266406843917639,0.1520721652973423,0.15685359530924534
iaml_super_40981,28,ts,logarithmic,fixed_p020,22,uniform,nan,190,38,38.0,0.2,14,187,64,0.13510756194591522,0.18174580977387916,0.1389999641766404,0.1581501010928686,0.13019672730894466
iaml_super_40981,28,ts,logarithmic,fixed_p020,23,uniform,nan,190,42,38.0,0.22105263157894736,6,188,62,0.16231507062911987,0.18725183895017433,0.1340374532429141,0.15254971374478463,0.11824411818492576
iaml_super_40981,28,ts,logarithmic,fixed_p020,24,uniform,nan,190,41,38.0,0.21578947368421053,4,190,65,0.21538782119750977,0.19076180062230647,0.13820672904819403,0.1570501592968306,0.11976324590302444
iaml_super_40981,28,ts,logarithmic,fixed_p020,25,uniform,nan,190,38,38.0,0.2,1,185,65,0.18418480455875397,0.18300476389317777,0.13281790248120115,0.1515661712955483,0.15435927379820624
iaml_super_40981,28,ts,logarithmic,fixed_p020,26,uniform,nan,190,37,38.0,0.19473684210526315,2,187,56,0.15064087510108948,0.19526484276452666,0.13997280661814437,0.15863589422669086,0.1638497323703726
iaml_super_40981,28,ts,logarithmic,fixed_p020,27,uniform,nan,190,28,38.0,0.14736842105263157,6,182,48,0.17787745594978333,0.19746802985244255,0.13400182846865138,0.15172940527645726,0.13172563627311892
iaml_super_40981,28,ts,logarithmic,fixed_p020,28,uniform,nan,190,37,38.0,0.19473684210526315,5,177,58,0.13446767628192902,0.19218864435904884,0.1399683599754055,0.15956369378173207,0.14683872377993148
iaml_super_40981,28,ts,logarithmic,fixed_p020,29,uniform,nan,190,45,38.0,0.23684210526315788,2,186,66,0.2666621804237366,0.178683619599829,0.12760596633668275,0.14567343120664178,0.1477157994348861
iaml_super_40981,28,ts,logarithmic,fixed_p020,30,uniform,nan,190,38,38.0,0.2,14,188,54,0.14047564566135406,0.19513262705333967,0.13333939140830342,0.15131276710179883,0.14956561572348034
iaml_super_40981,28,ts,logarithmic,fixed_p020,31,uniform,nan,190,30,38.0,0.15789473684210525,2,188,46,0.14217479526996613,0.19033114163849987,0.13880618521680932,0.15861403679453093,0.17799196737755724
iaml_super_40981,28,ts,logarithmic,fixed_p020,32,uniform,nan,190,45,38.0,0.23684210526315788,4,189,60,0.16162383556365967,0.1913568459480653,0.14135173950165014,0.16192244301750572,0.16877909161160728
iaml_super_40981,28,ts,logarithmic,fixed_p020,33,uniform,nan,190,34,38.0,0.17894736842105263,1,188,55,0.13872051239013672,0.18041364803135668,0.13133321315071733,0.14916718945497182,0.1153365530813536
iaml_super_40981,28,ts,logarithmic,fixed_p020,34,uniform,nan,190,32,38.0,0.16842105263157894,4,189,56,0.1460558921098709,0.1858382682509174,0.1312091894199814,0.14889053922125753,0.1558959818466589
iaml_super_40981,28,ts,logarithmic,fixed_p020,5,uniform,nan,190,28,38.0,0.14736842105263157,2,187,50,0.29431626200675964,0.1729105398908054,0.12918216280184777,0.14745072028892292,0.14140655623493315
iaml_super_40981,28,ts,logarithmic,fixed_p020,6,uniform,nan,190,49,38.0,0.2578947368421053,9,188,66,0.2649540305137634,0.17709307090881052,0.13777583089448595,0.156987335037827,0.1496840151042497
iaml_super_40981,28,ts,logarithmic,fixed_p020,7,uniform,nan,190,42,38.0,0.22105263157894736,2,180,70,0.3109471797943115,0.1835100516208552,0.12973374745516156,0.1470479049974915,0.14832058080021082
iaml_super_40981,28,ts,logarithmic,fixed_p020,8,uniform,nan,190,40,38.0,0.21052631578947367,5,183,68,0.23125115036964417,0.16598447534502375,0.1192784821912802,0.1361280674734952,0.13758215820711125
iaml_super_40981,28,ts,logarithmic,fixed_p020,9,uniform,nan,190,34,38.0,0.17894736842105263,8,189,60,0.2971402406692505,0.18078110445606202,0.13680969982381153,0.15624251355716137,0.1735151136716414
iaml_super_40981,28,ts,logarithmic,standard,10,none,nan,190,0,0.0,0.0,,,0,0.13471448421478271,0.18548101255518673,0.13525267054437318,0.15420573805618815,0.1510152888571841
iaml_super_40981,28,ts,logarithmic,standard,11,none,nan,190,0,0.0,0.0,,,0,0.1760762482881546,0.16727343403731046,0.11749463247860115,0.13475123925694976,0.15073236255943165
iaml_super_40981,28,ts,logarithmic,standard,12,none,nan,190,0,0.0,0.0,,,0,0.30186474323272705,0.16208554362474678,0.12133682828299357,0.13888547184672478,0.10094685159462803
iaml_super_40981,28,ts,logarithmic,standard,13,none,nan,190,0,0.0,0.0,,,0,0.2048109471797943,0.18306731218503572,0.1328846116588719,0.15156857462025383,0.15271348477002117
iaml_super_40981,28,ts,logarithmic,standard,14,none,nan,190,0,0.0,0.0,,,0,0.29843735694885254,0.16333529966016577,0.11847366888443914,0.13570869250760814,0.11472133013470989
iaml_super_40981,28,ts,logarithmic,standard,15,none,nan,190,0,0.0,0.0,,,0,0.13860824704170227,0.18905652494110026,0.1370821724429021,0.15608271666532528,0.13807089774848197
iaml_super_40981,28,ts,logarithmic,standard,16,none,nan,190,0,0.0,0.0,,,0,0.1347571611404419,0.18143045660403084,0.12845010959591407,0.1466598620160442,0.14547949410232167
iaml_super_40981,28,ts,logarithmic,standard,17,none,nan,190,0,0.0,0.0,,,0,0.16544586420059204,0.18658608268603225,0.1327271525567053,0.15133110836761682,0.1453312957201399
iaml_super_40981,28,ts,logarithmic,standard,18,none,nan,190,0,0.0,0.0,,,0,0.30603066086769104,0.15828388654532172,0.11932484055804321,0.13642873331347852,0.11665585399290662
iaml_super_40981,28,ts,logarithmic,standard,19,none,nan,190,0,0.0,0.0,,,0,0.28745532035827637,0.17706045184852304,0.12657738253807715,0.14441768414180117,0.1470835871434038
iaml_super_40981,28,ts,logarithmic,standard,20,none,nan,190,0,0.0,0.0,,,0,0.13543106615543365,0.1625925994057928,0.12318254783564227,0.1408816369655377,0.14269475951670532
iaml_super_40981,28,ts,logarithmic,standard,21,none,nan,190,0,0.0,0.0,,,0,0.3125810921192169,0.17644876944718496,0.12490933506891264,0.14281056420261395,0.11037826083390252
iaml_super_40981,28,ts,logarithmic,standard,22,none,nan,190,0,0.0,0.0,,,0,0.21068716049194336,0.18666137836361507,0.1378520824445589,0.15725955433412886,0.15904974539681896
iaml_super_40981,28,ts,logarithmic,standard,23,none,nan,190,0,0.0,0.0,,,0,0.26340487599372864,0.20805289554909456,0.1344819984099897,0.15301253425009687,0.13209419680059553
iaml_super_40981,28,ts,logarithmic,standard,24,none,nan,190,0,0.0,0.0,,,0,0.1342836618423462,0.17379017734913435,0.12443377130755343,0.14158625715958825,0.14136115540401376
iaml_super_40981,28,ts,logarithmic,standard,25,none,nan,190,0,0.0,0.0,,,0,0.18418480455875397,0.19442673266322644,0.13747148721588232,0.15655817320921744,0.158538501658731
iaml_super_40981,28,ts,logarithmic,standard,26,none,nan,190,0,0.0,0.0,,,0,0.14052234590053558,0.1956532869419235,0.14001457801855366,0.15949522367355373,0.14048507846282718
iaml_super_40981,28,ts,logarithmic,standard,27,none,nan,190,0,0.0,0.0,,,0,0.1507141888141632,0.18337235125399137,0.1312588199887382,0.14851761751589868,0.12691488377558738
iaml_super_40981,28,ts,logarithmic,standard,28,none,nan,190,0,0.0,0.0,,,0,0.1518489122390747,0.17404213988985492,0.12679038076377322,0.14499155578136416,0.130558523198334
iaml_super_40981,28,ts,logarithmic,standard,29,none,nan,190,0,0.0,0.0,,,0,0.13431303203105927,0.19779459699607163,0.14839899900491968,0.16870198081268853,0.1988331751624311
iaml_super_40981,28,ts,logarithmic,standard,30,none,nan,190,0,0.0,0.0,,,0,0.13537508249282837,0.18196868443042427,0.13192151298876648,0.14893728787547497,0.1507882525955938
iaml_super_40981,28,ts,logarithmic,standard,31,none,nan,190,0,0.0,0.0,,,0,0.13438603281974792,0.17752173708509844,0.12785208594609124,0.14546045814623526,0.14396949650474145
iaml_super_40981,28,ts,logarithmic,standard,32,none,nan,190,0,0.0,0.0,,,0,0.137690931558609,0.18983368756770005,0.13312050878540221,0.1519534136066893,0.1092337307575025
iaml_super_40981,28,ts,logarithmic,standard,33,none,nan,190,0,0.0,0.0,,,0,0.27066943049430847,0.16919451139354985,0.1268310343421562,0.14408856547256743,0.14941152054977566
iaml_super_40981,28,ts,logarithmic,standard,34,none,nan,190,0,0.0,0.0,,,0,0.27950355410575867,0.18889705127108297,0.13499173419078075,0.15341454691481865,0.153254422239819
iaml_super_40981,28,ts,logarithmic,standard,5,none,nan,190,0,0.0,0.0,,,0,0.1344791203737259,0.15994825632189952,0.11901905186278765,0.1358180502174803,0.13842141746001074
iaml_super_40981,28,ts,logarithmic,standard,6,none,nan,190,0,0.0,0.0,,,0,0.3038409948348999,0.13557846976952626,0.10306236182702137,0.11856484409584896,0.14466864508983857
iaml_super_40981,28,ts,logarithmic,standard,7,none,nan,190,0,0.0,0.0,,,0,0.1990414261817932,0.18454821519376965,0.13075899209391662,0.14856549817729786,0.1324207447731542
iaml_super_40981,28,ts,logarithmic,standard,8,none,nan,190,0,0.0,0.0,,,0,0.14897234737873077,0.19756780851206113,0.14276490202187736,0.16120986934004644,0.17339426872396496
iaml_super_40981,28,ts,logarithmic,standard,9,none,nan,190,0,0.0,0.0,,,0,0.13427530229091644,0.19276610865715993,0.14323350768033086,0.16216985642330894,0.1616759914344959
iaml_super_40981,28,ucb,constant,decay_uniform_a1,10,uniform,1.0,190,10,13.73411192945665,0.05263157894736842,1,152,17,0.13426819443702698,0.08388424670557453,0.06108466414009604,0.06988540474795311,0.06024328783297472
iaml_super_40981,28,ucb,constant,decay_uniform_a1,11,uniform,1.0,190,17,13.73411192945665,0.08947368421052632,5,185,30,0.13426819443702698,0.08118102075368859,0.06062325146290125,0.06938335884587087,0.06967981977027174
iaml_super_40981,28,ucb,constant,decay_uniform_a1,12,uniform,1.0,190,20,13.73411192945665,0.10526315789473684,2,135,30,0.13426819443702698,0.09642681730192655,0.06843315009554037,0.07895249537330194,0.08576971648243006
iaml_super_40981,28,ucb,constant,decay_uniform_a1,13,uniform,1.0,190,10,13.73411192945665,0.05263157894736842,1,185,15,0.13426819443702698,0.08722521509988485,0.06073616773188538,0.0696654592834957,0.0656261572940685
iaml_super_40981,28,ucb,constant,decay_uniform_a1,14,uniform,1.0,190,11,13.73411192945665,0.05789473684210526,4,167,20,0.13426819443702698,0.09020670354790745,0.06474010939614715,0.07419980273372893,0.08316188498923409
iaml_super_40981,28,ucb,constant,decay_uniform_a1,15,uniform,1.0,190,14,13.73411192945665,0.07368421052631578,1,189,27,0.13426819443702698,0.08601958799058805,0.06360618449256891,0.07328342669084782,0.07602990718526935
iaml_super_40981,28,ucb,constant,decay_uniform_a1,16,uniform,1.0,190,17,13.73411192945665,0.08947368421052632,3,175,30,0.13426819443702698,0.09989157695272702,0.07268416646619419,0.08372838442559546,0.08656952388053471
iaml_super_40981,28,ucb,constant,decay_uniform_a1,17,uniform,1.0,190,21,13.73411192945665,0.11052631578947368,1,190,32,0.13426819443702698,0.09716306479067961,0.0699966114923816,0.07981847691705585,0.05688217735272517
iaml_super_40981,28,ucb,constant,decay_uniform_a1,18,uniform,1.0,190,13,13.73411192945665,0.06842105263157895,1,134,23,0.13426819443702698,0.0712026574432495,0.05360065086148295,0.0614464738061815,0.05634411030844267
iaml_super_40981,28,ucb,constant,decay_uniform_a1,19,uniform,1.0,190,15,13.73411192945665,0.07894736842105263,2,180,30,0.13426819443702698,0.09301033375189154,0.06604926015852178,0.07603899194866567,0.04241915549100062
iaml_super_40981,28,ucb,constant,decay_uniform_a1,20,uniform,1.0,190,12,13.73411192945665,0.06315789473684211,3,181,18,0.13426819443702698,0.10011751161482452,0.07116577906859281,0.08119882755184778,0.0982570993931963
iaml_super_40981,28,ucb,constant,decay_uniform_a1,21,uniform,1.0,190,21,13.73411192945665,0.11052631578947368,1,167,35,0.13426819443702698,0.0696521474922383,0.0520052675933626,0.060574813339350525,0.05456011707491931
iaml_super_40981,28,ucb,constant,decay_uniform_a1,22,uniform,1.0,190,11,13.73411192945665,0.05789473684210526,8,181,22,0.13426819443702698,0.09274514048118682,0.06739955672225337,0.07638028219856025,0.06223391036726184
iaml_super_40981,28,ucb,constant,decay_uniform_a1,23,uniform,1.0,190,16,13.73411192945665,0.08421052631578947,6,159,26,0.13426819443702698,0.0841249201840583,0.058700852001545456,0.06655207765737296,0.0737299112422695
iaml_super_40981,28,ucb,constant,decay_uniform_a1,24,uniform,1.0,190,11,13.73411192945665,0.05789473684210526,1,167,19,0.13426819443702698,0.08599599676939676,0.05953608771937423,0.06801990059864844,0.07042274561671709
iaml_super_40981,28,ucb,constant,decay_uniform_a1,25,uniform,1.0,190,19,13.73411192945665,0.1,1,132,29,0.13426819443702698,0.11990935288419745,0.08904169554579044,0.10176039864766018,0.11335631061913926
iaml_super_40981,28,ucb,constant,decay_uniform_a1,26,uniform,1.0,190,9,13.73411192945665,0.04736842105263158,2,128,16,0.13426819443702698,0.08179812371242892,0.059883657307384555,0.06919431221964481,0.07101682347861346
iaml_super_40981,28,ucb,constant,decay_uniform_a1,27,uniform,1.0,190,13,13.73411192945665,0.06842105263157895,2,149,20,0.13426819443702698,0.0997550754570988,0.07222008688617146,0.08244987214834738,0.08387948698387841
iaml_super_40981,28,ucb,constant,decay_uniform_a1,28,uniform,1.0,190,18,13.73411192945665,0.09473684210526316,1,169,29,0.13426850736141205,0.10008318289156737,0.07538378773830298,0.08663879431244557,0.0726254560364967
iaml_super_40981,28,ucb,constant,decay_uniform_a1,29,uniform,1.0,190,11,13.73411192945665,0.05789473684210526,2,152,18,0.13426819443702698,0.06241910717058369,0.04445455297634169,0.05137386215622379,0.03669248489422039
iaml_super_40981,28,ucb,constant,decay_uniform_a1,30,uniform,1.0,190,9,13.73411192945665,0.04736842105263158,1,87,15,0.13426819443702698,0.08917571467712146,0.06308365148168034,0.07226472815948706,0.07849297359890357
iaml_super_40981,28,ucb,constant,decay_uniform_a1,31,uniform,1.0,190,14,13.73411192945665,0.07368421052631578,2,188,26,0.13426819443702698,0.10923629945695731,0.07756237263839028,0.08953880569509086,0.09913316502631318
iaml_super_40981,28,ucb,constant,decay_uniform_a1,32,uniform,1.0,190,13,13.73411192945665,0.06842105263157895,2,153,26,0.13426819443702698,0.08343783216239953,0.06019847849810137,0.06872417596379611,0.07301388824810233
iaml_super_40981,28,ucb,constant,decay_uniform_a1,33,uniform,1.0,190,13,13.73411192945665,0.06842105263157895,1,165,19,0.13426819443702698,0.08269885869424655,0.05729677621998101,0.06598043823732232,0.050599073817196784
iaml_super_40981,28,ucb,constant,decay_uniform_a1,34,uniform,1.0,190,12,13.73411192945665,0.06315789473684211,2,174,24,0.13426819443702698,0.09152180978166075,0.06499007827986727,0.07457978236633395,0.0639812218037307
iaml_super_40981,28,ucb,constant,decay_uniform_a1,5,uniform,1.0,190,17,13.73411192945665,0.08947368421052632,1,187,29,0.13426819443702698,0.08161061549385783,0.060644770418935984,0.06983330086664352,0.0816179516639786
iaml_super_40981,28,ucb,constant,decay_uniform_a1,6,uniform,1.0,190,18,13.73411192945665,0.09473684210526316,5,177,34,0.13426819443702698,0.10626761746897079,0.07611803342241427,0.08765583863984555,0.08690568135367673
iaml_super_40981,28,ucb,constant,decay_uniform_a1,7,uniform,1.0,190,17,13.73411192945665,0.08947368421052632,2,177,26,0.13426819443702698,0.09064706210995796,0.061559863128396515,0.07054222086003362,0.06432953552497145
iaml_super_40981,28,ucb,constant,decay_uniform_a1,8,uniform,1.0,190,11,13.73411192945665,0.05789473684210526,5,138,20,0.13426819443702698,0.11274202968113564,0.07736458021914204,0.08759194370357465,0.07366747675409904
iaml_super_40981,28,ucb,constant,decay_uniform_a1,9,uniform,1.0,190,15,13.73411192945665,0.07894736842105263,1,189,27,0.13426819443702698,0.10060709665350588,0.07573842226583488,0.08685763644109089,0.10385798376545351
iaml_super_40981,28,ucb,constant,decay_uniform_grid_a1_2,10,uniform,0.5,190,104,94.00724143492789,0.5473684210526316,1,190,100,0.13426819443702698,0.17652784449875714,0.13188613835356355,0.1490812912424155,0.11604711326381355
iaml_super_40981,28,ucb,constant,decay_uniform_grid_a1_2,11,uniform,0.5,190,96,94.00724143492789,0.5052631578947369,2,188,88,0.13426819443702698,0.16936067609306465,0.12215720637652,0.13831690050810772,0.22304310391242613
iaml_super_40981,28,ucb,constant,decay_uniform_grid_a1_2,12,uniform,0.5,190,100,94.00724143492789,0.5263157894736842,1,189,69,0.13426819443702698,0.1613813371261869,0.11713679339839198,0.133669561875583,0.19935549670274202
iaml_super_40981,28,ucb,constant,decay_uniform_grid_a1_2,13,uniform,0.5,190,90,94.00724143492789,0.47368421052631576,1,189,87,0.13426819443702698,0.17931431142140755,0.13366425962654294,0.15193501555553426,0.20277046340690988
iaml_super_40981,28,ucb,constant,decay_uniform_grid_a1_2,14,uniform,0.5,190,98,94.00724143492789,0.5157894736842106,2,189,90,0.13426819443702698,0.16492706159587484,0.1201470305845325,0.1369733262718095,0.18188037636226342
iaml_super_40981,28,ucb,constant,decay_uniform_grid_a1_2,15,uniform,0.5,190,101,94.00724143492789,0.531578947368421,1,189,101,0.13426819443702698,0.19027273539153666,0.14085772494075485,0.1603818870849841,0.2438076807941576
iaml_super_40981,28,ucb,constant,decay_uniform_grid_a1_2,16,uniform,0.5,190,83,94.00724143492789,0.4368421052631579,3,190,87,0.13426819443702698,0.16110185194496662,0.11488639008243326,0.13016514289636927,0.10753936747690723
iaml_super_40981,28,ucb,constant,decay_uniform_grid_a1_2,17,uniform,0.5,190,96,94.00724143492789,0.5052631578947369,1,190,88,0.13426819443702698,0.17152771070229672,0.12717507304543926,0.14423284123693075,0.1252903957831584
iaml_super_40981,28,ucb,constant,decay_uniform_grid_a1_2,18,uniform,0.5,190,92,94.00724143492789,0.4842105263157895,1,190,100,0.13426819443702698,0.17328799493423144,0.12678557741659102,0.14316465882323928,0.1262819978648878
iaml_super_40981,28,ucb,constant,decay_uniform_grid_a1_2,19,uniform,0.5,190,84,94.00724143492789,0.4421052631578947,2,187,74,0.13426819443702698,0.16071721166710667,0.11776626292950375,0.13454093686158647,0.183598736707038
iaml_super_40981,28,ucb,constant,decay_uniform_grid_a1_2,20,uniform,0.5,190,89,94.00724143492789,0.46842105263157896,3,185,96,0.13426819443702698,0.1797839182329233,0.12319300153008947,0.1402398477124941,0.22893443745091968
iaml_super_40981,28,ucb,constant,decay_uniform_grid_a1_2,21,uniform,0.5,190,99,94.00724143492789,0.5210526315789473,1,190,104,0.13426819443702698,0.16124525165663034,0.11741094826649426,0.13422903930436572,0.09698901556805559
iaml_super_40981,28,ucb,constant,decay_uniform_grid_a1_2,22,uniform,0.5,190,89,94.00724143492789,0.46842105263157896,1,188,101,0.13426819443702698,0.14903908094053647,0.11101718117671816,0.12552563952945284,0.19706813208183752
iaml_super_40981,28,ucb,constant,decay_uniform_grid_a1_2,23,uniform,0.5,190,101,94.00724143492789,0.531578947368421,2,188,94,0.13426819443702698,0.17058581025657893,0.11912420905528662,0.13519969121046557,0.188605212501452
iaml_super_40981,28,ucb,constant,decay_uniform_grid_a1_2,24,uniform,0.5,190,94,94.00724143492789,0.49473684210526314,1,190,94,0.13426819443702698,0.17708939705434967,0.13080217228498073,0.14894971500071902,0.1295551380237117
iaml_super_40981,28,ucb,constant,decay_uniform_grid_a1_2,25,uniform,0.5,190,82,94.00724143492789,0.43157894736842106,1,185,95,0.13426819443702698,0.17146887381649817,0.12750975504611628,0.14464065087342598,0.23584155925356437
iaml_super_40981,28,ucb,constant,decay_uniform_grid_a1_2,26,uniform,0.5,190,90,94.00724143492789,0.47368421052631576,2,187,82,0.13426819443702698,0.17316376204464573,0.12284897353015527,0.13941892763047156,0.1994024942654098
iaml_super_40981,28,ucb,constant,decay_uniform_grid_a1_2,27,uniform,0.5,190,92,94.00724143492789,0.4842105263157895,2,190,89,0.13426819443702698,0.16670438479109007,0.11911622181678676,0.13513592183684436,0.11299444651243698
iaml_super_40981,28,ucb,constant,decay_uniform_grid_a1_2,28,uniform,0.5,190,90,94.00724143492789,0.47368421052631576,1,187,85,0.13426819443702698,0.1608002888573185,0.12018894269411148,0.13634662567883832,0.16158340639700663
iaml_super_40981,28,ucb,constant,decay_uniform_grid_a1_2,29,uniform,0.5,190,95,94.00724143492789,0.5,2,186,90,0.13426819443702698,0.14996943140671384,0.10726896309208646,0.12295148706910539,0.16471686708324057
iaml_super_40981,28,ucb,constant,decay_uniform_grid_a1_2,30,uniform,0.5,190,92,94.00724143492789,0.4842105263157895,1,188,93,0.13426819443702698,0.15997695601367562,0.11557772708085898,0.1319175215428093,0.1647881068916719
iaml_super_40981,28,ucb,constant,decay_uniform_grid_a1_2,31,uniform,0.5,190,84,94.00724143492789,0.4421052631578947,2,188,90,0.13426819443702698,0.16057075744583094,0.11437064784638289,0.12995052939509535,0.19372683332720514
iaml_super_40981,28,ucb,constant,decay_uniform_grid_a1_2,32,uniform,0.5,190,99,94.00724143492789,0.5210526315789473,2,190,89,0.13426819443702698,0.16905431720878522,0.11979351090984722,0.1357469133431849,0.11860431245382395
iaml_super_40981,28,ucb,constant,decay_uniform_grid_a1_2,33,uniform,0.5,190,82,94.00724143492789,0.43157894736842106,1,188,85,0.13426819443702698,0.16048321003855862,0.12105468688924537,0.13736656864532787,0.17218194135187537
iaml_super_40981,28,ucb,constant,decay_uniform_grid_a1_2,34,uniform,0.5,190,87,94.00724143492789,0.45789473684210524,2,189,106,0.13426819443702698,0.1740096064956333,0.1286512649264717,0.14630466752157673,0.20673485894519728
iaml_super_40981,28,ucb,constant,decay_uniform_grid_a1_2,5,uniform,0.5,190,90,94.00724143492789,0.47368421052631576,1,189,97,0.13426819443702698,0.18339493590974276,0.13404880486898593,0.1523462591162987,0.1703178573513193
iaml_super_40981,28,ucb,constant,decay_uniform_grid_a1_2,6,uniform,0.5,190,90,94.00724143492789,0.47368421052631576,2,188,94,0.13426819443702698,0.1605670610308327,0.12349877188313821,0.14033137129319187,0.2019116351421426
iaml_super_40981,28,ucb,constant,decay_uniform_grid_a1_2,7,uniform,0.5,190,96,94.00724143492789,0.5052631578947369,1,190,94,0.13426819443702698,0.1674674101572144,0.1187545547264973,0.1347898950339319,0.11843857936606608
iaml_super_40981,28,ucb,constant,decay_uniform_grid_a1_2,8,uniform,0.5,190,92,94.00724143492789,0.4842105263157895,1,184,91,0.13426819443702698,0.17852944552498104,0.13314348388388036,0.15106833147578916,0.2244794041213559
iaml_super_40981,28,ucb,constant,decay_uniform_grid_a1_2,9,uniform,0.5,190,85,94.00724143492789,0.4473684210526316,1,189,97,0.13426819443702698,0.16608155575106873,0.1253164197359365,0.14255335973738598,0.16445375684009803
iaml_super_40981,28,ucb,constant,fixed_p020,10,uniform,nan,190,50,38.0,0.2631578947368421,1,190,74,0.13426819443702698,0.1370768281117494,0.10550993993432324,0.11982949501680987,0.1043275824270891
iaml_super_40981,28,ucb,constant,fixed_p020,11,uniform,nan,190,38,38.0,0.2,11,188,60,0.13426819443702698,0.11097377457871209,0.0841384619736482,0.0953864451016255,0.11422594369806105
iaml_super_40981,28,ucb,constant,fixed_p020,12,uniform,nan,190,45,38.0,0.23684210526315788,6,186,68,0.13426819443702698,0.10716692586065583,0.07979960855964793,0.0918638980923016,0.11524407025281798
iaml_super_40981,28,ucb,constant,fixed_p020,13,uniform,nan,190,39,38.0,0.20526315789473684,1,185,61,0.13426819443702698,0.11420940877675131,0.08166247836961052,0.093355046854446,0.10950043911617975
iaml_super_40981,28,ucb,constant,fixed_p020,14,uniform,nan,190,42,38.0,0.22105263157894736,4,184,68,0.13426819443702698,0.1345733446747772,0.09699791062463625,0.11146530681785552,0.13013725185940261
iaml_super_40981,28,ucb,constant,fixed_p020,15,uniform,nan,190,42,38.0,0.22105263157894736,1,189,59,0.13426819443702698,0.1258184481612572,0.09396958239874538,0.10787560192644788,0.1287121714002465
iaml_super_40981,28,ucb,constant,fixed_p020,16,uniform,nan,190,33,38.0,0.1736842105263158,3,175,48,0.13426819443702698,0.1031862954208875,0.07642602987724798,0.08743004351716668,0.0992905967878333
iaml_super_40981,28,ucb,constant,fixed_p020,17,uniform,nan,190,44,38.0,0.23157894736842105,2,190,75,0.13426819443702698,0.1185545854263682,0.0862495446666508,0.09802329366301923,0.08400951181899971
iaml_super_40981,28,ucb,constant,fixed_p020,18,uniform,nan,190,41,38.0,0.21578947368421053,4,190,67,0.13426819443702698,0.12534966905804884,0.09338630943919021,0.10581802837151974,0.10742267770787081
iaml_super_40981,28,ucb,constant,fixed_p020,19,uniform,nan,190,40,38.0,0.21052631578947367,9,187,58,0.13426819443702698,0.114450303677972,0.08372765415858892,0.09592799663067125,0.1127220198969983
iaml_super_40981,28,ucb,constant,fixed_p020,20,uniform,nan,190,32,38.0,0.16842105263157894,3,185,50,0.13426819443702698,0.11003375231065053,0.07689867568932232,0.08769049893652531,0.1093526935697983
iaml_super_40981,28,ucb,constant,fixed_p020,21,uniform,nan,190,49,38.0,0.2578947368421053,15,188,70,0.13426819443702698,0.12532096463910847,0.08995315318121462,0.10313494483512249,0.14743510764216253
iaml_super_40981,28,ucb,constant,fixed_p020,22,uniform,nan,190,38,38.0,0.2,14,187,64,0.13426819443702698,0.12846846537081683,0.09495845063058328,0.10741287711736569,0.1284781079741514
iaml_super_40981,28,ucb,constant,fixed_p020,23,uniform,nan,190,42,38.0,0.22105263157894736,6,188,62,0.13426819443702698,0.147228222712126,0.10459774379161874,0.11793266194949399,0.13593708410994707
iaml_super_40981,28,ucb,constant,fixed_p020,24,uniform,nan,190,41,38.0,0.21578947368421053,4,190,65,0.13426819443702698,0.13395630414497256,0.0966061198368238,0.11002560112129842,0.08599364434306091
iaml_super_40981,28,ucb,constant,fixed_p020,25,uniform,nan,190,38,38.0,0.2,1,185,65,0.13426819443702698,0.14184709999020764,0.10749972359945881,0.12235140086939034,0.1618889650829475
iaml_super_40981,28,ucb,constant,fixed_p020,26,uniform,nan,190,37,38.0,0.19473684210526315,2,187,56,0.13426819443702698,0.11611289390790856,0.08570189104336434,0.09758188049016579,0.12628433858311686
iaml_super_40981,28,ucb,constant,fixed_p020,27,uniform,nan,190,28,38.0,0.14736842105263157,6,182,48,0.13426819443702698,0.12088829060430666,0.08672117387338091,0.09872293646478293,0.11230651106485022
iaml_super_40981,28,ucb,constant,fixed_p020,28,uniform,nan,190,37,38.0,0.19473684210526315,5,177,58,0.13426819443702698,0.12883226923486674,0.09546092658247902,0.1085141476790686,0.14438948800090842
iaml_super_40981,28,ucb,constant,fixed_p020,29,uniform,nan,190,45,38.0,0.23684210526315788,2,186,66,0.13426819443702698,0.122160879696367,0.08289509280089091,0.0953233680860711,0.11446151996024702
iaml_super_40981,28,ucb,constant,fixed_p020,30,uniform,nan,190,38,38.0,0.2,14,188,54,0.13426819443702698,0.15327990008676254,0.11000571622510179,0.1245593664794959,0.16688941192553025
iaml_super_40981,28,ucb,constant,fixed_p020,31,uniform,nan,190,30,38.0,0.15789473684210525,2,188,46,0.13426819443702698,0.11278720550234811,0.08191610461016956,0.09407624900930503,0.12078739520153998
iaml_super_40981,28,ucb,constant,fixed_p020,32,uniform,nan,190,45,38.0,0.23684210526315788,4,189,60,0.13426819443702698,0.11394861966762115,0.08178801079560541,0.09300045757796142,0.11940956279751062
iaml_super_40981,28,ucb,constant,fixed_p020,33,uniform,nan,190,34,38.0,0.17894736842105263,1,188,55,0.13426819443702698,0.11601285196954032,0.08615689660733902,0.09772295064629516,0.13553512620473726
iaml_super_40981,28,ucb,constant,fixed_p020,34,uniform,nan,190,32,38.0,0.16842105263157894,4,189,56,0.13426819443702698,0.1132650121074655,0.08147028510959811,0.0935326579831083,0.09917786285189728
iaml_super_40981,28,ucb,constant,fixed_p020,5,uniform,nan,190,28,38.0,0.14736842105263157,2,187,50,0.13426819443702698,0.10257128150300296,0.0756118249241129,0.08630722302643222,0.1063743207093373
iaml_super_40981,28,ucb,constant,fixed_p020,6,uniform,nan,190,49,38.0,0.2578947368421053,9,188,66,0.13426819443702698,0.12692872013224657,0.09483323035469231,0.10781171292855946,0.13074079202586134
iaml_super_40981,28,ucb,constant,fixed_p020,7,uniform,nan,190,42,38.0,0.22105263157894736,2,180,70,0.13426819443702698,0.13459492164450995,0.09058567271054692,0.10304135353968827,0.13714129915337345
iaml_super_40981,28,ucb,constant,fixed_p020,8,uniform,nan,190,40,38.0,0.21052631578947367,5,183,68,0.13426819443702698,0.13532669613596646,0.09310449921373637,0.10595858350700312,0.1321066020802242
iaml_super_40981,28,ucb,constant,fixed_p020,9,uniform,nan,190,34,38.0,0.17894736842105263,8,189,60,0.13426819443702698,0.12673352672790722,0.09653446866152955,0.1106234697412938,0.1581969053683878
iaml_super_40981,28,ucb,constant,standard,10,none,nan,190,0,0.0,0.0,,,0,0.13426819443702698,0.06566224553421855,0.04784422434913091,0.05517416499326769,0.04177139248937004
iaml_super_40981,28,ucb,constant,standard,11,none,nan,190,0,0.0,0.0,,,0,0.13426819443702698,0.06322470325475195,0.04605266243058028,0.053296314255698224,0.036434809646126776
iaml_super_40981,28,ucb,constant,standard,12,none,nan,190,0,0.0,0.0,,,0,0.13426819443702698,0.06565914128373518,0.04707211243786209,0.05464827950197483,0.04650004899741624
iaml_super_40981,28,ucb,constant,standard,13,none,nan,190,0,0.0,0.0,,,0,0.13426819443702698,0.06782359910045743,0.046708106555087184,0.05401857677335166,0.04957281729315842
iaml_super_40981,28,ucb,constant,standard,14,none,nan,190,0,0.0,0.0,,,0,0.13426819443702698,0.08494602540687089,0.06274641484904528,0.07143031928999911,0.053278301212700885
iaml_super_40981,28,ucb,constant,standard,15,none,nan,190,0,0.0,0.0,,,0,0.13426819443702698,0.06308950457475983,0.04688663519710094,0.05434447828566851,0.03932334182301123
iaml_super_40981,28,ucb,constant,standard,16,none,nan,190,0,0.0,0.0,,,0,0.13426819443702698,0.06967478644449716,0.048930478869411556,0.05728112278386012,0.038650559309038615
iaml_super_40981,28,ucb,constant,standard,17,none,nan,190,0,0.0,0.0,,,0,0.13426819443702698,0.06721835306149672,0.04680028656001058,0.053510644611940904,0.032284854690497945
iaml_super_40981,28,ucb,constant,standard,18,none,nan,190,0,0.0,0.0,,,0,0.13426819443702698,0.06713399850362803,0.047786563929422224,0.054573871138564045,0.041773805259856106
iaml_super_40981,28,ucb,constant,standard,19,none,nan,190,0,0.0,0.0,,,0,0.13426819443702698,0.0723798762255896,0.050120883277357704,0.05885200836481124,0.04344972550033988
iaml_super_40981,28,ucb,constant,standard,20,none,nan,190,0,0.0,0.0,,,0,0.13426819443702698,0.06439847618016971,0.04667426370462992,0.05325541751831882,0.03612236840862356
iaml_super_40981,28,ucb,constant,standard,21,none,nan,190,0,0.0,0.0,,,0,0.13426819443702698,0.06303219187924827,0.0454332931710877,0.05268223218822977,0.04422031790918634
iaml_super_40981,28,ucb,constant,standard,22,none,nan,190,0,0.0,0.0,,,0,0.13426819443702698,0.072849096444017,0.05376277294192568,0.06142533937870674,0.04805860171692156
iaml_super_40981,28,ucb,constant,standard,23,none,nan,190,0,0.0,0.0,,,0,0.13426819443702698,0.06727007774034051,0.04742078443434298,0.055160868801197305,0.03858546029921105
iaml_super_40981,28,ucb,constant,standard,24,none,nan,190,0,0.0,0.0,,,0,0.13426819443702698,0.06731228389210872,0.04655620863631154,0.053208314428899124,0.047598257602919816
iaml_super_40981,28,ucb,constant,standard,25,none,nan,190,0,0.0,0.0,,,0,0.13426819443702698,0.06174303944780761,0.044319643015153246,0.05063634200789786,0.046764954271097905
iaml_super_40981,28,ucb,constant,standard,26,none,nan,190,0,0.0,0.0,,,0,0.13426819443702698,0.06357642636247217,0.04531512622964793,0.051896942373169254,0.036030031731680894
iaml_super_40981,28,ucb,constant,standard,27,none,nan,190,0,0.0,0.0,,,0,0.13426819443702698,0.06245512523499006,0.045026220462925225,0.05137212100057551,0.04764163239527965
iaml_super_40981,28,ucb,constant,standard,28,none,nan,190,0,0.0,0.0,,,0,0.13426819443702698,0.06324401815783454,0.04661366124705665,0.05386179646560066,0.03506272510447028
iaml_super_40981,28,ucb,constant,standard,29,none,nan,190,0,0.0,0.0,,,0,0.13426819443702698,0.0640169749708922,0.04563085953234827,0.05230610172025899,0.037785361241527225
iaml_super_40981,28,ucb,constant,standard,30,none,nan,190,0,0.0,0.0,,,0,0.13426819443702698,0.06358277568588581,0.04576031341318777,0.052557882492730516,0.04215760105063541
iaml_super_40981,28,ucb,constant,standard,31,none,nan,190,0,0.0,0.0,,,0,0.13426819443702698,0.07285441833665895,0.05197692074519041,0.059383961977672164,0.05229933494736591
iaml_super_40981,28,ucb,constant,standard,32,none,nan,190,0,0.0,0.0,,,0,0.13426819443702698,0.06571509977505431,0.04542764664948726,0.05254280912784479,0.04940938659612956
iaml_super_40981,28,ucb,constant,standard,33,none,nan,190,0,0.0,0.0,,,0,0.13426819443702698,0.06929153759618789,0.045912030309346846,0.052902053541946645,0.043383427921628186
iaml_super_40981,28,ucb,constant,standard,34,none,nan,190,0,0.0,0.0,,,0,0.13426819443702698,0.06395885359385203,0.04643072632885366,0.053586286070850704,0.04565252985422373
iaml_super_40981,28,ucb,constant,standard,5,none,nan,190,0,0.0,0.0,,,0,0.13426819443702698,0.08045012946527852,0.0556503869091859,0.06408093586550963,0.05790142768797594
iaml_super_40981,28,ucb,constant,standard,6,none,nan,190,0,0.0,0.0,,,0,0.13426819443702698,0.06537160352231912,0.04701662074078039,0.0546066977700197,0.042254931721771125
iaml_super_40981,28,ucb,constant,standard,7,none,nan,190,0,0.0,0.0,,,0,0.13426819443702698,0.06537644689948635,0.04674362340728065,0.05337700109953391,0.041026085596756336
iaml_super_40981,28,ucb,constant,standard,8,none,nan,190,0,0.0,0.0,,,0,0.13426819443702698,0.06299126742774971,0.04742062759528365,0.05444302440813105,0.03329679924337482
iaml_super_40981,28,ucb,constant,standard,9,none,nan,190,0,0.0,0.0,,,0,0.13426819443702698,0.06210880810423833,0.04590235466436979,0.05256717786131406,0.03384135764640758
iaml_super_41146,28,logei,native,decay_uniform_a1,10,uniform,1.0,190,10,13.73411192945665,0.05263157894736842,1,152,17,0.13426819443702698,0.17629456169795818,0.12746214733335623,0.14513117306133208,0.1064354611239342
iaml_super_41146,28,logei,native,decay_uniform_a1,11,uniform,1.0,190,17,13.73411192945665,0.08947368421052632,5,185,30,0.13426819443702698,0.1183458950252924,0.08841717288297192,0.10096635621364616,0.08394513470331143
iaml_super_41146,28,logei,native,decay_uniform_a1,12,uniform,1.0,190,20,13.73411192945665,0.10526315789473684,2,135,30,0.13426819443702698,0.143489074221753,0.10435661380740231,0.1199813381005915,0.09250392516757655
iaml_super_41146,28,logei,native,decay_uniform_a1,13,uniform,1.0,190,10,13.73411192945665,0.05263157894736842,1,185,15,0.13426819443702698,0.1423414987890585,0.10397644993688335,0.11859476369149258,0.07483245973307591
iaml_super_41146,28,logei,native,decay_uniform_a1,14,uniform,1.0,190,11,13.73411192945665,0.05789473684210526,4,167,20,0.13426819443702698,0.21754604912774858,0.15800519531824786,0.1801658185226573,0.16118394807888453
iaml_super_41146,28,logei,native,decay_uniform_a1,15,uniform,1.0,190,14,13.73411192945665,0.07368421052631578,1,189,27,0.13426819443702698,0.21951038465179223,0.16221050839185924,0.18391835037934906,0.18631596479133739
iaml_super_41146,28,logei,native,decay_uniform_a1,16,uniform,1.0,190,17,13.73411192945665,0.08947368421052632,3,175,30,0.1550666093826294,0.0840224129358339,0.058835992582192034,0.06802860925273808,0.07584871448460855
iaml_super_41146,28,logei,native,decay_uniform_a1,17,uniform,1.0,190,21,13.73411192945665,0.11052631578947368,1,190,32,0.15428321063518524,0.10749536669696955,0.07633523315257967,0.08701744221696633,0.08320458670783464
iaml_super_41146,28,logei,native,decay_uniform_a1,18,uniform,1.0,190,13,13.73411192945665,0.06842105263157895,1,134,23,0.13426819443702698,0.15455137941834204,0.11055002723630349,0.12478247040036523,0.10616515472974897
iaml_super_41146,28,logei,native,decay_uniform_a1,19,uniform,1.0,190,15,13.73411192945665,0.07894736842105263,2,180,30,0.13426819443702698,0.12164288916330647,0.09095791073514385,0.10457717116461761,0.0709406201285381
iaml_super_41146,28,logei,native,decay_uniform_a1,20,uniform,1.0,190,12,13.73411192945665,0.06315789473684211,3,181,18,0.15428321063518524,0.1109535191551613,0.08025301805595601,0.09225955855892452,0.06914922911130131
iaml_super_41146,28,logei,native,decay_uniform_a1,21,uniform,1.0,190,21,13.73411192945665,0.11052631578947368,1,167,35,0.13426819443702698,0.10191648735971466,0.07160000670095615,0.08270899358067159,0.04350629271936784
iaml_super_41146,28,logei,native,decay_uniform_a1,22,uniform,1.0,190,11,13.73411192945665,0.05789473684210526,8,181,22,0.15428321063518524,0.06196664722754417,0.04570224529309325,0.05248089184722151,0.05282686946710255
iaml_super_41146,28,logei,native,decay_uniform_a1,23,uniform,1.0,190,16,13.73411192945665,0.08421052631578947,6,159,26,0.15371012687683105,0.07190388768684887,0.04921215344002566,0.0570292696571439,0.034073556079295554
iaml_super_41146,28,logei,native,decay_uniform_a1,24,uniform,1.0,190,11,13.73411192945665,0.05789473684210526,1,167,19,0.13426819443702698,0.07799292940020308,0.05613472970091363,0.0650216094317232,0.04856455769512235
iaml_super_41146,28,logei,native,decay_uniform_a1,25,uniform,1.0,190,19,13.73411192945665,0.1,1,132,29,0.13426819443702698,0.15389336934747724,0.11218385899967943,0.1281517655614845,0.1348717450139423
iaml_super_41146,28,logei,native,decay_uniform_a1,26,uniform,1.0,190,9,13.73411192945665,0.04736842105263158,2,128,16,0.13426819443702698,0.1196288166576619,0.08504633385135504,0.0986058168685339,0.09547306506565267
iaml_super_41146,28,logei,native,decay_uniform_a1,27,uniform,1.0,190,13,13.73411192945665,0.06842105263157895,2,149,20,0.13426819443702698,0.11709695810282426,0.07799530943686207,0.08924639801959879,0.061449717942307386
iaml_super_41146,28,logei,native,decay_uniform_a1,28,uniform,1.0,190,18,13.73411192945665,0.09473684210526316,1,169,29,0.13426819443702698,0.09819429408932075,0.07123197124087885,0.08184903162726673,0.07444776644074237
iaml_super_41146,28,logei,native,decay_uniform_a1,29,uniform,1.0,190,11,13.73411192945665,0.05789473684210526,2,152,18,0.13426819443702698,0.13442548180997366,0.09432384191882388,0.10888475698343213,0.045768621026127075
iaml_super_41146,28,logei,native,decay_uniform_a1,30,uniform,1.0,190,9,13.73411192945665,0.04736842105263158,1,87,15,0.13426819443702698,0.14710186201128095,0.1030758061775333,0.11797252041491692,0.08270017999431159
iaml_super_41146,28,logei,native,decay_uniform_a1,31,uniform,1.0,190,14,13.73411192945665,0.07368421052631578,2,188,26,0.1538647562265396,0.062267198975871976,0.04376714201806764,0.05075130264555546,0.04367307100344292
iaml_super_41146,28,logei,native,decay_uniform_a1,32,uniform,1.0,190,13,13.73411192945665,0.06842105263157895,2,153,26,0.1538647562265396,0.07464900805235473,0.05374939198405021,0.06225135659662167,0.030948952750247605
iaml_super_41146,28,logei,native,decay_uniform_a1,33,uniform,1.0,190,13,13.73411192945665,0.06842105263157895,1,165,19,0.13426819443702698,0.13854353869796004,0.10192690519407396,0.11786996799336344,0.10396032274676702
iaml_super_41146,28,logei,native,decay_uniform_a1,34,uniform,1.0,190,12,13.73411192945665,0.06315789473684211,2,174,24,0.13426819443702698,0.12765665269354384,0.09155334934700202,0.10471264239495866,0.12191957671802267
iaml_super_41146,28,logei,native,decay_uniform_a1,5,uniform,1.0,190,17,13.73411192945665,0.08947368421052632,1,187,29,0.13426819443702698,0.12552418938795343,0.0910094474992501,0.10433599822272928,0.09126801445678688
iaml_super_41146,28,logei,native,decay_uniform_a1,6,uniform,1.0,190,18,13.73411192945665,0.09473684210526316,5,177,34,0.13426819443702698,0.09614440962817414,0.06769154613773604,0.0775115157264008,0.06217729037316881
iaml_super_41146,28,logei,native,decay_uniform_a1,7,uniform,1.0,190,17,13.73411192945665,0.08947368421052632,2,177,26,0.15428321063518524,0.09810650859852839,0.0692560944043828,0.07965282541125139,0.09145642738359147
iaml_super_41146,28,logei,native,decay_uniform_a1,8,uniform,1.0,190,11,13.73411192945665,0.05789473684210526,5,138,20,0.1538647562265396,0.08538784921696188,0.06368759680074171,0.07308318606666765,0.06056400740357746
iaml_super_41146,28,logei,native,decay_uniform_a1,9,uniform,1.0,190,15,13.73411192945665,0.07894736842105263,1,189,27,0.1538647562265396,0.10330949522785376,0.07650926664946534,0.08816487439646176,0.0528715651796608
iaml_super_41146,28,logei,native,decay_uniform_grid_a1_2,10,uniform,0.5,190,104,94.00724143492789,0.5473684210526316,1,190,100,0.13426819443702698,0.17017417097977017,0.12441696111760026,0.14172275105103188,0.10860505839813979
iaml_super_41146,28,logei,native,decay_uniform_grid_a1_2,11,uniform,0.5,190,96,94.00724143492789,0.5052631578947369,2,188,88,0.13426819443702698,0.20658153944631297,0.1489714686398214,0.16939205349857286,0.1352727631743759
iaml_super_41146,28,logei,native,decay_uniform_grid_a1_2,12,uniform,0.5,190,100,94.00724143492789,0.5263157894736842,1,189,69,0.1590414047241211,0.16577349885339202,0.11953778308608601,0.13648382038813361,0.19200503746225206
iaml_super_41146,28,logei,native,decay_uniform_grid_a1_2,13,uniform,0.5,190,90,94.00724143492789,0.47368421052631576,1,189,87,0.13426819443702698,0.1670512639131769,0.1246075683074997,0.14242501044227399,0.19431946607904665
iaml_super_41146,28,logei,native,decay_uniform_grid_a1_2,14,uniform,0.5,190,98,94.00724143492789,0.5157894736842106,2,189,90,0.13426819443702698,0.2075582283637373,0.1545718008427015,0.17713527640220428,0.19485631053294664
iaml_super_41146,28,logei,native,decay_uniform_grid_a1_2,15,uniform,0.5,190,101,94.00724143492789,0.531578947368421,1,189,101,0.13426819443702698,0.17636877116699362,0.13039119410792005,0.14896611680447416,0.13366969654998606
iaml_super_41146,28,logei,native,decay_uniform_grid_a1_2,16,uniform,0.5,190,83,94.00724143492789,0.4368421052631579,3,190,87,0.15557536482810974,0.15343558938555932,0.1121946639768521,0.12826208664721112,0.09899093600407462
iaml_super_41146,28,logei,native,decay_uniform_grid_a1_2,17,uniform,0.5,190,96,94.00724143492789,0.5052631578947369,1,190,88,0.13426819443702698,0.19253489859859463,0.14501611390497515,0.1648004281158324,0.14106366312560684
iaml_super_41146,28,logei,native,decay_uniform_grid_a1_2,18,uniform,0.5,190,92,94.00724143492789,0.4842105263157895,1,190,100,0.13426819443702698,0.1696446779759258,0.12020205296208226,0.13633190487997546,0.10520333375948186
iaml_super_41146,28,logei,native,decay_uniform_grid_a1_2,19,uniform,0.5,190,84,94.00724143492789,0.4421052631578947,2,187,74,0.13426819443702698,0.20070667215053378,0.14734314652727037,0.1686099330182908,0.14629258682400628
iaml_super_41146,28,logei,native,decay_uniform_grid_a1_2,20,uniform,0.5,190,89,94.00724143492789,0.46842105263157896,3,185,96,0.13426819443702698,0.18585569277999056,0.13168745775339008,0.15061328859929868,0.1193200169545308
iaml_super_41146,28,logei,native,decay_uniform_grid_a1_2,21,uniform,0.5,190,99,94.00724143492789,0.5210526315789473,1,190,104,0.13426819443702698,0.16824416417034466,0.12394938506842333,0.14262202581397304,0.09877833794551708
iaml_super_41146,28,logei,native,decay_uniform_grid_a1_2,22,uniform,0.5,190,89,94.00724143492789,0.46842105263157896,1,188,101,0.15428321063518524,0.16448563993576418,0.12235739862871362,0.13895332261696397,0.16149520687009516
iaml_super_41146,28,logei,native,decay_uniform_grid_a1_2,23,uniform,0.5,190,101,94.00724143492789,0.531578947368421,2,188,94,0.13426819443702698,0.16270397671535497,0.11828493767335957,0.13433734919381798,0.1849135689066052
iaml_super_41146,28,logei,native,decay_uniform_grid_a1_2,24,uniform,0.5,190,94,94.00724143492789,0.49473684210526314,1,190,94,0.13426819443702698,0.16998528828180512,0.12687778225237617,0.144919824244399,0.12742696339471432
iaml_super_41146,28,logei,native,decay_uniform_grid_a1_2,25,uniform,0.5,190,82,94.00724143492789,0.43157894736842106,1,185,95,0.13426819443702698,0.17387153745686384,0.12654250622524787,0.14482818526026212,0.20120702010302066
iaml_super_41146,28,logei,native,decay_uniform_grid_a1_2,26,uniform,0.5,190,90,94.00724143492789,0.47368421052631576,2,187,82,0.13426819443702698,0.2017323057462012,0.14028896735385515,0.1590678630760302,0.21278270727594698
iaml_super_41146,28,logei,native,decay_uniform_grid_a1_2,27,uniform,0.5,190,92,94.00724143492789,0.4842105263157895,2,190,89,0.13426819443702698,0.19266188807513607,0.13310905671525464,0.1512789769683334,0.11940642212519186
iaml_super_41146,28,logei,native,decay_uniform_grid_a1_2,28,uniform,0.5,190,90,94.00724143492789,0.47368421052631576,1,187,85,0.13426819443702698,0.1412154876284913,0.10119285606175223,0.11612241011957351,0.09997959474481143
iaml_super_41146,28,logei,native,decay_uniform_grid_a1_2,29,uniform,0.5,190,95,94.00724143492789,0.5,2,186,90,0.15729090571403503,0.16911058733771206,0.12466145336325493,0.14276179277251747,0.1493796625368072
iaml_super_41146,28,logei,native,decay_uniform_grid_a1_2,30,uniform,0.5,190,92,94.00724143492789,0.4842105263157895,1,188,93,0.16177724301815033,0.1594907815036581,0.11696893428927278,0.13346650501234128,0.1537124531078113
iaml_super_41146,28,logei,native,decay_uniform_grid_a1_2,31,uniform,0.5,190,84,94.00724143492789,0.4421052631578947,2,188,90,0.15428321063518524,0.16162042387533226,0.1182556206207212,0.1345733965916419,0.1011493536978713
iaml_super_41146,28,logei,native,decay_uniform_grid_a1_2,32,uniform,0.5,190,99,94.00724143492789,0.5210526315789473,2,190,89,0.13426819443702698,0.19437590874684346,0.13632955595110152,0.15563653777595138,0.13392443746795926
iaml_super_41146,28,logei,native,decay_uniform_grid_a1_2,33,uniform,0.5,190,82,94.00724143492789,0.43157894736842106,1,188,85,0.13426819443702698,0.21786108652972624,0.16373360421344002,0.1851813671114588,0.11916747297174514
iaml_super_41146,28,logei,native,decay_uniform_grid_a1_2,34,uniform,0.5,190,87,94.00724143492789,0.45789473684210524,2,189,106,0.13426819443702698,0.15748681731460923,0.11624601615089261,0.13190281548953972,0.08941112772532048
iaml_super_41146,28,logei,native,decay_uniform_grid_a1_2,5,uniform,0.5,190,90,94.00724143492789,0.47368421052631576,1,189,97,0.13426819443702698,0.14539844120932552,0.10876077428865949,0.12470638139663738,0.13059570933567805
iaml_super_41146,28,logei,native,decay_uniform_grid_a1_2,6,uniform,0.5,190,90,94.00724143492789,0.47368421052631576,2,188,94,0.13426819443702698,0.20215825917210858,0.15570893376320372,0.17592171884944707,0.24515002239737996
iaml_super_41146,28,logei,native,decay_uniform_grid_a1_2,7,uniform,0.5,190,96,94.00724143492789,0.5052631578947369,1,190,94,0.13426819443702698,0.18509348677233464,0.12954894130549552,0.1466940570819789,0.1296757308678912
iaml_super_41146,28,logei,native,decay_uniform_grid_a1_2,8,uniform,0.5,190,92,94.00724143492789,0.4842105263157895,1,184,91,0.1538647562265396,0.16870957811124226,0.12293891672576884,0.14061384083661688,0.17236554638322912
iaml_super_41146,28,logei,native,decay_uniform_grid_a1_2,9,uniform,0.5,190,85,94.00724143492789,0.4473684210526316,1,189,97,0.13426819443702698,0.17673075321474566,0.13530573668833595,0.15460057249492712,0.20313103598192173
iaml_super_41146,28,logei,native,fixed_p020,10,uniform,nan,190,50,38.0,0.2631578947368421,1,190,74,0.13426819443702698,0.19251272673256897,0.14268031550982258,0.161249338987941,0.14363212681348217
iaml_super_41146,28,logei,native,fixed_p020,11,uniform,nan,190,38,38.0,0.2,11,188,60,0.13426819443702698,0.1614990438468444,0.11618200538228171,0.13176342936598065,0.1524141425510855
iaml_super_41146,28,logei,native,fixed_p020,12,uniform,nan,190,45,38.0,0.23684210526315788,6,186,68,0.13711445033550262,0.12131959674720966,0.0901390526829222,0.1031947935802687,0.1291504807331269
iaml_super_41146,28,logei,native,fixed_p020,13,uniform,nan,190,39,38.0,0.20526315789473684,1,185,61,0.13426819443702698,0.15401530528534083,0.11010904158824122,0.12620383031880736,0.11345444170486264
iaml_super_41146,28,logei,native,fixed_p020,14,uniform,nan,190,42,38.0,0.22105263157894736,4,184,68,0.13426819443702698,0.15840881837702048,0.11481224098644276,0.13147874217926636,0.12976087552394588
iaml_super_41146,28,logei,native,fixed_p020,15,uniform,nan,190,42,38.0,0.22105263157894736,1,189,59,0.13426819443702698,0.18486334256718573,0.13454463082694246,0.15388609932611635,0.1751912854302007
iaml_super_41146,28,logei,native,fixed_p020,16,uniform,nan,190,33,38.0,0.1736842105263158,3,175,48,0.1538647562265396,0.09066516560992913,0.06299217068670623,0.07211476114720086,0.0577820413894623
iaml_super_41146,28,logei,native,fixed_p020,17,uniform,nan,190,44,38.0,0.23157894736842105,2,190,75,0.13908390700817108,0.12687503586049667,0.09547109268818205,0.10852417774316288,0.08649492467199639
iaml_super_41146,28,logei,native,fixed_p020,18,uniform,nan,190,41,38.0,0.21578947368421053,4,190,67,0.13426819443702698,0.14814414027343875,0.10824361228656224,0.12293439847345763,0.11689004217488165
iaml_super_41146,28,logei,native,fixed_p020,19,uniform,nan,190,40,38.0,0.21052631578947367,9,187,58,0.13426819443702698,0.1761493147237232,0.12836968916437377,0.14692827238837566,0.1385930266495055
iaml_super_41146,28,logei,native,fixed_p020,20,uniform,nan,190,32,38.0,0.16842105263157894,3,185,50,0.13426819443702698,0.12831878707588587,0.08846327570115872,0.10126561687193499,0.08565391462127335
iaml_super_41146,28,logei,native,fixed_p020,21,uniform,nan,190,49,38.0,0.2578947368421053,15,188,70,0.13426819443702698,0.20313450043390666,0.1490610537832192,0.16932005866835875,0.2203658196567072
iaml_super_41146,28,logei,native,fixed_p020,22,uniform,nan,190,38,38.0,0.2,14,187,64,0.15333899855613708,0.1234464680535456,0.09099542185531592,0.10465053688027516,0.11561080797328743
iaml_super_41146,28,logei,native,fixed_p020,23,uniform,nan,190,42,38.0,0.22105263157894736,6,188,62,0.1538647562265396,0.11511380361909385,0.08296790285121237,0.09479483274762482,0.0954508404096291
iaml_super_41146,28,logei,native,fixed_p020,24,uniform,nan,190,41,38.0,0.21578947368421053,4,190,65,0.1538647562265396,0.1260391777760796,0.0882171428898646,0.10177210010270935,0.08933443131892836
iaml_super_41146,28,logei,native,fixed_p020,25,uniform,nan,190,38,38.0,0.2,1,185,65,0.13426819443702698,0.17213948071421795,0.12482538312080292,0.14233912233620755,0.17368668196703071
iaml_super_41146,28,logei,native,fixed_p020,26,uniform,nan,190,37,38.0,0.19473684210526315,2,187,56,0.13426819443702698,0.11849178460444154,0.08174851397347253,0.09374861695487549,0.07704889650117971
iaml_super_41146,28,logei,native,fixed_p020,27,uniform,nan,190,28,38.0,0.14736842105263157,6,182,48,0.15552711486816406,0.12200956446420594,0.08138739105218494,0.09299235254930803,0.1007200969259886
iaml_super_41146,28,logei,native,fixed_p020,28,uniform,nan,190,37,38.0,0.19473684210526315,5,177,58,0.13426819443702698,0.1156827567231976,0.08430778129652866,0.09623086022359537,0.08968939417280132
iaml_super_41146,28,logei,native,fixed_p020,29,uniform,nan,190,45,38.0,0.23684210526315788,2,186,66,0.13426819443702698,0.12952658946291723,0.09198016868121439,0.10626136158072252,0.1303894639923377
iaml_super_41146,28,logei,native,fixed_p020,30,uniform,nan,190,38,38.0,0.2,14,188,54,0.15896748006343842,0.11853150965791924,0.08542506966973049,0.0985406627493727,0.07835373018551203
iaml_super_41146,28,logei,native,fixed_p020,31,uniform,nan,190,30,38.0,0.15789473684210525,2,188,46,0.1538647562265396,0.07563239740860173,0.05478060268569639,0.06358080210057325,0.06328009712436046
iaml_super_41146,28,logei,native,fixed_p020,32,uniform,nan,190,45,38.0,0.23684210526315788,4,189,60,0.13426819443702698,0.10420119042306661,0.07278442844993552,0.08340304082535213,0.10030405812590835
iaml_super_41146,28,logei,native,fixed_p020,33,uniform,nan,190,34,38.0,0.17894736842105263,1,188,55,0.13426819443702698,0.17237737423467694,0.12435920628415197,0.1416480171135833,0.16292816367499996
iaml_super_41146,28,logei,native,fixed_p020,34,uniform,nan,190,32,38.0,0.16842105263157894,4,189,56,0.15896748006343842,0.12070920108624338,0.09136930327377397,0.10427114364504958,0.12794543061019573
iaml_super_41146,28,logei,native,fixed_p020,5,uniform,nan,190,28,38.0,0.14736842105263157,2,187,50,0.13711445033550262,0.12496770033571167,0.0922833311629218,0.10582013979260434,0.09347308647036762
iaml_super_41146,28,logei,native,fixed_p020,6,uniform,nan,190,49,38.0,0.2578947368421053,9,188,66,0.13426819443702698,0.14103823206442428,0.10261321515882688,0.11622499006275899,0.11075189792724194
iaml_super_41146,28,logei,native,fixed_p020,7,uniform,nan,190,42,38.0,0.22105263157894736,2,180,70,0.13426819443702698,0.14148529656136172,0.09679202727615155,0.10981786872433344,0.14741752718083115
iaml_super_41146,28,logei,native,fixed_p020,8,uniform,nan,190,40,38.0,0.21052631578947367,5,183,68,0.15428321063518524,0.11250585814566014,0.07885408143011383,0.09071238177349462,0.10061123184011016
iaml_super_41146,28,logei,native,fixed_p020,9,uniform,nan,190,34,38.0,0.17894736842105263,8,189,60,0.15428321063518524,0.13349110348032384,0.10021789947787887,0.11495881207944009,0.14788100579569713
iaml_super_41146,28,logei,native,standard,10,none,nan,190,0,0.0,0.0,,,0,0.13426819443702698,0.19664882096659544,0.14180552151949066,0.16030606505978956,0.12274059072495778
iaml_super_41146,28,logei,native,standard,11,none,nan,190,0,0.0,0.0,,,0,0.13426819443702698,0.06562408758752492,0.046634664690368276,0.05378641043213751,0.02982618540162505
iaml_super_41146,28,logei,native,standard,12,none,nan,190,0,0.0,0.0,,,0,0.13426819443702698,0.137604876621329,0.10015268366105787,0.11544295854067797,0.07861567759924694
iaml_super_41146,28,logei,native,standard,13,none,nan,190,0,0.0,0.0,,,0,0.13426819443702698,0.12054741118392268,0.08580763813108988,0.0985617525747479,0.06405375270795761
iaml_super_41146,28,logei,native,standard,14,none,nan,190,0,0.0,0.0,,,0,0.13426819443702698,0.13472884687535522,0.09817178436444421,0.1122130344170654,0.05079163260730682
iaml_super_41146,28,logei,native,standard,15,none,nan,190,0,0.0,0.0,,,0,0.13426819443702698,0.17342670093886958,0.1302930315651128,0.14955617291232007,0.13321419568046833
iaml_super_41146,28,logei,native,standard,16,none,nan,190,0,0.0,0.0,,,0,0.1538647562265396,0.059785042124787496,0.04504131110334725,0.051972113565249674,0.01822710094304646
iaml_super_41146,28,logei,native,standard,17,none,nan,190,0,0.0,0.0,,,0,0.1538647562265396,0.06770615758766906,0.04801850533984593,0.055228211706540714,0.021106501525536853
iaml_super_41146,28,logei,native,standard,18,none,nan,190,0,0.0,0.0,,,0,0.1538647562265396,0.08556984182990081,0.06129509898211308,0.07067298552176438,0.030185445540271534
iaml_super_41146,28,logei,native,standard,19,none,nan,190,0,0.0,0.0,,,0,0.13426819443702698,0.09356794055272744,0.06647153904409162,0.0762366863482747,0.03966506505604211
iaml_super_41146,28,logei,native,standard,20,none,nan,190,0,0.0,0.0,,,0,0.1579601764678955,0.08580330316231118,0.06075575049218055,0.07000874135340658,0.03998418943801392
iaml_super_41146,28,logei,native,standard,21,none,nan,190,0,0.0,0.0,,,0,0.13426819443702698,0.08593000417567127,0.06287708301319497,0.07251632639088462,0.057306652035352366
iaml_super_41146,28,logei,native,standard,22,none,nan,190,0,0.0,0.0,,,0,0.15428321063518524,0.06050199918955557,0.04275927510960979,0.049387382082140545,0.038934970871784096
iaml_super_41146,28,logei,native,standard,23,none,nan,190,0,0.0,0.0,,,0,0.13426819443702698,0.07903387162471755,0.055258671157410164,0.06320945480381687,0.0453111540033204
iaml_super_41146,28,logei,native,standard,24,none,nan,190,0,0.0,0.0,,,0,0.13426819443702698,0.09591268905452406,0.0695982064406128,0.07988464625206432,0.06549825841498602
iaml_super_41146,28,logei,native,standard,25,none,nan,190,0,0.0,0.0,,,0,0.13426819443702698,0.06343093023030005,0.04452709282501249,0.051069807796143146,0.038535242844683515
iaml_super_41146,28,logei,native,standard,26,none,nan,190,0,0.0,0.0,,,0,0.1538647562265396,0.06035094578479319,0.045750526978926884,0.052909036352718396,0.047523263313107335
iaml_super_41146,28,logei,native,standard,27,none,nan,190,0,0.0,0.0,,,0,0.13426819443702698,0.07184296630837453,0.05231047675426864,0.059833560939409676,0.023876440046478212
iaml_super_41146,28,logei,native,standard,28,none,nan,190,0,0.0,0.0,,,0,0.1538647562265396,0.0636936006055668,0.046123643980386035,0.052684009961646065,0.026076604980511092
iaml_super_41146,28,logei,native,standard,29,none,nan,190,0,0.0,0.0,,,0,0.15896748006343842,0.08806854173288066,0.06292497869217273,0.07246313721039468,0.022674959310622855
iaml_super_41146,28,logei,native,standard,30,none,nan,190,0,0.0,0.0,,,0,0.1538647562265396,0.06251302800312457,0.044480197681438606,0.051584735642090915,0.04519456655015831
iaml_super_41146,28,logei,native,standard,31,none,nan,190,0,0.0,0.0,,,0,0.13426819443702698,0.07554710199683964,0.056781931004810576,0.06533146602428781,0.02602305126882693
iaml_super_41146,28,logei,native,standard,32,none,nan,190,0,0.0,0.0,,,0,0.1538647562265396,0.06877727689393172,0.04933713036515412,0.05738892992075216,0.03432248976116488
iaml_super_41146,28,logei,native,standard,33,none,nan,190,0,0.0,0.0,,,0,0.1538647562265396,0.07609707394117886,0.05594900928035704,0.06461157430961612,0.04240418989356126
iaml_super_41146,28,logei,native,standard,34,none,nan,190,0,0.0,0.0,,,0,0.1538647562265396,0.13210405669968744,0.09410694166454311,0.1079372522416861,0.06057027042559906
iaml_super_41146,28,logei,native,standard,5,none,nan,190,0,0.0,0.0,,,0,0.1538647562265396,0.06232655558798554,0.046621838979182886,0.05335838914296887,0.029495731978215457
iaml_super_41146,28,logei,native,standard,6,none,nan,190,0,0.0,0.0,,,0,0.1538647562265396,0.06510421494200407,0.04655260764601364,0.0538824887055903,0.040405021439974056
iaml_super_41146,28,logei,native,standard,7,none,nan,190,0,0.0,0.0,,,0,0.13426819443702698,0.14577745867778844,0.10575146652892113,0.12084193436744449,0.1025850227519499
iaml_super_41146,28,logei,native,standard,8,none,nan,190,0,0.0,0.0,,,0,0.15428321063518524,0.06734697175853757,0.048839999349426066,0.05618161451612318,0.04173484809070792
iaml_super_41146,28,logei,native,standard,9,none,nan,190,0,0.0,0.0,,,0,0.1538647562265396,0.12876705094484203,0.09511388349332148,0.10846271624932269,0.07224497271976986
iaml_super_41146,28,mes_gumbel,native,decay_uniform_a1,10,uniform,1.0,190,10,13.73411192945665,0.05263157894736842,1,152,17,0.13426819443702698,0.10962198313650373,0.07675733871425267,0.08778016488058199,0.07173858803266016
iaml_super_41146,28,mes_gumbel,native,decay_uniform_a1,11,uniform,1.0,190,17,13.73411192945665,0.08947368421052632,5,185,30,0.13426819443702698,0.09611983441122837,0.06828060872495288,0.07791538958528661,0.07856916613188433
iaml_super_41146,28,mes_gumbel,native,decay_uniform_a1,12,uniform,1.0,190,20,13.73411192945665,0.10526315789473684,2,135,30,0.13426819443702698,0.12897514102977,0.08993892893861728,0.1030089924974596,0.09737221631825428
iaml_super_41146,28,mes_gumbel,native,decay_uniform_a1,13,uniform,1.0,190,10,13.73411192945665,0.05263157894736842,1,185,15,0.13426819443702698,0.12385455966752618,0.0900899057772944,0.1023670656898142,0.11862320257844897
iaml_super_41146,28,mes_gumbel,native,decay_uniform_a1,14,uniform,1.0,190,11,13.73411192945665,0.05789473684210526,4,167,20,0.13426819443702698,0.10784939277129146,0.07763636856904574,0.08919490042572284,0.07179485381865662
iaml_super_41146,28,mes_gumbel,native,decay_uniform_a1,15,uniform,1.0,190,14,13.73411192945665,0.07368421052631578,1,189,27,0.13426819443702698,0.14007104460971953,0.09998189297013498,0.11386149434839028,0.10473037618147989
iaml_super_41146,28,mes_gumbel,native,decay_uniform_a1,16,uniform,1.0,190,17,13.73411192945665,0.08947368421052632,3,175,30,0.13426819443702698,0.08204002437617143,0.056889780108083106,0.06534660102414605,0.05203608208236309
iaml_super_41146,28,mes_gumbel,native,decay_uniform_a1,17,uniform,1.0,190,21,13.73411192945665,0.11052631578947368,1,190,32,0.13426819443702698,0.11452997323963665,0.08596844565233633,0.09796924455628142,0.08529642904454168
iaml_super_41146,28,mes_gumbel,native,decay_uniform_a1,18,uniform,1.0,190,13,13.73411192945665,0.06842105263157895,1,134,23,0.13426819443702698,0.10753577664988888,0.0784852935437941,0.08919978786821714,0.0955044759591922
iaml_super_41146,28,mes_gumbel,native,decay_uniform_a1,19,uniform,1.0,190,15,13.73411192945665,0.07894736842105263,2,180,30,0.13426819443702698,0.10609223608791854,0.07616346414069819,0.08755817427463942,0.08571458024867638
iaml_super_41146,28,mes_gumbel,native,decay_uniform_a1,20,uniform,1.0,190,12,13.73411192945665,0.06315789473684211,3,181,18,0.15428321063518524,0.11476450510546973,0.08350878762361898,0.09482891537622926,0.10302643549912156
iaml_super_41146,28,mes_gumbel,native,decay_uniform_a1,21,uniform,1.0,190,21,13.73411192945665,0.11052631578947368,1,167,35,0.13426819443702698,0.0731790468816828,0.0523207761347671,0.06035385736285729,0.05703348828838276
iaml_super_41146,28,mes_gumbel,native,decay_uniform_a1,22,uniform,1.0,190,11,13.73411192945665,0.05789473684210526,8,181,22,0.15428321063518524,0.0682944332770467,0.049814233912694246,0.05722806484180046,0.059432261622280824
iaml_super_41146,28,mes_gumbel,native,decay_uniform_a1,23,uniform,1.0,190,16,13.73411192945665,0.08421052631578947,6,159,26,0.1531825065612793,0.07470231035827321,0.05441157174745506,0.06294021223122805,0.05720792860114608
iaml_super_41146,28,mes_gumbel,native,decay_uniform_a1,24,uniform,1.0,190,11,13.73411192945665,0.05789473684210526,1,167,19,0.13426819443702698,0.0681290684718871,0.04959622679637806,0.057180858064433404,0.06649452364856577
iaml_super_41146,28,mes_gumbel,native,decay_uniform_a1,25,uniform,1.0,190,19,13.73411192945665,0.1,1,132,29,0.13426819443702698,0.14803017504642227,0.11124838430744927,0.1262819290919009,0.12928879673590182
iaml_super_41146,28,mes_gumbel,native,decay_uniform_a1,26,uniform,1.0,190,9,13.73411192945665,0.04736842105263158,2,128,16,0.13426819443702698,0.08315673451969724,0.05986195019122662,0.069241217353492,0.06185306140338391
iaml_super_41146,28,mes_gumbel,native,decay_uniform_a1,27,uniform,1.0,190,13,13.73411192945665,0.06842105263157895,2,149,20,0.13426819443702698,0.11900489913159089,0.07964579783871281,0.09126495436557619,0.08575608831563584
iaml_super_41146,28,mes_gumbel,native,decay_uniform_a1,28,uniform,1.0,190,18,13.73411192945665,0.09473684210526316,1,169,29,0.13426819443702698,0.10086443230323033,0.07233197099642996,0.0828276690884714,0.06634537687665742
iaml_super_41146,28,mes_gumbel,native,decay_uniform_a1,29,uniform,1.0,190,11,13.73411192945665,0.05789473684210526,2,152,18,0.13426819443702698,0.122117007507822,0.09042169809545195,0.10336341739802553,0.11183656980055563
iaml_super_41146,28,mes_gumbel,native,decay_uniform_a1,30,uniform,1.0,190,9,13.73411192945665,0.04736842105263158,1,87,15,0.13426819443702698,0.12853440389651632,0.09054946647082993,0.10256122675636825,0.10494402785718586
iaml_super_41146,28,mes_gumbel,native,decay_uniform_a1,31,uniform,1.0,190,14,13.73411192945665,0.07368421052631578,2,188,26,0.15552711486816406,0.06706429037274529,0.05001851601332523,0.057958913438460886,0.04958858155158883
iaml_super_41146,28,mes_gumbel,native,decay_uniform_a1,32,uniform,1.0,190,13,13.73411192945665,0.06842105263157895,2,153,26,0.1538647562265396,0.07399322961974499,0.05444653866222908,0.0631066415130143,0.03514590817529964
iaml_super_41146,28,mes_gumbel,native,decay_uniform_a1,33,uniform,1.0,190,13,13.73411192945665,0.06842105263157895,1,165,19,0.13426819443702698,0.12742395341723142,0.09191477145524113,0.10512457996253172,0.10783604828211013
iaml_super_41146,28,mes_gumbel,native,decay_uniform_a1,34,uniform,1.0,190,12,13.73411192945665,0.06315789473684211,2,174,24,0.13426819443702698,0.10337591573405246,0.07670253912753278,0.08810704476149228,0.0892491950449425
iaml_super_41146,28,mes_gumbel,native,decay_uniform_a1,5,uniform,1.0,190,17,13.73411192945665,0.08947368421052632,1,187,29,0.13426819443702698,0.13008365900453267,0.09412033593791216,0.1077142465831732,0.13442136495912446
iaml_super_41146,28,mes_gumbel,native,decay_uniform_a1,6,uniform,1.0,190,18,13.73411192945665,0.09473684210526316,5,177,34,0.13426819443702698,0.08422329452200987,0.059953620269145566,0.06892499693094989,0.06842369768567803
iaml_super_41146,28,mes_gumbel,native,decay_uniform_a1,7,uniform,1.0,190,17,13.73411192945665,0.08947368421052632,2,177,26,0.15428321063518524,0.10710219358190524,0.0741789909591267,0.08510186823551909,0.09643366141032685
iaml_super_41146,28,mes_gumbel,native,decay_uniform_a1,8,uniform,1.0,190,11,13.73411192945665,0.05789473684210526,5,138,20,0.15428321063518524,0.09255492726405372,0.06597846690064368,0.07563085169834619,0.08905957748991356
iaml_super_41146,28,mes_gumbel,native,decay_uniform_a1,9,uniform,1.0,190,15,13.73411192945665,0.07894736842105263,1,189,27,0.1538647562265396,0.09161155075570204,0.06854069908524035,0.07890081407442819,0.07505186153364876
iaml_super_41146,28,mes_gumbel,native,decay_uniform_grid_a1_2,10,uniform,0.5,190,104,94.00724143492789,0.5473684210526316,1,190,100,0.13426819443702698,0.16661666806857148,0.12231926027668105,0.13855194075621366,0.10685448984299019
iaml_super_41146,28,mes_gumbel,native,decay_uniform_grid_a1_2,11,uniform,0.5,190,96,94.00724143492789,0.5052631578947369,2,188,88,0.13426819443702698,0.17592314483617105,0.12686036526599087,0.14370914432273849,0.17894587683985233
iaml_super_41146,28,mes_gumbel,native,decay_uniform_grid_a1_2,12,uniform,0.5,190,100,94.00724143492789,0.5263157894736842,1,189,69,0.13426819443702698,0.1757944539451587,0.12517191554017057,0.14195361867999745,0.2225337974825646
iaml_super_41146,28,mes_gumbel,native,decay_uniform_grid_a1_2,13,uniform,0.5,190,90,94.00724143492789,0.47368421052631576,1,189,87,0.13426819443702698,0.16584040787680546,0.12588700650669465,0.14343384026781822,0.19920039435149972
iaml_super_41146,28,mes_gumbel,native,decay_uniform_grid_a1_2,14,uniform,0.5,190,98,94.00724143492789,0.5157894736842106,2,189,90,0.13426819443702698,0.20125691349630995,0.14935364888961916,0.17043343553606263,0.21879724604104905
iaml_super_41146,28,mes_gumbel,native,decay_uniform_grid_a1_2,15,uniform,0.5,190,101,94.00724143492789,0.531578947368421,1,189,101,0.13426819443702698,0.16665941084529814,0.12694013045125613,0.14503346321713376,0.2157599036352678
iaml_super_41146,28,mes_gumbel,native,decay_uniform_grid_a1_2,16,uniform,0.5,190,83,94.00724143492789,0.4368421052631579,3,190,87,0.15448331832885742,0.1451821023837178,0.10556004602059543,0.12079247182324548,0.09052902151450544
iaml_super_41146,28,mes_gumbel,native,decay_uniform_grid_a1_2,17,uniform,0.5,190,96,94.00724143492789,0.5052631578947369,1,190,88,0.13426819443702698,0.16781085243130806,0.12482356638403813,0.14142803292881384,0.12051631441469415
iaml_super_41146,28,mes_gumbel,native,decay_uniform_grid_a1_2,18,uniform,0.5,190,92,94.00724143492789,0.4842105263157895,1,190,100,0.13426819443702698,0.16407628485045833,0.11776950096089753,0.13351390397047977,0.10980255869506315
iaml_super_41146,28,mes_gumbel,native,decay_uniform_grid_a1_2,19,uniform,0.5,190,84,94.00724143492789,0.4421052631578947,2,187,74,0.13426819443702698,0.1983381377892994,0.14950075928570494,0.16975552356262974,0.2241799750263646
iaml_super_41146,28,mes_gumbel,native,decay_uniform_grid_a1_2,20,uniform,0.5,190,89,94.00724143492789,0.46842105263157896,3,185,96,0.13626456260681152,0.18155264654964318,0.1317681708759028,0.14982713070568432,0.20089119674097897
iaml_super_41146,28,mes_gumbel,native,decay_uniform_grid_a1_2,21,uniform,0.5,190,99,94.00724143492789,0.5210526315789473,1,190,104,0.13426819443702698,0.16878146173858183,0.12242122639260966,0.1392853213154666,0.09738414569510101
iaml_super_41146,28,mes_gumbel,native,decay_uniform_grid_a1_2,22,uniform,0.5,190,89,94.00724143492789,0.46842105263157896,1,188,101,0.15428321063518524,0.1692150194931509,0.12636753505097936,0.14330551824781965,0.1766603526347441
iaml_super_41146,28,mes_gumbel,native,decay_uniform_grid_a1_2,23,uniform,0.5,190,101,94.00724143492789,0.531578947368421,2,188,94,0.13426819443702698,0.1665037767010195,0.11889520789935853,0.13493946325099138,0.18912272648464798
iaml_super_41146,28,mes_gumbel,native,decay_uniform_grid_a1_2,24,uniform,0.5,190,94,94.00724143492789,0.49473684210526314,1,190,94,0.13426819443702698,0.1688133318266339,0.12777658415064894,0.1457427980056345,0.12774978528071582
iaml_super_41146,28,mes_gumbel,native,decay_uniform_grid_a1_2,25,uniform,0.5,190,82,94.00724143492789,0.43157894736842106,1,185,95,0.13426819443702698,0.16691743159720207,0.12348884111433074,0.13989597680675794,0.21867157600643983
iaml_super_41146,28,mes_gumbel,native,decay_uniform_grid_a1_2,26,uniform,0.5,190,90,94.00724143492789,0.47368421052631576,2,187,82,0.13426819443702698,0.19366738977524148,0.13830868405155133,0.1564032984146433,0.2307602113177551
iaml_super_41146,28,mes_gumbel,native,decay_uniform_grid_a1_2,27,uniform,0.5,190,92,94.00724143492789,0.4842105263157895,2,190,89,0.13426819443702698,0.17065299717023036,0.11850545709687102,0.13514854053396597,0.10905841397814457
iaml_super_41146,28,mes_gumbel,native,decay_uniform_grid_a1_2,28,uniform,0.5,190,90,94.00724143492789,0.47368421052631576,1,187,85,0.13426819443702698,0.13389904854171072,0.09737805859870288,0.11122736385990438,0.11371903553927402
iaml_super_41146,28,mes_gumbel,native,decay_uniform_grid_a1_2,29,uniform,0.5,190,95,94.00724143492789,0.5,2,186,90,0.13426819443702698,0.17048941819313615,0.1250864628561263,0.14216812274653695,0.13739223609172282
iaml_super_41146,28,mes_gumbel,native,decay_uniform_grid_a1_2,30,uniform,0.5,190,92,94.00724143492789,0.4842105263157895,1,188,93,0.15428321063518524,0.16087653586371725,0.11712522992351454,0.13360352373608642,0.15915557966184368
iaml_super_41146,28,mes_gumbel,native,decay_uniform_grid_a1_2,31,uniform,0.5,190,84,94.00724143492789,0.4421052631578947,2,188,90,0.15552711486816406,0.16242001934699077,0.11787005267986689,0.134459067186148,0.18165769574054405
iaml_super_41146,28,mes_gumbel,native,decay_uniform_grid_a1_2,32,uniform,0.5,190,99,94.00724143492789,0.5210526315789473,2,190,89,0.13426819443702698,0.19712035772843267,0.138416300762937,0.15792809455217222,0.1372076855629571
iaml_super_41146,28,mes_gumbel,native,decay_uniform_grid_a1_2,33,uniform,0.5,190,82,94.00724143492789,0.43157894736842106,1,188,85,0.13426819443702698,0.18462346675904392,0.139756062977128,0.1583235913132682,0.21599010998568033
iaml_super_41146,28,mes_gumbel,native,decay_uniform_grid_a1_2,34,uniform,0.5,190,87,94.00724143492789,0.45789473684210524,2,189,106,0.15428321063518524,0.15310541191661375,0.11196305265256311,0.12700903989470805,0.17057292200424878
iaml_super_41146,28,mes_gumbel,native,decay_uniform_grid_a1_2,5,uniform,0.5,190,90,94.00724143492789,0.47368421052631576,1,189,97,0.13426819443702698,0.13883678091930293,0.10585330627074147,0.1207739777762059,0.14314649645584984
iaml_super_41146,28,mes_gumbel,native,decay_uniform_grid_a1_2,6,uniform,0.5,190,90,94.00724143492789,0.47368421052631576,2,188,94,0.13426819443702698,0.15090828308979765,0.11458496528860332,0.1300555211333204,0.19881037336306015
iaml_super_41146,28,mes_gumbel,native,decay_uniform_grid_a1_2,7,uniform,0.5,190,96,94.00724143492789,0.5052631578947369,1,190,94,0.13426819443702698,0.19286982956140103,0.1352446286952088,0.15275954195910554,0.1343390084751179
iaml_super_41146,28,mes_gumbel,native,decay_uniform_grid_a1_2,8,uniform,0.5,190,92,94.00724143492789,0.4842105263157895,1,184,91,0.13426819443702698,0.16142773698268237,0.12042274752164718,0.137350282481158,0.20895106162390414
iaml_super_41146,28,mes_gumbel,native,decay_uniform_grid_a1_2,9,uniform,0.5,190,85,94.00724143492789,0.4473684210526316,1,189,97,0.1342712938785553,0.17896966593214197,0.1340681142258242,0.15240298084078285,0.19249330018036576
iaml_super_41146,28,mes_gumbel,native,fixed_p020,10,uniform,nan,190,50,38.0,0.2631578947368421,1,190,74,0.13426819443702698,0.13392047240075175,0.09720234925470927,0.11029113697953735,0.09861987724117226
iaml_super_41146,28,mes_gumbel,native,fixed_p020,11,uniform,nan,190,38,38.0,0.2,11,188,60,0.13426819443702698,0.15024888157627728,0.11094083147413622,0.1259744159721861,0.14870123736218668
iaml_super_41146,28,mes_gumbel,native,fixed_p020,12,uniform,nan,190,45,38.0,0.23684210526315788,6,186,68,0.13426819443702698,0.13269999798050722,0.09582207590019343,0.10946873818536604,0.13448322327451154
iaml_super_41146,28,mes_gumbel,native,fixed_p020,13,uniform,nan,190,39,38.0,0.20526315789473684,1,185,61,0.13426819443702698,0.13040693255516494,0.09383409829172862,0.107031635468914,0.16359904117565768
iaml_super_41146,28,mes_gumbel,native,fixed_p020,14,uniform,nan,190,42,38.0,0.22105263157894736,4,184,68,0.13426819443702698,0.16444607069906605,0.1205674316061236,0.13738520382327216,0.15863943789247734
iaml_super_41146,28,mes_gumbel,native,fixed_p020,15,uniform,nan,190,42,38.0,0.22105263157894736,1,189,59,0.13426819443702698,0.1412569214262528,0.10886620704046085,0.12482920575649502,0.1503231756596096
iaml_super_41146,28,mes_gumbel,native,fixed_p020,16,uniform,nan,190,33,38.0,0.1736842105263158,3,175,48,0.13426819443702698,0.11144105006194714,0.07895270422461667,0.09063936643482723,0.08954459215328853
iaml_super_41146,28,mes_gumbel,native,fixed_p020,17,uniform,nan,190,44,38.0,0.23157894736842105,2,190,75,0.13426819443702698,0.13176050046475654,0.10080556366656582,0.11365664207772624,0.0954174022639108
iaml_super_41146,28,mes_gumbel,native,fixed_p020,18,uniform,nan,190,41,38.0,0.21578947368421053,4,190,67,0.13426819443702698,0.1352434196022968,0.09738398895727629,0.11020286926764288,0.10900605100082689
iaml_super_41146,28,mes_gumbel,native,fixed_p020,19,uniform,nan,190,40,38.0,0.21052631578947367,9,187,58,0.13426819443702698,0.16678879581640046,0.12103791417251678,0.1380062754155878,0.17857795883310698
iaml_super_41146,28,mes_gumbel,native,fixed_p020,20,uniform,nan,190,32,38.0,0.16842105263157894,3,185,50,0.13426819443702698,0.14710320267856453,0.10487249716576674,0.11900365334109932,0.15151101607272094
iaml_super_41146,28,mes_gumbel,native,fixed_p020,21,uniform,nan,190,49,38.0,0.2578947368421053,15,188,70,0.13426819443702698,0.13482047769343353,0.09833672747812831,0.11291819347520139,0.1476178195609616
iaml_super_41146,28,mes_gumbel,native,fixed_p020,22,uniform,nan,190,38,38.0,0.2,14,187,64,0.15896748006343842,0.12116142615110133,0.09113744317363913,0.10402180721763661,0.14166931735346003
iaml_super_41146,28,mes_gumbel,native,fixed_p020,23,uniform,nan,190,42,38.0,0.22105263157894736,6,188,62,0.1524062156677246,0.1185531506900235,0.08325280063479679,0.09516827467712205,0.11006111949296961
iaml_super_41146,28,mes_gumbel,native,fixed_p020,24,uniform,nan,190,41,38.0,0.21578947368421053,4,190,65,0.13426819443702698,0.11789111690567551,0.08267666769715243,0.09481264222341752,0.08081343960561199
iaml_super_41146,28,mes_gumbel,native,fixed_p020,25,uniform,nan,190,38,38.0,0.2,1,185,65,0.13426819443702698,0.1657571917972976,0.12239404962946801,0.13841014253121103,0.1542410470721019
iaml_super_41146,28,mes_gumbel,native,fixed_p020,26,uniform,nan,190,37,38.0,0.19473684210526315,2,187,56,0.13426819443702698,0.11774646030879544,0.08683839874636057,0.09873055575115816,0.12882829975783097
iaml_super_41146,28,mes_gumbel,native,fixed_p020,27,uniform,nan,190,28,38.0,0.14736842105263157,6,182,48,0.13426819443702698,0.13400669202861082,0.09358501314493639,0.1062831946155096,0.1333981805088346
iaml_super_41146,28,mes_gumbel,native,fixed_p020,28,uniform,nan,190,37,38.0,0.19473684210526315,5,177,58,0.13426819443702698,0.12056240776954442,0.0869313830320019,0.09940197972839795,0.10412356350041015
iaml_super_41146,28,mes_gumbel,native,fixed_p020,29,uniform,nan,190,45,38.0,0.23684210526315788,2,186,66,0.13426819443702698,0.1507365490698536,0.10879737083094429,0.12469116955866458,0.16059363681910785
iaml_super_41146,28,mes_gumbel,native,fixed_p020,30,uniform,nan,190,38,38.0,0.2,14,188,54,0.13426819443702698,0.1426397516726204,0.1034400549694489,0.11751899511922549,0.15364646503209894
iaml_super_41146,28,mes_gumbel,native,fixed_p020,31,uniform,nan,190,30,38.0,0.15789473684210525,2,188,46,0.15428321063518524,0.07967928772355792,0.05931427529402953,0.06819978647507495,0.07327407755841864
iaml_super_41146,28,mes_gumbel,native,fixed_p020,32,uniform,nan,190,45,38.0,0.23684210526315788,4,189,60,0.13426819443702698,0.1069899504655493,0.07436940551854015,0.08491566733618162,0.10189423011702181
iaml_super_41146,28,mes_gumbel,native,fixed_p020,33,uniform,nan,190,34,38.0,0.17894736842105263,1,188,55,0.13426819443702698,0.14658542667326713,0.10679393583171157,0.12116355045115743,0.15436860257029328
iaml_super_41146,28,mes_gumbel,native,fixed_p020,34,uniform,nan,190,32,38.0,0.16842105263157894,4,189,56,0.13426819443702698,0.12182755574621947,0.09060803936539003,0.10381596925154517,0.11905640810739582
iaml_super_41146,28,mes_gumbel,native,fixed_p020,5,uniform,nan,190,28,38.0,0.14736842105263157,2,187,50,0.13426819443702698,0.13762708264089002,0.09747469879436105,0.11098057329019227,0.1025518041983648
iaml_super_41146,28,mes_gumbel,native,fixed_p020,6,uniform,nan,190,49,38.0,0.2578947368421053,9,188,66,0.13426819443702698,0.130997990882641,0.0987220460030703,0.11141365409726832,0.15301120572575924
iaml_super_41146,28,mes_gumbel,native,fixed_p020,7,uniform,nan,190,42,38.0,0.22105263157894736,2,180,70,0.15428321063518524,0.1312981365700155,0.09313724197015365,0.10526675512709657,0.1467235267362762
iaml_super_41146,28,mes_gumbel,native,fixed_p020,8,uniform,nan,190,40,38.0,0.21052631578947367,5,183,68,0.15734565258026123,0.10799158529198398,0.07725089478713201,0.08864377796537341,0.10423974253270255
iaml_super_41146,28,mes_gumbel,native,fixed_p020,9,uniform,nan,190,34,38.0,0.17894736842105263,8,189,60,0.13426819443702698,0.12953650930411412,0.09709630197236362,0.110830629273884,0.13164326429651513
iaml_super_41146,28,mes_gumbel,native,standard,10,none,nan,190,0,0.0,0.0,,,0,0.13426819443702698,0.10436861184372366,0.06906520439789432,0.07845892156345295,0.05590380425132626
iaml_super_41146,28,mes_gumbel,native,standard,11,none,nan,190,0,0.0,0.0,,,0,0.13426819443702698,0.06299211604761593,0.045339399764212,0.05196054622303377,0.043166441547941435
iaml_super_41146,28,mes_gumbel,native,standard,12,none,nan,190,0,0.0,0.0,,,0,0.13426819443702698,0.06932566128723515,0.048830070643537116,0.05598287780480924,0.03645300154658267
iaml_super_41146,28,mes_gumbel,native,standard,13,none,nan,190,0,0.0,0.0,,,0,0.13426819443702698,0.12734006722806374,0.0881663337660134,0.10001506197817149,0.0922729166663938
iaml_super_41146,28,mes_gumbel,native,standard,14,none,nan,190,0,0.0,0.0,,,0,0.13426819443702698,0.11111551598670512,0.08188577700394412,0.09316162845753878,0.090210093407925
iaml_super_41146,28,mes_gumbel,native,standard,15,none,nan,190,0,0.0,0.0,,,0,0.13426819443702698,0.09589403228254854,0.0720473168329162,0.08238184535637581,0.05758988893536964
iaml_super_41146,28,mes_gumbel,native,standard,16,none,nan,190,0,0.0,0.0,,,0,0.15428321063518524,0.057739104469338984,0.0427353248043208,0.048906436502693024,0.029114169111737063
iaml_super_41146,28,mes_gumbel,native,standard,17,none,nan,190,0,0.0,0.0,,,0,0.13426819443702698,0.09690709261341425,0.06674865880260046,0.0755118387509645,0.07046448480180177
iaml_super_41146,28,mes_gumbel,native,standard,18,none,nan,190,0,0.0,0.0,,,0,0.13426819443702698,0.07589088174907807,0.05668618641958185,0.06483702716054228,0.03564912869284764
iaml_super_41146,28,mes_gumbel,native,standard,19,none,nan,190,0,0.0,0.0,,,0,0.13426819443702698,0.10840568031712552,0.07621294469722197,0.08659646232428285,0.0515907429492496
iaml_super_41146,28,mes_gumbel,native,standard,20,none,nan,190,0,0.0,0.0,,,0,0.13426819443702698,0.10434548997114369,0.07166927615715724,0.08226584226818107,0.048416414130210285
iaml_super_41146,28,mes_gumbel,native,standard,21,none,nan,190,0,0.0,0.0,,,0,0.13426819443702698,0.0725566254912066,0.052756068161480554,0.0607288644556531,0.033663717381659894
iaml_super_41146,28,mes_gumbel,native,standard,22,none,nan,190,0,0.0,0.0,,,0,0.15428321063518524,0.057608071845649665,0.041281779969971906,0.04753925076141947,0.04273692808880322
iaml_super_41146,28,mes_gumbel,native,standard,23,none,nan,190,0,0.0,0.0,,,0,0.13426819443702698,0.11251352818001911,0.08364244110341339,0.0955710699026002,0.10127226642805806
iaml_super_41146,28,mes_gumbel,native,standard,24,none,nan,190,0,0.0,0.0,,,0,0.1538647562265396,0.06202028549135361,0.04499109274085027,0.051534094491782645,0.03591405817265058
iaml_super_41146,28,mes_gumbel,native,standard,25,none,nan,190,0,0.0,0.0,,,0,0.13426819443702698,0.062205814653568114,0.04504821084093742,0.05155588705183719,0.036453433785144915
iaml_super_41146,28,mes_gumbel,native,standard,26,none,nan,190,0,0.0,0.0,,,0,0.13426819443702698,0.0653979473825658,0.04663267355270097,0.05355289701453632,0.036874248360608756
iaml_super_41146,28,mes_gumbel,native,standard,27,none,nan,190,0,0.0,0.0,,,0,0.13426819443702698,0.0824006940871957,0.06040322431725557,0.06906121083412874,0.04848750285540423
iaml_super_41146,28,mes_gumbel,native,standard,28,none,nan,190,0,0.0,0.0,,,0,0.1538647562265396,0.06087241015464447,0.04467355314394024,0.05113088566138182,0.03534615873052562
iaml_super_41146,28,mes_gumbel,native,standard,29,none,nan,190,0,0.0,0.0,,,0,0.13426819443702698,0.09092346669206487,0.0654253679167488,0.07495515223445166,0.05262088329874431
iaml_super_41146,28,mes_gumbel,native,standard,30,none,nan,190,0,0.0,0.0,,,0,0.13426819443702698,0.09870320742630806,0.07174365319724868,0.08198989150365209,0.07033486351081715
iaml_super_41146,28,mes_gumbel,native,standard,31,none,nan,190,0,0.0,0.0,,,0,0.1538647562265396,0.06341797249154162,0.047358247944093046,0.05429212689938088,0.03728285099188068
iaml_super_41146,28,mes_gumbel,native,standard,32,none,nan,190,0,0.0,0.0,,,0,0.13426819443702698,0.06691692790612935,0.04940625881654363,0.0569733867967186,0.041281319377428724
iaml_super_41146,28,mes_gumbel,native,standard,33,none,nan,190,0,0.0,0.0,,,0,0.13426819443702698,0.07727044710493687,0.05619119396031973,0.06476044088896009,0.036273392617053514
iaml_super_41146,28,mes_gumbel,native,standard,34,none,nan,190,0,0.0,0.0,,,0,0.13426819443702698,0.09228639072195349,0.06902936808064056,0.07812896772655553,0.049384394394154645
iaml_super_41146,28,mes_gumbel,native,standard,5,none,nan,190,0,0.0,0.0,,,0,0.13426819443702698,0.1096362960657275,0.0805020465826721,0.09185121102899046,0.059347154015831044
iaml_super_41146,28,mes_gumbel,native,standard,6,none,nan,190,0,0.0,0.0,,,0,0.1538647562265396,0.06359264481067825,0.04658109127070188,0.05391296569610225,0.032340275513931906
iaml_super_41146,28,mes_gumbel,native,standard,7,none,nan,190,0,0.0,0.0,,,0,0.13426819443702698,0.1272508275451028,0.09481356670485919,0.10735936198266956,0.11760850469289111
iaml_super_41146,28,mes_gumbel,native,standard,8,none,nan,190,0,0.0,0.0,,,0,0.13426819443702698,0.09286248405245458,0.06822801514864102,0.07805906807873798,0.0772413390492998
iaml_super_41146,28,mes_gumbel,native,standard,9,none,nan,190,0,0.0,0.0,,,0,0.13426819443702698,0.08342043500205425,0.06146478823441625,0.07009514576792392,0.032265054665897366
iaml_super_41146,28,ts,logarithmic,decay_uniform_a1,10,uniform,1.0,190,10,13.73411192945665,0.05263157894736842,1,152,17,0.14633609354496002,0.13798406930567925,0.0993671676701802,0.1139914297662326,0.10529780577343403
iaml_super_41146,28,ts,logarithmic,decay_uniform_a1,11,uniform,1.0,190,17,13.73411192945665,0.08947368421052632,5,185,30,0.13426819443702698,0.18392697203533181,0.1306354869542976,0.14862036760772715,0.1423568620237644
iaml_super_41146,28,ts,logarithmic,decay_uniform_a1,12,uniform,1.0,190,20,13.73411192945665,0.10526315789473684,2,135,30,0.1590414047241211,0.15541680200041721,0.11719711852415204,0.1343105213607707,0.131828497978652
iaml_super_41146,28,ts,logarithmic,decay_uniform_a1,13,uniform,1.0,190,10,13.73411192945665,0.05263157894736842,1,185,15,0.13530611991882324,0.13074509012727736,0.093445574027793,0.107578987910103,0.10932056769235005
iaml_super_41146,28,ts,logarithmic,decay_uniform_a1,14,uniform,1.0,190,11,13.73411192945665,0.05789473684210526,4,167,20,0.15658359229564667,0.1288580072178026,0.09380723393630502,0.10870503526916911,0.11733619336357992
iaml_super_41146,28,ts,logarithmic,decay_uniform_a1,15,uniform,1.0,190,14,13.73411192945665,0.07368421052631578,1,189,27,0.13426819443702698,0.16972346599618865,0.12633157848746512,0.1444154246107699,0.12839515280316535
iaml_super_41146,28,ts,logarithmic,decay_uniform_a1,16,uniform,1.0,190,17,13.73411192945665,0.08947368421052632,3,175,30,0.13426819443702698,0.14234200199335406,0.10529973545364986,0.12068663505312753,0.12251532962869185
iaml_super_41146,28,ts,logarithmic,decay_uniform_a1,17,uniform,1.0,190,21,13.73411192945665,0.11052631578947368,1,190,32,0.17112693190574646,0.14036050544291773,0.10375988930044241,0.11764783628806992,0.11620377981399395
iaml_super_41146,28,ts,logarithmic,decay_uniform_a1,18,uniform,1.0,190,13,13.73411192945665,0.06842105263157895,1,134,23,0.15812253952026367,0.14223202501969373,0.10106561104083372,0.11601565981484152,0.11395980501847154
iaml_super_41146,28,ts,logarithmic,decay_uniform_a1,19,uniform,1.0,190,15,13.73411192945665,0.07894736842105263,2,180,30,0.143856942653656,0.15753474296476397,0.11643214247179556,0.1329092523848967,0.12841206842941646
iaml_super_41146,28,ts,logarithmic,decay_uniform_a1,20,uniform,1.0,190,12,13.73411192945665,0.06315789473684211,3,181,18,0.1659264713525772,0.1545061197960475,0.11307384552353021,0.1290280703076911,0.12301914402456161
iaml_super_41146,28,ts,logarithmic,decay_uniform_a1,21,uniform,1.0,190,21,13.73411192945665,0.11052631578947368,1,167,35,0.13426819443702698,0.11865683824462574,0.0851807962122437,0.09815148243911792,0.09254848727628723
iaml_super_41146,28,ts,logarithmic,decay_uniform_a1,22,uniform,1.0,190,11,13.73411192945665,0.05789473684210526,8,181,22,0.17720015347003937,0.13356422759039296,0.0970531719432692,0.11196027931695253,0.09693300505174866
iaml_super_41146,28,ts,logarithmic,decay_uniform_a1,23,uniform,1.0,190,16,13.73411192945665,0.08421052631578947,6,159,26,0.13427190482616425,0.12445606865059544,0.08848362498249877,0.10185230526514441,0.08823599418490609
iaml_super_41146,28,ts,logarithmic,decay_uniform_a1,24,uniform,1.0,190,11,13.73411192945665,0.05789473684210526,1,167,19,0.1342712938785553,0.10968406145511529,0.0795434173897295,0.09197283479388091,0.06327903679433258
iaml_super_41146,28,ts,logarithmic,decay_uniform_a1,25,uniform,1.0,190,19,13.73411192945665,0.1,1,132,29,0.13428303599357605,0.17546212872502143,0.12695957314798886,0.14511114080463602,0.11556815084113058
iaml_super_41146,28,ts,logarithmic,decay_uniform_a1,26,uniform,1.0,190,9,13.73411192945665,0.04736842105263158,2,128,16,0.13426819443702698,0.1563095257368952,0.1129960488634233,0.128501470655675,0.13497410676299368
iaml_super_41146,28,ts,logarithmic,decay_uniform_a1,27,uniform,1.0,190,13,13.73411192945665,0.06842105263157895,2,149,20,0.13426819443702698,0.12693678093552652,0.08012523674583175,0.09253682378786655,0.0796997459544652
iaml_super_41146,28,ts,logarithmic,decay_uniform_a1,28,uniform,1.0,190,18,13.73411192945665,0.09473684210526316,1,169,29,0.14058946073055267,0.13612025830571178,0.09744292298849086,0.11183525132525106,0.09371305900607357
iaml_super_41146,28,ts,logarithmic,decay_uniform_a1,29,uniform,1.0,190,11,13.73411192945665,0.05789473684210526,2,152,18,0.17265257239341736,0.1348682377617009,0.09479869788216946,0.10909461125469487,0.08688363426309538
iaml_super_41146,28,ts,logarithmic,decay_uniform_a1,30,uniform,1.0,190,9,13.73411192945665,0.04736842105263158,1,87,15,0.13427777588367462,0.14822579672187358,0.10732699045976674,0.12335618651272662,0.11359671718193431
iaml_super_41146,28,ts,logarithmic,decay_uniform_a1,31,uniform,1.0,190,14,13.73411192945665,0.07368421052631578,2,188,26,0.14393116533756256,0.11224022553588683,0.08047688710910693,0.09358908366355125,0.08504796512653144
iaml_super_41146,28,ts,logarithmic,decay_uniform_a1,32,uniform,1.0,190,13,13.73411192945665,0.06842105263157895,2,153,26,0.13426819443702698,0.1619470166590805,0.12069953712120615,0.13851166734847029,0.10894627506173764
iaml_super_41146,28,ts,logarithmic,decay_uniform_a1,33,uniform,1.0,190,13,13.73411192945665,0.06842105263157895,1,165,19,0.13426819443702698,0.14864968840825551,0.1058239888275283,0.12059607158244502,0.10834131453805777
iaml_super_41146,28,ts,logarithmic,decay_uniform_a1,34,uniform,1.0,190,12,13.73411192945665,0.06315789473684211,2,174,24,0.13476550579071045,0.13843465536372765,0.09961564978563037,0.11435536551214097,0.11030002597089164
iaml_super_41146,28,ts,logarithmic,decay_uniform_a1,5,uniform,1.0,190,17,13.73411192945665,0.08947368421052632,1,187,29,0.14744237065315247,0.1454197049748325,0.10871480561141408,0.1245646155391193,0.11950541844676821
iaml_super_41146,28,ts,logarithmic,decay_uniform_a1,6,uniform,1.0,190,18,13.73411192945665,0.09473684210526316,5,177,34,0.13426819443702698,0.17103745398359116,0.12917676984263893,0.14738426749681333,0.1334202985901672
iaml_super_41146,28,ts,logarithmic,decay_uniform_a1,7,uniform,1.0,190,17,13.73411192945665,0.08947368421052632,2,177,26,0.14540177583694458,0.13621588660240327,0.10038372502815113,0.11433410900791223,0.11118043007100946
iaml_super_41146,28,ts,logarithmic,decay_uniform_a1,8,uniform,1.0,190,11,13.73411192945665,0.05789473684210526,5,138,20,0.1342712938785553,0.12619550284560685,0.09097321217576787,0.10475507911481849,0.10376069157999544
iaml_super_41146,28,ts,logarithmic,decay_uniform_a1,9,uniform,1.0,190,15,13.73411192945665,0.07894736842105263,1,189,27,0.14031946659088135,0.13405524242167946,0.09800010169082712,0.11284785492378233,0.11990704165393262
iaml_super_41146,28,ts,logarithmic,decay_uniform_grid_a1_2,10,uniform,0.5,190,104,94.00724143492789,0.5473684210526316,1,190,100,0.13426819443702698,0.15379750941504267,0.11180212457005889,0.12707874326173893,0.09103947498316733
iaml_super_41146,28,ts,logarithmic,decay_uniform_grid_a1_2,11,uniform,0.5,190,96,94.00724143492789,0.5052631578947369,2,188,88,0.13426819443702698,0.19397582439093372,0.1388620638314162,0.15840380588265102,0.14195089115416964
iaml_super_41146,28,ts,logarithmic,decay_uniform_grid_a1_2,12,uniform,0.5,190,100,94.00724143492789,0.5263157894736842,1,189,69,0.13426882028579712,0.15662445027485736,0.11612449334948663,0.1321746872364115,0.11852413689128426
iaml_super_41146,28,ts,logarithmic,decay_uniform_grid_a1_2,13,uniform,0.5,190,90,94.00724143492789,0.47368421052631576,1,189,87,0.13426819443702698,0.14848431555315997,0.11033277997123346,0.12535668044069978,0.11781079217528496
iaml_super_41146,28,ts,logarithmic,decay_uniform_grid_a1_2,14,uniform,0.5,190,98,94.00724143492789,0.5157894736842106,2,189,90,0.13621754944324493,0.1730297402249611,0.13017693275502318,0.14984154384434212,0.13361185693633915
iaml_super_41146,28,ts,logarithmic,decay_uniform_grid_a1_2,15,uniform,0.5,190,101,94.00724143492789,0.531578947368421,1,189,101,0.13746732473373413,0.17346041427424097,0.12673439456556557,0.14492511382492917,0.13323628104933385
iaml_super_41146,28,ts,logarithmic,decay_uniform_grid_a1_2,16,uniform,0.5,190,83,94.00724143492789,0.4368421052631579,3,190,87,0.13427190482616425,0.1561988375243267,0.11647052096070332,0.13317162444314973,0.10873233250546076
iaml_super_41146,28,ts,logarithmic,decay_uniform_grid_a1_2,17,uniform,0.5,190,96,94.00724143492789,0.5052631578947369,1,190,88,0.16272547841072083,0.17130300912743918,0.12588325921657767,0.14341537143296196,0.12075557623160964
iaml_super_41146,28,ts,logarithmic,decay_uniform_grid_a1_2,18,uniform,0.5,190,92,94.00724143492789,0.4842105263157895,1,190,100,0.15812253952026367,0.1684263853613518,0.12495002493415874,0.1421640795971568,0.12202447560035257
iaml_super_41146,28,ts,logarithmic,decay_uniform_grid_a1_2,19,uniform,0.5,190,84,94.00724143492789,0.4421052631578947,2,187,74,0.13426974415779114,0.18499654724420522,0.1383653817505539,0.15775344319666845,0.14451102610891073
iaml_super_41146,28,ts,logarithmic,decay_uniform_grid_a1_2,20,uniform,0.5,190,89,94.00724143492789,0.46842105263157896,3,185,96,0.13427066802978516,0.16853092225145558,0.12108720989153057,0.13863518449082995,0.13318268789439394
iaml_super_41146,28,ts,logarithmic,decay_uniform_grid_a1_2,21,uniform,0.5,190,99,94.00724143492789,0.5210526315789473,1,190,104,0.13426819443702698,0.16527938313568363,0.11733174676244125,0.13438783017274702,0.09090798653872054
iaml_super_41146,28,ts,logarithmic,decay_uniform_grid_a1_2,22,uniform,0.5,190,89,94.00724143492789,0.46842105263157896,1,188,101,0.16824263334274292,0.1711002651413775,0.12507611505984548,0.1428023434411231,0.15053407521460396
iaml_super_41146,28,ts,logarithmic,decay_uniform_grid_a1_2,23,uniform,0.5,190,101,94.00724143492789,0.531578947368421,2,188,94,0.13426819443702698,0.16437162334012134,0.12042723258708335,0.13766581728953675,0.1482498301940317
iaml_super_41146,28,ts,logarithmic,decay_uniform_grid_a1_2,24,uniform,0.5,190,94,94.00724143492789,0.49473684210526314,1,190,94,0.13433746993541718,0.1677249243103873,0.12490838427671375,0.14275145020763338,0.12853673092330056
iaml_super_41146,28,ts,logarithmic,decay_uniform_grid_a1_2,25,uniform,0.5,190,82,94.00724143492789,0.43157894736842106,1,185,95,0.13428303599357605,0.1774949852413833,0.13259238976730472,0.15096688015385576,0.1391692881882148
iaml_super_41146,28,ts,logarithmic,decay_uniform_grid_a1_2,26,uniform,0.5,190,90,94.00724143492789,0.47368421052631576,2,187,82,0.13426819443702698,0.17906279208924827,0.12736459039418788,0.14542870849369915,0.11418565784374375
iaml_super_41146,28,ts,logarithmic,decay_uniform_grid_a1_2,27,uniform,0.5,190,92,94.00724143492789,0.4842105263157895,2,190,89,0.13426819443702698,0.18065589379762867,0.1203294218745058,0.13800351782666498,0.11345752884080625
iaml_super_41146,28,ts,logarithmic,decay_uniform_grid_a1_2,28,uniform,0.5,190,90,94.00724143492789,0.47368421052631576,1,187,85,0.13426819443702698,0.1490000221194967,0.10349394812059237,0.1187831668392984,0.1137434108510682
iaml_super_41146,28,ts,logarithmic,decay_uniform_grid_a1_2,29,uniform,0.5,190,95,94.00724143492789,0.5,2,186,90,0.13426819443702698,0.16909593061518025,0.1233014445218915,0.14119575681908683,0.13317599354892537
iaml_super_41146,28,ts,logarithmic,decay_uniform_grid_a1_2,30,uniform,0.5,190,92,94.00724143492789,0.4842105263157895,1,188,93,0.13426819443702698,0.1603821480112111,0.11682243230673328,0.13349828174054618,0.11306959736189746
iaml_super_41146,28,ts,logarithmic,decay_uniform_grid_a1_2,31,uniform,0.5,190,84,94.00724143492789,0.4421052631578947,2,188,90,0.17536088824272156,0.16533473130439813,0.11690005627493946,0.13408975072141627,0.12069882544655612
iaml_super_41146,28,ts,logarithmic,decay_uniform_grid_a1_2,32,uniform,0.5,190,99,94.00724143492789,0.5210526315789473,2,190,89,0.13426819443702698,0.17682867685587483,0.1347493445199397,0.15467842103380913,0.12717239990174037
iaml_super_41146,28,ts,logarithmic,decay_uniform_grid_a1_2,33,uniform,0.5,190,82,94.00724143492789,0.43157894736842106,1,188,85,0.13426819443702698,0.17926370306845044,0.13162865423568404,0.15012750841373784,0.14294122095949985
iaml_super_41146,28,ts,logarithmic,decay_uniform_grid_a1_2,34,uniform,0.5,190,87,94.00724143492789,0.45789473684210524,2,189,106,0.13447540998458862,0.18207954818343008,0.12839895306672972,0.14601605313335683,0.15938955787712744
iaml_super_41146,28,ts,logarithmic,decay_uniform_grid_a1_2,5,uniform,0.5,190,90,94.00724143492789,0.47368421052631576,1,189,97,0.13426819443702698,0.1596309704662846,0.11847832646780267,0.13613400618322918,0.13844830407598585
iaml_super_41146,28,ts,logarithmic,decay_uniform_grid_a1_2,6,uniform,0.5,190,90,94.00724143492789,0.47368421052631576,2,188,94,0.13433128595352173,0.16770778738153497,0.12718690426649965,0.14454928911283405,0.11673029964137377
iaml_super_41146,28,ts,logarithmic,decay_uniform_grid_a1_2,7,uniform,0.5,190,96,94.00724143492789,0.5052631578947369,1,190,94,0.13426819443702698,0.17816869081426262,0.12109600623051471,0.13749889787842115,0.11375196756998046
iaml_super_41146,28,ts,logarithmic,decay_uniform_grid_a1_2,8,uniform,0.5,190,92,94.00724143492789,0.4842105263157895,1,184,91,0.13426819443702698,0.1780109399306574,0.12680467934669146,0.14468445551584114,0.13472041720133446
iaml_super_41146,28,ts,logarithmic,decay_uniform_grid_a1_2,9,uniform,0.5,190,85,94.00724143492789,0.4473684210526316,1,189,97,0.13426819443702698,0.17674352938193197,0.12918471006079113,0.14823906977668072,0.12691973798361322
iaml_super_41146,28,ts,logarithmic,fixed_p020,10,uniform,nan,190,50,38.0,0.2631578947368421,1,190,74,0.14633609354496002,0.1595073946392157,0.11331014166292877,0.1293646063377,0.11380049516831935
iaml_super_41146,28,ts,logarithmic,fixed_p020,11,uniform,nan,190,38,38.0,0.2,11,188,60,0.13426819443702698,0.1854359543434367,0.12935937463478125,0.14797478675745723,0.1305629636044452
iaml_super_41146,28,ts,logarithmic,fixed_p020,12,uniform,nan,190,45,38.0,0.23684210526315788,6,186,68,0.13426819443702698,0.13360504867855952,0.09786532866790089,0.1117901948559955,0.09378762156280043
iaml_super_41146,28,ts,logarithmic,fixed_p020,13,uniform,nan,190,39,38.0,0.20526315789473684,1,185,61,0.13530611991882324,0.13939721527174423,0.1010266223119181,0.11571628441082771,0.0978167488353221
iaml_super_41146,28,ts,logarithmic,fixed_p020,14,uniform,nan,190,42,38.0,0.22105263157894736,4,184,68,0.14941677451133728,0.163152912908405,0.12061578516530541,0.1388358494530791,0.11780947854078644
iaml_super_41146,28,ts,logarithmic,fixed_p020,15,uniform,nan,190,42,38.0,0.22105263157894736,1,189,59,0.13426819443702698,0.19173366924374885,0.1420808439807904,0.1629506755451964,0.16748069085454198
iaml_super_41146,28,ts,logarithmic,fixed_p020,16,uniform,nan,190,33,38.0,0.1736842105263158,3,175,48,0.13426819443702698,0.14512418594162352,0.10499035000317192,0.12098051099976882,0.11892645505969364
iaml_super_41146,28,ts,logarithmic,fixed_p020,17,uniform,nan,190,44,38.0,0.23157894736842105,2,190,75,0.15243281424045563,0.14835128275626477,0.11193363857359845,0.12701415132374613,0.10506050507058601
iaml_super_41146,28,ts,logarithmic,fixed_p020,18,uniform,nan,190,41,38.0,0.21578947368421053,4,190,67,0.15812253952026367,0.1511294498632114,0.11258561243447729,0.12758361542124072,0.1241509608980767
iaml_super_41146,28,ts,logarithmic,fixed_p020,19,uniform,nan,190,40,38.0,0.21052631578947367,9,187,58,0.13426974415779114,0.16787057063938865,0.1225345505777655,0.14049595681345192,0.12957663389499413
iaml_super_41146,28,ts,logarithmic,fixed_p020,20,uniform,nan,190,32,38.0,0.16842105263157894,3,185,50,0.174994096159935,0.15389176742118452,0.10950942842607281,0.12486286766149218,0.12842635993673063
iaml_super_41146,28,ts,logarithmic,fixed_p020,21,uniform,nan,190,49,38.0,0.2578947368421053,15,188,70,0.13426819443702698,0.14751566083831538,0.10670583296834882,0.12242903750209003,0.12455886998502265
iaml_super_41146,28,ts,logarithmic,fixed_p020,22,uniform,nan,190,38,38.0,0.2,14,187,64,0.13426819443702698,0.14191833406512439,0.1055529258939725,0.12078002295983215,0.10418173509287636
iaml_super_41146,28,ts,logarithmic,fixed_p020,23,uniform,nan,190,42,38.0,0.22105263157894736,6,188,62,0.17226073145866394,0.1428947750474715,0.1001152033434005,0.11497853765150001,0.10143856769105183
iaml_super_41146,28,ts,logarithmic,fixed_p020,24,uniform,nan,190,41,38.0,0.21578947368421053,4,190,65,0.13426819443702698,0.1579038380284205,0.11152504585175775,0.12789089617563665,0.10810874477240963
iaml_super_41146,28,ts,logarithmic,fixed_p020,25,uniform,nan,190,38,38.0,0.2,1,185,65,0.13428303599357605,0.17277088566972282,0.12415182555948343,0.14190406694648897,0.14240907492892724
iaml_super_41146,28,ts,logarithmic,fixed_p020,26,uniform,nan,190,37,38.0,0.19473684210526315,2,187,56,0.14374962449073792,0.12389342967014706,0.08702747907448477,0.09936892342190377,0.1085326441893433
iaml_super_41146,28,ts,logarithmic,fixed_p020,27,uniform,nan,190,28,38.0,0.14736842105263157,6,182,48,0.15872469544410706,0.1375513306032543,0.09204559794824191,0.10540508487727437,0.09223658405834734
iaml_super_41146,28,ts,logarithmic,fixed_p020,28,uniform,nan,190,37,38.0,0.19473684210526315,5,177,58,0.13426819443702698,0.14465430652637457,0.1030382339916095,0.11740790783822166,0.10169119680311804
iaml_super_41146,28,ts,logarithmic,fixed_p020,29,uniform,nan,190,45,38.0,0.23684210526315788,2,186,66,0.1721060872077942,0.12809516503341004,0.09048799586095171,0.10389362812942268,0.1143731432461867
iaml_super_41146,28,ts,logarithmic,fixed_p020,30,uniform,nan,190,38,38.0,0.2,14,188,54,0.13827763497829437,0.13550344865044778,0.09655784942903349,0.11072429250299372,0.09873265691976141
iaml_super_41146,28,ts,logarithmic,fixed_p020,31,uniform,nan,190,30,38.0,0.15789473684210525,2,188,46,0.16684749722480774,0.13600740842904185,0.10200044260116593,0.11778087857508543,0.12861279933681205
iaml_super_41146,28,ts,logarithmic,fixed_p020,32,uniform,nan,190,45,38.0,0.23684210526315788,4,189,60,0.13426819443702698,0.1593652013007819,0.11403092506997789,0.13095411536210413,0.13499949173072417
iaml_super_41146,28,ts,logarithmic,fixed_p020,33,uniform,nan,190,34,38.0,0.17894736842105263,1,188,55,0.13426819443702698,0.17036872855660132,0.12158905635300515,0.13899664822407035,0.1070573158846974
iaml_super_41146,28,ts,logarithmic,fixed_p020,34,uniform,nan,190,32,38.0,0.16842105263157894,4,189,56,0.13426819443702698,0.17118783613417884,0.11556294388103659,0.13197277777222852,0.12271324665617807
iaml_super_41146,28,ts,logarithmic,fixed_p020,5,uniform,nan,190,28,38.0,0.14736842105263157,2,187,50,0.17823374271392822,0.16348387103831072,0.11899338892115617,0.13599464991874768,0.12672630521274464
iaml_super_41146,28,ts,logarithmic,fixed_p020,6,uniform,nan,190,49,38.0,0.2578947368421053,9,188,66,0.13433128595352173,0.15226169331460068,0.11453723021524476,0.13069554809147335,0.12083210612413785
iaml_super_41146,28,ts,logarithmic,fixed_p020,7,uniform,nan,190,42,38.0,0.22105263157894736,2,180,70,0.16737788915634155,0.14354470878116946,0.10160706892426488,0.11611083886769553,0.11035302596871083
iaml_super_41146,28,ts,logarithmic,fixed_p020,8,uniform,nan,190,40,38.0,0.21052631578947367,5,183,68,0.17573079466819763,0.13648148731029797,0.09836896259294281,0.11296214398182565,0.1080163380771995
iaml_super_41146,28,ts,logarithmic,fixed_p020,9,uniform,nan,190,34,38.0,0.17894736842105263,8,189,60,0.143896222114563,0.14077982886524706,0.10198947825975627,0.11733865610443157,0.1304494016613703
iaml_super_41146,28,ts,logarithmic,standard,10,none,nan,190,0,0.0,0.0,,,0,0.14633609354496002,0.14513648785776007,0.10573575404799147,0.12061876642115962,0.11216456642354695
iaml_super_41146,28,ts,logarithmic,standard,11,none,nan,190,0,0.0,0.0,,,0,0.13426819443702698,0.17101206889680545,0.12345340344738473,0.14071001170092892,0.12442859794387992
iaml_super_41146,28,ts,logarithmic,standard,12,none,nan,190,0,0.0,0.0,,,0,0.1590414047241211,0.1323799756083899,0.09341398253630437,0.10731935610542741,0.08414052069085029
iaml_super_41146,28,ts,logarithmic,standard,13,none,nan,190,0,0.0,0.0,,,0,0.13530611991882324,0.10506330436260909,0.07438473075784854,0.08558666083944927,0.07260882006617436
iaml_super_41146,28,ts,logarithmic,standard,14,none,nan,190,0,0.0,0.0,,,0,0.17317432165145874,0.12247067741898054,0.08752420776512625,0.10134854054952928,0.0818061812607484
iaml_super_41146,28,ts,logarithmic,standard,15,none,nan,190,0,0.0,0.0,,,0,0.14879854023456573,0.13011357692141018,0.0937857143255873,0.10838144494681726,0.09418460319387266
iaml_super_41146,28,ts,logarithmic,standard,16,none,nan,190,0,0.0,0.0,,,0,0.1342725306749344,0.15151915038438712,0.11195883853385968,0.12823590603277293,0.10541660870449292
iaml_super_41146,28,ts,logarithmic,standard,17,none,nan,190,0,0.0,0.0,,,0,0.13426819443702698,0.18140678279468428,0.12538791939516047,0.14272921779221537,0.14186680521462014
iaml_super_41146,28,ts,logarithmic,standard,18,none,nan,190,0,0.0,0.0,,,0,0.134733647108078,0.16174329041539962,0.11887694890068103,0.13633376910674014,0.11821062108919357
iaml_super_41146,28,ts,logarithmic,standard,19,none,nan,190,0,0.0,0.0,,,0,0.16638697683811188,0.15962138512443722,0.11214267445998433,0.12885390365963,0.12022864209470661
iaml_super_41146,28,ts,logarithmic,standard,20,none,nan,190,0,0.0,0.0,,,0,0.1660149246454239,0.13798156680465234,0.09870722348285971,0.11335281671563048,0.0890857596822534
iaml_super_41146,28,ts,logarithmic,standard,21,none,nan,190,0,0.0,0.0,,,0,0.17750880122184753,0.14193402192644683,0.10024188458118011,0.11540983599791829,0.09558143508476577
iaml_super_41146,28,ts,logarithmic,standard,22,none,nan,190,0,0.0,0.0,,,0,0.14968708157539368,0.13725260997132774,0.09974057967021561,0.11496675195703124,0.11633485517543538
iaml_super_41146,28,ts,logarithmic,standard,23,none,nan,190,0,0.0,0.0,,,0,0.15201745927333832,0.14670499071859025,0.1059523479526486,0.1216869900421849,0.1211981585102319
iaml_super_41146,28,ts,logarithmic,standard,24,none,nan,190,0,0.0,0.0,,,0,0.15119263529777527,0.13822845679197177,0.10239719742181422,0.1173843453812732,0.11790022694578281
iaml_super_41146,28,ts,logarithmic,standard,25,none,nan,190,0,0.0,0.0,,,0,0.13428303599357605,0.1550021313079884,0.11130021742128629,0.12691295425630542,0.1291462480356837
iaml_super_41146,28,ts,logarithmic,standard,26,none,nan,190,0,0.0,0.0,,,0,0.13426819443702698,0.13047324221267956,0.09170725928204353,0.10531848419336577,0.09155407254768624
iaml_super_41146,28,ts,logarithmic,standard,27,none,nan,190,0,0.0,0.0,,,0,0.14433878660202026,0.14431231162102462,0.09489348317965629,0.1086873241098321,0.11773232042825765
iaml_super_41146,28,ts,logarithmic,standard,28,none,nan,190,0,0.0,0.0,,,0,0.16505709290504456,0.12524723726682938,0.08266159311663278,0.09457877578896656,0.09070808182852931
iaml_super_41146,28,ts,logarithmic,standard,29,none,nan,190,0,0.0,0.0,,,0,0.17299215495586395,0.12563853355538201,0.08890453168695059,0.101613235617056,0.11917663439554141
iaml_super_41146,28,ts,logarithmic,standard,30,none,nan,190,0,0.0,0.0,,,0,0.15275292098522186,0.14452390510292518,0.10407547521292182,0.11864323044812589,0.11624883019664092
iaml_super_41146,28,ts,logarithmic,standard,31,none,nan,190,0,0.0,0.0,,,0,0.13427777588367462,0.1294539614405424,0.09192469268512007,0.1055112489630267,0.0937584089783567
iaml_super_41146,28,ts,logarithmic,standard,32,none,nan,190,0,0.0,0.0,,,0,0.13661496341228485,0.1290610460887717,0.0893172773031591,0.10356130883697888,0.07696697784389159
iaml_super_41146,28,ts,logarithmic,standard,33,none,nan,190,0,0.0,0.0,,,0,0.16803418099880219,0.1448402972486068,0.1041145042232879,0.11928487271227295,0.1151349843804383
iaml_super_41146,28,ts,logarithmic,standard,34,none,nan,190,0,0.0,0.0,,,0,0.13426850736141205,0.13720721248237952,0.0992252918840189,0.11392726269878137,0.10780991459033719
iaml_super_41146,28,ts,logarithmic,standard,5,none,nan,190,0,0.0,0.0,,,0,0.1752096563577652,0.13130960273097114,0.09629649977172386,0.11100871686950001,0.1030774295221202
iaml_super_41146,28,ts,logarithmic,standard,6,none,nan,190,0,0.0,0.0,,,0,0.13427035510540009,0.11352248154795914,0.08218499616006492,0.09402942931109812,0.11442986877169134
iaml_super_41146,28,ts,logarithmic,standard,7,none,nan,190,0,0.0,0.0,,,0,0.14583908021450043,0.15002916364299904,0.10417707503579647,0.11900630855057356,0.11454337396396545
iaml_super_41146,28,ts,logarithmic,standard,8,none,nan,190,0,0.0,0.0,,,0,0.13427098095417023,0.13894604236949654,0.10069029486730373,0.11536083994921072,0.12031304285883565
iaml_super_41146,28,ts,logarithmic,standard,9,none,nan,190,0,0.0,0.0,,,0,0.14026100933551788,0.13347396426792876,0.10095134016913226,0.11637228958029112,0.10833347895257744
iaml_super_41146,28,ucb,constant,decay_uniform_a1,10,uniform,1.0,190,10,13.73411192945665,0.05263157894736842,1,152,17,0.13426819443702698,0.0938484964097043,0.0656427464398838,0.07508182258180049,0.08112364509734421
iaml_super_41146,28,ucb,constant,decay_uniform_a1,11,uniform,1.0,190,17,13.73411192945665,0.08947368421052632,5,185,30,0.13426819443702698,0.10177744663075952,0.07414264895336083,0.08373789324702047,0.10801921866952549
iaml_super_41146,28,ucb,constant,decay_uniform_a1,12,uniform,1.0,190,20,13.73411192945665,0.10526315789473684,2,135,30,0.13426819443702698,0.10625560561409166,0.07552580157196197,0.0868264706569225,0.09390600415539244
iaml_super_41146,28,ucb,constant,decay_uniform_a1,13,uniform,1.0,190,10,13.73411192945665,0.05263157894736842,1,185,15,0.13426819443702698,0.11488518308219844,0.08517742532925576,0.0972908256433321,0.10932308210866824
iaml_super_41146,28,ucb,constant,decay_uniform_a1,14,uniform,1.0,190,11,13.73411192945665,0.05789473684210526,4,167,20,0.13426819443702698,0.13296403540128876,0.09851174412437345,0.1126158530779558,0.13601244974484838
iaml_super_41146,28,ucb,constant,decay_uniform_a1,15,uniform,1.0,190,14,13.73411192945665,0.07368421052631578,1,189,27,0.13426819443702698,0.11422892315153672,0.08141356297218222,0.09328490931425128,0.10460409240144573
iaml_super_41146,28,ucb,constant,decay_uniform_a1,16,uniform,1.0,190,17,13.73411192945665,0.08947368421052632,3,175,30,0.13426819443702698,0.07805700758569177,0.05582228551401412,0.06377529007059082,0.06799905946827142
iaml_super_41146,28,ucb,constant,decay_uniform_a1,17,uniform,1.0,190,21,13.73411192945665,0.11052631578947368,1,190,32,0.13426819443702698,0.10512276091562149,0.07470248496003767,0.08442256115187695,0.07632863654411112
iaml_super_41146,28,ucb,constant,decay_uniform_a1,18,uniform,1.0,190,13,13.73411192945665,0.06842105263157895,1,134,23,0.13426819443702698,0.0996123717172758,0.07532218049008736,0.08533987808015155,0.08541860700108125
iaml_super_41146,28,ucb,constant,decay_uniform_a1,19,uniform,1.0,190,15,13.73411192945665,0.07894736842105263,2,180,30,0.13426819443702698,0.14292702883884825,0.10882219802647784,0.12409414056881712,0.15444831878700227
iaml_super_41146,28,ucb,constant,decay_uniform_a1,20,uniform,1.0,190,12,13.73411192945665,0.06315789473684211,3,181,18,0.13426819443702698,0.12613960892796047,0.08510558146187874,0.09676590369920247,0.09178628990224447
iaml_super_41146,28,ucb,constant,decay_uniform_a1,21,uniform,1.0,190,21,13.73411192945665,0.11052631578947368,1,167,35,0.13426819443702698,0.06743320281937393,0.047610731318002,0.05498685633860974,0.05475319950153988
iaml_super_41146,28,ucb,constant,decay_uniform_a1,22,uniform,1.0,190,11,13.73411192945665,0.05789473684210526,8,181,22,0.15428321063518524,0.06208191185929237,0.04392521572307538,0.05048396599599206,0.05933224391149485
iaml_super_41146,28,ucb,constant,decay_uniform_a1,23,uniform,1.0,190,16,13.73411192945665,0.08421052631578947,6,159,26,0.1538647562265396,0.08625173259973751,0.06137057925717321,0.07055407761921868,0.07246289514527467
iaml_super_41146,28,ucb,constant,decay_uniform_a1,24,uniform,1.0,190,11,13.73411192945665,0.05789473684210526,1,167,19,0.13426819443702698,0.07124090552364515,0.051789907846562,0.05926442846768249,0.06619549325887018
iaml_super_41146,28,ucb,constant,decay_uniform_a1,25,uniform,1.0,190,19,13.73411192945665,0.1,1,132,29,0.13426819443702698,0.13108028835909785,0.09981575157894025,0.11389823546595049,0.13466350719857437
iaml_super_41146,28,ucb,constant,decay_uniform_a1,26,uniform,1.0,190,9,13.73411192945665,0.04736842105263158,2,128,16,0.13426819443702698,0.0759536501508557,0.05515133813712163,0.06382388957941891,0.06489942575731718
iaml_super_41146,28,ucb,constant,decay_uniform_a1,27,uniform,1.0,190,13,13.73411192945665,0.06842105263157895,2,149,20,0.13426819443702698,0.11363716102870035,0.08358283638376524,0.09521953938190851,0.09709095442543178
iaml_super_41146,28,ucb,constant,decay_uniform_a1,28,uniform,1.0,190,18,13.73411192945665,0.09473684210526316,1,169,29,0.13426819443702698,0.08220955072637887,0.057716495684702385,0.06645056658341873,0.06186539242551887
iaml_super_41146,28,ucb,constant,decay_uniform_a1,29,uniform,1.0,190,11,13.73411192945665,0.05789473684210526,2,152,18,0.13426819443702698,0.10556277435845904,0.07712095108145348,0.08837894851917359,0.08794244499883931
iaml_super_41146,28,ucb,constant,decay_uniform_a1,30,uniform,1.0,190,9,13.73411192945665,0.04736842105263158,1,87,15,0.13426819443702698,0.09806480678755192,0.06913381988335274,0.07938677711821648,0.07471862647682667
iaml_super_41146,28,ucb,constant,decay_uniform_a1,31,uniform,1.0,190,14,13.73411192945665,0.07368421052631578,2,188,26,0.15428321063518524,0.06248641153838104,0.04394144058872313,0.050580168490377865,0.04688642044281887
iaml_super_41146,28,ucb,constant,decay_uniform_a1,32,uniform,1.0,190,13,13.73411192945665,0.06842105263157895,2,153,26,0.13426819443702698,0.08562567454958588,0.06375717116716606,0.07343184806964953,0.0629560593946999
iaml_super_41146,28,ucb,constant,decay_uniform_a1,33,uniform,1.0,190,13,13.73411192945665,0.06842105263157895,1,165,19,0.13426819443702698,0.11293512084364542,0.07875106543291821,0.09052073801731503,0.08800391018872364
iaml_super_41146,28,ucb,constant,decay_uniform_a1,34,uniform,1.0,190,12,13.73411192945665,0.06315789473684211,2,174,24,0.15428321063518524,0.08135336813747623,0.06062915526669044,0.06959880379300708,0.06770588844694428
iaml_super_41146,28,ucb,constant,decay_uniform_a1,5,uniform,1.0,190,17,13.73411192945665,0.08947368421052632,1,187,29,0.13426819443702698,0.12317057296310707,0.08860161938298128,0.10124734322432383,0.12114929104690643
iaml_super_41146,28,ucb,constant,decay_uniform_a1,6,uniform,1.0,190,18,13.73411192945665,0.09473684210526316,5,177,34,0.13426819443702698,0.07598847233392506,0.055105383087528326,0.06310488752095789,0.06589117167065237
iaml_super_41146,28,ucb,constant,decay_uniform_a1,7,uniform,1.0,190,17,13.73411192945665,0.08947368421052632,2,177,26,0.13426819443702698,0.14186923811521523,0.09970613257125238,0.11353868114307784,0.1495413820971837
iaml_super_41146,28,ucb,constant,decay_uniform_a1,8,uniform,1.0,190,11,13.73411192945665,0.05789473684210526,5,138,20,0.15428321063518524,0.09179942927649805,0.06471348611051422,0.07410003870105338,0.07823730369681334
iaml_super_41146,28,ucb,constant,decay_uniform_a1,9,uniform,1.0,190,15,13.73411192945665,0.07894736842105263,1,189,27,0.1538647562265396,0.10514185880915544,0.07989323828790124,0.09134792427087066,0.10297650358340762
iaml_super_41146,28,ucb,constant,decay_uniform_grid_a1_2,10,uniform,0.5,190,104,94.00724143492789,0.5473684210526316,1,190,100,0.14633609354496002,0.16581740320896415,0.12247473844970798,0.13848279119290322,0.10713191111249627
iaml_super_41146,28,ucb,constant,decay_uniform_grid_a1_2,11,uniform,0.5,190,96,94.00724143492789,0.5052631578947369,2,188,88,0.13426819443702698,0.16999573489580186,0.12430093863506281,0.14155510452559042,0.20769259602110093
iaml_super_41146,28,ucb,constant,decay_uniform_grid_a1_2,12,uniform,0.5,190,100,94.00724143492789,0.5263157894736842,1,189,69,0.15896748006343842,0.16042488785037018,0.12079754521824418,0.136746583943649,0.19483334214449669
iaml_super_41146,28,ucb,constant,decay_uniform_grid_a1_2,13,uniform,0.5,190,90,94.00724143492789,0.47368421052631576,1,189,87,0.13530611991882324,0.15955567764295325,0.12092842849371911,0.13771970627518568,0.18915240910225484
iaml_super_41146,28,ucb,constant,decay_uniform_grid_a1_2,14,uniform,0.5,190,98,94.00724143492789,0.5157894736842106,2,189,90,0.13426819443702698,0.19270069020345312,0.1400128293025249,0.15939644326096059,0.20600036377797978
iaml_super_41146,28,ucb,constant,decay_uniform_grid_a1_2,15,uniform,0.5,190,101,94.00724143492789,0.531578947368421,1,189,101,0.13426819443702698,0.16058974136305823,0.12204579637700061,0.13930438898319006,0.2075318367328642
iaml_super_41146,28,ucb,constant,decay_uniform_grid_a1_2,16,uniform,0.5,190,83,94.00724143492789,0.4368421052631579,3,190,87,0.15552711486816406,0.15011319129714568,0.10795668264141041,0.12299538425700139,0.0984787780160585
iaml_super_41146,28,ucb,constant,decay_uniform_grid_a1_2,17,uniform,0.5,190,96,94.00724143492789,0.5052631578947369,1,190,88,0.13426819443702698,0.17118300308491688,0.12950124568279026,0.14613918071338303,0.12603580612398085
iaml_super_41146,28,ucb,constant,decay_uniform_grid_a1_2,18,uniform,0.5,190,92,94.00724143492789,0.4842105263157895,1,190,100,0.13426819443702698,0.16452469803117237,0.11883329941393145,0.13435158296741329,0.10978849633815053
iaml_super_41146,28,ucb,constant,decay_uniform_grid_a1_2,19,uniform,0.5,190,84,94.00724143492789,0.4421052631578947,2,187,74,0.13426819443702698,0.19577268298089914,0.14985000764561382,0.1703936239414759,0.23569713425944108
iaml_super_41146,28,ucb,constant,decay_uniform_grid_a1_2,20,uniform,0.5,190,89,94.00724143492789,0.46842105263157896,3,185,96,0.13426819443702698,0.17741438606403298,0.127617098736196,0.14481586811805805,0.22176755278979407
iaml_super_41146,28,ucb,constant,decay_uniform_grid_a1_2,21,uniform,0.5,190,99,94.00724143492789,0.5210526315789473,1,190,104,0.13426819443702698,0.157536664407932,0.11504869275466811,0.13180716170621826,0.09088038502624642
iaml_super_41146,28,ucb,constant,decay_uniform_grid_a1_2,22,uniform,0.5,190,89,94.00724143492789,0.46842105263157896,1,188,101,0.15428321063518524,0.16241904204282254,0.12388791971792357,0.1403439403468383,0.1979882886605758
iaml_super_41146,28,ucb,constant,decay_uniform_grid_a1_2,23,uniform,0.5,190,101,94.00724143492789,0.531578947368421,2,188,94,0.13426819443702698,0.16658338805840978,0.11930321877827091,0.13504062590934116,0.19916449951575704
iaml_super_41146,28,ucb,constant,decay_uniform_grid_a1_2,24,uniform,0.5,190,94,94.00724143492789,0.49473684210526314,1,190,94,0.13426819443702698,0.16541363766124673,0.12441374201154412,0.14164733230001827,0.11934759675833924
iaml_super_41146,28,ucb,constant,decay_uniform_grid_a1_2,25,uniform,0.5,190,82,94.00724143492789,0.43157894736842106,1,185,95,0.13426819443702698,0.1702769239706012,0.1287272844954756,0.14558149168777015,0.2020218801270983
iaml_super_41146,28,ucb,constant,decay_uniform_grid_a1_2,26,uniform,0.5,190,90,94.00724143492789,0.47368421052631576,2,187,82,0.13426819443702698,0.17467066931532796,0.1294537371734518,0.14616814826353378,0.23375872433416645
iaml_super_41146,28,ucb,constant,decay_uniform_grid_a1_2,27,uniform,0.5,190,92,94.00724143492789,0.4842105263157895,2,190,89,0.13426819443702698,0.17190677639267948,0.11869387909956611,0.13493650413744762,0.1122513027509086
iaml_super_41146,28,ucb,constant,decay_uniform_grid_a1_2,28,uniform,0.5,190,90,94.00724143492789,0.47368421052631576,1,187,85,0.13426819443702698,0.13373673210091835,0.09727956213460054,0.11117941441535818,0.15783713427736018
iaml_super_41146,28,ucb,constant,decay_uniform_grid_a1_2,29,uniform,0.5,190,95,94.00724143492789,0.5,2,186,90,0.15428321063518524,0.1729958352629729,0.12855005460103597,0.14644674320470946,0.20981429508620225
iaml_super_41146,28,ucb,constant,decay_uniform_grid_a1_2,30,uniform,0.5,190,92,94.00724143492789,0.4842105263157895,1,188,93,0.1538647562265396,0.14190342052758462,0.10323759046078435,0.1177524678330595,0.16645385011560854
iaml_super_41146,28,ucb,constant,decay_uniform_grid_a1_2,31,uniform,0.5,190,84,94.00724143492789,0.4421052631578947,2,188,90,0.15428321063518524,0.1581330454052844,0.11516586318117204,0.13142624817530416,0.18758537745078696
iaml_super_41146,28,ucb,constant,decay_uniform_grid_a1_2,32,uniform,0.5,190,99,94.00724143492789,0.5210526315789473,2,190,89,0.13426819443702698,0.18295801655464902,0.13263931404984008,0.1503111937016795,0.13048850899205203
iaml_super_41146,28,ucb,constant,decay_uniform_grid_a1_2,33,uniform,0.5,190,82,94.00724143492789,0.43157894736842106,1,188,85,0.13426819443702698,0.1884147470751342,0.14333235351697104,0.16176093255193888,0.21219419686914667
iaml_super_41146,28,ucb,constant,decay_uniform_grid_a1_2,34,uniform,0.5,190,87,94.00724143492789,0.45789473684210524,2,189,106,0.15428321063518524,0.14716667779113124,0.10992964783399886,0.12492548164747423,0.17751265666787874
iaml_super_41146,28,ucb,constant,decay_uniform_grid_a1_2,5,uniform,0.5,190,90,94.00724143492789,0.47368421052631576,1,189,97,0.13426819443702698,0.1439354822618572,0.10752600658351674,0.1224006891637623,0.1584057152588929
iaml_super_41146,28,ucb,constant,decay_uniform_grid_a1_2,6,uniform,0.5,190,90,94.00724143492789,0.47368421052631576,2,188,94,0.13426819443702698,0.14912669465936126,0.1157812708376964,0.13155475709863274,0.17365971524508603
iaml_super_41146,28,ucb,constant,decay_uniform_grid_a1_2,7,uniform,0.5,190,96,94.00724143492789,0.5052631578947369,1,190,94,0.13426819443702698,0.18386651750116634,0.13204515583803633,0.14889454568403956,0.13149614884789132
iaml_super_41146,28,ucb,constant,decay_uniform_grid_a1_2,8,uniform,0.5,190,92,94.00724143492789,0.4842105263157895,1,184,91,0.15428321063518524,0.15555562114189658,0.11645743135979933,0.13267285462451064,0.17010423791066298
iaml_super_41146,28,ucb,constant,decay_uniform_grid_a1_2,9,uniform,0.5,190,85,94.00724143492789,0.4473684210526316,1,189,97,0.1342712938785553,0.1668244363994678,0.12819490053304347,0.14530629407156315,0.1993061893830962
iaml_super_41146,28,ucb,constant,fixed_p020,10,uniform,nan,190,50,38.0,0.2631578947368421,1,190,74,0.13426819443702698,0.13382753678439946,0.0984720815435571,0.11207787908104892,0.09731225366616053
iaml_super_41146,28,ucb,constant,fixed_p020,11,uniform,nan,190,38,38.0,0.2,11,188,60,0.13426819443702698,0.14606512888568093,0.10752529808200209,0.12109076165284487,0.1869014513234701
iaml_super_41146,28,ucb,constant,fixed_p020,12,uniform,nan,190,45,38.0,0.23684210526315788,6,186,68,0.13426819443702698,0.10845331699269198,0.08051957037001861,0.09124420309007175,0.11272203827516912
iaml_super_41146,28,ucb,constant,fixed_p020,13,uniform,nan,190,39,38.0,0.20526315789473684,1,185,61,0.13426819443702698,0.12299933179981282,0.09200977547644787,0.10453792831233556,0.13292706879755914
iaml_super_41146,28,ucb,constant,fixed_p020,14,uniform,nan,190,42,38.0,0.22105263157894736,4,184,68,0.13426819443702698,0.16227096835866148,0.12176684595184238,0.13852130888509523,0.1640388078560204
iaml_super_41146,28,ucb,constant,fixed_p020,15,uniform,nan,190,42,38.0,0.22105263157894736,1,189,59,0.13426819443702698,0.13558628053048183,0.10105079804672903,0.1158990013587239,0.14943771584251497
iaml_super_41146,28,ucb,constant,fixed_p020,16,uniform,nan,190,33,38.0,0.1736842105263158,3,175,48,0.15428321063518524,0.08896000548702537,0.06209319009919413,0.07095743152379862,0.08287530935466278
iaml_super_41146,28,ucb,constant,fixed_p020,17,uniform,nan,190,44,38.0,0.23157894736842105,2,190,75,0.13426819443702698,0.1396405153643747,0.10670595498019174,0.12036063645380299,0.10011851768849979
iaml_super_41146,28,ucb,constant,fixed_p020,18,uniform,nan,190,41,38.0,0.21578947368421053,4,190,67,0.13426819443702698,0.13046241611558648,0.09541670350120696,0.10779722905448587,0.10470808679594693
iaml_super_41146,28,ucb,constant,fixed_p020,19,uniform,nan,190,40,38.0,0.21052631578947367,9,187,58,0.13426819443702698,0.16022636537690857,0.11892813681078887,0.1355812557172334,0.21313126200640428
iaml_super_41146,28,ucb,constant,fixed_p020,20,uniform,nan,190,32,38.0,0.16842105263157894,3,185,50,0.13426819443702698,0.1398324914387381,0.09547777619379255,0.10824664496380469,0.13288458010211746
iaml_super_41146,28,ucb,constant,fixed_p020,21,uniform,nan,190,49,38.0,0.2578947368421053,15,188,70,0.13426819443702698,0.11671026990289249,0.08500534863960585,0.09724832930131962,0.15380358461233062
iaml_super_41146,28,ucb,constant,fixed_p020,22,uniform,nan,190,38,38.0,0.2,14,187,64,0.15428321063518524,0.12259104724069084,0.09152308106772178,0.10445002529283082,0.12415419206009418
iaml_super_41146,28,ucb,constant,fixed_p020,23,uniform,nan,190,42,38.0,0.22105263157894736,6,188,62,0.15428321063518524,0.13017357415869957,0.08997286921624399,0.10226786606176988,0.14190236102913958
iaml_super_41146,28,ucb,constant,fixed_p020,24,uniform,nan,190,41,38.0,0.21578947368421053,4,190,65,0.13426819443702698,0.11966974732224203,0.08298019437401685,0.09419962617044537,0.08198281860165957
iaml_super_41146,28,ucb,constant,fixed_p020,25,uniform,nan,190,38,38.0,0.2,1,185,65,0.13426819443702698,0.15124834381208954,0.11176737821642538,0.12672397522319348,0.15998983139697123
iaml_super_41146,28,ucb,constant,fixed_p020,26,uniform,nan,190,37,38.0,0.19473684210526315,2,187,56,0.13426819443702698,0.11015455877090008,0.07953073770879929,0.09064197421666732,0.10233005512552928
iaml_super_41146,28,ucb,constant,fixed_p020,27,uniform,nan,190,28,38.0,0.14736842105263157,6,182,48,0.13426819443702698,0.13875003388068205,0.09696700208064792,0.1098125823441401,0.1486992737218497
iaml_super_41146,28,ucb,constant,fixed_p020,28,uniform,nan,190,37,38.0,0.19473684210526315,5,177,58,0.13426819443702698,0.09053951238635471,0.06593645140980539,0.07545590679400027,0.0828579095472814
iaml_super_41146,28,ucb,constant,fixed_p020,29,uniform,nan,190,45,38.0,0.23684210526315788,2,186,66,0.13426819443702698,0.14611451869562356,0.10627257937569126,0.12144892397800108,0.1626447236888264
iaml_super_41146,28,ucb,constant,fixed_p020,30,uniform,nan,190,38,38.0,0.2,14,188,54,0.13426819443702698,0.12125540783024853,0.08773574783163912,0.10001490317859996,0.07889718889282563
iaml_super_41146,28,ucb,constant,fixed_p020,31,uniform,nan,190,30,38.0,0.15789473684210525,2,188,46,0.15428321063518524,0.07429229173486866,0.05440399378050512,0.06269802275377587,0.08721635340031626
iaml_super_41146,28,ucb,constant,fixed_p020,32,uniform,nan,190,45,38.0,0.23684210526315788,4,189,60,0.13426819443702698,0.10248267538239297,0.06947735459952961,0.07908663763456979,0.10337316192540938
iaml_super_41146,28,ucb,constant,fixed_p020,33,uniform,nan,190,34,38.0,0.17894736842105263,1,188,55,0.13426819443702698,0.15154294934449353,0.10755993131947589,0.12176217506364725,0.15713248342902816
iaml_super_41146,28,ucb,constant,fixed_p020,34,uniform,nan,190,32,38.0,0.16842105263157894,4,189,56,0.13426819443702698,0.1491707600059491,0.1060120605010198,0.12143796981739989,0.15401738334804532
iaml_super_41146,28,ucb,constant,fixed_p020,5,uniform,nan,190,28,38.0,0.14736842105263157,2,187,50,0.13426819443702698,0.13198478114822543,0.0966486874019897,0.10978609051107943,0.15880938296001806
iaml_super_41146,28,ucb,constant,fixed_p020,6,uniform,nan,190,49,38.0,0.2578947368421053,9,188,66,0.13426819443702698,0.11376104068919413,0.08568599616599333,0.09671459945832549,0.10784982203841294
iaml_super_41146,28,ucb,constant,fixed_p020,7,uniform,nan,190,42,38.0,0.22105263157894736,2,180,70,0.13426819443702698,0.1292230486201052,0.08785578769762131,0.09932687793643127,0.11942486871539484
iaml_super_41146,28,ucb,constant,fixed_p020,8,uniform,nan,190,40,38.0,0.21052631578947367,5,183,68,0.15428321063518524,0.1085244278816728,0.0774623440659615,0.08855011012290581,0.11266195483557678
iaml_super_41146,28,ucb,constant,fixed_p020,9,uniform,nan,190,34,38.0,0.17894736842105263,8,189,60,0.15428321063518524,0.1267880874467092,0.09330531977824871,0.10597478365736669,0.14444198003231412
iaml_super_41146,28,ucb,constant,standard,10,none,nan,190,0,0.0,0.0,,,0,0.13426819443702698,0.06053135640065785,0.043755285765327806,0.04995205151949418,0.048067813011829816
iaml_super_41146,28,ucb,constant,standard,11,none,nan,190,0,0.0,0.0,,,0,0.13426819443702698,0.06379482046830356,0.04671834612065062,0.05345727433876186,0.028132105167943133
iaml_super_41146,28,ucb,constant,standard,12,none,nan,190,0,0.0,0.0,,,0,0.13426819443702698,0.05980631110308112,0.042944488193361496,0.049412820994761596,0.04985846868340715
iaml_super_41146,28,ucb,constant,standard,13,none,nan,190,0,0.0,0.0,,,0,0.13426819443702698,0.09053506851276076,0.06400411646772312,0.07287921462928645,0.054506198508039616
iaml_super_41146,28,ucb,constant,standard,14,none,nan,190,0,0.0,0.0,,,0,0.13426819443702698,0.09664130529849324,0.06753968219172551,0.07729992064667335,0.0677421168896364
iaml_super_41146,28,ucb,constant,standard,15,none,nan,190,0,0.0,0.0,,,0,0.13426819443702698,0.0906679982766947,0.06692195581835142,0.07630443517839301,0.06827693412018032
iaml_super_41146,28,ucb,constant,standard,16,none,nan,190,0,0.0,0.0,,,0,0.15428321063518524,0.057504644871901364,0.04277161936587123,0.04940760540300411,0.043295757549042586
iaml_super_41146,28,ucb,constant,standard,17,none,nan,190,0,0.0,0.0,,,0,0.13426819443702698,0.0777318875383038,0.053685301821938,0.061258549338378,0.052478114996535145
iaml_super_41146,28,ucb,constant,standard,18,none,nan,190,0,0.0,0.0,,,0,0.13426819443702698,0.0717807896759824,0.05321492154239806,0.06089813443881875,0.036181885389225975
iaml_super_41146,28,ucb,constant,standard,19,none,nan,190,0,0.0,0.0,,,0,0.13426819443702698,0.08089553180932287,0.05508714811633719,0.06328489809515152,0.046167612183975644
iaml_super_41146,28,ucb,constant,standard,20,none,nan,190,0,0.0,0.0,,,0,0.15428321063518524,0.09753604772211615,0.06982547726187512,0.08011529681927192,0.054873786433459436
iaml_super_41146,28,ucb,constant,standard,21,none,nan,190,0,0.0,0.0,,,0,0.13426819443702698,0.060167441923824096,0.04501459858543006,0.051733876786510015,0.04250849081061575
iaml_super_41146,28,ucb,constant,standard,22,none,nan,190,0,0.0,0.0,,,0,0.15428321063518524,0.05690512024135103,0.0408240407587848,0.04668093033700457,0.05351534610433525
iaml_super_41146,28,ucb,constant,standard,23,none,nan,190,0,0.0,0.0,,,0,0.15428321063518524,0.058347364471003194,0.04281597222206593,0.04938035748078535,0.04435523258572262
iaml_super_41146,28,ucb,constant,standard,24,none,nan,190,0,0.0,0.0,,,0,0.13426819443702698,0.06019636444116162,0.04237633688227691,0.04838214920582746,0.04041251241500408
iaml_super_41146,28,ucb,constant,standard,25,none,nan,190,0,0.0,0.0,,,0,0.13426819443702698,0.05895387988948309,0.041922929732244776,0.048065404567353885,0.05205680822199118
iaml_super_41146,28,ucb,constant,standard,26,none,nan,190,0,0.0,0.0,,,0,0.13426819443702698,0.05667073591600627,0.04224461464757305,0.04806881279687928,0.04214068835333449
iaml_super_41146,28,ucb,constant,standard,27,none,nan,190,0,0.0,0.0,,,0,0.13426819443702698,0.07679336674792986,0.05711616328144818,0.06520515565655753,0.06155462817101565
iaml_super_41146,28,ucb,constant,standard,28,none,nan,190,0,0.0,0.0,,,0,0.15428321063518524,0.05922816132114947,0.043596291496965756,0.04981314287502129,0.03660072636397339
iaml_super_41146,28,ucb,constant,standard,29,none,nan,190,0,0.0,0.0,,,0,0.13426819443702698,0.08910431914020674,0.06590167564926143,0.07556815798108692,0.0676264674286248
iaml_super_41146,28,ucb,constant,standard,30,none,nan,190,0,0.0,0.0,,,0,0.13426819443702698,0.059081453467279874,0.04302457148751912,0.04956091494740828,0.04428669547384636
iaml_super_41146,28,ucb,constant,standard,31,none,nan,190,0,0.0,0.0,,,0,0.13426819443702698,0.0602211450421295,0.04493980789501888,0.05180788901423477,0.041178406057915756
iaml_super_41146,28,ucb,constant,standard,32,none,nan,190,0,0.0,0.0,,,0,0.13426819443702698,0.06719680815131898,0.046048174326359825,0.05371296632314376,0.04873049364855831
iaml_super_41146,28,ucb,constant,standard,33,none,nan,190,0,0.0,0.0,,,0,0.13426819443702698,0.07586751271110218,0.05540450896845614,0.06376460061518743,0.05075434306346722
iaml_super_41146,28,ucb,constant,standard,34,none,nan,190,0,0.0,0.0,,,0,0.13426819443702698,0.08679192604249948,0.06295053745868122,0.07167819833439461,0.06507662591036165
iaml_super_41146,28,ucb,constant,standard,5,none,nan,190,0,0.0,0.0,,,0,0.13426819443702698,0.08850964529533117,0.06521199198540388,0.07430922101501823,0.0647837445431593
iaml_super_41146,28,ucb,constant,standard,6,none,nan,190,0,0.0,0.0,,,0,0.13426819443702698,0.05692985178600543,0.041892371030693105,0.048234209500075634,0.04441994688323675
iaml_super_41146,28,ucb,constant,standard,7,none,nan,190,0,0.0,0.0,,,0,0.13426819443702698,0.061207063147835514,0.04467652695122226,0.0510878383348997,0.033457996190302354
iaml_super_41146,28,ucb,constant,standard,8,none,nan,190,0,0.0,0.0,,,0,0.15428321063518524,0.06654088521585239,0.04890441100851592,0.05610027617892116,0.06292738325336028
iaml_super_41146,28,ucb,constant,standard,9,none,nan,190,0,0.0,0.0,,,0,0.1538647562265396,0.07671925860392946,0.05608522118430208,0.06415791860322458,0.052388432689007294
