task,dimension,acquisition,beta_mode,policy,seed,exploration_rule,decay_exponent,bo_steps,actual_pe_calls,expected_pe_calls,realized_pe_fraction,first_pe_round,last_pe_round,mode_transitions,final_best_observed_loss,final_max_posterior_std,final_mean_posterior_std,final_q90_posterior_std,final_query_preselection_posterior_std
iaml_super_40981,28,logei,native,decay_greedy_packing_grid_a1_2,10,greedy_packing,0.5,190,104,94.00724143492789,0.5473684210526316,1,190,100,0.13426819443702698,0.16304684101231834,0.11805218707179713,0.13257372965683065,0.15203885367431297
iaml_super_40981,28,logei,native,decay_greedy_packing_grid_a1_2,11,greedy_packing,0.5,190,96,94.00724143492789,0.5052631578947369,2,188,88,0.13426819443702698,0.14335528166786715,0.10214035153829945,0.11564962179698487,0.16619160327671675
iaml_super_40981,28,logei,native,decay_greedy_packing_grid_a1_2,12,greedy_packing,0.5,190,100,94.00724143492789,0.5263157894736842,1,189,69,0.13426819443702698,0.15161830103198373,0.11572542593213658,0.1309293576439042,0.2162243118728589
iaml_super_40981,28,logei,native,decay_greedy_packing_grid_a1_2,13,greedy_packing,0.5,190,90,94.00724143492789,0.47368421052631576,1,189,87,0.13426819443702698,0.14346399330718365,0.1019357869076617,0.11558197280509012,0.1362719063903549
iaml_super_40981,28,logei,native,decay_greedy_packing_grid_a1_2,14,greedy_packing,0.5,190,98,94.00724143492789,0.5157894736842106,2,189,90,0.13426819443702698,0.16720434472172427,0.12219629400498305,0.13780411417281616,0.14850726656168517
iaml_super_40981,28,logei,native,decay_greedy_packing_grid_a1_2,15,greedy_packing,0.5,190,101,94.00724143492789,0.531578947368421,1,189,101,0.13426819443702698,0.1419289879791335,0.10676305034026032,0.12074220667642899,0.12405754235738249
iaml_super_40981,28,logei,native,decay_greedy_packing_grid_a1_2,16,greedy_packing,0.5,190,83,94.00724143492789,0.4368421052631579,3,190,87,0.13426819443702698,0.13142274492585224,0.09569158129735345,0.10706887961269622,0.10668820770607429
iaml_super_40981,28,logei,native,decay_greedy_packing_grid_a1_2,17,greedy_packing,0.5,190,96,94.00724143492789,0.5052631578947369,1,190,88,0.13426819443702698,0.1418675826922896,0.10779162358323052,0.12138450144228798,0.1332287745898968
iaml_super_40981,28,logei,native,decay_greedy_packing_grid_a1_2,18,greedy_packing,0.5,190,92,94.00724143492789,0.4842105263157895,1,190,100,0.13426819443702698,0.1275483565481281,0.09549943083446238,0.1070245552693398,0.10847314176654795
iaml_super_40981,28,logei,native,decay_greedy_packing_grid_a1_2,19,greedy_packing,0.5,190,84,94.00724143492789,0.4421052631578947,2,187,74,0.13426819443702698,0.14901125927240505,0.10995364517992685,0.12362463051972304,0.14879519572257635
iaml_super_40981,28,logei,native,decay_greedy_packing_grid_a1_2,20,greedy_packing,0.5,190,89,94.00724143492789,0.46842105263157896,3,185,96,0.13426819443702698,0.1254456254226752,0.09341857137773979,0.10540830184872148,0.09159391999795018
iaml_super_40981,28,logei,native,decay_greedy_packing_grid_a1_2,21,greedy_packing,0.5,190,99,94.00724143492789,0.5210526315789473,1,190,104,0.13426819443702698,0.14671565050542804,0.10949953260944723,0.1232042607501173,0.12671733303980987
iaml_super_40981,28,logei,native,decay_greedy_packing_grid_a1_2,22,greedy_packing,0.5,190,89,94.00724143492789,0.46842105263157896,1,188,101,0.13426819443702698,0.129390267209413,0.09757641333190761,0.1099421899094659,0.10928568794584387
iaml_super_40981,28,logei,native,decay_greedy_packing_grid_a1_2,23,greedy_packing,0.5,190,101,94.00724143492789,0.531578947368421,2,188,94,0.13426819443702698,0.1333162842239171,0.10211708169523867,0.11483254722514963,0.09930944512106042
iaml_super_40981,28,logei,native,decay_greedy_packing_grid_a1_2,24,greedy_packing,0.5,190,94,94.00724143492789,0.49473684210526314,1,190,94,0.13426819443702698,0.12701803400585507,0.09464578250080918,0.10616567832709113,0.10874727030301119
iaml_super_40981,28,logei,native,decay_greedy_packing_grid_a1_2,25,greedy_packing,0.5,190,82,94.00724143492789,0.43157894736842106,1,185,95,0.13426819443702698,0.13213434080789455,0.09575019442057822,0.1077634170209178,0.11914979097279255
iaml_super_40981,28,logei,native,decay_greedy_packing_grid_a1_2,26,greedy_packing,0.5,190,90,94.00724143492789,0.47368421052631576,2,187,82,0.13426819443702698,0.14574674602425677,0.10610742106805865,0.11965272610023629,0.16825249067297637
iaml_super_40981,28,logei,native,decay_greedy_packing_grid_a1_2,27,greedy_packing,0.5,190,92,94.00724143492789,0.4842105263157895,2,190,89,0.13426819443702698,0.12602964743273926,0.09324867333297882,0.10553798341603189,0.11307209841351039
iaml_super_40981,28,logei,native,decay_greedy_packing_grid_a1_2,28,greedy_packing,0.5,190,90,94.00724143492789,0.47368421052631576,1,187,85,0.13426819443702698,0.13664759427452913,0.09947564496226048,0.11298415368359122,0.06058384621128423
iaml_super_40981,28,logei,native,decay_greedy_packing_grid_a1_2,29,greedy_packing,0.5,190,95,94.00724143492789,0.5,2,186,90,0.13426819443702698,0.14207399973559387,0.10633925836102692,0.12047209055529057,0.14537197261162987
iaml_super_40981,28,logei,native,decay_greedy_packing_grid_a1_2,30,greedy_packing,0.5,190,92,94.00724143492789,0.4842105263157895,1,188,93,0.13426819443702698,0.14253963274387935,0.10448210664654571,0.11807357346800733,0.16093058266884772
iaml_super_40981,28,logei,native,decay_greedy_packing_grid_a1_2,31,greedy_packing,0.5,190,84,94.00724143492789,0.4421052631578947,2,188,90,0.13426819443702698,0.14791775801868515,0.10719437901008348,0.12079060811347418,0.09705743007040342
iaml_super_40981,28,logei,native,decay_greedy_packing_grid_a1_2,32,greedy_packing,0.5,190,99,94.00724143492789,0.5210526315789473,2,190,89,0.13426819443702698,0.13189450417724746,0.0984665882117234,0.11138242519602928,0.12033518260217686
iaml_super_40981,28,logei,native,decay_greedy_packing_grid_a1_2,33,greedy_packing,0.5,190,82,94.00724143492789,0.43157894736842106,1,188,85,0.13426819443702698,0.11617159637343742,0.08625370270395531,0.0968947746397903,0.09394864874589812
iaml_super_40981,28,logei,native,decay_greedy_packing_grid_a1_2,34,greedy_packing,0.5,190,87,94.00724143492789,0.45789473684210524,2,189,106,0.13426819443702698,0.1579989642815269,0.1118174394178354,0.1262056695386051,0.1073145992092933
iaml_super_40981,28,logei,native,decay_greedy_packing_grid_a1_2,5,greedy_packing,0.5,190,90,94.00724143492789,0.47368421052631576,1,189,97,0.13426819443702698,0.1159227943864103,0.08864207630026885,0.10048712545167168,0.09855268641112606
iaml_super_40981,28,logei,native,decay_greedy_packing_grid_a1_2,6,greedy_packing,0.5,190,90,94.00724143492789,0.47368421052631576,2,188,94,0.13426819443702698,0.131809696656764,0.10048172132950957,0.11350385645425222,0.12014699252148461
iaml_super_40981,28,logei,native,decay_greedy_packing_grid_a1_2,7,greedy_packing,0.5,190,96,94.00724143492789,0.5052631578947369,1,190,94,0.13426819443702698,0.14078997736007262,0.10136435595062072,0.1148591363491971,0.1256102860674564
iaml_super_40981,28,logei,native,decay_greedy_packing_grid_a1_2,8,greedy_packing,0.5,190,92,94.00724143492789,0.4842105263157895,1,184,91,0.13426819443702698,0.1502297572657883,0.10751942772257604,0.12081735712001275,0.13359960946003413
iaml_super_40981,28,logei,native,decay_greedy_packing_grid_a1_2,9,greedy_packing,0.5,190,85,94.00724143492789,0.4473684210526316,1,189,97,0.13426819443702698,0.14829617265825573,0.11022321349877569,0.1250414477257431,0.1659306339140856
iaml_super_40981,28,logei,native,decay_uniform_grid_a1_2,10,uniform,0.5,190,104,94.00724143492789,0.5473684210526316,1,190,100,0.13426819443702698,0.18930380552122722,0.1387551461063048,0.15735057634948993,0.11990572492767576
iaml_super_40981,28,logei,native,decay_uniform_grid_a1_2,11,uniform,0.5,190,96,94.00724143492789,0.5052631578947369,2,188,88,0.13426819443702698,0.17238318331890437,0.1264494666874268,0.1439658979037444,0.1827499965308766
iaml_super_40981,28,logei,native,decay_uniform_grid_a1_2,12,uniform,0.5,190,100,94.00724143492789,0.5263157894736842,1,189,69,0.13426819443702698,0.16186759959033087,0.11875611139779865,0.13564870965410883,0.1687726974012555
iaml_super_40981,28,logei,native,decay_uniform_grid_a1_2,13,uniform,0.5,190,90,94.00724143492789,0.47368421052631576,1,189,87,0.13426819443702698,0.18449736436926195,0.13775769268626437,0.15683473044473184,0.12940747710639605
iaml_super_40981,28,logei,native,decay_uniform_grid_a1_2,14,uniform,0.5,190,98,94.00724143492789,0.5157894736842106,2,189,90,0.13426819443702698,0.18244448847117933,0.1355406704430101,0.15476830898447788,0.1515123698488962
iaml_super_40981,28,logei,native,decay_uniform_grid_a1_2,15,uniform,0.5,190,101,94.00724143492789,0.531578947368421,1,189,101,0.13426819443702698,0.18485613088977343,0.13719115704042825,0.15675449477278458,0.15621045960390706
iaml_super_40981,28,logei,native,decay_uniform_grid_a1_2,16,uniform,0.5,190,83,94.00724143492789,0.4368421052631579,3,190,87,0.13426819443702698,0.1479140749652265,0.10880834511950255,0.12424033101882512,0.10185240787147447
iaml_super_40981,28,logei,native,decay_uniform_grid_a1_2,17,uniform,0.5,190,96,94.00724143492789,0.5052631578947369,1,190,88,0.13426819443702698,0.16145334335573402,0.11998126049991871,0.1360682020194455,0.11805243170203075
iaml_super_40981,28,logei,native,decay_uniform_grid_a1_2,18,uniform,0.5,190,92,94.00724143492789,0.4842105263157895,1,190,100,0.13426819443702698,0.17607878289760576,0.13010530712362794,0.14750091630509854,0.12932856667746545
iaml_super_40981,28,logei,native,decay_uniform_grid_a1_2,19,uniform,0.5,190,84,94.00724143492789,0.4421052631578947,2,187,74,0.13426819443702698,0.15992232759768166,0.11743388595891832,0.1342793811378846,0.0869496800611074
iaml_super_40981,28,logei,native,decay_uniform_grid_a1_2,20,uniform,0.5,190,89,94.00724143492789,0.46842105263157896,3,185,96,0.13426819443702698,0.1737596823556369,0.1232662313217519,0.1407997233993934,0.2018098373854375
iaml_super_40981,28,logei,native,decay_uniform_grid_a1_2,21,uniform,0.5,190,99,94.00724143492789,0.5210526315789473,1,190,104,0.13426819443702698,0.1656927814522474,0.12207693180532614,0.13961324038118775,0.10011067927260991
iaml_super_40981,28,logei,native,decay_uniform_grid_a1_2,22,uniform,0.5,190,89,94.00724143492789,0.46842105263157896,1,188,101,0.13426819443702698,0.14613831292280918,0.10672882918493395,0.12174339134098355,0.18860778908492662
iaml_super_40981,28,logei,native,decay_uniform_grid_a1_2,23,uniform,0.5,190,101,94.00724143492789,0.531578947368421,2,188,94,0.13426819443702698,0.19214255780048917,0.13506342399379986,0.15318368678101807,0.17277013579683848
iaml_super_40981,28,logei,native,decay_uniform_grid_a1_2,24,uniform,0.5,190,94,94.00724143492789,0.49473684210526314,1,190,94,0.13426819443702698,0.17997037095843005,0.1325720999949075,0.152019386821627,0.1311593553190946
iaml_super_40981,28,logei,native,decay_uniform_grid_a1_2,25,uniform,0.5,190,82,94.00724143492789,0.43157894736842106,1,185,95,0.13426819443702698,0.1618320919609402,0.11973604222209039,0.1374879253765334,0.12842760952555857
iaml_super_40981,28,logei,native,decay_uniform_grid_a1_2,26,uniform,0.5,190,90,94.00724143492789,0.47368421052631576,2,187,82,0.13426819443702698,0.17543548572687745,0.12349963074220742,0.1406272274769949,0.16113421623568516
iaml_super_40981,28,logei,native,decay_uniform_grid_a1_2,27,uniform,0.5,190,92,94.00724143492789,0.4842105263157895,2,190,89,0.13426819443702698,0.1907661288515468,0.1350594551912283,0.15360282258744615,0.1282399002373682
iaml_super_40981,28,logei,native,decay_uniform_grid_a1_2,28,uniform,0.5,190,90,94.00724143492789,0.47368421052631576,1,187,85,0.13426819443702698,0.16368041354193233,0.12070913782139892,0.13736021274701327,0.13085969164745503
iaml_super_40981,28,logei,native,decay_uniform_grid_a1_2,29,uniform,0.5,190,95,94.00724143492789,0.5,2,186,90,0.13426819443702698,0.1668922099580547,0.12124462581471268,0.13897449077897692,0.14706843582778542
iaml_super_40981,28,logei,native,decay_uniform_grid_a1_2,30,uniform,0.5,190,92,94.00724143492789,0.4842105263157895,1,188,93,0.25979936122894287,0.1702996329893205,0.12206795271804953,0.13953535465761105,0.17241558820470484
iaml_super_40981,28,logei,native,decay_uniform_grid_a1_2,31,uniform,0.5,190,84,94.00724143492789,0.4421052631578947,2,188,90,0.13426819443702698,0.16839562390450338,0.11905535396663863,0.1357767912479419,0.15484234353455617
iaml_super_40981,28,logei,native,decay_uniform_grid_a1_2,32,uniform,0.5,190,99,94.00724143492789,0.5210526315789473,2,190,89,0.13426819443702698,0.16823980172445496,0.11799538663157264,0.1347875823855288,0.11472140687936569
iaml_super_40981,28,logei,native,decay_uniform_grid_a1_2,33,uniform,0.5,190,82,94.00724143492789,0.43157894736842106,1,188,85,0.13426819443702698,0.1724097568946616,0.13291244647039335,0.1504116042629557,0.1508415772907871
iaml_super_40981,28,logei,native,decay_uniform_grid_a1_2,34,uniform,0.5,190,87,94.00724143492789,0.45789473684210524,2,189,106,0.13426819443702698,0.16858497886300078,0.12455437633962894,0.14252717454873562,0.1431999007143913
iaml_super_40981,28,logei,native,decay_uniform_grid_a1_2,5,uniform,0.5,190,90,94.00724143492789,0.47368421052631576,1,189,97,0.13426819443702698,0.18161875997580695,0.13358037156127367,0.1525706906462281,0.18730481232540896
iaml_super_40981,28,logei,native,decay_uniform_grid_a1_2,6,uniform,0.5,190,90,94.00724143492789,0.47368421052631576,2,188,94,0.13426819443702698,0.16837096348197234,0.12935192564272102,0.14687159747335668,0.1840253322511586
iaml_super_40981,28,logei,native,decay_uniform_grid_a1_2,7,uniform,0.5,190,96,94.00724143492789,0.5052631578947369,1,190,94,0.13426819443702698,0.16433151288158876,0.11768566046551275,0.13395517531335308,0.11724295501366155
iaml_super_40981,28,logei,native,decay_uniform_grid_a1_2,8,uniform,0.5,190,92,94.00724143492789,0.4842105263157895,1,184,91,0.13426819443702698,0.18729690262227006,0.13799638143132034,0.15741063969122446,0.16985125052338462
iaml_super_40981,28,logei,native,decay_uniform_grid_a1_2,9,uniform,0.5,190,85,94.00724143492789,0.4473684210526316,1,189,97,0.13426819443702698,0.16004566766340295,0.11898700904809668,0.13607538506424458,0.14451985186681926
iaml_super_40981,28,logei,native,standard,10,none,nan,190,0,0.0,0.0,,,0,0.13426819443702698,0.10141265224467831,0.07491428096484082,0.08555135693672969,0.05805707308492542
iaml_super_40981,28,logei,native,standard,11,none,nan,190,0,0.0,0.0,,,0,0.13426819443702698,0.06397237182031912,0.048234174298840075,0.055885590511918035,0.036349103711504516
iaml_super_40981,28,logei,native,standard,12,none,nan,190,0,0.0,0.0,,,0,0.13426850736141205,0.08032601782607839,0.053975855715924774,0.06296829456372588,0.03854535460475217
iaml_super_40981,28,logei,native,standard,13,none,nan,190,0,0.0,0.0,,,0,0.13426819443702698,0.06736098240226951,0.04947366769383711,0.05695273194050583,0.02667256159511029
iaml_super_40981,28,logei,native,standard,14,none,nan,190,0,0.0,0.0,,,0,0.13426819443702698,0.08878651039946558,0.0650233794531529,0.07499347667676189,0.037212617850755594
iaml_super_40981,28,logei,native,standard,15,none,nan,190,0,0.0,0.0,,,0,0.13426819443702698,0.09430607664321954,0.06743328534647497,0.07734694492837917,0.03354831042407564
iaml_super_40981,28,logei,native,standard,16,none,nan,190,0,0.0,0.0,,,0,0.13426819443702698,0.07779794795369233,0.05410266494232008,0.06306297993393914,0.04436088460610999
iaml_super_40981,28,logei,native,standard,17,none,nan,190,0,0.0,0.0,,,0,0.13426819443702698,0.07506413853985648,0.05150070880123454,0.05907901256972628,0.028246905618437918
iaml_super_40981,28,logei,native,standard,18,none,nan,190,0,0.0,0.0,,,0,0.13426819443702698,0.08114632945815665,0.051850257417666364,0.06015917095526127,0.0362369445130712
iaml_super_40981,28,logei,native,standard,19,none,nan,190,0,0.0,0.0,,,0,0.13426819443702698,0.0762403569782449,0.05192504066852411,0.06078769317918682,0.03600843089229826
iaml_super_40981,28,logei,native,standard,20,none,nan,190,0,0.0,0.0,,,0,0.13426819443702698,0.07687814994356837,0.0548516693788951,0.06319155913570972,0.030347596600313675
iaml_super_40981,28,logei,native,standard,21,none,nan,190,0,0.0,0.0,,,0,0.13426819443702698,0.06691588970197018,0.04983321105113775,0.05699316831058332,0.02192912718592507
iaml_super_40981,28,logei,native,standard,22,none,nan,190,0,0.0,0.0,,,0,0.13426819443702698,0.09631429894203525,0.07162463779806019,0.08247508894762386,0.050749796723742614
iaml_super_40981,28,logei,native,standard,23,none,nan,190,0,0.0,0.0,,,0,0.13426819443702698,0.08944490412022502,0.06110900525040186,0.07041814469480237,0.055352669511678186
iaml_super_40981,28,logei,native,standard,24,none,nan,190,0,0.0,0.0,,,0,0.13426819443702698,0.07921936991172258,0.055754233162108854,0.06539771586177075,0.03893691021282257
iaml_super_40981,28,logei,native,standard,25,none,nan,190,0,0.0,0.0,,,0,0.13426819443702698,0.07232959658568229,0.04881228443740463,0.055890366273788454,0.028297024100494637
iaml_super_40981,28,logei,native,standard,26,none,nan,190,0,0.0,0.0,,,0,0.13426819443702698,0.06791003041139665,0.04849574668417684,0.055933147760896904,0.03282285823065462
iaml_super_40981,28,logei,native,standard,27,none,nan,190,0,0.0,0.0,,,0,0.13426850736141205,0.07117489379793461,0.05200464091668496,0.05963977283911345,0.021722094544819843
iaml_super_40981,28,logei,native,standard,28,none,nan,190,0,0.0,0.0,,,0,0.13426819443702698,0.07530164107005634,0.0532064657974917,0.06193664931031453,0.019476600364655042
iaml_super_40981,28,logei,native,standard,29,none,nan,190,0,0.0,0.0,,,0,0.13426819443702698,0.1342333995634837,0.0956859400398354,0.10882894370316865,0.09639573199001228
iaml_super_40981,28,logei,native,standard,30,none,nan,190,0,0.0,0.0,,,0,0.13426819443702698,0.08480916463953149,0.056561704700829454,0.06485000848383986,0.030699848496891023
iaml_super_40981,28,logei,native,standard,31,none,nan,190,0,0.0,0.0,,,0,0.13426819443702698,0.07119630105226513,0.05125843209919381,0.05893962167347481,0.035400746771628765
iaml_super_40981,28,logei,native,standard,32,none,nan,190,0,0.0,0.0,,,0,0.13426819443702698,0.07079418369845987,0.04910983792031285,0.0576246031716377,0.040833287742818525
iaml_super_40981,28,logei,native,standard,33,none,nan,190,0,0.0,0.0,,,0,0.13426819443702698,0.07128565956421581,0.049854928570566344,0.05793570694463765,0.03762202888306399
iaml_super_40981,28,logei,native,standard,34,none,nan,190,0,0.0,0.0,,,0,0.13426819443702698,0.07045752200908252,0.0496180064577436,0.05695940448108977,0.03229642421258
iaml_super_40981,28,logei,native,standard,5,none,nan,190,0,0.0,0.0,,,0,0.13426819443702698,0.07667812160442282,0.053930008922389444,0.06280007404629913,0.03447349012810542
iaml_super_40981,28,logei,native,standard,6,none,nan,190,0,0.0,0.0,,,0,0.30079370737075806,0.07030772848633247,0.05276696769287996,0.06049769172401055,0.030183286524088596
iaml_super_40981,28,logei,native,standard,7,none,nan,190,0,0.0,0.0,,,0,0.13426819443702698,0.07785511619590547,0.053221560268303755,0.06122705956370027,0.04014348431371025
iaml_super_40981,28,logei,native,standard,8,none,nan,190,0,0.0,0.0,,,0,0.13426819443702698,0.09102982833592752,0.06773246605988717,0.07714701723364982,0.05134869431977333
iaml_super_40981,28,logei,native,standard,9,none,nan,190,0,0.0,0.0,,,0,0.13426819443702698,0.09394892766361651,0.06826892680599059,0.07810744689659725,0.02448034722618912
iaml_super_40981,28,mes_gumbel,native,decay_greedy_packing_grid_a1_2,10,greedy_packing,0.5,190,104,94.00724143492789,0.5473684210526316,1,190,100,0.13426819443702698,0.1520520375619585,0.10976362251772737,0.12311806726224596,0.1433010455549368
iaml_super_40981,28,mes_gumbel,native,decay_greedy_packing_grid_a1_2,11,greedy_packing,0.5,190,96,94.00724143492789,0.5052631578947369,2,188,88,0.13426819443702698,0.14041522227624276,0.09959218493746749,0.11277466556163813,0.12350125744095833
iaml_super_40981,28,mes_gumbel,native,decay_greedy_packing_grid_a1_2,12,greedy_packing,0.5,190,100,94.00724143492789,0.5263157894736842,1,189,69,0.13426850736141205,0.14444677166423195,0.1104073139373257,0.125219988220076,0.1358257617847217
iaml_super_40981,28,mes_gumbel,native,decay_greedy_packing_grid_a1_2,13,greedy_packing,0.5,190,90,94.00724143492789,0.47368421052631576,1,189,87,0.13426819443702698,0.13987806675934983,0.09925738958258193,0.11238855120657988,0.1351397478191091
iaml_super_40981,28,mes_gumbel,native,decay_greedy_packing_grid_a1_2,14,greedy_packing,0.5,190,98,94.00724143492789,0.5157894736842106,2,189,90,0.13426819443702698,0.16212322262960482,0.11757945033205858,0.13212927554622245,0.15223474208904114
iaml_super_40981,28,mes_gumbel,native,decay_greedy_packing_grid_a1_2,15,greedy_packing,0.5,190,101,94.00724143492789,0.531578947368421,1,189,101,0.13426819443702698,0.15108714043249255,0.11325715050476744,0.12764491157395627,0.14126685823477902
iaml_super_40981,28,mes_gumbel,native,decay_greedy_packing_grid_a1_2,16,greedy_packing,0.5,190,83,94.00724143492789,0.4368421052631579,3,190,87,0.13426819443702698,0.1408185352266898,0.10510532216308141,0.11794554121965974,0.12520349971495676
iaml_super_40981,28,mes_gumbel,native,decay_greedy_packing_grid_a1_2,17,greedy_packing,0.5,190,96,94.00724143492789,0.5052631578947369,1,190,88,0.13426819443702698,0.14118181330932678,0.10591844861448184,0.119594808353448,0.13617903127221193
iaml_super_40981,28,mes_gumbel,native,decay_greedy_packing_grid_a1_2,18,greedy_packing,0.5,190,92,94.00724143492789,0.4842105263157895,1,190,100,0.13426819443702698,0.12624278236285652,0.09500162873047505,0.10652881755744567,0.10678006959318609
iaml_super_40981,28,mes_gumbel,native,decay_greedy_packing_grid_a1_2,19,greedy_packing,0.5,190,84,94.00724143492789,0.4421052631578947,2,187,74,0.13426819443702698,0.14065801060373725,0.10279497638957916,0.11574788953277673,0.13395741012233184
iaml_super_40981,28,mes_gumbel,native,decay_greedy_packing_grid_a1_2,20,greedy_packing,0.5,190,89,94.00724143492789,0.46842105263157896,3,185,96,0.13426819443702698,0.11837735993780041,0.09006042179661256,0.10136001304666237,0.17277988464100594
iaml_super_40981,28,mes_gumbel,native,decay_greedy_packing_grid_a1_2,21,greedy_packing,0.5,190,99,94.00724143492789,0.5210526315789473,1,190,104,0.13426819443702698,0.14803650869614263,0.1121285837377616,0.12621923198460117,0.14249764722483618
iaml_super_40981,28,mes_gumbel,native,decay_greedy_packing_grid_a1_2,22,greedy_packing,0.5,190,89,94.00724143492789,0.46842105263157896,1,188,101,0.13426819443702698,0.1305005957024418,0.10029105253812858,0.11283126999988909,0.13109905928422208
iaml_super_40981,28,mes_gumbel,native,decay_greedy_packing_grid_a1_2,23,greedy_packing,0.5,190,101,94.00724143492789,0.531578947368421,2,188,94,0.13426819443702698,0.13473089990650206,0.10065107263106597,0.11325095019005331,0.11605897184040465
iaml_super_40981,28,mes_gumbel,native,decay_greedy_packing_grid_a1_2,24,greedy_packing,0.5,190,94,94.00724143492789,0.49473684210526314,1,190,94,0.13426819443702698,0.1266125595637502,0.09570720817653663,0.10719662414624928,0.10838903560601511
iaml_super_40981,28,mes_gumbel,native,decay_greedy_packing_grid_a1_2,25,greedy_packing,0.5,190,82,94.00724143492789,0.43157894736842106,1,185,95,0.13426819443702698,0.1403864113764123,0.10257398661471007,0.115205243671417,0.11769401341026894
iaml_super_40981,28,mes_gumbel,native,decay_greedy_packing_grid_a1_2,26,greedy_packing,0.5,190,90,94.00724143492789,0.47368421052631576,2,187,82,0.13426819443702698,0.13703749157856787,0.09951088176051906,0.1118386593138735,0.13488115524962477
iaml_super_40981,28,mes_gumbel,native,decay_greedy_packing_grid_a1_2,27,greedy_packing,0.5,190,92,94.00724143492789,0.4842105263157895,2,190,89,0.13426819443702698,0.12524316827557547,0.09107499996578261,0.10246300157175287,0.10827648088743648
iaml_super_40981,28,mes_gumbel,native,decay_greedy_packing_grid_a1_2,28,greedy_packing,0.5,190,90,94.00724143492789,0.47368421052631576,1,187,85,0.13426819443702698,0.12806733822047475,0.09432468696618238,0.10615700472640668,0.12737623232713519
iaml_super_40981,28,mes_gumbel,native,decay_greedy_packing_grid_a1_2,29,greedy_packing,0.5,190,95,94.00724143492789,0.5,2,186,90,0.13426819443702698,0.13461591123317468,0.10029253182305156,0.1134423714862174,0.16906182067373898
iaml_super_40981,28,mes_gumbel,native,decay_greedy_packing_grid_a1_2,30,greedy_packing,0.5,190,92,94.00724143492789,0.4842105263157895,1,188,93,0.13426819443702698,0.13984719702507276,0.10420725672919214,0.11804533019049863,0.153366407900632
iaml_super_40981,28,mes_gumbel,native,decay_greedy_packing_grid_a1_2,31,greedy_packing,0.5,190,84,94.00724143492789,0.4421052631578947,2,188,90,0.13426819443702698,0.12851797103423934,0.09258225110336174,0.10420635900044246,0.09344399575172536
iaml_super_40981,28,mes_gumbel,native,decay_greedy_packing_grid_a1_2,32,greedy_packing,0.5,190,99,94.00724143492789,0.5210526315789473,2,190,89,0.13426819443702698,0.13898947219319258,0.1041671227818915,0.11784182225562963,0.12302728503957344
iaml_super_40981,28,mes_gumbel,native,decay_greedy_packing_grid_a1_2,33,greedy_packing,0.5,190,82,94.00724143492789,0.43157894736842106,1,188,85,0.13426819443702698,0.12196763402513233,0.09114385293842422,0.10225992227214156,0.09852309360688445
iaml_super_40981,28,mes_gumbel,native,decay_greedy_packing_grid_a1_2,34,greedy_packing,0.5,190,87,94.00724143492789,0.45789473684210524,2,189,106,0.13426819443702698,0.1446946928705838,0.10502982739994576,0.11871855381816411,0.12358598946034684
iaml_super_40981,28,mes_gumbel,native,decay_greedy_packing_grid_a1_2,5,greedy_packing,0.5,190,90,94.00724143492789,0.47368421052631576,1,189,97,0.13426819443702698,0.12191042594609018,0.09278925482821312,0.10510090504069924,0.1062991771987785
iaml_super_40981,28,mes_gumbel,native,decay_greedy_packing_grid_a1_2,6,greedy_packing,0.5,190,90,94.00724143492789,0.47368421052631576,2,188,94,0.13426819443702698,0.143987321132417,0.10970008135521772,0.12389451943365587,0.16407665929890938
iaml_super_40981,28,mes_gumbel,native,decay_greedy_packing_grid_a1_2,7,greedy_packing,0.5,190,96,94.00724143492789,0.5052631578947369,1,190,94,0.13426819443702698,0.14060387104011043,0.10227771699793643,0.11574926487904309,0.11976357376829291
iaml_super_40981,28,mes_gumbel,native,decay_greedy_packing_grid_a1_2,8,greedy_packing,0.5,190,92,94.00724143492789,0.4842105263157895,1,184,91,0.13426819443702698,0.13881219440639414,0.09905554562452472,0.11090705132177299,0.13275872599354965
iaml_super_40981,28,mes_gumbel,native,decay_greedy_packing_grid_a1_2,9,greedy_packing,0.5,190,85,94.00724143492789,0.4473684210526316,1,189,97,0.13426819443702698,0.14560516520761968,0.10915046782864171,0.12304226634457786,0.12977378254678923
iaml_super_40981,28,mes_gumbel,native,decay_uniform_grid_a1_2,10,uniform,0.5,190,104,94.00724143492789,0.5473684210526316,1,190,100,0.13426819443702698,0.17605257403002667,0.12982873544922935,0.1468302427305987,0.1108705218466979
iaml_super_40981,28,mes_gumbel,native,decay_uniform_grid_a1_2,11,uniform,0.5,190,96,94.00724143492789,0.5052631578947369,2,188,88,0.13426819443702698,0.17731027349802972,0.12744241241053472,0.14457525143469493,0.18939780386326266
iaml_super_40981,28,mes_gumbel,native,decay_uniform_grid_a1_2,12,uniform,0.5,190,100,94.00724143492789,0.5263157894736842,1,189,69,0.13426819443702698,0.16202503412323382,0.11796732273355376,0.13435801044906148,0.17852852589959642
iaml_super_40981,28,mes_gumbel,native,decay_uniform_grid_a1_2,13,uniform,0.5,190,90,94.00724143492789,0.47368421052631576,1,189,87,0.13426819443702698,0.18238501709315702,0.13632582917127237,0.1554968590130634,0.177694027333157
iaml_super_40981,28,mes_gumbel,native,decay_uniform_grid_a1_2,14,uniform,0.5,190,98,94.00724143492789,0.5157894736842106,2,189,90,0.13426819443702698,0.16758431890993664,0.12295277532605078,0.1405386080915014,0.20407712236833264
iaml_super_40981,28,mes_gumbel,native,decay_uniform_grid_a1_2,15,uniform,0.5,190,101,94.00724143492789,0.531578947368421,1,189,101,0.13426819443702698,0.1755550190423688,0.13415368020874846,0.1527517979065588,0.18749607692562223
iaml_super_40981,28,mes_gumbel,native,decay_uniform_grid_a1_2,16,uniform,0.5,190,83,94.00724143492789,0.4368421052631579,3,190,87,0.13426819443702698,0.15525966361407556,0.11177795153717378,0.1273389672705373,0.10466216020910266
iaml_super_40981,28,mes_gumbel,native,decay_uniform_grid_a1_2,17,uniform,0.5,190,96,94.00724143492789,0.5052631578947369,1,190,88,0.13426819443702698,0.16002958806468995,0.11892401327165802,0.13528484868982055,0.11735779771356503
iaml_super_40981,28,mes_gumbel,native,decay_uniform_grid_a1_2,18,uniform,0.5,190,92,94.00724143492789,0.4842105263157895,1,190,100,0.13426819443702698,0.16893521283039567,0.1239230587582091,0.14054302508294964,0.12382254882429569
iaml_super_40981,28,mes_gumbel,native,decay_uniform_grid_a1_2,19,uniform,0.5,190,84,94.00724143492789,0.4421052631578947,2,187,74,0.13426819443702698,0.16463394446746957,0.12059960525220725,0.13788737127832704,0.11751256645531231
iaml_super_40981,28,mes_gumbel,native,decay_uniform_grid_a1_2,20,uniform,0.5,190,89,94.00724143492789,0.46842105263157896,3,185,96,0.13426819443702698,0.175722409123074,0.1235596721551958,0.14042272213033596,0.17924126353779413
iaml_super_40981,28,mes_gumbel,native,decay_uniform_grid_a1_2,21,uniform,0.5,190,99,94.00724143492789,0.5210526315789473,1,190,104,0.13426819443702698,0.16364378418124442,0.11897296999859354,0.1356924708352702,0.09727854217823716
iaml_super_40981,28,mes_gumbel,native,decay_uniform_grid_a1_2,22,uniform,0.5,190,89,94.00724143492789,0.46842105263157896,1,188,101,0.13426850736141205,0.15113663404219205,0.11111768919750942,0.12649194430135963,0.12528542823863562
iaml_super_40981,28,mes_gumbel,native,decay_uniform_grid_a1_2,23,uniform,0.5,190,101,94.00724143492789,0.531578947368421,2,188,94,0.13426819443702698,0.17530581222792696,0.1250799782403163,0.14189530260807592,0.17206594535154573
iaml_super_40981,28,mes_gumbel,native,decay_uniform_grid_a1_2,24,uniform,0.5,190,94,94.00724143492789,0.49473684210526314,1,190,94,0.13426819443702698,0.17900959882325887,0.13133635639707242,0.14938714370608058,0.12740927865711266
iaml_super_40981,28,mes_gumbel,native,decay_uniform_grid_a1_2,25,uniform,0.5,190,82,94.00724143492789,0.43157894736842106,1,185,95,0.13426819443702698,0.16834633224261325,0.12376233785376989,0.14044226748271513,0.16830325503065616
iaml_super_40981,28,mes_gumbel,native,decay_uniform_grid_a1_2,26,uniform,0.5,190,90,94.00724143492789,0.47368421052631576,2,187,82,0.13426819443702698,0.17379403770272336,0.12431264609080078,0.14151488736229798,0.13169996641823037
iaml_super_40981,28,mes_gumbel,native,decay_uniform_grid_a1_2,27,uniform,0.5,190,92,94.00724143492789,0.4842105263157895,2,190,89,0.13426819443702698,0.17573740478515318,0.12266323102883295,0.13960487161606625,0.11305344787133319
iaml_super_40981,28,mes_gumbel,native,decay_uniform_grid_a1_2,28,uniform,0.5,190,90,94.00724143492789,0.47368421052631576,1,187,85,0.13426819443702698,0.16663951662334936,0.1233757263756918,0.1403827183053418,0.14233945563937644
iaml_super_40981,28,mes_gumbel,native,decay_uniform_grid_a1_2,29,uniform,0.5,190,95,94.00724143492789,0.5,2,186,90,0.13426819443702698,0.15434575865918784,0.11101127115886394,0.12696878673715156,0.14683052154839593
iaml_super_40981,28,mes_gumbel,native,decay_uniform_grid_a1_2,30,uniform,0.5,190,92,94.00724143492789,0.4842105263157895,1,188,93,0.25979936122894287,0.16768573485479066,0.12363608328979683,0.1410712171952712,0.24094769379305062
iaml_super_40981,28,mes_gumbel,native,decay_uniform_grid_a1_2,31,uniform,0.5,190,84,94.00724143492789,0.4421052631578947,2,188,90,0.13426819443702698,0.16594984942246843,0.11822112954764989,0.13471710263214545,0.15214464028791272
iaml_super_40981,28,mes_gumbel,native,decay_uniform_grid_a1_2,32,uniform,0.5,190,99,94.00724143492789,0.5210526315789473,2,190,89,0.13426819443702698,0.17389770762922901,0.12448545402018792,0.14228765040718394,0.12240257299888595
iaml_super_40981,28,mes_gumbel,native,decay_uniform_grid_a1_2,33,uniform,0.5,190,82,94.00724143492789,0.43157894736842106,1,188,85,0.13426819443702698,0.15848879427825002,0.11750630468139477,0.13249996587833968,0.15990257017382156
iaml_super_40981,28,mes_gumbel,native,decay_uniform_grid_a1_2,34,uniform,0.5,190,87,94.00724143492789,0.45789473684210524,2,189,106,0.13426819443702698,0.17992205545130463,0.13065614863383226,0.14793380043121088,0.20365930472521623
iaml_super_40981,28,mes_gumbel,native,decay_uniform_grid_a1_2,5,uniform,0.5,190,90,94.00724143492789,0.47368421052631576,1,189,97,0.13426819443702698,0.188102676559007,0.13712701898513158,0.15631389745091492,0.2067978638907141
iaml_super_40981,28,mes_gumbel,native,decay_uniform_grid_a1_2,6,uniform,0.5,190,90,94.00724143492789,0.47368421052631576,2,188,94,0.13426819443702698,0.168504000291944,0.12763405443969505,0.14475907597036114,0.22240584570062277
iaml_super_40981,28,mes_gumbel,native,decay_uniform_grid_a1_2,7,uniform,0.5,190,96,94.00724143492789,0.5052631578947369,1,190,94,0.13426819443702698,0.16805822624276598,0.12236858187083627,0.1387263887990064,0.12176540027264136
iaml_super_40981,28,mes_gumbel,native,decay_uniform_grid_a1_2,8,uniform,0.5,190,92,94.00724143492789,0.4842105263157895,1,184,91,0.13426819443702698,0.18585490178761696,0.13696869100672593,0.15559364417653446,0.18627513291798234
iaml_super_40981,28,mes_gumbel,native,decay_uniform_grid_a1_2,9,uniform,0.5,190,85,94.00724143492789,0.4473684210526316,1,189,97,0.13426819443702698,0.16357634197169443,0.12079715653132801,0.13706678944350612,0.16335024675139548
iaml_super_40981,28,mes_gumbel,native,standard,10,none,nan,190,0,0.0,0.0,,,0,0.13426819443702698,0.1027430659900563,0.07241953677245147,0.08336890430837857,0.08507488479616439
iaml_super_40981,28,mes_gumbel,native,standard,11,none,nan,190,0,0.0,0.0,,,0,0.13426819443702698,0.07454366414171884,0.05353367586069002,0.06192164788341944,0.0416421949817266
iaml_super_40981,28,mes_gumbel,native,standard,12,none,nan,190,0,0.0,0.0,,,0,0.13426819443702698,0.09123691582103084,0.06585603012524358,0.0766351396851874,0.06044016866654972
iaml_super_40981,28,mes_gumbel,native,standard,13,none,nan,190,0,0.0,0.0,,,0,0.13426819443702698,0.09242267368865774,0.06430425261899339,0.0746223402516017,0.06261131624233279
iaml_super_40981,28,mes_gumbel,native,standard,14,none,nan,190,0,0.0,0.0,,,0,0.13426819443702698,0.10385608214920142,0.07509168830844494,0.08648006727680094,0.043387394055713034
iaml_super_40981,28,mes_gumbel,native,standard,15,none,nan,190,0,0.0,0.0,,,0,0.13426819443702698,0.10533423528531584,0.07516623493560032,0.08646862578425726,0.04804721757503334
iaml_super_40981,28,mes_gumbel,native,standard,16,none,nan,190,0,0.0,0.0,,,0,0.13426819443702698,0.09170318873025332,0.06851568821265791,0.07904372342216559,0.07433004433958561
iaml_super_40981,28,mes_gumbel,native,standard,17,none,nan,190,0,0.0,0.0,,,0,0.13426819443702698,0.09938100004513202,0.07185749852057381,0.0823367548706989,0.04525966767183511
iaml_super_40981,28,mes_gumbel,native,standard,18,none,nan,190,0,0.0,0.0,,,0,0.13426819443702698,0.12074597179120956,0.08818687419500518,0.10109774780594877,0.04459497156174211
iaml_super_40981,28,mes_gumbel,native,standard,19,none,nan,190,0,0.0,0.0,,,0,0.13426819443702698,0.10559388542404584,0.06931183660418426,0.08015416574802556,0.05510297530369789
iaml_super_40981,28,mes_gumbel,native,standard,20,none,nan,190,0,0.0,0.0,,,0,0.13426819443702698,0.08387768836831373,0.0599485638652226,0.06904435861753412,0.059413671766881275
iaml_super_40981,28,mes_gumbel,native,standard,21,none,nan,190,0,0.0,0.0,,,0,0.13426819443702698,0.08603853872237935,0.06216687966124655,0.07151527759559641,0.04253138419551495
iaml_super_40981,28,mes_gumbel,native,standard,22,none,nan,190,0,0.0,0.0,,,0,0.13426819443702698,0.08510870464355924,0.061028569847403666,0.07012028419699143,0.06820683033277268
iaml_super_40981,28,mes_gumbel,native,standard,23,none,nan,190,0,0.0,0.0,,,0,0.13426819443702698,0.10521137317367993,0.0680520248972909,0.07807020209967448,0.044021966667101946
iaml_super_40981,28,mes_gumbel,native,standard,24,none,nan,190,0,0.0,0.0,,,0,0.13426819443702698,0.07266842834310894,0.05193136953322138,0.06006718707816986,0.05902303759187464
iaml_super_40981,28,mes_gumbel,native,standard,25,none,nan,190,0,0.0,0.0,,,0,0.13426819443702698,0.06857419887939743,0.04874990570516494,0.05569174388611637,0.04226429185046246
iaml_super_40981,28,mes_gumbel,native,standard,26,none,nan,190,0,0.0,0.0,,,0,0.13426819443702698,0.09089655248726751,0.06327779112545692,0.07310207958639137,0.036132458431619864
iaml_super_40981,28,mes_gumbel,native,standard,27,none,nan,190,0,0.0,0.0,,,0,0.13426819443702698,0.08664158790101206,0.06029602801521215,0.06896440978334947,0.04897499292784194
iaml_super_40981,28,mes_gumbel,native,standard,28,none,nan,190,0,0.0,0.0,,,0,0.13426819443702698,0.11460885177845162,0.08077409784173024,0.09306090189842509,0.065498207822431
iaml_super_40981,28,mes_gumbel,native,standard,29,none,nan,190,0,0.0,0.0,,,0,0.13426819443702698,0.09144511495584402,0.06611788339935151,0.07607574082262561,0.039658311391073967
iaml_super_40981,28,mes_gumbel,native,standard,30,none,nan,190,0,0.0,0.0,,,0,0.13426819443702698,0.09076377888926386,0.06580889199851817,0.07586282990685529,0.05330496484082073
iaml_super_40981,28,mes_gumbel,native,standard,31,none,nan,190,0,0.0,0.0,,,0,0.13426819443702698,0.09837946783576683,0.0685556100521115,0.07862106391438123,0.05536241580454092
iaml_super_40981,28,mes_gumbel,native,standard,32,none,nan,190,0,0.0,0.0,,,0,0.13426819443702698,0.08080754785779065,0.058591551349208404,0.06739834701571086,0.06261491350111592
iaml_super_40981,28,mes_gumbel,native,standard,33,none,nan,190,0,0.0,0.0,,,0,0.13426819443702698,0.09093089717716116,0.06492514801684873,0.07488438070990876,0.05813439910692102
iaml_super_40981,28,mes_gumbel,native,standard,34,none,nan,190,0,0.0,0.0,,,0,0.13426819443702698,0.08571248208594337,0.06295468274256957,0.07260399706936445,0.058301564451257885
iaml_super_40981,28,mes_gumbel,native,standard,5,none,nan,190,0,0.0,0.0,,,0,0.13426819443702698,0.08403460422076922,0.06241793336955248,0.07218546581434081,0.05072524321241886
iaml_super_40981,28,mes_gumbel,native,standard,6,none,nan,190,0,0.0,0.0,,,0,0.13426819443702698,0.09560314808300487,0.07057358306905402,0.08216456807437039,0.06069129168773
iaml_super_40981,28,mes_gumbel,native,standard,7,none,nan,190,0,0.0,0.0,,,0,0.13426819443702698,0.0986624436935684,0.06811399912398988,0.07880428758073377,0.030489882125912828
iaml_super_40981,28,mes_gumbel,native,standard,8,none,nan,190,0,0.0,0.0,,,0,0.13426819443702698,0.10015851937368521,0.07796882840528757,0.08962708910008152,0.030000094460555557
iaml_super_40981,28,mes_gumbel,native,standard,9,none,nan,190,0,0.0,0.0,,,0,0.13426819443702698,0.10310653035407454,0.07565773074238513,0.08676534656038047,0.04877594988654631
iaml_super_40981,28,ts,logarithmic,decay_greedy_packing_grid_a1_2,10,greedy_packing,0.5,190,104,94.00724143492789,0.5473684210526316,1,190,100,0.1365327090024948,0.1754235351387087,0.1327849205753303,0.14963336704563965,0.15802652350454127
iaml_super_40981,28,ts,logarithmic,decay_greedy_packing_grid_a1_2,11,greedy_packing,0.5,190,96,94.00724143492789,0.5052631578947369,2,188,88,0.19194017350673676,0.18407184067506635,0.13409752454154295,0.1521845792769876,0.13233697685036885
iaml_super_40981,28,ts,logarithmic,decay_greedy_packing_grid_a1_2,12,greedy_packing,0.5,190,100,94.00724143492789,0.5263157894736842,1,189,69,0.13427624106407166,0.1644518465726095,0.12726573675747588,0.14486703080879168,0.13210847526811562
iaml_super_40981,28,ts,logarithmic,decay_greedy_packing_grid_a1_2,13,greedy_packing,0.5,190,90,94.00724143492789,0.47368421052631576,1,189,87,0.15480588376522064,0.1821995969995609,0.1335793589611971,0.15090033309445186,0.16472763682421337
iaml_super_40981,28,ts,logarithmic,decay_greedy_packing_grid_a1_2,14,greedy_packing,0.5,190,98,94.00724143492789,0.5157894736842106,2,189,90,0.2950671911239624,0.16835531425471723,0.1269600146511644,0.14478009670764422,0.12848225392411364
iaml_super_40981,28,ts,logarithmic,decay_greedy_packing_grid_a1_2,15,greedy_packing,0.5,190,101,94.00724143492789,0.531578947368421,1,189,101,0.1359902322292328,0.1713432076166332,0.12447002788851286,0.1407362994860868,0.12011959177598065
iaml_super_40981,28,ts,logarithmic,decay_greedy_packing_grid_a1_2,16,greedy_packing,0.5,190,83,94.00724143492789,0.4368421052631579,3,190,87,0.13435757160186768,0.18652301477602942,0.14358311606852237,0.16215266871917883,0.16524168638478623
iaml_super_40981,28,ts,logarithmic,decay_greedy_packing_grid_a1_2,17,greedy_packing,0.5,190,96,94.00724143492789,0.5052631578947369,1,190,88,0.16137827932834625,0.17542652548068408,0.12737879426878962,0.14345061939477585,0.16927032898673983
iaml_super_40981,28,ts,logarithmic,decay_greedy_packing_grid_a1_2,18,greedy_packing,0.5,190,92,94.00724143492789,0.4842105263157895,1,190,100,0.25385695695877075,0.17053106459531597,0.12727081782705485,0.14387453915400375,0.1535378948509142
iaml_super_40981,28,ts,logarithmic,decay_greedy_packing_grid_a1_2,19,greedy_packing,0.5,190,84,94.00724143492789,0.4421052631578947,2,187,74,0.13427530229091644,0.1842886558297412,0.1336056828350763,0.15066492110439783,0.14186180616508215
iaml_super_40981,28,ts,logarithmic,decay_greedy_packing_grid_a1_2,20,greedy_packing,0.5,190,89,94.00724143492789,0.46842105263157896,3,185,96,0.1786806434392929,0.16889921254494752,0.12523668056029988,0.14169951717666165,0.138771943999057
iaml_super_40981,28,ts,logarithmic,decay_greedy_packing_grid_a1_2,21,greedy_packing,0.5,190,99,94.00724143492789,0.5210526315789473,1,190,104,0.13614827394485474,0.17628075450456354,0.13035626441045603,0.14644918052983683,0.15091635292138236
iaml_super_40981,28,ts,logarithmic,decay_greedy_packing_grid_a1_2,22,greedy_packing,0.5,190,89,94.00724143492789,0.46842105263157896,1,188,101,0.13630321621894836,0.1707175933024772,0.1329209988004558,0.15091724408371052,0.17103827439944722
iaml_super_40981,28,ts,logarithmic,decay_greedy_packing_grid_a1_2,23,greedy_packing,0.5,190,101,94.00724143492789,0.531578947368421,2,188,94,0.20177635550498962,0.15785555565260523,0.11364989398182626,0.12826268459627985,0.14148895932935526
iaml_super_40981,28,ts,logarithmic,decay_greedy_packing_grid_a1_2,24,greedy_packing,0.5,190,94,94.00724143492789,0.49473684210526314,1,190,94,0.13735289871692657,0.17931424184178626,0.1331480089067557,0.1505410254368567,0.15841991959181848
iaml_super_40981,28,ts,logarithmic,decay_greedy_packing_grid_a1_2,25,greedy_packing,0.5,190,82,94.00724143492789,0.43157894736842106,1,185,95,0.18418480455875397,0.16421099662816416,0.11866658532373879,0.13428288219043055,0.12051188826277462
iaml_super_40981,28,ts,logarithmic,decay_greedy_packing_grid_a1_2,26,greedy_packing,0.5,190,90,94.00724143492789,0.47368421052631576,2,187,82,0.1363149732351303,0.17571516345678492,0.12942086732434505,0.1455505446368827,0.13909007683781657
iaml_super_40981,28,ts,logarithmic,decay_greedy_packing_grid_a1_2,27,greedy_packing,0.5,190,92,94.00724143492789,0.4842105263157895,2,190,89,0.2960234582424164,0.17968176503055205,0.1261746308753934,0.14243245773631272,0.15084201418958706
iaml_super_40981,28,ts,logarithmic,decay_greedy_packing_grid_a1_2,28,greedy_packing,0.5,190,90,94.00724143492789,0.47368421052631576,1,187,85,0.13528849184513092,0.18514190540864514,0.13308145639857447,0.14978775585889664,0.15042596889809426
iaml_super_40981,28,ts,logarithmic,decay_greedy_packing_grid_a1_2,29,greedy_packing,0.5,190,95,94.00724143492789,0.5,2,186,90,0.17989949882030487,0.18344417551625508,0.13787761492164796,0.1556315730043183,0.14795882357329548
iaml_super_40981,28,ts,logarithmic,decay_greedy_packing_grid_a1_2,30,greedy_packing,0.5,190,92,94.00724143492789,0.4842105263157895,1,188,93,0.134269118309021,0.19933528268926157,0.14392740361368117,0.16245528871668882,0.14706285513174155
iaml_super_40981,28,ts,logarithmic,decay_greedy_packing_grid_a1_2,31,greedy_packing,0.5,190,84,94.00724143492789,0.4421052631578947,2,188,90,0.1344556212425232,0.17864019913141996,0.12895698680720352,0.14625993410506316,0.13800184333098714
iaml_super_40981,28,ts,logarithmic,decay_greedy_packing_grid_a1_2,32,greedy_packing,0.5,190,99,94.00724143492789,0.5210526315789473,2,190,89,0.13958492875099182,0.163333025925128,0.12156054314133717,0.13793183907291381,0.15402281015031122
iaml_super_40981,28,ts,logarithmic,decay_greedy_packing_grid_a1_2,33,greedy_packing,0.5,190,82,94.00724143492789,0.43157894736842106,1,188,85,0.13774754106998444,0.1796970639075723,0.13390750018432837,0.15176286627549274,0.14103797137254548
iaml_super_40981,28,ts,logarithmic,decay_greedy_packing_grid_a1_2,34,greedy_packing,0.5,190,87,94.00724143492789,0.45789473684210524,2,189,106,0.1348521113395691,0.16227940241298855,0.11978786186797964,0.13555303848946595,0.1271991423977381
iaml_super_40981,28,ts,logarithmic,decay_greedy_packing_grid_a1_2,5,greedy_packing,0.5,190,90,94.00724143492789,0.47368421052631576,1,189,97,0.13428550958633423,0.16081145181123987,0.12222249892854252,0.1384750543914289,0.14235389457569422
iaml_super_40981,28,ts,logarithmic,decay_greedy_packing_grid_a1_2,6,greedy_packing,0.5,190,90,94.00724143492789,0.47368421052631576,2,188,94,0.1349560171365738,0.15412447246711775,0.12085983075709071,0.13685314517291375,0.131099879322499
iaml_super_40981,28,ts,logarithmic,decay_greedy_packing_grid_a1_2,7,greedy_packing,0.5,190,96,94.00724143492789,0.5052631578947369,1,190,94,0.13433530926704407,0.170904098518206,0.1274212542326315,0.14395994622391656,0.15003041326543504
iaml_super_40981,28,ts,logarithmic,decay_greedy_packing_grid_a1_2,8,greedy_packing,0.5,190,92,94.00724143492789,0.4842105263157895,1,184,91,0.1344778835773468,0.1686913966577251,0.1257601619125986,0.14124339451696025,0.1331609863574556
iaml_super_40981,28,ts,logarithmic,decay_greedy_packing_grid_a1_2,9,greedy_packing,0.5,190,85,94.00724143492789,0.4473684210526316,1,189,97,0.13428860902786255,0.1564929661031986,0.12046115078025607,0.13729355046283412,0.14882154551073482
iaml_super_40981,28,ts,logarithmic,decay_uniform_grid_a1_2,10,uniform,0.5,190,104,94.00724143492789,0.5473684210526316,1,190,100,0.1365327090024948,0.19913361655487996,0.14720430811755048,0.16640130770187714,0.1180042402861762
iaml_super_40981,28,ts,logarithmic,decay_uniform_grid_a1_2,11,uniform,0.5,190,96,94.00724143492789,0.5052631578947369,2,188,88,0.14427539706230164,0.2071160997285172,0.1479247005558223,0.1684349562179846,0.15140906184498226
iaml_super_40981,28,ts,logarithmic,decay_uniform_grid_a1_2,12,uniform,0.5,190,100,94.00724143492789,0.5263157894736842,1,189,69,0.17680427432060242,0.19297838166072723,0.1435983968482829,0.1642067977899734,0.1480239806505332
iaml_super_40981,28,ts,logarithmic,decay_uniform_grid_a1_2,13,uniform,0.5,190,90,94.00724143492789,0.47368421052631576,1,189,87,0.15480588376522064,0.2018814085937507,0.1487124556815424,0.16901006556393475,0.1910711189914976
iaml_super_40981,28,ts,logarithmic,decay_uniform_grid_a1_2,14,uniform,0.5,190,98,94.00724143492789,0.5157894736842106,2,189,90,0.26167261600494385,0.18523921858261394,0.1308637818284651,0.14979446304219574,0.1465313007644866
iaml_super_40981,28,ts,logarithmic,decay_uniform_grid_a1_2,15,uniform,0.5,190,101,94.00724143492789,0.531578947368421,1,189,101,0.3106076121330261,0.1995554345874807,0.14852659380488792,0.16956133337632848,0.16008626223704783
iaml_super_40981,28,ts,logarithmic,decay_uniform_grid_a1_2,16,uniform,0.5,190,83,94.00724143492789,0.4368421052631579,3,190,87,0.23223000764846802,0.17285829022242935,0.12594595670043568,0.14392068878304046,0.118254571884625
iaml_super_40981,28,ts,logarithmic,decay_uniform_grid_a1_2,17,uniform,0.5,190,96,94.00724143492789,0.5052631578947369,1,190,88,0.16137827932834625,0.18650077868810672,0.136592323905149,0.15563860066763605,0.13417058506967214
iaml_super_40981,28,ts,logarithmic,decay_uniform_grid_a1_2,18,uniform,0.5,190,92,94.00724143492789,0.4842105263157895,1,190,100,0.1411820352077484,0.19135723132800364,0.14182583505304336,0.16084892231915787,0.141020310493357
iaml_super_40981,28,ts,logarithmic,decay_uniform_grid_a1_2,19,uniform,0.5,190,84,94.00724143492789,0.4421052631578947,2,187,74,0.24394872784614563,0.1956499995741609,0.14058403658721652,0.16003915067873015,0.1471909456158825
iaml_super_40981,28,ts,logarithmic,decay_uniform_grid_a1_2,20,uniform,0.5,190,89,94.00724143492789,0.46842105263157896,3,185,96,0.1786806434392929,0.18871717782610437,0.13883790397311696,0.15890283089500454,0.15461596047537876
iaml_super_40981,28,ts,logarithmic,decay_uniform_grid_a1_2,21,uniform,0.5,190,99,94.00724143492789,0.5210526315789473,1,190,104,0.13614827394485474,0.19238262342552645,0.1404613545155058,0.16065702066207682,0.11648876647214661
iaml_super_40981,28,ts,logarithmic,decay_uniform_grid_a1_2,22,uniform,0.5,190,89,94.00724143492789,0.46842105263157896,1,188,101,0.1347259283065796,0.15576337768057563,0.11674340443530735,0.13364742276111696,0.10713696719681964
iaml_super_40981,28,ts,logarithmic,decay_uniform_grid_a1_2,23,uniform,0.5,190,101,94.00724143492789,0.531578947368421,2,188,94,0.14695340394973755,0.1867213775257122,0.13455337032053422,0.15364008103389096,0.1550076970108564
iaml_super_40981,28,ts,logarithmic,decay_uniform_grid_a1_2,24,uniform,0.5,190,94,94.00724143492789,0.49473684210526314,1,190,94,0.22820107638835907,0.20465110188358923,0.15224237894596043,0.17313723429616967,0.15444144341467303
iaml_super_40981,28,ts,logarithmic,decay_uniform_grid_a1_2,25,uniform,0.5,190,82,94.00724143492789,0.43157894736842106,1,185,95,0.18418480455875397,0.18466480632017254,0.13531896920385073,0.1541202020031185,0.1409089800636736
iaml_super_40981,28,ts,logarithmic,decay_uniform_grid_a1_2,26,uniform,0.5,190,90,94.00724143492789,0.47368421052631576,2,187,82,0.1356382817029953,0.2081570796000597,0.14383344897929007,0.16396851369423346,0.1356462737037234
iaml_super_40981,28,ts,logarithmic,decay_uniform_grid_a1_2,27,uniform,0.5,190,92,94.00724143492789,0.4842105263157895,2,190,89,0.13484127819538116,0.21703530216035286,0.1495220084776101,0.17030376045938486,0.14414150334321238
iaml_super_40981,28,ts,logarithmic,decay_uniform_grid_a1_2,28,uniform,0.5,190,90,94.00724143492789,0.47368421052631576,1,187,85,0.13446767628192902,0.20545741791011632,0.14861950082701592,0.16926731054203675,0.15674247606944883
iaml_super_40981,28,ts,logarithmic,decay_uniform_grid_a1_2,29,uniform,0.5,190,95,94.00724143492789,0.5,2,186,90,0.31212520599365234,0.18591284132099758,0.1336692680244525,0.15255834858159248,0.15857595055663493
iaml_super_40981,28,ts,logarithmic,decay_uniform_grid_a1_2,30,uniform,0.5,190,92,94.00724143492789,0.4842105263157895,1,188,93,0.15169118344783783,0.18385061052069637,0.13293847411401472,0.15148881261903355,0.14684977676898697
iaml_super_40981,28,ts,logarithmic,decay_uniform_grid_a1_2,31,uniform,0.5,190,84,94.00724143492789,0.4421052631578947,2,188,90,0.15736420452594757,0.18070164467618097,0.13101325107476247,0.1491308807330757,0.1303851941709726
iaml_super_40981,28,ts,logarithmic,decay_uniform_grid_a1_2,32,uniform,0.5,190,99,94.00724143492789,0.5210526315789473,2,190,89,0.16162383556365967,0.17674230650858078,0.13254245594129482,0.1511792715374072,0.1293140956885508
iaml_super_40981,28,ts,logarithmic,decay_uniform_grid_a1_2,33,uniform,0.5,190,82,94.00724143492789,0.43157894736842106,1,188,85,0.13872051239013672,0.18127914190714187,0.13699302923189308,0.15503466824474038,0.14798007239508637
iaml_super_40981,28,ts,logarithmic,decay_uniform_grid_a1_2,34,uniform,0.5,190,87,94.00724143492789,0.45789473684210524,2,189,106,0.18801765143871307,0.19610697497791763,0.14017969578164316,0.15962763697263077,0.15289553818655616
iaml_super_40981,28,ts,logarithmic,decay_uniform_grid_a1_2,5,uniform,0.5,190,90,94.00724143492789,0.47368421052631576,1,189,97,0.13811062276363373,0.18513472778925555,0.13721091675239885,0.15655873548428162,0.16232799053827157
iaml_super_40981,28,ts,logarithmic,decay_uniform_grid_a1_2,6,uniform,0.5,190,90,94.00724143492789,0.47368421052631576,2,188,94,0.1956978589296341,0.18498266146860026,0.14030608426241836,0.15978752766220453,0.14352875269831367
iaml_super_40981,28,ts,logarithmic,decay_uniform_grid_a1_2,7,uniform,0.5,190,96,94.00724143492789,0.5052631578947369,1,190,94,0.13433530926704407,0.18661118106030286,0.13592515640278582,0.15394801477168588,0.1334856541417691
iaml_super_40981,28,ts,logarithmic,decay_uniform_grid_a1_2,8,uniform,0.5,190,92,94.00724143492789,0.4842105263157895,1,184,91,0.1344778835773468,0.19582722458779667,0.14589116297539356,0.16585455607167432,0.1583407260590738
iaml_super_40981,28,ts,logarithmic,decay_uniform_grid_a1_2,9,uniform,0.5,190,85,94.00724143492789,0.4473684210526316,1,189,97,0.26211923360824585,0.18526607510367393,0.13351234808295356,0.15330496737297403,0.16735956245860795
iaml_super_40981,28,ts,logarithmic,standard,10,none,nan,190,0,0.0,0.0,,,0,0.13471448421478271,0.18548101255518673,0.13525267054437318,0.15420573805618815,0.1510152888571841
iaml_super_40981,28,ts,logarithmic,standard,11,none,nan,190,0,0.0,0.0,,,0,0.1760762482881546,0.16727343403731046,0.11749463247860115,0.13475123925694976,0.15073236255943165
iaml_super_40981,28,ts,logarithmic,standard,12,none,nan,190,0,0.0,0.0,,,0,0.30186474323272705,0.16208554362474678,0.12133682828299357,0.13888547184672478,0.10094685159462803
iaml_super_40981,28,ts,logarithmic,standard,13,none,nan,190,0,0.0,0.0,,,0,0.2048109471797943,0.18306731218503572,0.1328846116588719,0.15156857462025383,0.15271348477002117
iaml_super_40981,28,ts,logarithmic,standard,14,none,nan,190,0,0.0,0.0,,,0,0.29843735694885254,0.16333529966016577,0.11847366888443914,0.13570869250760814,0.11472133013470989
iaml_super_40981,28,ts,logarithmic,standard,15,none,nan,190,0,0.0,0.0,,,0,0.13860824704170227,0.18905652494110026,0.1370821724429021,0.15608271666532528,0.13807089774848197
iaml_super_40981,28,ts,logarithmic,standard,16,none,nan,190,0,0.0,0.0,,,0,0.1347571611404419,0.18143045660403084,0.12845010959591407,0.1466598620160442,0.14547949410232167
iaml_super_40981,28,ts,logarithmic,standard,17,none,nan,190,0,0.0,0.0,,,0,0.16544586420059204,0.18658608268603225,0.1327271525567053,0.15133110836761682,0.1453312957201399
iaml_super_40981,28,ts,logarithmic,standard,18,none,nan,190,0,0.0,0.0,,,0,0.30603066086769104,0.15828388654532172,0.11932484055804321,0.13642873331347852,0.11665585399290662
iaml_super_40981,28,ts,logarithmic,standard,19,none,nan,190,0,0.0,0.0,,,0,0.28745532035827637,0.17706045184852304,0.12657738253807715,0.14441768414180117,0.1470835871434038
iaml_super_40981,28,ts,logarithmic,standard,20,none,nan,190,0,0.0,0.0,,,0,0.13543106615543365,0.1625925994057928,0.12318254783564227,0.1408816369655377,0.14269475951670532
iaml_super_40981,28,ts,logarithmic,standard,21,none,nan,190,0,0.0,0.0,,,0,0.3125810921192169,0.17644876944718496,0.12490933506891264,0.14281056420261395,0.11037826083390252
iaml_super_40981,28,ts,logarithmic,standard,22,none,nan,190,0,0.0,0.0,,,0,0.21068716049194336,0.18666137836361507,0.1378520824445589,0.15725955433412886,0.15904974539681896
iaml_super_40981,28,ts,logarithmic,standard,23,none,nan,190,0,0.0,0.0,,,0,0.26340487599372864,0.20805289554909456,0.1344819984099897,0.15301253425009687,0.13209419680059553
iaml_super_40981,28,ts,logarithmic,standard,24,none,nan,190,0,0.0,0.0,,,0,0.1342836618423462,0.17379017734913435,0.12443377130755343,0.14158625715958825,0.14136115540401376
iaml_super_40981,28,ts,logarithmic,standard,25,none,nan,190,0,0.0,0.0,,,0,0.18418480455875397,0.19442673266322644,0.13747148721588232,0.15655817320921744,0.158538501658731
iaml_super_40981,28,ts,logarithmic,standard,26,none,nan,190,0,0.0,0.0,,,0,0.14052234590053558,0.1956532869419235,0.14001457801855366,0.15949522367355373,0.14048507846282718
iaml_super_40981,28,ts,logarithmic,standard,27,none,nan,190,0,0.0,0.0,,,0,0.1507141888141632,0.18337235125399137,0.1312588199887382,0.14851761751589868,0.12691488377558738
iaml_super_40981,28,ts,logarithmic,standard,28,none,nan,190,0,0.0,0.0,,,0,0.1518489122390747,0.17404213988985492,0.12679038076377322,0.14499155578136416,0.130558523198334
iaml_super_40981,28,ts,logarithmic,standard,29,none,nan,190,0,0.0,0.0,,,0,0.13431303203105927,0.19779459699607163,0.14839899900491968,0.16870198081268853,0.1988331751624311
iaml_super_40981,28,ts,logarithmic,standard,30,none,nan,190,0,0.0,0.0,,,0,0.13537508249282837,0.18196868443042427,0.13192151298876648,0.14893728787547497,0.1507882525955938
iaml_super_40981,28,ts,logarithmic,standard,31,none,nan,190,0,0.0,0.0,,,0,0.13438603281974792,0.17752173708509844,0.12785208594609124,0.14546045814623526,0.14396949650474145
iaml_super_40981,28,ts,logarithmic,standard,32,none,nan,190,0,0.0,0.0,,,0,0.137690931558609,0.18983368756770005,0.13312050878540221,0.1519534136066893,0.1092337307575025
iaml_super_40981,28,ts,logarithmic,standard,33,none,nan,190,0,0.0,0.0,,,0,0.27066943049430847,0.16919451139354985,0.1268310343421562,0.14408856547256743,0.14941152054977566
iaml_super_40981,28,ts,logarithmic,standard,34,none,nan,190,0,0.0,0.0,,,0,0.27950355410575867,0.18889705127108297,0.13499173419078075,0.15341454691481865,0.153254422239819
iaml_super_40981,28,ts,logarithmic,standard,5,none,nan,190,0,0.0,0.0,,,0,0.1344791203737259,0.15994825632189952,0.11901905186278765,0.1358180502174803,0.13842141746001074
iaml_super_40981,28,ts,logarithmic,standard,6,none,nan,190,0,0.0,0.0,,,0,0.3038409948348999,0.13557846976952626,0.10306236182702137,0.11856484409584896,0.14466864508983857
iaml_super_40981,28,ts,logarithmic,standard,7,none,nan,190,0,0.0,0.0,,,0,0.1990414261817932,0.18454821519376965,0.13075899209391662,0.14856549817729786,0.1324207447731542
iaml_super_40981,28,ts,logarithmic,standard,8,none,nan,190,0,0.0,0.0,,,0,0.14897234737873077,0.19756780851206113,0.14276490202187736,0.16120986934004644,0.17339426872396496
iaml_super_40981,28,ts,logarithmic,standard,9,none,nan,190,0,0.0,0.0,,,0,0.13427530229091644,0.19276610865715993,0.14323350768033086,0.16216985642330894,0.1616759914344959
iaml_super_40981,28,ucb,constant,decay_greedy_packing_grid_a1_2,10,greedy_packing,0.5,190,104,94.00724143492789,0.5473684210526316,1,190,100,0.13426819443702698,0.1497234196933265,0.11162845429114757,0.12532059579588462,0.14801678719226244
iaml_super_40981,28,ucb,constant,decay_greedy_packing_grid_a1_2,11,greedy_packing,0.5,190,96,94.00724143492789,0.5052631578947369,2,188,88,0.13426819443702698,0.14314548028333993,0.10350120846420544,0.11671860028296643,0.18371634817631252
iaml_super_40981,28,ucb,constant,decay_greedy_packing_grid_a1_2,12,greedy_packing,0.5,190,100,94.00724143492789,0.5263157894736842,1,189,69,0.13426819443702698,0.1476341316419189,0.11431679827810519,0.12920602384250085,0.20086701693991535
iaml_super_40981,28,ucb,constant,decay_greedy_packing_grid_a1_2,13,greedy_packing,0.5,190,90,94.00724143492789,0.47368421052631576,1,189,87,0.13426819443702698,0.14082503103292204,0.10188814842508558,0.11478251085245056,0.15057892426649833
iaml_super_40981,28,ucb,constant,decay_greedy_packing_grid_a1_2,14,greedy_packing,0.5,190,98,94.00724143492789,0.5157894736842106,2,189,90,0.13426819443702698,0.1487420306884817,0.10891718046653551,0.12237979694656716,0.18151906486921063
iaml_super_40981,28,ucb,constant,decay_greedy_packing_grid_a1_2,15,greedy_packing,0.5,190,101,94.00724143492789,0.531578947368421,1,189,101,0.13426819443702698,0.15398941990777149,0.11540678797657321,0.12995950707579637,0.19191701940523054
iaml_super_40981,28,ucb,constant,decay_greedy_packing_grid_a1_2,16,greedy_packing,0.5,190,83,94.00724143492789,0.4368421052631579,3,190,87,0.13426819443702698,0.134585872129865,0.1009239083353725,0.11326123796682251,0.11991782354916412
iaml_super_40981,28,ucb,constant,decay_greedy_packing_grid_a1_2,17,greedy_packing,0.5,190,96,94.00724143492789,0.5052631578947369,1,190,88,0.13426819443702698,0.1481670686302707,0.1114817216654364,0.12464378769254726,0.14354532526185368
iaml_super_40981,28,ucb,constant,decay_greedy_packing_grid_a1_2,18,greedy_packing,0.5,190,92,94.00724143492789,0.4842105263157895,1,190,100,0.13426819443702698,0.11916813823617264,0.08984680978766638,0.10115511546761417,0.09129641362305221
iaml_super_40981,28,ucb,constant,decay_greedy_packing_grid_a1_2,19,greedy_packing,0.5,190,84,94.00724143492789,0.4421052631578947,2,187,74,0.13426819443702698,0.14474332020577307,0.10561603369128736,0.11909539533299697,0.16059506916942629
iaml_super_40981,28,ucb,constant,decay_greedy_packing_grid_a1_2,20,greedy_packing,0.5,190,89,94.00724143492789,0.46842105263157896,3,185,96,0.13426819443702698,0.11274248978988882,0.08495758524438134,0.09595504221877171,0.12458166783680974
iaml_super_40981,28,ucb,constant,decay_greedy_packing_grid_a1_2,21,greedy_packing,0.5,190,99,94.00724143492789,0.5210526315789473,1,190,104,0.13426819443702698,0.146781746699623,0.10968094025380018,0.12273559750236238,0.12436763562450207
iaml_super_40981,28,ucb,constant,decay_greedy_packing_grid_a1_2,22,greedy_packing,0.5,190,89,94.00724143492789,0.46842105263157896,1,188,101,0.13426819443702698,0.11821033654633759,0.09226167716060071,0.10380870054561002,0.16152801972504918
iaml_super_40981,28,ucb,constant,decay_greedy_packing_grid_a1_2,23,greedy_packing,0.5,190,101,94.00724143492789,0.531578947368421,2,188,94,0.13426819443702698,0.13597497579872125,0.10129982919505265,0.11380911703069094,0.14991281255306688
iaml_super_40981,28,ucb,constant,decay_greedy_packing_grid_a1_2,24,greedy_packing,0.5,190,94,94.00724143492789,0.49473684210526314,1,190,94,0.13426819443702698,0.12780124011872193,0.09707480493980389,0.10878423448955726,0.11344754425436399
iaml_super_40981,28,ucb,constant,decay_greedy_packing_grid_a1_2,25,greedy_packing,0.5,190,82,94.00724143492789,0.43157894736842106,1,185,95,0.13426819443702698,0.12627051588450547,0.09419303756571032,0.10603679659926933,0.14149917869418843
iaml_super_40981,28,ucb,constant,decay_greedy_packing_grid_a1_2,26,greedy_packing,0.5,190,90,94.00724143492789,0.47368421052631576,2,187,82,0.13426819443702698,0.1399059631208352,0.10002013267170728,0.11238604577600317,0.1654935088906634
iaml_super_40981,28,ucb,constant,decay_greedy_packing_grid_a1_2,27,greedy_packing,0.5,190,92,94.00724143492789,0.4842105263157895,2,190,89,0.13426819443702698,0.1216510211894039,0.09042180139836428,0.10167588934217406,0.10270969214856371
iaml_super_40981,28,ucb,constant,decay_greedy_packing_grid_a1_2,28,greedy_packing,0.5,190,90,94.00724143492789,0.47368421052631576,1,187,85,0.13426819443702698,0.12951598829902028,0.0934929260275605,0.10545855297242895,0.12995904086887544
iaml_super_40981,28,ucb,constant,decay_greedy_packing_grid_a1_2,29,greedy_packing,0.5,190,95,94.00724143492789,0.5,2,186,90,0.13426819443702698,0.13661845255568833,0.10276536747164462,0.11587634220275388,0.13840641183060895
iaml_super_40981,28,ucb,constant,decay_greedy_packing_grid_a1_2,30,greedy_packing,0.5,190,92,94.00724143492789,0.4842105263157895,1,188,93,0.13426819443702698,0.14190341950097501,0.10563995985944863,0.11946946856375924,0.15000627707262956
iaml_super_40981,28,ucb,constant,decay_greedy_packing_grid_a1_2,31,greedy_packing,0.5,190,84,94.00724143492789,0.4421052631578947,2,188,90,0.13426819443702698,0.12421424464061882,0.09224941733258782,0.10345274264512952,0.14935309979152694
iaml_super_40981,28,ucb,constant,decay_greedy_packing_grid_a1_2,32,greedy_packing,0.5,190,99,94.00724143492789,0.5210526315789473,2,190,89,0.13426819443702698,0.13857946181609268,0.10337131669094578,0.11636735894792849,0.12071132137590694
iaml_super_40981,28,ucb,constant,decay_greedy_packing_grid_a1_2,33,greedy_packing,0.5,190,82,94.00724143492789,0.43157894736842106,1,188,85,0.13426819443702698,0.13127456232713655,0.0972162413288019,0.1092411595858744,0.13517302710775814
iaml_super_40981,28,ucb,constant,decay_greedy_packing_grid_a1_2,34,greedy_packing,0.5,190,87,94.00724143492789,0.45789473684210524,2,189,106,0.13426819443702698,0.14504494828830097,0.1045324026789361,0.11782916667459342,0.16962887548906608
iaml_super_40981,28,ucb,constant,decay_greedy_packing_grid_a1_2,5,greedy_packing,0.5,190,90,94.00724143492789,0.47368421052631576,1,189,97,0.13426819443702698,0.1208946991568616,0.09156631991825606,0.1038761210803789,0.14877066539336412
iaml_super_40981,28,ucb,constant,decay_greedy_packing_grid_a1_2,6,greedy_packing,0.5,190,90,94.00724143492789,0.47368421052631576,2,188,94,0.13426819443702698,0.1401954685176479,0.10968761296215165,0.12370858566516975,0.1724763056009783
iaml_super_40981,28,ucb,constant,decay_greedy_packing_grid_a1_2,7,greedy_packing,0.5,190,96,94.00724143492789,0.5052631578947369,1,190,94,0.13426819443702698,0.1351125837948959,0.09926899009414415,0.11212159338367093,0.11526872400778371
iaml_super_40981,28,ucb,constant,decay_greedy_packing_grid_a1_2,8,greedy_packing,0.5,190,92,94.00724143492789,0.4842105263157895,1,184,91,0.13426819443702698,0.1397449094622016,0.10377998945903427,0.1164575142058697,0.16030431680159749
iaml_super_40981,28,ucb,constant,decay_greedy_packing_grid_a1_2,9,greedy_packing,0.5,190,85,94.00724143492789,0.4473684210526316,1,189,97,0.13426819443702698,0.13976846529052886,0.1044583216778383,0.11773696575088889,0.15861385554361324
iaml_super_40981,28,ucb,constant,decay_uniform_grid_a1_2,10,uniform,0.5,190,104,94.00724143492789,0.5473684210526316,1,190,100,0.13426819443702698,0.17652784449875714,0.13188613835356355,0.1490812912424155,0.11604711326381355
iaml_super_40981,28,ucb,constant,decay_uniform_grid_a1_2,11,uniform,0.5,190,96,94.00724143492789,0.5052631578947369,2,188,88,0.13426819443702698,0.16936067609306465,0.12215720637652,0.13831690050810772,0.22304310391242613
iaml_super_40981,28,ucb,constant,decay_uniform_grid_a1_2,12,uniform,0.5,190,100,94.00724143492789,0.5263157894736842,1,189,69,0.13426819443702698,0.1613813371261869,0.11713679339839198,0.133669561875583,0.19935549670274202
iaml_super_40981,28,ucb,constant,decay_uniform_grid_a1_2,13,uniform,0.5,190,90,94.00724143492789,0.47368421052631576,1,189,87,0.13426819443702698,0.17931431142140755,0.13366425962654294,0.15193501555553426,0.20277046340690988
iaml_super_40981,28,ucb,constant,decay_uniform_grid_a1_2,14,uniform,0.5,190,98,94.00724143492789,0.5157894736842106,2,189,90,0.13426819443702698,0.16492706159587484,0.1201470305845325,0.1369733262718095,0.18188037636226342
iaml_super_40981,28,ucb,constant,decay_uniform_grid_a1_2,15,uniform,0.5,190,101,94.00724143492789,0.531578947368421,1,189,101,0.13426819443702698,0.19027273539153666,0.14085772494075485,0.1603818870849841,0.2438076807941576
iaml_super_40981,28,ucb,constant,decay_uniform_grid_a1_2,16,uniform,0.5,190,83,94.00724143492789,0.4368421052631579,3,190,87,0.13426819443702698,0.16110185194496662,0.11488639008243326,0.13016514289636927,0.10753936747690723
iaml_super_40981,28,ucb,constant,decay_uniform_grid_a1_2,17,uniform,0.5,190,96,94.00724143492789,0.5052631578947369,1,190,88,0.13426819443702698,0.17152771070229672,0.12717507304543926,0.14423284123693075,0.1252903957831584
iaml_super_40981,28,ucb,constant,decay_uniform_grid_a1_2,18,uniform,0.5,190,92,94.00724143492789,0.4842105263157895,1,190,100,0.13426819443702698,0.17328799493423144,0.12678557741659102,0.14316465882323928,0.1262819978648878
iaml_super_40981,28,ucb,constant,decay_uniform_grid_a1_2,19,uniform,0.5,190,84,94.00724143492789,0.4421052631578947,2,187,74,0.13426819443702698,0.16071721166710667,0.11776626292950375,0.13454093686158647,0.183598736707038
iaml_super_40981,28,ucb,constant,decay_uniform_grid_a1_2,20,uniform,0.5,190,89,94.00724143492789,0.46842105263157896,3,185,96,0.13426819443702698,0.1797839182329233,0.12319300153008947,0.1402398477124941,0.22893443745091968
iaml_super_40981,28,ucb,constant,decay_uniform_grid_a1_2,21,uniform,0.5,190,99,94.00724143492789,0.5210526315789473,1,190,104,0.13426819443702698,0.16124525165663034,0.11741094826649426,0.13422903930436572,0.09698901556805559
iaml_super_40981,28,ucb,constant,decay_uniform_grid_a1_2,22,uniform,0.5,190,89,94.00724143492789,0.46842105263157896,1,188,101,0.13426819443702698,0.14903908094053647,0.11101718117671816,0.12552563952945284,0.19706813208183752
iaml_super_40981,28,ucb,constant,decay_uniform_grid_a1_2,23,uniform,0.5,190,101,94.00724143492789,0.531578947368421,2,188,94,0.13426819443702698,0.17058581025657893,0.11912420905528662,0.13519969121046557,0.188605212501452
iaml_super_40981,28,ucb,constant,decay_uniform_grid_a1_2,24,uniform,0.5,190,94,94.00724143492789,0.49473684210526314,1,190,94,0.13426819443702698,0.17708939705434967,0.13080217228498073,0.14894971500071902,0.1295551380237117
iaml_super_40981,28,ucb,constant,decay_uniform_grid_a1_2,25,uniform,0.5,190,82,94.00724143492789,0.43157894736842106,1,185,95,0.13426819443702698,0.17146887381649817,0.12750975504611628,0.14464065087342598,0.23584155925356437
iaml_super_40981,28,ucb,constant,decay_uniform_grid_a1_2,26,uniform,0.5,190,90,94.00724143492789,0.47368421052631576,2,187,82,0.13426819443702698,0.17316376204464573,0.12284897353015527,0.13941892763047156,0.1994024942654098
iaml_super_40981,28,ucb,constant,decay_uniform_grid_a1_2,27,uniform,0.5,190,92,94.00724143492789,0.4842105263157895,2,190,89,0.13426819443702698,0.16670438479109007,0.11911622181678676,0.13513592183684436,0.11299444651243698
iaml_super_40981,28,ucb,constant,decay_uniform_grid_a1_2,28,uniform,0.5,190,90,94.00724143492789,0.47368421052631576,1,187,85,0.13426819443702698,0.1608002888573185,0.12018894269411148,0.13634662567883832,0.16158340639700663
iaml_super_40981,28,ucb,constant,decay_uniform_grid_a1_2,29,uniform,0.5,190,95,94.00724143492789,0.5,2,186,90,0.13426819443702698,0.14996943140671384,0.10726896309208646,0.12295148706910539,0.16471686708324057
iaml_super_40981,28,ucb,constant,decay_uniform_grid_a1_2,30,uniform,0.5,190,92,94.00724143492789,0.4842105263157895,1,188,93,0.13426819443702698,0.15997695601367562,0.11557772708085898,0.1319175215428093,0.1647881068916719
iaml_super_40981,28,ucb,constant,decay_uniform_grid_a1_2,31,uniform,0.5,190,84,94.00724143492789,0.4421052631578947,2,188,90,0.13426819443702698,0.16057075744583094,0.11437064784638289,0.12995052939509535,0.19372683332720514
iaml_super_40981,28,ucb,constant,decay_uniform_grid_a1_2,32,uniform,0.5,190,99,94.00724143492789,0.5210526315789473,2,190,89,0.13426819443702698,0.16905431720878522,0.11979351090984722,0.1357469133431849,0.11860431245382395
iaml_super_40981,28,ucb,constant,decay_uniform_grid_a1_2,33,uniform,0.5,190,82,94.00724143492789,0.43157894736842106,1,188,85,0.13426819443702698,0.16048321003855862,0.12105468688924537,0.13736656864532787,0.17218194135187537
iaml_super_40981,28,ucb,constant,decay_uniform_grid_a1_2,34,uniform,0.5,190,87,94.00724143492789,0.45789473684210524,2,189,106,0.13426819443702698,0.1740096064956333,0.1286512649264717,0.14630466752157673,0.20673485894519728
iaml_super_40981,28,ucb,constant,decay_uniform_grid_a1_2,5,uniform,0.5,190,90,94.00724143492789,0.47368421052631576,1,189,97,0.13426819443702698,0.18339493590974276,0.13404880486898593,0.1523462591162987,0.1703178573513193
iaml_super_40981,28,ucb,constant,decay_uniform_grid_a1_2,6,uniform,0.5,190,90,94.00724143492789,0.47368421052631576,2,188,94,0.13426819443702698,0.1605670610308327,0.12349877188313821,0.14033137129319187,0.2019116351421426
iaml_super_40981,28,ucb,constant,decay_uniform_grid_a1_2,7,uniform,0.5,190,96,94.00724143492789,0.5052631578947369,1,190,94,0.13426819443702698,0.1674674101572144,0.1187545547264973,0.1347898950339319,0.11843857936606608
iaml_super_40981,28,ucb,constant,decay_uniform_grid_a1_2,8,uniform,0.5,190,92,94.00724143492789,0.4842105263157895,1,184,91,0.13426819443702698,0.17852944552498104,0.13314348388388036,0.15106833147578916,0.2244794041213559
iaml_super_40981,28,ucb,constant,decay_uniform_grid_a1_2,9,uniform,0.5,190,85,94.00724143492789,0.4473684210526316,1,189,97,0.13426819443702698,0.16608155575106873,0.1253164197359365,0.14255335973738598,0.16445375684009803
iaml_super_40981,28,ucb,constant,standard,10,none,nan,190,0,0.0,0.0,,,0,0.13426819443702698,0.06566224553421855,0.04784422434913091,0.05517416499326769,0.04177139248937004
iaml_super_40981,28,ucb,constant,standard,11,none,nan,190,0,0.0,0.0,,,0,0.13426819443702698,0.06322470325475195,0.04605266243058028,0.053296314255698224,0.036434809646126776
iaml_super_40981,28,ucb,constant,standard,12,none,nan,190,0,0.0,0.0,,,0,0.13426819443702698,0.06565914128373518,0.04707211243786209,0.05464827950197483,0.04650004899741624
iaml_super_40981,28,ucb,constant,standard,13,none,nan,190,0,0.0,0.0,,,0,0.13426819443702698,0.06782359910045743,0.046708106555087184,0.05401857677335166,0.04957281729315842
iaml_super_40981,28,ucb,constant,standard,14,none,nan,190,0,0.0,0.0,,,0,0.13426819443702698,0.08494602540687089,0.06274641484904528,0.07143031928999911,0.053278301212700885
iaml_super_40981,28,ucb,constant,standard,15,none,nan,190,0,0.0,0.0,,,0,0.13426819443702698,0.06308950457475983,0.04688663519710094,0.05434447828566851,0.03932334182301123
iaml_super_40981,28,ucb,constant,standard,16,none,nan,190,0,0.0,0.0,,,0,0.13426819443702698,0.06967478644449716,0.048930478869411556,0.05728112278386012,0.038650559309038615
iaml_super_40981,28,ucb,constant,standard,17,none,nan,190,0,0.0,0.0,,,0,0.13426819443702698,0.06721835306149672,0.04680028656001058,0.053510644611940904,0.032284854690497945
iaml_super_40981,28,ucb,constant,standard,18,none,nan,190,0,0.0,0.0,,,0,0.13426819443702698,0.06713399850362803,0.047786563929422224,0.054573871138564045,0.041773805259856106
iaml_super_40981,28,ucb,constant,standard,19,none,nan,190,0,0.0,0.0,,,0,0.13426819443702698,0.0723798762255896,0.050120883277357704,0.05885200836481124,0.04344972550033988
iaml_super_40981,28,ucb,constant,standard,20,none,nan,190,0,0.0,0.0,,,0,0.13426819443702698,0.06439847618016971,0.04667426370462992,0.05325541751831882,0.03612236840862356
iaml_super_40981,28,ucb,constant,standard,21,none,nan,190,0,0.0,0.0,,,0,0.13426819443702698,0.06303219187924827,0.0454332931710877,0.05268223218822977,0.04422031790918634
iaml_super_40981,28,ucb,constant,standard,22,none,nan,190,0,0.0,0.0,,,0,0.13426819443702698,0.072849096444017,0.05376277294192568,0.06142533937870674,0.04805860171692156
iaml_super_40981,28,ucb,constant,standard,23,none,nan,190,0,0.0,0.0,,,0,0.13426819443702698,0.06727007774034051,0.04742078443434298,0.055160868801197305,0.03858546029921105
iaml_super_40981,28,ucb,constant,standard,24,none,nan,190,0,0.0,0.0,,,0,0.13426819443702698,0.06731228389210872,0.04655620863631154,0.053208314428899124,0.047598257602919816
iaml_super_40981,28,ucb,constant,standard,25,none,nan,190,0,0.0,0.0,,,0,0.13426819443702698,0.06174303944780761,0.044319643015153246,0.05063634200789786,0.046764954271097905
iaml_super_40981,28,ucb,constant,standard,26,none,nan,190,0,0.0,0.0,,,0,0.13426819443702698,0.06357642636247217,0.04531512622964793,0.051896942373169254,0.036030031731680894
iaml_super_40981,28,ucb,constant,standard,27,none,nan,190,0,0.0,0.0,,,0,0.13426819443702698,0.06245512523499006,0.045026220462925225,0.05137212100057551,0.04764163239527965
iaml_super_40981,28,ucb,constant,standard,28,none,nan,190,0,0.0,0.0,,,0,0.13426819443702698,0.06324401815783454,0.04661366124705665,0.05386179646560066,0.03506272510447028
iaml_super_40981,28,ucb,constant,standard,29,none,nan,190,0,0.0,0.0,,,0,0.13426819443702698,0.0640169749708922,0.04563085953234827,0.05230610172025899,0.037785361241527225
iaml_super_40981,28,ucb,constant,standard,30,none,nan,190,0,0.0,0.0,,,0,0.13426819443702698,0.06358277568588581,0.04576031341318777,0.052557882492730516,0.04215760105063541
iaml_super_40981,28,ucb,constant,standard,31,none,nan,190,0,0.0,0.0,,,0,0.13426819443702698,0.07285441833665895,0.05197692074519041,0.059383961977672164,0.05229933494736591
iaml_super_40981,28,ucb,constant,standard,32,none,nan,190,0,0.0,0.0,,,0,0.13426819443702698,0.06571509977505431,0.04542764664948726,0.05254280912784479,0.04940938659612956
iaml_super_40981,28,ucb,constant,standard,33,none,nan,190,0,0.0,0.0,,,0,0.13426819443702698,0.06929153759618789,0.045912030309346846,0.052902053541946645,0.043383427921628186
iaml_super_40981,28,ucb,constant,standard,34,none,nan,190,0,0.0,0.0,,,0,0.13426819443702698,0.06395885359385203,0.04643072632885366,0.053586286070850704,0.04565252985422373
iaml_super_40981,28,ucb,constant,standard,5,none,nan,190,0,0.0,0.0,,,0,0.13426819443702698,0.08045012946527852,0.0556503869091859,0.06408093586550963,0.05790142768797594
iaml_super_40981,28,ucb,constant,standard,6,none,nan,190,0,0.0,0.0,,,0,0.13426819443702698,0.06537160352231912,0.04701662074078039,0.0546066977700197,0.042254931721771125
iaml_super_40981,28,ucb,constant,standard,7,none,nan,190,0,0.0,0.0,,,0,0.13426819443702698,0.06537644689948635,0.04674362340728065,0.05337700109953391,0.041026085596756336
iaml_super_40981,28,ucb,constant,standard,8,none,nan,190,0,0.0,0.0,,,0,0.13426819443702698,0.06299126742774971,0.04742062759528365,0.05444302440813105,0.03329679924337482
iaml_super_40981,28,ucb,constant,standard,9,none,nan,190,0,0.0,0.0,,,0,0.13426819443702698,0.06210880810423833,0.04590235466436979,0.05256717786131406,0.03384135764640758
iaml_super_41146,28,logei,native,decay_greedy_packing_grid_a1_2,10,greedy_packing,0.5,190,104,94.00724143492789,0.5473684210526316,1,190,100,0.13426819443702698,0.1792743216544953,0.1301506976765966,0.14664396701265855,0.17585069027663797
iaml_super_41146,28,logei,native,decay_greedy_packing_grid_a1_2,11,greedy_packing,0.5,190,96,94.00724143492789,0.5052631578947369,2,188,88,0.13426819443702698,0.1862008192476043,0.13268044196662557,0.15023211051726243,0.1522426424167328
iaml_super_41146,28,logei,native,decay_greedy_packing_grid_a1_2,12,greedy_packing,0.5,190,100,94.00724143492789,0.5263157894736842,1,189,69,0.13426819443702698,0.17192829711298935,0.1303116858532145,0.1470580994781585,0.16546205247664938
iaml_super_41146,28,logei,native,decay_greedy_packing_grid_a1_2,13,greedy_packing,0.5,190,90,94.00724143492789,0.47368421052631576,1,189,87,0.13426819443702698,0.1606268549554273,0.11085342181024846,0.1252915825023818,0.18057623978647896
iaml_super_41146,28,logei,native,decay_greedy_packing_grid_a1_2,14,greedy_packing,0.5,190,98,94.00724143492789,0.5157894736842106,2,189,90,0.14374004304409027,0.15711442081659022,0.11242697093826941,0.12683965934382163,0.1356231119020173
iaml_super_41146,28,logei,native,decay_greedy_packing_grid_a1_2,15,greedy_packing,0.5,190,101,94.00724143492789,0.531578947368421,1,189,101,0.13426819443702698,0.1673159862825032,0.12250903464487145,0.13856764050410933,0.15180773830395383
iaml_super_41146,28,logei,native,decay_greedy_packing_grid_a1_2,16,greedy_packing,0.5,190,83,94.00724143492789,0.4368421052631579,3,190,87,0.13426819443702698,0.15859426388300285,0.11862028085727466,0.1342331377486426,0.14767945320415124
iaml_super_41146,28,logei,native,decay_greedy_packing_grid_a1_2,17,greedy_packing,0.5,190,96,94.00724143492789,0.5052631578947369,1,190,88,0.13426819443702698,0.17998380000439876,0.1343910117988737,0.15103368569884104,0.16795608184287264
iaml_super_41146,28,logei,native,decay_greedy_packing_grid_a1_2,18,greedy_packing,0.5,190,92,94.00724143492789,0.4842105263157895,1,190,100,0.13426819443702698,0.15467513466479596,0.11503475516231065,0.12993690229969468,0.1362359277431362
iaml_super_41146,28,logei,native,decay_greedy_packing_grid_a1_2,19,greedy_packing,0.5,190,84,94.00724143492789,0.4421052631578947,2,187,74,0.13426819443702698,0.16319504867782483,0.11585828703847727,0.13004098712062018,0.14738706456444095
iaml_super_41146,28,logei,native,decay_greedy_packing_grid_a1_2,20,greedy_packing,0.5,190,89,94.00724143492789,0.46842105263157896,3,185,96,0.13426819443702698,0.17789416157244026,0.12776687310975915,0.14347376008117346,0.09120602680050156
iaml_super_41146,28,logei,native,decay_greedy_packing_grid_a1_2,21,greedy_packing,0.5,190,99,94.00724143492789,0.5210526315789473,1,190,104,0.13426819443702698,0.16583295847139304,0.11839438969849395,0.1339394464278374,0.14276180541955116
iaml_super_41146,28,logei,native,decay_greedy_packing_grid_a1_2,22,greedy_packing,0.5,190,89,94.00724143492789,0.46842105263157896,1,188,101,0.13426819443702698,0.16853316389966266,0.13098337303026208,0.14710676840942682,0.16326767085430982
iaml_super_41146,28,logei,native,decay_greedy_packing_grid_a1_2,23,greedy_packing,0.5,190,101,94.00724143492789,0.531578947368421,2,188,94,0.13426819443702698,0.17575638870637217,0.12810959217334703,0.14392437358628615,0.16264932968500398
iaml_super_41146,28,logei,native,decay_greedy_packing_grid_a1_2,24,greedy_packing,0.5,190,94,94.00724143492789,0.49473684210526314,1,190,94,0.13426819443702698,0.13841272133596394,0.10603009822385145,0.11912720959392138,0.12407503761346475
iaml_super_41146,28,logei,native,decay_greedy_packing_grid_a1_2,25,greedy_packing,0.5,190,82,94.00724143492789,0.43157894736842106,1,185,95,0.13426819443702698,0.14585787779472853,0.10742839714342803,0.12083696094743296,0.15368649952101804
iaml_super_41146,28,logei,native,decay_greedy_packing_grid_a1_2,26,greedy_packing,0.5,190,90,94.00724143492789,0.47368421052631576,2,187,82,0.15671256184577942,0.14853457997556757,0.10834484908770395,0.1223157255632504,0.16967354896561487
iaml_super_41146,28,logei,native,decay_greedy_packing_grid_a1_2,27,greedy_packing,0.5,190,92,94.00724143492789,0.4842105263157895,2,190,89,0.13426819443702698,0.13878650038488477,0.10339451960956396,0.11616472618221617,0.12356497925183742
iaml_super_41146,28,logei,native,decay_greedy_packing_grid_a1_2,28,greedy_packing,0.5,190,90,94.00724143492789,0.47368421052631576,1,187,85,0.13426819443702698,0.13976194052553878,0.09957171124436134,0.11264816044228251,0.15324295312850184
iaml_super_41146,28,logei,native,decay_greedy_packing_grid_a1_2,29,greedy_packing,0.5,190,95,94.00724143492789,0.5,2,186,90,0.13426819443702698,0.16971944788938137,0.12742510004414648,0.14423577620731387,0.14619521009601172
iaml_super_41146,28,logei,native,decay_greedy_packing_grid_a1_2,30,greedy_packing,0.5,190,92,94.00724143492789,0.4842105263157895,1,188,93,0.13426819443702698,0.15956421342432411,0.11932644001556968,0.1348307352655569,0.18637846166036828
iaml_super_41146,28,logei,native,decay_greedy_packing_grid_a1_2,31,greedy_packing,0.5,190,84,94.00724143492789,0.4421052631578947,2,188,90,0.13426819443702698,0.13099300666152328,0.09735717418530099,0.10963397278989634,0.12944174024867114
iaml_super_41146,28,logei,native,decay_greedy_packing_grid_a1_2,32,greedy_packing,0.5,190,99,94.00724143492789,0.5210526315789473,2,190,89,0.13426819443702698,0.13088170559017717,0.09876657502118293,0.11159903457968189,0.11948767011734929
iaml_super_41146,28,logei,native,decay_greedy_packing_grid_a1_2,33,greedy_packing,0.5,190,82,94.00724143492789,0.43157894736842106,1,188,85,0.13426819443702698,0.19294961449924042,0.14775577995395686,0.16585425095660333,0.18079080348809223
iaml_super_41146,28,logei,native,decay_greedy_packing_grid_a1_2,34,greedy_packing,0.5,190,87,94.00724143492789,0.45789473684210524,2,189,106,0.13426819443702698,0.1770190229814847,0.12695923459671096,0.14394569157111156,0.14820023230511395
iaml_super_41146,28,logei,native,decay_greedy_packing_grid_a1_2,5,greedy_packing,0.5,190,90,94.00724143492789,0.47368421052631576,1,189,97,0.13426819443702698,0.17096103813928784,0.1333753019193239,0.150828293764632,0.06558282921955878
iaml_super_41146,28,logei,native,decay_greedy_packing_grid_a1_2,6,greedy_packing,0.5,190,90,94.00724143492789,0.47368421052631576,2,188,94,0.13426819443702698,0.1465290063010912,0.11238087139677935,0.12778074800262254,0.12347367334334382
iaml_super_41146,28,logei,native,decay_greedy_packing_grid_a1_2,7,greedy_packing,0.5,190,96,94.00724143492789,0.5052631578947369,1,190,94,0.13426819443702698,0.1828295022402733,0.13341122495855484,0.15042796312575554,0.15594483184108787
iaml_super_41146,28,logei,native,decay_greedy_packing_grid_a1_2,8,greedy_packing,0.5,190,92,94.00724143492789,0.4842105263157895,1,184,91,0.13426819443702698,0.1450762356278094,0.10940742203306673,0.12331525555637603,0.09465898239046576
iaml_super_41146,28,logei,native,decay_greedy_packing_grid_a1_2,9,greedy_packing,0.5,190,85,94.00724143492789,0.4473684210526316,1,189,97,0.13426819443702698,0.14439837406693526,0.10474513944723325,0.11894453303223818,0.14718054923306323
iaml_super_41146,28,logei,native,decay_uniform_grid_a1_2,10,uniform,0.5,190,104,94.00724143492789,0.5473684210526316,1,190,100,0.13426819443702698,0.17017417097977017,0.12441696111760026,0.14172275105103188,0.10860505839813979
iaml_super_41146,28,logei,native,decay_uniform_grid_a1_2,11,uniform,0.5,190,96,94.00724143492789,0.5052631578947369,2,188,88,0.13426819443702698,0.20658153944631297,0.1489714686398214,0.16939205349857286,0.1352727631743759
iaml_super_41146,28,logei,native,decay_uniform_grid_a1_2,12,uniform,0.5,190,100,94.00724143492789,0.5263157894736842,1,189,69,0.1590414047241211,0.16577349885339202,0.11953778308608601,0.13648382038813361,0.19200503746225206
iaml_super_41146,28,logei,native,decay_uniform_grid_a1_2,13,uniform,0.5,190,90,94.00724143492789,0.47368421052631576,1,189,87,0.13426819443702698,0.1670512639131769,0.1246075683074997,0.14242501044227399,0.19431946607904665
iaml_super_41146,28,logei,native,decay_uniform_grid_a1_2,14,uniform,0.5,190,98,94.00724143492789,0.5157894736842106,2,189,90,0.13426819443702698,0.2075582283637373,0.1545718008427015,0.17713527640220428,0.19485631053294664
iaml_super_41146,28,logei,native,decay_uniform_grid_a1_2,15,uniform,0.5,190,101,94.00724143492789,0.531578947368421,1,189,101,0.13426819443702698,0.17636877116699362,0.13039119410792005,0.14896611680447416,0.13366969654998606
iaml_super_41146,28,logei,native,decay_uniform_grid_a1_2,16,uniform,0.5,190,83,94.00724143492789,0.4368421052631579,3,190,87,0.15557536482810974,0.15343558938555932,0.1121946639768521,0.12826208664721112,0.09899093600407462
iaml_super_41146,28,logei,native,decay_uniform_grid_a1_2,17,uniform,0.5,190,96,94.00724143492789,0.5052631578947369,1,190,88,0.13426819443702698,0.19253489859859463,0.14501611390497515,0.1648004281158324,0.14106366312560684
iaml_super_41146,28,logei,native,decay_uniform_grid_a1_2,18,uniform,0.5,190,92,94.00724143492789,0.4842105263157895,1,190,100,0.13426819443702698,0.1696446779759258,0.12020205296208226,0.13633190487997546,0.10520333375948186
iaml_super_41146,28,logei,native,decay_uniform_grid_a1_2,19,uniform,0.5,190,84,94.00724143492789,0.4421052631578947,2,187,74,0.13426819443702698,0.20070667215053378,0.14734314652727037,0.1686099330182908,0.14629258682400628
iaml_super_41146,28,logei,native,decay_uniform_grid_a1_2,20,uniform,0.5,190,89,94.00724143492789,0.46842105263157896,3,185,96,0.13426819443702698,0.18585569277999056,0.13168745775339008,0.15061328859929868,0.1193200169545308
iaml_super_41146,28,logei,native,decay_uniform_grid_a1_2,21,uniform,0.5,190,99,94.00724143492789,0.5210526315789473,1,190,104,0.13426819443702698,0.16824416417034466,0.12394938506842333,0.14262202581397304,0.09877833794551708
iaml_super_41146,28,logei,native,decay_uniform_grid_a1_2,22,uniform,0.5,190,89,94.00724143492789,0.46842105263157896,1,188,101,0.15428321063518524,0.16448563993576418,0.12235739862871362,0.13895332261696397,0.16149520687009516
iaml_super_41146,28,logei,native,decay_uniform_grid_a1_2,23,uniform,0.5,190,101,94.00724143492789,0.531578947368421,2,188,94,0.13426819443702698,0.16270397671535497,0.11828493767335957,0.13433734919381798,0.1849135689066052
iaml_super_41146,28,logei,native,decay_uniform_grid_a1_2,24,uniform,0.5,190,94,94.00724143492789,0.49473684210526314,1,190,94,0.13426819443702698,0.16998528828180512,0.12687778225237617,0.144919824244399,0.12742696339471432
iaml_super_41146,28,logei,native,decay_uniform_grid_a1_2,25,uniform,0.5,190,82,94.00724143492789,0.43157894736842106,1,185,95,0.13426819443702698,0.17387153745686384,0.12654250622524787,0.14482818526026212,0.20120702010302066
iaml_super_41146,28,logei,native,decay_uniform_grid_a1_2,26,uniform,0.5,190,90,94.00724143492789,0.47368421052631576,2,187,82,0.13426819443702698,0.2017323057462012,0.14028896735385515,0.1590678630760302,0.21278270727594698
iaml_super_41146,28,logei,native,decay_uniform_grid_a1_2,27,uniform,0.5,190,92,94.00724143492789,0.4842105263157895,2,190,89,0.13426819443702698,0.19266188807513607,0.13310905671525464,0.1512789769683334,0.11940642212519186
iaml_super_41146,28,logei,native,decay_uniform_grid_a1_2,28,uniform,0.5,190,90,94.00724143492789,0.47368421052631576,1,187,85,0.13426819443702698,0.1412154876284913,0.10119285606175223,0.11612241011957351,0.09997959474481143
iaml_super_41146,28,logei,native,decay_uniform_grid_a1_2,29,uniform,0.5,190,95,94.00724143492789,0.5,2,186,90,0.15729090571403503,0.16911058733771206,0.12466145336325493,0.14276179277251747,0.1493796625368072
iaml_super_41146,28,logei,native,decay_uniform_grid_a1_2,30,uniform,0.5,190,92,94.00724143492789,0.4842105263157895,1,188,93,0.16177724301815033,0.1594907815036581,0.11696893428927278,0.13346650501234128,0.1537124531078113
iaml_super_41146,28,logei,native,decay_uniform_grid_a1_2,31,uniform,0.5,190,84,94.00724143492789,0.4421052631578947,2,188,90,0.15428321063518524,0.16162042387533226,0.1182556206207212,0.1345733965916419,0.1011493536978713
iaml_super_41146,28,logei,native,decay_uniform_grid_a1_2,32,uniform,0.5,190,99,94.00724143492789,0.5210526315789473,2,190,89,0.13426819443702698,0.19437590874684346,0.13632955595110152,0.15563653777595138,0.13392443746795926
iaml_super_41146,28,logei,native,decay_uniform_grid_a1_2,33,uniform,0.5,190,82,94.00724143492789,0.43157894736842106,1,188,85,0.13426819443702698,0.21786108652972624,0.16373360421344002,0.1851813671114588,0.11916747297174514
iaml_super_41146,28,logei,native,decay_uniform_grid_a1_2,34,uniform,0.5,190,87,94.00724143492789,0.45789473684210524,2,189,106,0.13426819443702698,0.15748681731460923,0.11624601615089261,0.13190281548953972,0.08941112772532048
iaml_super_41146,28,logei,native,decay_uniform_grid_a1_2,5,uniform,0.5,190,90,94.00724143492789,0.47368421052631576,1,189,97,0.13426819443702698,0.14539844120932552,0.10876077428865949,0.12470638139663738,0.13059570933567805
iaml_super_41146,28,logei,native,decay_uniform_grid_a1_2,6,uniform,0.5,190,90,94.00724143492789,0.47368421052631576,2,188,94,0.13426819443702698,0.20215825917210858,0.15570893376320372,0.17592171884944707,0.24515002239737996
iaml_super_41146,28,logei,native,decay_uniform_grid_a1_2,7,uniform,0.5,190,96,94.00724143492789,0.5052631578947369,1,190,94,0.13426819443702698,0.18509348677233464,0.12954894130549552,0.1466940570819789,0.1296757308678912
iaml_super_41146,28,logei,native,decay_uniform_grid_a1_2,8,uniform,0.5,190,92,94.00724143492789,0.4842105263157895,1,184,91,0.1538647562265396,0.16870957811124226,0.12293891672576884,0.14061384083661688,0.17236554638322912
iaml_super_41146,28,logei,native,decay_uniform_grid_a1_2,9,uniform,0.5,190,85,94.00724143492789,0.4473684210526316,1,189,97,0.13426819443702698,0.17673075321474566,0.13530573668833595,0.15460057249492712,0.20313103598192173
iaml_super_41146,28,logei,native,standard,10,none,nan,190,0,0.0,0.0,,,0,0.13426819443702698,0.19664882096659544,0.14180552151949066,0.16030606505978956,0.12274059072495778
iaml_super_41146,28,logei,native,standard,11,none,nan,190,0,0.0,0.0,,,0,0.13426819443702698,0.06562408758752492,0.046634664690368276,0.05378641043213751,0.02982618540162505
iaml_super_41146,28,logei,native,standard,12,none,nan,190,0,0.0,0.0,,,0,0.13426819443702698,0.137604876621329,0.10015268366105787,0.11544295854067797,0.07861567759924694
iaml_super_41146,28,logei,native,standard,13,none,nan,190,0,0.0,0.0,,,0,0.13426819443702698,0.12054741118392268,0.08580763813108988,0.0985617525747479,0.06405375270795761
iaml_super_41146,28,logei,native,standard,14,none,nan,190,0,0.0,0.0,,,0,0.13426819443702698,0.13472884687535522,0.09817178436444421,0.1122130344170654,0.05079163260730682
iaml_super_41146,28,logei,native,standard,15,none,nan,190,0,0.0,0.0,,,0,0.13426819443702698,0.17342670093886958,0.1302930315651128,0.14955617291232007,0.13321419568046833
iaml_super_41146,28,logei,native,standard,16,none,nan,190,0,0.0,0.0,,,0,0.1538647562265396,0.059785042124787496,0.04504131110334725,0.051972113565249674,0.01822710094304646
iaml_super_41146,28,logei,native,standard,17,none,nan,190,0,0.0,0.0,,,0,0.1538647562265396,0.06770615758766906,0.04801850533984593,0.055228211706540714,0.021106501525536853
iaml_super_41146,28,logei,native,standard,18,none,nan,190,0,0.0,0.0,,,0,0.1538647562265396,0.08556984182990081,0.06129509898211308,0.07067298552176438,0.030185445540271534
iaml_super_41146,28,logei,native,standard,19,none,nan,190,0,0.0,0.0,,,0,0.13426819443702698,0.09356794055272744,0.06647153904409162,0.0762366863482747,0.03966506505604211
iaml_super_41146,28,logei,native,standard,20,none,nan,190,0,0.0,0.0,,,0,0.1579601764678955,0.08580330316231118,0.06075575049218055,0.07000874135340658,0.03998418943801392
iaml_super_41146,28,logei,native,standard,21,none,nan,190,0,0.0,0.0,,,0,0.13426819443702698,0.08593000417567127,0.06287708301319497,0.07251632639088462,0.057306652035352366
iaml_super_41146,28,logei,native,standard,22,none,nan,190,0,0.0,0.0,,,0,0.15428321063518524,0.06050199918955557,0.04275927510960979,0.049387382082140545,0.038934970871784096
iaml_super_41146,28,logei,native,standard,23,none,nan,190,0,0.0,0.0,,,0,0.13426819443702698,0.07903387162471755,0.055258671157410164,0.06320945480381687,0.0453111540033204
iaml_super_41146,28,logei,native,standard,24,none,nan,190,0,0.0,0.0,,,0,0.13426819443702698,0.09591268905452406,0.0695982064406128,0.07988464625206432,0.06549825841498602
iaml_super_41146,28,logei,native,standard,25,none,nan,190,0,0.0,0.0,,,0,0.13426819443702698,0.06343093023030005,0.04452709282501249,0.051069807796143146,0.038535242844683515
iaml_super_41146,28,logei,native,standard,26,none,nan,190,0,0.0,0.0,,,0,0.1538647562265396,0.06035094578479319,0.045750526978926884,0.052909036352718396,0.047523263313107335
iaml_super_41146,28,logei,native,standard,27,none,nan,190,0,0.0,0.0,,,0,0.13426819443702698,0.07184296630837453,0.05231047675426864,0.059833560939409676,0.023876440046478212
iaml_super_41146,28,logei,native,standard,28,none,nan,190,0,0.0,0.0,,,0,0.1538647562265396,0.0636936006055668,0.046123643980386035,0.052684009961646065,0.026076604980511092
iaml_super_41146,28,logei,native,standard,29,none,nan,190,0,0.0,0.0,,,0,0.15896748006343842,0.08806854173288066,0.06292497869217273,0.07246313721039468,0.022674959310622855
iaml_super_41146,28,logei,native,standard,30,none,nan,190,0,0.0,0.0,,,0,0.1538647562265396,0.06251302800312457,0.044480197681438606,0.051584735642090915,0.04519456655015831
iaml_super_41146,28,logei,native,standard,31,none,nan,190,0,0.0,0.0,,,0,0.13426819443702698,0.07554710199683964,0.056781931004810576,0.06533146602428781,0.02602305126882693
iaml_super_41146,28,logei,native,standard,32,none,nan,190,0,0.0,0.0,,,0,0.1538647562265396,0.06877727689393172,0.04933713036515412,0.05738892992075216,0.03432248976116488
iaml_super_41146,28,logei,native,standard,33,none,nan,190,0,0.0,0.0,,,0,0.1538647562265396,0.07609707394117886,0.05594900928035704,0.06461157430961612,0.04240418989356126
iaml_super_41146,28,logei,native,standard,34,none,nan,190,0,0.0,0.0,,,0,0.1538647562265396,0.13210405669968744,0.09410694166454311,0.1079372522416861,0.06057027042559906
iaml_super_41146,28,logei,native,standard,5,none,nan,190,0,0.0,0.0,,,0,0.1538647562265396,0.06232655558798554,0.046621838979182886,0.05335838914296887,0.029495731978215457
iaml_super_41146,28,logei,native,standard,6,none,nan,190,0,0.0,0.0,,,0,0.1538647562265396,0.06510421494200407,0.04655260764601364,0.0538824887055903,0.040405021439974056
iaml_super_41146,28,logei,native,standard,7,none,nan,190,0,0.0,0.0,,,0,0.13426819443702698,0.14577745867778844,0.10575146652892113,0.12084193436744449,0.1025850227519499
iaml_super_41146,28,logei,native,standard,8,none,nan,190,0,0.0,0.0,,,0,0.15428321063518524,0.06734697175853757,0.048839999349426066,0.05618161451612318,0.04173484809070792
iaml_super_41146,28,logei,native,standard,9,none,nan,190,0,0.0,0.0,,,0,0.1538647562265396,0.12876705094484203,0.09511388349332148,0.10846271624932269,0.07224497271976986
iaml_super_41146,28,mes_gumbel,native,decay_greedy_packing_grid_a1_2,10,greedy_packing,0.5,190,104,94.00724143492789,0.5473684210526316,1,190,100,0.13426819443702698,0.15129460886092394,0.11193443665991054,0.1258175757470526,0.14622025196131247
iaml_super_41146,28,mes_gumbel,native,decay_greedy_packing_grid_a1_2,11,greedy_packing,0.5,190,96,94.00724143492789,0.5052631578947369,2,188,88,0.13426819443702698,0.17926001593114227,0.1296326179014659,0.1463754037106054,0.18969369589721233
iaml_super_41146,28,mes_gumbel,native,decay_greedy_packing_grid_a1_2,12,greedy_packing,0.5,190,100,94.00724143492789,0.5263157894736842,1,189,69,0.13426819443702698,0.15768338694683395,0.1210345803222494,0.13670005957625384,0.18389818550510426
iaml_super_41146,28,mes_gumbel,native,decay_greedy_packing_grid_a1_2,13,greedy_packing,0.5,190,90,94.00724143492789,0.47368421052631576,1,189,87,0.13426819443702698,0.14359788855476838,0.10216286907160602,0.11521565067455183,0.18458418142627467
iaml_super_41146,28,mes_gumbel,native,decay_greedy_packing_grid_a1_2,14,greedy_packing,0.5,190,98,94.00724143492789,0.5157894736842106,2,189,90,0.13426882028579712,0.16738226275419885,0.12594462510987764,0.14133516500500115,0.22135570857243345
iaml_super_41146,28,mes_gumbel,native,decay_greedy_packing_grid_a1_2,15,greedy_packing,0.5,190,101,94.00724143492789,0.531578947368421,1,189,101,0.13426819443702698,0.1603642110787608,0.12222976377576644,0.13744097293682453,0.18998812068654586
iaml_super_41146,28,mes_gumbel,native,decay_greedy_packing_grid_a1_2,16,greedy_packing,0.5,190,83,94.00724143492789,0.4368421052631579,3,190,87,0.13426819443702698,0.14783624830149134,0.10646924849850267,0.11989890459095684,0.12125960738852558
iaml_super_41146,28,mes_gumbel,native,decay_greedy_packing_grid_a1_2,17,greedy_packing,0.5,190,96,94.00724143492789,0.5052631578947369,1,190,88,0.13426819443702698,0.14664938656731868,0.10945334701112955,0.12263449230627672,0.14561874742229403
iaml_super_41146,28,mes_gumbel,native,decay_greedy_packing_grid_a1_2,18,greedy_packing,0.5,190,92,94.00724143492789,0.4842105263157895,1,190,100,0.13426819443702698,0.12866207774813804,0.09684861921942875,0.10874275331921436,0.10862202055038735
iaml_super_41146,28,mes_gumbel,native,decay_greedy_packing_grid_a1_2,19,greedy_packing,0.5,190,84,94.00724143492789,0.4421052631578947,2,187,74,0.1538647562265396,0.1485587916325423,0.10739189410494948,0.12074933490893879,0.15524578682915355
iaml_super_41146,28,mes_gumbel,native,decay_greedy_packing_grid_a1_2,20,greedy_packing,0.5,190,89,94.00724143492789,0.46842105263157896,3,185,96,0.13426819443702698,0.13373389230072893,0.09868914214761497,0.1103139733038744,0.1669753049407578
iaml_super_41146,28,mes_gumbel,native,decay_greedy_packing_grid_a1_2,21,greedy_packing,0.5,190,99,94.00724143492789,0.5210526315789473,1,190,104,0.13426819443702698,0.15188078266761917,0.11118324043227833,0.12506759720618496,0.13828616808179703
iaml_super_41146,28,mes_gumbel,native,decay_greedy_packing_grid_a1_2,22,greedy_packing,0.5,190,89,94.00724143492789,0.46842105263157896,1,188,101,0.13426819443702698,0.10625855389827998,0.08095932311358647,0.09137788412969303,0.10880843052252534
iaml_super_41146,28,mes_gumbel,native,decay_greedy_packing_grid_a1_2,23,greedy_packing,0.5,190,101,94.00724143492789,0.531578947368421,2,188,94,0.13426819443702698,0.1496816329759522,0.11056193527856412,0.12380747282342026,0.16508353040843446
iaml_super_41146,28,mes_gumbel,native,decay_greedy_packing_grid_a1_2,24,greedy_packing,0.5,190,94,94.00724143492789,0.49473684210526314,1,190,94,0.13426819443702698,0.13948306531005594,0.10740181103397935,0.12016982425051922,0.12854696574038935
iaml_super_41146,28,mes_gumbel,native,decay_greedy_packing_grid_a1_2,25,greedy_packing,0.5,190,82,94.00724143492789,0.43157894736842106,1,185,95,0.13426819443702698,0.1711003292218221,0.12588721252636992,0.14088959089473546,0.20200913592143002
iaml_super_41146,28,mes_gumbel,native,decay_greedy_packing_grid_a1_2,26,greedy_packing,0.5,190,90,94.00724143492789,0.47368421052631576,2,187,82,0.1538647562265396,0.15044053245810354,0.10985913741123898,0.12344325167769792,0.14966935905426457
iaml_super_41146,28,mes_gumbel,native,decay_greedy_packing_grid_a1_2,27,greedy_packing,0.5,190,92,94.00724143492789,0.4842105263157895,2,190,89,0.13426819443702698,0.13625367475411373,0.09977511505902173,0.11192575680388939,0.12016530943546214
iaml_super_41146,28,mes_gumbel,native,decay_greedy_packing_grid_a1_2,28,greedy_packing,0.5,190,90,94.00724143492789,0.47368421052631576,1,187,85,0.13426819443702698,0.14273583522313518,0.10296148538937205,0.11555260122649914,0.15558495212361234
iaml_super_41146,28,mes_gumbel,native,decay_greedy_packing_grid_a1_2,29,greedy_packing,0.5,190,95,94.00724143492789,0.5,2,186,90,0.13426819443702698,0.13775310368145072,0.10385312069025321,0.1174603600037628,0.17875590088673463
iaml_super_41146,28,mes_gumbel,native,decay_greedy_packing_grid_a1_2,30,greedy_packing,0.5,190,92,94.00724143492789,0.4842105263157895,1,188,93,0.13426819443702698,0.14386533669208465,0.11088096208133183,0.1251356873013391,0.18394842260471744
iaml_super_41146,28,mes_gumbel,native,decay_greedy_packing_grid_a1_2,31,greedy_packing,0.5,190,84,94.00724143492789,0.4421052631578947,2,188,90,0.13426819443702698,0.1325642438241945,0.09804951538421355,0.11011902607815616,0.13977524876163275
iaml_super_41146,28,mes_gumbel,native,decay_greedy_packing_grid_a1_2,32,greedy_packing,0.5,190,99,94.00724143492789,0.5210526315789473,2,190,89,0.13426819443702698,0.1482987630855364,0.11401271532955881,0.12845501056246308,0.1408319012993751
iaml_super_41146,28,mes_gumbel,native,decay_greedy_packing_grid_a1_2,33,greedy_packing,0.5,190,82,94.00724143492789,0.43157894736842106,1,188,85,0.13426819443702698,0.14659406200804234,0.11163745827450884,0.12569194391606087,0.17783682507030993
iaml_super_41146,28,mes_gumbel,native,decay_greedy_packing_grid_a1_2,34,greedy_packing,0.5,190,87,94.00724143492789,0.45789473684210524,2,189,106,0.13426819443702698,0.14597749704929713,0.10811188429411375,0.12158700611151091,0.1538362087191727
iaml_super_41146,28,mes_gumbel,native,decay_greedy_packing_grid_a1_2,5,greedy_packing,0.5,190,90,94.00724143492789,0.47368421052631576,1,189,97,0.13426819443702698,0.12988655584974287,0.09966189987152455,0.11267453964338572,0.1430315782961867
iaml_super_41146,28,mes_gumbel,native,decay_greedy_packing_grid_a1_2,6,greedy_packing,0.5,190,90,94.00724143492789,0.47368421052631576,2,188,94,0.13426819443702698,0.11603372283416169,0.08947140038334975,0.10074360370846663,0.13742652765406654
iaml_super_41146,28,mes_gumbel,native,decay_greedy_packing_grid_a1_2,7,greedy_packing,0.5,190,96,94.00724143492789,0.5052631578947369,1,190,94,0.13426819443702698,0.14506865450748396,0.10380717426786021,0.11710362120396674,0.12603418672739078
iaml_super_41146,28,mes_gumbel,native,decay_greedy_packing_grid_a1_2,8,greedy_packing,0.5,190,92,94.00724143492789,0.4842105263157895,1,184,91,0.13426819443702698,0.13209428792205244,0.1003830076911416,0.11299600354091213,0.17339378131554314
iaml_super_41146,28,mes_gumbel,native,decay_greedy_packing_grid_a1_2,9,greedy_packing,0.5,190,85,94.00724143492789,0.4473684210526316,1,189,97,0.13426819443702698,0.11937782820303154,0.09074055697585708,0.10260096961621902,0.1271505670471579
iaml_super_41146,28,mes_gumbel,native,decay_uniform_grid_a1_2,10,uniform,0.5,190,104,94.00724143492789,0.5473684210526316,1,190,100,0.13426819443702698,0.16661666806857148,0.12231926027668105,0.13855194075621366,0.10685448984299019
iaml_super_41146,28,mes_gumbel,native,decay_uniform_grid_a1_2,11,uniform,0.5,190,96,94.00724143492789,0.5052631578947369,2,188,88,0.13426819443702698,0.17592314483617105,0.12686036526599087,0.14370914432273849,0.17894587683985233
iaml_super_41146,28,mes_gumbel,native,decay_uniform_grid_a1_2,12,uniform,0.5,190,100,94.00724143492789,0.5263157894736842,1,189,69,0.13426819443702698,0.1757944539451587,0.12517191554017057,0.14195361867999745,0.2225337974825646
iaml_super_41146,28,mes_gumbel,native,decay_uniform_grid_a1_2,13,uniform,0.5,190,90,94.00724143492789,0.47368421052631576,1,189,87,0.13426819443702698,0.16584040787680546,0.12588700650669465,0.14343384026781822,0.19920039435149972
iaml_super_41146,28,mes_gumbel,native,decay_uniform_grid_a1_2,14,uniform,0.5,190,98,94.00724143492789,0.5157894736842106,2,189,90,0.13426819443702698,0.20125691349630995,0.14935364888961916,0.17043343553606263,0.21879724604104905
iaml_super_41146,28,mes_gumbel,native,decay_uniform_grid_a1_2,15,uniform,0.5,190,101,94.00724143492789,0.531578947368421,1,189,101,0.13426819443702698,0.16665941084529814,0.12694013045125613,0.14503346321713376,0.2157599036352678
iaml_super_41146,28,mes_gumbel,native,decay_uniform_grid_a1_2,16,uniform,0.5,190,83,94.00724143492789,0.4368421052631579,3,190,87,0.15448331832885742,0.1451821023837178,0.10556004602059543,0.12079247182324548,0.09052902151450544
iaml_super_41146,28,mes_gumbel,native,decay_uniform_grid_a1_2,17,uniform,0.5,190,96,94.00724143492789,0.5052631578947369,1,190,88,0.13426819443702698,0.16781085243130806,0.12482356638403813,0.14142803292881384,0.12051631441469415
iaml_super_41146,28,mes_gumbel,native,decay_uniform_grid_a1_2,18,uniform,0.5,190,92,94.00724143492789,0.4842105263157895,1,190,100,0.13426819443702698,0.16407628485045833,0.11776950096089753,0.13351390397047977,0.10980255869506315
iaml_super_41146,28,mes_gumbel,native,decay_uniform_grid_a1_2,19,uniform,0.5,190,84,94.00724143492789,0.4421052631578947,2,187,74,0.13426819443702698,0.1983381377892994,0.14950075928570494,0.16975552356262974,0.2241799750263646
iaml_super_41146,28,mes_gumbel,native,decay_uniform_grid_a1_2,20,uniform,0.5,190,89,94.00724143492789,0.46842105263157896,3,185,96,0.13626456260681152,0.18155264654964318,0.1317681708759028,0.14982713070568432,0.20089119674097897
iaml_super_41146,28,mes_gumbel,native,decay_uniform_grid_a1_2,21,uniform,0.5,190,99,94.00724143492789,0.5210526315789473,1,190,104,0.13426819443702698,0.16878146173858183,0.12242122639260966,0.1392853213154666,0.09738414569510101
iaml_super_41146,28,mes_gumbel,native,decay_uniform_grid_a1_2,22,uniform,0.5,190,89,94.00724143492789,0.46842105263157896,1,188,101,0.15428321063518524,0.1692150194931509,0.12636753505097936,0.14330551824781965,0.1766603526347441
iaml_super_41146,28,mes_gumbel,native,decay_uniform_grid_a1_2,23,uniform,0.5,190,101,94.00724143492789,0.531578947368421,2,188,94,0.13426819443702698,0.1665037767010195,0.11889520789935853,0.13493946325099138,0.18912272648464798
iaml_super_41146,28,mes_gumbel,native,decay_uniform_grid_a1_2,24,uniform,0.5,190,94,94.00724143492789,0.49473684210526314,1,190,94,0.13426819443702698,0.1688133318266339,0.12777658415064894,0.1457427980056345,0.12774978528071582
iaml_super_41146,28,mes_gumbel,native,decay_uniform_grid_a1_2,25,uniform,0.5,190,82,94.00724143492789,0.43157894736842106,1,185,95,0.13426819443702698,0.16691743159720207,0.12348884111433074,0.13989597680675794,0.21867157600643983
iaml_super_41146,28,mes_gumbel,native,decay_uniform_grid_a1_2,26,uniform,0.5,190,90,94.00724143492789,0.47368421052631576,2,187,82,0.13426819443702698,0.19366738977524148,0.13830868405155133,0.1564032984146433,0.2307602113177551
iaml_super_41146,28,mes_gumbel,native,decay_uniform_grid_a1_2,27,uniform,0.5,190,92,94.00724143492789,0.4842105263157895,2,190,89,0.13426819443702698,0.17065299717023036,0.11850545709687102,0.13514854053396597,0.10905841397814457
iaml_super_41146,28,mes_gumbel,native,decay_uniform_grid_a1_2,28,uniform,0.5,190,90,94.00724143492789,0.47368421052631576,1,187,85,0.13426819443702698,0.13389904854171072,0.09737805859870288,0.11122736385990438,0.11371903553927402
iaml_super_41146,28,mes_gumbel,native,decay_uniform_grid_a1_2,29,uniform,0.5,190,95,94.00724143492789,0.5,2,186,90,0.13426819443702698,0.17048941819313615,0.1250864628561263,0.14216812274653695,0.13739223609172282
iaml_super_41146,28,mes_gumbel,native,decay_uniform_grid_a1_2,30,uniform,0.5,190,92,94.00724143492789,0.4842105263157895,1,188,93,0.15428321063518524,0.16087653586371725,0.11712522992351454,0.13360352373608642,0.15915557966184368
iaml_super_41146,28,mes_gumbel,native,decay_uniform_grid_a1_2,31,uniform,0.5,190,84,94.00724143492789,0.4421052631578947,2,188,90,0.15552711486816406,0.16242001934699077,0.11787005267986689,0.134459067186148,0.18165769574054405
iaml_super_41146,28,mes_gumbel,native,decay_uniform_grid_a1_2,32,uniform,0.5,190,99,94.00724143492789,0.5210526315789473,2,190,89,0.13426819443702698,0.19712035772843267,0.138416300762937,0.15792809455217222,0.1372076855629571
iaml_super_41146,28,mes_gumbel,native,decay_uniform_grid_a1_2,33,uniform,0.5,190,82,94.00724143492789,0.43157894736842106,1,188,85,0.13426819443702698,0.18462346675904392,0.139756062977128,0.1583235913132682,0.21599010998568033
iaml_super_41146,28,mes_gumbel,native,decay_uniform_grid_a1_2,34,uniform,0.5,190,87,94.00724143492789,0.45789473684210524,2,189,106,0.15428321063518524,0.15310541191661375,0.11196305265256311,0.12700903989470805,0.17057292200424878
iaml_super_41146,28,mes_gumbel,native,decay_uniform_grid_a1_2,5,uniform,0.5,190,90,94.00724143492789,0.47368421052631576,1,189,97,0.13426819443702698,0.13883678091930293,0.10585330627074147,0.1207739777762059,0.14314649645584984
iaml_super_41146,28,mes_gumbel,native,decay_uniform_grid_a1_2,6,uniform,0.5,190,90,94.00724143492789,0.47368421052631576,2,188,94,0.13426819443702698,0.15090828308979765,0.11458496528860332,0.1300555211333204,0.19881037336306015
iaml_super_41146,28,mes_gumbel,native,decay_uniform_grid_a1_2,7,uniform,0.5,190,96,94.00724143492789,0.5052631578947369,1,190,94,0.13426819443702698,0.19286982956140103,0.1352446286952088,0.15275954195910554,0.1343390084751179
iaml_super_41146,28,mes_gumbel,native,decay_uniform_grid_a1_2,8,uniform,0.5,190,92,94.00724143492789,0.4842105263157895,1,184,91,0.13426819443702698,0.16142773698268237,0.12042274752164718,0.137350282481158,0.20895106162390414
iaml_super_41146,28,mes_gumbel,native,decay_uniform_grid_a1_2,9,uniform,0.5,190,85,94.00724143492789,0.4473684210526316,1,189,97,0.1342712938785553,0.17896966593214197,0.1340681142258242,0.15240298084078285,0.19249330018036576
iaml_super_41146,28,mes_gumbel,native,standard,10,none,nan,190,0,0.0,0.0,,,0,0.13426819443702698,0.10436861184372366,0.06906520439789432,0.07845892156345295,0.05590380425132626
iaml_super_41146,28,mes_gumbel,native,standard,11,none,nan,190,0,0.0,0.0,,,0,0.13426819443702698,0.06299211604761593,0.045339399764212,0.05196054622303377,0.043166441547941435
iaml_super_41146,28,mes_gumbel,native,standard,12,none,nan,190,0,0.0,0.0,,,0,0.13426819443702698,0.06932566128723515,0.048830070643537116,0.05598287780480924,0.03645300154658267
iaml_super_41146,28,mes_gumbel,native,standard,13,none,nan,190,0,0.0,0.0,,,0,0.13426819443702698,0.12734006722806374,0.0881663337660134,0.10001506197817149,0.0922729166663938
iaml_super_41146,28,mes_gumbel,native,standard,14,none,nan,190,0,0.0,0.0,,,0,0.13426819443702698,0.11111551598670512,0.08188577700394412,0.09316162845753878,0.090210093407925
iaml_super_41146,28,mes_gumbel,native,standard,15,none,nan,190,0,0.0,0.0,,,0,0.13426819443702698,0.09589403228254854,0.0720473168329162,0.08238184535637581,0.05758988893536964
iaml_super_41146,28,mes_gumbel,native,standard,16,none,nan,190,0,0.0,0.0,,,0,0.15428321063518524,0.057739104469338984,0.0427353248043208,0.048906436502693024,0.029114169111737063
iaml_super_41146,28,mes_gumbel,native,standard,17,none,nan,190,0,0.0,0.0,,,0,0.13426819443702698,0.09690709261341425,0.06674865880260046,0.0755118387509645,0.07046448480180177
iaml_super_41146,28,mes_gumbel,native,standard,18,none,nan,190,0,0.0,0.0,,,0,0.13426819443702698,0.07589088174907807,0.05668618641958185,0.06483702716054228,0.03564912869284764
iaml_super_41146,28,mes_gumbel,native,standard,19,none,nan,190,0,0.0,0.0,,,0,0.13426819443702698,0.10840568031712552,0.07621294469722197,0.08659646232428285,0.0515907429492496
iaml_super_41146,28,mes_gumbel,native,standard,20,none,nan,190,0,0.0,0.0,,,0,0.13426819443702698,0.10434548997114369,0.07166927615715724,0.08226584226818107,0.048416414130210285
iaml_super_41146,28,mes_gumbel,native,standard,21,none,nan,190,0,0.0,0.0,,,0,0.13426819443702698,0.0725566254912066,0.052756068161480554,0.0607288644556531,0.033663717381659894
iaml_super_41146,28,mes_gumbel,native,standard,22,none,nan,190,0,0.0,0.0,,,0,0.15428321063518524,0.057608071845649665,0.041281779969971906,0.04753925076141947,0.04273692808880322
iaml_super_41146,28,mes_gumbel,native,standard,23,none,nan,190,0,0.0,0.0,,,0,0.13426819443702698,0.11251352818001911,0.08364244110341339,0.0955710699026002,0.10127226642805806
iaml_super_41146,28,mes_gumbel,native,standard,24,none,nan,190,0,0.0,0.0,,,0,0.1538647562265396,0.06202028549135361,0.04499109274085027,0.051534094491782645,0.03591405817265058
iaml_super_41146,28,mes_gumbel,native,standard,25,none,nan,190,0,0.0,0.0,,,0,0.13426819443702698,0.062205814653568114,0.04504821084093742,0.05155588705183719,0.036453433785144915
iaml_super_41146,28,mes_gumbel,native,standard,26,none,nan,190,0,0.0,0.0,,,0,0.13426819443702698,0.0653979473825658,0.04663267355270097,0.05355289701453632,0.036874248360608756
iaml_super_41146,28,mes_gumbel,native,standard,27,none,nan,190,0,0.0,0.0,,,0,0.13426819443702698,0.0824006940871957,0.06040322431725557,0.06906121083412874,0.04848750285540423
iaml_super_41146,28,mes_gumbel,native,standard,28,none,nan,190,0,0.0,0.0,,,0,0.1538647562265396,0.06087241015464447,0.04467355314394024,0.05113088566138182,0.03534615873052562
iaml_super_41146,28,mes_gumbel,native,standard,29,none,nan,190,0,0.0,0.0,,,0,0.13426819443702698,0.09092346669206487,0.0654253679167488,0.07495515223445166,0.05262088329874431
iaml_super_41146,28,mes_gumbel,native,standard,30,none,nan,190,0,0.0,0.0,,,0,0.13426819443702698,0.09870320742630806,0.07174365319724868,0.08198989150365209,0.07033486351081715
iaml_super_41146,28,mes_gumbel,native,standard,31,none,nan,190,0,0.0,0.0,,,0,0.1538647562265396,0.06341797249154162,0.047358247944093046,0.05429212689938088,0.03728285099188068
iaml_super_41146,28,mes_gumbel,native,standard,32,none,nan,190,0,0.0,0.0,,,0,0.13426819443702698,0.06691692790612935,0.04940625881654363,0.0569733867967186,0.041281319377428724
iaml_super_41146,28,mes_gumbel,native,standard,33,none,nan,190,0,0.0,0.0,,,0,0.13426819443702698,0.07727044710493687,0.05619119396031973,0.06476044088896009,0.036273392617053514
iaml_super_41146,28,mes_gumbel,native,standard,34,none,nan,190,0,0.0,0.0,,,0,0.13426819443702698,0.09228639072195349,0.06902936808064056,0.07812896772655553,0.049384394394154645
iaml_super_41146,28,mes_gumbel,native,standard,5,none,nan,190,0,0.0,0.0,,,0,0.13426819443702698,0.1096362960657275,0.0805020465826721,0.09185121102899046,0.059347154015831044
iaml_super_41146,28,mes_gumbel,native,standard,6,none,nan,190,0,0.0,0.0,,,0,0.1538647562265396,0.06359264481067825,0.04658109127070188,0.05391296569610225,0.032340275513931906
iaml_super_41146,28,mes_gumbel,native,standard,7,none,nan,190,0,0.0,0.0,,,0,0.13426819443702698,0.1272508275451028,0.09481356670485919,0.10735936198266956,0.11760850469289111
iaml_super_41146,28,mes_gumbel,native,standard,8,none,nan,190,0,0.0,0.0,,,0,0.13426819443702698,0.09286248405245458,0.06822801514864102,0.07805906807873798,0.0772413390492998
iaml_super_41146,28,mes_gumbel,native,standard,9,none,nan,190,0,0.0,0.0,,,0,0.13426819443702698,0.08342043500205425,0.06146478823441625,0.07009514576792392,0.032265054665897366
iaml_super_41146,28,ts,logarithmic,decay_greedy_packing_grid_a1_2,10,greedy_packing,0.5,190,104,94.00724143492789,0.5473684210526316,1,190,100,0.13426819443702698,0.13725564005693716,0.10386968627530466,0.11742746750366657,0.1322178588812668
iaml_super_41146,28,ts,logarithmic,decay_greedy_packing_grid_a1_2,11,greedy_packing,0.5,190,96,94.00724143492789,0.5052631578947369,2,188,88,0.13426974415779114,0.1684671630191628,0.12137588547712863,0.13747851112110632,0.13178826108767022
iaml_super_41146,28,ts,logarithmic,decay_greedy_packing_grid_a1_2,12,greedy_packing,0.5,190,100,94.00724143492789,0.5263157894736842,1,189,69,0.13426819443702698,0.1565020768150559,0.11754013478398995,0.133654717838135,0.12436072770897763
iaml_super_41146,28,ts,logarithmic,decay_greedy_packing_grid_a1_2,13,greedy_packing,0.5,190,90,94.00724143492789,0.47368421052631576,1,189,87,0.13426882028579712,0.1556567821059877,0.11269361940951308,0.1270582843187048,0.1114280672358069
iaml_super_41146,28,ts,logarithmic,decay_greedy_packing_grid_a1_2,14,greedy_packing,0.5,190,98,94.00724143492789,0.5157894736842106,2,189,90,0.13480478525161743,0.14517702631050808,0.1105142198918106,0.12587829801559242,0.12543215055830767
iaml_super_41146,28,ts,logarithmic,decay_greedy_packing_grid_a1_2,15,greedy_packing,0.5,190,101,94.00724143492789,0.531578947368421,1,189,101,0.13426819443702698,0.16684941224643302,0.12303595702529269,0.13887892082059797,0.1251486643941301
iaml_super_41146,28,ts,logarithmic,decay_greedy_packing_grid_a1_2,16,greedy_packing,0.5,190,83,94.00724143492789,0.4368421052631579,3,190,87,0.13426819443702698,0.14146340881220362,0.10917048572754896,0.12420257239965588,0.14225815464168687
iaml_super_41146,28,ts,logarithmic,decay_greedy_packing_grid_a1_2,17,greedy_packing,0.5,190,96,94.00724143492789,0.5052631578947369,1,190,88,0.13426819443702698,0.1658305236582548,0.1191006209426538,0.13450514178424516,0.14482675303457973
iaml_super_41146,28,ts,logarithmic,decay_greedy_packing_grid_a1_2,18,greedy_packing,0.5,190,92,94.00724143492789,0.4842105263157895,1,190,100,0.13426819443702698,0.158312536445926,0.12094329493517267,0.13673830661858385,0.14288977078182383
iaml_super_41146,28,ts,logarithmic,decay_greedy_packing_grid_a1_2,19,greedy_packing,0.5,190,84,94.00724143492789,0.4421052631578947,2,187,74,0.14437806606292725,0.16192440465438593,0.1203682493461711,0.1365795994165553,0.13108635504104058
iaml_super_41146,28,ts,logarithmic,decay_greedy_packing_grid_a1_2,20,greedy_packing,0.5,190,89,94.00724143492789,0.46842105263157896,3,185,96,0.13426819443702698,0.15267696463879527,0.1136908580822468,0.12797604519753722,0.10140655687139513
iaml_super_41146,28,ts,logarithmic,decay_greedy_packing_grid_a1_2,21,greedy_packing,0.5,190,99,94.00724143492789,0.5210526315789473,1,190,104,0.13426819443702698,0.14577060968745267,0.10274309584835511,0.1162489470454557,0.11378586553100438
iaml_super_41146,28,ts,logarithmic,decay_greedy_packing_grid_a1_2,22,greedy_packing,0.5,190,89,94.00724143492789,0.46842105263157896,1,188,101,0.17392617464065552,0.15277373440411346,0.11656590481994968,0.13236969812797178,0.14575984162260228
iaml_super_41146,28,ts,logarithmic,decay_greedy_packing_grid_a1_2,23,greedy_packing,0.5,190,101,94.00724143492789,0.531578947368421,2,188,94,0.13426819443702698,0.15155480312620656,0.10995843198362933,0.12412632271796392,0.1296144941807607
iaml_super_41146,28,ts,logarithmic,decay_greedy_packing_grid_a1_2,24,greedy_packing,0.5,190,94,94.00724143492789,0.49473684210526314,1,190,94,0.13426819443702698,0.13217045539780228,0.09886773189433405,0.11203619095874426,0.12788892780522285
iaml_super_41146,28,ts,logarithmic,decay_greedy_packing_grid_a1_2,25,greedy_packing,0.5,190,82,94.00724143492789,0.43157894736842106,1,185,95,0.13428303599357605,0.16931257321924897,0.12135077442281907,0.13781933973443075,0.12502620188847172
iaml_super_41146,28,ts,logarithmic,decay_greedy_packing_grid_a1_2,26,greedy_packing,0.5,190,90,94.00724143492789,0.47368421052631576,2,187,82,0.13426819443702698,0.157527680352641,0.11292271750517553,0.1276837666195104,0.10031175729736243
iaml_super_41146,28,ts,logarithmic,decay_greedy_packing_grid_a1_2,27,greedy_packing,0.5,190,92,94.00724143492789,0.4842105263157895,2,190,89,0.13428860902786255,0.1320301309244085,0.09384038965636304,0.10676935236350409,0.11471007338494528
iaml_super_41146,28,ts,logarithmic,decay_greedy_packing_grid_a1_2,28,greedy_packing,0.5,190,90,94.00724143492789,0.47368421052631576,1,187,85,0.13426819443702698,0.17868672608881886,0.1294869507509005,0.14612471987844536,0.13376280314515968
iaml_super_41146,28,ts,logarithmic,decay_greedy_packing_grid_a1_2,29,greedy_packing,0.5,190,95,94.00724143492789,0.5,2,186,90,0.13427066802978516,0.14640608539213515,0.10940526743442125,0.12366873987701836,0.11213188978871846
iaml_super_41146,28,ts,logarithmic,decay_greedy_packing_grid_a1_2,30,greedy_packing,0.5,190,92,94.00724143492789,0.4842105263157895,1,188,93,0.13426819443702698,0.16639247092374526,0.1250063167018709,0.14190102962948528,0.12147185317109874
iaml_super_41146,28,ts,logarithmic,decay_greedy_packing_grid_a1_2,31,greedy_packing,0.5,190,84,94.00724143492789,0.4421052631578947,2,188,90,0.13426819443702698,0.15559997727641445,0.11561167027317965,0.13105501024737537,0.12313713176949664
iaml_super_41146,28,ts,logarithmic,decay_greedy_packing_grid_a1_2,32,greedy_packing,0.5,190,99,94.00724143492789,0.5210526315789473,2,190,89,0.13426819443702698,0.17188019818589279,0.1284427951907579,0.14510792233803096,0.15961288836834578
iaml_super_41146,28,ts,logarithmic,decay_greedy_packing_grid_a1_2,33,greedy_packing,0.5,190,82,94.00724143492789,0.43157894736842106,1,188,85,0.13426819443702698,0.1396551260429336,0.10595450856191693,0.12015903732002028,0.10041949352697853
iaml_super_41146,28,ts,logarithmic,decay_greedy_packing_grid_a1_2,34,greedy_packing,0.5,190,87,94.00724143492789,0.45789473684210524,2,189,106,0.13426819443702698,0.1498743263083699,0.10884603460417643,0.12302450182434738,0.1294323785732703
iaml_super_41146,28,ts,logarithmic,decay_greedy_packing_grid_a1_2,5,greedy_packing,0.5,190,90,94.00724143492789,0.47368421052631576,1,189,97,0.13426819443702698,0.16785044618237507,0.12588444671950325,0.142389420238246,0.1374848390287607
iaml_super_41146,28,ts,logarithmic,decay_greedy_packing_grid_a1_2,6,greedy_packing,0.5,190,90,94.00724143492789,0.47368421052631576,2,188,94,0.13426819443702698,0.15601573280933545,0.11951839221249996,0.13509409980987458,0.12985031388273469
iaml_super_41146,28,ts,logarithmic,decay_greedy_packing_grid_a1_2,7,greedy_packing,0.5,190,96,94.00724143492789,0.5052631578947369,1,190,94,0.13426819443702698,0.14388551401539268,0.10603127992102684,0.11994765051902134,0.12867821139211172
iaml_super_41146,28,ts,logarithmic,decay_greedy_packing_grid_a1_2,8,greedy_packing,0.5,190,92,94.00724143492789,0.4842105263157895,1,184,91,0.13426819443702698,0.16645472853192592,0.12218422130273314,0.13772041031978816,0.13658606698161024
iaml_super_41146,28,ts,logarithmic,decay_greedy_packing_grid_a1_2,9,greedy_packing,0.5,190,85,94.00724143492789,0.4473684210526316,1,189,97,0.13426819443702698,0.14347950300728513,0.10955094456075107,0.1244365260715519,0.13374507320754217
iaml_super_41146,28,ts,logarithmic,decay_uniform_grid_a1_2,10,uniform,0.5,190,104,94.00724143492789,0.5473684210526316,1,190,100,0.13426819443702698,0.15379750941504267,0.11180212457005889,0.12707874326173893,0.09103947498316733
iaml_super_41146,28,ts,logarithmic,decay_uniform_grid_a1_2,11,uniform,0.5,190,96,94.00724143492789,0.5052631578947369,2,188,88,0.13426819443702698,0.19397582439093372,0.1388620638314162,0.15840380588265102,0.14195089115416964
iaml_super_41146,28,ts,logarithmic,decay_uniform_grid_a1_2,12,uniform,0.5,190,100,94.00724143492789,0.5263157894736842,1,189,69,0.13426882028579712,0.15662445027485736,0.11612449334948663,0.1321746872364115,0.11852413689128426
iaml_super_41146,28,ts,logarithmic,decay_uniform_grid_a1_2,13,uniform,0.5,190,90,94.00724143492789,0.47368421052631576,1,189,87,0.13426819443702698,0.14848431555315997,0.11033277997123346,0.12535668044069978,0.11781079217528496
iaml_super_41146,28,ts,logarithmic,decay_uniform_grid_a1_2,14,uniform,0.5,190,98,94.00724143492789,0.5157894736842106,2,189,90,0.13621754944324493,0.1730297402249611,0.13017693275502318,0.14984154384434212,0.13361185693633915
iaml_super_41146,28,ts,logarithmic,decay_uniform_grid_a1_2,15,uniform,0.5,190,101,94.00724143492789,0.531578947368421,1,189,101,0.13746732473373413,0.17346041427424097,0.12673439456556557,0.14492511382492917,0.13323628104933385
iaml_super_41146,28,ts,logarithmic,decay_uniform_grid_a1_2,16,uniform,0.5,190,83,94.00724143492789,0.4368421052631579,3,190,87,0.13427190482616425,0.1561988375243267,0.11647052096070332,0.13317162444314973,0.10873233250546076
iaml_super_41146,28,ts,logarithmic,decay_uniform_grid_a1_2,17,uniform,0.5,190,96,94.00724143492789,0.5052631578947369,1,190,88,0.16272547841072083,0.17130300912743918,0.12588325921657767,0.14341537143296196,0.12075557623160964
iaml_super_41146,28,ts,logarithmic,decay_uniform_grid_a1_2,18,uniform,0.5,190,92,94.00724143492789,0.4842105263157895,1,190,100,0.15812253952026367,0.1684263853613518,0.12495002493415874,0.1421640795971568,0.12202447560035257
iaml_super_41146,28,ts,logarithmic,decay_uniform_grid_a1_2,19,uniform,0.5,190,84,94.00724143492789,0.4421052631578947,2,187,74,0.13426974415779114,0.18499654724420522,0.1383653817505539,0.15775344319666845,0.14451102610891073
iaml_super_41146,28,ts,logarithmic,decay_uniform_grid_a1_2,20,uniform,0.5,190,89,94.00724143492789,0.46842105263157896,3,185,96,0.13427066802978516,0.16853092225145558,0.12108720989153057,0.13863518449082995,0.13318268789439394
iaml_super_41146,28,ts,logarithmic,decay_uniform_grid_a1_2,21,uniform,0.5,190,99,94.00724143492789,0.5210526315789473,1,190,104,0.13426819443702698,0.16527938313568363,0.11733174676244125,0.13438783017274702,0.09090798653872054
iaml_super_41146,28,ts,logarithmic,decay_uniform_grid_a1_2,22,uniform,0.5,190,89,94.00724143492789,0.46842105263157896,1,188,101,0.16824263334274292,0.1711002651413775,0.12507611505984548,0.1428023434411231,0.15053407521460396
iaml_super_41146,28,ts,logarithmic,decay_uniform_grid_a1_2,23,uniform,0.5,190,101,94.00724143492789,0.531578947368421,2,188,94,0.13426819443702698,0.16437162334012134,0.12042723258708335,0.13766581728953675,0.1482498301940317
iaml_super_41146,28,ts,logarithmic,decay_uniform_grid_a1_2,24,uniform,0.5,190,94,94.00724143492789,0.49473684210526314,1,190,94,0.13433746993541718,0.1677249243103873,0.12490838427671375,0.14275145020763338,0.12853673092330056
iaml_super_41146,28,ts,logarithmic,decay_uniform_grid_a1_2,25,uniform,0.5,190,82,94.00724143492789,0.43157894736842106,1,185,95,0.13428303599357605,0.1774949852413833,0.13259238976730472,0.15096688015385576,0.1391692881882148
iaml_super_41146,28,ts,logarithmic,decay_uniform_grid_a1_2,26,uniform,0.5,190,90,94.00724143492789,0.47368421052631576,2,187,82,0.13426819443702698,0.17906279208924827,0.12736459039418788,0.14542870849369915,0.11418565784374375
iaml_super_41146,28,ts,logarithmic,decay_uniform_grid_a1_2,27,uniform,0.5,190,92,94.00724143492789,0.4842105263157895,2,190,89,0.13426819443702698,0.18065589379762867,0.1203294218745058,0.13800351782666498,0.11345752884080625
iaml_super_41146,28,ts,logarithmic,decay_uniform_grid_a1_2,28,uniform,0.5,190,90,94.00724143492789,0.47368421052631576,1,187,85,0.13426819443702698,0.1490000221194967,0.10349394812059237,0.1187831668392984,0.1137434108510682
iaml_super_41146,28,ts,logarithmic,decay_uniform_grid_a1_2,29,uniform,0.5,190,95,94.00724143492789,0.5,2,186,90,0.13426819443702698,0.16909593061518025,0.1233014445218915,0.14119575681908683,0.13317599354892537
iaml_super_41146,28,ts,logarithmic,decay_uniform_grid_a1_2,30,uniform,0.5,190,92,94.00724143492789,0.4842105263157895,1,188,93,0.13426819443702698,0.1603821480112111,0.11682243230673328,0.13349828174054618,0.11306959736189746
iaml_super_41146,28,ts,logarithmic,decay_uniform_grid_a1_2,31,uniform,0.5,190,84,94.00724143492789,0.4421052631578947,2,188,90,0.17536088824272156,0.16533473130439813,0.11690005627493946,0.13408975072141627,0.12069882544655612
iaml_super_41146,28,ts,logarithmic,decay_uniform_grid_a1_2,32,uniform,0.5,190,99,94.00724143492789,0.5210526315789473,2,190,89,0.13426819443702698,0.17682867685587483,0.1347493445199397,0.15467842103380913,0.12717239990174037
iaml_super_41146,28,ts,logarithmic,decay_uniform_grid_a1_2,33,uniform,0.5,190,82,94.00724143492789,0.43157894736842106,1,188,85,0.13426819443702698,0.17926370306845044,0.13162865423568404,0.15012750841373784,0.14294122095949985
iaml_super_41146,28,ts,logarithmic,decay_uniform_grid_a1_2,34,uniform,0.5,190,87,94.00724143492789,0.45789473684210524,2,189,106,0.13447540998458862,0.18207954818343008,0.12839895306672972,0.14601605313335683,0.15938955787712744
iaml_super_41146,28,ts,logarithmic,decay_uniform_grid_a1_2,5,uniform,0.5,190,90,94.00724143492789,0.47368421052631576,1,189,97,0.13426819443702698,0.1596309704662846,0.11847832646780267,0.13613400618322918,0.13844830407598585
iaml_super_41146,28,ts,logarithmic,decay_uniform_grid_a1_2,6,uniform,0.5,190,90,94.00724143492789,0.47368421052631576,2,188,94,0.13433128595352173,0.16770778738153497,0.12718690426649965,0.14454928911283405,0.11673029964137377
iaml_super_41146,28,ts,logarithmic,decay_uniform_grid_a1_2,7,uniform,0.5,190,96,94.00724143492789,0.5052631578947369,1,190,94,0.13426819443702698,0.17816869081426262,0.12109600623051471,0.13749889787842115,0.11375196756998046
iaml_super_41146,28,ts,logarithmic,decay_uniform_grid_a1_2,8,uniform,0.5,190,92,94.00724143492789,0.4842105263157895,1,184,91,0.13426819443702698,0.1780109399306574,0.12680467934669146,0.14468445551584114,0.13472041720133446
iaml_super_41146,28,ts,logarithmic,decay_uniform_grid_a1_2,9,uniform,0.5,190,85,94.00724143492789,0.4473684210526316,1,189,97,0.13426819443702698,0.17674352938193197,0.12918471006079113,0.14823906977668072,0.12691973798361322
iaml_super_41146,28,ts,logarithmic,standard,10,none,nan,190,0,0.0,0.0,,,0,0.14633609354496002,0.14513648785776007,0.10573575404799147,0.12061876642115962,0.11216456642354695
iaml_super_41146,28,ts,logarithmic,standard,11,none,nan,190,0,0.0,0.0,,,0,0.13426819443702698,0.17101206889680545,0.12345340344738473,0.14071001170092892,0.12442859794387992
iaml_super_41146,28,ts,logarithmic,standard,12,none,nan,190,0,0.0,0.0,,,0,0.1590414047241211,0.1323799756083899,0.09341398253630437,0.10731935610542741,0.08414052069085029
iaml_super_41146,28,ts,logarithmic,standard,13,none,nan,190,0,0.0,0.0,,,0,0.13530611991882324,0.10506330436260909,0.07438473075784854,0.08558666083944927,0.07260882006617436
iaml_super_41146,28,ts,logarithmic,standard,14,none,nan,190,0,0.0,0.0,,,0,0.17317432165145874,0.12247067741898054,0.08752420776512625,0.10134854054952928,0.0818061812607484
iaml_super_41146,28,ts,logarithmic,standard,15,none,nan,190,0,0.0,0.0,,,0,0.14879854023456573,0.13011357692141018,0.0937857143255873,0.10838144494681726,0.09418460319387266
iaml_super_41146,28,ts,logarithmic,standard,16,none,nan,190,0,0.0,0.0,,,0,0.1342725306749344,0.15151915038438712,0.11195883853385968,0.12823590603277293,0.10541660870449292
iaml_super_41146,28,ts,logarithmic,standard,17,none,nan,190,0,0.0,0.0,,,0,0.13426819443702698,0.18140678279468428,0.12538791939516047,0.14272921779221537,0.14186680521462014
iaml_super_41146,28,ts,logarithmic,standard,18,none,nan,190,0,0.0,0.0,,,0,0.134733647108078,0.16174329041539962,0.11887694890068103,0.13633376910674014,0.11821062108919357
iaml_super_41146,28,ts,logarithmic,standard,19,none,nan,190,0,0.0,0.0,,,0,0.16638697683811188,0.15962138512443722,0.11214267445998433,0.12885390365963,0.12022864209470661
iaml_super_41146,28,ts,logarithmic,standard,20,none,nan,190,0,0.0,0.0,,,0,0.1660149246454239,0.13798156680465234,0.09870722348285971,0.11335281671563048,0.0890857596822534
iaml_super_41146,28,ts,logarithmic,standard,21,none,nan,190,0,0.0,0.0,,,0,0.17750880122184753,0.14193402192644683,0.10024188458118011,0.11540983599791829,0.09558143508476577
iaml_super_41146,28,ts,logarithmic,standard,22,none,nan,190,0,0.0,0.0,,,0,0.14968708157539368,0.13725260997132774,0.09974057967021561,0.11496675195703124,0.11633485517543538
iaml_super_41146,28,ts,logarithmic,standard,23,none,nan,190,0,0.0,0.0,,,0,0.15201745927333832,0.14670499071859025,0.1059523479526486,0.1216869900421849,0.1211981585102319
iaml_super_41146,28,ts,logarithmic,standard,24,none,nan,190,0,0.0,0.0,,,0,0.15119263529777527,0.13822845679197177,0.10239719742181422,0.1173843453812732,0.11790022694578281
iaml_super_41146,28,ts,logarithmic,standard,25,none,nan,190,0,0.0,0.0,,,0,0.13428303599357605,0.1550021313079884,0.11130021742128629,0.12691295425630542,0.1291462480356837
iaml_super_41146,28,ts,logarithmic,standard,26,none,nan,190,0,0.0,0.0,,,0,0.13426819443702698,0.13047324221267956,0.09170725928204353,0.10531848419336577,0.09155407254768624
iaml_super_41146,28,ts,logarithmic,standard,27,none,nan,190,0,0.0,0.0,,,0,0.14433878660202026,0.14431231162102462,0.09489348317965629,0.1086873241098321,0.11773232042825765
iaml_super_41146,28,ts,logarithmic,standard,28,none,nan,190,0,0.0,0.0,,,0,0.16505709290504456,0.12524723726682938,0.08266159311663278,0.09457877578896656,0.09070808182852931
iaml_super_41146,28,ts,logarithmic,standard,29,none,nan,190,0,0.0,0.0,,,0,0.17299215495586395,0.12563853355538201,0.08890453168695059,0.101613235617056,0.11917663439554141
iaml_super_41146,28,ts,logarithmic,standard,30,none,nan,190,0,0.0,0.0,,,0,0.15275292098522186,0.14452390510292518,0.10407547521292182,0.11864323044812589,0.11624883019664092
iaml_super_41146,28,ts,logarithmic,standard,31,none,nan,190,0,0.0,0.0,,,0,0.13427777588367462,0.1294539614405424,0.09192469268512007,0.1055112489630267,0.0937584089783567
iaml_super_41146,28,ts,logarithmic,standard,32,none,nan,190,0,0.0,0.0,,,0,0.13661496341228485,0.1290610460887717,0.0893172773031591,0.10356130883697888,0.07696697784389159
iaml_super_41146,28,ts,logarithmic,standard,33,none,nan,190,0,0.0,0.0,,,0,0.16803418099880219,0.1448402972486068,0.1041145042232879,0.11928487271227295,0.1151349843804383
iaml_super_41146,28,ts,logarithmic,standard,34,none,nan,190,0,0.0,0.0,,,0,0.13426850736141205,0.13720721248237952,0.0992252918840189,0.11392726269878137,0.10780991459033719
iaml_super_41146,28,ts,logarithmic,standard,5,none,nan,190,0,0.0,0.0,,,0,0.1752096563577652,0.13130960273097114,0.09629649977172386,0.11100871686950001,0.1030774295221202
iaml_super_41146,28,ts,logarithmic,standard,6,none,nan,190,0,0.0,0.0,,,0,0.13427035510540009,0.11352248154795914,0.08218499616006492,0.09402942931109812,0.11442986877169134
iaml_super_41146,28,ts,logarithmic,standard,7,none,nan,190,0,0.0,0.0,,,0,0.14583908021450043,0.15002916364299904,0.10417707503579647,0.11900630855057356,0.11454337396396545
iaml_super_41146,28,ts,logarithmic,standard,8,none,nan,190,0,0.0,0.0,,,0,0.13427098095417023,0.13894604236949654,0.10069029486730373,0.11536083994921072,0.12031304285883565
iaml_super_41146,28,ts,logarithmic,standard,9,none,nan,190,0,0.0,0.0,,,0,0.14026100933551788,0.13347396426792876,0.10095134016913226,0.11637228958029112,0.10833347895257744
iaml_super_41146,28,ucb,constant,decay_greedy_packing_grid_a1_2,10,greedy_packing,0.5,190,104,94.00724143492789,0.5473684210526316,1,190,100,0.13426819443702698,0.15495276857458753,0.1137831187503645,0.12801887346453464,0.1495744358471747
iaml_super_41146,28,ucb,constant,decay_greedy_packing_grid_a1_2,11,greedy_packing,0.5,190,96,94.00724143492789,0.5052631578947369,2,188,88,0.13426819443702698,0.16904934615812686,0.11908196605011892,0.13503395214375186,0.18416357242133063
iaml_super_41146,28,ucb,constant,decay_greedy_packing_grid_a1_2,12,greedy_packing,0.5,190,100,94.00724143492789,0.5263157894736842,1,189,69,0.13426819443702698,0.15825117889689647,0.119857575493107,0.13462877032113985,0.20695868908578516
iaml_super_41146,28,ucb,constant,decay_greedy_packing_grid_a1_2,13,greedy_packing,0.5,190,90,94.00724143492789,0.47368421052631576,1,189,87,0.13426819443702698,0.14855376224152467,0.10441368524001964,0.11745014286968457,0.17681839717582007
iaml_super_41146,28,ucb,constant,decay_greedy_packing_grid_a1_2,14,greedy_packing,0.5,190,98,94.00724143492789,0.5157894736842106,2,189,90,0.13426819443702698,0.1560474670346348,0.11667154503017999,0.13100878349864756,0.17479306568232736
iaml_super_41146,28,ucb,constant,decay_greedy_packing_grid_a1_2,15,greedy_packing,0.5,190,101,94.00724143492789,0.531578947368421,1,189,101,0.13426819443702698,0.16058017389703003,0.11980707392883942,0.13526097904396783,0.18886836609273863
iaml_super_41146,28,ucb,constant,decay_greedy_packing_grid_a1_2,16,greedy_packing,0.5,190,83,94.00724143492789,0.4368421052631579,3,190,87,0.13426819443702698,0.1541070750839769,0.11174294840389719,0.1254626694103021,0.13352533108755
iaml_super_41146,28,ucb,constant,decay_greedy_packing_grid_a1_2,17,greedy_packing,0.5,190,96,94.00724143492789,0.5052631578947369,1,190,88,0.13426819443702698,0.14803878146821065,0.11136413009260379,0.12495210499840233,0.14664071009178245
iaml_super_41146,28,ucb,constant,decay_greedy_packing_grid_a1_2,18,greedy_packing,0.5,190,92,94.00724143492789,0.4842105263157895,1,190,100,0.13426819443702698,0.13194861151184115,0.10034722169269489,0.11272937384388262,0.11582517127840278
iaml_super_41146,28,ucb,constant,decay_greedy_packing_grid_a1_2,19,greedy_packing,0.5,190,84,94.00724143492789,0.4421052631578947,2,187,74,0.13426819443702698,0.14299659558631653,0.1058085554542605,0.11867182468855592,0.1581351525952611
iaml_super_41146,28,ucb,constant,decay_greedy_packing_grid_a1_2,20,greedy_packing,0.5,190,89,94.00724143492789,0.46842105263157896,3,185,96,0.13426819443702698,0.13955735143699374,0.10400326643043753,0.11628215297208827,0.16364115755602998
iaml_super_41146,28,ucb,constant,decay_greedy_packing_grid_a1_2,21,greedy_packing,0.5,190,99,94.00724143492789,0.5210526315789473,1,190,104,0.13426819443702698,0.1319082945833902,0.09621204405750033,0.1083897596055214,0.11610252466777184
iaml_super_41146,28,ucb,constant,decay_greedy_packing_grid_a1_2,22,greedy_packing,0.5,190,89,94.00724143492789,0.46842105263157896,1,188,101,0.13426819443702698,0.11042713722367196,0.08464261580137133,0.09512688530049966,0.12235101961440494
iaml_super_41146,28,ucb,constant,decay_greedy_packing_grid_a1_2,23,greedy_packing,0.5,190,101,94.00724143492789,0.531578947368421,2,188,94,0.13426819443702698,0.1504897512145954,0.1106108828433502,0.12405127360520986,0.1626031242057007
iaml_super_41146,28,ucb,constant,decay_greedy_packing_grid_a1_2,24,greedy_packing,0.5,190,94,94.00724143492789,0.49473684210526314,1,190,94,0.13426819443702698,0.12394354806900289,0.09322040682958246,0.10406078355689333,0.11608024858642041
iaml_super_41146,28,ucb,constant,decay_greedy_packing_grid_a1_2,25,greedy_packing,0.5,190,82,94.00724143492789,0.43157894736842106,1,185,95,0.13426819443702698,0.1608888216819122,0.11835295477788109,0.13250379249970812,0.1682687624083628
iaml_super_41146,28,ucb,constant,decay_greedy_packing_grid_a1_2,26,greedy_packing,0.5,190,90,94.00724143492789,0.47368421052631576,2,187,82,0.13426819443702698,0.14329676327463867,0.10634140940347464,0.11955021701255877,0.1596680203664499
iaml_super_41146,28,ucb,constant,decay_greedy_packing_grid_a1_2,27,greedy_packing,0.5,190,92,94.00724143492789,0.4842105263157895,2,190,89,0.13426819443702698,0.13187007547478308,0.09723092977251324,0.10900901388299669,0.1179759383494923
iaml_super_41146,28,ucb,constant,decay_greedy_packing_grid_a1_2,28,greedy_packing,0.5,190,90,94.00724143492789,0.47368421052631576,1,187,85,0.13426819443702698,0.13972021747873553,0.09908912304191138,0.11136166658931089,0.1425720139743521
iaml_super_41146,28,ucb,constant,decay_greedy_packing_grid_a1_2,29,greedy_packing,0.5,190,95,94.00724143492789,0.5,2,186,90,0.13426819443702698,0.14296027309208692,0.10959042667062516,0.12429026072466934,0.14419835217721488
iaml_super_41146,28,ucb,constant,decay_greedy_packing_grid_a1_2,30,greedy_packing,0.5,190,92,94.00724143492789,0.4842105263157895,1,188,93,0.13426819443702698,0.14286042178236594,0.10907163406152692,0.1231562221643599,0.19812488972527104
iaml_super_41146,28,ucb,constant,decay_greedy_packing_grid_a1_2,31,greedy_packing,0.5,190,84,94.00724143492789,0.4421052631578947,2,188,90,0.13426819443702698,0.12222433194771015,0.09288669214492803,0.10437804045844637,0.15455350253820255
iaml_super_41146,28,ucb,constant,decay_greedy_packing_grid_a1_2,32,greedy_packing,0.5,190,99,94.00724143492789,0.5210526315789473,2,190,89,0.13426819443702698,0.14616889403347413,0.11157711036113369,0.1255388276637851,0.13805767463515922
iaml_super_41146,28,ucb,constant,decay_greedy_packing_grid_a1_2,33,greedy_packing,0.5,190,82,94.00724143492789,0.43157894736842106,1,188,85,0.13426819443702698,0.15102402269680948,0.11408987453720495,0.12794336726241382,0.1491872442201549
iaml_super_41146,28,ucb,constant,decay_greedy_packing_grid_a1_2,34,greedy_packing,0.5,190,87,94.00724143492789,0.45789473684210524,2,189,106,0.13426819443702698,0.13892773764698851,0.10048021964230416,0.11291163222076202,0.17128753397959962
iaml_super_41146,28,ucb,constant,decay_greedy_packing_grid_a1_2,5,greedy_packing,0.5,190,90,94.00724143492789,0.47368421052631576,1,189,97,0.13426819443702698,0.12871245413080795,0.0998767262447586,0.11280568096714984,0.16735042007321138
iaml_super_41146,28,ucb,constant,decay_greedy_packing_grid_a1_2,6,greedy_packing,0.5,190,90,94.00724143492789,0.47368421052631576,2,188,94,0.13426819443702698,0.12011350268898742,0.09188989351948337,0.10368335648297192,0.15773034681989356
iaml_super_41146,28,ucb,constant,decay_greedy_packing_grid_a1_2,7,greedy_packing,0.5,190,96,94.00724143492789,0.5052631578947369,1,190,94,0.13426819443702698,0.1418662896605282,0.10327825445225366,0.11669918822729293,0.12056883189739499
iaml_super_41146,28,ucb,constant,decay_greedy_packing_grid_a1_2,8,greedy_packing,0.5,190,92,94.00724143492789,0.4842105263157895,1,184,91,0.13426819443702698,0.12240155162308448,0.09271660102383303,0.10424049945710573,0.1398259107901178
iaml_super_41146,28,ucb,constant,decay_greedy_packing_grid_a1_2,9,greedy_packing,0.5,190,85,94.00724143492789,0.4473684210526316,1,189,97,0.13426819443702698,0.1295270428911646,0.09760227414982034,0.110317776887433,0.16816715067104848
iaml_super_41146,28,ucb,constant,decay_uniform_grid_a1_2,10,uniform,0.5,190,104,94.00724143492789,0.5473684210526316,1,190,100,0.14633609354496002,0.16581740320896415,0.12247473844970798,0.13848279119290322,0.10713191111249627
iaml_super_41146,28,ucb,constant,decay_uniform_grid_a1_2,11,uniform,0.5,190,96,94.00724143492789,0.5052631578947369,2,188,88,0.13426819443702698,0.16999573489580186,0.12430093863506281,0.14155510452559042,0.20769259602110093
iaml_super_41146,28,ucb,constant,decay_uniform_grid_a1_2,12,uniform,0.5,190,100,94.00724143492789,0.5263157894736842,1,189,69,0.15896748006343842,0.16042488785037018,0.12079754521824418,0.136746583943649,0.19483334214449669
iaml_super_41146,28,ucb,constant,decay_uniform_grid_a1_2,13,uniform,0.5,190,90,94.00724143492789,0.47368421052631576,1,189,87,0.13530611991882324,0.15955567764295325,0.12092842849371911,0.13771970627518568,0.18915240910225484
iaml_super_41146,28,ucb,constant,decay_uniform_grid_a1_2,14,uniform,0.5,190,98,94.00724143492789,0.5157894736842106,2,189,90,0.13426819443702698,0.19270069020345312,0.1400128293025249,0.15939644326096059,0.20600036377797978
iaml_super_41146,28,ucb,constant,decay_uniform_grid_a1_2,15,uniform,0.5,190,101,94.00724143492789,0.531578947368421,1,189,101,0.13426819443702698,0.16058974136305823,0.12204579637700061,0.13930438898319006,0.2075318367328642
iaml_super_41146,28,ucb,constant,decay_uniform_grid_a1_2,16,uniform,0.5,190,83,94.00724143492789,0.4368421052631579,3,190,87,0.15552711486816406,0.15011319129714568,0.10795668264141041,0.12299538425700139,0.0984787780160585
iaml_super_41146,28,ucb,constant,decay_uniform_grid_a1_2,17,uniform,0.5,190,96,94.00724143492789,0.5052631578947369,1,190,88,0.13426819443702698,0.17118300308491688,0.12950124568279026,0.14613918071338303,0.12603580612398085
iaml_super_41146,28,ucb,constant,decay_uniform_grid_a1_2,18,uniform,0.5,190,92,94.00724143492789,0.4842105263157895,1,190,100,0.13426819443702698,0.16452469803117237,0.11883329941393145,0.13435158296741329,0.10978849633815053
iaml_super_41146,28,ucb,constant,decay_uniform_grid_a1_2,19,uniform,0.5,190,84,94.00724143492789,0.4421052631578947,2,187,74,0.13426819443702698,0.19577268298089914,0.14985000764561382,0.1703936239414759,0.23569713425944108
iaml_super_41146,28,ucb,constant,decay_uniform_grid_a1_2,20,uniform,0.5,190,89,94.00724143492789,0.46842105263157896,3,185,96,0.13426819443702698,0.17741438606403298,0.127617098736196,0.14481586811805805,0.22176755278979407
iaml_super_41146,28,ucb,constant,decay_uniform_grid_a1_2,21,uniform,0.5,190,99,94.00724143492789,0.5210526315789473,1,190,104,0.13426819443702698,0.157536664407932,0.11504869275466811,0.13180716170621826,0.09088038502624642
iaml_super_41146,28,ucb,constant,decay_uniform_grid_a1_2,22,uniform,0.5,190,89,94.00724143492789,0.46842105263157896,1,188,101,0.15428321063518524,0.16241904204282254,0.12388791971792357,0.1403439403468383,0.1979882886605758
iaml_super_41146,28,ucb,constant,decay_uniform_grid_a1_2,23,uniform,0.5,190,101,94.00724143492789,0.531578947368421,2,188,94,0.13426819443702698,0.16658338805840978,0.11930321877827091,0.13504062590934116,0.19916449951575704
iaml_super_41146,28,ucb,constant,decay_uniform_grid_a1_2,24,uniform,0.5,190,94,94.00724143492789,0.49473684210526314,1,190,94,0.13426819443702698,0.16541363766124673,0.12441374201154412,0.14164733230001827,0.11934759675833924
iaml_super_41146,28,ucb,constant,decay_uniform_grid_a1_2,25,uniform,0.5,190,82,94.00724143492789,0.43157894736842106,1,185,95,0.13426819443702698,0.1702769239706012,0.1287272844954756,0.14558149168777015,0.2020218801270983
iaml_super_41146,28,ucb,constant,decay_uniform_grid_a1_2,26,uniform,0.5,190,90,94.00724143492789,0.47368421052631576,2,187,82,0.13426819443702698,0.17467066931532796,0.1294537371734518,0.14616814826353378,0.23375872433416645
iaml_super_41146,28,ucb,constant,decay_uniform_grid_a1_2,27,uniform,0.5,190,92,94.00724143492789,0.4842105263157895,2,190,89,0.13426819443702698,0.17190677639267948,0.11869387909956611,0.13493650413744762,0.1122513027509086
iaml_super_41146,28,ucb,constant,decay_uniform_grid_a1_2,28,uniform,0.5,190,90,94.00724143492789,0.47368421052631576,1,187,85,0.13426819443702698,0.13373673210091835,0.09727956213460054,0.11117941441535818,0.15783713427736018
iaml_super_41146,28,ucb,constant,decay_uniform_grid_a1_2,29,uniform,0.5,190,95,94.00724143492789,0.5,2,186,90,0.15428321063518524,0.1729958352629729,0.12855005460103597,0.14644674320470946,0.20981429508620225
iaml_super_41146,28,ucb,constant,decay_uniform_grid_a1_2,30,uniform,0.5,190,92,94.00724143492789,0.4842105263157895,1,188,93,0.1538647562265396,0.14190342052758462,0.10323759046078435,0.1177524678330595,0.16645385011560854
iaml_super_41146,28,ucb,constant,decay_uniform_grid_a1_2,31,uniform,0.5,190,84,94.00724143492789,0.4421052631578947,2,188,90,0.15428321063518524,0.1581330454052844,0.11516586318117204,0.13142624817530416,0.18758537745078696
iaml_super_41146,28,ucb,constant,decay_uniform_grid_a1_2,32,uniform,0.5,190,99,94.00724143492789,0.5210526315789473,2,190,89,0.13426819443702698,0.18295801655464902,0.13263931404984008,0.1503111937016795,0.13048850899205203
iaml_super_41146,28,ucb,constant,decay_uniform_grid_a1_2,33,uniform,0.5,190,82,94.00724143492789,0.43157894736842106,1,188,85,0.13426819443702698,0.1884147470751342,0.14333235351697104,0.16176093255193888,0.21219419686914667
iaml_super_41146,28,ucb,constant,decay_uniform_grid_a1_2,34,uniform,0.5,190,87,94.00724143492789,0.45789473684210524,2,189,106,0.15428321063518524,0.14716667779113124,0.10992964783399886,0.12492548164747423,0.17751265666787874
iaml_super_41146,28,ucb,constant,decay_uniform_grid_a1_2,5,uniform,0.5,190,90,94.00724143492789,0.47368421052631576,1,189,97,0.13426819443702698,0.1439354822618572,0.10752600658351674,0.1224006891637623,0.1584057152588929
iaml_super_41146,28,ucb,constant,decay_uniform_grid_a1_2,6,uniform,0.5,190,90,94.00724143492789,0.47368421052631576,2,188,94,0.13426819443702698,0.14912669465936126,0.1157812708376964,0.13155475709863274,0.17365971524508603
iaml_super_41146,28,ucb,constant,decay_uniform_grid_a1_2,7,uniform,0.5,190,96,94.00724143492789,0.5052631578947369,1,190,94,0.13426819443702698,0.18386651750116634,0.13204515583803633,0.14889454568403956,0.13149614884789132
iaml_super_41146,28,ucb,constant,decay_uniform_grid_a1_2,8,uniform,0.5,190,92,94.00724143492789,0.4842105263157895,1,184,91,0.15428321063518524,0.15555562114189658,0.11645743135979933,0.13267285462451064,0.17010423791066298
iaml_super_41146,28,ucb,constant,decay_uniform_grid_a1_2,9,uniform,0.5,190,85,94.00724143492789,0.4473684210526316,1,189,97,0.1342712938785553,0.1668244363994678,0.12819490053304347,0.14530629407156315,0.1993061893830962
iaml_super_41146,28,ucb,constant,standard,10,none,nan,190,0,0.0,0.0,,,0,0.13426819443702698,0.06053135640065785,0.043755285765327806,0.04995205151949418,0.048067813011829816
iaml_super_41146,28,ucb,constant,standard,11,none,nan,190,0,0.0,0.0,,,0,0.13426819443702698,0.06379482046830356,0.04671834612065062,0.05345727433876186,0.028132105167943133
iaml_super_41146,28,ucb,constant,standard,12,none,nan,190,0,0.0,0.0,,,0,0.13426819443702698,0.05980631110308112,0.042944488193361496,0.049412820994761596,0.04985846868340715
iaml_super_41146,28,ucb,constant,standard,13,none,nan,190,0,0.0,0.0,,,0,0.13426819443702698,0.09053506851276076,0.06400411646772312,0.07287921462928645,0.054506198508039616
iaml_super_41146,28,ucb,constant,standard,14,none,nan,190,0,0.0,0.0,,,0,0.13426819443702698,0.09664130529849324,0.06753968219172551,0.07729992064667335,0.0677421168896364
iaml_super_41146,28,ucb,constant,standard,15,none,nan,190,0,0.0,0.0,,,0,0.13426819443702698,0.0906679982766947,0.06692195581835142,0.07630443517839301,0.06827693412018032
iaml_super_41146,28,ucb,constant,standard,16,none,nan,190,0,0.0,0.0,,,0,0.15428321063518524,0.057504644871901364,0.04277161936587123,0.04940760540300411,0.043295757549042586
iaml_super_41146,28,ucb,constant,standard,17,none,nan,190,0,0.0,0.0,,,0,0.13426819443702698,0.0777318875383038,0.053685301821938,0.061258549338378,0.052478114996535145
iaml_super_41146,28,ucb,constant,standard,18,none,nan,190,0,0.0,0.0,,,0,0.13426819443702698,0.0717807896759824,0.05321492154239806,0.06089813443881875,0.036181885389225975
iaml_super_41146,28,ucb,constant,standard,19,none,nan,190,0,0.0,0.0,,,0,0.13426819443702698,0.08089553180932287,0.05508714811633719,0.06328489809515152,0.046167612183975644
iaml_super_41146,28,ucb,constant,standard,20,none,nan,190,0,0.0,0.0,,,0,0.15428321063518524,0.09753604772211615,0.06982547726187512,0.08011529681927192,0.054873786433459436
iaml_super_41146,28,ucb,constant,standard,21,none,nan,190,0,0.0,0.0,,,0,0.13426819443702698,0.060167441923824096,0.04501459858543006,0.051733876786510015,0.04250849081061575
iaml_super_41146,28,ucb,constant,standard,22,none,nan,190,0,0.0,0.0,,,0,0.15428321063518524,0.05690512024135103,0.0408240407587848,0.04668093033700457,0.05351534610433525
iaml_super_41146,28,ucb,constant,standard,23,none,nan,190,0,0.0,0.0,,,0,0.15428321063518524,0.058347364471003194,0.04281597222206593,0.04938035748078535,0.04435523258572262
iaml_super_41146,28,ucb,constant,standard,24,none,nan,190,0,0.0,0.0,,,0,0.13426819443702698,0.06019636444116162,0.04237633688227691,0.04838214920582746,0.04041251241500408
iaml_super_41146,28,ucb,constant,standard,25,none,nan,190,0,0.0,0.0,,,0,0.13426819443702698,0.05895387988948309,0.041922929732244776,0.048065404567353885,0.05205680822199118
iaml_super_41146,28,ucb,constant,standard,26,none,nan,190,0,0.0,0.0,,,0,0.13426819443702698,0.05667073591600627,0.04224461464757305,0.04806881279687928,0.04214068835333449
iaml_super_41146,28,ucb,constant,standard,27,none,nan,190,0,0.0,0.0,,,0,0.13426819443702698,0.07679336674792986,0.05711616328144818,0.06520515565655753,0.06155462817101565
iaml_super_41146,28,ucb,constant,standard,28,none,nan,190,0,0.0,0.0,,,0,0.15428321063518524,0.05922816132114947,0.043596291496965756,0.04981314287502129,0.03660072636397339
iaml_super_41146,28,ucb,constant,standard,29,none,nan,190,0,0.0,0.0,,,0,0.13426819443702698,0.08910431914020674,0.06590167564926143,0.07556815798108692,0.0676264674286248
iaml_super_41146,28,ucb,constant,standard,30,none,nan,190,0,0.0,0.0,,,0,0.13426819443702698,0.059081453467279874,0.04302457148751912,0.04956091494740828,0.04428669547384636
iaml_super_41146,28,ucb,constant,standard,31,none,nan,190,0,0.0,0.0,,,0,0.13426819443702698,0.0602211450421295,0.04493980789501888,0.05180788901423477,0.041178406057915756
iaml_super_41146,28,ucb,constant,standard,32,none,nan,190,0,0.0,0.0,,,0,0.13426819443702698,0.06719680815131898,0.046048174326359825,0.05371296632314376,0.04873049364855831
iaml_super_41146,28,ucb,constant,standard,33,none,nan,190,0,0.0,0.0,,,0,0.13426819443702698,0.07586751271110218,0.05540450896845614,0.06376460061518743,0.05075434306346722
iaml_super_41146,28,ucb,constant,standard,34,none,nan,190,0,0.0,0.0,,,0,0.13426819443702698,0.08679192604249948,0.06295053745868122,0.07167819833439461,0.06507662591036165
iaml_super_41146,28,ucb,constant,standard,5,none,nan,190,0,0.0,0.0,,,0,0.13426819443702698,0.08850964529533117,0.06521199198540388,0.07430922101501823,0.0647837445431593
iaml_super_41146,28,ucb,constant,standard,6,none,nan,190,0,0.0,0.0,,,0,0.13426819443702698,0.05692985178600543,0.041892371030693105,0.048234209500075634,0.04441994688323675
iaml_super_41146,28,ucb,constant,standard,7,none,nan,190,0,0.0,0.0,,,0,0.13426819443702698,0.061207063147835514,0.04467652695122226,0.0510878383348997,0.033457996190302354
iaml_super_41146,28,ucb,constant,standard,8,none,nan,190,0,0.0,0.0,,,0,0.15428321063518524,0.06654088521585239,0.04890441100851592,0.05610027617892116,0.06292738325336028
iaml_super_41146,28,ucb,constant,standard,9,none,nan,190,0,0.0,0.0,,,0,0.1538647562265396,0.07671925860392946,0.05608522118430208,0.06415791860322458,0.052388432689007294
