objective,dimension,acquisition,beta_mode,policy,seed,exploration_rule,decay_exponent,bo_steps,actual_pe_calls,expected_pe_calls,realized_pe_fraction,first_pe_round,last_pe_round,mode_transitions,final_inference_regret,final_best_queried_latent_regret,final_max_posterior_std,final_mean_posterior_std,final_q90_posterior_std,final_query_preselection_posterior_std
rastrigin_mean_rotated_shifted_10d,10,ucb,constant,decay_uniform_grid_a1,0,uniform,1.0,400,11,17.8984421298378,0.0275,2,366,22,5.446550707366223,5.446550707366223,1.0,0.9999999995616229,1.0,0.6535056470269839
rastrigin_mean_rotated_shifted_10d,10,ucb,constant,decay_uniform_grid_a1,1,uniform,1.0,400,21,17.8984421298378,0.0525,1,280,37,9.158460652799171,9.158460652799171,1.0,1.0,1.0,1.0
rastrigin_mean_rotated_shifted_10d,10,ucb,constant,decay_uniform_grid_a1,10,uniform,1.0,400,15,17.8984421298378,0.0375,3,384,24,7.736816191278787,7.736816191278787,1.0,1.0,1.0,1.0
rastrigin_mean_rotated_shifted_10d,10,ucb,constant,decay_uniform_grid_a1,11,uniform,1.0,400,20,17.8984421298378,0.05,1,391,37,11.316942981721954,11.316942981721954,1.0,1.0,1.0,1.0
rastrigin_mean_rotated_shifted_10d,10,ucb,constant,decay_uniform_grid_a1,12,uniform,1.0,400,23,17.8984421298378,0.0575,1,392,43,9.563032304941581,9.563032304941581,1.0,1.0,1.0,1.0
rastrigin_mean_rotated_shifted_10d,10,ucb,constant,decay_uniform_grid_a1,13,uniform,1.0,400,22,17.8984421298378,0.055,2,352,36,4.470079523579911,4.453330567499449,1.0,0.9999999907120937,1.0,0.9991053342924442
rastrigin_mean_rotated_shifted_10d,10,ucb,constant,decay_uniform_grid_a1,14,uniform,1.0,400,18,17.8984421298378,0.045,4,317,34,9.714583606186697,9.714583606186697,1.0,1.0,1.0,1.0
rastrigin_mean_rotated_shifted_10d,10,ucb,constant,decay_uniform_grid_a1,15,uniform,1.0,400,18,17.8984421298378,0.045,2,306,34,9.706490106390635,9.706490106390635,1.0,1.0,1.0,1.0
rastrigin_mean_rotated_shifted_10d,10,ucb,constant,decay_uniform_grid_a1,16,uniform,1.0,400,18,17.8984421298378,0.045,5,353,30,3.8526227814885075,3.848294148816476,1.0,0.9999999918826515,1.0,0.999999999999763
rastrigin_mean_rotated_shifted_10d,10,ucb,constant,decay_uniform_grid_a1,17,uniform,1.0,400,15,17.8984421298378,0.0375,4,386,28,9.296482841136074,9.296482841136074,1.0,1.0,1.0,1.0
rastrigin_mean_rotated_shifted_10d,10,ucb,constant,decay_uniform_grid_a1,18,uniform,1.0,400,16,17.8984421298378,0.04,3,326,30,8.098655310486421,8.098655310486421,1.0,0.9999999999937904,1.0,0.2744853453465466
rastrigin_mean_rotated_shifted_10d,10,ucb,constant,decay_uniform_grid_a1,19,uniform,1.0,400,20,17.8984421298378,0.05,1,371,33,9.154849392141836,9.154849392141836,1.0,1.0,1.0,1.0
rastrigin_mean_rotated_shifted_10d,10,ucb,constant,decay_uniform_grid_a1,2,uniform,1.0,400,16,17.8984421298378,0.04,1,390,29,8.854417707887928,8.854417707887928,1.0,1.0,1.0,1.0
rastrigin_mean_rotated_shifted_10d,10,ucb,constant,decay_uniform_grid_a1,20,uniform,1.0,400,20,17.8984421298378,0.05,3,334,38,7.784617337665956,7.784617337665956,1.0,0.9999999911721167,1.0,0.9999999999991707
rastrigin_mean_rotated_shifted_10d,10,ucb,constant,decay_uniform_grid_a1,21,uniform,1.0,400,16,17.8984421298378,0.04,13,337,28,9.946864778314632,9.946864778314632,1.0,1.0,1.0,1.0
rastrigin_mean_rotated_shifted_10d,10,ucb,constant,decay_uniform_grid_a1,22,uniform,1.0,400,22,17.8984421298378,0.055,6,392,40,8.984504007632333,8.984504007632333,1.0,1.0,1.0,1.0
rastrigin_mean_rotated_shifted_10d,10,ucb,constant,decay_uniform_grid_a1,23,uniform,1.0,400,22,17.8984421298378,0.055,1,316,43,11.062288658872573,11.062288658872573,1.0,1.0,1.0,1.0
rastrigin_mean_rotated_shifted_10d,10,ucb,constant,decay_uniform_grid_a1,24,uniform,1.0,400,13,17.8984421298378,0.0325,4,179,26,9.708187853820922,9.708187853820922,1.0,1.0,1.0,1.0
rastrigin_mean_rotated_shifted_10d,10,ucb,constant,decay_uniform_grid_a1,25,uniform,1.0,400,9,17.8984421298378,0.0225,11,310,18,9.68127245629015,9.68127245629015,1.0,1.0,1.0,1.0
rastrigin_mean_rotated_shifted_10d,10,ucb,constant,decay_uniform_grid_a1,26,uniform,1.0,400,15,17.8984421298378,0.0375,1,385,27,10.890404697165968,10.734880353071478,1.0,1.0,1.0,1.0
rastrigin_mean_rotated_shifted_10d,10,ucb,constant,decay_uniform_grid_a1,27,uniform,1.0,400,15,17.8984421298378,0.0375,5,346,30,2.962205656419113,2.9310996838328736,1.0,0.9999999936856705,1.0,0.999999999999961
rastrigin_mean_rotated_shifted_10d,10,ucb,constant,decay_uniform_grid_a1,28,uniform,1.0,400,16,17.8984421298378,0.04,1,344,29,9.891786024390765,9.891786024390765,1.0,1.0,1.0,1.0
rastrigin_mean_rotated_shifted_10d,10,ucb,constant,decay_uniform_grid_a1,29,uniform,1.0,400,16,17.8984421298378,0.04,2,261,32,2.7673909921936755,2.688334968691707,1.0,0.9999999920832794,1.0,0.1923975356727792
rastrigin_mean_rotated_shifted_10d,10,ucb,constant,decay_uniform_grid_a1,3,uniform,1.0,400,20,17.8984421298378,0.05,1,381,31,8.692710222112355,8.692710222112355,1.0,1.0,1.0,1.0
rastrigin_mean_rotated_shifted_10d,10,ucb,constant,decay_uniform_grid_a1,30,uniform,1.0,400,20,17.8984421298378,0.05,2,356,38,10.740129120342129,10.740129120342129,1.0,1.0,1.0,1.0
rastrigin_mean_rotated_shifted_10d,10,ucb,constant,decay_uniform_grid_a1,31,uniform,1.0,400,12,17.8984421298378,0.03,1,335,23,8.56373555362907,8.56373555362907,1.0,1.0,1.0,1.0
rastrigin_mean_rotated_shifted_10d,10,ucb,constant,decay_uniform_grid_a1,32,uniform,1.0,400,23,17.8984421298378,0.0575,1,334,43,8.565726358153277,8.565726358153277,1.0,1.0,1.0,1.0
rastrigin_mean_rotated_shifted_10d,10,ucb,constant,decay_uniform_grid_a1,33,uniform,1.0,400,18,17.8984421298378,0.045,3,248,34,9.985170589549238,9.985170589549238,1.0,1.0,1.0,1.0
rastrigin_mean_rotated_shifted_10d,10,ucb,constant,decay_uniform_grid_a1,34,uniform,1.0,400,15,17.8984421298378,0.0375,1,384,27,5.705281948959684,5.705281948959684,1.0,0.9999999997450084,1.0,0.9999999999997732
rastrigin_mean_rotated_shifted_10d,10,ucb,constant,decay_uniform_grid_a1,4,uniform,1.0,400,23,17.8984421298378,0.0575,1,337,41,3.734993192583043,3.734993192583043,1.0,0.9999999866075386,1.0,0.9999999999999606
rastrigin_mean_rotated_shifted_10d,10,ucb,constant,decay_uniform_grid_a1,5,uniform,1.0,400,19,17.8984421298378,0.0475,2,365,34,4.843055181989657,4.756847667168506,1.0,0.9999999989346432,1.0,0.9999999999999998
rastrigin_mean_rotated_shifted_10d,10,ucb,constant,decay_uniform_grid_a1,6,uniform,1.0,400,15,17.8984421298378,0.0375,2,398,22,9.962361581701858,9.962361581701858,1.0,1.0,1.0,1.0
rastrigin_mean_rotated_shifted_10d,10,ucb,constant,decay_uniform_grid_a1,7,uniform,1.0,400,22,17.8984421298378,0.055,3,322,32,10.23765112720344,10.23765112720344,1.0,1.0,1.0,1.0
rastrigin_mean_rotated_shifted_10d,10,ucb,constant,decay_uniform_grid_a1,8,uniform,1.0,400,18,17.8984421298378,0.045,1,391,29,3.3318335028516683,3.327341139280075,1.0,0.9999992794487741,1.0,0.16829308070887772
rastrigin_mean_rotated_shifted_10d,10,ucb,constant,decay_uniform_grid_a1,9,uniform,1.0,400,19,17.8984421298378,0.0475,2,328,30,8.587861940355326,8.587861940355326,1.0,1.0,1.0,1.0
rastrigin_mean_rotated_shifted_10d,10,ucb,constant,decay_uniform_grid_a1_2,0,uniform,0.5,400,138,164.03031799806755,0.345,2,399,174,2.6276196543637114,2.5375862337424975,1.0,0.9999999992328185,1.0,0.30273824964920165
rastrigin_mean_rotated_shifted_10d,10,ucb,constant,decay_uniform_grid_a1_2,1,uniform,0.5,400,165,164.03031799806755,0.4125,1,398,177,9.158460652799171,9.158460652799171,1.0,1.0,1.0,1.0
rastrigin_mean_rotated_shifted_10d,10,ucb,constant,decay_uniform_grid_a1_2,10,uniform,0.5,400,162,164.03031799806755,0.405,1,399,171,7.736816191278787,7.736816191278787,1.0,1.0,1.0,1.0
rastrigin_mean_rotated_shifted_10d,10,ucb,constant,decay_uniform_grid_a1_2,11,uniform,0.5,400,164,164.03031799806755,0.41,1,399,185,11.316942981721954,11.316942981721954,1.0,1.0,1.0,1.0
rastrigin_mean_rotated_shifted_10d,10,ucb,constant,decay_uniform_grid_a1_2,12,uniform,0.5,400,151,164.03031799806755,0.3775,1,398,163,10.796873237299996,10.796873237299996,1.0,1.0,1.0,1.0
rastrigin_mean_rotated_shifted_10d,10,ucb,constant,decay_uniform_grid_a1_2,13,uniform,0.5,400,167,164.03031799806755,0.4175,2,398,190,10.711192298909086,10.711192298909086,1.0,1.0,1.0,1.0
rastrigin_mean_rotated_shifted_10d,10,ucb,constant,decay_uniform_grid_a1_2,14,uniform,0.5,400,172,164.03031799806755,0.43,2,398,184,10.141266905576277,10.141266905576277,1.0,1.0,1.0,1.0
rastrigin_mean_rotated_shifted_10d,10,ucb,constant,decay_uniform_grid_a1_2,15,uniform,0.5,400,173,164.03031799806755,0.4325,2,400,181,9.753584828751908,9.753584828751908,1.0,1.0,1.0,1.0
rastrigin_mean_rotated_shifted_10d,10,ucb,constant,decay_uniform_grid_a1_2,16,uniform,0.5,400,159,164.03031799806755,0.3975,5,398,188,2.44068560349634,2.4144081721754347,1.0,0.9999999961953812,0.9999999999999999,0.12075227558349286
rastrigin_mean_rotated_shifted_10d,10,ucb,constant,decay_uniform_grid_a1_2,17,uniform,0.5,400,168,164.03031799806755,0.42,1,400,186,4.4811354664745595,4.4811354664745595,1.0,0.999999999672571,1.0,0.9999999999907122
rastrigin_mean_rotated_shifted_10d,10,ucb,constant,decay_uniform_grid_a1_2,18,uniform,0.5,400,167,164.03031799806755,0.4175,1,388,201,9.398394615721276,9.398394615721276,1.0,1.0,1.0,1.0
rastrigin_mean_rotated_shifted_10d,10,ucb,constant,decay_uniform_grid_a1_2,19,uniform,0.5,400,154,164.03031799806755,0.385,1,396,177,8.562143772782125,8.562143772782125,1.0,1.0,1.0,1.0
rastrigin_mean_rotated_shifted_10d,10,ucb,constant,decay_uniform_grid_a1_2,2,uniform,0.5,400,181,164.03031799806755,0.4525,1,400,204,2.0491925376172433,2.034690476142926,1.0,0.9999999905416141,0.9999999999999998,0.9999999999999454
rastrigin_mean_rotated_shifted_10d,10,ucb,constant,decay_uniform_grid_a1_2,20,uniform,0.5,400,166,164.03031799806755,0.415,3,386,186,7.693557039073191,7.5321638744057635,1.0,0.9999999979934345,1.0,0.22486202605637454
rastrigin_mean_rotated_shifted_10d,10,ucb,constant,decay_uniform_grid_a1_2,21,uniform,0.5,400,155,164.03031799806755,0.3875,3,398,184,9.315726380905726,9.315726380905726,1.0,0.999999999999991,1.0,1.0
rastrigin_mean_rotated_shifted_10d,10,ucb,constant,decay_uniform_grid_a1_2,22,uniform,0.5,400,186,164.03031799806755,0.465,4,400,185,5.956556274259809,5.765265953859287,1.0,0.9999999972317324,1.0,0.9999999999999369
rastrigin_mean_rotated_shifted_10d,10,ucb,constant,decay_uniform_grid_a1_2,23,uniform,0.5,400,157,164.03031799806755,0.3925,1,398,185,9.637520440448018,9.637520440448018,1.0,1.0,1.0,1.0
rastrigin_mean_rotated_shifted_10d,10,ucb,constant,decay_uniform_grid_a1_2,24,uniform,0.5,400,161,164.03031799806755,0.4025,1,397,169,9.372209346315797,9.372209346315797,1.0,1.0,1.0,1.0
rastrigin_mean_rotated_shifted_10d,10,ucb,constant,decay_uniform_grid_a1_2,25,uniform,0.5,400,155,164.03031799806755,0.3875,2,396,178,10.775422195960347,10.775422195960347,1.0,1.0,1.0,1.0
rastrigin_mean_rotated_shifted_10d,10,ucb,constant,decay_uniform_grid_a1_2,26,uniform,0.5,400,168,164.03031799806755,0.42,1,400,196,10.734880353071478,10.734880353071478,1.0,1.0,1.0,1.0
rastrigin_mean_rotated_shifted_10d,10,ucb,constant,decay_uniform_grid_a1_2,27,uniform,0.5,400,153,164.03031799806755,0.3825,1,397,167,7.025502549808292,7.025502549808292,1.0,0.9999999997882945,1.0,0.2982175198172327
rastrigin_mean_rotated_shifted_10d,10,ucb,constant,decay_uniform_grid_a1_2,28,uniform,0.5,400,152,164.03031799806755,0.38,1,398,181,4.901804385903895,4.894293723237492,1.0,0.9999999991516979,1.0,0.9716664821377331
rastrigin_mean_rotated_shifted_10d,10,ucb,constant,decay_uniform_grid_a1_2,29,uniform,0.5,400,157,164.03031799806755,0.3925,2,397,180,0.6695903866428836,0.60926394232024,0.9947497036673363,0.9471700470288176,0.9787262007644802,0.016109157528799625
rastrigin_mean_rotated_shifted_10d,10,ucb,constant,decay_uniform_grid_a1_2,3,uniform,0.5,400,147,164.03031799806755,0.3675,1,398,191,8.692710222112355,8.692710222112355,1.0,1.0,1.0,1.0
rastrigin_mean_rotated_shifted_10d,10,ucb,constant,decay_uniform_grid_a1_2,30,uniform,0.5,400,170,164.03031799806755,0.425,1,400,172,10.17080216803011,10.17080216803011,1.0,1.0,1.0,1.0
rastrigin_mean_rotated_shifted_10d,10,ucb,constant,decay_uniform_grid_a1_2,31,uniform,0.5,400,154,164.03031799806755,0.385,1,400,176,7.772870468525815,7.772870468525815,1.0,1.0,1.0,1.0
rastrigin_mean_rotated_shifted_10d,10,ucb,constant,decay_uniform_grid_a1_2,32,uniform,0.5,400,169,164.03031799806755,0.4225,1,399,193,1.6990426330232282,1.617699871709675,0.9965600410565502,0.9617610284184498,0.9866859903154357,0.03364615237192747
rastrigin_mean_rotated_shifted_10d,10,ucb,constant,decay_uniform_grid_a1_2,33,uniform,0.5,400,164,164.03031799806755,0.41,2,394,204,9.417864844460391,9.417864844460391,1.0,1.0,1.0,1.0
rastrigin_mean_rotated_shifted_10d,10,ucb,constant,decay_uniform_grid_a1_2,34,uniform,0.5,400,169,164.03031799806755,0.4225,1,397,187,2.8585492855201338,2.808663658807262,0.9919597193220169,0.939445392625408,0.97525706266973,0.041276667384210104
rastrigin_mean_rotated_shifted_10d,10,ucb,constant,decay_uniform_grid_a1_2,4,uniform,0.5,400,166,164.03031799806755,0.415,1,399,193,8.935946315843044,8.935946315843044,1.0,1.0,1.0,1.0
rastrigin_mean_rotated_shifted_10d,10,ucb,constant,decay_uniform_grid_a1_2,5,uniform,0.5,400,178,164.03031799806755,0.445,2,399,210,10.274700663532993,10.274700663532993,1.0,1.0,1.0,1.0
rastrigin_mean_rotated_shifted_10d,10,ucb,constant,decay_uniform_grid_a1_2,6,uniform,0.5,400,156,164.03031799806755,0.39,2,398,180,9.962361581701858,9.962361581701858,1.0,1.0,1.0,1.0
rastrigin_mean_rotated_shifted_10d,10,ucb,constant,decay_uniform_grid_a1_2,7,uniform,0.5,400,158,164.03031799806755,0.395,2,398,162,9.793351334148632,9.793351334148632,1.0,1.0,1.0,1.0
rastrigin_mean_rotated_shifted_10d,10,ucb,constant,decay_uniform_grid_a1_2,8,uniform,0.5,400,169,164.03031799806755,0.4225,1,399,177,11.15313545994952,11.15313545994952,1.0,1.0,1.0,1.0
rastrigin_mean_rotated_shifted_10d,10,ucb,constant,decay_uniform_grid_a1_2,9,uniform,0.5,400,164,164.03031799806755,0.41,2,400,185,8.587861940355326,8.587861940355326,1.0,1.0,1.0,1.0
rastrigin_mean_rotated_shifted_10d,10,ucb,constant,decay_uniform_grid_a2_3,0,uniform,0.6666666666666666,400,65,75.21337704939067,0.1625,2,399,104,3.065884333746928,3.0511346408504054,1.0,0.9999999993204185,1.0,0.07197564257012369
rastrigin_mean_rotated_shifted_10d,10,ucb,constant,decay_uniform_grid_a2_3,1,uniform,0.6666666666666666,400,73,75.21337704939067,0.1825,1,398,101,1.3516728634343196,1.2816247388921311,0.9932526603607984,0.940150810664496,0.9747489683473245,0.25157773673725387
rastrigin_mean_rotated_shifted_10d,10,ucb,constant,decay_uniform_grid_a2_3,10,uniform,0.6666666666666666,400,70,75.21337704939067,0.175,1,395,107,7.736816191278787,7.736816191278787,1.0,1.0,1.0,1.0
rastrigin_mean_rotated_shifted_10d,10,ucb,constant,decay_uniform_grid_a2_3,11,uniform,0.6666666666666666,400,73,75.21337704939067,0.1825,1,397,103,11.316942981721954,11.316942981721954,1.0,1.0,1.0,1.0
rastrigin_mean_rotated_shifted_10d,10,ucb,constant,decay_uniform_grid_a2_3,12,uniform,0.6666666666666666,400,68,75.21337704939067,0.17,1,398,99,9.563032304941581,9.563032304941581,1.0,1.0,1.0,1.0
rastrigin_mean_rotated_shifted_10d,10,ucb,constant,decay_uniform_grid_a2_3,13,uniform,0.6666666666666666,400,75,75.21337704939067,0.1875,2,381,114,9.730837867945159,9.730837867945159,1.0,1.0,1.0,1.0
rastrigin_mean_rotated_shifted_10d,10,ucb,constant,decay_uniform_grid_a2_3,14,uniform,0.6666666666666666,400,76,75.21337704939067,0.19,4,389,116,9.714583606186697,9.714583606186697,1.0,1.0,1.0,1.0
rastrigin_mean_rotated_shifted_10d,10,ucb,constant,decay_uniform_grid_a2_3,15,uniform,0.6666666666666666,400,78,75.21337704939067,0.195,2,399,112,9.753584828751908,9.706490106390635,1.0,1.0,1.0,1.0
rastrigin_mean_rotated_shifted_10d,10,ucb,constant,decay_uniform_grid_a2_3,16,uniform,0.6666666666666666,400,70,75.21337704939067,0.175,5,390,112,4.215684366516579,4.215684366516579,1.0,0.9999999995183426,1.0,0.9999999999896176
rastrigin_mean_rotated_shifted_10d,10,ucb,constant,decay_uniform_grid_a2_3,17,uniform,0.6666666666666666,400,80,75.21337704939067,0.2,1,394,127,9.296482841136074,9.296482841136074,1.0,1.0,1.0,1.0
rastrigin_mean_rotated_shifted_10d,10,ucb,constant,decay_uniform_grid_a2_3,18,uniform,0.6666666666666666,400,74,75.21337704939067,0.185,3,388,118,4.434339853873546,4.434339853873546,1.0,0.9999999994269223,1.0,0.9999999999999327
rastrigin_mean_rotated_shifted_10d,10,ucb,constant,decay_uniform_grid_a2_3,19,uniform,0.6666666666666666,400,69,75.21337704939067,0.1725,1,391,101,2.196392061112057,2.0365797603140323,0.9978212827080984,0.9659746471431572,0.988529397313457,0.9996816034799556
rastrigin_mean_rotated_shifted_10d,10,ucb,constant,decay_uniform_grid_a2_3,2,uniform,0.6666666666666666,400,89,75.21337704939067,0.2225,1,396,133,8.854417707887928,8.854417707887928,1.0,1.0,1.0,1.0
rastrigin_mean_rotated_shifted_10d,10,ucb,constant,decay_uniform_grid_a2_3,20,uniform,0.6666666666666666,400,69,75.21337704939067,0.1725,3,379,110,6.900967436815542,6.897753592443019,1.0,0.9999999523541911,1.0,0.3471998780284089
rastrigin_mean_rotated_shifted_10d,10,ucb,constant,decay_uniform_grid_a2_3,21,uniform,0.6666666666666666,400,64,75.21337704939067,0.16,10,380,98,9.946864778314632,9.946864778314632,1.0,1.0,1.0,1.0
rastrigin_mean_rotated_shifted_10d,10,ucb,constant,decay_uniform_grid_a2_3,22,uniform,0.6666666666666666,400,85,75.21337704939067,0.2125,4,397,130,8.984504007632333,8.984504007632333,1.0,1.0,1.0,1.0
rastrigin_mean_rotated_shifted_10d,10,ucb,constant,decay_uniform_grid_a2_3,23,uniform,0.6666666666666666,400,79,75.21337704939067,0.1975,1,396,125,4.001122534371682,3.9075651742919826,1.0,0.9999999708232956,1.0,0.33992167842324494
rastrigin_mean_rotated_shifted_10d,10,ucb,constant,decay_uniform_grid_a2_3,24,uniform,0.6666666666666666,400,80,75.21337704939067,0.2,3,367,116,2.750046785421868,2.7101624750813356,1.0,0.9999999995343454,1.0,1.0
rastrigin_mean_rotated_shifted_10d,10,ucb,constant,decay_uniform_grid_a2_3,25,uniform,0.6666666666666666,400,69,75.21337704939067,0.1725,2,392,96,9.68127245629015,9.68127245629015,1.0,1.0,1.0,1.0
rastrigin_mean_rotated_shifted_10d,10,ucb,constant,decay_uniform_grid_a2_3,26,uniform,0.6666666666666666,400,77,75.21337704939067,0.1925,1,393,129,10.734880353071478,10.734880353071478,1.0,1.0,1.0,1.0
rastrigin_mean_rotated_shifted_10d,10,ucb,constant,decay_uniform_grid_a2_3,27,uniform,0.6666666666666666,400,66,75.21337704939067,0.165,5,391,106,2.9153272422514234,2.8378011409184154,1.0,0.999999994002245,1.0,1.0
rastrigin_mean_rotated_shifted_10d,10,ucb,constant,decay_uniform_grid_a2_3,28,uniform,0.6666666666666666,400,68,75.21337704939067,0.17,1,398,113,10.305252960869199,10.305252960869199,1.0,1.0,1.0,1.0
rastrigin_mean_rotated_shifted_10d,10,ucb,constant,decay_uniform_grid_a2_3,29,uniform,0.6666666666666666,400,72,75.21337704939067,0.18,2,378,114,1.8413692779139736,1.8217588372816949,1.0,0.9999999925388888,0.9999999999999999,0.9999999999971081
rastrigin_mean_rotated_shifted_10d,10,ucb,constant,decay_uniform_grid_a2_3,3,uniform,0.6666666666666666,400,68,75.21337704939067,0.17,1,393,99,8.692710222112355,8.692710222112355,1.0,1.0,1.0,1.0
rastrigin_mean_rotated_shifted_10d,10,ucb,constant,decay_uniform_grid_a2_3,30,uniform,0.6666666666666666,400,88,75.21337704939067,0.22,1,395,129,10.17080216803011,10.17080216803011,1.0,1.0,1.0,1.0
rastrigin_mean_rotated_shifted_10d,10,ucb,constant,decay_uniform_grid_a2_3,31,uniform,0.6666666666666666,400,71,75.21337704939067,0.1775,1,395,119,7.772870468525815,7.772870468525815,1.0,1.0,1.0,1.0
rastrigin_mean_rotated_shifted_10d,10,ucb,constant,decay_uniform_grid_a2_3,32,uniform,0.6666666666666666,400,75,75.21337704939067,0.1875,1,365,121,9.595574344836816,9.595574344836816,1.0,1.0,1.0,1.0
rastrigin_mean_rotated_shifted_10d,10,ucb,constant,decay_uniform_grid_a2_3,33,uniform,0.6666666666666666,400,73,75.21337704939067,0.1825,3,394,126,9.417864844460391,9.417864844460391,1.0,1.0,1.0,1.0
rastrigin_mean_rotated_shifted_10d,10,ucb,constant,decay_uniform_grid_a2_3,34,uniform,0.6666666666666666,400,66,75.21337704939067,0.165,1,396,113,1.4509634446526902,1.4155559939628177,1.0,0.9999999995972603,1.0,1.0
rastrigin_mean_rotated_shifted_10d,10,ucb,constant,decay_uniform_grid_a2_3,4,uniform,0.6666666666666666,400,87,75.21337704939067,0.2175,1,389,123,8.995100650607933,8.935946315843044,1.0,1.0,1.0,1.0
rastrigin_mean_rotated_shifted_10d,10,ucb,constant,decay_uniform_grid_a2_3,5,uniform,0.6666666666666666,400,86,75.21337704939067,0.215,2,399,144,10.630480529008624,10.630480529008624,1.0,1.0,1.0,1.0
rastrigin_mean_rotated_shifted_10d,10,ucb,constant,decay_uniform_grid_a2_3,6,uniform,0.6666666666666666,400,68,75.21337704939067,0.17,2,398,108,9.962361581701858,9.962361581701858,1.0,1.0,1.0,1.0
rastrigin_mean_rotated_shifted_10d,10,ucb,constant,decay_uniform_grid_a2_3,7,uniform,0.6666666666666666,400,75,75.21337704939067,0.1875,2,397,110,10.23765112720344,10.23765112720344,1.0,1.0,1.0,1.0
rastrigin_mean_rotated_shifted_10d,10,ucb,constant,decay_uniform_grid_a2_3,8,uniform,0.6666666666666666,400,73,75.21337704939067,0.1825,1,396,101,10.838202951667665,10.838202951667665,1.0,1.0,1.0,1.0
rastrigin_mean_rotated_shifted_10d,10,ucb,constant,decay_uniform_grid_a2_3,9,uniform,0.6666666666666666,400,70,75.21337704939067,0.175,2,400,109,8.587861940355326,8.587861940355326,1.0,1.0,1.0,1.0
rastrigin_mean_rotated_shifted_10d,10,ucb,constant,decay_uniform_grid_a3_2,0,uniform,1.5,400,5,3.134213985518419,0.0125,2,366,10,1.3970043549029811,1.3687546566324529,1.0,0.9999999859294592,0.9999999999999986,0.23273608773617688
rastrigin_mean_rotated_shifted_10d,10,ucb,constant,decay_uniform_grid_a3_2,1,uniform,1.5,400,3,3.134213985518419,0.0075,1,20,3,9.158460652799171,9.158460652799171,1.0,1.0,1.0,1.0
rastrigin_mean_rotated_shifted_10d,10,ucb,constant,decay_uniform_grid_a3_2,10,uniform,1.5,400,3,3.134213985518419,0.0075,3,11,6,7.736816191278787,7.736816191278787,1.0,1.0,1.0,1.0
rastrigin_mean_rotated_shifted_10d,10,ucb,constant,decay_uniform_grid_a3_2,11,uniform,1.5,400,4,3.134213985518419,0.01,1,63,7,10.569967191427608,10.569967191427608,1.0,1.0,1.0,1.0
rastrigin_mean_rotated_shifted_10d,10,ucb,constant,decay_uniform_grid_a3_2,12,uniform,1.5,400,4,3.134213985518419,0.01,1,110,7,9.563032304941581,9.563032304941581,1.0,1.0,1.0,1.0
rastrigin_mean_rotated_shifted_10d,10,ucb,constant,decay_uniform_grid_a3_2,13,uniform,1.5,400,4,3.134213985518419,0.01,5,325,8,5.1721197475134115,5.1721197475134115,1.0,0.9999999805936902,1.0,0.32291128878462105
rastrigin_mean_rotated_shifted_10d,10,ucb,constant,decay_uniform_grid_a3_2,14,uniform,1.5,400,3,3.134213985518419,0.0075,22,150,6,9.714583606186697,9.714583606186697,1.0,1.0,1.0,1.0
rastrigin_mean_rotated_shifted_10d,10,ucb,constant,decay_uniform_grid_a3_2,15,uniform,1.5,400,2,3.134213985518419,0.005,2,4,4,9.706490106390635,9.706490106390635,1.0,1.0,1.0,1.0
rastrigin_mean_rotated_shifted_10d,10,ucb,constant,decay_uniform_grid_a3_2,16,uniform,1.5,400,2,3.134213985518419,0.005,5,8,4,3.497002028817215,3.3633375033636073,1.0,0.9999999948598215,1.0,0.16539078509600244
rastrigin_mean_rotated_shifted_10d,10,ucb,constant,decay_uniform_grid_a3_2,17,uniform,1.5,400,1,3.134213985518419,0.0025,110,110,2,8.873113555179122,8.873113555179122,1.0,0.9999999995825373,1.0,0.9999999999999992
rastrigin_mean_rotated_shifted_10d,10,ucb,constant,decay_uniform_grid_a3_2,18,uniform,1.5,400,4,3.134213985518419,0.01,3,64,8,5.614474947990747,5.614474947990747,1.0,0.9999999999441112,1.0,0.7502313249437037
rastrigin_mean_rotated_shifted_10d,10,ucb,constant,decay_uniform_grid_a3_2,19,uniform,1.5,400,5,3.134213985518419,0.0125,1,39,9,9.154849392141836,9.154849392141836,1.0,1.0,1.0,1.0
rastrigin_mean_rotated_shifted_10d,10,ucb,constant,decay_uniform_grid_a3_2,2,uniform,1.5,400,0,3.134213985518419,0.0,,,0,8.854417707887928,8.854417707887928,1.0,1.0,1.0,1.0
rastrigin_mean_rotated_shifted_10d,10,ucb,constant,decay_uniform_grid_a3_2,20,uniform,1.5,400,4,3.134213985518419,0.01,3,110,8,7.3277573512279615,7.3277573512279615,1.0,0.9999999999984142,1.0,1.0
rastrigin_mean_rotated_shifted_10d,10,ucb,constant,decay_uniform_grid_a3_2,21,uniform,1.5,400,3,3.134213985518419,0.0075,20,42,6,9.946864778314632,9.946864778314632,1.0,1.0,1.0,1.0
rastrigin_mean_rotated_shifted_10d,10,ucb,constant,decay_uniform_grid_a3_2,22,uniform,1.5,400,2,3.134213985518419,0.005,6,14,4,8.984504007632333,8.984504007632333,1.0,1.0,1.0,1.0
rastrigin_mean_rotated_shifted_10d,10,ucb,constant,decay_uniform_grid_a3_2,23,uniform,1.5,400,3,3.134213985518419,0.0075,1,97,5,11.062288658872573,11.062288658872573,1.0,1.0,1.0,1.0
rastrigin_mean_rotated_shifted_10d,10,ucb,constant,decay_uniform_grid_a3_2,24,uniform,1.5,400,0,3.134213985518419,0.0,,,0,9.708187853820922,9.708187853820922,1.0,1.0,1.0,1.0
rastrigin_mean_rotated_shifted_10d,10,ucb,constant,decay_uniform_grid_a3_2,25,uniform,1.5,400,0,3.134213985518419,0.0,,,0,9.68127245629015,9.68127245629015,1.0,1.0,1.0,1.0
rastrigin_mean_rotated_shifted_10d,10,ucb,constant,decay_uniform_grid_a3_2,26,uniform,1.5,400,0,3.134213985518419,0.0,,,0,10.734880353071478,10.734880353071478,1.0,1.0,1.0,1.0
rastrigin_mean_rotated_shifted_10d,10,ucb,constant,decay_uniform_grid_a3_2,27,uniform,1.5,400,0,3.134213985518419,0.0,,,0,7.21925421223565,7.21925421223565,1.0,0.9999999999999921,1.0,0.999999999999999
rastrigin_mean_rotated_shifted_10d,10,ucb,constant,decay_uniform_grid_a3_2,28,uniform,1.5,400,2,3.134213985518419,0.005,3,79,4,4.6405018424430295,4.6405018424430295,1.0,0.9999999821187924,1.0,0.2291526706929162
rastrigin_mean_rotated_shifted_10d,10,ucb,constant,decay_uniform_grid_a3_2,29,uniform,1.5,400,2,3.134213985518419,0.005,2,24,4,2.1901868608983377,2.120364025062372,1.0,0.9999999960888892,1.0,0.0527770654333415
rastrigin_mean_rotated_shifted_10d,10,ucb,constant,decay_uniform_grid_a3_2,3,uniform,1.5,400,6,3.134213985518419,0.015,1,33,7,8.692710222112355,8.692710222112355,1.0,1.0,1.0,1.0
rastrigin_mean_rotated_shifted_10d,10,ucb,constant,decay_uniform_grid_a3_2,30,uniform,1.5,400,3,3.134213985518419,0.0075,2,49,6,10.740129120342129,10.740129120342129,1.0,1.0,1.0,1.0
rastrigin_mean_rotated_shifted_10d,10,ucb,constant,decay_uniform_grid_a3_2,31,uniform,1.5,400,6,3.134213985518419,0.015,1,194,11,8.56373555362907,8.56373555362907,1.0,1.0,1.0,1.0
rastrigin_mean_rotated_shifted_10d,10,ucb,constant,decay_uniform_grid_a3_2,32,uniform,1.5,400,3,3.134213985518419,0.0075,1,5,3,3.992950472746016,3.888969113221769,1.0,0.9999999996293973,1.0,0.999999999999785
rastrigin_mean_rotated_shifted_10d,10,ucb,constant,decay_uniform_grid_a3_2,33,uniform,1.5,400,6,3.134213985518419,0.015,3,242,12,6.719420604272008,6.719420604272008,1.0,0.9999999995860966,1.0,0.9999999999999951
rastrigin_mean_rotated_shifted_10d,10,ucb,constant,decay_uniform_grid_a3_2,34,uniform,1.5,400,2,3.134213985518419,0.005,1,25,3,6.984559308695012,6.984559308695012,1.0,0.9999999996957524,1.0,0.9200016459384552
rastrigin_mean_rotated_shifted_10d,10,ucb,constant,decay_uniform_grid_a3_2,4,uniform,1.5,400,2,3.134213985518419,0.005,1,96,3,7.063599422610819,7.063599422610819,1.0,0.9999999996144975,1.0,0.36003439628564854
rastrigin_mean_rotated_shifted_10d,10,ucb,constant,decay_uniform_grid_a3_2,5,uniform,1.5,400,3,3.134213985518419,0.0075,46,104,6,4.415501549942134,4.415501549942134,1.0,0.9999999985714775,1.0,0.9999999999999643
rastrigin_mean_rotated_shifted_10d,10,ucb,constant,decay_uniform_grid_a3_2,6,uniform,1.5,400,3,3.134213985518419,0.0075,2,5,4,1.2390518001212798,1.2209243816370745,1.0,0.999999997843618,1.0,1.0
rastrigin_mean_rotated_shifted_10d,10,ucb,constant,decay_uniform_grid_a3_2,7,uniform,1.5,400,6,3.134213985518419,0.015,3,141,10,10.23765112720344,10.23765112720344,1.0,1.0,1.0,1.0
rastrigin_mean_rotated_shifted_10d,10,ucb,constant,decay_uniform_grid_a3_2,8,uniform,1.5,400,4,3.134213985518419,0.01,1,48,3,7.672508556421056,7.672508556421056,1.0,0.9999999999782225,1.0,0.9999999999999911
rastrigin_mean_rotated_shifted_10d,10,ucb,constant,decay_uniform_grid_a3_2,9,uniform,1.5,400,2,3.134213985518419,0.005,8,200,4,8.587861940355326,8.587861940355326,1.0,1.0,1.0,1.0
rastrigin_mean_rotated_shifted_10d,10,ucb,constant,decay_uniform_grid_a4_3,0,uniform,1.3333333333333333,400,6,5.27256894317306,0.015,2,366,12,2.4754540154203197,2.438458434783165,1.0,0.999999992303396,0.9999999999999998,0.029960985287594288
rastrigin_mean_rotated_shifted_10d,10,ucb,constant,decay_uniform_grid_a4_3,1,uniform,1.3333333333333333,400,6,5.27256894317306,0.015,1,53,9,9.158460652799171,9.158460652799171,1.0,1.0,1.0,1.0
rastrigin_mean_rotated_shifted_10d,10,ucb,constant,decay_uniform_grid_a4_3,10,uniform,1.3333333333333333,400,5,5.27256894317306,0.0125,3,384,10,7.736816191278787,7.736816191278787,1.0,1.0,1.0,1.0
rastrigin_mean_rotated_shifted_10d,10,ucb,constant,decay_uniform_grid_a4_3,11,uniform,1.3333333333333333,400,6,5.27256894317306,0.015,1,63,11,10.569967191427608,10.569967191427608,1.0,1.0,1.0,1.0
rastrigin_mean_rotated_shifted_10d,10,ucb,constant,decay_uniform_grid_a4_3,12,uniform,1.3333333333333333,400,6,5.27256894317306,0.015,1,308,11,9.563032304941581,9.563032304941581,1.0,1.0,1.0,1.0
rastrigin_mean_rotated_shifted_10d,10,ucb,constant,decay_uniform_grid_a4_3,13,uniform,1.3333333333333333,400,5,5.27256894317306,0.0125,5,329,10,5.1721197475134115,5.1721197475134115,1.0,0.9999999700674871,1.0,0.19485811850355467
rastrigin_mean_rotated_shifted_10d,10,ucb,constant,decay_uniform_grid_a4_3,14,uniform,1.3333333333333333,400,6,5.27256894317306,0.015,8,150,12,9.714583606186697,9.714583606186697,1.0,1.0,1.0,1.0
rastrigin_mean_rotated_shifted_10d,10,ucb,constant,decay_uniform_grid_a4_3,15,uniform,1.3333333333333333,400,5,5.27256894317306,0.0125,2,306,10,9.706490106390635,9.706490106390635,1.0,1.0,1.0,1.0
rastrigin_mean_rotated_shifted_10d,10,ucb,constant,decay_uniform_grid_a4_3,16,uniform,1.3333333333333333,400,5,5.27256894317306,0.0125,5,31,8,4.00007742422474,3.9344920377392447,1.0,0.9999999998589334,1.0,0.3062984817563604
rastrigin_mean_rotated_shifted_10d,10,ucb,constant,decay_uniform_grid_a4_3,17,uniform,1.3333333333333333,400,1,5.27256894317306,0.0025,110,110,2,8.873113555179122,8.873113555179122,1.0,0.9999999995825373,1.0,0.9999999999999992
rastrigin_mean_rotated_shifted_10d,10,ucb,constant,decay_uniform_grid_a4_3,18,uniform,1.3333333333333333,400,8,5.27256894317306,0.02,3,326,14,4.5339987699196875,4.488920447958881,1.0,0.999999991736511,1.0,0.9999999999999998
rastrigin_mean_rotated_shifted_10d,10,ucb,constant,decay_uniform_grid_a4_3,19,uniform,1.3333333333333333,400,6,5.27256894317306,0.015,1,160,11,9.154849392141836,9.154849392141836,1.0,1.0,1.0,1.0
rastrigin_mean_rotated_shifted_10d,10,ucb,constant,decay_uniform_grid_a4_3,2,uniform,1.3333333333333333,400,2,5.27256894317306,0.005,46,216,4,8.854417707887928,8.854417707887928,1.0,1.0,1.0,1.0
rastrigin_mean_rotated_shifted_10d,10,ucb,constant,decay_uniform_grid_a4_3,20,uniform,1.3333333333333333,400,8,5.27256894317306,0.02,3,334,16,6.693774431219795,6.693774431219795,1.0,0.9999999983220451,1.0,0.8408137496900607
rastrigin_mean_rotated_shifted_10d,10,ucb,constant,decay_uniform_grid_a4_3,21,uniform,1.3333333333333333,400,4,5.27256894317306,0.01,20,85,8,9.946864778314632,9.946864778314632,1.0,1.0,1.0,1.0
rastrigin_mean_rotated_shifted_10d,10,ucb,constant,decay_uniform_grid_a4_3,22,uniform,1.3333333333333333,400,4,5.27256894317306,0.01,6,131,8,8.984504007632333,8.984504007632333,1.0,1.0,1.0,1.0
rastrigin_mean_rotated_shifted_10d,10,ucb,constant,decay_uniform_grid_a4_3,23,uniform,1.3333333333333333,400,5,5.27256894317306,0.0125,1,182,9,11.062288658872573,11.062288658872573,1.0,1.0,1.0,1.0
rastrigin_mean_rotated_shifted_10d,10,ucb,constant,decay_uniform_grid_a4_3,24,uniform,1.3333333333333333,400,1,5.27256894317306,0.0025,23,23,2,9.708187853820922,9.708187853820922,1.0,1.0,1.0,1.0
rastrigin_mean_rotated_shifted_10d,10,ucb,constant,decay_uniform_grid_a4_3,25,uniform,1.3333333333333333,400,1,5.27256894317306,0.0025,310,310,2,9.68127245629015,9.68127245629015,1.0,1.0,1.0,1.0
rastrigin_mean_rotated_shifted_10d,10,ucb,constant,decay_uniform_grid_a4_3,26,uniform,1.3333333333333333,400,5,5.27256894317306,0.0125,2,128,10,10.734880353071478,10.734880353071478,1.0,1.0,1.0,1.0
rastrigin_mean_rotated_shifted_10d,10,ucb,constant,decay_uniform_grid_a4_3,27,uniform,1.3333333333333333,400,0,5.27256894317306,0.0,,,0,7.21925421223565,7.21925421223565,1.0,0.9999999999999921,1.0,0.999999999999999
rastrigin_mean_rotated_shifted_10d,10,ucb,constant,decay_uniform_grid_a4_3,28,uniform,1.3333333333333333,400,2,5.27256894317306,0.005,3,79,4,4.6405018424430295,4.6405018424430295,1.0,0.9999999821187924,1.0,0.2291526706929162
rastrigin_mean_rotated_shifted_10d,10,ucb,constant,decay_uniform_grid_a4_3,29,uniform,1.3333333333333333,400,6,5.27256894317306,0.015,2,233,12,2.2172511356878433,2.1333677656707692,1.0,0.9999999975106286,1.0,0.7194921291358096
rastrigin_mean_rotated_shifted_10d,10,ucb,constant,decay_uniform_grid_a4_3,3,uniform,1.3333333333333333,400,10,5.27256894317306,0.025,1,222,15,8.692710222112355,8.692710222112355,1.0,1.0,1.0,1.0
rastrigin_mean_rotated_shifted_10d,10,ucb,constant,decay_uniform_grid_a4_3,30,uniform,1.3333333333333333,400,4,5.27256894317306,0.01,2,100,8,10.740129120342129,10.740129120342129,1.0,1.0,1.0,1.0
rastrigin_mean_rotated_shifted_10d,10,ucb,constant,decay_uniform_grid_a4_3,31,uniform,1.3333333333333333,400,6,5.27256894317306,0.015,1,194,11,8.56373555362907,8.56373555362907,1.0,1.0,1.0,1.0
rastrigin_mean_rotated_shifted_10d,10,ucb,constant,decay_uniform_grid_a4_3,32,uniform,1.3333333333333333,400,5,5.27256894317306,0.0125,1,79,7,2.2926686198756996,2.256476810053454,1.0,0.9999999977328375,1.0,0.9999999999990635
rastrigin_mean_rotated_shifted_10d,10,ucb,constant,decay_uniform_grid_a4_3,33,uniform,1.3333333333333333,400,7,5.27256894317306,0.0175,3,242,14,6.322376333749117,6.322376333749117,1.0,0.9999999999743283,1.0,0.9999999999998677
rastrigin_mean_rotated_shifted_10d,10,ucb,constant,decay_uniform_grid_a4_3,34,uniform,1.3333333333333333,400,2,5.27256894317306,0.005,1,25,3,6.984559308695012,6.984559308695012,1.0,0.9999999996957524,1.0,0.9200016459384552
rastrigin_mean_rotated_shifted_10d,10,ucb,constant,decay_uniform_grid_a4_3,4,uniform,1.3333333333333333,400,4,5.27256894317306,0.01,1,142,7,5.1542018338856685,5.1542018338856685,1.0,0.9999999995762459,1.0,0.9999999999999983
rastrigin_mean_rotated_shifted_10d,10,ucb,constant,decay_uniform_grid_a4_3,5,uniform,1.3333333333333333,400,3,5.27256894317306,0.0075,46,104,6,4.415501549942134,4.415501549942134,1.0,0.9999999985714775,1.0,0.9999999999999643
rastrigin_mean_rotated_shifted_10d,10,ucb,constant,decay_uniform_grid_a4_3,6,uniform,1.3333333333333333,400,5,5.27256894317306,0.0125,2,240,8,0.7310728981483422,0.7012614811126383,1.0,0.9999999965734604,1.0,0.9124693482690331
rastrigin_mean_rotated_shifted_10d,10,ucb,constant,decay_uniform_grid_a4_3,7,uniform,1.3333333333333333,400,9,5.27256894317306,0.0225,3,141,16,10.23765112720344,10.23765112720344,1.0,1.0,1.0,1.0
rastrigin_mean_rotated_shifted_10d,10,ucb,constant,decay_uniform_grid_a4_3,8,uniform,1.3333333333333333,400,6,5.27256894317306,0.015,1,329,7,7.672508556421056,7.672508556421056,1.0,0.999999999891111,1.0,0.9999999999980571
rastrigin_mean_rotated_shifted_10d,10,ucb,constant,decay_uniform_grid_a4_3,9,uniform,1.3333333333333333,400,6,5.27256894317306,0.015,8,200,10,8.587861940355326,8.587861940355326,1.0,1.0,1.0,1.0
rastrigin_mean_rotated_shifted_10d,10,ucb,constant,decay_uniform_grid_a5_6,0,uniform,0.8333333333333334,400,27,35.84750100274302,0.0675,2,399,50,3.5953496592844134,3.550482835718674,1.0,0.9999999998801333,1.0,0.9774928555957274
rastrigin_mean_rotated_shifted_10d,10,ucb,constant,decay_uniform_grid_a5_6,1,uniform,0.8333333333333334,400,39,35.84750100274302,0.0975,1,398,65,9.158460652799171,9.158460652799171,1.0,1.0,1.0,1.0
rastrigin_mean_rotated_shifted_10d,10,ucb,constant,decay_uniform_grid_a5_6,10,uniform,0.8333333333333334,400,35,35.84750100274302,0.0875,3,384,60,7.736816191278787,7.736816191278787,1.0,1.0,1.0,1.0
rastrigin_mean_rotated_shifted_10d,10,ucb,constant,decay_uniform_grid_a5_6,11,uniform,0.8333333333333334,400,38,35.84750100274302,0.095,1,397,63,11.316942981721954,11.316942981721954,1.0,1.0,1.0,1.0
rastrigin_mean_rotated_shifted_10d,10,ucb,constant,decay_uniform_grid_a5_6,12,uniform,0.8333333333333334,400,35,35.84750100274302,0.0875,1,392,59,9.563032304941581,9.563032304941581,1.0,1.0,1.0,1.0
rastrigin_mean_rotated_shifted_10d,10,ucb,constant,decay_uniform_grid_a5_6,13,uniform,0.8333333333333334,400,37,35.84750100274302,0.0925,2,375,58,9.730837867945159,9.730837867945159,1.0,1.0,1.0,1.0
rastrigin_mean_rotated_shifted_10d,10,ucb,constant,decay_uniform_grid_a5_6,14,uniform,0.8333333333333334,400,41,35.84750100274302,0.1025,4,386,74,9.714583606186697,9.714583606186697,1.0,1.0,1.0,1.0
rastrigin_mean_rotated_shifted_10d,10,ucb,constant,decay_uniform_grid_a5_6,15,uniform,0.8333333333333334,400,38,35.84750100274302,0.095,2,334,62,9.706490106390635,9.706490106390635,1.0,1.0,1.0,1.0
rastrigin_mean_rotated_shifted_10d,10,ucb,constant,decay_uniform_grid_a5_6,16,uniform,0.8333333333333334,400,39,35.84750100274302,0.0975,5,359,64,4.159375130859524,4.159375130859524,1.0,0.9999999988445051,1.0,0.21958074533301444
rastrigin_mean_rotated_shifted_10d,10,ucb,constant,decay_uniform_grid_a5_6,17,uniform,0.8333333333333334,400,34,35.84750100274302,0.085,4,386,64,9.296482841136074,9.296482841136074,1.0,1.0,1.0,1.0
rastrigin_mean_rotated_shifted_10d,10,ucb,constant,decay_uniform_grid_a5_6,18,uniform,0.8333333333333334,400,31,35.84750100274302,0.0775,3,368,50,4.020370809533999,4.020370809533999,1.0,0.9999999826222413,1.0,0.9999999999997644
rastrigin_mean_rotated_shifted_10d,10,ucb,constant,decay_uniform_grid_a5_6,19,uniform,0.8333333333333334,400,31,35.84750100274302,0.0775,1,371,53,2.8664287888169726,2.84180741119946,0.999999999999952,0.9999993617695537,0.9999999998921506,0.054852584775813625
rastrigin_mean_rotated_shifted_10d,10,ucb,constant,decay_uniform_grid_a5_6,2,uniform,0.8333333333333334,400,41,35.84750100274302,0.1025,1,390,75,8.854417707887928,8.854417707887928,1.0,1.0,1.0,1.0
rastrigin_mean_rotated_shifted_10d,10,ucb,constant,decay_uniform_grid_a5_6,20,uniform,0.8333333333333334,400,37,35.84750100274302,0.0925,3,334,70,6.892221089003724,6.892221089003724,1.0,0.9999999991182769,1.0,0.9659467152702398
rastrigin_mean_rotated_shifted_10d,10,ucb,constant,decay_uniform_grid_a5_6,21,uniform,0.8333333333333334,400,27,35.84750100274302,0.0675,13,380,48,9.946864778314632,9.946864778314632,1.0,1.0,1.0,1.0
rastrigin_mean_rotated_shifted_10d,10,ucb,constant,decay_uniform_grid_a5_6,22,uniform,0.8333333333333334,400,41,35.84750100274302,0.1025,4,392,72,8.984504007632333,8.984504007632333,1.0,1.0,1.0,1.0
rastrigin_mean_rotated_shifted_10d,10,ucb,constant,decay_uniform_grid_a5_6,23,uniform,0.8333333333333334,400,43,35.84750100274302,0.1075,1,371,71,11.062288658872573,11.062288658872573,1.0,1.0,1.0,1.0
rastrigin_mean_rotated_shifted_10d,10,ucb,constant,decay_uniform_grid_a5_6,24,uniform,0.8333333333333334,400,29,35.84750100274302,0.0725,4,356,56,9.708187853820922,9.708187853820922,1.0,1.0,1.0,1.0
rastrigin_mean_rotated_shifted_10d,10,ucb,constant,decay_uniform_grid_a5_6,25,uniform,0.8333333333333334,400,27,35.84750100274302,0.0675,7,392,46,9.68127245629015,9.68127245629015,1.0,1.0,1.0,1.0
rastrigin_mean_rotated_shifted_10d,10,ucb,constant,decay_uniform_grid_a5_6,26,uniform,0.8333333333333334,400,39,35.84750100274302,0.0975,1,393,75,10.734880353071478,10.734880353071478,1.0,1.0,1.0,1.0
rastrigin_mean_rotated_shifted_10d,10,ucb,constant,decay_uniform_grid_a5_6,27,uniform,0.8333333333333334,400,35,35.84750100274302,0.0875,5,385,62,3.690977270070756,3.690977270070756,1.0,0.9999999994337341,1.0,0.9999999999999902
rastrigin_mean_rotated_shifted_10d,10,ucb,constant,decay_uniform_grid_a5_6,28,uniform,0.8333333333333334,400,26,35.84750100274302,0.065,1,386,49,5.11578493661632,5.11578493661632,1.0,0.9999999951591176,1.0,0.691552599276863
rastrigin_mean_rotated_shifted_10d,10,ucb,constant,decay_uniform_grid_a5_6,29,uniform,0.8333333333333334,400,37,35.84750100274302,0.0925,2,377,68,2.544808253845255,2.5216860602948685,1.0,0.9999999997190219,1.0,0.9999999999999866
rastrigin_mean_rotated_shifted_10d,10,ucb,constant,decay_uniform_grid_a5_6,3,uniform,0.8333333333333334,400,34,35.84750100274302,0.085,1,393,57,8.692710222112355,8.692710222112355,1.0,1.0,1.0,1.0
rastrigin_mean_rotated_shifted_10d,10,ucb,constant,decay_uniform_grid_a5_6,30,uniform,0.8333333333333334,400,39,35.84750100274302,0.0975,1,395,67,10.740129120342129,10.740129120342129,1.0,1.0,1.0,1.0
rastrigin_mean_rotated_shifted_10d,10,ucb,constant,decay_uniform_grid_a5_6,31,uniform,0.8333333333333334,400,26,35.84750100274302,0.065,1,343,51,8.56373555362907,8.56373555362907,1.0,1.0,1.0,1.0
rastrigin_mean_rotated_shifted_10d,10,ucb,constant,decay_uniform_grid_a5_6,32,uniform,0.8333333333333334,400,43,35.84750100274302,0.1075,1,365,75,9.595574344836816,9.595574344836816,1.0,1.0,1.0,1.0
rastrigin_mean_rotated_shifted_10d,10,ucb,constant,decay_uniform_grid_a5_6,33,uniform,0.8333333333333334,400,33,35.84750100274302,0.0825,3,368,60,9.417864844460391,9.417864844460391,1.0,1.0,1.0,1.0
rastrigin_mean_rotated_shifted_10d,10,ucb,constant,decay_uniform_grid_a5_6,34,uniform,0.8333333333333334,400,33,35.84750100274302,0.0825,1,384,61,2.8193277572975304,2.8189140809816977,1.0,0.9999999945936994,0.9999999999999997,0.28399691132947624
rastrigin_mean_rotated_shifted_10d,10,ucb,constant,decay_uniform_grid_a5_6,4,uniform,0.8333333333333334,400,34,35.84750100274302,0.085,1,337,59,7.08939618218821,7.08939618218821,1.0,0.9999999999374818,1.0,0.3748354928858984
rastrigin_mean_rotated_shifted_10d,10,ucb,constant,decay_uniform_grid_a5_6,5,uniform,0.8333333333333334,400,35,35.84750100274302,0.0875,2,399,60,6.740072246019776,6.740072246019776,1.0,0.9999999979781282,1.0,0.30202653037038335
rastrigin_mean_rotated_shifted_10d,10,ucb,constant,decay_uniform_grid_a5_6,6,uniform,0.8333333333333334,400,24,35.84750100274302,0.06,2,398,40,9.962361581701858,9.962361581701858,1.0,1.0,1.0,1.0
rastrigin_mean_rotated_shifted_10d,10,ucb,constant,decay_uniform_grid_a5_6,7,uniform,0.8333333333333334,400,39,35.84750100274302,0.0975,3,380,66,10.23765112720344,10.23765112720344,1.0,1.0,1.0,1.0
rastrigin_mean_rotated_shifted_10d,10,ucb,constant,decay_uniform_grid_a5_6,8,uniform,0.8333333333333334,400,40,35.84750100274302,0.1,1,396,65,10.838202951667665,10.838202951667665,1.0,1.0,1.0,1.0
rastrigin_mean_rotated_shifted_10d,10,ucb,constant,decay_uniform_grid_a5_6,9,uniform,0.8333333333333334,400,38,35.84750100274302,0.095,2,328,62,8.587861940355326,8.587861940355326,1.0,1.0,1.0,1.0
rastrigin_mean_rotated_shifted_10d,10,ucb,constant,decay_uniform_grid_a7_6,0,uniform,1.1666666666666667,400,9,9.430928479597794,0.0225,2,366,18,2.6644380719096645,2.412890722502179,0.9700963184631387,0.9025294408354774,0.9411749563820798,0.9893971883870437
rastrigin_mean_rotated_shifted_10d,10,ucb,constant,decay_uniform_grid_a7_6,1,uniform,1.1666666666666667,400,9,9.430928479597794,0.0225,1,87,15,9.158460652799171,9.158460652799171,1.0,1.0,1.0,1.0
rastrigin_mean_rotated_shifted_10d,10,ucb,constant,decay_uniform_grid_a7_6,10,uniform,1.1666666666666667,400,10,9.430928479597794,0.025,3,384,18,7.736816191278787,7.736816191278787,1.0,1.0,1.0,1.0
rastrigin_mean_rotated_shifted_10d,10,ucb,constant,decay_uniform_grid_a7_6,11,uniform,1.1666666666666667,400,10,9.430928479597794,0.025,1,121,17,10.569967191427608,10.569967191427608,1.0,1.0,1.0,1.0
rastrigin_mean_rotated_shifted_10d,10,ucb,constant,decay_uniform_grid_a7_6,12,uniform,1.1666666666666667,400,11,9.430928479597794,0.0275,1,308,21,9.563032304941581,9.563032304941581,1.0,1.0,1.0,1.0
rastrigin_mean_rotated_shifted_10d,10,ucb,constant,decay_uniform_grid_a7_6,13,uniform,1.1666666666666667,400,9,9.430928479597794,0.0225,5,352,18,4.614668453072311,4.536021023982679,1.0,0.9999999546068497,1.0,1.0
rastrigin_mean_rotated_shifted_10d,10,ucb,constant,decay_uniform_grid_a7_6,14,uniform,1.1666666666666667,400,9,9.430928479597794,0.0225,4,157,18,9.714583606186697,9.714583606186697,1.0,1.0,1.0,1.0
rastrigin_mean_rotated_shifted_10d,10,ucb,constant,decay_uniform_grid_a7_6,15,uniform,1.1666666666666667,400,9,9.430928479597794,0.0225,2,306,18,9.706490106390635,9.706490106390635,1.0,1.0,1.0,1.0
rastrigin_mean_rotated_shifted_10d,10,ucb,constant,decay_uniform_grid_a7_6,16,uniform,1.1666666666666667,400,9,9.430928479597794,0.0225,5,353,16,3.21510917974895,3.198993569424225,1.0,0.9999999983727319,1.0,0.7517310653031971
rastrigin_mean_rotated_shifted_10d,10,ucb,constant,decay_uniform_grid_a7_6,17,uniform,1.1666666666666667,400,7,9.430928479597794,0.0175,4,168,14,9.296482841136074,9.296482841136074,1.0,1.0,1.0,1.0
rastrigin_mean_rotated_shifted_10d,10,ucb,constant,decay_uniform_grid_a7_6,18,uniform,1.1666666666666667,400,10,9.430928479597794,0.025,3,326,18,4.250916442549279,4.250916442549279,1.0,0.9999999997888528,1.0,0.9999999999993991
rastrigin_mean_rotated_shifted_10d,10,ucb,constant,decay_uniform_grid_a7_6,19,uniform,1.1666666666666667,400,11,9.430928479597794,0.0275,1,371,21,9.154849392141836,9.154849392141836,1.0,1.0,1.0,1.0
rastrigin_mean_rotated_shifted_10d,10,ucb,constant,decay_uniform_grid_a7_6,2,uniform,1.1666666666666667,400,7,9.430928479597794,0.0175,23,337,14,8.854417707887928,8.854417707887928,1.0,1.0,1.0,1.0
rastrigin_mean_rotated_shifted_10d,10,ucb,constant,decay_uniform_grid_a7_6,20,uniform,1.1666666666666667,400,15,9.430928479597794,0.0375,3,334,30,4.437635700015597,4.437635700015597,1.0,0.9999999988973207,1.0,0.23025583067402763
rastrigin_mean_rotated_shifted_10d,10,ucb,constant,decay_uniform_grid_a7_6,21,uniform,1.1666666666666667,400,6,9.430928479597794,0.015,20,208,12,9.946864778314632,9.946864778314632,1.0,1.0,1.0,1.0
rastrigin_mean_rotated_shifted_10d,10,ucb,constant,decay_uniform_grid_a7_6,22,uniform,1.1666666666666667,400,11,9.430928479597794,0.0275,6,364,22,8.984504007632333,8.984504007632333,1.0,1.0,1.0,1.0
rastrigin_mean_rotated_shifted_10d,10,ucb,constant,decay_uniform_grid_a7_6,23,uniform,1.1666666666666667,400,11,9.430928479597794,0.0275,1,273,21,11.062288658872573,11.062288658872573,1.0,1.0,1.0,1.0
rastrigin_mean_rotated_shifted_10d,10,ucb,constant,decay_uniform_grid_a7_6,24,uniform,1.1666666666666667,400,7,9.430928479597794,0.0175,4,88,14,3.386417759299934,3.400340170362348,1.0,0.9999999995842246,1.0,0.49180002315758975
rastrigin_mean_rotated_shifted_10d,10,ucb,constant,decay_uniform_grid_a7_6,25,uniform,1.1666666666666667,400,5,9.430928479597794,0.0125,11,310,10,1.8817220018863694,1.838495093472997,1.0,0.9999999975623157,1.0,0.9996517539193963
rastrigin_mean_rotated_shifted_10d,10,ucb,constant,decay_uniform_grid_a7_6,26,uniform,1.1666666666666667,400,11,9.430928479597794,0.0275,1,354,19,10.734880353071478,10.734880353071478,1.0,1.0,1.0,1.0
rastrigin_mean_rotated_shifted_10d,10,ucb,constant,decay_uniform_grid_a7_6,27,uniform,1.1666666666666667,400,6,9.430928479597794,0.015,12,346,12,3.2086585359584476,3.1388810822185347,1.0,0.9999999568927219,1.0,0.9999999999999818
rastrigin_mean_rotated_shifted_10d,10,ucb,constant,decay_uniform_grid_a7_6,28,uniform,1.1666666666666667,400,4,9.430928479597794,0.01,3,79,8,8.809226585352658,8.68945492912864,1.0,0.9999999991608097,1.0,0.3131219927286197
rastrigin_mean_rotated_shifted_10d,10,ucb,constant,decay_uniform_grid_a7_6,29,uniform,1.1666666666666667,400,10,9.430928479597794,0.025,2,233,20,1.2010923045854127,1.1870972527418615,1.0,0.9999999798622196,1.0,0.18328029694031842
rastrigin_mean_rotated_shifted_10d,10,ucb,constant,decay_uniform_grid_a7_6,3,uniform,1.1666666666666667,400,12,9.430928479597794,0.03,1,372,19,8.692710222112355,8.692710222112355,1.0,1.0,1.0,1.0
rastrigin_mean_rotated_shifted_10d,10,ucb,constant,decay_uniform_grid_a7_6,30,uniform,1.1666666666666667,400,9,9.430928479597794,0.0225,2,100,18,10.740129120342129,10.740129120342129,1.0,1.0,1.0,1.0
rastrigin_mean_rotated_shifted_10d,10,ucb,constant,decay_uniform_grid_a7_6,31,uniform,1.1666666666666667,400,7,9.430928479597794,0.0175,1,194,13,8.56373555362907,8.56373555362907,1.0,1.0,1.0,1.0
rastrigin_mean_rotated_shifted_10d,10,ucb,constant,decay_uniform_grid_a7_6,32,uniform,1.1666666666666667,400,13,9.430928479597794,0.0325,1,213,23,8.565726358153277,8.565726358153277,1.0,1.0,1.0,1.0
rastrigin_mean_rotated_shifted_10d,10,ucb,constant,decay_uniform_grid_a7_6,33,uniform,1.1666666666666667,400,12,9.430928479597794,0.03,3,248,22,9.985170589549238,9.985170589549238,1.0,1.0,1.0,1.0
rastrigin_mean_rotated_shifted_10d,10,ucb,constant,decay_uniform_grid_a7_6,34,uniform,1.1666666666666667,400,4,9.430928479597794,0.01,1,308,7,6.868100620904491,6.868100620904491,1.0,0.9999999997841791,1.0,0.6072817317979604
rastrigin_mean_rotated_shifted_10d,10,ucb,constant,decay_uniform_grid_a7_6,4,uniform,1.1666666666666667,400,11,9.430928479597794,0.0275,1,312,21,3.42294725563456,3.42294725563456,1.0,0.9999999997783675,1.0,0.9999999999999741
rastrigin_mean_rotated_shifted_10d,10,ucb,constant,decay_uniform_grid_a7_6,5,uniform,1.1666666666666667,400,9,9.430928479597794,0.0225,2,275,18,4.490843142868476,4.435514981702571,1.0,0.9999999982959067,1.0,0.08142033436474695
rastrigin_mean_rotated_shifted_10d,10,ucb,constant,decay_uniform_grid_a7_6,6,uniform,1.1666666666666667,400,11,9.430928479597794,0.0275,2,398,18,9.962361581701858,9.962361581701858,1.0,1.0,1.0,1.0
rastrigin_mean_rotated_shifted_10d,10,ucb,constant,decay_uniform_grid_a7_6,7,uniform,1.1666666666666667,400,14,9.430928479597794,0.035,3,322,26,10.23765112720344,10.23765112720344,1.0,1.0,1.0,1.0
rastrigin_mean_rotated_shifted_10d,10,ucb,constant,decay_uniform_grid_a7_6,8,uniform,1.1666666666666667,400,8,9.430928479597794,0.02,1,329,9,3.2411684670700796,3.2411684670700796,1.0,0.9999999985197221,1.0,0.9999999999985725
rastrigin_mean_rotated_shifted_10d,10,ucb,constant,decay_uniform_grid_a7_6,9,uniform,1.1666666666666667,400,10,9.430928479597794,0.025,2,200,16,8.587861940355326,8.587861940355326,1.0,1.0,1.0,1.0
rastrigin_mean_rotated_shifted_10d,10,ucb,constant,standard,0,none,nan,400,0,0.0,0.0,,,0,9.73281063129463,9.73281063129463,1.0,1.0,1.0,1.0
rastrigin_mean_rotated_shifted_10d,10,ucb,constant,standard,1,none,nan,400,0,0.0,0.0,,,0,9.158460652799171,9.158460652799171,1.0,1.0,1.0,1.0
rastrigin_mean_rotated_shifted_10d,10,ucb,constant,standard,10,none,nan,400,0,0.0,0.0,,,0,7.736816191278787,7.736816191278787,1.0,1.0,1.0,1.0
rastrigin_mean_rotated_shifted_10d,10,ucb,constant,standard,11,none,nan,400,0,0.0,0.0,,,0,10.569967191427608,10.569967191427608,1.0,1.0,1.0,1.0
rastrigin_mean_rotated_shifted_10d,10,ucb,constant,standard,12,none,nan,400,0,0.0,0.0,,,0,9.563032304941581,9.563032304941581,1.0,1.0,1.0,1.0
rastrigin_mean_rotated_shifted_10d,10,ucb,constant,standard,13,none,nan,400,0,0.0,0.0,,,0,7.943099180990414,7.943099180990414,1.0,0.9999999989868765,1.0,0.34389257679643714
rastrigin_mean_rotated_shifted_10d,10,ucb,constant,standard,14,none,nan,400,0,0.0,0.0,,,0,9.714583606186697,9.714583606186697,1.0,1.0,1.0,1.0
rastrigin_mean_rotated_shifted_10d,10,ucb,constant,standard,15,none,nan,400,0,0.0,0.0,,,0,9.706490106390635,9.706490106390635,1.0,1.0,1.0,1.0
rastrigin_mean_rotated_shifted_10d,10,ucb,constant,standard,16,none,nan,400,0,0.0,0.0,,,0,3.519106573366969,3.4863763633741582,1.0,0.9999999828645272,1.0,0.1686140802717571
rastrigin_mean_rotated_shifted_10d,10,ucb,constant,standard,17,none,nan,400,0,0.0,0.0,,,0,6.686141825328482,6.686141825328482,1.0,0.9999999975937921,1.0,0.37828465560740887
rastrigin_mean_rotated_shifted_10d,10,ucb,constant,standard,18,none,nan,400,0,0.0,0.0,,,0,3.2113902210731853,3.2113902210731853,1.0,0.999999999749422,1.0,0.5785862696819335
rastrigin_mean_rotated_shifted_10d,10,ucb,constant,standard,19,none,nan,400,0,0.0,0.0,,,0,9.154849392141836,9.154849392141836,1.0,1.0,1.0,1.0
rastrigin_mean_rotated_shifted_10d,10,ucb,constant,standard,2,none,nan,400,0,0.0,0.0,,,0,8.854417707887928,8.854417707887928,1.0,1.0,1.0,1.0
rastrigin_mean_rotated_shifted_10d,10,ucb,constant,standard,20,none,nan,400,0,0.0,0.0,,,0,8.565138322690833,8.565138322690833,1.0,0.999999999878473,1.0,0.99999999999999
rastrigin_mean_rotated_shifted_10d,10,ucb,constant,standard,21,none,nan,400,0,0.0,0.0,,,0,9.946864778314632,9.946864778314632,1.0,1.0,1.0,1.0
rastrigin_mean_rotated_shifted_10d,10,ucb,constant,standard,22,none,nan,400,0,0.0,0.0,,,0,8.984504007632333,8.984504007632333,1.0,1.0,1.0,1.0
rastrigin_mean_rotated_shifted_10d,10,ucb,constant,standard,23,none,nan,400,0,0.0,0.0,,,0,5.725886630248214,5.725886630248214,1.0,0.9999999998156457,1.0,0.7216806813326438
rastrigin_mean_rotated_shifted_10d,10,ucb,constant,standard,24,none,nan,400,0,0.0,0.0,,,0,9.708187853820922,9.708187853820922,1.0,1.0,1.0,1.0
rastrigin_mean_rotated_shifted_10d,10,ucb,constant,standard,25,none,nan,400,0,0.0,0.0,,,0,9.68127245629015,9.68127245629015,1.0,1.0,1.0,1.0
rastrigin_mean_rotated_shifted_10d,10,ucb,constant,standard,26,none,nan,400,0,0.0,0.0,,,0,10.734880353071478,10.734880353071478,1.0,1.0,1.0,1.0
rastrigin_mean_rotated_shifted_10d,10,ucb,constant,standard,27,none,nan,400,0,0.0,0.0,,,0,7.21925421223565,7.21925421223565,1.0,0.9999999999999921,1.0,0.999999999999999
rastrigin_mean_rotated_shifted_10d,10,ucb,constant,standard,28,none,nan,400,0,0.0,0.0,,,0,9.891786024390765,9.891786024390765,1.0,1.0,1.0,1.0
rastrigin_mean_rotated_shifted_10d,10,ucb,constant,standard,29,none,nan,400,0,0.0,0.0,,,0,9.997397742401452,9.997397742401452,1.0,1.0,1.0,1.0
rastrigin_mean_rotated_shifted_10d,10,ucb,constant,standard,3,none,nan,400,0,0.0,0.0,,,0,1.3483659059899509,1.3483659059899509,1.0,0.9999999685725962,1.0,1.0
rastrigin_mean_rotated_shifted_10d,10,ucb,constant,standard,30,none,nan,400,0,0.0,0.0,,,0,4.7648824196606965,4.694584420825852,1.0,0.9999999996094544,1.0,0.5938922292740241
rastrigin_mean_rotated_shifted_10d,10,ucb,constant,standard,31,none,nan,400,0,0.0,0.0,,,0,8.56373555362907,8.56373555362907,1.0,1.0,1.0,1.0
rastrigin_mean_rotated_shifted_10d,10,ucb,constant,standard,32,none,nan,400,0,0.0,0.0,,,0,8.565726358153277,8.565726358153277,1.0,1.0,1.0,1.0
rastrigin_mean_rotated_shifted_10d,10,ucb,constant,standard,33,none,nan,400,0,0.0,0.0,,,0,9.551691504895766,9.551691504895766,1.0,1.0,1.0,1.0
rastrigin_mean_rotated_shifted_10d,10,ucb,constant,standard,34,none,nan,400,0,0.0,0.0,,,0,2.3618250473578812,2.3037021070445904,1.0,0.9999999968491176,1.0,0.9999999999999589
rastrigin_mean_rotated_shifted_10d,10,ucb,constant,standard,4,none,nan,400,0,0.0,0.0,,,0,5.307094620507252,5.250539491082138,1.0,0.9999999998936128,1.0,0.9999999999994903
rastrigin_mean_rotated_shifted_10d,10,ucb,constant,standard,5,none,nan,400,0,0.0,0.0,,,0,5.221536560882884,5.221536560882884,1.0,0.9999999999339751,1.0,0.9999999999972131
rastrigin_mean_rotated_shifted_10d,10,ucb,constant,standard,6,none,nan,400,0,0.0,0.0,,,0,9.51993257296919,9.51993257296919,1.0,0.9999999999999998,1.0,1.0
rastrigin_mean_rotated_shifted_10d,10,ucb,constant,standard,7,none,nan,400,0,0.0,0.0,,,0,10.23765112720344,10.23765112720344,1.0,1.0,1.0,1.0
rastrigin_mean_rotated_shifted_10d,10,ucb,constant,standard,8,none,nan,400,0,0.0,0.0,,,0,8.961878759481849,8.961878759481849,1.0,1.0,1.0,1.0
rastrigin_mean_rotated_shifted_10d,10,ucb,constant,standard,9,none,nan,400,0,0.0,0.0,,,0,8.587861940355326,8.587861940355326,1.0,1.0,1.0,1.0
rastrigin_mean_rotated_shifted_20d,20,ucb,constant,decay_uniform_grid_a1,0,uniform,1.0,400,11,17.8984421298378,0.0275,2,366,22,11.188539674435058,11.188539674435058,1.0,1.0,1.0,1.0
rastrigin_mean_rotated_shifted_20d,20,ucb,constant,decay_uniform_grid_a1,1,uniform,1.0,400,21,17.8984421298378,0.0525,1,280,37,10.807736760180001,10.807736760180001,1.0,0.9999999999982139,1.0,0.5906695457164357
rastrigin_mean_rotated_shifted_20d,20,ucb,constant,decay_uniform_grid_a1,10,uniform,1.0,400,15,17.8984421298378,0.0375,3,384,24,2.479927996813525,2.3721165450323953,0.9999999992398296,0.9999991601260736,0.9999999796909239,0.1163844026419275
rastrigin_mean_rotated_shifted_20d,20,ucb,constant,decay_uniform_grid_a1,11,uniform,1.0,400,20,17.8984421298378,0.05,1,391,37,8.588239506754494,8.588239506754494,1.0,0.9999999999782678,0.9999999999999998,0.9999999999942154
rastrigin_mean_rotated_shifted_20d,20,ucb,constant,decay_uniform_grid_a1,12,uniform,1.0,400,23,17.8984421298378,0.0575,1,392,43,11.387011745199146,11.387011745199146,1.0,0.9999999999999034,1.0,0.9999999999999392
rastrigin_mean_rotated_shifted_20d,20,ucb,constant,decay_uniform_grid_a1,13,uniform,1.0,400,22,17.8984421298378,0.055,2,352,36,8.387118169245564,8.387118169245564,1.0,0.9999999999999052,1.0,0.9999999999999832
rastrigin_mean_rotated_shifted_20d,20,ucb,constant,decay_uniform_grid_a1,14,uniform,1.0,400,18,17.8984421298378,0.045,4,317,34,10.577917626967846,10.577917626967846,1.0,0.9999999999997575,1.0,0.9999999999999546
rastrigin_mean_rotated_shifted_20d,20,ucb,constant,decay_uniform_grid_a1,15,uniform,1.0,400,18,17.8984421298378,0.045,2,306,34,10.13401083080794,10.107212846284963,1.0,0.9999999999990425,1.0,0.999999999999966
rastrigin_mean_rotated_shifted_20d,20,ucb,constant,decay_uniform_grid_a1,16,uniform,1.0,400,18,17.8984421298378,0.045,5,353,30,7.275912287719817,7.275912287719817,1.0,0.9999999999953089,0.9999999999999998,0.9997146039712473
rastrigin_mean_rotated_shifted_20d,20,ucb,constant,decay_uniform_grid_a1,17,uniform,1.0,400,15,17.8984421298378,0.0375,4,386,28,9.256670845216254,9.256670845216254,1.0,0.9999999999997495,1.0,0.9999999999999954
rastrigin_mean_rotated_shifted_20d,20,ucb,constant,decay_uniform_grid_a1,18,uniform,1.0,400,16,17.8984421298378,0.04,3,326,30,3.3599586559368744,3.350074026120218,1.0,0.9999999999830713,0.9999999999999996,0.9999999999999997
rastrigin_mean_rotated_shifted_20d,20,ucb,constant,decay_uniform_grid_a1,19,uniform,1.0,400,20,17.8984421298378,0.05,1,371,33,7.434265315734853,7.298796882199601,1.0,0.9999999999171445,0.9999999999999999,0.5238653271409852
rastrigin_mean_rotated_shifted_20d,20,ucb,constant,decay_uniform_grid_a1,2,uniform,1.0,400,16,17.8984421298378,0.04,1,390,29,11.628492199418679,11.628492199418679,1.0,0.9999999999449823,1.0,0.9999999999999176
rastrigin_mean_rotated_shifted_20d,20,ucb,constant,decay_uniform_grid_a1,20,uniform,1.0,400,20,17.8984421298378,0.05,3,334,38,7.28477699263088,7.28477699263088,1.0,0.9999999999977287,1.0,0.9999999999996846
rastrigin_mean_rotated_shifted_20d,20,ucb,constant,decay_uniform_grid_a1,21,uniform,1.0,400,16,17.8984421298378,0.04,13,337,28,6.6233897953565215,6.6233897953565215,1.0,0.9999999999995506,1.0,0.9999999999999993
rastrigin_mean_rotated_shifted_20d,20,ucb,constant,decay_uniform_grid_a1,22,uniform,1.0,400,22,17.8984421298378,0.055,6,392,40,12.508914107683175,12.508914107683175,1.0,1.0,1.0,1.0
rastrigin_mean_rotated_shifted_20d,20,ucb,constant,decay_uniform_grid_a1,23,uniform,1.0,400,22,17.8984421298378,0.055,1,316,43,1.2891513651124555,1.2369297247788098,0.9999999999999999,0.9999999998891849,0.9999999999999822,0.03146398945053084
rastrigin_mean_rotated_shifted_20d,20,ucb,constant,decay_uniform_grid_a1,24,uniform,1.0,400,13,17.8984421298378,0.0325,4,179,26,9.980624354137584,9.980624354137584,1.0,0.9999999999999959,1.0,0.9999999999999996
rastrigin_mean_rotated_shifted_20d,20,ucb,constant,decay_uniform_grid_a1,25,uniform,1.0,400,9,17.8984421298378,0.0225,11,310,18,9.298795854292365,9.298795854292365,1.0,0.9999999999999659,1.0,0.9999999999999549
rastrigin_mean_rotated_shifted_20d,20,ucb,constant,decay_uniform_grid_a1,26,uniform,1.0,400,15,17.8984421298378,0.0375,1,385,27,9.827914596299344,9.827914596299344,1.0,1.0,1.0,1.0
rastrigin_mean_rotated_shifted_20d,20,ucb,constant,decay_uniform_grid_a1,27,uniform,1.0,400,15,17.8984421298378,0.0375,5,346,30,9.762283625138998,9.762283625138998,1.0,0.9999999999889908,1.0,0.9999999999998466
rastrigin_mean_rotated_shifted_20d,20,ucb,constant,decay_uniform_grid_a1,28,uniform,1.0,400,16,17.8984421298378,0.04,1,344,29,1.852949364270613,1.7773606346691224,1.0,0.9999999999708533,0.9999999999999979,0.052153629010234875
rastrigin_mean_rotated_shifted_20d,20,ucb,constant,decay_uniform_grid_a1,29,uniform,1.0,400,16,17.8984421298378,0.04,2,261,32,9.480148170522556,9.480148170522556,1.0,0.9999999999719245,0.9999999999999999,0.9999999999967318
rastrigin_mean_rotated_shifted_20d,20,ucb,constant,decay_uniform_grid_a1,3,uniform,1.0,400,20,17.8984421298378,0.05,1,381,31,6.577171901553487,6.653493685819963,0.9999535106594196,0.9991097754193432,0.9997601888817521,0.17481245156009334
rastrigin_mean_rotated_shifted_20d,20,ucb,constant,decay_uniform_grid_a1,30,uniform,1.0,400,20,17.8984421298378,0.05,2,356,38,7.894916733032578,7.894916733032578,1.0,0.9999999999971072,1.0,0.9999999999994966
rastrigin_mean_rotated_shifted_20d,20,ucb,constant,decay_uniform_grid_a1,31,uniform,1.0,400,12,17.8984421298378,0.03,1,335,23,8.25622496571095,8.234186344825627,1.0,0.999999999987675,0.9999999999999997,0.9999999999988323
rastrigin_mean_rotated_shifted_20d,20,ucb,constant,decay_uniform_grid_a1,32,uniform,1.0,400,23,17.8984421298378,0.0575,1,334,43,9.340431460678458,9.340431460678458,1.0,0.9999999999954372,1.0,0.9999999999999696
rastrigin_mean_rotated_shifted_20d,20,ucb,constant,decay_uniform_grid_a1,33,uniform,1.0,400,18,17.8984421298378,0.045,3,248,34,3.7891592562438525,3.7891592562438525,1.0,0.9999999999972994,1.0,0.9999999999999554
rastrigin_mean_rotated_shifted_20d,20,ucb,constant,decay_uniform_grid_a1,34,uniform,1.0,400,15,17.8984421298378,0.0375,1,384,27,11.816591206188344,11.816591206188344,1.0,0.9999999999999027,1.0,0.9999999999999146
rastrigin_mean_rotated_shifted_20d,20,ucb,constant,decay_uniform_grid_a1,4,uniform,1.0,400,23,17.8984421298378,0.0575,1,337,41,11.761009796598358,11.603228904000998,1.0,0.999999999999927,1.0,0.9999999999999617
rastrigin_mean_rotated_shifted_20d,20,ucb,constant,decay_uniform_grid_a1,5,uniform,1.0,400,19,17.8984421298378,0.0475,2,365,34,4.541295833153262,4.520098879229366,1.0,0.9999999998018436,0.9999999999999988,0.8518391157230458
rastrigin_mean_rotated_shifted_20d,20,ucb,constant,decay_uniform_grid_a1,6,uniform,1.0,400,15,17.8984421298378,0.0375,2,398,22,13.008132540118345,13.008132540118345,1.0,1.0,1.0,1.0
rastrigin_mean_rotated_shifted_20d,20,ucb,constant,decay_uniform_grid_a1,7,uniform,1.0,400,22,17.8984421298378,0.055,3,322,32,3.3138219040218018,3.1923839137748073,1.0,0.9999999999110031,0.9999999999999968,0.09481897931591737
rastrigin_mean_rotated_shifted_20d,20,ucb,constant,decay_uniform_grid_a1,8,uniform,1.0,400,18,17.8984421298378,0.045,1,391,29,3.220388011561404,3.0998394685944843,1.0,0.9999999999954685,0.9999999999999997,0.9999999999985065
rastrigin_mean_rotated_shifted_20d,20,ucb,constant,decay_uniform_grid_a1,9,uniform,1.0,400,19,17.8984421298378,0.0475,2,328,30,11.432966892625435,11.273338379802716,1.0,0.9999999999999969,1.0,1.0
rastrigin_mean_rotated_shifted_20d,20,ucb,constant,decay_uniform_grid_a1_2,0,uniform,0.5,400,138,164.03031799806755,0.345,2,399,174,2.0551977927839884,2.048186858716008,0.998032769899115,0.9881214589990015,0.9949641091784324,0.999878496492328
rastrigin_mean_rotated_shifted_20d,20,ucb,constant,decay_uniform_grid_a1_2,1,uniform,0.5,400,165,164.03031799806755,0.4125,1,398,177,4.1407146241788855,4.116242653193069,1.0,0.9999999998305525,0.9999999999999993,0.9999999999999595
rastrigin_mean_rotated_shifted_20d,20,ucb,constant,decay_uniform_grid_a1_2,10,uniform,0.5,400,162,164.03031799806755,0.405,1,399,171,9.963176995704567,9.963176995704567,1.0,0.9999999999892064,0.9999999999999998,0.46663283424120666
rastrigin_mean_rotated_shifted_20d,20,ucb,constant,decay_uniform_grid_a1_2,11,uniform,0.5,400,164,164.03031799806755,0.41,1,399,185,6.646608943805587,6.639199414244567,1.0,0.999999999981183,0.9999999999999999,0.9999999999979297
rastrigin_mean_rotated_shifted_20d,20,ucb,constant,decay_uniform_grid_a1_2,12,uniform,0.5,400,151,164.03031799806755,0.3775,1,398,163,11.399181037511353,11.388449269869248,1.0,0.999999999999623,1.0,0.9999999999993043
rastrigin_mean_rotated_shifted_20d,20,ucb,constant,decay_uniform_grid_a1_2,13,uniform,0.5,400,167,164.03031799806755,0.4175,2,398,190,7.301779525303149,7.301779525303149,1.0,0.9999999999773064,0.9999999999999993,0.6522651018010519
rastrigin_mean_rotated_shifted_20d,20,ucb,constant,decay_uniform_grid_a1_2,14,uniform,0.5,400,172,164.03031799806755,0.43,2,398,184,3.097305322863393,3.0690679274302837,1.0,0.9999999999332503,0.9999999999999991,0.6592130134697944
rastrigin_mean_rotated_shifted_20d,20,ucb,constant,decay_uniform_grid_a1_2,15,uniform,0.5,400,173,164.03031799806755,0.4325,2,400,181,4.769404021802341,4.769404021802341,1.0,0.9999999999870375,0.9999999999999998,0.9999999999999999
rastrigin_mean_rotated_shifted_20d,20,ucb,constant,decay_uniform_grid_a1_2,16,uniform,0.5,400,159,164.03031799806755,0.3975,5,398,188,12.226237092452346,12.226237092452346,1.0,1.0,1.0,1.0
rastrigin_mean_rotated_shifted_20d,20,ucb,constant,decay_uniform_grid_a1_2,17,uniform,0.5,400,168,164.03031799806755,0.42,1,400,186,12.276902186683461,12.276902186683461,1.0,1.0,1.0,1.0
rastrigin_mean_rotated_shifted_20d,20,ucb,constant,decay_uniform_grid_a1_2,18,uniform,0.5,400,167,164.03031799806755,0.4175,1,388,201,6.669878360953808,6.669878360953808,1.0,0.9999999999577251,0.9999999999999998,0.9999999999867976
rastrigin_mean_rotated_shifted_20d,20,ucb,constant,decay_uniform_grid_a1_2,19,uniform,0.5,400,154,164.03031799806755,0.385,1,396,177,1.8799237898119756,1.7484817448869592,0.9999999999999999,0.9999999998882085,0.9999999999999938,0.059530942550267675
rastrigin_mean_rotated_shifted_20d,20,ucb,constant,decay_uniform_grid_a1_2,2,uniform,0.5,400,181,164.03031799806755,0.4525,1,400,204,1.7603889307501093,1.6912935203815338,0.9999999999999908,0.9999999991672769,0.999999999999436,0.9999999999999826
rastrigin_mean_rotated_shifted_20d,20,ucb,constant,decay_uniform_grid_a1_2,20,uniform,0.5,400,166,164.03031799806755,0.415,3,386,186,11.491754766858053,11.491754766858053,1.0,0.9999999999894884,0.9999999999999996,0.6018896236688663
rastrigin_mean_rotated_shifted_20d,20,ucb,constant,decay_uniform_grid_a1_2,21,uniform,0.5,400,155,164.03031799806755,0.3875,3,398,184,3.111113550015557,3.026995111900503,1.0,0.999999999974129,0.9999999999999994,0.9999999999920969
rastrigin_mean_rotated_shifted_20d,20,ucb,constant,decay_uniform_grid_a1_2,22,uniform,0.5,400,186,164.03031799806755,0.465,4,400,185,10.769708414858886,10.769708414858886,1.0,0.9999999999966995,0.9999999999999999,0.9999999999999943
rastrigin_mean_rotated_shifted_20d,20,ucb,constant,decay_uniform_grid_a1_2,23,uniform,0.5,400,157,164.03031799806755,0.3925,1,398,185,1.7991373093774912,1.766053095887952,1.0,0.999999999976847,0.9999999999999963,0.06442214398272277
rastrigin_mean_rotated_shifted_20d,20,ucb,constant,decay_uniform_grid_a1_2,24,uniform,0.5,400,161,164.03031799806755,0.4025,1,397,169,9.02488783564365,9.02488783564365,1.0,0.9999999999915827,0.9999999999999998,0.35570259631904333
rastrigin_mean_rotated_shifted_20d,20,ucb,constant,decay_uniform_grid_a1_2,25,uniform,0.5,400,155,164.03031799806755,0.3875,2,396,178,2.9933329888827727,2.97090479448955,1.0,0.9999999999794453,0.9999999999999986,0.9999999999995489
rastrigin_mean_rotated_shifted_20d,20,ucb,constant,decay_uniform_grid_a1_2,26,uniform,0.5,400,168,164.03031799806755,0.42,1,400,196,10.959966742217537,10.959966742217537,1.0,0.9999999999994431,1.0,1.0
rastrigin_mean_rotated_shifted_20d,20,ucb,constant,decay_uniform_grid_a1_2,27,uniform,0.5,400,153,164.03031799806755,0.3825,1,397,167,11.312391774081814,11.312391774081814,1.0,1.0,1.0,1.0
rastrigin_mean_rotated_shifted_20d,20,ucb,constant,decay_uniform_grid_a1_2,28,uniform,0.5,400,152,164.03031799806755,0.38,1,398,181,5.174094241287099,5.174094241287099,1.0,0.9999999999589944,0.9999999999999998,0.9999999999796646
rastrigin_mean_rotated_shifted_20d,20,ucb,constant,decay_uniform_grid_a1_2,29,uniform,0.5,400,157,164.03031799806755,0.3925,2,397,180,12.098153859309885,12.098153859309885,1.0,1.0,1.0,1.0
rastrigin_mean_rotated_shifted_20d,20,ucb,constant,decay_uniform_grid_a1_2,3,uniform,0.5,400,147,164.03031799806755,0.3675,1,398,191,5.7357102122507815,5.623327314998802,1.0,0.9999999999985407,1.0,0.9999999999923863
rastrigin_mean_rotated_shifted_20d,20,ucb,constant,decay_uniform_grid_a1_2,30,uniform,0.5,400,170,164.03031799806755,0.425,1,400,172,7.766296560247437,7.766296560247437,1.0,0.9999999999849728,0.9999999999999999,0.9999999999999972
rastrigin_mean_rotated_shifted_20d,20,ucb,constant,decay_uniform_grid_a1_2,31,uniform,0.5,400,154,164.03031799806755,0.385,1,400,176,12.28926770471084,12.28926770471084,1.0,1.0,1.0,1.0
rastrigin_mean_rotated_shifted_20d,20,ucb,constant,decay_uniform_grid_a1_2,32,uniform,0.5,400,169,164.03031799806755,0.4225,1,399,193,1.2378241310310956,1.2126415977020826,0.9999999999999988,0.9999999994672646,0.99999999999985,0.07415985719641106
rastrigin_mean_rotated_shifted_20d,20,ucb,constant,decay_uniform_grid_a1_2,33,uniform,0.5,400,164,164.03031799806755,0.41,2,394,204,6.827398314382691,6.654357833633607,1.0,0.9999999967380775,0.9999999999999998,0.999999999999361
rastrigin_mean_rotated_shifted_20d,20,ucb,constant,decay_uniform_grid_a1_2,34,uniform,0.5,400,169,164.03031799806755,0.4225,1,397,187,9.804696497441007,9.804696497441007,1.0,0.9999999999912578,0.9999999999999999,0.999999999980783
rastrigin_mean_rotated_shifted_20d,20,ucb,constant,decay_uniform_grid_a1_2,4,uniform,0.5,400,166,164.03031799806755,0.415,1,399,193,1.1674456252445595,1.1143614468268965,1.0,0.9999999999733126,0.999999999999999,0.7855353013183949
rastrigin_mean_rotated_shifted_20d,20,ucb,constant,decay_uniform_grid_a1_2,5,uniform,0.5,400,178,164.03031799806755,0.445,2,399,210,3.5674971017794688,3.5205223037764197,1.0,0.9999999999844172,0.9999999999999977,0.9999999999984213
rastrigin_mean_rotated_shifted_20d,20,ucb,constant,decay_uniform_grid_a1_2,6,uniform,0.5,400,156,164.03031799806755,0.39,2,398,180,1.3444382435250617,1.3076464280071476,1.0,0.9999999999604874,0.999999999999999,0.9999999999978416
rastrigin_mean_rotated_shifted_20d,20,ucb,constant,decay_uniform_grid_a1_2,7,uniform,0.5,400,158,164.03031799806755,0.395,2,398,162,4.9438913376859555,4.8783306185463156,1.0,0.9999999999852591,0.9999999999999998,0.9999999999999232
rastrigin_mean_rotated_shifted_20d,20,ucb,constant,decay_uniform_grid_a1_2,8,uniform,0.5,400,169,164.03031799806755,0.4225,1,399,177,12.865966905386832,12.865966905386832,1.0,1.0,1.0,1.0
rastrigin_mean_rotated_shifted_20d,20,ucb,constant,decay_uniform_grid_a1_2,9,uniform,0.5,400,164,164.03031799806755,0.41,2,400,185,8.73633845997098,8.626387577860285,1.0,0.9999999999927578,0.9999999999999999,0.9999999999999998
rastrigin_mean_rotated_shifted_20d,20,ucb,constant,decay_uniform_grid_a2_3,0,uniform,0.6666666666666666,400,65,75.21337704939067,0.1625,2,399,104,2.197210312134017,2.1664537600574376,0.9999999999999862,0.9999999850302124,0.9999999999952612,0.12282050016048332
rastrigin_mean_rotated_shifted_20d,20,ucb,constant,decay_uniform_grid_a2_3,1,uniform,0.6666666666666666,400,73,75.21337704939067,0.1825,1,398,101,6.171976678153906,6.140855407761641,1.0,0.9999999999978378,1.0,0.999999999999736
rastrigin_mean_rotated_shifted_20d,20,ucb,constant,decay_uniform_grid_a2_3,10,uniform,0.6666666666666666,400,70,75.21337704939067,0.175,1,395,107,11.853121526110055,11.853121526110055,1.0,0.9999999999968918,1.0,0.9999999999978123
rastrigin_mean_rotated_shifted_20d,20,ucb,constant,decay_uniform_grid_a2_3,11,uniform,0.6666666666666666,400,73,75.21337704939067,0.1825,1,397,103,11.418500397739937,11.418500397739937,1.0,0.9999999999999426,1.0,0.9999999999999665
rastrigin_mean_rotated_shifted_20d,20,ucb,constant,decay_uniform_grid_a2_3,12,uniform,0.6666666666666666,400,68,75.21337704939067,0.17,1,398,99,7.019355638367799,7.019355638367799,1.0,0.9999999999896843,0.9999999999999998,0.22611877521430046
rastrigin_mean_rotated_shifted_20d,20,ucb,constant,decay_uniform_grid_a2_3,13,uniform,0.6666666666666666,400,75,75.21337704939067,0.1875,2,381,114,9.2104163749296,9.2104163749296,1.0,0.9999999999974987,1.0,0.9999999999999735
rastrigin_mean_rotated_shifted_20d,20,ucb,constant,decay_uniform_grid_a2_3,14,uniform,0.6666666666666666,400,76,75.21337704939067,0.19,4,389,116,8.917679668659789,8.917679668659789,1.0,0.9999999999979647,1.0,0.99999999999977
rastrigin_mean_rotated_shifted_20d,20,ucb,constant,decay_uniform_grid_a2_3,15,uniform,0.6666666666666666,400,78,75.21337704939067,0.195,2,399,112,9.370660916933689,9.370660916933689,1.0,0.9999999999926299,0.9999999999999999,0.9999999999984948
rastrigin_mean_rotated_shifted_20d,20,ucb,constant,decay_uniform_grid_a2_3,16,uniform,0.6666666666666666,400,70,75.21337704939067,0.175,5,390,112,9.860637394674397,9.860637394674397,1.0,0.9999999999932063,1.0,0.9999999999995677
rastrigin_mean_rotated_shifted_20d,20,ucb,constant,decay_uniform_grid_a2_3,17,uniform,0.6666666666666666,400,80,75.21337704939067,0.2,1,394,127,10.25567479996605,10.25567479996605,1.0,0.9999999999999966,1.0,0.9999999999999993
rastrigin_mean_rotated_shifted_20d,20,ucb,constant,decay_uniform_grid_a2_3,18,uniform,0.6666666666666666,400,74,75.21337704939067,0.185,3,388,118,3.746634888008848,3.680149119616062,1.0,0.9999999999883469,0.9999999999999996,0.9999999999937593
rastrigin_mean_rotated_shifted_20d,20,ucb,constant,decay_uniform_grid_a2_3,19,uniform,0.6666666666666666,400,69,75.21337704939067,0.1725,1,391,101,11.03642239992826,11.03642239992826,1.0,0.9999999999998842,1.0,0.9999999999999708
rastrigin_mean_rotated_shifted_20d,20,ucb,constant,decay_uniform_grid_a2_3,2,uniform,0.6666666666666666,400,89,75.21337704939067,0.2225,1,396,133,1.0329362853040749,1.0008541163198585,1.0,0.9999999999547726,0.9999999999999979,0.9999999999999941
rastrigin_mean_rotated_shifted_20d,20,ucb,constant,decay_uniform_grid_a2_3,20,uniform,0.6666666666666666,400,69,75.21337704939067,0.1725,3,379,110,10.918425276744324,10.789213004107562,1.0,0.9999999999999565,1.0,0.9999999999999869
rastrigin_mean_rotated_shifted_20d,20,ucb,constant,decay_uniform_grid_a2_3,21,uniform,0.6666666666666666,400,64,75.21337704939067,0.16,10,380,98,6.10427331050742,6.090861996648504,1.0,0.9999999999940621,0.9999999999999999,0.9999999999995977
rastrigin_mean_rotated_shifted_20d,20,ucb,constant,decay_uniform_grid_a2_3,22,uniform,0.6666666666666666,400,85,75.21337704939067,0.2125,4,397,130,2.782046536096965,2.7467132136054415,1.0,0.9999999999946588,0.9999999999999999,0.9999999999995465
rastrigin_mean_rotated_shifted_20d,20,ucb,constant,decay_uniform_grid_a2_3,23,uniform,0.6666666666666666,400,79,75.21337704939067,0.1975,1,396,125,6.768210518661945,6.768210518661945,1.0,0.9999999999912521,0.9999999999999999,0.9999999999987135
rastrigin_mean_rotated_shifted_20d,20,ucb,constant,decay_uniform_grid_a2_3,24,uniform,0.6666666666666666,400,80,75.21337704939067,0.2,3,367,116,8.290506973820547,8.253975034239122,1.0,0.9999999999910154,0.9999999999999997,0.9999999999861661
rastrigin_mean_rotated_shifted_20d,20,ucb,constant,decay_uniform_grid_a2_3,25,uniform,0.6666666666666666,400,69,75.21337704939067,0.1725,2,392,96,2.828569404729025,2.828569404729025,1.0,0.9999999999934295,0.9999999999999999,0.9999999999973054
rastrigin_mean_rotated_shifted_20d,20,ucb,constant,decay_uniform_grid_a2_3,26,uniform,0.6666666666666666,400,77,75.21337704939067,0.1925,1,393,129,7.009054471629197,6.967748647974171,1.0,0.9999999999974316,0.9999999999999999,0.999999999999294
rastrigin_mean_rotated_shifted_20d,20,ucb,constant,decay_uniform_grid_a2_3,27,uniform,0.6666666666666666,400,66,75.21337704939067,0.165,5,391,106,10.365486999725748,10.365486999725748,1.0,0.9999999999996441,1.0,0.9999999999999648
rastrigin_mean_rotated_shifted_20d,20,ucb,constant,decay_uniform_grid_a2_3,28,uniform,0.6666666666666666,400,68,75.21337704939067,0.17,1,398,113,8.99196219589054,8.99196219589054,1.0,0.9999999999938537,1.0,0.9999999999988647
rastrigin_mean_rotated_shifted_20d,20,ucb,constant,decay_uniform_grid_a2_3,29,uniform,0.6666666666666666,400,72,75.21337704939067,0.18,2,378,114,6.581033121346602,6.581033121346602,1.0,0.9999999999975491,1.0,0.999999999999966
rastrigin_mean_rotated_shifted_20d,20,ucb,constant,decay_uniform_grid_a2_3,3,uniform,0.6666666666666666,400,68,75.21337704939067,0.17,1,393,99,5.59558990397471,5.59558990397471,1.0,0.9999999999936942,0.9999999999999999,0.11295959543715849
rastrigin_mean_rotated_shifted_20d,20,ucb,constant,decay_uniform_grid_a2_3,30,uniform,0.6666666666666666,400,88,75.21337704939067,0.22,1,395,129,11.653932055673057,11.653932055673057,1.0,0.9999999999999998,1.0,1.0
rastrigin_mean_rotated_shifted_20d,20,ucb,constant,decay_uniform_grid_a2_3,31,uniform,0.6666666666666666,400,71,75.21337704939067,0.1775,1,395,119,1.9679404520382675,1.9799684448455153,0.9999999999999931,0.9999999986789236,0.9999999999989964,0.11394283176013506
rastrigin_mean_rotated_shifted_20d,20,ucb,constant,decay_uniform_grid_a2_3,32,uniform,0.6666666666666666,400,75,75.21337704939067,0.1875,1,365,121,12.621647319751185,12.621647319751185,1.0,1.0,1.0,1.0
rastrigin_mean_rotated_shifted_20d,20,ucb,constant,decay_uniform_grid_a2_3,33,uniform,0.6666666666666666,400,73,75.21337704939067,0.1825,3,394,126,9.37506060244475,9.37506060244475,1.0,0.9999999999942376,1.0,0.27087888152119577
rastrigin_mean_rotated_shifted_20d,20,ucb,constant,decay_uniform_grid_a2_3,34,uniform,0.6666666666666666,400,66,75.21337704939067,0.165,1,396,113,11.039304985455793,11.039304985455793,1.0,0.9999999999975893,1.0,0.9999999999969512
rastrigin_mean_rotated_shifted_20d,20,ucb,constant,decay_uniform_grid_a2_3,4,uniform,0.6666666666666666,400,87,75.21337704939067,0.2175,1,389,123,11.882993831641034,11.860073312567442,1.0,0.9999999999997853,1.0,0.9999999999994676
rastrigin_mean_rotated_shifted_20d,20,ucb,constant,decay_uniform_grid_a2_3,5,uniform,0.6666666666666666,400,86,75.21337704939067,0.215,2,399,144,4.546821131830638,4.546821131830638,1.0,0.9999999999976183,0.9999999999999998,0.9999999999984691
rastrigin_mean_rotated_shifted_20d,20,ucb,constant,decay_uniform_grid_a2_3,6,uniform,0.6666666666666666,400,68,75.21337704939067,0.17,2,398,108,13.008132540118345,13.008132540118345,1.0,1.0,1.0,1.0
rastrigin_mean_rotated_shifted_20d,20,ucb,constant,decay_uniform_grid_a2_3,7,uniform,0.6666666666666666,400,75,75.21337704939067,0.1875,2,397,110,1.8521720639436352,1.824343056124097,1.0,0.999999999960999,0.9999999999999993,0.04673946325910687
rastrigin_mean_rotated_shifted_20d,20,ucb,constant,decay_uniform_grid_a2_3,8,uniform,0.6666666666666666,400,73,75.21337704939067,0.1825,1,396,101,2.639090463499758,2.5413199762706866,1.0,0.9999999999758418,0.9999999999999988,0.9998681300950119
rastrigin_mean_rotated_shifted_20d,20,ucb,constant,decay_uniform_grid_a2_3,9,uniform,0.6666666666666666,400,70,75.21337704939067,0.175,2,400,109,9.625251516032685,9.625251516032685,1.0,0.9999999999974047,0.9999999999999999,0.9999999999999999
rastrigin_mean_rotated_shifted_20d,20,ucb,constant,decay_uniform_grid_a3_2,0,uniform,1.5,400,5,3.134213985518419,0.0125,2,366,10,11.326269791559236,11.326269791559236,1.0,0.9999999999992422,1.0,0.9999999999999981
rastrigin_mean_rotated_shifted_20d,20,ucb,constant,decay_uniform_grid_a3_2,1,uniform,1.5,400,3,3.134213985518419,0.0075,1,20,3,9.389606597217682,9.296687910048243,1.0,0.9999999999836201,0.9999999999999999,0.423629972055872
rastrigin_mean_rotated_shifted_20d,20,ucb,constant,decay_uniform_grid_a3_2,10,uniform,1.5,400,3,3.134213985518419,0.0075,3,11,6,3.1616255129490427,3.169719273591157,0.9999999999982951,0.9999999599431391,0.999999999870211,0.12885724227822087
rastrigin_mean_rotated_shifted_20d,20,ucb,constant,decay_uniform_grid_a3_2,11,uniform,1.5,400,4,3.134213985518419,0.01,1,63,7,9.343358481243314,9.343358481243314,1.0,0.9999999999976672,1.0,0.9999999999997443
rastrigin_mean_rotated_shifted_20d,20,ucb,constant,decay_uniform_grid_a3_2,12,uniform,1.5,400,4,3.134213985518419,0.01,1,110,7,3.945205348675162,3.945205348675162,1.0,0.9999999999894973,0.9999999999999999,0.9999999999997576
rastrigin_mean_rotated_shifted_20d,20,ucb,constant,decay_uniform_grid_a3_2,13,uniform,1.5,400,4,3.134213985518419,0.01,5,325,8,3.4899285228969616,3.4899285228969616,1.0,0.999999999953676,0.9999999999999998,0.9999999999997516
rastrigin_mean_rotated_shifted_20d,20,ucb,constant,decay_uniform_grid_a3_2,14,uniform,1.5,400,3,3.134213985518419,0.0075,22,150,6,6.727747916152117,6.727747916152117,1.0,0.9999999999983971,1.0,0.9999999999999131
rastrigin_mean_rotated_shifted_20d,20,ucb,constant,decay_uniform_grid_a3_2,15,uniform,1.5,400,2,3.134213985518419,0.005,2,4,4,0.6198448403445582,0.5878269388367159,1.0,0.9999999999845045,0.9999999999999997,0.05354632506795053
rastrigin_mean_rotated_shifted_20d,20,ucb,constant,decay_uniform_grid_a3_2,16,uniform,1.5,400,2,3.134213985518419,0.005,5,8,4,2.1552822955729156,2.1262209854731906,1.0,0.9999999999821403,0.9999999999999994,0.9999999999993453
rastrigin_mean_rotated_shifted_20d,20,ucb,constant,decay_uniform_grid_a3_2,17,uniform,1.5,400,1,3.134213985518419,0.0025,110,110,2,9.36954124404075,9.36954124404075,1.0,0.9999999999999035,1.0,0.9999999999999531
rastrigin_mean_rotated_shifted_20d,20,ucb,constant,decay_uniform_grid_a3_2,18,uniform,1.5,400,4,3.134213985518419,0.01,3,64,8,9.722065276889396,9.722065276889396,1.0,0.9999999999991872,1.0,0.9999999999973722
rastrigin_mean_rotated_shifted_20d,20,ucb,constant,decay_uniform_grid_a3_2,19,uniform,1.5,400,5,3.134213985518419,0.0125,1,39,9,9.96859811464348,9.96859811464348,1.0,0.9999999999843896,0.9999999999999999,0.9999999999959285
rastrigin_mean_rotated_shifted_20d,20,ucb,constant,decay_uniform_grid_a3_2,2,uniform,1.5,400,0,3.134213985518419,0.0,,,0,11.23986534996655,11.029398123892147,1.0,0.9999999999999373,1.0,0.999999999999994
rastrigin_mean_rotated_shifted_20d,20,ucb,constant,decay_uniform_grid_a3_2,20,uniform,1.5,400,4,3.134213985518419,0.01,3,110,8,10.918716435495767,10.918716435495767,1.0,1.0,1.0,1.0
rastrigin_mean_rotated_shifted_20d,20,ucb,constant,decay_uniform_grid_a3_2,21,uniform,1.5,400,3,3.134213985518419,0.0075,20,42,6,5.484991590315471,5.484991590315471,1.0,0.9999999999891789,0.9999999999999999,0.9999999999989934
rastrigin_mean_rotated_shifted_20d,20,ucb,constant,decay_uniform_grid_a3_2,22,uniform,1.5,400,2,3.134213985518419,0.005,6,14,4,4.040952934090515,3.92048784369357,1.0,0.9999999999963933,0.9999999999999999,0.9999999999956182
rastrigin_mean_rotated_shifted_20d,20,ucb,constant,decay_uniform_grid_a3_2,23,uniform,1.5,400,3,3.134213985518419,0.0075,1,97,5,1.6154900284838605,1.5021510851137578,1.0,0.9999999999951599,1.0,0.05930296765155437
rastrigin_mean_rotated_shifted_20d,20,ucb,constant,decay_uniform_grid_a3_2,24,uniform,1.5,400,0,3.134213985518419,0.0,,,0,11.507259469550485,11.507259469550485,1.0,1.0,1.0,1.0
rastrigin_mean_rotated_shifted_20d,20,ucb,constant,decay_uniform_grid_a3_2,25,uniform,1.5,400,0,3.134213985518419,0.0,,,0,9.68579192867372,9.68579192867372,1.0,0.9999999999998281,1.0,0.9999999999956494
rastrigin_mean_rotated_shifted_20d,20,ucb,constant,decay_uniform_grid_a3_2,26,uniform,1.5,400,0,3.134213985518419,0.0,,,0,2.288162748668688,2.2287546534612206,1.0,0.9999999999900613,0.9999999999999993,0.9999999999999983
rastrigin_mean_rotated_shifted_20d,20,ucb,constant,decay_uniform_grid_a3_2,27,uniform,1.5,400,0,3.134213985518419,0.0,,,0,1.9811188505789574,1.9389899985544716,0.9999999999999999,0.9999999993677535,0.9999999999999483,0.09734061944792391
rastrigin_mean_rotated_shifted_20d,20,ucb,constant,decay_uniform_grid_a3_2,28,uniform,1.5,400,2,3.134213985518419,0.005,3,79,4,9.126871076880255,9.126871076880255,1.0,0.9999999999897232,0.9999999999999999,0.9999999999998792
rastrigin_mean_rotated_shifted_20d,20,ucb,constant,decay_uniform_grid_a3_2,29,uniform,1.5,400,2,3.134213985518419,0.005,2,24,4,9.952667372312666,9.932785349219703,1.0,0.9999999999977236,0.9999999999999999,0.6084874378001145
rastrigin_mean_rotated_shifted_20d,20,ucb,constant,decay_uniform_grid_a3_2,3,uniform,1.5,400,6,3.134213985518419,0.015,1,33,7,4.088161581923382,3.9965558864738826,1.0,0.9999999999912681,0.9999999999999999,0.9999999998442779
rastrigin_mean_rotated_shifted_20d,20,ucb,constant,decay_uniform_grid_a3_2,30,uniform,1.5,400,3,3.134213985518419,0.0075,2,49,6,7.518075096659851,8.198810575465945,0.9996179986083306,0.996502606820498,0.9987585746982293,0.25571991144435374
rastrigin_mean_rotated_shifted_20d,20,ucb,constant,decay_uniform_grid_a3_2,31,uniform,1.5,400,6,3.134213985518419,0.015,1,194,11,12.28926770471084,12.28926770471084,1.0,1.0,1.0,1.0
rastrigin_mean_rotated_shifted_20d,20,ucb,constant,decay_uniform_grid_a3_2,32,uniform,1.5,400,3,3.134213985518419,0.0075,1,5,3,7.210403094046311,7.210403094046311,1.0,0.9999999999954576,1.0,0.9999999999987574
rastrigin_mean_rotated_shifted_20d,20,ucb,constant,decay_uniform_grid_a3_2,33,uniform,1.5,400,6,3.134213985518419,0.015,3,242,12,3.8351219580510487,3.8351219580510487,1.0,0.9999999999974154,1.0,0.999999999999893
rastrigin_mean_rotated_shifted_20d,20,ucb,constant,decay_uniform_grid_a3_2,34,uniform,1.5,400,2,3.134213985518419,0.005,1,25,3,7.2370808503199076,7.2370808503199076,1.0,0.9999999999925179,0.9999999999999999,0.9999999999998498
rastrigin_mean_rotated_shifted_20d,20,ucb,constant,decay_uniform_grid_a3_2,4,uniform,1.5,400,2,3.134213985518419,0.005,1,96,3,5.02505653815108,5.02505653815108,1.0,0.9999999999817217,0.9999999999999999,0.337130298303117
rastrigin_mean_rotated_shifted_20d,20,ucb,constant,decay_uniform_grid_a3_2,5,uniform,1.5,400,3,3.134213985518419,0.0075,46,104,6,6.910722681330029,6.910722681330029,1.0,0.9999999999863145,0.9999999999999998,0.45233480178592694
rastrigin_mean_rotated_shifted_20d,20,ucb,constant,decay_uniform_grid_a3_2,6,uniform,1.5,400,3,3.134213985518419,0.0075,2,5,4,12.617979479526701,12.617979479526701,1.0,1.0,1.0,1.0
rastrigin_mean_rotated_shifted_20d,20,ucb,constant,decay_uniform_grid_a3_2,7,uniform,1.5,400,6,3.134213985518419,0.015,3,141,10,10.507447917679404,10.507447917679404,1.0,0.9999999999978461,1.0,0.9999999999999089
rastrigin_mean_rotated_shifted_20d,20,ucb,constant,decay_uniform_grid_a3_2,8,uniform,1.5,400,4,3.134213985518419,0.01,1,48,3,1.6784295826444677,1.6263289035608395,1.0,0.9999999999751383,0.9999999999999987,0.06139702746646548
rastrigin_mean_rotated_shifted_20d,20,ucb,constant,decay_uniform_grid_a3_2,9,uniform,1.5,400,2,3.134213985518419,0.005,8,200,4,11.40048812779954,11.40048812779954,1.0,0.9999999999999778,1.0,0.9999999999994812
rastrigin_mean_rotated_shifted_20d,20,ucb,constant,decay_uniform_grid_a4_3,0,uniform,1.3333333333333333,400,6,5.27256894317306,0.015,2,366,12,11.924572892391634,11.924572892391634,1.0,0.9999999999973577,1.0,0.9999999999999952
rastrigin_mean_rotated_shifted_20d,20,ucb,constant,decay_uniform_grid_a4_3,1,uniform,1.3333333333333333,400,6,5.27256894317306,0.015,1,53,9,10.770075593423961,10.770075593423961,1.0,0.9999999999999933,1.0,0.9999999999999999
rastrigin_mean_rotated_shifted_20d,20,ucb,constant,decay_uniform_grid_a4_3,10,uniform,1.3333333333333333,400,5,5.27256894317306,0.0125,3,384,10,2.8162482535852917,2.6335148366580015,0.9999999999999212,0.9999999899828924,0.9999999999901011,0.11034942803071064
rastrigin_mean_rotated_shifted_20d,20,ucb,constant,decay_uniform_grid_a4_3,11,uniform,1.3333333333333333,400,6,5.27256894317306,0.015,1,63,11,8.576035571955199,8.520081070801599,1.0,0.9999999999978715,1.0,0.3805716071490355
rastrigin_mean_rotated_shifted_20d,20,ucb,constant,decay_uniform_grid_a4_3,12,uniform,1.3333333333333333,400,6,5.27256894317306,0.015,1,308,11,3.9102937991670976,3.9102937991670976,1.0,0.999999999995816,1.0,0.9999999999997082
rastrigin_mean_rotated_shifted_20d,20,ucb,constant,decay_uniform_grid_a4_3,13,uniform,1.3333333333333333,400,5,5.27256894317306,0.0125,5,329,10,3.4765300398299375,3.4765300398299375,1.0,0.9999999999494238,0.9999999999999998,0.99999999999777
rastrigin_mean_rotated_shifted_20d,20,ucb,constant,decay_uniform_grid_a4_3,14,uniform,1.3333333333333333,400,6,5.27256894317306,0.015,8,150,12,4.371252631773347,4.334635533730914,1.0,0.9999999999919094,0.9999999999999999,0.10995912691941447
rastrigin_mean_rotated_shifted_20d,20,ucb,constant,decay_uniform_grid_a4_3,15,uniform,1.3333333333333333,400,5,5.27256894317306,0.0125,2,306,10,0.7899880405751446,0.7115736464784959,1.0,0.9999999999790905,0.9999999999999996,0.49917540672308763
rastrigin_mean_rotated_shifted_20d,20,ucb,constant,decay_uniform_grid_a4_3,16,uniform,1.3333333333333333,400,5,5.27256894317306,0.0125,5,31,8,1.2632062042862713,1.1346689419613682,0.9980752399126305,0.9867618762545465,0.9940452503654956,0.9998506667125023
rastrigin_mean_rotated_shifted_20d,20,ucb,constant,decay_uniform_grid_a4_3,17,uniform,1.3333333333333333,400,1,5.27256894317306,0.0025,110,110,2,9.36954124404075,9.36954124404075,1.0,0.9999999999999035,1.0,0.9999999999999531
rastrigin_mean_rotated_shifted_20d,20,ucb,constant,decay_uniform_grid_a4_3,18,uniform,1.3333333333333333,400,8,5.27256894317306,0.02,3,326,14,6.999324288613716,6.979609881987099,1.0,0.9999999999778761,0.9999999999999998,0.9999998403585358
rastrigin_mean_rotated_shifted_20d,20,ucb,constant,decay_uniform_grid_a4_3,19,uniform,1.3333333333333333,400,6,5.27256894317306,0.015,1,160,11,10.306179367525644,10.251413448338294,1.0,0.9999999999603794,0.9999999999999998,0.9999999999983883
rastrigin_mean_rotated_shifted_20d,20,ucb,constant,decay_uniform_grid_a4_3,2,uniform,1.3333333333333333,400,2,5.27256894317306,0.005,46,216,4,9.374040935831946,9.374040935831946,1.0,0.999999999998669,1.0,0.9999999999999468
rastrigin_mean_rotated_shifted_20d,20,ucb,constant,decay_uniform_grid_a4_3,20,uniform,1.3333333333333333,400,8,5.27256894317306,0.02,3,334,16,8.705406200262257,8.705406200262257,1.0,0.9999999999997783,1.0,0.9999999999997541
rastrigin_mean_rotated_shifted_20d,20,ucb,constant,decay_uniform_grid_a4_3,21,uniform,1.3333333333333333,400,4,5.27256894317306,0.01,20,85,8,10.12035247497574,10.12035247497574,1.0,0.9999999999929096,0.9999999999999999,0.9999999999999047
rastrigin_mean_rotated_shifted_20d,20,ucb,constant,decay_uniform_grid_a4_3,22,uniform,1.3333333333333333,400,4,5.27256894317306,0.01,6,131,8,3.8869898033147052,3.854780326913988,1.0,0.9999999999909205,1.0,0.999999999992561
rastrigin_mean_rotated_shifted_20d,20,ucb,constant,decay_uniform_grid_a4_3,23,uniform,1.3333333333333333,400,5,5.27256894317306,0.0125,1,182,9,1.5788493567887556,1.3048100619243073,0.9719898030370882,0.9136607237377018,0.9438705697581211,0.025625406535442083
rastrigin_mean_rotated_shifted_20d,20,ucb,constant,decay_uniform_grid_a4_3,24,uniform,1.3333333333333333,400,1,5.27256894317306,0.0025,23,23,2,11.507259469550485,11.507259469550485,1.0,1.0,1.0,1.0
rastrigin_mean_rotated_shifted_20d,20,ucb,constant,decay_uniform_grid_a4_3,25,uniform,1.3333333333333333,400,1,5.27256894317306,0.0025,310,310,2,9.68579192867372,9.68579192867372,1.0,0.9999999999999516,1.0,0.999999999999996
rastrigin_mean_rotated_shifted_20d,20,ucb,constant,decay_uniform_grid_a4_3,26,uniform,1.3333333333333333,400,5,5.27256894317306,0.0125,2,128,10,7.3483571040963085,7.290831383718046,1.0,0.9999999999762477,0.9999999999999998,0.9999999999866571
rastrigin_mean_rotated_shifted_20d,20,ucb,constant,decay_uniform_grid_a4_3,27,uniform,1.3333333333333333,400,0,5.27256894317306,0.0,,,0,1.9811188505789574,1.9389899985544716,0.9999999999999999,0.9999999993677535,0.9999999999999483,0.09734061944792391
rastrigin_mean_rotated_shifted_20d,20,ucb,constant,decay_uniform_grid_a4_3,28,uniform,1.3333333333333333,400,2,5.27256894317306,0.005,3,79,4,9.126871076880255,9.126871076880255,1.0,0.9999999999897232,0.9999999999999999,0.9999999999998792
rastrigin_mean_rotated_shifted_20d,20,ucb,constant,decay_uniform_grid_a4_3,29,uniform,1.3333333333333333,400,6,5.27256894317306,0.015,2,233,12,10.44457815117799,10.44457815117799,1.0,0.9999999999856424,0.9999999999999998,0.37441433808267766
rastrigin_mean_rotated_shifted_20d,20,ucb,constant,decay_uniform_grid_a4_3,3,uniform,1.3333333333333333,400,10,5.27256894317306,0.025,1,222,15,11.944872150015211,11.944872150015211,1.0,1.0,1.0,1.0
rastrigin_mean_rotated_shifted_20d,20,ucb,constant,decay_uniform_grid_a4_3,30,uniform,1.3333333333333333,400,4,5.27256894317306,0.01,2,100,8,5.840142270894894,5.838258539495104,0.9999999999981797,0.9999999878823076,0.9999999999458833,0.16227791677664982
rastrigin_mean_rotated_shifted_20d,20,ucb,constant,decay_uniform_grid_a4_3,31,uniform,1.3333333333333333,400,6,5.27256894317306,0.015,1,194,11,12.28926770471084,12.28926770471084,1.0,1.0,1.0,1.0
rastrigin_mean_rotated_shifted_20d,20,ucb,constant,decay_uniform_grid_a4_3,32,uniform,1.3333333333333333,400,5,5.27256894317306,0.0125,1,79,7,11.428201802802569,11.428201802802569,1.0,0.999999999991009,0.9999999999999999,0.5422633022071303
rastrigin_mean_rotated_shifted_20d,20,ucb,constant,decay_uniform_grid_a4_3,33,uniform,1.3333333333333333,400,7,5.27256894317306,0.0175,3,242,14,4.912940898239782,4.895569330462425,1.0,0.999999999979299,1.0,0.9999999999992983
rastrigin_mean_rotated_shifted_20d,20,ucb,constant,decay_uniform_grid_a4_3,34,uniform,1.3333333333333333,400,2,5.27256894317306,0.005,1,25,3,7.2370808503199076,7.2370808503199076,1.0,0.9999999999925179,0.9999999999999999,0.9999999999998498
rastrigin_mean_rotated_shifted_20d,20,ucb,constant,decay_uniform_grid_a4_3,4,uniform,1.3333333333333333,400,4,5.27256894317306,0.01,1,142,7,5.7898145719149205,5.7898145719149205,1.0,0.999999999996349,1.0,0.9999999999978816
rastrigin_mean_rotated_shifted_20d,20,ucb,constant,decay_uniform_grid_a4_3,5,uniform,1.3333333333333333,400,3,5.27256894317306,0.0075,46,104,6,6.910722681330029,6.910722681330029,1.0,0.9999999999863145,0.9999999999999998,0.45233480178592694
rastrigin_mean_rotated_shifted_20d,20,ucb,constant,decay_uniform_grid_a4_3,6,uniform,1.3333333333333333,400,5,5.27256894317306,0.0125,2,240,8,13.008132540118345,13.008132540118345,1.0,1.0,1.0,1.0
rastrigin_mean_rotated_shifted_20d,20,ucb,constant,decay_uniform_grid_a4_3,7,uniform,1.3333333333333333,400,9,5.27256894317306,0.0225,3,141,16,3.366910375210982,3.366910375210982,1.0,0.9999999999759577,0.9999999999999999,0.9999999999996445
rastrigin_mean_rotated_shifted_20d,20,ucb,constant,decay_uniform_grid_a4_3,8,uniform,1.3333333333333333,400,6,5.27256894317306,0.015,1,329,7,1.3616273572958875,1.3081586433778767,1.0,0.9999999999562029,0.9999999999999959,0.07023475776015355
rastrigin_mean_rotated_shifted_20d,20,ucb,constant,decay_uniform_grid_a4_3,9,uniform,1.3333333333333333,400,6,5.27256894317306,0.015,8,200,10,11.273338379802716,11.273338379802716,1.0,0.9999999999999909,1.0,0.9999999999999996
rastrigin_mean_rotated_shifted_20d,20,ucb,constant,decay_uniform_grid_a5_6,0,uniform,0.8333333333333334,400,27,35.84750100274302,0.0675,2,399,50,2.918388123912264,2.8332458931287716,1.0,0.9999999993645865,0.9999999999999936,0.3676521299317838
rastrigin_mean_rotated_shifted_20d,20,ucb,constant,decay_uniform_grid_a5_6,1,uniform,0.8333333333333334,400,39,35.84750100274302,0.0975,1,398,65,3.534610680810421,3.534610680810421,1.0,0.9999999999954543,1.0,0.9999999999996452
rastrigin_mean_rotated_shifted_20d,20,ucb,constant,decay_uniform_grid_a5_6,10,uniform,0.8333333333333334,400,35,35.84750100274302,0.0875,3,384,60,3.402991623905888,3.366355146076484,0.9999999997119222,0.9999995009106415,0.9999999914931179,0.11884415230586251
rastrigin_mean_rotated_shifted_20d,20,ucb,constant,decay_uniform_grid_a5_6,11,uniform,0.8333333333333334,400,38,35.84750100274302,0.095,1,397,63,8.296801112103164,8.296801112103164,1.0,0.9999999999993392,1.0,0.999999999999895
rastrigin_mean_rotated_shifted_20d,20,ucb,constant,decay_uniform_grid_a5_6,12,uniform,0.8333333333333334,400,35,35.84750100274302,0.0875,1,392,59,9.78570183706088,9.603293401161906,1.0,0.9999999999986515,1.0,0.9999999999993385
rastrigin_mean_rotated_shifted_20d,20,ucb,constant,decay_uniform_grid_a5_6,13,uniform,0.8333333333333334,400,37,35.84750100274302,0.0925,2,375,58,9.184030816097508,9.147476600669268,1.0,0.9999999999934913,0.9999999999999999,0.87082128575484
rastrigin_mean_rotated_shifted_20d,20,ucb,constant,decay_uniform_grid_a5_6,14,uniform,0.8333333333333334,400,41,35.84750100274302,0.1025,4,386,74,1.6698202254000933,1.4800662101791389,0.9985129680464266,0.9894636377907983,0.9955438366994909,0.999884084284859
rastrigin_mean_rotated_shifted_20d,20,ucb,constant,decay_uniform_grid_a5_6,15,uniform,0.8333333333333334,400,38,35.84750100274302,0.095,2,334,62,3.0606813820030068,3.0571166461236188,1.0,0.9999999999954972,0.9999999999999998,0.9999999999996908
rastrigin_mean_rotated_shifted_20d,20,ucb,constant,decay_uniform_grid_a5_6,16,uniform,0.8333333333333334,400,39,35.84750100274302,0.0975,5,359,64,7.028659753763374,7.028659753763374,1.0,0.9999999999996069,1.0,0.9999999999999865
rastrigin_mean_rotated_shifted_20d,20,ucb,constant,decay_uniform_grid_a5_6,17,uniform,0.8333333333333334,400,34,35.84750100274302,0.085,4,386,64,5.29084003382965,5.29084003382965,1.0,0.9999999999990861,1.0,0.9999999999960232
rastrigin_mean_rotated_shifted_20d,20,ucb,constant,decay_uniform_grid_a5_6,18,uniform,0.8333333333333334,400,31,35.84750100274302,0.0775,3,368,50,3.789786745165631,3.726329399323608,1.0,0.9999999999949774,0.9999999999999999,0.9999999999999949
rastrigin_mean_rotated_shifted_20d,20,ucb,constant,decay_uniform_grid_a5_6,19,uniform,0.8333333333333334,400,31,35.84750100274302,0.0775,1,371,53,5.625183332261631,5.534613542262721,1.0,0.9999999999522411,0.9999999999999999,0.25908446191906975
rastrigin_mean_rotated_shifted_20d,20,ucb,constant,decay_uniform_grid_a5_6,2,uniform,0.8333333333333334,400,41,35.84750100274302,0.1025,1,390,75,11.846928219675663,11.846928219675663,1.0,0.9999999999999991,1.0,0.9999999999999999
rastrigin_mean_rotated_shifted_20d,20,ucb,constant,decay_uniform_grid_a5_6,20,uniform,0.8333333333333334,400,37,35.84750100274302,0.0925,3,334,70,8.734641449684563,8.734641449684563,1.0,0.9999999999999007,1.0,0.5099498597099406
rastrigin_mean_rotated_shifted_20d,20,ucb,constant,decay_uniform_grid_a5_6,21,uniform,0.8333333333333334,400,27,35.84750100274302,0.0675,13,380,48,9.832527046511343,9.829325409232537,1.0,0.9999999999934629,1.0,0.9999999999999203
rastrigin_mean_rotated_shifted_20d,20,ucb,constant,decay_uniform_grid_a5_6,22,uniform,0.8333333333333334,400,41,35.84750100274302,0.1025,4,392,72,13.012875347142787,13.012875347142787,1.0,1.0,1.0,1.0
rastrigin_mean_rotated_shifted_20d,20,ucb,constant,decay_uniform_grid_a5_6,23,uniform,0.8333333333333334,400,43,35.84750100274302,0.1075,1,371,71,5.895250064606037,5.895250064606037,1.0,0.9999999998969704,0.9999999999999999,0.9999999999931815
rastrigin_mean_rotated_shifted_20d,20,ucb,constant,decay_uniform_grid_a5_6,24,uniform,0.8333333333333334,400,29,35.84750100274302,0.0725,4,356,56,10.68097061073475,10.68097061073475,1.0,0.9999999999999196,1.0,0.9999999999999969
rastrigin_mean_rotated_shifted_20d,20,ucb,constant,decay_uniform_grid_a5_6,25,uniform,0.8333333333333334,400,27,35.84750100274302,0.0675,7,392,46,11.206132400485483,11.206132400485483,1.0,1.0,1.0,1.0
rastrigin_mean_rotated_shifted_20d,20,ucb,constant,decay_uniform_grid_a5_6,26,uniform,0.8333333333333334,400,39,35.84750100274302,0.0975,1,393,75,9.827914596299344,9.827914596299344,1.0,1.0,1.0,1.0
rastrigin_mean_rotated_shifted_20d,20,ucb,constant,decay_uniform_grid_a5_6,27,uniform,0.8333333333333334,400,35,35.84750100274302,0.0875,5,385,62,10.365453973559276,10.365453973559276,1.0,0.9999999999988167,1.0,0.9999999999998084
rastrigin_mean_rotated_shifted_20d,20,ucb,constant,decay_uniform_grid_a5_6,28,uniform,0.8333333333333334,400,26,35.84750100274302,0.065,1,386,49,5.726995388159793,5.726995388159793,1.0,0.9999999999774756,0.9999999999999999,0.9999999999999821
rastrigin_mean_rotated_shifted_20d,20,ucb,constant,decay_uniform_grid_a5_6,29,uniform,0.8333333333333334,400,37,35.84750100274302,0.0925,2,377,68,10.05522168957642,9.736174456336267,1.0,0.9999999999179487,0.9999999999999997,0.9999999999871831
rastrigin_mean_rotated_shifted_20d,20,ucb,constant,decay_uniform_grid_a5_6,3,uniform,0.8333333333333334,400,34,35.84750100274302,0.085,1,393,57,4.4290407038244215,4.355948661733349,1.0,0.9999999999979973,1.0,0.30656390978981046
rastrigin_mean_rotated_shifted_20d,20,ucb,constant,decay_uniform_grid_a5_6,30,uniform,0.8333333333333334,400,39,35.84750100274302,0.0975,1,395,67,10.335589275488655,10.335589275488655,1.0,0.9999999999997995,1.0,0.9999999999996967
rastrigin_mean_rotated_shifted_20d,20,ucb,constant,decay_uniform_grid_a5_6,31,uniform,0.8333333333333334,400,26,35.84750100274302,0.065,1,343,51,12.28926770471084,12.28926770471084,1.0,1.0,1.0,1.0
rastrigin_mean_rotated_shifted_20d,20,ucb,constant,decay_uniform_grid_a5_6,32,uniform,0.8333333333333334,400,43,35.84750100274302,0.1075,1,365,75,11.553006335465035,11.54772843413198,1.0,1.0,1.0,1.0
rastrigin_mean_rotated_shifted_20d,20,ucb,constant,decay_uniform_grid_a5_6,33,uniform,0.8333333333333334,400,33,35.84750100274302,0.0825,3,368,60,5.901518423530716,5.901518423530716,1.0,0.9999999999965692,1.0,0.7554986994850164
rastrigin_mean_rotated_shifted_20d,20,ucb,constant,decay_uniform_grid_a5_6,34,uniform,0.8333333333333334,400,33,35.84750100274302,0.0825,1,384,61,2.1926745888778996,1.6508006986293622,0.9968242219485249,0.9821514567667068,0.9915537854995553,0.06216872138038426
rastrigin_mean_rotated_shifted_20d,20,ucb,constant,decay_uniform_grid_a5_6,4,uniform,0.8333333333333334,400,34,35.84750100274302,0.085,1,337,59,9.567552200910052,9.567552200910052,1.0,0.9999999999970437,1.0,0.9999999999994313
rastrigin_mean_rotated_shifted_20d,20,ucb,constant,decay_uniform_grid_a5_6,5,uniform,0.8333333333333334,400,35,35.84750100274302,0.0875,2,399,60,4.284022391932776,4.284022391932776,1.0,0.9999999999562755,0.9999999999999999,0.3085511306136939
rastrigin_mean_rotated_shifted_20d,20,ucb,constant,decay_uniform_grid_a5_6,6,uniform,0.8333333333333334,400,24,35.84750100274302,0.06,2,398,40,3.7255991452278097,3.698280439500575,1.0,0.9999999999811418,0.9999999999999998,0.16528169663634107
rastrigin_mean_rotated_shifted_20d,20,ucb,constant,decay_uniform_grid_a5_6,7,uniform,0.8333333333333334,400,39,35.84750100274302,0.0975,3,380,66,3.2605739160857596,3.1778480583998245,1.0,0.9999999999898037,0.9999999999999999,0.9999999999999198
rastrigin_mean_rotated_shifted_20d,20,ucb,constant,decay_uniform_grid_a5_6,8,uniform,0.8333333333333334,400,40,35.84750100274302,0.1,1,396,65,2.744288179502186,2.6702565709113286,1.0,0.9999999999913106,0.9999999999999997,0.9999999999977639
rastrigin_mean_rotated_shifted_20d,20,ucb,constant,decay_uniform_grid_a5_6,9,uniform,0.8333333333333334,400,38,35.84750100274302,0.095,2,328,62,9.217663098478294,9.217663098478294,1.0,0.999999999999357,1.0,0.999999999999902
rastrigin_mean_rotated_shifted_20d,20,ucb,constant,decay_uniform_grid_a7_6,0,uniform,1.1666666666666667,400,9,9.430928479597794,0.0225,2,366,18,11.924572892391634,11.924572892391634,1.0,0.9999999999982621,1.0,0.9999999999999992
rastrigin_mean_rotated_shifted_20d,20,ucb,constant,decay_uniform_grid_a7_6,1,uniform,1.1666666666666667,400,9,9.430928479597794,0.0225,1,87,15,3.9693816478349637,3.9693816478349637,1.0,0.9999999999951988,0.9999999999999999,0.9999999999998548
rastrigin_mean_rotated_shifted_20d,20,ucb,constant,decay_uniform_grid_a7_6,10,uniform,1.1666666666666667,400,10,9.430928479597794,0.025,3,384,18,1.6411479864403447,1.535516569177662,0.9999999999999205,0.9999999899549,0.9999999999896688,0.11446277131989203
rastrigin_mean_rotated_shifted_20d,20,ucb,constant,decay_uniform_grid_a7_6,11,uniform,1.1666666666666667,400,10,9.430928479597794,0.025,1,121,17,8.823779353947776,8.790481317363733,1.0,0.9999999999956709,1.0,0.9999999999976764
rastrigin_mean_rotated_shifted_20d,20,ucb,constant,decay_uniform_grid_a7_6,12,uniform,1.1666666666666667,400,11,9.430928479597794,0.0275,1,308,21,4.898403983370216,4.898403983370216,1.0,0.9999999999968044,1.0,0.9999999999997846
rastrigin_mean_rotated_shifted_20d,20,ucb,constant,decay_uniform_grid_a7_6,13,uniform,1.1666666666666667,400,9,9.430928479597794,0.0225,5,352,18,2.342632430007318,2.3400029048067594,1.0,0.9999999998671384,0.9999999999999979,0.9999999999979852
rastrigin_mean_rotated_shifted_20d,20,ucb,constant,decay_uniform_grid_a7_6,14,uniform,1.1666666666666667,400,9,9.430928479597794,0.0225,4,157,18,5.35648748749732,5.35648748749732,1.0,0.9999999999997833,1.0,0.9999999999998257
rastrigin_mean_rotated_shifted_20d,20,ucb,constant,decay_uniform_grid_a7_6,15,uniform,1.1666666666666667,400,9,9.430928479597794,0.0225,2,306,18,2.9874392093574413,2.880771104063541,1.0,0.9999999999856685,0.9999999999999998,0.9999999999993913
rastrigin_mean_rotated_shifted_20d,20,ucb,constant,decay_uniform_grid_a7_6,16,uniform,1.1666666666666667,400,9,9.430928479597794,0.0225,5,353,16,10.154998019369796,10.051494320976005,1.0,0.9999999999850135,0.9999999999999999,0.9999999999998433
rastrigin_mean_rotated_shifted_20d,20,ucb,constant,decay_uniform_grid_a7_6,17,uniform,1.1666666666666667,400,7,9.430928479597794,0.0175,4,168,14,7.340327233269372,7.340327233269372,1.0,0.999999999998582,1.0,0.19469571563764432
rastrigin_mean_rotated_shifted_20d,20,ucb,constant,decay_uniform_grid_a7_6,18,uniform,1.1666666666666667,400,10,9.430928479597794,0.025,3,326,18,7.616059823179038,7.616059823179038,1.0,0.9999999999975729,0.9999999999999999,0.9999999999978504
rastrigin_mean_rotated_shifted_20d,20,ucb,constant,decay_uniform_grid_a7_6,19,uniform,1.1666666666666667,400,11,9.430928479597794,0.0275,1,371,21,7.083034656266305,7.083034656266305,1.0,0.9999999999736487,0.9999999999999998,0.24956160301666774
rastrigin_mean_rotated_shifted_20d,20,ucb,constant,decay_uniform_grid_a7_6,2,uniform,1.1666666666666667,400,7,9.430928479597794,0.0175,23,337,14,10.703359063649472,10.703359063649472,1.0,0.9999999999991451,1.0,0.9999999999949019
rastrigin_mean_rotated_shifted_20d,20,ucb,constant,decay_uniform_grid_a7_6,20,uniform,1.1666666666666667,400,15,9.430928479597794,0.0375,3,334,30,9.36622286120269,9.36622286120269,1.0,0.9999999999998301,1.0,0.453914698065433
rastrigin_mean_rotated_shifted_20d,20,ucb,constant,decay_uniform_grid_a7_6,21,uniform,1.1666666666666667,400,6,9.430928479597794,0.015,20,208,12,10.561778908393963,10.561778908393963,1.0,0.9999999999970794,1.0,0.38100816257632575
rastrigin_mean_rotated_shifted_20d,20,ucb,constant,decay_uniform_grid_a7_6,22,uniform,1.1666666666666667,400,11,9.430928479597794,0.0275,6,364,22,11.794606314103973,11.794606314103973,1.0,1.0,1.0,1.0
rastrigin_mean_rotated_shifted_20d,20,ucb,constant,decay_uniform_grid_a7_6,23,uniform,1.1666666666666667,400,11,9.430928479597794,0.0275,1,273,21,1.709584024883614,1.640956357695903,1.0,0.9999999999797359,0.9999999999999992,0.9173045383746542
rastrigin_mean_rotated_shifted_20d,20,ucb,constant,decay_uniform_grid_a7_6,24,uniform,1.1666666666666667,400,7,9.430928479597794,0.0175,4,88,14,11.507259469550485,11.507259469550485,1.0,1.0,1.0,1.0
rastrigin_mean_rotated_shifted_20d,20,ucb,constant,decay_uniform_grid_a7_6,25,uniform,1.1666666666666667,400,5,9.430928479597794,0.0125,11,310,10,9.608810291875944,9.608810291875944,1.0,0.9999999999999988,1.0,1.0
rastrigin_mean_rotated_shifted_20d,20,ucb,constant,decay_uniform_grid_a7_6,26,uniform,1.1666666666666667,400,11,9.430928479597794,0.0275,1,354,19,4.5584729563252075,4.483233146414348,1.0,0.9999999999940917,0.9999999999999998,0.9999999999998069
rastrigin_mean_rotated_shifted_20d,20,ucb,constant,decay_uniform_grid_a7_6,27,uniform,1.1666666666666667,400,6,9.430928479597794,0.015,12,346,12,5.514500391965219,5.438505220537052,1.0,0.9999999999978012,1.0,0.9999999999988429
rastrigin_mean_rotated_shifted_20d,20,ucb,constant,decay_uniform_grid_a7_6,28,uniform,1.1666666666666667,400,4,9.430928479597794,0.01,3,79,8,9.425827001358865,9.425827001358865,1.0,0.9999999999992585,1.0,0.9999999999999181
rastrigin_mean_rotated_shifted_20d,20,ucb,constant,decay_uniform_grid_a7_6,29,uniform,1.1666666666666667,400,10,9.430928479597794,0.025,2,233,20,10.292387418184454,10.292387418184454,1.0,0.9999999999978628,1.0,0.9999999999999963
rastrigin_mean_rotated_shifted_20d,20,ucb,constant,decay_uniform_grid_a7_6,3,uniform,1.1666666666666667,400,12,9.430928479597794,0.03,1,372,19,11.944872150015211,11.944872150015211,1.0,1.0,1.0,1.0
rastrigin_mean_rotated_shifted_20d,20,ucb,constant,decay_uniform_grid_a7_6,30,uniform,1.1666666666666667,400,9,9.430928479597794,0.0225,2,100,18,8.216769046488357,8.216769046488357,1.0,0.9999999999972726,1.0,0.983654399518358
rastrigin_mean_rotated_shifted_20d,20,ucb,constant,decay_uniform_grid_a7_6,31,uniform,1.1666666666666667,400,7,9.430928479597794,0.0175,1,194,13,12.28926770471084,12.28926770471084,1.0,1.0,1.0,1.0
rastrigin_mean_rotated_shifted_20d,20,ucb,constant,decay_uniform_grid_a7_6,32,uniform,1.1666666666666667,400,13,9.430928479597794,0.0325,1,213,23,6.978452456542317,6.978452456542317,1.0,0.9999999999926943,0.9999999999999999,0.19933819964796418
rastrigin_mean_rotated_shifted_20d,20,ucb,constant,decay_uniform_grid_a7_6,33,uniform,1.1666666666666667,400,12,9.430928479597794,0.03,3,248,22,9.406427660379169,9.406427660379169,1.0,0.9999999999978162,1.0,0.999999999999713
rastrigin_mean_rotated_shifted_20d,20,ucb,constant,decay_uniform_grid_a7_6,34,uniform,1.1666666666666667,400,4,9.430928479597794,0.01,1,308,7,8.377653570930695,8.366127282834944,1.0,0.9999999999893583,0.9999999999999997,0.9999999999926806
rastrigin_mean_rotated_shifted_20d,20,ucb,constant,decay_uniform_grid_a7_6,4,uniform,1.1666666666666667,400,11,9.430928479597794,0.0275,1,312,21,6.283226819968898,6.253288805041971,1.0,0.9999999999993783,1.0,0.9999999999999895
rastrigin_mean_rotated_shifted_20d,20,ucb,constant,decay_uniform_grid_a7_6,5,uniform,1.1666666666666667,400,9,9.430928479597794,0.0225,2,275,18,3.130305883034926,3.101336978355994,1.0,0.9999999999936504,0.9999999999999997,0.9999999999984733
rastrigin_mean_rotated_shifted_20d,20,ucb,constant,decay_uniform_grid_a7_6,6,uniform,1.1666666666666667,400,11,9.430928479597794,0.0275,2,398,18,7.3459730093282705,7.26896918831523,0.9982170639113194,0.9893021853382622,0.9954548917955878,0.1436558800199653
rastrigin_mean_rotated_shifted_20d,20,ucb,constant,decay_uniform_grid_a7_6,7,uniform,1.1666666666666667,400,14,9.430928479597794,0.035,3,322,26,10.308107199989488,10.308107199989488,1.0,0.9999999999976719,1.0,0.9999999999996053
rastrigin_mean_rotated_shifted_20d,20,ucb,constant,decay_uniform_grid_a7_6,8,uniform,1.1666666666666667,400,8,9.430928479597794,0.02,1,329,9,6.913720480986777,6.913720480986777,1.0,0.999999999998153,1.0,0.9999999999999386
rastrigin_mean_rotated_shifted_20d,20,ucb,constant,decay_uniform_grid_a7_6,9,uniform,1.1666666666666667,400,10,9.430928479597794,0.025,2,200,16,11.272691044136792,11.272691044136792,1.0,0.9999999999999798,1.0,0.9999999999999906
rastrigin_mean_rotated_shifted_20d,20,ucb,constant,standard,0,none,nan,400,0,0.0,0.0,,,0,1.1748095543831425,1.1218783635252394,0.9974933814175002,0.984931592213083,0.9934327468395786,0.9997255998778689
rastrigin_mean_rotated_shifted_20d,20,ucb,constant,standard,1,none,nan,400,0,0.0,0.0,,,0,2.87149544903061,2.7873188448671358,1.0,0.9999999999714135,0.9999999999999991,0.9999999999999792
rastrigin_mean_rotated_shifted_20d,20,ucb,constant,standard,10,none,nan,400,0,0.0,0.0,,,0,12.154206567432938,12.154206567432938,1.0,1.0,1.0,1.0
rastrigin_mean_rotated_shifted_20d,20,ucb,constant,standard,11,none,nan,400,0,0.0,0.0,,,0,10.858577699947187,10.858577699947187,1.0,0.9999999999999919,1.0,0.9999999999999999
rastrigin_mean_rotated_shifted_20d,20,ucb,constant,standard,12,none,nan,400,0,0.0,0.0,,,0,5.579867725638849,5.579867725638849,1.0,0.9999999999968927,1.0,0.25197392116988393
rastrigin_mean_rotated_shifted_20d,20,ucb,constant,standard,13,none,nan,400,0,0.0,0.0,,,0,8.127414625422016,7.89792353761771,1.0,0.9999999999984984,1.0,0.9999999999999984
rastrigin_mean_rotated_shifted_20d,20,ucb,constant,standard,14,none,nan,400,0,0.0,0.0,,,0,1.082857724373305,1.082857724373305,1.0,0.9999999999359321,0.9999999999999963,0.8273961777416803
rastrigin_mean_rotated_shifted_20d,20,ucb,constant,standard,15,none,nan,400,0,0.0,0.0,,,0,7.392205314500555,7.2793900867382195,1.0,0.9999999999908508,0.9999999999999999,0.9999999999998059
rastrigin_mean_rotated_shifted_20d,20,ucb,constant,standard,16,none,nan,400,0,0.0,0.0,,,0,4.277683404205592,4.303994592026109,0.9999999999999096,0.999999996083935,0.9999999999944992,0.1517593407983037
rastrigin_mean_rotated_shifted_20d,20,ucb,constant,standard,17,none,nan,400,0,0.0,0.0,,,0,9.168770223496626,9.168770223496626,1.0,0.999999999998672,1.0,0.6971718644040478
rastrigin_mean_rotated_shifted_20d,20,ucb,constant,standard,18,none,nan,400,0,0.0,0.0,,,0,5.32845588193777,3.6844036667876265,0.9392343573090428,0.8555429453971376,0.8974588037851132,0.0806648739848611
rastrigin_mean_rotated_shifted_20d,20,ucb,constant,standard,19,none,nan,400,0,0.0,0.0,,,0,1.9698946588511461,1.941147762286883,0.9999999999999647,0.9999999942592506,0.9999999999978096,0.12394068735282569
rastrigin_mean_rotated_shifted_20d,20,ucb,constant,standard,2,none,nan,400,0,0.0,0.0,,,0,11.23986534996655,11.029398123892147,1.0,0.9999999999999373,1.0,0.999999999999994
rastrigin_mean_rotated_shifted_20d,20,ucb,constant,standard,20,none,nan,400,0,0.0,0.0,,,0,1.0132926894557783,0.9741148690893582,0.9980320279003922,0.9866317768974948,0.9941685836878901,0.9998952952452653
rastrigin_mean_rotated_shifted_20d,20,ucb,constant,standard,21,none,nan,400,0,0.0,0.0,,,0,10.377467716619103,10.377467716619103,1.0,0.9999999999979269,1.0,0.7169143520714699
rastrigin_mean_rotated_shifted_20d,20,ucb,constant,standard,22,none,nan,400,0,0.0,0.0,,,0,11.56919789807726,11.56919789807726,1.0,1.0,1.0,1.0
rastrigin_mean_rotated_shifted_20d,20,ucb,constant,standard,23,none,nan,400,0,0.0,0.0,,,0,2.1799358760243592,1.9499979572379076,0.9980420220708484,0.9836493720839702,0.9925499319830995,0.9993231243002506
rastrigin_mean_rotated_shifted_20d,20,ucb,constant,standard,24,none,nan,400,0,0.0,0.0,,,0,11.507259469550485,11.507259469550485,1.0,1.0,1.0,1.0
rastrigin_mean_rotated_shifted_20d,20,ucb,constant,standard,25,none,nan,400,0,0.0,0.0,,,0,9.68579192867372,9.68579192867372,1.0,0.9999999999998281,1.0,0.9999999999956494
rastrigin_mean_rotated_shifted_20d,20,ucb,constant,standard,26,none,nan,400,0,0.0,0.0,,,0,2.288162748668688,2.2287546534612206,1.0,0.9999999999900613,0.9999999999999993,0.9999999999999983
rastrigin_mean_rotated_shifted_20d,20,ucb,constant,standard,27,none,nan,400,0,0.0,0.0,,,0,1.9811188505789574,1.9389899985544716,0.9999999999999999,0.9999999993677535,0.9999999999999483,0.09734061944792391
rastrigin_mean_rotated_shifted_20d,20,ucb,constant,standard,28,none,nan,400,0,0.0,0.0,,,0,7.6973462054379365,7.6973462054379365,1.0,0.9999999999981855,1.0,0.9999999999999487
rastrigin_mean_rotated_shifted_20d,20,ucb,constant,standard,29,none,nan,400,0,0.0,0.0,,,0,10.055407805879938,10.055407805879938,1.0,0.9999999999999757,1.0,0.9999999999999579
rastrigin_mean_rotated_shifted_20d,20,ucb,constant,standard,3,none,nan,400,0,0.0,0.0,,,0,6.031789276701568,5.992976808498296,1.0,0.9999999999989195,0.9999999999999999,0.9999999999997125
rastrigin_mean_rotated_shifted_20d,20,ucb,constant,standard,30,none,nan,400,0,0.0,0.0,,,0,10.33575663003197,10.33575663003197,1.0,0.9999999999999893,1.0,0.9999999999999994
rastrigin_mean_rotated_shifted_20d,20,ucb,constant,standard,31,none,nan,400,0,0.0,0.0,,,0,8.554245367274003,8.470775287795863,1.0,0.9999999999980205,1.0,0.9999999999999915
rastrigin_mean_rotated_shifted_20d,20,ucb,constant,standard,32,none,nan,400,0,0.0,0.0,,,0,2.2557320355546535,2.1876488020090803,0.9999999999999996,0.9999999996827572,0.999999999999952,0.10851984266772736
rastrigin_mean_rotated_shifted_20d,20,ucb,constant,standard,33,none,nan,400,0,0.0,0.0,,,0,9.782550599746495,9.782550599746495,1.0,0.9999999999995353,1.0,0.9999999999985164
rastrigin_mean_rotated_shifted_20d,20,ucb,constant,standard,34,none,nan,400,0,0.0,0.0,,,0,1.6491906601074278,1.6202188561135031,0.9999999999999997,0.9999999999520492,0.999999999999988,0.061166627839859766
rastrigin_mean_rotated_shifted_20d,20,ucb,constant,standard,4,none,nan,400,0,0.0,0.0,,,0,10.519486200148014,10.519486200148014,1.0,0.9999999999993539,1.0,0.9999999999999728
rastrigin_mean_rotated_shifted_20d,20,ucb,constant,standard,5,none,nan,400,0,0.0,0.0,,,0,8.430927902928266,8.417940394486621,1.0,0.9999999999967162,0.9999999999999999,0.9999999999997393
rastrigin_mean_rotated_shifted_20d,20,ucb,constant,standard,6,none,nan,400,0,0.0,0.0,,,0,13.008132540118345,13.008132540118345,1.0,1.0,1.0,1.0
rastrigin_mean_rotated_shifted_20d,20,ucb,constant,standard,7,none,nan,400,0,0.0,0.0,,,0,10.506592450543518,10.506592450543518,1.0,0.9999999999994228,1.0,0.999999999999967
rastrigin_mean_rotated_shifted_20d,20,ucb,constant,standard,8,none,nan,400,0,0.0,0.0,,,0,5.336463363179212,5.2428339099478665,1.0,0.9999999999988501,0.9999999999999999,0.9999999999999231
rastrigin_mean_rotated_shifted_20d,20,ucb,constant,standard,9,none,nan,400,0,0.0,0.0,,,0,8.782499625391988,8.782499625391988,1.0,0.9999999999986793,1.0,0.9999999999998862
rastrigin_mean_rotated_shifted_2d,2,ucb,constant,decay_uniform_grid_a1,0,uniform,1.0,400,11,17.8984421298378,0.0275,2,366,22,1.9929553705506535,1.9912898975068707,0.9115719083807426,0.6513064018722358,0.8409654374353543,0.010671817845525606
rastrigin_mean_rotated_shifted_2d,2,ucb,constant,decay_uniform_grid_a1,1,uniform,1.0,400,21,17.8984421298378,0.0525,1,280,37,2.0314799143536906,1.9962507531846523,0.9933443119805041,0.7174737150873141,0.9311211115491475,0.006231922350518249
rastrigin_mean_rotated_shifted_2d,2,ucb,constant,decay_uniform_grid_a1,10,uniform,1.0,400,15,17.8984421298378,0.0375,3,384,24,2.49837979708348,2.4874500949652436,0.9113955792904058,0.6081694986309507,0.8021670593073005,0.00888769823744644
rastrigin_mean_rotated_shifted_2d,2,ucb,constant,decay_uniform_grid_a1,11,uniform,1.0,400,20,17.8984421298378,0.05,1,391,37,0.49889620383565436,0.4975804440480456,0.9891414272250394,0.7551075504542029,0.9441939129816995,0.007938950210318223
rastrigin_mean_rotated_shifted_2d,2,ucb,constant,decay_uniform_grid_a1,12,uniform,1.0,400,23,17.8984421298378,0.0575,1,392,43,0.512865832399827,0.4987512556728291,0.985120980230227,0.688821306795151,0.9013773793196947,0.011515706204138814
rastrigin_mean_rotated_shifted_2d,2,ucb,constant,decay_uniform_grid_a1,13,uniform,1.0,400,22,17.8984421298378,0.055,2,352,36,0.5047209774941486,0.49765305970575646,0.998080338579345,0.7694614095154602,0.9777109823731156,0.010790041207032714
rastrigin_mean_rotated_shifted_2d,2,ucb,constant,decay_uniform_grid_a1,14,uniform,1.0,400,18,17.8984421298378,0.045,4,317,34,0.5123569634209382,0.4976704747301568,0.9885542925798662,0.7564450315181255,0.9548563096707939,0.0068413365545685004
rastrigin_mean_rotated_shifted_2d,2,ucb,constant,decay_uniform_grid_a1,15,uniform,1.0,400,18,17.8984421298378,0.045,2,306,34,0.5036073574095941,0.49773291847450274,0.9954960138090859,0.7586845919878082,0.9657503781623586,0.007771928419153743
rastrigin_mean_rotated_shifted_2d,2,ucb,constant,decay_uniform_grid_a1,16,uniform,1.0,400,18,17.8984421298378,0.045,5,353,30,0.5232865843086039,0.5118778950852949,0.9879969181884253,0.7210620899975462,0.9521700437182179,0.007923859272829117
rastrigin_mean_rotated_shifted_2d,2,ucb,constant,decay_uniform_grid_a1,17,uniform,1.0,400,15,17.8984421298378,0.0375,4,386,28,0.010371301630534902,0.0001461272775067357,0.950177292070505,0.6462934723261768,0.8488254178651142,0.006867005382117265
rastrigin_mean_rotated_shifted_2d,2,ucb,constant,decay_uniform_grid_a1,18,uniform,1.0,400,16,17.8984421298378,0.04,3,326,30,0.9977809213140105,0.9949602448179604,0.9529978827816197,0.6264262773051691,0.8172083076763436,0.00848299644653303
rastrigin_mean_rotated_shifted_2d,2,ucb,constant,decay_uniform_grid_a1,19,uniform,1.0,400,20,17.8984421298378,0.05,1,371,33,0.9974990507680257,0.9951723067521598,0.9777389304879233,0.7027368607554194,0.921266746184477,0.008177499628685154
rastrigin_mean_rotated_shifted_2d,2,ucb,constant,decay_uniform_grid_a1,2,uniform,1.0,400,16,17.8984421298378,0.04,1,390,29,1.9972138204549221,1.9899682878200515,0.9618610092848342,0.6918342486119804,0.890097429423291,0.006917019602254486
rastrigin_mean_rotated_shifted_2d,2,ucb,constant,decay_uniform_grid_a1,20,uniform,1.0,400,20,17.8984421298378,0.05,3,334,38,0.5120043953957563,0.49755510429888616,0.9468338523126247,0.6863175885078711,0.8875655954404457,0.006724267503045339
rastrigin_mean_rotated_shifted_2d,2,ucb,constant,decay_uniform_grid_a1,21,uniform,1.0,400,16,17.8984421298378,0.04,13,337,28,1.0018170835494402,0.9959280968216078,0.9858341043049345,0.7529228416542948,0.9554797611919151,0.007422728878336792
rastrigin_mean_rotated_shifted_2d,2,ucb,constant,decay_uniform_grid_a1,22,uniform,1.0,400,22,17.8984421298378,0.055,6,392,40,2.0034960247897633,1.99062396699129,0.9884617861896868,0.7382695655429475,0.9408811526985604,0.011718114796218234
rastrigin_mean_rotated_shifted_2d,2,ucb,constant,decay_uniform_grid_a1,23,uniform,1.0,400,22,17.8984421298378,0.055,1,316,43,0.5355181689348019,0.49790579211263797,0.9783568121699319,0.6762231573259831,0.9121415420589263,0.006364588644331141
rastrigin_mean_rotated_shifted_2d,2,ucb,constant,decay_uniform_grid_a1,24,uniform,1.0,400,13,17.8984421298378,0.0325,4,179,26,1.0212393677889136,0.9954202813420192,0.979762615418969,0.7114685647603832,0.9187020479440685,0.007107181420817766
rastrigin_mean_rotated_shifted_2d,2,ucb,constant,decay_uniform_grid_a1,25,uniform,1.0,400,9,17.8984421298378,0.0225,11,310,18,0.4976606290632084,0.4974986448134029,0.9839146196521775,0.7295152430339782,0.9327478220955213,0.006367453389742577
rastrigin_mean_rotated_shifted_2d,2,ucb,constant,decay_uniform_grid_a1,26,uniform,1.0,400,15,17.8984421298378,0.0375,1,385,27,0.5843273544875469,0.5743498916384127,0.8785207940292198,0.6148580928362208,0.8065609462488567,0.012676613723029348
rastrigin_mean_rotated_shifted_2d,2,ucb,constant,decay_uniform_grid_a1,27,uniform,1.0,400,15,17.8984421298378,0.0375,5,346,30,0.5182050352128424,0.4975242136107543,0.9490710154626776,0.6067215119097568,0.8065875201300632,0.00533915744379717
rastrigin_mean_rotated_shifted_2d,2,ucb,constant,decay_uniform_grid_a1,28,uniform,1.0,400,16,17.8984421298378,0.04,1,344,29,2.4911972968440006,2.4906096799428,0.8681790545529611,0.574602203822561,0.7566915630393504,0.008132893560816572
rastrigin_mean_rotated_shifted_2d,2,ucb,constant,decay_uniform_grid_a1,29,uniform,1.0,400,16,17.8984421298378,0.04,2,261,32,2.517414592137877,2.4879772073280613,0.9647236781136487,0.6656496196753188,0.8758402129445385,0.006987659256046573
rastrigin_mean_rotated_shifted_2d,2,ucb,constant,decay_uniform_grid_a1,3,uniform,1.0,400,20,17.8984421298378,0.05,1,381,31,0.5188076911018005,0.4976110539891465,0.8771598275361737,0.6010985102608182,0.7929456245492397,0.005743067508271111
rastrigin_mean_rotated_shifted_2d,2,ucb,constant,decay_uniform_grid_a1,30,uniform,1.0,400,20,17.8984421298378,0.05,2,356,38,1.012528944076296,0.9973724167711424,0.9686801021511176,0.7034920164183638,0.9210766088278739,0.006823144008420515
rastrigin_mean_rotated_shifted_2d,2,ucb,constant,decay_uniform_grid_a1,31,uniform,1.0,400,12,17.8984421298378,0.03,1,335,23,1.0078871599539685,0.995097964458715,0.9574963824337623,0.6817655842049514,0.8795878286035251,0.007930050578250403
rastrigin_mean_rotated_shifted_2d,2,ucb,constant,decay_uniform_grid_a1,32,uniform,1.0,400,23,17.8984421298378,0.0575,1,334,43,0.5385729156066521,0.4975857853366783,0.9924926663275572,0.7213523667493611,0.9530089006052517,0.00644325542017802
rastrigin_mean_rotated_shifted_2d,2,ucb,constant,decay_uniform_grid_a1,33,uniform,1.0,400,18,17.8984421298378,0.045,3,248,34,2.025847237161746,1.9913172891694018,0.9594099064993569,0.656036184054059,0.8894879754960175,0.016049951060622045
rastrigin_mean_rotated_shifted_2d,2,ucb,constant,decay_uniform_grid_a1,34,uniform,1.0,400,15,17.8984421298378,0.0375,1,384,27,1.0016856519950537,0.9950235961832448,0.9986703019029838,0.8188207808727246,0.9868684548069795,0.0130048649037994
rastrigin_mean_rotated_shifted_2d,2,ucb,constant,decay_uniform_grid_a1,4,uniform,1.0,400,23,17.8984421298378,0.0575,1,337,41,0.5461938927032577,0.5130245900018036,0.9870594139990106,0.7567244972788507,0.9575807668988239,0.011391110137498932
rastrigin_mean_rotated_shifted_2d,2,ucb,constant,decay_uniform_grid_a1,5,uniform,1.0,400,19,17.8984421298378,0.0475,2,365,34,0.5345039728138339,0.4990485472735742,0.9845675303712653,0.6848311264775299,0.9108405712467861,0.009036550114739916
rastrigin_mean_rotated_shifted_2d,2,ucb,constant,decay_uniform_grid_a1,6,uniform,1.0,400,15,17.8984421298378,0.0375,2,398,22,0.49933941163254403,0.49757854694064285,0.9553176800478711,0.6750374512200954,0.8869158878003469,0.006389265032435931
rastrigin_mean_rotated_shifted_2d,2,ucb,constant,decay_uniform_grid_a1,7,uniform,1.0,400,22,17.8984421298378,0.055,3,322,32,2.49109138021813,2.487436603747086,0.998808234446276,0.8175738193649547,0.9859839632986972,0.006231808723010859
rastrigin_mean_rotated_shifted_2d,2,ucb,constant,decay_uniform_grid_a1,8,uniform,1.0,400,18,17.8984421298378,0.045,1,391,29,1.0133444118466066,0.9952780358857289,0.9665360877041828,0.6466352224602215,0.8734780720503693,0.005966232727813164
rastrigin_mean_rotated_shifted_2d,2,ucb,constant,decay_uniform_grid_a1,9,uniform,1.0,400,19,17.8984421298378,0.0475,2,328,30,1.020253299855714,0.9967078497911857,0.928429754458546,0.6386920878489271,0.8495848746970421,0.006652781492006128
rastrigin_mean_rotated_shifted_2d,2,ucb,constant,decay_uniform_grid_a1_2,0,uniform,0.5,400,138,164.03031799806755,0.345,2,399,174,0.49764771555134146,0.49765554355988684,0.9984109291090757,0.6965622069567328,0.9394747547229054,0.01208051294423576
rastrigin_mean_rotated_shifted_2d,2,ucb,constant,decay_uniform_grid_a1_2,1,uniform,0.5,400,165,164.03031799806755,0.4125,1,398,177,0.50191561721795,0.4974906162537529,0.9908326214623587,0.6696004233957135,0.9249812942328361,0.009610300329334796
rastrigin_mean_rotated_shifted_2d,2,ucb,constant,decay_uniform_grid_a1_2,10,uniform,0.5,400,162,164.03031799806755,0.405,1,399,171,1.9900326354177835,1.9901221902634418,0.9954313534062157,0.6942390612078784,0.9368669413117234,0.01680828343708425
rastrigin_mean_rotated_shifted_2d,2,ucb,constant,decay_uniform_grid_a1_2,11,uniform,0.5,400,164,164.03031799806755,0.41,1,399,185,0.5001989953644994,0.4978484702799584,0.9992989463300608,0.7090826292231878,0.9566273316840983,0.02050766832144768
rastrigin_mean_rotated_shifted_2d,2,ucb,constant,decay_uniform_grid_a1_2,12,uniform,0.5,400,151,164.03031799806755,0.3775,1,398,163,0.08140223338146768,0.04111388077652833,0.9818291526564186,0.671847220653488,0.925241876210999,0.04746215237216557
rastrigin_mean_rotated_shifted_2d,2,ucb,constant,decay_uniform_grid_a1_2,13,uniform,0.5,400,167,164.03031799806755,0.4175,2,398,190,0.49816776925692174,0.4975021979294354,0.9997257406487423,0.6998490249411413,0.9476039576965818,0.04055337873980899
rastrigin_mean_rotated_shifted_2d,2,ucb,constant,decay_uniform_grid_a1_2,14,uniform,0.5,400,172,164.03031799806755,0.43,2,398,184,0.5006121317463617,0.4977673314538009,0.9987680153793213,0.7008470016012589,0.9286902500104979,0.016655396249407803
rastrigin_mean_rotated_shifted_2d,2,ucb,constant,decay_uniform_grid_a1_2,15,uniform,0.5,400,173,164.03031799806755,0.4325,2,400,181,0.5015825144673158,0.4977009460650681,0.9992255821570516,0.6643453476856648,0.906376668974286,0.875378640943475
rastrigin_mean_rotated_shifted_2d,2,ucb,constant,decay_uniform_grid_a1_2,16,uniform,0.5,400,159,164.03031799806755,0.3975,5,398,188,1.0012354700435466,0.9958039592700381,0.9982026700114143,0.6990504467805323,0.9406348519669265,0.017189076514523307
rastrigin_mean_rotated_shifted_2d,2,ucb,constant,decay_uniform_grid_a1_2,17,uniform,0.5,400,168,164.03031799806755,0.42,1,400,186,0.00475685797645653,0.00475685797645653,0.9994509077737956,0.6959622815412678,0.9499006953481527,0.35860726875431376
rastrigin_mean_rotated_shifted_2d,2,ucb,constant,decay_uniform_grid_a1_2,18,uniform,0.5,400,167,164.03031799806755,0.4175,1,388,201,0.5028975423806408,0.49767019263258305,0.9974986325073782,0.6978459962096067,0.9312773322272854,0.017929868685044193
rastrigin_mean_rotated_shifted_2d,2,ucb,constant,decay_uniform_grid_a1_2,19,uniform,0.5,400,154,164.03031799806755,0.385,1,396,177,0.5066046602296019,0.4990990248077054,0.9996248568831875,0.6855110299556807,0.9327693842105818,0.023327419611315015
rastrigin_mean_rotated_shifted_2d,2,ucb,constant,decay_uniform_grid_a1_2,2,uniform,0.5,400,181,164.03031799806755,0.4525,1,400,204,0.0021174051371453118,1.9209457875035696e-05,0.998903172106432,0.6998328734020784,0.9469259080695865,0.7635756167492389
rastrigin_mean_rotated_shifted_2d,2,ucb,constant,decay_uniform_grid_a1_2,20,uniform,0.5,400,166,164.03031799806755,0.415,3,386,186,0.05384670368796307,0.025365928210980826,0.9968551829598987,0.6770695952378307,0.933593187570203,0.04952337170247245
rastrigin_mean_rotated_shifted_2d,2,ucb,constant,decay_uniform_grid_a1_2,21,uniform,0.5,400,155,164.03031799806755,0.3875,3,398,184,0.5030897395532854,0.49750255212376615,0.9945243906839119,0.6567869709068783,0.9133519147257714,0.04005210066972587
rastrigin_mean_rotated_shifted_2d,2,ucb,constant,decay_uniform_grid_a1_2,22,uniform,0.5,400,186,164.03031799806755,0.465,4,400,185,0.010350745779051707,0.0008778483195506226,0.9977754084089919,0.7209071242708862,0.9545339814544916,0.7215004579671715
rastrigin_mean_rotated_shifted_2d,2,ucb,constant,decay_uniform_grid_a1_2,23,uniform,0.5,400,157,164.03031799806755,0.3925,1,398,185,0.500918412581548,0.4977712856626262,0.9936160736218027,0.6874609700359877,0.9374911749469941,0.010310580874366614
rastrigin_mean_rotated_shifted_2d,2,ucb,constant,decay_uniform_grid_a1_2,24,uniform,0.5,400,161,164.03031799806755,0.4025,1,397,169,0.9980021437641291,0.995252387285392,0.9938453030910845,0.6053396235202964,0.8530088902794059,0.011127264763139334
rastrigin_mean_rotated_shifted_2d,2,ucb,constant,decay_uniform_grid_a1_2,25,uniform,0.5,400,155,164.03031799806755,0.3875,2,396,178,0.00016143413169089627,0.00012975799169012703,0.9978185085248238,0.6943659507128148,0.9331021808938574,0.05544509535152861
rastrigin_mean_rotated_shifted_2d,2,ucb,constant,decay_uniform_grid_a1_2,26,uniform,0.5,400,168,164.03031799806755,0.42,1,400,196,1.0025343837888698,0.9951280932431494,0.9714730691848912,0.6598367018406432,0.8986799185288256,0.6750452173780265
rastrigin_mean_rotated_shifted_2d,2,ucb,constant,decay_uniform_grid_a1_2,27,uniform,0.5,400,153,164.03031799806755,0.3825,1,397,167,0.0010128773238413658,9.352632138259764e-05,0.9947600039763518,0.6850526391818239,0.9326939311790733,0.02311915268347774
rastrigin_mean_rotated_shifted_2d,2,ucb,constant,decay_uniform_grid_a1_2,28,uniform,0.5,400,152,164.03031799806755,0.38,1,398,181,0.498073779001162,0.4979098558302617,0.9964981655652166,0.7089512823968701,0.9567942648420669,0.011866092680930427
rastrigin_mean_rotated_shifted_2d,2,ucb,constant,decay_uniform_grid_a1_2,29,uniform,0.5,400,157,164.03031799806755,0.3925,2,397,180,0.010017447359857101,0.00013632019295783948,0.9969768087527382,0.6836813641914514,0.9208699272008348,0.012235347855553618
rastrigin_mean_rotated_shifted_2d,2,ucb,constant,decay_uniform_grid_a1_2,3,uniform,0.5,400,147,164.03031799806755,0.3675,1,398,191,0.4995573844095098,0.49766262177068654,0.9986735492385886,0.6754334885593063,0.9324677635905897,0.007801894479959166
rastrigin_mean_rotated_shifted_2d,2,ucb,constant,decay_uniform_grid_a1_2,30,uniform,0.5,400,170,164.03031799806755,0.425,1,400,172,0.5362063875146283,0.5071492902562067,0.9970980837000072,0.6771280208173036,0.9407656576867182,0.8385628223086993
rastrigin_mean_rotated_shifted_2d,2,ucb,constant,decay_uniform_grid_a1_2,31,uniform,0.5,400,154,164.03031799806755,0.385,1,400,176,0.5025837769979695,0.49754485869587306,0.999764986221327,0.7458461818217352,0.9787627590488126,0.6350199453028121
rastrigin_mean_rotated_shifted_2d,2,ucb,constant,decay_uniform_grid_a1_2,32,uniform,0.5,400,169,164.03031799806755,0.4225,1,399,193,0.005590825162055779,0.0005785938677256297,0.987977098710909,0.6497147858389476,0.8950980005469346,0.013020576531192296
rastrigin_mean_rotated_shifted_2d,2,ucb,constant,decay_uniform_grid_a1_2,33,uniform,0.5,400,164,164.03031799806755,0.41,2,394,204,0.4992937891249323,0.49748718815177106,0.9974054445040473,0.683582350631694,0.9436358013466123,0.022561326077814473
rastrigin_mean_rotated_shifted_2d,2,ucb,constant,decay_uniform_grid_a1_2,34,uniform,0.5,400,169,164.03031799806755,0.4225,1,397,187,0.4979635545334009,0.49761001423385665,0.9957535712891213,0.6701174265286273,0.9144022463768687,0.02394485326366823
rastrigin_mean_rotated_shifted_2d,2,ucb,constant,decay_uniform_grid_a1_2,4,uniform,0.5,400,166,164.03031799806755,0.415,1,399,193,0.002068128162814986,4.64926456817949e-05,0.9979659330688058,0.7018496559261588,0.9469154425527943,0.013759857532642375
rastrigin_mean_rotated_shifted_2d,2,ucb,constant,decay_uniform_grid_a1_2,5,uniform,0.5,400,178,164.03031799806755,0.445,2,399,210,0.008658471581041383,0.00015632762525896737,0.9987581936954473,0.693644627075221,0.9367805288209075,0.02403143183867873
rastrigin_mean_rotated_shifted_2d,2,ucb,constant,decay_uniform_grid_a1_2,6,uniform,0.5,400,156,164.03031799806755,0.39,2,398,180,0.025168939368700904,0.009499076202414969,0.9986515014236623,0.6640464984380714,0.91617466646603,0.03876264661210789
rastrigin_mean_rotated_shifted_2d,2,ucb,constant,decay_uniform_grid_a1_2,7,uniform,0.5,400,158,164.03031799806755,0.395,2,398,162,0.005508236481228224,0.00021675695353451374,0.9942363500341661,0.6512159099515422,0.9124536119847767,0.012127920211804755
rastrigin_mean_rotated_shifted_2d,2,ucb,constant,decay_uniform_grid_a1_2,8,uniform,0.5,400,169,164.03031799806755,0.4225,1,399,177,0.5077155377277194,0.4983494325564308,0.9949732488170524,0.6780426186014715,0.9412861846454578,0.011483270852610587
rastrigin_mean_rotated_shifted_2d,2,ucb,constant,decay_uniform_grid_a1_2,9,uniform,0.5,400,164,164.03031799806755,0.41,2,400,185,0.502792128210281,0.49759928598882475,0.9971342162341877,0.6723683394939743,0.9340852392890436,0.630742125393465
rastrigin_mean_rotated_shifted_2d,2,ucb,constant,decay_uniform_grid_a2_3,0,uniform,0.6666666666666666,400,65,75.21337704939067,0.1625,2,399,104,0.5099493582233627,0.5019477312663607,0.9996828000505359,0.7486288212932547,0.9764322615567457,0.018626053918004853
rastrigin_mean_rotated_shifted_2d,2,ucb,constant,decay_uniform_grid_a2_3,1,uniform,0.6666666666666666,400,73,75.21337704939067,0.1825,1,398,101,0.5024586863551121,0.49757993108108245,0.9876801449472742,0.6698480412829698,0.9181069624799647,0.010334700410642446
rastrigin_mean_rotated_shifted_2d,2,ucb,constant,decay_uniform_grid_a2_3,10,uniform,0.6666666666666666,400,70,75.21337704939067,0.175,1,395,107,2.5021914236472735,2.4874079166115317,0.968515423673253,0.6670906388893683,0.9091573018497383,0.009572658043046505
rastrigin_mean_rotated_shifted_2d,2,ucb,constant,decay_uniform_grid_a2_3,11,uniform,0.6666666666666666,400,73,75.21337704939067,0.1825,1,397,103,0.5047752336834606,0.49823610841216137,0.9837721931007001,0.6935786958634057,0.9232397246082639,0.011798788171413065
rastrigin_mean_rotated_shifted_2d,2,ucb,constant,decay_uniform_grid_a2_3,12,uniform,0.6666666666666666,400,68,75.21337704939067,0.17,1,398,99,0.0092035245824853,2.490960698153799e-06,0.9859909880160951,0.6789980633979914,0.9166133803159775,0.008784971628797355
rastrigin_mean_rotated_shifted_2d,2,ucb,constant,decay_uniform_grid_a2_3,13,uniform,0.6666666666666666,400,75,75.21337704939067,0.1875,2,381,114,0.498748013673433,0.4974865300044371,0.999158746593239,0.6954724041702982,0.9663746181177577,0.01048074775846978
rastrigin_mean_rotated_shifted_2d,2,ucb,constant,decay_uniform_grid_a2_3,14,uniform,0.6666666666666666,400,76,75.21337704939067,0.19,4,389,116,0.5085962658559176,0.49817448120650987,0.9954768648512232,0.6856324698001321,0.9380512557743799,0.010953866571884503
rastrigin_mean_rotated_shifted_2d,2,ucb,constant,decay_uniform_grid_a2_3,15,uniform,0.6666666666666666,400,78,75.21337704939067,0.195,2,399,112,2.4897415137415155,2.4874034009622994,0.9968714656895105,0.6875469772713895,0.9336126612505126,0.120809289509747
rastrigin_mean_rotated_shifted_2d,2,ucb,constant,decay_uniform_grid_a2_3,16,uniform,0.6666666666666666,400,70,75.21337704939067,0.175,5,390,112,0.004172210561030454,9.386006555445192e-05,0.9963835513947595,0.6809707971551462,0.9337005950907108,0.0071680943222097076
rastrigin_mean_rotated_shifted_2d,2,ucb,constant,decay_uniform_grid_a2_3,17,uniform,0.6666666666666666,400,80,75.21337704939067,0.2,1,394,127,0.020346190321710367,0.0007278061944795411,0.9919366378071178,0.6820869991492235,0.9397780856255706,0.007479255849920645
rastrigin_mean_rotated_shifted_2d,2,ucb,constant,decay_uniform_grid_a2_3,18,uniform,0.6666666666666666,400,74,75.21337704939067,0.185,3,388,118,0.017940017805402775,0.0007979357172320789,0.9988408054932308,0.7233411919736753,0.9564272217481116,0.009821539238824386
rastrigin_mean_rotated_shifted_2d,2,ucb,constant,decay_uniform_grid_a2_3,19,uniform,0.6666666666666666,400,69,75.21337704939067,0.1725,1,391,101,1.0025569837427177,0.9964639222702232,0.9885457852866701,0.6389468435523349,0.8939872606197019,0.010020976646502028
rastrigin_mean_rotated_shifted_2d,2,ucb,constant,decay_uniform_grid_a2_3,2,uniform,0.6666666666666666,400,89,75.21337704939067,0.2225,1,396,133,0.002564873225637143,0.00010181479984616715,0.9940030095982954,0.6912911466217972,0.9477758629864579,0.00789208092173718
rastrigin_mean_rotated_shifted_2d,2,ucb,constant,decay_uniform_grid_a2_3,20,uniform,0.6666666666666666,400,69,75.21337704939067,0.1725,3,379,110,0.4988897066035616,0.49748365121411453,0.9852806222219177,0.6390140232727649,0.8879053964799956,0.009995040073774596
rastrigin_mean_rotated_shifted_2d,2,ucb,constant,decay_uniform_grid_a2_3,21,uniform,0.6666666666666666,400,64,75.21337704939067,0.16,10,380,98,0.9970277162472243,0.9965063826189446,0.990921126442268,0.6337976566740504,0.8830009109006908,0.011285937964919194
rastrigin_mean_rotated_shifted_2d,2,ucb,constant,decay_uniform_grid_a2_3,22,uniform,0.6666666666666666,400,85,75.21337704939067,0.2125,4,397,130,0.009211202641729699,0.00019056299946385025,0.9992015861643972,0.7613954750690182,0.975299874136676,0.009461461584582376
rastrigin_mean_rotated_shifted_2d,2,ucb,constant,decay_uniform_grid_a2_3,23,uniform,0.6666666666666666,400,79,75.21337704939067,0.1975,1,396,125,0.500414024973697,0.49752545185456043,0.9990883095555274,0.730021901323723,0.9658902885880123,0.008944565352531382
rastrigin_mean_rotated_shifted_2d,2,ucb,constant,decay_uniform_grid_a2_3,24,uniform,0.6666666666666666,400,80,75.21337704939067,0.2,3,367,116,0.9991462455002882,0.9965486623981192,0.9786761348491831,0.6118500254262775,0.8668325836935703,0.007447628477202064
rastrigin_mean_rotated_shifted_2d,2,ucb,constant,decay_uniform_grid_a2_3,25,uniform,0.6666666666666666,400,69,75.21337704939067,0.1725,2,392,96,0.5003834099123914,0.497570540775099,0.9899745781464993,0.6525227679148096,0.906283972022777,0.007008649478322566
rastrigin_mean_rotated_shifted_2d,2,ucb,constant,decay_uniform_grid_a2_3,26,uniform,0.6666666666666666,400,77,75.21337704939067,0.1925,1,393,129,0.9953857852662384,0.9954450802747061,0.9442748741924016,0.5844116006541777,0.8332090527689806,0.009829944289475092
rastrigin_mean_rotated_shifted_2d,2,ucb,constant,decay_uniform_grid_a2_3,27,uniform,0.6666666666666666,400,66,75.21337704939067,0.165,5,391,106,0.5008347776785662,0.4976201128346247,0.9848561605679463,0.6994653826506936,0.9164545185754461,0.0076773361523659175
rastrigin_mean_rotated_shifted_2d,2,ucb,constant,decay_uniform_grid_a2_3,28,uniform,0.6666666666666666,400,68,75.21337704939067,0.17,1,398,113,2.494162470127753,2.4882197046353376,0.9923136601903637,0.6783783663743423,0.9193181507972892,0.00672933687627681
rastrigin_mean_rotated_shifted_2d,2,ucb,constant,decay_uniform_grid_a2_3,29,uniform,0.6666666666666666,400,72,75.21337704939067,0.18,2,378,114,0.0013159534739308754,0.000363845153085407,0.9977209907771324,0.6857144480963595,0.9328202032293753,0.012041921620359747
rastrigin_mean_rotated_shifted_2d,2,ucb,constant,decay_uniform_grid_a2_3,3,uniform,0.6666666666666666,400,68,75.21337704939067,0.17,1,393,99,0.4980745379318581,0.49753936122798237,0.9844312949696375,0.6903891672654745,0.9426388088345776,0.008509712670570354
rastrigin_mean_rotated_shifted_2d,2,ucb,constant,decay_uniform_grid_a2_3,30,uniform,0.6666666666666666,400,88,75.21337704939067,0.22,1,395,129,0.5047095081801292,0.49790373043479264,0.9817534231982994,0.6599678305296873,0.9076360548299885,0.011739493742101165
rastrigin_mean_rotated_shifted_2d,2,ucb,constant,decay_uniform_grid_a2_3,31,uniform,0.6666666666666666,400,71,75.21337704939067,0.1775,1,395,119,0.5088215647006038,0.49859206915791887,0.9904799169721196,0.6732861243096153,0.9283875593259964,0.008011014125310549
rastrigin_mean_rotated_shifted_2d,2,ucb,constant,decay_uniform_grid_a2_3,32,uniform,0.6666666666666666,400,75,75.21337704939067,0.1875,1,365,121,0.13141977938279226,0.0666457412581849,0.9967564394730826,0.6697218322734131,0.9122826524099427,0.025878045384889966
rastrigin_mean_rotated_shifted_2d,2,ucb,constant,decay_uniform_grid_a2_3,33,uniform,0.6666666666666666,400,73,75.21337704939067,0.1825,3,394,126,0.49815101860260924,0.49760484604744804,0.9916414440218908,0.6683662940411033,0.9072099278849596,0.010381721445597802
rastrigin_mean_rotated_shifted_2d,2,ucb,constant,decay_uniform_grid_a2_3,34,uniform,0.6666666666666666,400,66,75.21337704939067,0.165,1,396,113,0.49750691627774835,0.4975865454732933,0.9869515805149831,0.6720455815763833,0.9071917793015654,0.010587216628010345
rastrigin_mean_rotated_shifted_2d,2,ucb,constant,decay_uniform_grid_a2_3,4,uniform,0.6666666666666666,400,87,75.21337704939067,0.2175,1,389,123,0.9963438882712268,0.9949635921035025,0.9967094468521199,0.7058170061891433,0.9514907265547496,0.007321499279283284
rastrigin_mean_rotated_shifted_2d,2,ucb,constant,decay_uniform_grid_a2_3,5,uniform,0.6666666666666666,400,86,75.21337704939067,0.215,2,399,144,0.00014068309566894754,0.0009539934012927631,0.9873004295518651,0.6554131306042109,0.90528907920407,0.019783673885281284
rastrigin_mean_rotated_shifted_2d,2,ucb,constant,decay_uniform_grid_a2_3,6,uniform,0.6666666666666666,400,68,75.21337704939067,0.17,2,398,108,0.5046342013178151,0.4980879886513492,0.9537919814473549,0.6198624750403269,0.859257520030919,0.010318808473450052
rastrigin_mean_rotated_shifted_2d,2,ucb,constant,decay_uniform_grid_a2_3,7,uniform,0.6666666666666666,400,75,75.21337704939067,0.1875,2,397,110,0.5005193170735858,0.4976145901034865,0.9973527563829351,0.6826444403813539,0.9323788477352406,0.009445885251500422
rastrigin_mean_rotated_shifted_2d,2,ucb,constant,decay_uniform_grid_a2_3,8,uniform,0.6666666666666666,400,73,75.21337704939067,0.1825,1,396,101,0.9960987562611852,0.9950924315679863,0.996658270847453,0.6804589595035546,0.939305136945668,0.006191767059649213
rastrigin_mean_rotated_shifted_2d,2,ucb,constant,decay_uniform_grid_a2_3,9,uniform,0.6666666666666666,400,70,75.21337704939067,0.175,2,400,109,0.5463733696623994,0.4985580310646931,0.9976521009711811,0.6526422174167469,0.919779400529005,0.3212875551683576
rastrigin_mean_rotated_shifted_2d,2,ucb,constant,decay_uniform_grid_a3_2,0,uniform,1.5,400,5,3.134213985518419,0.0125,2,366,10,0.5130002567358254,0.4974968058511813,0.929203406048415,0.6959447771574295,0.8911226274830696,0.007713308466866022
rastrigin_mean_rotated_shifted_2d,2,ucb,constant,decay_uniform_grid_a3_2,1,uniform,1.5,400,3,3.134213985518419,0.0075,1,20,3,2.018091553979307,1.9900435698804095,0.8101085948144168,0.538030153721446,0.7035627959859494,0.0060584152936135815
rastrigin_mean_rotated_shifted_2d,2,ucb,constant,decay_uniform_grid_a3_2,10,uniform,1.5,400,3,3.134213985518419,0.0075,3,11,6,1.9944397103398686,1.990166693295853,0.9999999998254703,0.9826077496586554,0.9999999367516765,0.023263893382763648
rastrigin_mean_rotated_shifted_2d,2,ucb,constant,decay_uniform_grid_a3_2,11,uniform,1.5,400,4,3.134213985518419,0.01,1,63,7,1.0008903573756047,0.9949735148006305,0.7983123811758939,0.5270382713648184,0.6790899194948053,0.0060441240867782015
rastrigin_mean_rotated_shifted_2d,2,ucb,constant,decay_uniform_grid_a3_2,12,uniform,1.5,400,4,3.134213985518419,0.01,1,110,7,0.49792020749324806,0.49777249937316626,0.8440926168367938,0.5596593197054303,0.7464558497650252,0.007700323592172147
rastrigin_mean_rotated_shifted_2d,2,ucb,constant,decay_uniform_grid_a3_2,13,uniform,1.5,400,4,3.134213985518419,0.01,5,325,8,0.5098693004766055,0.49770918952372867,0.9107011459283454,0.5979826843356106,0.782908855908933,0.006271197407350585
rastrigin_mean_rotated_shifted_2d,2,ucb,constant,decay_uniform_grid_a3_2,14,uniform,1.5,400,3,3.134213985518419,0.0075,22,150,6,0.5261715247043277,0.49772334855750344,0.8391959590929009,0.5439567476313376,0.7114196758537182,0.005978164601233831
rastrigin_mean_rotated_shifted_2d,2,ucb,constant,decay_uniform_grid_a3_2,15,uniform,1.5,400,2,3.134213985518419,0.005,2,4,4,0.5052435012244221,0.49786916413782656,0.849180197871939,0.5422538123208565,0.7213043424613759,0.0102372223654933
rastrigin_mean_rotated_shifted_2d,2,ucb,constant,decay_uniform_grid_a3_2,16,uniform,1.5,400,2,3.134213985518419,0.005,5,8,4,1.9933050339847398,1.9899404399745535,0.8462067482936008,0.5552864261028438,0.7185494252154003,0.008177685114310102
rastrigin_mean_rotated_shifted_2d,2,ucb,constant,decay_uniform_grid_a3_2,17,uniform,1.5,400,1,3.134213985518419,0.0025,110,110,2,0.08326092372327665,4.484741026544725e-06,0.8270311237625232,0.5433577299977781,0.7212557903290507,0.005759715397655759
rastrigin_mean_rotated_shifted_2d,2,ucb,constant,decay_uniform_grid_a3_2,18,uniform,1.5,400,4,3.134213985518419,0.01,3,64,8,0.9953622525676238,0.9950809556496516,0.9298007247697577,0.6584597999679105,0.8411294148848341,0.007821806635897148
rastrigin_mean_rotated_shifted_2d,2,ucb,constant,decay_uniform_grid_a3_2,19,uniform,1.5,400,5,3.134213985518419,0.0125,1,39,9,1.0248227249427835,0.99505871829653,0.8451090593306605,0.5669454355118574,0.755796785426973,0.0074798576001149945
rastrigin_mean_rotated_shifted_2d,2,ucb,constant,decay_uniform_grid_a3_2,2,uniform,1.5,400,0,3.134213985518419,0.0,,,0,0.5315913544497537,0.4975627736181991,0.7320634301168534,0.4476017843352998,0.588225430905042,0.005998870334535499
rastrigin_mean_rotated_shifted_2d,2,ucb,constant,decay_uniform_grid_a3_2,20,uniform,1.5,400,4,3.134213985518419,0.01,3,110,8,0.5498747198330918,0.5026338326610542,0.9250788909234458,0.6324173215495942,0.8203291319026108,0.005785434606347854
rastrigin_mean_rotated_shifted_2d,2,ucb,constant,decay_uniform_grid_a3_2,21,uniform,1.5,400,3,3.134213985518419,0.0075,20,42,6,2.0125937984353346,1.9901660798554488,0.8522083260778198,0.575026111413564,0.7447404834644709,0.0072740832589871665
rastrigin_mean_rotated_shifted_2d,2,ucb,constant,decay_uniform_grid_a3_2,22,uniform,1.5,400,2,3.134213985518419,0.005,6,14,4,1.0410209274564117,0.995256815891544,0.8634851951683915,0.5513537227232586,0.737827745972259,0.007593071844856834
rastrigin_mean_rotated_shifted_2d,2,ucb,constant,decay_uniform_grid_a3_2,23,uniform,1.5,400,3,3.134213985518419,0.0075,1,97,5,0.5819716225848417,0.4995492902229053,0.9028904386713883,0.6224501177030507,0.8107649635183553,0.008539741267119483
rastrigin_mean_rotated_shifted_2d,2,ucb,constant,decay_uniform_grid_a3_2,24,uniform,1.5,400,0,3.134213985518419,0.0,,,0,1.0210940267429969,0.9949862012261157,0.8912249129200465,0.589387832523966,0.7706036661636729,0.006383221931551233
rastrigin_mean_rotated_shifted_2d,2,ucb,constant,decay_uniform_grid_a3_2,25,uniform,1.5,400,0,3.134213985518419,0.0,,,0,2.4981592422132692,2.487632460789394,0.8875394206613948,0.6113621604497186,0.7935737500522622,0.008082204140824554
rastrigin_mean_rotated_shifted_2d,2,ucb,constant,decay_uniform_grid_a3_2,26,uniform,1.5,400,0,3.134213985518419,0.0,,,0,2.4960851075430757,2.487817373334579,0.8276430841124356,0.5665006619441477,0.7341722851345727,0.00591454897331574
rastrigin_mean_rotated_shifted_2d,2,ucb,constant,decay_uniform_grid_a3_2,27,uniform,1.5,400,0,3.134213985518419,0.0,,,0,0.505454776786129,0.4976335860228662,0.9223132552707949,0.6547235368612963,0.8373698409025194,0.0060709887098922
rastrigin_mean_rotated_shifted_2d,2,ucb,constant,decay_uniform_grid_a3_2,28,uniform,1.5,400,2,3.134213985518419,0.005,3,79,4,2.487577135074762,2.487468888772389,0.9381377912335245,0.6656696309981613,0.8550502988410038,0.00643893722057154
rastrigin_mean_rotated_shifted_2d,2,ucb,constant,decay_uniform_grid_a3_2,29,uniform,1.5,400,2,3.134213985518419,0.005,2,24,4,0.024715712772669818,7.795791223230708e-05,0.9172540994568154,0.6601097690374089,0.8431122539049931,0.009402737710599551
rastrigin_mean_rotated_shifted_2d,2,ucb,constant,decay_uniform_grid_a3_2,3,uniform,1.5,400,6,3.134213985518419,0.015,1,33,7,0.5058245951138076,0.4974852432378256,0.8730562313771463,0.634181696199873,0.81775892098662,0.006169150119131215
rastrigin_mean_rotated_shifted_2d,2,ucb,constant,decay_uniform_grid_a3_2,30,uniform,1.5,400,3,3.134213985518419,0.0075,2,49,6,2.4888184861294977,2.4874030985021216,0.860572432963445,0.5833318003161849,0.7498358409945718,0.007887806417781374
rastrigin_mean_rotated_shifted_2d,2,ucb,constant,decay_uniform_grid_a3_2,31,uniform,1.5,400,6,3.134213985518419,0.015,1,194,11,0.5062242388916083,0.4977664369381145,0.9136011857369137,0.6480167784438375,0.8382502139945338,0.0061203521954692405
rastrigin_mean_rotated_shifted_2d,2,ucb,constant,decay_uniform_grid_a3_2,32,uniform,1.5,400,3,3.134213985518419,0.0075,1,5,3,0.5011197367716242,0.4984441801629913,0.9233711600861007,0.6295962100012511,0.821153107947528,0.0059198162399779035
rastrigin_mean_rotated_shifted_2d,2,ucb,constant,decay_uniform_grid_a3_2,33,uniform,1.5,400,6,3.134213985518419,0.015,3,242,12,0.0218126236456051,0.0005796918990750299,0.7313566889129004,0.46828524546525463,0.631812029148279,0.0073430684163647945
rastrigin_mean_rotated_shifted_2d,2,ucb,constant,decay_uniform_grid_a3_2,34,uniform,1.5,400,2,3.134213985518419,0.005,1,25,3,1.0158533865420587,0.996894944111272,0.8545549584366107,0.5686425505373722,0.7463097819575875,0.006820232125051168
rastrigin_mean_rotated_shifted_2d,2,ucb,constant,decay_uniform_grid_a3_2,4,uniform,1.5,400,2,3.134213985518419,0.005,1,96,3,0.5931057067000083,0.5105655328053604,0.8167046020039711,0.5420308530512088,0.7022855142538896,0.009013630475129828
rastrigin_mean_rotated_shifted_2d,2,ucb,constant,decay_uniform_grid_a3_2,5,uniform,1.5,400,3,3.134213985518419,0.0075,46,104,6,0.5019635875074915,0.49775514162747747,0.8485722376093868,0.5584779573164795,0.7358505477313968,0.00706380977502793
rastrigin_mean_rotated_shifted_2d,2,ucb,constant,decay_uniform_grid_a3_2,6,uniform,1.5,400,3,3.134213985518419,0.0075,2,5,4,0.522207516036115,0.5005008142009366,0.9516581140738636,0.6663347752933118,0.8515291674356821,0.013672636164372372
rastrigin_mean_rotated_shifted_2d,2,ucb,constant,decay_uniform_grid_a3_2,7,uniform,1.5,400,6,3.134213985518419,0.015,3,141,10,2.507705501021092,2.4892249898554137,0.9496704652642733,0.6846184686948181,0.8746183934840156,0.005959928312773598
rastrigin_mean_rotated_shifted_2d,2,ucb,constant,decay_uniform_grid_a3_2,8,uniform,1.5,400,4,3.134213985518419,0.01,1,48,3,1.0199429964214612,0.9950180812035931,0.895258685867105,0.5901139545729316,0.764100672903157,0.007345993798743949
rastrigin_mean_rotated_shifted_2d,2,ucb,constant,decay_uniform_grid_a3_2,9,uniform,1.5,400,2,3.134213985518419,0.005,8,200,4,0.5308073545044945,0.4974816875876904,0.9511957299085901,0.648472709873356,0.8468228765805031,0.00711794866037917
rastrigin_mean_rotated_shifted_2d,2,ucb,constant,decay_uniform_grid_a4_3,0,uniform,1.3333333333333333,400,6,5.27256894317306,0.015,2,366,12,0.5072349442080615,0.4976490336794015,0.9487190048687412,0.6995237622336578,0.8983353576512466,0.008257679235373808
rastrigin_mean_rotated_shifted_2d,2,ucb,constant,decay_uniform_grid_a4_3,1,uniform,1.3333333333333333,400,6,5.27256894317306,0.015,1,53,9,0.500171056672297,0.4974796666028105,0.9345316952355237,0.6704724757921094,0.8417669204363047,0.006576021502302246
rastrigin_mean_rotated_shifted_2d,2,ucb,constant,decay_uniform_grid_a4_3,10,uniform,1.3333333333333333,400,5,5.27256894317306,0.0125,3,384,10,2.0259165887544075,1.9910589342511074,0.8473786512687934,0.5574549440571623,0.7404813318140681,0.015248246724778826
rastrigin_mean_rotated_shifted_2d,2,ucb,constant,decay_uniform_grid_a4_3,11,uniform,1.3333333333333333,400,6,5.27256894317306,0.015,1,63,11,0.5256294281831213,0.4984799344814963,0.8567741248221288,0.5558014593207246,0.7340834285208724,0.00639809419699236
rastrigin_mean_rotated_shifted_2d,2,ucb,constant,decay_uniform_grid_a4_3,12,uniform,1.3333333333333333,400,6,5.27256894317306,0.015,1,308,11,0.5136528970607834,0.49786363317488025,0.8409113068481885,0.5588269957527189,0.7432802684434657,0.009777232043421569
rastrigin_mean_rotated_shifted_2d,2,ucb,constant,decay_uniform_grid_a4_3,13,uniform,1.3333333333333333,400,5,5.27256894317306,0.0125,5,329,10,0.507783241774483,0.49770918952372867,0.9195619899582741,0.6083076227952262,0.797638296349651,0.006467795895717751
rastrigin_mean_rotated_shifted_2d,2,ucb,constant,decay_uniform_grid_a4_3,14,uniform,1.3333333333333333,400,6,5.27256894317306,0.015,8,150,12,0.5053147731092231,0.4983803166004144,0.9400643204162189,0.6361949376272048,0.8125586962719976,0.03058065989939602
rastrigin_mean_rotated_shifted_2d,2,ucb,constant,decay_uniform_grid_a4_3,15,uniform,1.3333333333333333,400,5,5.27256894317306,0.0125,2,306,10,0.5134115931930854,0.49810995736423536,0.8289146755029468,0.57703609788336,0.746758371456456,0.00803989550590824
rastrigin_mean_rotated_shifted_2d,2,ucb,constant,decay_uniform_grid_a4_3,16,uniform,1.3333333333333333,400,5,5.27256894317306,0.0125,5,31,8,2.498451249827082,2.488116410467682,0.7913426318095118,0.4908468866249148,0.6325946045052372,0.006781762456492822
rastrigin_mean_rotated_shifted_2d,2,ucb,constant,decay_uniform_grid_a4_3,17,uniform,1.3333333333333333,400,1,5.27256894317306,0.0025,110,110,2,0.08326092372327665,4.484741026544725e-06,0.8270311237625232,0.5433577299977781,0.7212557903290507,0.005759715397655759
rastrigin_mean_rotated_shifted_2d,2,ucb,constant,decay_uniform_grid_a4_3,18,uniform,1.3333333333333333,400,8,5.27256894317306,0.02,3,326,14,2.498663955862785,2.4874674445653984,0.9244598544418672,0.6431699647370526,0.8364651220152536,0.009180618924884688
rastrigin_mean_rotated_shifted_2d,2,ucb,constant,decay_uniform_grid_a4_3,19,uniform,1.3333333333333333,400,6,5.27256894317306,0.015,1,160,11,1.0281348227199132,0.99505871829653,0.9027130397305279,0.5905894229596527,0.7884405046038901,0.007577589524278382
rastrigin_mean_rotated_shifted_2d,2,ucb,constant,decay_uniform_grid_a4_3,2,uniform,1.3333333333333333,400,2,5.27256894317306,0.005,46,216,4,0.5204759301364099,0.4991369991108243,0.7932355763907945,0.5033892918557492,0.6713833193098552,0.006199726216894512
rastrigin_mean_rotated_shifted_2d,2,ucb,constant,decay_uniform_grid_a4_3,20,uniform,1.3333333333333333,400,8,5.27256894317306,0.02,3,334,16,0.5016303374638618,0.49760309353274224,0.943436874915824,0.6931903400616614,0.8818422469688627,0.007134721653534484
rastrigin_mean_rotated_shifted_2d,2,ucb,constant,decay_uniform_grid_a4_3,21,uniform,1.3333333333333333,400,4,5.27256894317306,0.01,20,85,8,2.0108623408634214,1.9909955050358157,0.8540734608914364,0.5890049689623886,0.7653300133332134,0.006815963005137364
rastrigin_mean_rotated_shifted_2d,2,ucb,constant,decay_uniform_grid_a4_3,22,uniform,1.3333333333333333,400,4,5.27256894317306,0.01,6,131,8,0.9980210379790257,0.9958168508945562,0.9995583838570636,0.9015616952951777,0.997581881168845,0.006813763258135881
rastrigin_mean_rotated_shifted_2d,2,ucb,constant,decay_uniform_grid_a4_3,23,uniform,1.3333333333333333,400,5,5.27256894317306,0.0125,1,182,9,1.0291068505571808,0.9960048198321143,0.9310416347833554,0.647017451306087,0.8441552320764559,0.007320047894567068
rastrigin_mean_rotated_shifted_2d,2,ucb,constant,decay_uniform_grid_a4_3,24,uniform,1.3333333333333333,400,1,5.27256894317306,0.0025,23,23,2,1.0296015821053714,0.9950992602791651,0.7372022091736609,0.4385127613463238,0.5945140666798023,0.006539670468234701
rastrigin_mean_rotated_shifted_2d,2,ucb,constant,decay_uniform_grid_a4_3,25,uniform,1.3333333333333333,400,1,5.27256894317306,0.0025,310,310,2,2.49676994700401,2.487632460789394,0.884010032505889,0.6084643070665064,0.7928640971237125,0.0077730994831834935
rastrigin_mean_rotated_shifted_2d,2,ucb,constant,decay_uniform_grid_a4_3,26,uniform,1.3333333333333333,400,5,5.27256894317306,0.0125,2,128,10,0.9977373146492319,0.9950452293969221,0.9361055821728065,0.649570878128231,0.8297137223975335,0.0062576940972730345
rastrigin_mean_rotated_shifted_2d,2,ucb,constant,decay_uniform_grid_a4_3,27,uniform,1.3333333333333333,400,0,5.27256894317306,0.0,,,0,0.505454776786129,0.4976335860228662,0.9223132552707949,0.6547235368612963,0.8373698409025194,0.0060709887098922
rastrigin_mean_rotated_shifted_2d,2,ucb,constant,decay_uniform_grid_a4_3,28,uniform,1.3333333333333333,400,2,5.27256894317306,0.005,3,79,4,2.487577135074762,2.487468888772389,0.9381377912335245,0.6656696309981613,0.8550502988410038,0.00643893722057154
rastrigin_mean_rotated_shifted_2d,2,ucb,constant,decay_uniform_grid_a4_3,29,uniform,1.3333333333333333,400,6,5.27256894317306,0.015,2,233,12,0.5053531230636032,0.4986094839389352,0.9142643622384502,0.6548195731004528,0.8305982180786066,0.009471183509931808
rastrigin_mean_rotated_shifted_2d,2,ucb,constant,decay_uniform_grid_a4_3,3,uniform,1.3333333333333333,400,10,5.27256894317306,0.025,1,222,15,0.5076769446782379,0.4977498778211089,0.7542426913889785,0.49805455136146115,0.645050639690304,0.006145601800768691
rastrigin_mean_rotated_shifted_2d,2,ucb,constant,decay_uniform_grid_a4_3,30,uniform,1.3333333333333333,400,4,5.27256894317306,0.01,2,100,8,2.000145649697722,1.9901410148669054,0.9999999997375122,0.9793772637120997,0.9999998308247348,0.014762491664380544
rastrigin_mean_rotated_shifted_2d,2,ucb,constant,decay_uniform_grid_a4_3,31,uniform,1.3333333333333333,400,6,5.27256894317306,0.015,1,194,11,0.5062242388916083,0.4977664369381145,0.9136011857369137,0.6480167784438375,0.8382502139945338,0.0061203521954692405
rastrigin_mean_rotated_shifted_2d,2,ucb,constant,decay_uniform_grid_a4_3,32,uniform,1.3333333333333333,400,5,5.27256894317306,0.0125,1,79,7,0.03573769468732735,0.02827103437103773,0.7400603780830393,0.4698520775364898,0.6202181876838989,0.010175374434800984
rastrigin_mean_rotated_shifted_2d,2,ucb,constant,decay_uniform_grid_a4_3,33,uniform,1.3333333333333333,400,7,5.27256894317306,0.0175,3,242,14,0.018738157186493964,3.763459188377283e-05,0.8652858941438838,0.5563967158923819,0.7297270661098988,0.006457153868554202
rastrigin_mean_rotated_shifted_2d,2,ucb,constant,decay_uniform_grid_a4_3,34,uniform,1.3333333333333333,400,2,5.27256894317306,0.005,1,25,3,1.0158533865420587,0.996894944111272,0.8545549584366107,0.5686425505373722,0.7463097819575875,0.006820232125051168
rastrigin_mean_rotated_shifted_2d,2,ucb,constant,decay_uniform_grid_a4_3,4,uniform,1.3333333333333333,400,4,5.27256894317306,0.01,1,142,7,2.533924215812281,2.4901089352208503,0.917212426394958,0.6395745885000752,0.8356370655683487,0.005681829154008594
rastrigin_mean_rotated_shifted_2d,2,ucb,constant,decay_uniform_grid_a4_3,5,uniform,1.3333333333333333,400,3,5.27256894317306,0.0075,46,104,6,0.5019635875074915,0.49775514162747747,0.8485722376093868,0.5584779573164795,0.7358505477313968,0.00706380977502793
rastrigin_mean_rotated_shifted_2d,2,ucb,constant,decay_uniform_grid_a4_3,6,uniform,1.3333333333333333,400,5,5.27256894317306,0.0125,2,240,8,0.49823475106684967,0.4974842320867854,0.999999999930416,0.9809334077662835,0.999999945024828,0.03882630301996282
rastrigin_mean_rotated_shifted_2d,2,ucb,constant,decay_uniform_grid_a4_3,7,uniform,1.3333333333333333,400,9,5.27256894317306,0.0225,3,141,16,2.499887082666488,2.4874291462502294,0.9863792461927415,0.7691616642512974,0.95715641952583,0.007842197403340615
rastrigin_mean_rotated_shifted_2d,2,ucb,constant,decay_uniform_grid_a4_3,8,uniform,1.3333333333333333,400,6,5.27256894317306,0.015,1,329,7,1.0143461446225341,0.9950180812035931,0.9145809403077313,0.6065699300732539,0.7836947873758338,0.0066649548835573625
rastrigin_mean_rotated_shifted_2d,2,ucb,constant,decay_uniform_grid_a4_3,9,uniform,1.3333333333333333,400,6,5.27256894317306,0.015,8,200,10,2.4875970727372776,2.4877849049200265,0.9189047321319392,0.652391084969387,0.8409843651325016,0.00612016590660677
rastrigin_mean_rotated_shifted_2d,2,ucb,constant,decay_uniform_grid_a5_6,0,uniform,0.8333333333333334,400,27,35.84750100274302,0.0675,2,399,50,1.015274594111439,1.0091199839297111,0.9713873407113167,0.7064863413472718,0.9036876628303065,0.02518969590525894
rastrigin_mean_rotated_shifted_2d,2,ucb,constant,decay_uniform_grid_a5_6,1,uniform,0.8333333333333334,400,39,35.84750100274302,0.0975,1,398,65,2.019094208869067,1.990300279075333,0.9630190947546833,0.6304136086022157,0.8595333719022796,0.007046018784661883
rastrigin_mean_rotated_shifted_2d,2,ucb,constant,decay_uniform_grid_a5_6,10,uniform,0.8333333333333334,400,35,35.84750100274302,0.0875,3,384,60,2.4957748604970815,2.487549360829515,0.9814426894176768,0.7136233473325657,0.9143955715221895,0.007350954251868978
rastrigin_mean_rotated_shifted_2d,2,ucb,constant,decay_uniform_grid_a5_6,11,uniform,0.8333333333333334,400,38,35.84750100274302,0.095,1,397,63,0.5008288877851577,0.4979452927011767,0.9773311381811781,0.745165049266372,0.942147186748161,0.018019204537011745
rastrigin_mean_rotated_shifted_2d,2,ucb,constant,decay_uniform_grid_a5_6,12,uniform,0.8333333333333334,400,35,35.84750100274302,0.0875,1,392,59,0.498744409066358,0.4979828542236362,0.9614112131344464,0.6834306172453068,0.9080600721337526,0.010278854677460545
rastrigin_mean_rotated_shifted_2d,2,ucb,constant,decay_uniform_grid_a5_6,13,uniform,0.8333333333333334,400,37,35.84750100274302,0.0925,2,375,58,0.5047344181040252,0.4995640789354887,0.9997609204443805,0.7448190199137483,0.9766572091136367,0.013572384881376826
rastrigin_mean_rotated_shifted_2d,2,ucb,constant,decay_uniform_grid_a5_6,14,uniform,0.8333333333333334,400,41,35.84750100274302,0.1025,4,386,74,0.5068874464759041,0.4976302017379499,0.9872485011172343,0.6918511023763858,0.9296053049828307,0.006174300120288288
rastrigin_mean_rotated_shifted_2d,2,ucb,constant,decay_uniform_grid_a5_6,15,uniform,0.8333333333333334,400,38,35.84750100274302,0.095,2,334,62,0.5049572356814505,0.4984954127698593,0.9817761871012407,0.6428532917888085,0.8854543990292115,0.007769327087165455
rastrigin_mean_rotated_shifted_2d,2,ucb,constant,decay_uniform_grid_a5_6,16,uniform,0.8333333333333334,400,39,35.84750100274302,0.0975,5,359,64,0.060560023740876545,0.010810812796167468,0.9983185741970099,0.6997202018479491,0.9308760573314315,0.007626592964446941
rastrigin_mean_rotated_shifted_2d,2,ucb,constant,decay_uniform_grid_a5_6,17,uniform,0.8333333333333334,400,34,35.84750100274302,0.085,4,386,64,0.0011604669728093597,4.796418574315453e-05,0.993858132684617,0.7700357392051675,0.9576156375346218,0.9713680552331799
rastrigin_mean_rotated_shifted_2d,2,ucb,constant,decay_uniform_grid_a5_6,18,uniform,0.8333333333333334,400,31,35.84750100274302,0.0775,3,368,50,2.0037474142325564,1.990570832461625,0.9976894287742615,0.7418123340514967,0.9549419519047286,0.00873691782294775
rastrigin_mean_rotated_shifted_2d,2,ucb,constant,decay_uniform_grid_a5_6,19,uniform,0.8333333333333334,400,31,35.84750100274302,0.0775,1,371,53,1.0017933100883436,0.9954665179712041,0.9320798629284888,0.6030339194705143,0.8213288806868471,0.00664480851405752
rastrigin_mean_rotated_shifted_2d,2,ucb,constant,decay_uniform_grid_a5_6,2,uniform,0.8333333333333334,400,41,35.84750100274302,0.1025,1,390,75,0.025761011868661754,0.013235946358859607,0.9876712610201647,0.7261357279381409,0.9506936921177631,0.006678609250006878
rastrigin_mean_rotated_shifted_2d,2,ucb,constant,decay_uniform_grid_a5_6,20,uniform,0.8333333333333334,400,37,35.84750100274302,0.0925,3,334,70,0.5068310925111561,0.4980251301387799,0.9801521682501029,0.6860212774373334,0.9198474837406749,0.00725131484160689
rastrigin_mean_rotated_shifted_2d,2,ucb,constant,decay_uniform_grid_a5_6,21,uniform,0.8333333333333334,400,27,35.84750100274302,0.0675,13,380,48,1.0220072017172654,0.9956182800714544,0.9680000898888922,0.6589967312917109,0.8980745747351395,0.007501725247730405
rastrigin_mean_rotated_shifted_2d,2,ucb,constant,decay_uniform_grid_a5_6,22,uniform,0.8333333333333334,400,41,35.84750100274302,0.1025,4,392,72,1.0009661198397666,0.9950217543774329,0.9873083010549121,0.7321810720573174,0.9496574983154137,0.009253493701093136
rastrigin_mean_rotated_shifted_2d,2,ucb,constant,decay_uniform_grid_a5_6,23,uniform,0.8333333333333334,400,43,35.84750100274302,0.1075,1,371,71,0.5017465158969134,0.49752242338804464,0.9954804337886208,0.7458167067373246,0.9622772901084916,0.006815800535383082
rastrigin_mean_rotated_shifted_2d,2,ucb,constant,decay_uniform_grid_a5_6,24,uniform,0.8333333333333334,400,29,35.84750100274302,0.0725,4,356,56,1.0290328899947365,0.9971960594769875,0.9750204400009143,0.6308742012997809,0.8907120675897728,0.006845845960209553
rastrigin_mean_rotated_shifted_2d,2,ucb,constant,decay_uniform_grid_a5_6,25,uniform,0.8333333333333334,400,27,35.84750100274302,0.0675,7,392,46,0.512780827197199,0.5005619632804645,0.9664359929300983,0.639614085823331,0.8507231749013028,0.009092569486784713
rastrigin_mean_rotated_shifted_2d,2,ucb,constant,decay_uniform_grid_a5_6,26,uniform,0.8333333333333334,400,39,35.84750100274302,0.0975,1,393,75,0.5130268141142107,0.5007971552960448,0.9890808124265121,0.6891538513363678,0.9228742625001226,0.008098691418983183
rastrigin_mean_rotated_shifted_2d,2,ucb,constant,decay_uniform_grid_a5_6,27,uniform,0.8333333333333334,400,35,35.84750100274302,0.0875,5,385,62,0.5334300914939405,0.5054870486519842,0.9933508379991619,0.6814246406931354,0.90878340441871,0.009340800372313883
rastrigin_mean_rotated_shifted_2d,2,ucb,constant,decay_uniform_grid_a5_6,28,uniform,0.8333333333333334,400,26,35.84750100274302,0.065,1,386,49,2.497380369384084,2.4883836465342632,0.9512638305638854,0.6464174356092725,0.8614508950949725,0.007216677692928949
rastrigin_mean_rotated_shifted_2d,2,ucb,constant,decay_uniform_grid_a5_6,29,uniform,0.8333333333333334,400,37,35.84750100274302,0.0925,2,377,68,0.000960648225092342,0.00023684507351262596,0.9978721143127605,0.7328804817176842,0.9747994338594919,0.01051148246469677
rastrigin_mean_rotated_shifted_2d,2,ucb,constant,decay_uniform_grid_a5_6,3,uniform,0.8333333333333334,400,34,35.84750100274302,0.085,1,393,57,0.5099747309365767,0.5047536443346559,0.9687483742265931,0.6783766069838344,0.8985713683134119,0.014023359255633142
rastrigin_mean_rotated_shifted_2d,2,ucb,constant,decay_uniform_grid_a5_6,30,uniform,0.8333333333333334,400,39,35.84750100274302,0.0975,1,395,67,0.5009185864009069,0.4992063413516199,0.995274228039597,0.7641500451261543,0.9693759101946082,0.019462286672518123
rastrigin_mean_rotated_shifted_2d,2,ucb,constant,decay_uniform_grid_a5_6,31,uniform,0.8333333333333334,400,26,35.84750100274302,0.065,1,343,51,2.496247952839288,2.4884190440957514,0.9961534317048708,0.7931275566352703,0.9787686239177157,0.007960808974245337
rastrigin_mean_rotated_shifted_2d,2,ucb,constant,decay_uniform_grid_a5_6,32,uniform,0.8333333333333334,400,43,35.84750100274302,0.1075,1,365,75,0.5541189289489452,0.5033208761664802,0.9979296280794664,0.6474147279104152,0.905728744637954,0.006616670656317452
rastrigin_mean_rotated_shifted_2d,2,ucb,constant,decay_uniform_grid_a5_6,33,uniform,0.8333333333333334,400,33,35.84750100274302,0.0825,3,368,60,0.5543181971364355,0.5369247873393981,0.9888683251153793,0.7119420713289464,0.9471300198776635,0.012102779604356349
rastrigin_mean_rotated_shifted_2d,2,ucb,constant,decay_uniform_grid_a5_6,34,uniform,0.8333333333333334,400,33,35.84750100274302,0.0825,1,384,61,0.5210693084175659,0.5054485375036482,0.9571390667302369,0.6478759365463034,0.8834837753395169,0.00879684950188417
rastrigin_mean_rotated_shifted_2d,2,ucb,constant,decay_uniform_grid_a5_6,4,uniform,0.8333333333333334,400,34,35.84750100274302,0.085,1,337,59,2.503723920228719,2.4876791970934145,0.9982333665076105,0.7882333440641437,0.981731094826933,0.006689429340002308
rastrigin_mean_rotated_shifted_2d,2,ucb,constant,decay_uniform_grid_a5_6,5,uniform,0.8333333333333334,400,35,35.84750100274302,0.0875,2,399,60,0.5273797253962726,0.49998654563185596,0.9798198225247563,0.616273897576021,0.8779003903084268,0.005595769707297576
rastrigin_mean_rotated_shifted_2d,2,ucb,constant,decay_uniform_grid_a5_6,6,uniform,0.8333333333333334,400,24,35.84750100274302,0.06,2,398,40,0.5068369666485495,0.49848094647001595,0.9749480159747754,0.6481291627626912,0.8842427367976644,0.006657815766585103
rastrigin_mean_rotated_shifted_2d,2,ucb,constant,decay_uniform_grid_a5_6,7,uniform,0.8333333333333334,400,39,35.84750100274302,0.0975,3,380,66,2.4905661506259307,2.488310733475621,0.9464525677057638,0.6322029257625312,0.8495967998715925,0.00756484650719356
rastrigin_mean_rotated_shifted_2d,2,ucb,constant,decay_uniform_grid_a5_6,8,uniform,0.8333333333333334,400,40,35.84750100274302,0.1,1,396,65,1.00726495151671,0.9952525682633286,0.9826238105803541,0.6813491945294446,0.9208192730227003,0.007749147251155407
rastrigin_mean_rotated_shifted_2d,2,ucb,constant,decay_uniform_grid_a5_6,9,uniform,0.8333333333333334,400,38,35.84750100274302,0.095,2,328,62,0.5094110579765943,0.49980516924361496,0.9930880365181571,0.7057671588663146,0.9410667057004747,0.01008381568117855
rastrigin_mean_rotated_shifted_2d,2,ucb,constant,decay_uniform_grid_a7_6,0,uniform,1.1666666666666667,400,9,9.430928479597794,0.0225,2,366,18,0.5134339610002776,0.49750751138626015,0.9864452518658228,0.7696969238290141,0.950274384691455,0.0074238002303426915
rastrigin_mean_rotated_shifted_2d,2,ucb,constant,decay_uniform_grid_a7_6,1,uniform,1.1666666666666667,400,9,9.430928479597794,0.0225,1,87,15,1.0715249143541428,0.9958610852178467,0.8815581643480708,0.6174198523858627,0.8030616478357818,0.007005539249259702
rastrigin_mean_rotated_shifted_2d,2,ucb,constant,decay_uniform_grid_a7_6,10,uniform,1.1666666666666667,400,10,9.430928479597794,0.025,3,384,18,2.0059491811836665,1.995603533193762,0.8124002036888206,0.5272709256007698,0.6928610473720337,0.007818844523110947
rastrigin_mean_rotated_shifted_2d,2,ucb,constant,decay_uniform_grid_a7_6,11,uniform,1.1666666666666667,400,10,9.430928479597794,0.025,1,121,17,0.5338664867344516,0.4984010812135544,0.9530834898454672,0.7031128742677907,0.887328121684719,0.00676140434104012
rastrigin_mean_rotated_shifted_2d,2,ucb,constant,decay_uniform_grid_a7_6,12,uniform,1.1666666666666667,400,11,9.430928479597794,0.0275,1,308,21,0.5425445754704405,0.49755718379059566,0.8649666419410681,0.5300990442075202,0.7207840961630917,0.007530211214298464
rastrigin_mean_rotated_shifted_2d,2,ucb,constant,decay_uniform_grid_a7_6,13,uniform,1.1666666666666667,400,9,9.430928479597794,0.0225,5,352,18,0.5020369438985917,0.49828768029728465,0.9635909044166813,0.7057648794596751,0.8999825346401008,0.00752896905892785
rastrigin_mean_rotated_shifted_2d,2,ucb,constant,decay_uniform_grid_a7_6,14,uniform,1.1666666666666667,400,9,9.430928479597794,0.0225,4,157,18,0.5257025308819028,0.4980608469226784,0.8676306886972571,0.5819831198375038,0.7778523631264729,0.0067667974627111235
rastrigin_mean_rotated_shifted_2d,2,ucb,constant,decay_uniform_grid_a7_6,15,uniform,1.1666666666666667,400,9,9.430928479597794,0.0225,2,306,18,0.5095105738979022,0.4978029678069298,0.8497023235390586,0.5355550955319519,0.7067567705339325,0.0077047619727187155
rastrigin_mean_rotated_shifted_2d,2,ucb,constant,decay_uniform_grid_a7_6,16,uniform,1.1666666666666667,400,9,9.430928479597794,0.0225,5,353,16,1.211502673255172,1.0128597847651655,0.8058351981328447,0.533456039759546,0.7112456803139194,0.01356068589310741
rastrigin_mean_rotated_shifted_2d,2,ucb,constant,decay_uniform_grid_a7_6,17,uniform,1.1666666666666667,400,7,9.430928479597794,0.0175,4,168,14,0.012822881118344398,0.0005394595764016685,0.9226460664970408,0.6203329884245017,0.8011353934416252,0.010090120687922867
rastrigin_mean_rotated_shifted_2d,2,ucb,constant,decay_uniform_grid_a7_6,18,uniform,1.1666666666666667,400,10,9.430928479597794,0.025,3,326,18,0.9994453016251867,0.9954737076885287,0.97830958621115,0.7305739940847743,0.9148702207347068,0.017009400785348645
rastrigin_mean_rotated_shifted_2d,2,ucb,constant,decay_uniform_grid_a7_6,19,uniform,1.1666666666666667,400,11,9.430928479597794,0.0275,1,371,21,0.9967077857385256,0.998372962754912,0.948583236971905,0.6350502705450494,0.8660887026863576,0.010849053676629875
rastrigin_mean_rotated_shifted_2d,2,ucb,constant,decay_uniform_grid_a7_6,2,uniform,1.1666666666666667,400,7,9.430928479597794,0.0175,23,337,14,0.5225513007938662,0.4976454282391991,0.9110619915967851,0.5884706644826405,0.7794814083663746,0.0066035772134182
rastrigin_mean_rotated_shifted_2d,2,ucb,constant,decay_uniform_grid_a7_6,20,uniform,1.1666666666666667,400,15,9.430928479597794,0.0375,3,334,30,0.5033471416798818,0.49749152968997734,0.9167487822801729,0.6205406796971429,0.8169520890050823,0.009682071051465027
rastrigin_mean_rotated_shifted_2d,2,ucb,constant,decay_uniform_grid_a7_6,21,uniform,1.1666666666666667,400,6,9.430928479597794,0.015,20,208,12,2.016063723800454,1.9932906731558209,0.8896621884911649,0.606449729855397,0.7828339227883131,0.006667240919723018
rastrigin_mean_rotated_shifted_2d,2,ucb,constant,decay_uniform_grid_a7_6,22,uniform,1.1666666666666667,400,11,9.430928479597794,0.0275,6,364,22,1.0055263523035585,0.995430473334169,0.9636109528655735,0.6661475898469749,0.8619402076229457,0.008253120448568208
rastrigin_mean_rotated_shifted_2d,2,ucb,constant,decay_uniform_grid_a7_6,23,uniform,1.1666666666666667,400,11,9.430928479597794,0.0275,1,273,21,0.5001841101049305,0.4975761383479842,0.9510888322825968,0.6933125444478359,0.8991245620849305,0.007996611935074727
rastrigin_mean_rotated_shifted_2d,2,ucb,constant,decay_uniform_grid_a7_6,24,uniform,1.1666666666666667,400,7,9.430928479597794,0.0175,4,88,14,0.016473224475086923,0.004838063535812509,0.9943525637535623,0.8011885717238334,0.9713568048279289,0.008865433396257652
rastrigin_mean_rotated_shifted_2d,2,ucb,constant,decay_uniform_grid_a7_6,25,uniform,1.1666666666666667,400,5,9.430928479597794,0.0125,11,310,10,0.10461149529011848,0.05637282236593322,0.8839212972440829,0.5917169090457619,0.7680920515881045,0.0093980544339796
rastrigin_mean_rotated_shifted_2d,2,ucb,constant,decay_uniform_grid_a7_6,26,uniform,1.1666666666666667,400,11,9.430928479597794,0.0275,1,354,19,0.9957002568722508,0.9950960454373892,0.8260161585825174,0.5261155705592185,0.7006135068963739,0.008190783377877027
rastrigin_mean_rotated_shifted_2d,2,ucb,constant,decay_uniform_grid_a7_6,27,uniform,1.1666666666666667,400,6,9.430928479597794,0.015,12,346,12,0.5230226343564528,0.5051140179418532,0.8862481287462546,0.6052349532356635,0.7932550242745056,0.011642511034783073
rastrigin_mean_rotated_shifted_2d,2,ucb,constant,decay_uniform_grid_a7_6,28,uniform,1.1666666666666667,400,4,9.430928479597794,0.01,3,79,8,2.5046314031084744,2.4875686904127345,0.8542681064586299,0.5817383302757626,0.7580541052615336,0.006535789183081085
rastrigin_mean_rotated_shifted_2d,2,ucb,constant,decay_uniform_grid_a7_6,29,uniform,1.1666666666666667,400,10,9.430928479597794,0.025,2,233,20,2.5212973679096367,2.487424160127314,0.9228446860445155,0.6070988785690876,0.7972698987794639,0.0058037922394846685
rastrigin_mean_rotated_shifted_2d,2,ucb,constant,decay_uniform_grid_a7_6,3,uniform,1.1666666666666667,400,12,9.430928479597794,0.03,1,372,19,0.513323980417649,0.4977498778211089,0.9186728648420162,0.6565887586855641,0.8417134446820433,0.005845508226428729
rastrigin_mean_rotated_shifted_2d,2,ucb,constant,decay_uniform_grid_a7_6,30,uniform,1.1666666666666667,400,9,9.430928479597794,0.0225,2,100,18,0.99945483572127,0.995101988866832,0.9269129397050362,0.6425341986111011,0.8103005514626163,0.006025732320298176
rastrigin_mean_rotated_shifted_2d,2,ucb,constant,decay_uniform_grid_a7_6,31,uniform,1.1666666666666667,400,7,9.430928479597794,0.0175,1,194,13,1.004303191649882,0.995032829730583,0.9661768187592755,0.7299821678899756,0.9140819515848753,0.010842271551358498
rastrigin_mean_rotated_shifted_2d,2,ucb,constant,decay_uniform_grid_a7_6,32,uniform,1.1666666666666667,400,13,9.430928479597794,0.0325,1,213,23,2.4949889375815557,2.4875223603896863,0.9009809946931273,0.6542305232809673,0.8442041365034965,0.005689156904012183
rastrigin_mean_rotated_shifted_2d,2,ucb,constant,decay_uniform_grid_a7_6,33,uniform,1.1666666666666667,400,12,9.430928479597794,0.03,3,248,22,1.9997033872376662,1.9899263518100163,0.957914468545857,0.6795866229500364,0.8805730622189517,0.007274624256917965
rastrigin_mean_rotated_shifted_2d,2,ucb,constant,decay_uniform_grid_a7_6,34,uniform,1.1666666666666667,400,4,9.430928479597794,0.01,1,308,7,0.9983321732764097,0.9960398399826111,0.7893818737417381,0.5075857920529793,0.6618367406387077,0.006801301195022734
rastrigin_mean_rotated_shifted_2d,2,ucb,constant,decay_uniform_grid_a7_6,4,uniform,1.1666666666666667,400,11,9.430928479597794,0.0275,1,312,21,0.9970211533885092,0.9953057053505852,0.95831091410505,0.7063787304015556,0.8968572869408092,0.0068521225965367805
rastrigin_mean_rotated_shifted_2d,2,ucb,constant,decay_uniform_grid_a7_6,5,uniform,1.1666666666666667,400,9,9.430928479597794,0.0225,2,275,18,0.49777828574590366,0.4975703027302174,0.8463067211300617,0.5320800109208699,0.7014235392511475,0.005410601112338068
rastrigin_mean_rotated_shifted_2d,2,ucb,constant,decay_uniform_grid_a7_6,6,uniform,1.1666666666666667,400,11,9.430928479597794,0.0275,2,398,18,0.5098993255501938,0.49796101389526193,0.9739423304846679,0.6905931745542225,0.901368713323144,0.009637482888183307
rastrigin_mean_rotated_shifted_2d,2,ucb,constant,decay_uniform_grid_a7_6,7,uniform,1.1666666666666667,400,14,9.430928479597794,0.035,3,322,26,1.1282768706009154,1.580077598598745,0.9481868164541154,0.6869186345529947,0.8872809474536926,0.011390510150724993
rastrigin_mean_rotated_shifted_2d,2,ucb,constant,decay_uniform_grid_a7_6,8,uniform,1.1666666666666667,400,8,9.430928479597794,0.02,1,329,9,1.019904062360828,0.9963782199284665,0.8923752120321996,0.5877252369671602,0.7869328162109783,0.005689059045759602
rastrigin_mean_rotated_shifted_2d,2,ucb,constant,decay_uniform_grid_a7_6,9,uniform,1.1666666666666667,400,10,9.430928479597794,0.025,2,200,16,2.5512766939099514,2.492185257863637,0.8844642529827358,0.5981948587091993,0.7905636374443529,0.009137083570006376
rastrigin_mean_rotated_shifted_2d,2,ucb,constant,standard,0,none,nan,400,0,0.0,0.0,,,0,2.521439454181575,2.4901257186982857,0.7721235043540103,0.4539823364816121,0.6032372944270251,0.007831804765567529
rastrigin_mean_rotated_shifted_2d,2,ucb,constant,standard,1,none,nan,400,0,0.0,0.0,,,0,1.00374160761368,0.995092050613831,0.9999999999995764,0.9866816452200944,0.9999999978992199,0.010762903433298648
rastrigin_mean_rotated_shifted_2d,2,ucb,constant,standard,10,none,nan,400,0,0.0,0.0,,,0,0.011626978867592896,2.272628023369805e-05,0.9416733675177572,0.6890610851346464,0.8800472810206776,0.008569252078457892
rastrigin_mean_rotated_shifted_2d,2,ucb,constant,standard,11,none,nan,400,0,0.0,0.0,,,0,0.5211264586417688,0.49748140017792863,0.8435135913881643,0.523208690647113,0.6839351972455077,0.007463181457033833
rastrigin_mean_rotated_shifted_2d,2,ucb,constant,standard,12,none,nan,400,0,0.0,0.0,,,0,0.49903755407709127,0.49775773512956434,0.892854688693715,0.6214926433225283,0.8030223793678785,0.006012388723206702
rastrigin_mean_rotated_shifted_2d,2,ucb,constant,standard,13,none,nan,400,0,0.0,0.0,,,0,0.5012107890192805,0.4975202125223621,0.7545120637648605,0.46417045705561955,0.6055906347995127,0.007238634636908231
rastrigin_mean_rotated_shifted_2d,2,ucb,constant,standard,14,none,nan,400,0,0.0,0.0,,,0,0.5253713059152467,0.498111360820225,0.8719276031922404,0.5576664569550588,0.7302790697482235,0.00780859411011922
rastrigin_mean_rotated_shifted_2d,2,ucb,constant,standard,15,none,nan,400,0,0.0,0.0,,,0,0.5159145143277115,0.4977484702983297,0.9999999991632982,0.9789705809963711,0.999999821013343,0.014554778295746204
rastrigin_mean_rotated_shifted_2d,2,ucb,constant,standard,16,none,nan,400,0,0.0,0.0,,,0,0.06909921491590154,0.002998628346780663,0.8638920930189784,0.5126004040345199,0.6703606067334827,0.007337109226169843
rastrigin_mean_rotated_shifted_2d,2,ucb,constant,standard,17,none,nan,400,0,0.0,0.0,,,0,0.03832866689593217,4.484741026544725e-06,0.7172304381915878,0.4800890115526163,0.6205109410520776,0.006127359869867707
rastrigin_mean_rotated_shifted_2d,2,ucb,constant,standard,18,none,nan,400,0,0.0,0.0,,,0,1.050340263682461,1.004012980950181,0.757787476892816,0.49776915010738854,0.6496944260999239,0.00724610701648348
rastrigin_mean_rotated_shifted_2d,2,ucb,constant,standard,19,none,nan,400,0,0.0,0.0,,,0,0.5038197023541731,0.4978631189203604,0.8231081323670988,0.5542447321831745,0.7238878005200245,0.009046604867385795
rastrigin_mean_rotated_shifted_2d,2,ucb,constant,standard,2,none,nan,400,0,0.0,0.0,,,0,0.5315913544497537,0.4975627736181991,0.7320634301168534,0.4476017843352998,0.588225430905042,0.005998870334535499
rastrigin_mean_rotated_shifted_2d,2,ucb,constant,standard,20,none,nan,400,0,0.0,0.0,,,0,0.5023574324271252,0.4977947977829409,0.8493847582864715,0.5635855819915289,0.7514347078219166,0.005810006151234588
rastrigin_mean_rotated_shifted_2d,2,ucb,constant,standard,21,none,nan,400,0,0.0,0.0,,,0,2.0122100084026666,1.9899690416614444,0.8487369410221358,0.525838471870914,0.6968365630318135,0.006473119344653455
rastrigin_mean_rotated_shifted_2d,2,ucb,constant,standard,22,none,nan,400,0,0.0,0.0,,,0,0.5018389165320976,0.4977866012239751,0.9255644396997662,0.6690619221528298,0.8487325309376436,0.006499271922252353
rastrigin_mean_rotated_shifted_2d,2,ucb,constant,standard,23,none,nan,400,0,0.0,0.0,,,0,0.5595044584499291,0.49782660264492407,0.8635247361752378,0.5730306158349705,0.7554451815845622,0.005441639967747863
rastrigin_mean_rotated_shifted_2d,2,ucb,constant,standard,24,none,nan,400,0,0.0,0.0,,,0,1.0210940267429969,0.9949862012261157,0.8912249129200465,0.589387832523966,0.7706036661636729,0.006383221931551233
rastrigin_mean_rotated_shifted_2d,2,ucb,constant,standard,25,none,nan,400,0,0.0,0.0,,,0,2.4981592422132692,2.487632460789394,0.8875394206613948,0.6113621604497186,0.7935737500522622,0.008082204140824554
rastrigin_mean_rotated_shifted_2d,2,ucb,constant,standard,26,none,nan,400,0,0.0,0.0,,,0,2.4960851075430757,2.487817373334579,0.8276430841124356,0.5665006619441477,0.7341722851345727,0.00591454897331574
rastrigin_mean_rotated_shifted_2d,2,ucb,constant,standard,27,none,nan,400,0,0.0,0.0,,,0,0.505454776786129,0.4976335860228662,0.9223132552707949,0.6547235368612963,0.8373698409025194,0.0060709887098922
rastrigin_mean_rotated_shifted_2d,2,ucb,constant,standard,28,none,nan,400,0,0.0,0.0,,,0,2.5050281364516254,2.4876107182788143,0.8028094073007893,0.5271938778791576,0.6783238444068993,0.006516966735237292
rastrigin_mean_rotated_shifted_2d,2,ucb,constant,standard,29,none,nan,400,0,0.0,0.0,,,0,0.009377788541463872,5.9631721720521114e-05,0.886349201811661,0.5971315560979429,0.7891466559760356,0.009585489591845742
rastrigin_mean_rotated_shifted_2d,2,ucb,constant,standard,3,none,nan,400,0,0.0,0.0,,,0,1.0130107902252306,0.995204285765638,0.889681343078664,0.5949049442996805,0.7697823394589466,0.006104437072102014
rastrigin_mean_rotated_shifted_2d,2,ucb,constant,standard,30,none,nan,400,0,0.0,0.0,,,0,0.5211542092094206,0.5080291938796897,0.905923602929379,0.5974444632876269,0.7951110379063955,0.008744135802148693
rastrigin_mean_rotated_shifted_2d,2,ucb,constant,standard,31,none,nan,400,0,0.0,0.0,,,0,0.5003858627000817,0.49773089023711137,0.82780144087519,0.5240808068948826,0.6952672560604207,0.009405714888434884
rastrigin_mean_rotated_shifted_2d,2,ucb,constant,standard,32,none,nan,400,0,0.0,0.0,,,0,2.5198273153408914,2.488477960142089,0.8051984499489179,0.5220625635057033,0.6884692218896656,0.005967601012477303
rastrigin_mean_rotated_shifted_2d,2,ucb,constant,standard,33,none,nan,400,0,0.0,0.0,,,0,0.014111330642135655,5.6592249924491966e-05,0.9999999999784991,0.9870828005471435,0.9999999680607239,0.012056591069842536
rastrigin_mean_rotated_shifted_2d,2,ucb,constant,standard,34,none,nan,400,0,0.0,0.0,,,0,2.4927407017414396,2.4884047408865895,0.8169958982917124,0.53805394273266,0.7148369871632917,0.00836201127551395
rastrigin_mean_rotated_shifted_2d,2,ucb,constant,standard,4,none,nan,400,0,0.0,0.0,,,0,0.5003201821901371,0.49859871462581395,0.8255284944022908,0.5461909783235045,0.7296668682041446,0.008186510317263933
rastrigin_mean_rotated_shifted_2d,2,ucb,constant,standard,5,none,nan,400,0,0.0,0.0,,,0,0.5189177005485774,0.4975015257249815,0.7606636953500923,0.49652293721415264,0.6445400398338721,0.006891312184647001
rastrigin_mean_rotated_shifted_2d,2,ucb,constant,standard,6,none,nan,400,0,0.0,0.0,,,0,0.9968797713945214,0.9950434057836368,0.8620730844191273,0.5535909640257787,0.7155546348050416,0.005796414599758087
rastrigin_mean_rotated_shifted_2d,2,ucb,constant,standard,7,none,nan,400,0,0.0,0.0,,,0,2.501971499330006,2.487588275798263,0.8630324164605012,0.6178762376240013,0.7897321246170771,0.005626471637413601
rastrigin_mean_rotated_shifted_2d,2,ucb,constant,standard,8,none,nan,400,0,0.0,0.0,,,0,1.0082862548527753,0.9953253446377719,0.8388730400805202,0.58081792367599,0.746314144499819,0.00874729216967178
rastrigin_mean_rotated_shifted_2d,2,ucb,constant,standard,9,none,nan,400,0,0.0,0.0,,,0,4.519305641942787,4.4774270361969615,0.7801608788056575,0.5094958759622203,0.6563692960753126,0.005807257296537313
rastrigin_mean_rotated_shifted_30d,30,ucb,constant,decay_uniform_grid_a1,0,uniform,1.0,400,11,17.8984421298378,0.0275,2,366,22,11.96737092139727,11.96737092139727,1.0,0.9999999999999611,1.0,0.9999999999999714
rastrigin_mean_rotated_shifted_30d,30,ucb,constant,decay_uniform_grid_a1,1,uniform,1.0,400,21,17.8984421298378,0.0525,1,280,37,10.664803469384783,10.664803469384783,1.0,0.9999999999997448,0.9999999999999998,0.9999999999999889
rastrigin_mean_rotated_shifted_30d,30,ucb,constant,decay_uniform_grid_a1,10,uniform,1.0,400,15,17.8984421298378,0.0375,3,384,24,4.289939024136689,4.227450336794149,0.9999999999999999,0.999999999991227,0.9999999999999943,0.8602659098196676
rastrigin_mean_rotated_shifted_30d,30,ucb,constant,decay_uniform_grid_a1,11,uniform,1.0,400,20,17.8984421298378,0.05,1,391,37,12.273062745656425,12.273062745656425,1.0,0.9999999999999728,1.0,0.9999999999999803
rastrigin_mean_rotated_shifted_30d,30,ucb,constant,decay_uniform_grid_a1,12,uniform,1.0,400,23,17.8984421298378,0.0575,1,392,43,6.643856398170957,6.643856398170957,1.0,0.9999999999997691,0.9999999999999998,0.9999999999972645
rastrigin_mean_rotated_shifted_30d,30,ucb,constant,decay_uniform_grid_a1,13,uniform,1.0,400,22,17.8984421298378,0.055,2,352,36,5.051292598954526,5.051292598954526,1.0,0.9999999999995888,0.9999999999999999,0.9999999999997735
rastrigin_mean_rotated_shifted_30d,30,ucb,constant,decay_uniform_grid_a1,14,uniform,1.0,400,18,17.8984421298378,0.045,4,317,34,10.764909042788982,10.69321629330828,0.9999999999999999,0.9999999999976026,0.9999999999999944,0.9999999999985871
rastrigin_mean_rotated_shifted_30d,30,ucb,constant,decay_uniform_grid_a1,15,uniform,1.0,400,18,17.8984421298378,0.045,2,306,34,8.566435965128544,8.569899823101718,0.999999999999999,0.9999999999815057,0.9999999999999615,0.9999999999973509
rastrigin_mean_rotated_shifted_30d,30,ucb,constant,decay_uniform_grid_a1,16,uniform,1.0,400,18,17.8984421298378,0.045,5,353,30,11.639463156893061,11.639463156893061,1.0,0.9999999999999993,1.0,0.9999999999999999
rastrigin_mean_rotated_shifted_30d,30,ucb,constant,decay_uniform_grid_a1,17,uniform,1.0,400,15,17.8984421298378,0.0375,4,386,28,8.748217495255991,8.748217495255991,1.0,0.9999999999993346,0.9999999999999991,0.9999999999998958
rastrigin_mean_rotated_shifted_30d,30,ucb,constant,decay_uniform_grid_a1,18,uniform,1.0,400,16,17.8984421298378,0.04,3,326,30,12.78643061956793,12.78643061956793,1.0,0.9999999999999989,1.0,0.9999999999999999
rastrigin_mean_rotated_shifted_30d,30,ucb,constant,decay_uniform_grid_a1,19,uniform,1.0,400,20,17.8984421298378,0.05,1,371,33,10.120616133171039,10.120616133171039,1.0,0.9999999999974842,0.999999999999999,0.999999999999534
rastrigin_mean_rotated_shifted_30d,30,ucb,constant,decay_uniform_grid_a1,2,uniform,1.0,400,16,17.8984421298378,0.04,1,390,29,3.917423695362986,3.810193740776237,0.9987198957600528,0.9942879525282953,0.9973167656504364,0.9999360020067979
rastrigin_mean_rotated_shifted_30d,30,ucb,constant,decay_uniform_grid_a1,20,uniform,1.0,400,20,17.8984421298378,0.05,3,334,38,11.829321015656319,11.801109652133574,0.9999999999999999,0.9999999999928847,0.9999999999999969,0.9999999999969628
rastrigin_mean_rotated_shifted_30d,30,ucb,constant,decay_uniform_grid_a1,21,uniform,1.0,400,16,17.8984421298378,0.04,13,337,28,13.020205866565561,13.020205866565561,1.0,1.0,1.0,1.0
rastrigin_mean_rotated_shifted_30d,30,ucb,constant,decay_uniform_grid_a1,22,uniform,1.0,400,22,17.8984421298378,0.055,6,392,40,9.648151033237495,9.648151033237495,1.0,0.9999999999987398,0.9999999999999982,0.999999999993932
rastrigin_mean_rotated_shifted_30d,30,ucb,constant,decay_uniform_grid_a1,23,uniform,1.0,400,22,17.8984421298378,0.055,1,316,43,8.365213601988195,8.365213601988195,0.9999999999999999,0.9999999999958133,0.9999999999999953,0.9999999999981536
rastrigin_mean_rotated_shifted_30d,30,ucb,constant,decay_uniform_grid_a1,24,uniform,1.0,400,13,17.8984421298378,0.0325,4,179,26,12.477048382245657,12.477048382245657,1.0,0.9999999999999999,1.0,1.0
rastrigin_mean_rotated_shifted_30d,30,ucb,constant,decay_uniform_grid_a1,25,uniform,1.0,400,9,17.8984421298378,0.0225,11,310,18,1.647227320250433,1.647227320250433,0.9983532796802546,0.9919888199233844,0.9960189158078094,0.9999027948398153
rastrigin_mean_rotated_shifted_30d,30,ucb,constant,decay_uniform_grid_a1,26,uniform,1.0,400,15,17.8984421298378,0.0375,1,385,27,10.342839364235495,10.342839364235495,1.0,0.9999999999998384,0.9999999999999999,0.9999999999999715
rastrigin_mean_rotated_shifted_30d,30,ucb,constant,decay_uniform_grid_a1,27,uniform,1.0,400,15,17.8984421298378,0.0375,5,346,30,6.887926516122133,6.887926516122133,0.9999999999999999,0.9999999999534487,0.9999999999999798,0.9999999999931769
rastrigin_mean_rotated_shifted_30d,30,ucb,constant,decay_uniform_grid_a1,28,uniform,1.0,400,16,17.8984421298378,0.04,1,344,29,12.175770056566611,12.175770056566611,1.0,0.9999999999992039,0.9999999999999997,0.9999999999988417
rastrigin_mean_rotated_shifted_30d,30,ucb,constant,decay_uniform_grid_a1,29,uniform,1.0,400,16,17.8984421298378,0.04,2,261,32,13.82437078213132,13.82437078213132,1.0,1.0,1.0,1.0
rastrigin_mean_rotated_shifted_30d,30,ucb,constant,decay_uniform_grid_a1,3,uniform,1.0,400,20,17.8984421298378,0.05,1,381,31,4.448450487575512,4.4408932495790765,1.0,0.9999999999987348,0.9999999999999997,0.9999999999997018
rastrigin_mean_rotated_shifted_30d,30,ucb,constant,decay_uniform_grid_a1,30,uniform,1.0,400,20,17.8984421298378,0.05,2,356,38,4.067317022579954,4.06728504254172,0.9999999999992355,0.9999999979763684,0.9999999999816704,0.999999996521402
rastrigin_mean_rotated_shifted_30d,30,ucb,constant,decay_uniform_grid_a1,31,uniform,1.0,400,12,17.8984421298378,0.03,1,335,23,6.377284520676578,6.377284520676578,0.9999999999999999,0.9999999999976434,0.9999999999999986,0.9999999999994377
rastrigin_mean_rotated_shifted_30d,30,ucb,constant,decay_uniform_grid_a1,32,uniform,1.0,400,23,17.8984421298378,0.0575,1,334,43,6.4394633929249325,6.4394633929249325,1.0,0.999999999997551,0.9999999999999993,0.15845674965577694
rastrigin_mean_rotated_shifted_30d,30,ucb,constant,decay_uniform_grid_a1,33,uniform,1.0,400,18,17.8984421298378,0.045,3,248,34,5.948254796925382,5.948254796925382,0.9999999999999998,0.9999999999963181,0.9999999999999937,0.9999999999837674
rastrigin_mean_rotated_shifted_30d,30,ucb,constant,decay_uniform_grid_a1,34,uniform,1.0,400,15,17.8984421298378,0.0375,1,384,27,12.38781809328884,12.38781809328884,1.0,0.9999999999998819,0.9999999999999999,0.9999999999977864
rastrigin_mean_rotated_shifted_30d,30,ucb,constant,decay_uniform_grid_a1,4,uniform,1.0,400,23,17.8984421298378,0.0575,1,337,41,2.0590020041109955,2.0046937855364084,0.9999999999999999,0.9999999999963256,0.9999999999999966,0.10337039835290118
rastrigin_mean_rotated_shifted_30d,30,ucb,constant,decay_uniform_grid_a1,5,uniform,1.0,400,19,17.8984421298378,0.0475,2,365,34,4.376061599574077,4.386050358605128,0.9999999999950493,0.9999999947539198,0.9999999999170331,0.15611849428644525
rastrigin_mean_rotated_shifted_30d,30,ucb,constant,decay_uniform_grid_a1,6,uniform,1.0,400,15,17.8984421298378,0.0375,2,398,22,9.061594793869507,9.061594793869507,1.0,0.9999999999960235,0.9999999999999967,0.9999999999988317
rastrigin_mean_rotated_shifted_30d,30,ucb,constant,decay_uniform_grid_a1,7,uniform,1.0,400,22,17.8984421298378,0.055,3,322,32,12.17760374498876,12.17760374498876,1.0,1.0,1.0,1.0
rastrigin_mean_rotated_shifted_30d,30,ucb,constant,decay_uniform_grid_a1,8,uniform,1.0,400,18,17.8984421298378,0.045,1,391,29,12.857880499945459,12.857880499945459,1.0,0.9999999999999637,1.0,0.9999999999999969
rastrigin_mean_rotated_shifted_30d,30,ucb,constant,decay_uniform_grid_a1,9,uniform,1.0,400,19,17.8984421298378,0.0475,2,328,30,13.1098461755544,13.1098461755544,1.0,0.9999999999999287,1.0,0.9999999999999567
rastrigin_mean_rotated_shifted_30d,30,ucb,constant,decay_uniform_grid_a1_2,0,uniform,0.5,400,138,164.03031799806755,0.345,2,399,174,12.422075820459392,12.422075820459392,1.0,0.9999999999999889,1.0,0.9999999999999357
rastrigin_mean_rotated_shifted_30d,30,ucb,constant,decay_uniform_grid_a1_2,1,uniform,0.5,400,165,164.03031799806755,0.4125,1,398,177,6.651028488001089,6.6624721624198635,1.0,0.999999999998978,0.9999999999999971,0.43571432646638525
rastrigin_mean_rotated_shifted_30d,30,ucb,constant,decay_uniform_grid_a1_2,10,uniform,0.5,400,162,164.03031799806755,0.405,1,399,171,6.054406623380585,6.025557091097324,0.9999999999999993,0.9999999999937501,0.9999999999999823,0.9999999999999666
rastrigin_mean_rotated_shifted_30d,30,ucb,constant,decay_uniform_grid_a1_2,11,uniform,0.5,400,164,164.03031799806755,0.41,1,399,185,11.098133131250819,11.098133131250819,1.0,0.99999999999966,1.0,0.9999999999995479
rastrigin_mean_rotated_shifted_30d,30,ucb,constant,decay_uniform_grid_a1_2,12,uniform,0.5,400,151,164.03031799806755,0.3775,1,398,163,1.9071727568139656,1.8353087940071608,0.9999999999999999,0.9999999999962885,0.9999999999999943,0.09347793532691637
rastrigin_mean_rotated_shifted_30d,30,ucb,constant,decay_uniform_grid_a1_2,13,uniform,0.5,400,167,164.03031799806755,0.4175,2,398,190,9.841140837025156,9.841140837025156,0.9999999999999998,0.9999999999911844,0.9999999999999597,0.9999999999868607
rastrigin_mean_rotated_shifted_30d,30,ucb,constant,decay_uniform_grid_a1_2,14,uniform,0.5,400,172,164.03031799806755,0.43,2,398,184,5.104777672448169,5.073980022138159,0.9999999999999999,0.9999999999953431,0.9999999999999973,0.9999999999946171
rastrigin_mean_rotated_shifted_30d,30,ucb,constant,decay_uniform_grid_a1_2,15,uniform,0.5,400,173,164.03031799806755,0.4325,2,400,181,10.422760935467627,10.422760935467627,0.9999999999999989,0.9999999999869822,0.9999999999999567,0.999999999974355
rastrigin_mean_rotated_shifted_30d,30,ucb,constant,decay_uniform_grid_a1_2,16,uniform,0.5,400,159,164.03031799806755,0.3975,5,398,188,4.251457258398642,4.266990278054445,0.9999999999994896,0.9999999984198555,0.9999999999799827,0.1549965406089418
rastrigin_mean_rotated_shifted_30d,30,ucb,constant,decay_uniform_grid_a1_2,17,uniform,0.5,400,168,164.03031799806755,0.42,1,400,186,12.676943905776584,12.676943905776584,1.0,0.9999999999998382,0.9999999999999998,0.9999999999999994
rastrigin_mean_rotated_shifted_30d,30,ucb,constant,decay_uniform_grid_a1_2,18,uniform,0.5,400,167,164.03031799806755,0.4175,1,388,201,4.889272161483418,4.889272161483418,1.0,0.9999999999709251,0.9999999999999983,0.999999999983984
rastrigin_mean_rotated_shifted_30d,30,ucb,constant,decay_uniform_grid_a1_2,19,uniform,0.5,400,154,164.03031799806755,0.385,1,396,177,12.621192755015405,12.621192755015405,1.0,0.9999999999998984,1.0,0.9999999999999806
rastrigin_mean_rotated_shifted_30d,30,ucb,constant,decay_uniform_grid_a1_2,2,uniform,0.5,400,181,164.03031799806755,0.4525,1,400,204,7.231671001600785,7.231671001600785,0.9999999999999999,0.9999999999970426,0.9999999999999891,0.9999999999983812
rastrigin_mean_rotated_shifted_30d,30,ucb,constant,decay_uniform_grid_a1_2,20,uniform,0.5,400,166,164.03031799806755,0.415,3,386,186,5.831985266452834,5.826372002362556,0.9999999997145311,0.9999998987082206,0.9999999932248774,0.15410079527567794
rastrigin_mean_rotated_shifted_30d,30,ucb,constant,decay_uniform_grid_a1_2,21,uniform,0.5,400,155,164.03031799806755,0.3875,3,398,184,12.648548104218436,12.648548104218436,1.0,1.0,1.0,1.0
rastrigin_mean_rotated_shifted_30d,30,ucb,constant,decay_uniform_grid_a1_2,22,uniform,0.5,400,186,164.03031799806755,0.465,4,400,185,9.187898652222701,9.187898652222701,0.9999999999999999,0.9999999999854716,0.9999999999999819,0.9999999999999771
rastrigin_mean_rotated_shifted_30d,30,ucb,constant,decay_uniform_grid_a1_2,23,uniform,0.5,400,157,164.03031799806755,0.3925,1,398,185,7.398132642440145,7.398132642440145,1.0,0.9999999999997452,0.9999999999999998,0.9999999999998757
rastrigin_mean_rotated_shifted_30d,30,ucb,constant,decay_uniform_grid_a1_2,24,uniform,0.5,400,161,164.03031799806755,0.4025,1,397,169,1.5592231042669908,1.3524085981197458,0.9988770508905934,0.9932357298109733,0.9966959495502964,0.9999316165451281
rastrigin_mean_rotated_shifted_30d,30,ucb,constant,decay_uniform_grid_a1_2,25,uniform,0.5,400,155,164.03031799806755,0.3875,2,396,178,8.062057672462284,8.062057672462284,0.9999999999999999,0.9999999999989027,0.9999999999999982,0.9999999999994795
rastrigin_mean_rotated_shifted_30d,30,ucb,constant,decay_uniform_grid_a1_2,26,uniform,0.5,400,168,164.03031799806755,0.42,1,400,196,3.883872370151431,3.883872370151431,0.9999999999999999,0.9999999999971433,0.9999999999999963,0.999999999999151
rastrigin_mean_rotated_shifted_30d,30,ucb,constant,decay_uniform_grid_a1_2,27,uniform,0.5,400,153,164.03031799806755,0.3825,1,397,167,3.249682130794843,3.1350064211433732,0.9999999999999999,0.9999999999821725,0.999999999999997,0.9999999999998669
rastrigin_mean_rotated_shifted_30d,30,ucb,constant,decay_uniform_grid_a1_2,28,uniform,0.5,400,152,164.03031799806755,0.38,1,398,181,10.581377604618158,10.581377604618158,1.0,0.9999999999994866,0.9999999999999997,0.6484272435125572
rastrigin_mean_rotated_shifted_30d,30,ucb,constant,decay_uniform_grid_a1_2,29,uniform,0.5,400,157,164.03031799806755,0.3925,2,397,180,12.92830573830718,12.92830573830718,0.9999999999999147,0.999999999847653,0.9999999999983055,0.29581165383261687
rastrigin_mean_rotated_shifted_30d,30,ucb,constant,decay_uniform_grid_a1_2,3,uniform,0.5,400,147,164.03031799806755,0.3675,1,398,191,8.155000744498963,8.155000744498963,1.0,0.9999999999988176,0.9999999999999989,0.9999999999955594
rastrigin_mean_rotated_shifted_30d,30,ucb,constant,decay_uniform_grid_a1_2,30,uniform,0.5,400,170,164.03031799806755,0.425,1,400,172,12.141248674670699,12.141248674670699,1.0,0.9999999999991412,0.9999999999999997,0.9999999999999629
rastrigin_mean_rotated_shifted_30d,30,ucb,constant,decay_uniform_grid_a1_2,31,uniform,0.5,400,154,164.03031799806755,0.385,1,400,176,10.695356265552133,10.695356265552133,1.0,0.9999999999996982,0.9999999999999998,0.999999999999986
rastrigin_mean_rotated_shifted_30d,30,ucb,constant,decay_uniform_grid_a1_2,32,uniform,0.5,400,169,164.03031799806755,0.4225,1,399,193,9.453566560955561,9.453566560955561,0.9999999999999993,0.9999999999800202,0.9999999999999641,0.9999999999990788
rastrigin_mean_rotated_shifted_30d,30,ucb,constant,decay_uniform_grid_a1_2,33,uniform,0.5,400,164,164.03031799806755,0.41,2,394,204,8.366975721187654,8.366975721187654,1.0,0.999999999999061,0.9999999999999991,0.9999999999976348
rastrigin_mean_rotated_shifted_30d,30,ucb,constant,decay_uniform_grid_a1_2,34,uniform,0.5,400,169,164.03031799806755,0.4225,1,397,187,9.323840521138292,9.323840521138292,0.9999999999999991,0.9999999999927888,0.9999999999999781,0.7984726156526974
rastrigin_mean_rotated_shifted_30d,30,ucb,constant,decay_uniform_grid_a1_2,4,uniform,0.5,400,166,164.03031799806755,0.415,1,399,193,2.004669940703985,1.966556883633252,0.9999999999999999,0.999999999871596,0.9999999999999869,0.9999442420181373
rastrigin_mean_rotated_shifted_30d,30,ucb,constant,decay_uniform_grid_a1_2,5,uniform,0.5,400,178,164.03031799806755,0.445,2,399,210,7.311021548338764,7.311021548338764,0.9999999999999999,0.9999999999964639,0.9999999999999931,0.4024157429274428
rastrigin_mean_rotated_shifted_30d,30,ucb,constant,decay_uniform_grid_a1_2,6,uniform,0.5,400,156,164.03031799806755,0.39,2,398,180,7.542248681282292,7.542248681282292,1.0,0.9999999999979164,0.9999999999999957,0.2851342620027099
rastrigin_mean_rotated_shifted_30d,30,ucb,constant,decay_uniform_grid_a1_2,7,uniform,0.5,400,158,164.03031799806755,0.395,2,398,162,8.176126023886797,8.083772727075086,0.9999999999999998,0.9999999999938478,0.9999999999999905,0.1753158666293125
rastrigin_mean_rotated_shifted_30d,30,ucb,constant,decay_uniform_grid_a1_2,8,uniform,0.5,400,169,164.03031799806755,0.4225,1,399,177,8.016081023230889,8.016081023230889,1.0,0.999999999999349,0.9999999999999996,0.9999999999998368
rastrigin_mean_rotated_shifted_30d,30,ucb,constant,decay_uniform_grid_a1_2,9,uniform,0.5,400,164,164.03031799806755,0.41,2,400,185,7.309145969236522,7.416342915653814,0.9999999997680096,0.9999999544750265,0.999999998003742,0.9999999736373647
rastrigin_mean_rotated_shifted_30d,30,ucb,constant,decay_uniform_grid_a2_3,0,uniform,0.6666666666666666,400,65,75.21337704939067,0.1625,2,399,104,11.960018914772418,11.960018914772418,1.0,0.999999999999998,1.0,0.999999999999978
rastrigin_mean_rotated_shifted_30d,30,ucb,constant,decay_uniform_grid_a2_3,1,uniform,0.6666666666666666,400,73,75.21337704939067,0.1825,1,398,101,7.28134222932625,7.28134222932625,0.9999999999999999,0.9999999999954607,0.9999999999999909,0.9999999999985373
rastrigin_mean_rotated_shifted_30d,30,ucb,constant,decay_uniform_grid_a2_3,10,uniform,0.6666666666666666,400,70,75.21337704939067,0.175,1,395,107,8.862795520632574,8.862795520632574,0.9999999999999999,0.9999999999965912,0.9999999999999953,0.7223216118390031
rastrigin_mean_rotated_shifted_30d,30,ucb,constant,decay_uniform_grid_a2_3,11,uniform,0.6666666666666666,400,73,75.21337704939067,0.1825,1,397,103,9.8260119164779,9.809498331698203,0.9999999999999997,0.9999999999329612,0.9999999999998422,0.3798394556859949
rastrigin_mean_rotated_shifted_30d,30,ucb,constant,decay_uniform_grid_a2_3,12,uniform,0.6666666666666666,400,68,75.21337704939067,0.17,1,398,99,12.279030638157774,12.279030638157774,1.0,0.9999999999997883,0.9999999999999998,0.9999999999934575
rastrigin_mean_rotated_shifted_30d,30,ucb,constant,decay_uniform_grid_a2_3,13,uniform,0.6666666666666666,400,75,75.21337704939067,0.1875,2,381,114,9.12029469054667,9.12029469054667,1.0,0.9999999999976873,0.9999999999999946,0.21902441619023713
rastrigin_mean_rotated_shifted_30d,30,ucb,constant,decay_uniform_grid_a2_3,14,uniform,0.6666666666666666,400,76,75.21337704939067,0.19,4,389,116,7.0830018320768735,7.069577133569923,1.0,0.9999999999989873,0.9999999999999992,0.9999999999993135
rastrigin_mean_rotated_shifted_30d,30,ucb,constant,decay_uniform_grid_a2_3,15,uniform,0.6666666666666666,400,78,75.21337704939067,0.195,2,399,112,9.298278975559974,9.298278975559974,0.9999999999999996,0.9999999999039365,0.9999999999999576,0.7943600923003434
rastrigin_mean_rotated_shifted_30d,30,ucb,constant,decay_uniform_grid_a2_3,16,uniform,0.6666666666666666,400,70,75.21337704939067,0.175,5,390,112,11.639463156893061,11.639463156893061,1.0,0.9999999999999999,1.0,1.0
rastrigin_mean_rotated_shifted_30d,30,ucb,constant,decay_uniform_grid_a2_3,17,uniform,0.6666666666666666,400,80,75.21337704939067,0.2,1,394,127,11.414799908027826,11.370079822602754,1.0,0.999999999999493,0.9999999999999991,0.9999999999963042
rastrigin_mean_rotated_shifted_30d,30,ucb,constant,decay_uniform_grid_a2_3,18,uniform,0.6666666666666666,400,74,75.21337704939067,0.185,3,388,118,4.711594327414768,4.575271870496465,0.9999999999999987,0.9999999999573145,0.9999999999999672,0.1367446200104134
rastrigin_mean_rotated_shifted_30d,30,ucb,constant,decay_uniform_grid_a2_3,19,uniform,0.6666666666666666,400,69,75.21337704939067,0.1725,1,391,101,2.5124221556810955,2.179868642165198,0.9986013268059938,0.9931653457927865,0.9967450454322708,0.09286614924108384
rastrigin_mean_rotated_shifted_30d,30,ucb,constant,decay_uniform_grid_a2_3,2,uniform,0.6666666666666666,400,89,75.21337704939067,0.2225,1,396,133,8.182821129348183,8.207556792155588,0.9999999999999191,0.9999999997863378,0.9999999999976953,0.1930939918832087
rastrigin_mean_rotated_shifted_30d,30,ucb,constant,decay_uniform_grid_a2_3,20,uniform,0.6666666666666666,400,69,75.21337704939067,0.1725,3,379,110,7.094697993882602,7.094697993882602,0.9999999999999999,0.9999999999955298,0.9999999999999915,0.39614156999499367
rastrigin_mean_rotated_shifted_30d,30,ucb,constant,decay_uniform_grid_a2_3,21,uniform,0.6666666666666666,400,64,75.21337704939067,0.16,10,380,98,13.020205866565561,13.020205866565561,1.0,1.0,1.0,1.0
rastrigin_mean_rotated_shifted_30d,30,ucb,constant,decay_uniform_grid_a2_3,22,uniform,0.6666666666666666,400,85,75.21337704939067,0.2125,4,397,130,7.6320559718511465,7.6320559718511465,0.9999999999999982,0.9999999999579466,0.9999999999999121,0.9999999999684472
rastrigin_mean_rotated_shifted_30d,30,ucb,constant,decay_uniform_grid_a2_3,23,uniform,0.6666666666666666,400,79,75.21337704939067,0.1975,1,396,125,9.252457947806294,9.252457947806294,1.0,0.999999999999492,0.9999999999999996,0.9999999999986687
rastrigin_mean_rotated_shifted_30d,30,ucb,constant,decay_uniform_grid_a2_3,24,uniform,0.6666666666666666,400,80,75.21337704939067,0.2,3,367,116,1.555793062410701,1.5108405431233252,1.0,0.9999999999814319,0.9999999999999986,0.9999999999998567
rastrigin_mean_rotated_shifted_30d,30,ucb,constant,decay_uniform_grid_a2_3,25,uniform,0.6666666666666666,400,69,75.21337704939067,0.1725,2,392,96,5.562121769583487,5.562121769583487,1.0,0.9999999999981256,0.9999999999999986,0.9999999999987005
rastrigin_mean_rotated_shifted_30d,30,ucb,constant,decay_uniform_grid_a2_3,26,uniform,0.6666666666666666,400,77,75.21337704939067,0.1925,1,393,129,6.285782050679949,6.032412115879582,1.0,0.999999999997528,0.9999999999999973,0.9999999999997176
rastrigin_mean_rotated_shifted_30d,30,ucb,constant,decay_uniform_grid_a2_3,27,uniform,0.6666666666666666,400,66,75.21337704939067,0.165,5,391,106,10.254735776426894,10.254735776426894,1.0,0.9999999999977236,0.9999999999999999,0.9999999999992335
rastrigin_mean_rotated_shifted_30d,30,ucb,constant,decay_uniform_grid_a2_3,28,uniform,0.6666666666666666,400,68,75.21337704939067,0.17,1,398,113,7.677407878823205,7.739239678888718,0.999999999999999,0.9999999999741853,0.999999999999921,0.23491562291347046
rastrigin_mean_rotated_shifted_30d,30,ucb,constant,decay_uniform_grid_a2_3,29,uniform,0.6666666666666666,400,72,75.21337704939067,0.18,2,378,114,11.413486479245424,11.3913262998436,0.9999999999996154,0.9999999995731992,0.9999999999923224,0.24184338671820985
rastrigin_mean_rotated_shifted_30d,30,ucb,constant,decay_uniform_grid_a2_3,3,uniform,0.6666666666666666,400,68,75.21337704939067,0.17,1,393,99,7.043517550900181,6.977196946025694,0.9999999999999999,0.9999999999922561,0.9999999999999939,0.1692472160532684
rastrigin_mean_rotated_shifted_30d,30,ucb,constant,decay_uniform_grid_a2_3,30,uniform,0.6666666666666666,400,88,75.21337704939067,0.22,1,395,129,12.141248674670699,12.141248674670699,1.0,0.9999999999999549,1.0,0.9999999999999959
rastrigin_mean_rotated_shifted_30d,30,ucb,constant,decay_uniform_grid_a2_3,31,uniform,0.6666666666666666,400,71,75.21337704939067,0.1775,1,395,119,8.8361944497114,8.8361944497114,0.9999999999999999,0.9999999999733351,0.9999999999999852,0.9999999999785897
rastrigin_mean_rotated_shifted_30d,30,ucb,constant,decay_uniform_grid_a2_3,32,uniform,0.6666666666666666,400,75,75.21337704939067,0.1875,1,365,121,5.257786713641651,5.259953543607572,0.9999999999999998,0.9999999999969467,0.9999999999999937,0.9999999999989386
rastrigin_mean_rotated_shifted_30d,30,ucb,constant,decay_uniform_grid_a2_3,33,uniform,0.6666666666666666,400,73,75.21337704939067,0.1825,3,394,126,6.600791286302293,6.59841990954233,0.9999999999999998,0.999999999994263,0.9999999999999826,0.9999999999984971
rastrigin_mean_rotated_shifted_30d,30,ucb,constant,decay_uniform_grid_a2_3,34,uniform,0.6666666666666666,400,66,75.21337704939067,0.165,1,396,113,6.730171835906849,6.730171835906849,1.0,0.9999999999942565,0.9999999999999962,0.999999999999467
rastrigin_mean_rotated_shifted_30d,30,ucb,constant,decay_uniform_grid_a2_3,4,uniform,0.6666666666666666,400,87,75.21337704939067,0.2175,1,389,123,1.7138171680371006,1.7138171680371006,1.0,0.9999999999967534,0.9999999999999977,0.0992995111124359
rastrigin_mean_rotated_shifted_30d,30,ucb,constant,decay_uniform_grid_a2_3,5,uniform,0.6666666666666666,400,86,75.21337704939067,0.215,2,399,144,7.132075828712889,7.023186364917646,0.9999999999999999,0.9999999999963921,0.9999999999999956,0.9999999999924355
rastrigin_mean_rotated_shifted_30d,30,ucb,constant,decay_uniform_grid_a2_3,6,uniform,0.6666666666666666,400,68,75.21337704939067,0.17,2,398,108,7.203397648523217,7.203397648523217,0.9999999999999989,0.9999999999616899,0.9999999999996815,0.4951289611004844
rastrigin_mean_rotated_shifted_30d,30,ucb,constant,decay_uniform_grid_a2_3,7,uniform,0.6666666666666666,400,75,75.21337704939067,0.1875,2,397,110,11.888594544713204,11.888594544713204,1.0,0.9999999999986116,0.9999999999999987,0.9999999999966935
rastrigin_mean_rotated_shifted_30d,30,ucb,constant,decay_uniform_grid_a2_3,8,uniform,0.6666666666666666,400,73,75.21337704939067,0.1825,1,396,101,8.85578177163647,8.854783044019566,0.9999999999999997,0.9999999999913194,0.9999999999999903,0.9999999999877885
rastrigin_mean_rotated_shifted_30d,30,ucb,constant,decay_uniform_grid_a2_3,9,uniform,0.6666666666666666,400,70,75.21337704939067,0.175,2,400,109,13.1098461755544,13.099459744922173,1.0,0.9999999999999414,1.0,0.9999999999999999
rastrigin_mean_rotated_shifted_30d,30,ucb,constant,decay_uniform_grid_a3_2,0,uniform,1.5,400,5,3.134213985518419,0.0125,2,366,10,5.850515075709462,5.864258526850884,0.9999999999999999,0.9999999999941613,0.999999999999993,0.8472211502730017
rastrigin_mean_rotated_shifted_30d,30,ucb,constant,decay_uniform_grid_a3_2,1,uniform,1.5,400,3,3.134213985518419,0.0075,1,20,3,6.737537859978894,6.694251394236403,1.0,0.9999999999980301,0.9999999999999983,0.9999999999997581
rastrigin_mean_rotated_shifted_30d,30,ucb,constant,decay_uniform_grid_a3_2,10,uniform,1.5,400,3,3.134213985518419,0.0075,3,11,6,5.9368097777252276,5.930052926620814,1.0,0.999999999995319,0.999999999999998,0.9999999999971754
rastrigin_mean_rotated_shifted_30d,30,ucb,constant,decay_uniform_grid_a3_2,11,uniform,1.5,400,4,3.134213985518419,0.01,1,63,7,12.272914630851677,12.272914630851677,1.0,0.9999999999999826,1.0,0.999999999999968
rastrigin_mean_rotated_shifted_30d,30,ucb,constant,decay_uniform_grid_a3_2,12,uniform,1.5,400,4,3.134213985518419,0.01,1,110,7,10.816134984307693,10.816134984307693,0.9999999999999999,0.9999999999981584,0.9999999999999979,0.9999999999987781
rastrigin_mean_rotated_shifted_30d,30,ucb,constant,decay_uniform_grid_a3_2,13,uniform,1.5,400,4,3.134213985518419,0.01,5,325,8,12.303416359389775,12.303416359389775,1.0,0.9999999999993606,0.9999999999999998,0.9999999999994476
rastrigin_mean_rotated_shifted_30d,30,ucb,constant,decay_uniform_grid_a3_2,14,uniform,1.5,400,3,3.134213985518419,0.0075,22,150,6,11.614285508558453,11.614285508558453,0.9999999999999999,0.9999999999923002,0.9999999999999962,0.9999999999997449
rastrigin_mean_rotated_shifted_30d,30,ucb,constant,decay_uniform_grid_a3_2,15,uniform,1.5,400,2,3.134213985518419,0.005,2,4,4,12.158438462210986,12.158438462210986,1.0,1.0,1.0,1.0
rastrigin_mean_rotated_shifted_30d,30,ucb,constant,decay_uniform_grid_a3_2,16,uniform,1.5,400,2,3.134213985518419,0.005,5,8,4,11.639463156893061,11.639463156893061,1.0,0.9999999999999873,1.0,0.9999999999999671
rastrigin_mean_rotated_shifted_30d,30,ucb,constant,decay_uniform_grid_a3_2,17,uniform,1.5,400,1,3.134213985518419,0.0025,110,110,2,11.149876374063231,11.149876374063231,1.0,0.9999999999989168,0.9999999999999981,0.9999999999995199
rastrigin_mean_rotated_shifted_30d,30,ucb,constant,decay_uniform_grid_a3_2,18,uniform,1.5,400,4,3.134213985518419,0.01,3,64,8,11.20304870623692,11.20304870623692,1.0,0.9999999999997604,0.9999999999999999,0.9999999999999979
rastrigin_mean_rotated_shifted_30d,30,ucb,constant,decay_uniform_grid_a3_2,19,uniform,1.5,400,5,3.134213985518419,0.0125,1,39,9,10.161671892819179,10.161671892819179,1.0,0.9999999999979783,0.9999999999999977,0.9999999999917785
rastrigin_mean_rotated_shifted_30d,30,ucb,constant,decay_uniform_grid_a3_2,2,uniform,1.5,400,0,3.134213985518419,0.0,,,0,9.139187366990546,9.060408807137241,0.9999999999999999,0.9999999999980823,0.9999999999999957,0.24685436664424026
rastrigin_mean_rotated_shifted_30d,30,ucb,constant,decay_uniform_grid_a3_2,20,uniform,1.5,400,4,3.134213985518419,0.01,3,110,8,13.011516497610666,13.011516497610666,1.0,0.9999999999999993,1.0,0.9999999999999987
rastrigin_mean_rotated_shifted_30d,30,ucb,constant,decay_uniform_grid_a3_2,21,uniform,1.5,400,3,3.134213985518419,0.0075,20,42,6,13.020205866565561,13.020205866565561,1.0,1.0,1.0,1.0
rastrigin_mean_rotated_shifted_30d,30,ucb,constant,decay_uniform_grid_a3_2,22,uniform,1.5,400,2,3.134213985518419,0.005,6,14,4,8.724011024440635,8.679376241087864,1.0,0.9999999999948417,0.9999999999999968,0.9999999999892603
rastrigin_mean_rotated_shifted_30d,30,ucb,constant,decay_uniform_grid_a3_2,23,uniform,1.5,400,3,3.134213985518419,0.0075,1,97,5,7.478097618764438,7.20243991657052,0.9999999999999999,0.9999999999971406,0.9999999999999981,0.5272925351380248
rastrigin_mean_rotated_shifted_30d,30,ucb,constant,decay_uniform_grid_a3_2,24,uniform,1.5,400,0,3.134213985518419,0.0,,,0,12.516497824901803,12.516497824901803,1.0,0.9999999999999724,1.0,0.9999999999997758
rastrigin_mean_rotated_shifted_30d,30,ucb,constant,decay_uniform_grid_a3_2,25,uniform,1.5,400,0,3.134213985518419,0.0,,,0,2.1125446659417206,2.0562545709853493,0.9970178684787551,0.9877466456819238,0.9934224595205244,0.06587779983345811
rastrigin_mean_rotated_shifted_30d,30,ucb,constant,decay_uniform_grid_a3_2,26,uniform,1.5,400,0,3.134213985518419,0.0,,,0,1.2177063684627891,1.1389410687286214,0.9982851267921365,0.9909112431100042,0.9955034212828724,0.09388061564524981
rastrigin_mean_rotated_shifted_30d,30,ucb,constant,decay_uniform_grid_a3_2,27,uniform,1.5,400,0,3.134213985518419,0.0,,,0,3.8136099486965094,3.8136099486965094,1.0,0.9999999999997224,0.9999999999999998,0.999999999998356
rastrigin_mean_rotated_shifted_30d,30,ucb,constant,decay_uniform_grid_a3_2,28,uniform,1.5,400,2,3.134213985518419,0.005,3,79,4,12.731469549677062,12.731469549677062,1.0,0.9999999999999987,1.0,1.0
rastrigin_mean_rotated_shifted_30d,30,ucb,constant,decay_uniform_grid_a3_2,29,uniform,1.5,400,2,3.134213985518419,0.005,2,24,4,6.291037807651438,6.291037807651438,1.0,0.9999999999989004,0.9999999999999992,0.999999999999436
rastrigin_mean_rotated_shifted_30d,30,ucb,constant,decay_uniform_grid_a3_2,3,uniform,1.5,400,6,3.134213985518419,0.015,1,33,7,4.9853664250623035,4.946773831394907,1.0,0.9999999999990519,0.9999999999999992,0.9999999999999718
rastrigin_mean_rotated_shifted_30d,30,ucb,constant,decay_uniform_grid_a3_2,30,uniform,1.5,400,3,3.134213985518419,0.0075,2,49,6,12.333502054495947,12.333502054495947,0.999853959286914,0.9984056918446764,0.9994506540477063,0.9999999999999999
rastrigin_mean_rotated_shifted_30d,30,ucb,constant,decay_uniform_grid_a3_2,31,uniform,1.5,400,6,3.134213985518419,0.015,1,194,11,10.348407816196053,10.29720149968479,1.0,0.9999999999720246,0.999999999999999,0.9999999999958818
rastrigin_mean_rotated_shifted_30d,30,ucb,constant,decay_uniform_grid_a3_2,32,uniform,1.5,400,3,3.134213985518419,0.0075,1,5,3,11.294897959707045,11.294897959707045,1.0,0.9999999999958546,0.9999999999999988,0.9999999999998213
rastrigin_mean_rotated_shifted_30d,30,ucb,constant,decay_uniform_grid_a3_2,33,uniform,1.5,400,6,3.134213985518419,0.015,3,242,12,6.225586226008891,6.225586226008891,0.9999999999999997,0.9999999999862084,0.9999999999999819,0.9999999999957073
rastrigin_mean_rotated_shifted_30d,30,ucb,constant,decay_uniform_grid_a3_2,34,uniform,1.5,400,2,3.134213985518419,0.005,1,25,3,12.068151493284068,12.068151493284068,1.0,0.999999999999722,1.0,0.9999999999999836
rastrigin_mean_rotated_shifted_30d,30,ucb,constant,decay_uniform_grid_a3_2,4,uniform,1.5,400,2,3.134213985518419,0.005,1,96,3,11.822264486601473,11.822264486601473,1.0,1.0,1.0,1.0
rastrigin_mean_rotated_shifted_30d,30,ucb,constant,decay_uniform_grid_a3_2,5,uniform,1.5,400,3,3.134213985518419,0.0075,46,104,6,6.952623563665967,6.950528305367059,0.9999999999999999,0.9999999999938108,0.9999999999999973,0.999999999998901
rastrigin_mean_rotated_shifted_30d,30,ucb,constant,decay_uniform_grid_a3_2,6,uniform,1.5,400,3,3.134213985518419,0.0075,2,5,4,12.356804108259032,12.356804108259032,1.0,1.0,1.0,1.0
rastrigin_mean_rotated_shifted_30d,30,ucb,constant,decay_uniform_grid_a3_2,7,uniform,1.5,400,6,3.134213985518419,0.015,3,141,10,6.957644276594978,6.957644276594978,1.0,0.9999999999985757,0.9999999999999982,0.9999999999888793
rastrigin_mean_rotated_shifted_30d,30,ucb,constant,decay_uniform_grid_a3_2,8,uniform,1.5,400,4,3.134213985518419,0.01,1,48,3,12.571501104531457,12.571501104531457,1.0,0.9999999999999787,1.0,0.9999999999999823
rastrigin_mean_rotated_shifted_30d,30,ucb,constant,decay_uniform_grid_a3_2,9,uniform,1.5,400,2,3.134213985518419,0.005,8,200,4,1.9213739058807466,1.8657367884941691,0.9999999999999998,0.9999999999804349,0.999999999999966,0.99989034151932
rastrigin_mean_rotated_shifted_30d,30,ucb,constant,decay_uniform_grid_a4_3,0,uniform,1.3333333333333333,400,6,5.27256894317306,0.015,2,366,12,10.636905389845737,10.601216703488557,0.9999999999999998,0.9999999999971945,0.9999999999999927,0.3132691215398467
rastrigin_mean_rotated_shifted_30d,30,ucb,constant,decay_uniform_grid_a4_3,1,uniform,1.3333333333333333,400,6,5.27256894317306,0.015,1,53,9,8.799334965989935,8.799334965989935,1.0,0.9999999999998201,0.9999999999999999,0.9999999999944741
rastrigin_mean_rotated_shifted_30d,30,ucb,constant,decay_uniform_grid_a4_3,10,uniform,1.3333333333333333,400,5,5.27256894317306,0.0125,3,384,10,5.8263062537093955,5.8263062537093955,1.0,0.9999999999989837,0.9999999999999997,0.9999999999991869
rastrigin_mean_rotated_shifted_30d,30,ucb,constant,decay_uniform_grid_a4_3,11,uniform,1.3333333333333333,400,6,5.27256894317306,0.015,1,63,11,12.27282901876006,12.27282901876006,1.0,0.9999999999998881,1.0,0.9999999999997538
rastrigin_mean_rotated_shifted_30d,30,ucb,constant,decay_uniform_grid_a4_3,12,uniform,1.3333333333333333,400,6,5.27256894317306,0.015,1,308,11,11.535675499615735,11.535675499615735,1.0,0.9999999999995701,0.9999999999999996,0.9999999999991491
rastrigin_mean_rotated_shifted_30d,30,ucb,constant,decay_uniform_grid_a4_3,13,uniform,1.3333333333333333,400,5,5.27256894317306,0.0125,5,329,10,12.303416359389775,12.303416359389775,1.0,0.9999999999994993,0.9999999999999999,0.9999999999998048
rastrigin_mean_rotated_shifted_30d,30,ucb,constant,decay_uniform_grid_a4_3,14,uniform,1.3333333333333333,400,6,5.27256894317306,0.015,8,150,12,11.115239793165482,11.115239793165482,1.0,0.9999999999999836,1.0,0.9999999999999433
rastrigin_mean_rotated_shifted_30d,30,ucb,constant,decay_uniform_grid_a4_3,15,uniform,1.3333333333333333,400,5,5.27256894317306,0.0125,2,306,10,12.158438462210986,12.158438462210986,1.0,1.0,1.0,1.0
rastrigin_mean_rotated_shifted_30d,30,ucb,constant,decay_uniform_grid_a4_3,16,uniform,1.3333333333333333,400,5,5.27256894317306,0.0125,5,31,8,7.277245927514522,1.9307877090387402,0.9987579137015056,0.9930912873188893,0.9969350006627266,0.11544692324344755
rastrigin_mean_rotated_shifted_30d,30,ucb,constant,decay_uniform_grid_a4_3,17,uniform,1.3333333333333333,400,1,5.27256894317306,0.0025,110,110,2,11.149876374063231,11.149876374063231,1.0,0.9999999999989168,0.9999999999999981,0.9999999999995199
rastrigin_mean_rotated_shifted_30d,30,ucb,constant,decay_uniform_grid_a4_3,18,uniform,1.3333333333333333,400,8,5.27256894317306,0.02,3,326,14,10.68614074909016,10.649936495588143,0.9999999999999999,0.9999999999916834,0.9999999999999949,0.6159580545403819
rastrigin_mean_rotated_shifted_30d,30,ucb,constant,decay_uniform_grid_a4_3,19,uniform,1.3333333333333333,400,6,5.27256894317306,0.015,1,160,11,2.2397499861312533,1.4065609911270998,0.992537077752707,0.9746588757050789,0.9850736500942656,0.08419528004171964
rastrigin_mean_rotated_shifted_30d,30,ucb,constant,decay_uniform_grid_a4_3,2,uniform,1.3333333333333333,400,2,5.27256894317306,0.005,46,216,4,6.223438781334375,6.168691754544993,0.9999999999999999,0.9999999999941505,0.9999999999999938,0.16802649911145928
rastrigin_mean_rotated_shifted_30d,30,ucb,constant,decay_uniform_grid_a4_3,20,uniform,1.3333333333333333,400,8,5.27256894317306,0.02,3,334,16,8.53266789674482,5.643038624204276,0.9978861959593999,0.9898039660667408,0.9946250091311468,0.15747151259346218
rastrigin_mean_rotated_shifted_30d,30,ucb,constant,decay_uniform_grid_a4_3,21,uniform,1.3333333333333333,400,4,5.27256894317306,0.01,20,85,8,13.020205866565561,13.020205866565561,1.0,1.0,1.0,1.0
rastrigin_mean_rotated_shifted_30d,30,ucb,constant,decay_uniform_grid_a4_3,22,uniform,1.3333333333333333,400,4,5.27256894317306,0.01,6,131,8,10.628510753864173,10.628510753864173,1.0,0.9999999999974414,0.9999999999999984,0.9999999999956507
rastrigin_mean_rotated_shifted_30d,30,ucb,constant,decay_uniform_grid_a4_3,23,uniform,1.3333333333333333,400,5,5.27256894317306,0.0125,1,182,9,7.235716115001659,7.235716115001659,1.0,0.9999999999990711,0.9999999999999997,0.9999999999999702
rastrigin_mean_rotated_shifted_30d,30,ucb,constant,decay_uniform_grid_a4_3,24,uniform,1.3333333333333333,400,1,5.27256894317306,0.0025,23,23,2,11.423935520750625,11.423935520750625,1.0,0.9999999999999996,1.0,0.9999999999999939
rastrigin_mean_rotated_shifted_30d,30,ucb,constant,decay_uniform_grid_a4_3,25,uniform,1.3333333333333333,400,1,5.27256894317306,0.0025,310,310,2,2.007699388256929,1.9432835708789657,0.9975765188080732,0.9894907815873899,0.9945098327934018,0.06734993975269417
rastrigin_mean_rotated_shifted_30d,30,ucb,constant,decay_uniform_grid_a4_3,26,uniform,1.3333333333333333,400,5,5.27256894317306,0.0125,2,128,10,4.495929856990657,4.475157211406691,1.0,0.9999999999981244,0.9999999999999973,0.9999999999996081
rastrigin_mean_rotated_shifted_30d,30,ucb,constant,decay_uniform_grid_a4_3,27,uniform,1.3333333333333333,400,0,5.27256894317306,0.0,,,0,3.8136099486965094,3.8136099486965094,1.0,0.9999999999997224,0.9999999999999998,0.999999999998356
rastrigin_mean_rotated_shifted_30d,30,ucb,constant,decay_uniform_grid_a4_3,28,uniform,1.3333333333333333,400,2,5.27256894317306,0.005,3,79,4,12.731469549677062,12.731469549677062,1.0,0.9999999999999987,1.0,1.0
rastrigin_mean_rotated_shifted_30d,30,ucb,constant,decay_uniform_grid_a4_3,29,uniform,1.3333333333333333,400,6,5.27256894317306,0.015,2,233,12,7.067449423305991,6.9988925218283535,1.0,0.9999999999989386,0.9999999999999986,0.999999999999503
rastrigin_mean_rotated_shifted_30d,30,ucb,constant,decay_uniform_grid_a4_3,3,uniform,1.3333333333333333,400,10,5.27256894317306,0.025,1,222,15,6.2176051328155495,6.145119675664777,1.0,0.9999999999995941,0.9999999999999999,0.999999999997934
rastrigin_mean_rotated_shifted_30d,30,ucb,constant,decay_uniform_grid_a4_3,30,uniform,1.3333333333333333,400,4,5.27256894317306,0.01,2,100,8,12.333502054495947,12.333502054495947,1.0,1.0,1.0,0.9999999999999961
rastrigin_mean_rotated_shifted_30d,30,ucb,constant,decay_uniform_grid_a4_3,31,uniform,1.3333333333333333,400,6,5.27256894317306,0.015,1,194,11,10.348407816196053,10.29720149968479,1.0,0.9999999999720246,0.999999999999999,0.9999999999958818
rastrigin_mean_rotated_shifted_30d,30,ucb,constant,decay_uniform_grid_a4_3,32,uniform,1.3333333333333333,400,5,5.27256894317306,0.0125,1,79,7,7.643685136207269,7.619319326619187,0.9999999999999999,0.9999999999956498,0.9999999999999974,0.999999999994491
rastrigin_mean_rotated_shifted_30d,30,ucb,constant,decay_uniform_grid_a4_3,33,uniform,1.3333333333333333,400,7,5.27256894317306,0.0175,3,242,14,11.242539124744633,4.326226654182973,0.9988873669907631,0.993424790286588,0.9970969881137951,0.9999999999900594
rastrigin_mean_rotated_shifted_30d,30,ucb,constant,decay_uniform_grid_a4_3,34,uniform,1.3333333333333333,400,2,5.27256894317306,0.005,1,25,3,12.068151493284068,12.068151493284068,1.0,0.999999999999722,1.0,0.9999999999999836
rastrigin_mean_rotated_shifted_30d,30,ucb,constant,decay_uniform_grid_a4_3,4,uniform,1.3333333333333333,400,4,5.27256894317306,0.01,1,142,7,11.822264486601473,11.822264486601473,1.0,1.0,1.0,1.0
rastrigin_mean_rotated_shifted_30d,30,ucb,constant,decay_uniform_grid_a4_3,5,uniform,1.3333333333333333,400,3,5.27256894317306,0.0075,46,104,6,6.952623563665967,6.950528305367059,0.9999999999999999,0.9999999999938108,0.9999999999999973,0.999999999998901
rastrigin_mean_rotated_shifted_30d,30,ucb,constant,decay_uniform_grid_a4_3,6,uniform,1.3333333333333333,400,5,5.27256894317306,0.0125,2,240,8,12.356804108259032,12.356804108259032,1.0,1.0,1.0,1.0
rastrigin_mean_rotated_shifted_30d,30,ucb,constant,decay_uniform_grid_a4_3,7,uniform,1.3333333333333333,400,9,5.27256894317306,0.0225,3,141,16,12.433590046970403,12.433590046970403,1.0,0.9999999999999991,1.0,0.9999999999999994
rastrigin_mean_rotated_shifted_30d,30,ucb,constant,decay_uniform_grid_a4_3,8,uniform,1.3333333333333333,400,6,5.27256894317306,0.015,1,329,7,12.571501104531457,12.571501104531457,1.0,0.9999999999999771,1.0,0.9999999999999971
rastrigin_mean_rotated_shifted_30d,30,ucb,constant,decay_uniform_grid_a4_3,9,uniform,1.3333333333333333,400,6,5.27256894317306,0.015,8,200,10,7.805964295420022,7.805964295420022,1.0,0.9999999999995366,0.9999999999999998,0.9999999999999851
rastrigin_mean_rotated_shifted_30d,30,ucb,constant,decay_uniform_grid_a5_6,0,uniform,0.8333333333333334,400,27,35.84750100274302,0.0675,2,399,50,11.368354428439742,11.368354428439742,1.0,0.9999999999997997,0.9999999999999999,0.9999999999999425
rastrigin_mean_rotated_shifted_30d,30,ucb,constant,decay_uniform_grid_a5_6,1,uniform,0.8333333333333334,400,39,35.84750100274302,0.0975,1,398,65,9.151941300140091,9.151941300140091,0.9999999999999999,0.9999999999980149,0.999999999999998,0.999999999981189
rastrigin_mean_rotated_shifted_30d,30,ucb,constant,decay_uniform_grid_a5_6,10,uniform,0.8333333333333334,400,35,35.84750100274302,0.0875,3,384,60,4.393256509909365,4.393256509909365,1.0,0.9999999999991653,0.9999999999999996,0.9999999999994301
rastrigin_mean_rotated_shifted_30d,30,ucb,constant,decay_uniform_grid_a5_6,11,uniform,0.8333333333333334,400,38,35.84750100274302,0.095,1,397,63,11.975301065902134,11.975301065902134,1.0,0.9999999999972384,0.999999999999999,0.4524141909081684
rastrigin_mean_rotated_shifted_30d,30,ucb,constant,decay_uniform_grid_a5_6,12,uniform,0.8333333333333334,400,35,35.84750100274302,0.0875,1,392,59,12.335561212110706,12.335561212110706,1.0,0.9999999999999987,1.0,0.9999999999999724
rastrigin_mean_rotated_shifted_30d,30,ucb,constant,decay_uniform_grid_a5_6,13,uniform,0.8333333333333334,400,37,35.84750100274302,0.0925,2,375,58,11.731494890201736,11.731494890201736,1.0,0.9999999999999492,1.0,0.9999999999999665
rastrigin_mean_rotated_shifted_30d,30,ucb,constant,decay_uniform_grid_a5_6,14,uniform,0.8333333333333334,400,41,35.84750100274302,0.1025,4,386,74,5.40089497055816,5.340502483365922,1.0,0.9999999999969957,0.9999999999999984,0.9999999999963454
rastrigin_mean_rotated_shifted_30d,30,ucb,constant,decay_uniform_grid_a5_6,15,uniform,0.8333333333333334,400,38,35.84750100274302,0.095,2,334,62,10.937051970899379,10.866291979520243,1.0,0.999999999996576,0.9999999999999998,0.9999999999974631
rastrigin_mean_rotated_shifted_30d,30,ucb,constant,decay_uniform_grid_a5_6,16,uniform,0.8333333333333334,400,39,35.84750100274302,0.0975,5,359,64,11.639463156893061,11.639463156893061,1.0,0.9999999999999996,1.0,1.0
rastrigin_mean_rotated_shifted_30d,30,ucb,constant,decay_uniform_grid_a5_6,17,uniform,0.8333333333333334,400,34,35.84750100274302,0.085,4,386,64,8.378280549305973,8.378280549305973,1.0,0.9999999999984803,0.9999999999999981,0.9999999999969101
rastrigin_mean_rotated_shifted_30d,30,ucb,constant,decay_uniform_grid_a5_6,18,uniform,0.8333333333333334,400,31,35.84750100274302,0.0775,3,368,50,12.773136095604162,12.773136095604162,1.0,0.9999999999999954,1.0,0.9999999999999899
rastrigin_mean_rotated_shifted_30d,30,ucb,constant,decay_uniform_grid_a5_6,19,uniform,0.8333333333333334,400,31,35.84750100274302,0.0775,1,371,53,8.85188605265262,8.856877650673363,0.9999999999999999,0.9999999999870538,0.999999999999992,0.9999999999994057
rastrigin_mean_rotated_shifted_30d,30,ucb,constant,decay_uniform_grid_a5_6,2,uniform,0.8333333333333334,400,41,35.84750100274302,0.1025,1,390,75,3.3042653156141504,3.2837510179843434,0.9999999999999989,0.9999999999764606,0.9999999999999435,0.09282544705600662
rastrigin_mean_rotated_shifted_30d,30,ucb,constant,decay_uniform_grid_a5_6,20,uniform,0.8333333333333334,400,37,35.84750100274302,0.0925,3,334,70,12.872109037714699,12.872109037714699,1.0,0.9999999999999816,1.0,0.9999999999999206
rastrigin_mean_rotated_shifted_30d,30,ucb,constant,decay_uniform_grid_a5_6,21,uniform,0.8333333333333334,400,27,35.84750100274302,0.0675,13,380,48,13.020205866565561,13.020205866565561,1.0,1.0,1.0,1.0
rastrigin_mean_rotated_shifted_30d,30,ucb,constant,decay_uniform_grid_a5_6,22,uniform,0.8333333333333334,400,41,35.84750100274302,0.1025,4,392,72,8.36938289573124,8.403948762496485,0.9999999999999997,0.9999999999941472,0.9999999999999912,0.6534404621536263
rastrigin_mean_rotated_shifted_30d,30,ucb,constant,decay_uniform_grid_a5_6,23,uniform,0.8333333333333334,400,43,35.84750100274302,0.1075,1,371,71,8.746287748095948,8.746287748095948,1.0,0.9999999999982429,0.9999999999999989,0.9999999999966934
rastrigin_mean_rotated_shifted_30d,30,ucb,constant,decay_uniform_grid_a5_6,24,uniform,0.8333333333333334,400,29,35.84750100274302,0.0725,4,356,56,9.704709176668223,9.704709176668223,1.0,0.9999999999992559,0.9999999999999997,0.4719507438445853
rastrigin_mean_rotated_shifted_30d,30,ucb,constant,decay_uniform_grid_a5_6,25,uniform,0.8333333333333334,400,27,35.84750100274302,0.0675,7,392,46,10.517554805948057,10.517554805948057,1.0,0.9999999999994731,0.9999999999999997,0.999999999990893
rastrigin_mean_rotated_shifted_30d,30,ucb,constant,decay_uniform_grid_a5_6,26,uniform,0.8333333333333334,400,39,35.84750100274302,0.0975,1,393,75,6.997618778940822,6.922991292431859,0.9999999999999999,0.9999999999946111,0.9999999999999922,0.9999999999885738
rastrigin_mean_rotated_shifted_30d,30,ucb,constant,decay_uniform_grid_a5_6,27,uniform,0.8333333333333334,400,35,35.84750100274302,0.0875,5,385,62,7.28093499819859,7.234813451708673,0.9999999999999998,0.9999999999820476,0.9999999999999953,0.9999999999984635
rastrigin_mean_rotated_shifted_30d,30,ucb,constant,decay_uniform_grid_a5_6,28,uniform,0.8333333333333334,400,26,35.84750100274302,0.065,1,386,49,9.089937501846808,9.089937501846808,1.0,0.9999999999969397,0.9999999999999944,0.9999999999845329
rastrigin_mean_rotated_shifted_30d,30,ucb,constant,decay_uniform_grid_a5_6,29,uniform,0.8333333333333334,400,37,35.84750100274302,0.0925,2,377,68,13.82437078213132,13.82437078213132,1.0,1.0,1.0,1.0
rastrigin_mean_rotated_shifted_30d,30,ucb,constant,decay_uniform_grid_a5_6,3,uniform,0.8333333333333334,400,34,35.84750100274302,0.085,1,393,57,5.246890229327907,5.206944234474497,1.0,0.9999999999990934,0.9999999999999994,0.999999999999871
rastrigin_mean_rotated_shifted_30d,30,ucb,constant,decay_uniform_grid_a5_6,30,uniform,0.8333333333333334,400,39,35.84750100274302,0.0975,1,395,67,9.339496922864008,9.339496922864008,0.9999999999999999,0.9999999999978404,0.9999999999999966,0.9999999999961888
rastrigin_mean_rotated_shifted_30d,30,ucb,constant,decay_uniform_grid_a5_6,31,uniform,0.8333333333333334,400,26,35.84750100274302,0.065,1,343,51,9.089118254971304,9.089118254971304,0.9999999999999999,0.9999999999981313,0.9999999999999963,0.9999999999632525
rastrigin_mean_rotated_shifted_30d,30,ucb,constant,decay_uniform_grid_a5_6,32,uniform,0.8333333333333334,400,43,35.84750100274302,0.1075,1,365,75,2.93938657800711,2.3140550315841817,0.897467103781965,0.8219032425662054,0.8618836276173942,0.013963213199139665
rastrigin_mean_rotated_shifted_30d,30,ucb,constant,decay_uniform_grid_a5_6,33,uniform,0.8333333333333334,400,33,35.84750100274302,0.0825,3,368,60,6.014138622318067,6.014138622318067,1.0,0.9999999999987147,0.9999999999999988,0.999999999996805
rastrigin_mean_rotated_shifted_30d,30,ucb,constant,decay_uniform_grid_a5_6,34,uniform,0.8333333333333334,400,33,35.84750100274302,0.0825,1,384,61,12.40416975530101,12.40416975530101,1.0,0.9999999999953457,0.9999999999999959,0.3740066202874418
rastrigin_mean_rotated_shifted_30d,30,ucb,constant,decay_uniform_grid_a5_6,4,uniform,0.8333333333333334,400,34,35.84750100274302,0.085,1,337,59,2.6641827733673704,2.6555380467937777,1.0,0.9999999999995061,0.9999999999999997,0.9999999999999377
rastrigin_mean_rotated_shifted_30d,30,ucb,constant,decay_uniform_grid_a5_6,5,uniform,0.8333333333333334,400,35,35.84750100274302,0.0875,2,399,60,5.927394938038854,5.923063546036086,0.9999999999999996,0.999999999991412,0.9999999999999876,0.1740364971584496
rastrigin_mean_rotated_shifted_30d,30,ucb,constant,decay_uniform_grid_a5_6,6,uniform,0.8333333333333334,400,24,35.84750100274302,0.06,2,398,40,12.356804108259032,12.356804108259032,1.0,1.0,1.0,1.0
rastrigin_mean_rotated_shifted_30d,30,ucb,constant,decay_uniform_grid_a5_6,7,uniform,0.8333333333333334,400,39,35.84750100274302,0.0975,3,380,66,10.199768610946357,10.219220983147714,0.9999999999999999,0.9999999999950506,0.9999999999999889,0.47378354374433773
rastrigin_mean_rotated_shifted_30d,30,ucb,constant,decay_uniform_grid_a5_6,8,uniform,0.8333333333333334,400,40,35.84750100274302,0.1,1,396,65,5.8238442205079215,5.836094491054207,0.9999999999999999,0.9999999999953189,0.9999999999999966,0.3346349228963483
rastrigin_mean_rotated_shifted_30d,30,ucb,constant,decay_uniform_grid_a5_6,9,uniform,0.8333333333333334,400,38,35.84750100274302,0.095,2,328,62,13.099459744922173,13.099459744922173,1.0,0.9999999999999529,1.0,0.9999999999999953
rastrigin_mean_rotated_shifted_30d,30,ucb,constant,decay_uniform_grid_a7_6,0,uniform,1.1666666666666667,400,9,9.430928479597794,0.0225,2,366,18,3.6571939669741664,3.6438006373222662,1.0,0.9999999999979152,0.999999999999998,0.10586646568559066
rastrigin_mean_rotated_shifted_30d,30,ucb,constant,decay_uniform_grid_a7_6,1,uniform,1.1666666666666667,400,9,9.430928479597794,0.0225,1,87,15,8.148004560052579,8.148004560052579,1.0,0.9999999999993537,0.9999999999999991,0.9999999999977212
rastrigin_mean_rotated_shifted_30d,30,ucb,constant,decay_uniform_grid_a7_6,10,uniform,1.1666666666666667,400,10,9.430928479597794,0.025,3,384,18,7.317437711053367,7.317437711053367,1.0,0.9999999999989334,0.9999999999999994,0.1950784369811103
rastrigin_mean_rotated_shifted_30d,30,ucb,constant,decay_uniform_grid_a7_6,11,uniform,1.1666666666666667,400,10,9.430928479597794,0.025,1,121,17,12.731755136584443,12.731755136584443,1.0,0.9999999999999989,1.0,0.999999999999998
rastrigin_mean_rotated_shifted_30d,30,ucb,constant,decay_uniform_grid_a7_6,12,uniform,1.1666666666666667,400,11,9.430928479597794,0.0275,1,308,21,9.720704004882942,9.720704004882942,1.0,0.9999999999997033,0.9999999999999998,0.9999999999998576
rastrigin_mean_rotated_shifted_30d,30,ucb,constant,decay_uniform_grid_a7_6,13,uniform,1.1666666666666667,400,9,9.430928479597794,0.0225,5,352,18,11.399612108744282,11.399612108744282,1.0,0.9999999999996749,0.9999999999999997,0.9999999999999621
rastrigin_mean_rotated_shifted_30d,30,ucb,constant,decay_uniform_grid_a7_6,14,uniform,1.1666666666666667,400,9,9.430928479597794,0.0225,4,157,18,12.368490045398357,12.368490045398357,1.0,1.0,1.0,1.0
rastrigin_mean_rotated_shifted_30d,30,ucb,constant,decay_uniform_grid_a7_6,15,uniform,1.1666666666666667,400,9,9.430928479597794,0.0225,2,306,18,12.7533639339483,12.7533639339483,1.0,0.9999999999998792,1.0,0.9999999999999997
rastrigin_mean_rotated_shifted_30d,30,ucb,constant,decay_uniform_grid_a7_6,16,uniform,1.1666666666666667,400,9,9.430928479597794,0.0225,5,353,16,11.873257177565131,11.873257177565131,1.0,1.0,1.0,1.0
rastrigin_mean_rotated_shifted_30d,30,ucb,constant,decay_uniform_grid_a7_6,17,uniform,1.1666666666666667,400,7,9.430928479597794,0.0175,4,168,14,11.177604052828165,11.177604052828165,1.0,0.9999999999998083,0.9999999999999999,0.9999999999999567
rastrigin_mean_rotated_shifted_30d,30,ucb,constant,decay_uniform_grid_a7_6,18,uniform,1.1666666666666667,400,10,9.430928479597794,0.025,3,326,18,10.68614074909016,10.683700456637798,1.0,0.9999999999990749,0.9999999999999998,0.9999999999977479
rastrigin_mean_rotated_shifted_30d,30,ucb,constant,decay_uniform_grid_a7_6,19,uniform,1.1666666666666667,400,11,9.430928479597794,0.0275,1,371,21,6.173520888556395,6.220559575520295,0.9999999999999999,0.9999999999947335,0.9999999999999941,0.9999999999903014
rastrigin_mean_rotated_shifted_30d,30,ucb,constant,decay_uniform_grid_a7_6,2,uniform,1.1666666666666667,400,7,9.430928479597794,0.0175,23,337,14,2.0311563174724956,2.006558989226258,0.9999999999999996,0.9999999999900004,0.999999999999981,0.09872307491598632
rastrigin_mean_rotated_shifted_30d,30,ucb,constant,decay_uniform_grid_a7_6,20,uniform,1.1666666666666667,400,15,9.430928479597794,0.0375,3,334,30,11.684548107530068,11.684548107530068,1.0,0.9999999999988328,0.9999999999999998,0.9999999999982635
rastrigin_mean_rotated_shifted_30d,30,ucb,constant,decay_uniform_grid_a7_6,21,uniform,1.1666666666666667,400,6,9.430928479597794,0.015,20,208,12,13.020205866565561,13.020205866565561,1.0,1.0,1.0,1.0
rastrigin_mean_rotated_shifted_30d,30,ucb,constant,decay_uniform_grid_a7_6,22,uniform,1.1666666666666667,400,11,9.430928479597794,0.0275,6,364,22,11.166191900419571,11.166191900419571,1.0,0.9999999999996343,0.9999999999999999,0.9999999999994363
rastrigin_mean_rotated_shifted_30d,30,ucb,constant,decay_uniform_grid_a7_6,23,uniform,1.1666666666666667,400,11,9.430928479597794,0.0275,1,273,21,12.351897842212448,12.243888418936816,1.0,0.9999999999993733,0.9999999999999994,0.9999999999986563
rastrigin_mean_rotated_shifted_30d,30,ucb,constant,decay_uniform_grid_a7_6,24,uniform,1.1666666666666667,400,7,9.430928479597794,0.0175,4,88,14,5.6124586692778164,5.614378415881946,0.9999999999835547,0.9999999775555116,0.9999999994208478,0.1680064262614018
rastrigin_mean_rotated_shifted_30d,30,ucb,constant,decay_uniform_grid_a7_6,25,uniform,1.1666666666666667,400,5,9.430928479597794,0.0125,11,310,10,2.0636274446069205,1.9834157629355644,0.9979214039743287,0.9904750772306599,0.9951564244156416,0.09657632822063629
rastrigin_mean_rotated_shifted_30d,30,ucb,constant,decay_uniform_grid_a7_6,26,uniform,1.1666666666666667,400,11,9.430928479597794,0.0275,1,354,19,8.363006945088468,8.363006945088468,1.0,0.999999999999523,0.9999999999999997,0.9999999999996964
rastrigin_mean_rotated_shifted_30d,30,ucb,constant,decay_uniform_grid_a7_6,27,uniform,1.1666666666666667,400,6,9.430928479597794,0.015,12,346,12,12.322403275945737,12.322403275945737,1.0,0.9999999999995006,0.9999999999999994,0.9999999999997342
rastrigin_mean_rotated_shifted_30d,30,ucb,constant,decay_uniform_grid_a7_6,28,uniform,1.1666666666666667,400,4,9.430928479597794,0.01,3,79,8,12.731469549677062,12.731469549677062,1.0,0.9999999999999967,1.0,0.999999999999998
rastrigin_mean_rotated_shifted_30d,30,ucb,constant,decay_uniform_grid_a7_6,29,uniform,1.1666666666666667,400,10,9.430928479597794,0.025,2,233,20,13.337823709525503,13.337823709525503,1.0,0.9999999999999999,1.0,0.9999999999999997
rastrigin_mean_rotated_shifted_30d,30,ucb,constant,decay_uniform_grid_a7_6,3,uniform,1.1666666666666667,400,12,9.430928479597794,0.03,1,372,19,6.569783480174255,6.522238387994747,1.0,0.999999999999444,0.9999999999999998,0.999999999999885
rastrigin_mean_rotated_shifted_30d,30,ucb,constant,decay_uniform_grid_a7_6,30,uniform,1.1666666666666667,400,9,9.430928479597794,0.0225,2,100,18,12.70387637465371,12.70387637465371,1.0,0.9999999999999991,1.0,0.9999999999999991
rastrigin_mean_rotated_shifted_30d,30,ucb,constant,decay_uniform_grid_a7_6,31,uniform,1.1666666666666667,400,7,9.430928479597794,0.0175,1,194,13,8.363137184020712,8.363137184020712,0.9999999999999999,0.9999999999961704,0.9999999999999974,0.9999999999979957
rastrigin_mean_rotated_shifted_30d,30,ucb,constant,decay_uniform_grid_a7_6,32,uniform,1.1666666666666667,400,13,9.430928479597794,0.0325,1,213,23,6.6318308375516475,6.6318308375516475,0.9999999999999998,0.9999999999917143,0.9999999999999869,0.999999999997523
rastrigin_mean_rotated_shifted_30d,30,ucb,constant,decay_uniform_grid_a7_6,33,uniform,1.1666666666666667,400,12,9.430928479597794,0.03,3,248,22,5.91916669972191,5.867563319542082,1.0,0.999999999997793,0.9999999999999959,0.9999999999995197
rastrigin_mean_rotated_shifted_30d,30,ucb,constant,decay_uniform_grid_a7_6,34,uniform,1.1666666666666667,400,4,9.430928479597794,0.01,1,308,7,11.204116521284925,11.204116521284925,1.0,0.9999999999988355,0.9999999999999999,0.9999999999996684
rastrigin_mean_rotated_shifted_30d,30,ucb,constant,decay_uniform_grid_a7_6,4,uniform,1.1666666666666667,400,11,9.430928479597794,0.0275,1,312,21,11.822264486601473,11.822264486601473,1.0,1.0,1.0,1.0
rastrigin_mean_rotated_shifted_30d,30,ucb,constant,decay_uniform_grid_a7_6,5,uniform,1.1666666666666667,400,9,9.430928479597794,0.0225,2,275,18,12.401192930094501,12.401192930094501,1.0,1.0,1.0,1.0
rastrigin_mean_rotated_shifted_30d,30,ucb,constant,decay_uniform_grid_a7_6,6,uniform,1.1666666666666667,400,11,9.430928479597794,0.0275,2,398,18,4.174015308607479,4.13072992757253,1.0,0.9999999999982971,0.9999999999999994,0.9999999999970058
rastrigin_mean_rotated_shifted_30d,30,ucb,constant,decay_uniform_grid_a7_6,7,uniform,1.1666666666666667,400,14,9.430928479597794,0.035,3,322,26,2.419024936092876,2.3871339187682223,0.9999999999999998,0.9999999999506177,0.9999999999999661,0.033357317800737266
rastrigin_mean_rotated_shifted_30d,30,ucb,constant,decay_uniform_grid_a7_6,8,uniform,1.1666666666666667,400,8,9.430928479597794,0.02,1,329,9,12.857880499945459,12.857880499945459,1.0,0.9999999999999487,1.0,0.9999999999937137
rastrigin_mean_rotated_shifted_30d,30,ucb,constant,decay_uniform_grid_a7_6,9,uniform,1.1666666666666667,400,10,9.430928479597794,0.025,2,200,16,13.1098461755544,13.1098461755544,1.0,0.9999999999999996,1.0,0.9999999999999998
rastrigin_mean_rotated_shifted_30d,30,ucb,constant,standard,0,none,nan,400,0,0.0,0.0,,,0,13.525447623725968,13.396415135246423,0.9999999999996975,0.9999999996038699,0.9999999999918454,0.31102014268118433
rastrigin_mean_rotated_shifted_30d,30,ucb,constant,standard,1,none,nan,400,0,0.0,0.0,,,0,5.447824388294335,5.447824388294335,1.0,0.9999999999986813,0.9999999999999978,0.9999999999823199
rastrigin_mean_rotated_shifted_30d,30,ucb,constant,standard,10,none,nan,400,0,0.0,0.0,,,0,7.780375437649941,7.7079012605766595,1.0,0.9999999999934072,0.9999999999999963,0.20912782951241485
rastrigin_mean_rotated_shifted_30d,30,ucb,constant,standard,11,none,nan,400,0,0.0,0.0,,,0,12.273062745656425,12.273062745656425,1.0,0.9999999999999996,1.0,1.0
rastrigin_mean_rotated_shifted_30d,30,ucb,constant,standard,12,none,nan,400,0,0.0,0.0,,,0,12.669437695018159,12.669437695018159,1.0,0.9999999999997919,0.9999999999999999,0.9999999999999275
rastrigin_mean_rotated_shifted_30d,30,ucb,constant,standard,13,none,nan,400,0,0.0,0.0,,,0,11.731494890201736,11.731494890201736,1.0,0.9999999999999953,1.0,0.999999999999999
rastrigin_mean_rotated_shifted_30d,30,ucb,constant,standard,14,none,nan,400,0,0.0,0.0,,,0,11.614285508558453,11.614285508558453,0.9999999999999999,0.9999999999977918,0.9999999999999973,0.9999999999995867
rastrigin_mean_rotated_shifted_30d,30,ucb,constant,standard,15,none,nan,400,0,0.0,0.0,,,0,12.394457688075011,12.394457688075011,1.0,0.9999999999996163,1.0,0.9999999999970677
rastrigin_mean_rotated_shifted_30d,30,ucb,constant,standard,16,none,nan,400,0,0.0,0.0,,,0,9.1968168255607,9.617030651993826,0.9999999999848495,0.999999988830625,0.9999999996631529,0.19247777433248583
rastrigin_mean_rotated_shifted_30d,30,ucb,constant,standard,17,none,nan,400,0,0.0,0.0,,,0,7.710979188849565,7.709187604918507,0.9999999999999999,0.9999999999979137,0.9999999999999963,0.9999999999986091
rastrigin_mean_rotated_shifted_30d,30,ucb,constant,standard,18,none,nan,400,0,0.0,0.0,,,0,9.781291569466761,9.781291569466761,1.0,0.9999999999974274,0.9999999999999976,0.9999999999974412
rastrigin_mean_rotated_shifted_30d,30,ucb,constant,standard,19,none,nan,400,0,0.0,0.0,,,0,13.001242060797187,13.001242060797187,1.0,0.9999999999999344,1.0,0.9999999999999721
rastrigin_mean_rotated_shifted_30d,30,ucb,constant,standard,2,none,nan,400,0,0.0,0.0,,,0,9.139187366990546,9.060408807137241,0.9999999999999999,0.9999999999980823,0.9999999999999957,0.24685436664424026
rastrigin_mean_rotated_shifted_30d,30,ucb,constant,standard,20,none,nan,400,0,0.0,0.0,,,0,4.989848339937377,4.989848339937377,1.0,0.9999999999930678,0.9999999999999977,0.9999999999982465
rastrigin_mean_rotated_shifted_30d,30,ucb,constant,standard,21,none,nan,400,0,0.0,0.0,,,0,13.020205866565561,13.020205866565561,1.0,1.0,1.0,1.0
rastrigin_mean_rotated_shifted_30d,30,ucb,constant,standard,22,none,nan,400,0,0.0,0.0,,,0,6.161447760096694,6.129906791274166,0.9999999999999999,0.9999999999933263,0.9999999999999946,0.999999999996224
rastrigin_mean_rotated_shifted_30d,30,ucb,constant,standard,23,none,nan,400,0,0.0,0.0,,,0,11.829309483077841,11.829309483077841,0.9999999999999999,0.9999999999955642,0.9999999999999917,0.9999999999994331
rastrigin_mean_rotated_shifted_30d,30,ucb,constant,standard,24,none,nan,400,0,0.0,0.0,,,0,12.516497824901803,12.516497824901803,1.0,0.9999999999999724,1.0,0.9999999999997758
rastrigin_mean_rotated_shifted_30d,30,ucb,constant,standard,25,none,nan,400,0,0.0,0.0,,,0,2.1125446659417206,2.0562545709853493,0.9970178684787551,0.9877466456819238,0.9934224595205244,0.06587779983345811
rastrigin_mean_rotated_shifted_30d,30,ucb,constant,standard,26,none,nan,400,0,0.0,0.0,,,0,1.2177063684627891,1.1389410687286214,0.9982851267921365,0.9909112431100042,0.9955034212828724,0.09388061564524981
rastrigin_mean_rotated_shifted_30d,30,ucb,constant,standard,27,none,nan,400,0,0.0,0.0,,,0,3.8136099486965094,3.8136099486965094,1.0,0.9999999999997224,0.9999999999999998,0.999999999998356
rastrigin_mean_rotated_shifted_30d,30,ucb,constant,standard,28,none,nan,400,0,0.0,0.0,,,0,7.988922651764113,8.103673121142794,0.9999999999999999,0.9999999999920226,0.9999999999999842,0.9999999999663566
rastrigin_mean_rotated_shifted_30d,30,ucb,constant,standard,29,none,nan,400,0,0.0,0.0,,,0,9.255838939944717,9.255838939944717,0.9999999999999999,0.9999999999972664,0.9999999999999953,0.6625649692015906
rastrigin_mean_rotated_shifted_30d,30,ucb,constant,standard,3,none,nan,400,0,0.0,0.0,,,0,8.54757231689838,8.54757231689838,0.9999999999999999,0.9999999999964541,0.9999999999999962,0.23262142850360792
rastrigin_mean_rotated_shifted_30d,30,ucb,constant,standard,30,none,nan,400,0,0.0,0.0,,,0,12.333502054495947,12.333502054495947,1.0,0.9999999999999889,1.0,0.9999999999999789
rastrigin_mean_rotated_shifted_30d,30,ucb,constant,standard,31,none,nan,400,0,0.0,0.0,,,0,10.438528210233502,10.438528210233502,1.0,0.9999999999955012,0.9999999999999999,0.9999999999987382
rastrigin_mean_rotated_shifted_30d,30,ucb,constant,standard,32,none,nan,400,0,0.0,0.0,,,0,9.166797207622752,9.166797207622752,1.0,0.9999999999988598,0.9999999999999997,0.9999999999998896
rastrigin_mean_rotated_shifted_30d,30,ucb,constant,standard,33,none,nan,400,0,0.0,0.0,,,0,3.4239520521531763,3.068622231424145,0.9460812810645345,0.8916392482660376,0.920216077196478,0.01433193880650977
rastrigin_mean_rotated_shifted_30d,30,ucb,constant,standard,34,none,nan,400,0,0.0,0.0,,,0,12.440160207323625,12.440160207323625,1.0,0.9999999999999887,1.0,0.9999999999999999
rastrigin_mean_rotated_shifted_30d,30,ucb,constant,standard,4,none,nan,400,0,0.0,0.0,,,0,9.253298009355824,9.253298009355824,1.0,0.9999999999979026,0.999999999999999,0.9999999999996847
rastrigin_mean_rotated_shifted_30d,30,ucb,constant,standard,5,none,nan,400,0,0.0,0.0,,,0,6.521905448200376,6.521905448200376,0.9999999999999998,0.9999999999943893,0.9999999999999887,0.9999999999801799
rastrigin_mean_rotated_shifted_30d,30,ucb,constant,standard,6,none,nan,400,0,0.0,0.0,,,0,12.356804108259032,12.356804108259032,1.0,1.0,1.0,1.0
rastrigin_mean_rotated_shifted_30d,30,ucb,constant,standard,7,none,nan,400,0,0.0,0.0,,,0,13.167550254245763,13.167550254245763,1.0,1.0,1.0,1.0
rastrigin_mean_rotated_shifted_30d,30,ucb,constant,standard,8,none,nan,400,0,0.0,0.0,,,0,13.089307864658043,13.089307864658043,1.0,1.0,1.0,1.0
rastrigin_mean_rotated_shifted_30d,30,ucb,constant,standard,9,none,nan,400,0,0.0,0.0,,,0,2.494974700043709,2.4869190158808294,1.0,0.99999999999859,0.9999999999999989,0.9999999999999999
rastrigin_mean_rotated_shifted_5d,5,ucb,constant,decay_uniform_grid_a1,0,uniform,1.0,400,11,17.8984421298378,0.0275,2,366,22,1.0255307006089183,1.005921446000552,1.0,0.9997582049168595,0.9999999999999875,0.03899430891695065
rastrigin_mean_rotated_shifted_5d,5,ucb,constant,decay_uniform_grid_a1,1,uniform,1.0,400,21,17.8984421298378,0.0525,1,280,37,2.8599725509976706,2.80008276100252,0.9699131668749111,0.8481935209216867,0.9218933771592289,0.011042290341314476
rastrigin_mean_rotated_shifted_5d,5,ucb,constant,decay_uniform_grid_a1,10,uniform,1.0,400,15,17.8984421298378,0.0375,3,384,24,0.8337341943252639,0.8074739941423289,1.0,0.9999829784913932,0.9999999999999971,0.9999999999999999
rastrigin_mean_rotated_shifted_5d,5,ucb,constant,decay_uniform_grid_a1,11,uniform,1.0,400,20,17.8984421298378,0.05,1,391,37,3.2416810750694323,3.148431638862732,1.0,0.9999722316462929,1.0,0.2955755097677958
rastrigin_mean_rotated_shifted_5d,5,ucb,constant,decay_uniform_grid_a1,12,uniform,1.0,400,23,17.8984421298378,0.0575,1,392,43,1.2798735938188273,1.2117710529591534,1.0,0.9999704194605286,0.9999999999999979,1.0
rastrigin_mean_rotated_shifted_5d,5,ucb,constant,decay_uniform_grid_a1,13,uniform,1.0,400,22,17.8984421298378,0.055,2,352,36,0.745571914160422,0.7006551772270952,0.9736176944984293,0.8631670867004491,0.9388441277235335,0.012984319144806945
rastrigin_mean_rotated_shifted_5d,5,ucb,constant,decay_uniform_grid_a1,14,uniform,1.0,400,18,17.8984421298378,0.045,4,317,34,1.8823426605377533,1.814395255881277,1.0,0.9999933398812216,0.9999999999999996,0.08583339755695076
rastrigin_mean_rotated_shifted_5d,5,ucb,constant,decay_uniform_grid_a1,15,uniform,1.0,400,18,17.8984421298378,0.045,2,306,34,2.054132939109306,2.054132939109306,1.0,0.9999252882317233,1.0,0.07856069185284761
rastrigin_mean_rotated_shifted_5d,5,ucb,constant,decay_uniform_grid_a1,16,uniform,1.0,400,18,17.8984421298378,0.045,5,353,30,1.3367591090385786,1.3204355778940524,1.0,0.9999587354204008,0.9999999999999999,1.0
rastrigin_mean_rotated_shifted_5d,5,ucb,constant,decay_uniform_grid_a1,17,uniform,1.0,400,15,17.8984421298378,0.0375,4,386,28,1.215187813364534,1.0952140240000987,1.0,0.9999929356971079,0.9999999999999997,0.11287087878124409
rastrigin_mean_rotated_shifted_5d,5,ucb,constant,decay_uniform_grid_a1,18,uniform,1.0,400,16,17.8984421298378,0.04,3,326,30,2.9932227069307715,2.9892331909089975,1.0,0.9999695194266623,0.9999999999999951,0.06063635342592491
rastrigin_mean_rotated_shifted_5d,5,ucb,constant,decay_uniform_grid_a1,19,uniform,1.0,400,20,17.8984421298378,0.05,1,371,33,2.058890990910642,2.0154419953663565,1.0,0.9999957819363423,0.9999999999999999,0.0725715495195601
rastrigin_mean_rotated_shifted_5d,5,ucb,constant,decay_uniform_grid_a1,2,uniform,1.0,400,16,17.8984421298378,0.04,1,390,29,0.6404358105679406,0.6006781131782702,1.0,0.9999798770575856,0.9999999999999999,0.04641110139368496
rastrigin_mean_rotated_shifted_5d,5,ucb,constant,decay_uniform_grid_a1,20,uniform,1.0,400,20,17.8984421298378,0.05,3,334,38,4.920331104785184,4.920331104785184,1.0,0.9999787468855375,1.0,0.34674162184559865
rastrigin_mean_rotated_shifted_5d,5,ucb,constant,decay_uniform_grid_a1,21,uniform,1.0,400,16,17.8984421298378,0.04,13,337,28,0.8065346376392014,0.7298350825004292,1.0,0.9999929006687358,0.9999999999999987,0.2820008319129124
rastrigin_mean_rotated_shifted_5d,5,ucb,constant,decay_uniform_grid_a1,22,uniform,1.0,400,22,17.8984421298378,0.055,6,392,40,1.2283192795433735,1.2283192795433735,1.0,0.9999939880809907,0.9999999999999996,1.0
rastrigin_mean_rotated_shifted_5d,5,ucb,constant,decay_uniform_grid_a1,23,uniform,1.0,400,22,17.8984421298378,0.055,1,316,43,1.42543626300792,1.2966965901083682,1.0,0.9999846376287925,1.0,0.1030558577070426
rastrigin_mean_rotated_shifted_5d,5,ucb,constant,decay_uniform_grid_a1,24,uniform,1.0,400,13,17.8984421298378,0.0325,4,179,26,2.2767839472321314,2.2052621272019564,1.0,0.9999866923311627,0.9999999999999893,0.03973794743461965
rastrigin_mean_rotated_shifted_5d,5,ucb,constant,decay_uniform_grid_a1,25,uniform,1.0,400,9,17.8984421298378,0.0225,11,310,18,3.394084923706454,3.392612407392366,1.0,0.999995739385805,0.9999999999999964,0.03554892920843955
rastrigin_mean_rotated_shifted_5d,5,ucb,constant,decay_uniform_grid_a1,26,uniform,1.0,400,15,17.8984421298378,0.0375,1,385,27,1.4391366019539986,1.4391366019539986,1.0,0.9999909944093869,1.0,0.08959300966970704
rastrigin_mean_rotated_shifted_5d,5,ucb,constant,decay_uniform_grid_a1,27,uniform,1.0,400,15,17.8984421298378,0.0375,5,346,30,1.4680490772519434,1.4172358841337442,1.0,0.9999602731231025,0.9999999999999999,1.0
rastrigin_mean_rotated_shifted_5d,5,ucb,constant,decay_uniform_grid_a1,28,uniform,1.0,400,16,17.8984421298378,0.04,1,344,29,1.0090979032660754,0.9993206995935793,1.0,0.999942188650166,0.9999999999999942,1.0
rastrigin_mean_rotated_shifted_5d,5,ucb,constant,decay_uniform_grid_a1,29,uniform,1.0,400,16,17.8984421298378,0.04,2,261,32,1.6362973719114506,1.6015688846508283,1.0,0.9999818184053932,0.999999999999999,0.09513581134923514
rastrigin_mean_rotated_shifted_5d,5,ucb,constant,decay_uniform_grid_a1,3,uniform,1.0,400,20,17.8984421298378,0.05,1,381,31,1.63636262002573,1.6081825445491547,1.0,0.9999878699607945,0.9999999999999819,0.031080952179935097
rastrigin_mean_rotated_shifted_5d,5,ucb,constant,decay_uniform_grid_a1,30,uniform,1.0,400,20,17.8984421298378,0.05,2,356,38,2.086715902035954,2.0340844592909377,1.0,0.9999845610708054,1.0,0.1397932625750588
rastrigin_mean_rotated_shifted_5d,5,ucb,constant,decay_uniform_grid_a1,31,uniform,1.0,400,12,17.8984421298378,0.03,1,335,23,1.3390334541589766,1.2640386177658598,1.0,0.9999262099757655,0.9999999999999731,0.9999999999999999
rastrigin_mean_rotated_shifted_5d,5,ucb,constant,decay_uniform_grid_a1,32,uniform,1.0,400,23,17.8984421298378,0.0575,1,334,43,2.0392066325065685,2.012400099612951,1.0,0.9999851824169876,0.9999999999999999,0.025605854521237193
rastrigin_mean_rotated_shifted_5d,5,ucb,constant,decay_uniform_grid_a1,33,uniform,1.0,400,18,17.8984421298378,0.045,3,248,34,1.2684033016615075,1.2258778065132419,1.0,0.9999921448255371,0.9999999999999999,1.0
rastrigin_mean_rotated_shifted_5d,5,ucb,constant,decay_uniform_grid_a1,34,uniform,1.0,400,15,17.8984421298378,0.0375,1,384,27,1.2183154170173993,1.204117932985443,1.0,0.9999916729901248,0.9999999999999999,1.0
rastrigin_mean_rotated_shifted_5d,5,ucb,constant,decay_uniform_grid_a1,4,uniform,1.0,400,23,17.8984421298378,0.0575,1,337,41,0.5018030657835979,0.4360106584943438,0.9555559029703032,0.7859284205429232,0.8813607671521779,0.011694187704427698
rastrigin_mean_rotated_shifted_5d,5,ucb,constant,decay_uniform_grid_a1,5,uniform,1.0,400,19,17.8984421298378,0.0475,2,365,34,1.8348817328484643,1.7938284966234064,0.9999999999999999,0.9999802670015502,0.9999999999999218,0.20253808831680564
rastrigin_mean_rotated_shifted_5d,5,ucb,constant,decay_uniform_grid_a1,6,uniform,1.0,400,15,17.8984421298378,0.0375,2,398,22,2.7131725905600375,2.6609397406690194,1.0,0.9999905586914215,0.9999999999999978,1.0
rastrigin_mean_rotated_shifted_5d,5,ucb,constant,decay_uniform_grid_a1,7,uniform,1.0,400,22,17.8984421298378,0.055,3,322,32,1.0095702945258893,0.9980848931729852,1.0,0.9999052949776934,0.9999999999999999,1.0
rastrigin_mean_rotated_shifted_5d,5,ucb,constant,decay_uniform_grid_a1,8,uniform,1.0,400,18,17.8984421298378,0.045,1,391,29,2.7978476365834526,2.7899486449565414,1.0,0.9999393297369743,0.9999999999999389,0.9999999990989955
rastrigin_mean_rotated_shifted_5d,5,ucb,constant,decay_uniform_grid_a1,9,uniform,1.0,400,19,17.8984421298378,0.0475,2,328,30,1.287884320713418,1.251432483316026,1.0,0.9999884500263517,0.9999999999999997,1.0
rastrigin_mean_rotated_shifted_5d,5,ucb,constant,decay_uniform_grid_a1_2,0,uniform,0.5,400,138,164.03031799806755,0.345,2,399,174,1.0620792717689298,1.0127414471812144,0.9983473475891825,0.9408646265772365,0.9902988738804316,0.03323663057652235
rastrigin_mean_rotated_shifted_5d,5,ucb,constant,decay_uniform_grid_a1_2,1,uniform,0.5,400,165,164.03031799806755,0.4125,1,398,177,2.2761898910597864,2.238765548734868,0.9989003866368005,0.9425889515037877,0.9910981668323019,0.9997902053635368
rastrigin_mean_rotated_shifted_5d,5,ucb,constant,decay_uniform_grid_a1_2,10,uniform,0.5,400,162,164.03031799806755,0.405,1,399,171,3.6869656025293644,3.689594811190439,0.9993329988120935,0.9460169661333862,0.9913987894700043,0.03212157822008127
rastrigin_mean_rotated_shifted_5d,5,ucb,constant,decay_uniform_grid_a1_2,11,uniform,0.5,400,164,164.03031799806755,0.41,1,399,185,3.4619378413801085,3.4619378413801085,0.9995603457265639,0.9511965472971843,0.9925543291003329,0.029153525053622092
rastrigin_mean_rotated_shifted_5d,5,ucb,constant,decay_uniform_grid_a1_2,12,uniform,0.5,400,151,164.03031799806755,0.3775,1,398,163,1.201567740591969,1.200475797536069,1.0,0.9999400497009292,0.9999999999999601,0.079482689777231
rastrigin_mean_rotated_shifted_5d,5,ucb,constant,decay_uniform_grid_a1_2,13,uniform,0.5,400,167,164.03031799806755,0.4175,2,398,190,0.7074428967543668,0.6741568585191786,0.9999999999999964,0.9998647715920352,0.9999999999757306,0.1304709047343879
rastrigin_mean_rotated_shifted_5d,5,ucb,constant,decay_uniform_grid_a1_2,14,uniform,0.5,400,172,164.03031799806755,0.43,2,398,184,1.0531710211393972,1.0130141331413143,0.9892456028474692,0.8629119701101697,0.9493202939642522,0.012800410313292938
rastrigin_mean_rotated_shifted_5d,5,ucb,constant,decay_uniform_grid_a1_2,15,uniform,0.5,400,173,164.03031799806755,0.4325,2,400,181,2.610174650080468,2.594922409236952,0.9992999062664342,0.9505362647151506,0.9935663148855405,0.9419129111935264
rastrigin_mean_rotated_shifted_5d,5,ucb,constant,decay_uniform_grid_a1_2,16,uniform,0.5,400,159,164.03031799806755,0.3975,5,398,188,1.5074767873349928,1.4076822850640611,0.9999009115835251,0.9736649375167572,0.9985144056710058,0.03199852544241752
rastrigin_mean_rotated_shifted_5d,5,ucb,constant,decay_uniform_grid_a1_2,17,uniform,0.5,400,168,164.03031799806755,0.42,1,400,186,3.3984888212003868,3.3984888212003868,1.0,0.9999644989345176,0.9999999999999997,0.9999999999908904
rastrigin_mean_rotated_shifted_5d,5,ucb,constant,decay_uniform_grid_a1_2,18,uniform,0.5,400,167,164.03031799806755,0.4175,1,388,201,0.5208154981949022,0.47077501624304147,0.9932053644904961,0.8852889508706245,0.9696666254804797,0.018926031091354108
rastrigin_mean_rotated_shifted_5d,5,ucb,constant,decay_uniform_grid_a1_2,19,uniform,0.5,400,154,164.03031799806755,0.385,1,396,177,2.9914958761506583,2.98776917400246,0.9997497537657983,0.9537459394057966,0.9948571861589831,0.03054418544223212
rastrigin_mean_rotated_shifted_5d,5,ucb,constant,decay_uniform_grid_a1_2,2,uniform,0.5,400,181,164.03031799806755,0.4525,1,400,204,1.810574776428244,1.8022344949358682,0.9999360675122392,0.9701523506772171,0.9977025761707085,0.9002306097674269
rastrigin_mean_rotated_shifted_5d,5,ucb,constant,decay_uniform_grid_a1_2,20,uniform,0.5,400,166,164.03031799806755,0.415,3,386,186,2.817603399849085,2.7920959896249515,0.9993218484698034,0.9488546781068758,0.9923100797005101,0.019095119545945657
rastrigin_mean_rotated_shifted_5d,5,ucb,constant,decay_uniform_grid_a1_2,21,uniform,0.5,400,155,164.03031799806755,0.3875,3,398,184,3.8337304954780165,3.807255568670579,1.0,0.9999184082542172,0.9999999999999154,0.027693854697512545
rastrigin_mean_rotated_shifted_5d,5,ucb,constant,decay_uniform_grid_a1_2,22,uniform,0.5,400,186,164.03031799806755,0.465,4,400,185,2.4038621633278865,2.039905279774234,0.9994255086209126,0.9489195484396217,0.9918361663487963,0.8531338484632935
rastrigin_mean_rotated_shifted_5d,5,ucb,constant,decay_uniform_grid_a1_2,23,uniform,0.5,400,157,164.03031799806755,0.3925,1,398,185,4.005096026604302,3.9988288508661043,1.0,0.9999694173941709,1.0,0.038874601089694726
rastrigin_mean_rotated_shifted_5d,5,ucb,constant,decay_uniform_grid_a1_2,24,uniform,0.5,400,161,164.03031799806755,0.4025,1,397,169,2.125001248307379,2.015410917618867,0.9887528776361049,0.8514634914811554,0.9438122140379636,0.01064360381643876
rastrigin_mean_rotated_shifted_5d,5,ucb,constant,decay_uniform_grid_a1_2,25,uniform,0.5,400,155,164.03031799806755,0.3875,2,396,178,3.302498230416083,3.2348009515236056,0.9994981496206382,0.9377583569799683,0.9909027134450272,0.9998452664201123
rastrigin_mean_rotated_shifted_5d,5,ucb,constant,decay_uniform_grid_a1_2,26,uniform,0.5,400,168,164.03031799806755,0.42,1,400,196,1.8365535526928383,1.8096511904139376,0.9982964233119349,0.9355146477824159,0.9872391515685367,0.9755579582184156
rastrigin_mean_rotated_shifted_5d,5,ucb,constant,decay_uniform_grid_a1_2,27,uniform,0.5,400,153,164.03031799806755,0.3825,1,397,167,1.1944313651106597,1.0469026872041582,0.9912096608504728,0.8480534434757961,0.9494797118116136,0.015206649799234003
rastrigin_mean_rotated_shifted_5d,5,ucb,constant,decay_uniform_grid_a1_2,28,uniform,0.5,400,152,164.03031799806755,0.38,1,398,181,0.8459489143611677,0.8019678076702647,0.9926272331938417,0.9013510517987917,0.9685858684937033,0.021173038131938982
rastrigin_mean_rotated_shifted_5d,5,ucb,constant,decay_uniform_grid_a1_2,29,uniform,0.5,400,157,164.03031799806755,0.3925,2,397,180,1.8430142154720925,1.8378105075948468,1.0,0.999971122126752,0.999999999999964,0.4280445199603871
rastrigin_mean_rotated_shifted_5d,5,ucb,constant,decay_uniform_grid_a1_2,3,uniform,0.5,400,147,164.03031799806755,0.3675,1,398,191,1.4766859516579458,1.384410144278678,1.0,0.9999926187335404,0.9999999999999651,0.865088311548371
rastrigin_mean_rotated_shifted_5d,5,ucb,constant,decay_uniform_grid_a1_2,30,uniform,0.5,400,170,164.03031799806755,0.425,1,400,172,2.443641925035601,2.412372524645403,1.0,0.9998792552476634,0.9999999999931394,0.9999999989051591
rastrigin_mean_rotated_shifted_5d,5,ucb,constant,decay_uniform_grid_a1_2,31,uniform,0.5,400,154,164.03031799806755,0.385,1,400,176,1.2302001046293611,1.216385077351464,0.9985327092031168,0.9358035268767716,0.9904610198077072,0.9920802668770328
rastrigin_mean_rotated_shifted_5d,5,ucb,constant,decay_uniform_grid_a1_2,32,uniform,0.5,400,169,164.03031799806755,0.4225,1,399,193,2.745850913660557,2.745850913660557,1.0,0.9999902238072953,1.0,0.2660452915349661
rastrigin_mean_rotated_shifted_5d,5,ucb,constant,decay_uniform_grid_a1_2,33,uniform,0.5,400,164,164.03031799806755,0.41,2,394,204,2.3621010186867237,2.2903015799790096,1.0,0.9999949528237888,0.9999999999999974,0.2601283733664544
rastrigin_mean_rotated_shifted_5d,5,ucb,constant,decay_uniform_grid_a1_2,34,uniform,0.5,400,169,164.03031799806755,0.4225,1,397,187,3.049100542736501,3.009243200679228,1.0,0.9999810815008622,0.9999999999999871,0.030129086481397623
rastrigin_mean_rotated_shifted_5d,5,ucb,constant,decay_uniform_grid_a1_2,4,uniform,0.5,400,166,164.03031799806755,0.415,1,399,193,0.6540390688438393,0.6133380245371228,0.9982385176924592,0.9321278507277331,0.9877668445516943,0.0192082426534294
rastrigin_mean_rotated_shifted_5d,5,ucb,constant,decay_uniform_grid_a1_2,5,uniform,0.5,400,178,164.03031799806755,0.445,2,399,210,1.3316691898186264,1.2672546108652525,1.0,0.9999458233074799,0.9999999999995617,0.05643386816104771
rastrigin_mean_rotated_shifted_5d,5,ucb,constant,decay_uniform_grid_a1_2,6,uniform,0.5,400,156,164.03031799806755,0.39,2,398,180,3.7096202147604727,3.598496311131606,0.9985138298365476,0.9278918039791907,0.9870501815027526,0.02108995830597618
rastrigin_mean_rotated_shifted_5d,5,ucb,constant,decay_uniform_grid_a1_2,7,uniform,0.5,400,158,164.03031799806755,0.395,2,398,162,2.0234703645385563,1.9955311524328252,0.9893905919765741,0.8619105688578286,0.9502460969541598,0.010234616238347342
rastrigin_mean_rotated_shifted_5d,5,ucb,constant,decay_uniform_grid_a1_2,8,uniform,0.5,400,169,164.03031799806755,0.4225,1,399,177,2.8297526999377522,2.8174964600986683,0.9999999999995604,0.9996611592526529,0.9999999969269662,0.04372664365478051
rastrigin_mean_rotated_shifted_5d,5,ucb,constant,decay_uniform_grid_a1_2,9,uniform,0.5,400,164,164.03031799806755,0.41,2,400,185,2.5954751799774174,2.5884501087171414,0.9998168600965261,0.9666280579144186,0.9966034652940167,0.966009734887124
rastrigin_mean_rotated_shifted_5d,5,ucb,constant,decay_uniform_grid_a2_3,0,uniform,0.6666666666666666,400,65,75.21337704939067,0.1625,2,399,104,1.2406519811133563,1.2057183192951613,0.9920106092226979,0.9025471852406588,0.9682255652967201,0.014780523763725621
rastrigin_mean_rotated_shifted_5d,5,ucb,constant,decay_uniform_grid_a2_3,1,uniform,0.6666666666666666,400,73,75.21337704939067,0.1825,1,398,101,2.233348105972192,2.205897874338183,1.0,0.9999659911779737,0.9999999999999675,0.040581892038914595
rastrigin_mean_rotated_shifted_5d,5,ucb,constant,decay_uniform_grid_a2_3,10,uniform,0.6666666666666666,400,70,75.21337704939067,0.175,1,395,107,1.9816394993007989,1.8915718622545483,1.0,0.9999942596819354,0.9999999999999997,0.041983426173818006
rastrigin_mean_rotated_shifted_5d,5,ucb,constant,decay_uniform_grid_a2_3,11,uniform,0.6666666666666666,400,73,75.21337704939067,0.1825,1,397,103,3.4822448309233662,3.425322744109516,0.9913960295066235,0.9018270071376993,0.9686375579277183,0.01567818985793772
rastrigin_mean_rotated_shifted_5d,5,ucb,constant,decay_uniform_grid_a2_3,12,uniform,0.6666666666666666,400,68,75.21337704939067,0.17,1,398,99,1.391535254189003,1.323834816112452,1.0,0.9999794035984731,0.9999999999999806,0.030408474615473108
rastrigin_mean_rotated_shifted_5d,5,ucb,constant,decay_uniform_grid_a2_3,13,uniform,0.6666666666666666,400,75,75.21337704939067,0.1875,2,381,114,1.6267468292607787,1.6052457716636126,1.0,0.9999706787276685,0.9999999999998864,0.03706653727836311
rastrigin_mean_rotated_shifted_5d,5,ucb,constant,decay_uniform_grid_a2_3,14,uniform,0.6666666666666666,400,76,75.21337704939067,0.19,4,389,116,1.2813452537030998,1.0154400502956975,0.986055104035925,0.8419420947534406,0.9466978153262972,0.014705519639559836
rastrigin_mean_rotated_shifted_5d,5,ucb,constant,decay_uniform_grid_a2_3,15,uniform,0.6666666666666666,400,78,75.21337704939067,0.195,2,399,112,1.4285737470101154,1.4119883656113046,1.0,0.9999349072833328,0.9999999999999849,0.19545457557302814
rastrigin_mean_rotated_shifted_5d,5,ucb,constant,decay_uniform_grid_a2_3,16,uniform,0.6666666666666666,400,70,75.21337704939067,0.175,5,390,112,2.8329935529955064,2.8023668341307073,1.0,0.999957227782213,0.9999999999999967,0.028493839823419572
rastrigin_mean_rotated_shifted_5d,5,ucb,constant,decay_uniform_grid_a2_3,17,uniform,0.6666666666666666,400,80,75.21337704939067,0.2,1,394,127,1.8098883092082474,1.7444458426852776,1.0,0.9999262434045209,0.9999999999999997,0.274512109900024
rastrigin_mean_rotated_shifted_5d,5,ucb,constant,decay_uniform_grid_a2_3,18,uniform,0.6666666666666666,400,74,75.21337704939067,0.185,3,388,118,0.773980113305889,0.7099784303906119,1.0,0.9999238718898013,0.9999999999999866,1.0
rastrigin_mean_rotated_shifted_5d,5,ucb,constant,decay_uniform_grid_a2_3,19,uniform,0.6666666666666666,400,69,75.21337704939067,0.1725,1,391,101,3.0155426255019337,2.996390730518878,1.0,0.9999695514915348,0.9999999999999877,0.9999999999999999
rastrigin_mean_rotated_shifted_5d,5,ucb,constant,decay_uniform_grid_a2_3,2,uniform,0.6666666666666666,400,89,75.21337704939067,0.2225,1,396,133,2.0254921158449077,2.0095837944425794,0.9993604542489204,0.9593152845283919,0.9952225309236374,0.05261650432771679
rastrigin_mean_rotated_shifted_5d,5,ucb,constant,decay_uniform_grid_a2_3,20,uniform,0.6666666666666666,400,69,75.21337704939067,0.1725,3,379,110,1.6986701411240603,1.6574531806201775,1.0,0.9999893215688773,0.9999999999999998,0.11938667346318563
rastrigin_mean_rotated_shifted_5d,5,ucb,constant,decay_uniform_grid_a2_3,21,uniform,0.6666666666666666,400,64,75.21337704939067,0.16,10,380,98,3.846142033442807,3.8138834970967253,1.0,0.999985995789826,0.9999999999999996,0.02559598096236407
rastrigin_mean_rotated_shifted_5d,5,ucb,constant,decay_uniform_grid_a2_3,22,uniform,0.6666666666666666,400,85,75.21337704939067,0.2125,4,397,130,1.5413834424539814,1.4641667278362802,1.0,0.9999466724794708,0.9999999999999998,0.08381425098359578
rastrigin_mean_rotated_shifted_5d,5,ucb,constant,decay_uniform_grid_a2_3,23,uniform,0.6666666666666666,400,79,75.21337704939067,0.1975,1,396,125,0.8984343129835736,0.8443436787671346,1.0,0.9999766368850417,0.9999999999999998,0.12577914438893073
rastrigin_mean_rotated_shifted_5d,5,ucb,constant,decay_uniform_grid_a2_3,24,uniform,0.6666666666666666,400,80,75.21337704939067,0.2,3,367,116,1.6419174903337506,1.603022929170463,0.9958168711655923,0.9133796538504648,0.9758135212341272,0.01683249388890631
rastrigin_mean_rotated_shifted_5d,5,ucb,constant,decay_uniform_grid_a2_3,25,uniform,0.6666666666666666,400,69,75.21337704939067,0.1725,2,392,96,1.09149347812247,1.018240099569215,1.0,0.9998515252592007,0.9999999999999999,0.3485858616529458
rastrigin_mean_rotated_shifted_5d,5,ucb,constant,decay_uniform_grid_a2_3,26,uniform,0.6666666666666666,400,77,75.21337704939067,0.1925,1,393,129,2.5318978219585233,2.434740203428369,1.0,0.9999920846392442,0.9999999999999993,0.03774712401009793
rastrigin_mean_rotated_shifted_5d,5,ucb,constant,decay_uniform_grid_a2_3,27,uniform,0.6666666666666666,400,66,75.21337704939067,0.165,5,391,106,1.8505077981623388,1.850950675402109,1.0,0.999952533502367,0.9999999999999992,1.0
rastrigin_mean_rotated_shifted_5d,5,ucb,constant,decay_uniform_grid_a2_3,28,uniform,0.6666666666666666,400,68,75.21337704939067,0.17,1,398,113,0.7283542218853996,0.722939134094284,1.0,0.9999848727813169,0.9999999999999991,1.0
rastrigin_mean_rotated_shifted_5d,5,ucb,constant,decay_uniform_grid_a2_3,29,uniform,0.6666666666666666,400,72,75.21337704939067,0.18,2,378,114,1.6112455092961326,1.5939529280253424,1.0,0.9999960590487784,0.9999999999999972,0.04330078347615248
rastrigin_mean_rotated_shifted_5d,5,ucb,constant,decay_uniform_grid_a2_3,3,uniform,0.6666666666666666,400,68,75.21337704939067,0.17,1,393,99,1.8694570756922446,1.821274937752881,1.0,0.999984823106172,0.9999999999999989,0.07997780523478876
rastrigin_mean_rotated_shifted_5d,5,ucb,constant,decay_uniform_grid_a2_3,30,uniform,0.6666666666666666,400,88,75.21337704939067,0.22,1,395,129,1.506663843645525,1.4547173635109742,1.0,0.9999765949067401,0.9999999999999993,0.25285480849672654
rastrigin_mean_rotated_shifted_5d,5,ucb,constant,decay_uniform_grid_a2_3,31,uniform,0.6666666666666666,400,71,75.21337704939067,0.1775,1,395,119,1.2448426437160365,1.1955312051486486,0.9994019689570263,0.947161686685358,0.9932422781462199,0.028701802991735734
rastrigin_mean_rotated_shifted_5d,5,ucb,constant,decay_uniform_grid_a2_3,32,uniform,0.6666666666666666,400,75,75.21337704939067,0.1875,1,365,121,0.5077784603281031,0.4466974852069853,1.0,0.9999919517327445,0.9999999999999998,0.8706757815526971
rastrigin_mean_rotated_shifted_5d,5,ucb,constant,decay_uniform_grid_a2_3,33,uniform,0.6666666666666666,400,73,75.21337704939067,0.1825,3,394,126,1.8812696511315465,1.8144464148898336,1.0,0.9999786473099099,0.9999999999999996,0.026378939325093997
rastrigin_mean_rotated_shifted_5d,5,ucb,constant,decay_uniform_grid_a2_3,34,uniform,0.6666666666666666,400,66,75.21337704939067,0.165,1,396,113,0.28126370035155757,0.2328328936406095,1.0,0.9999921889279402,0.9999999999999998,0.05298686533645249
rastrigin_mean_rotated_shifted_5d,5,ucb,constant,decay_uniform_grid_a2_3,4,uniform,0.6666666666666666,400,87,75.21337704939067,0.2175,1,389,123,0.7109079979763038,0.6212908751265701,0.9724393628686413,0.8399653598092605,0.9326265501767728,0.015303029431652902
rastrigin_mean_rotated_shifted_5d,5,ucb,constant,decay_uniform_grid_a2_3,5,uniform,0.6666666666666666,400,86,75.21337704939067,0.215,2,399,144,2.1021157095887046,1.9517969465347762,1.0,0.9999738417971697,0.9999999999999952,0.13891473504638843
rastrigin_mean_rotated_shifted_5d,5,ucb,constant,decay_uniform_grid_a2_3,6,uniform,0.6666666666666666,400,68,75.21337704939067,0.17,2,398,108,2.357479952855276,2.0645715186589526,0.9994474603063278,0.9471731291322842,0.9927908038046221,1.0
rastrigin_mean_rotated_shifted_5d,5,ucb,constant,decay_uniform_grid_a2_3,7,uniform,0.6666666666666666,400,75,75.21337704939067,0.1875,2,397,110,2.502766522248282,2.471100774920866,1.0,0.9999886254175734,1.0,0.047025899175065444
rastrigin_mean_rotated_shifted_5d,5,ucb,constant,decay_uniform_grid_a2_3,8,uniform,0.6666666666666666,400,73,75.21337704939067,0.1825,1,396,101,4.826545738319787,4.758898239313924,1.0,0.9999969511989024,1.0,0.3047868271633825
rastrigin_mean_rotated_shifted_5d,5,ucb,constant,decay_uniform_grid_a2_3,9,uniform,0.6666666666666666,400,70,75.21337704939067,0.175,2,400,109,2.6258222974917915,2.5993918999077623,1.0,0.9999707263239925,0.999999999999823,0.9999999997683915
rastrigin_mean_rotated_shifted_5d,5,ucb,constant,decay_uniform_grid_a3_2,0,uniform,1.5,400,5,3.134213985518419,0.0125,2,366,10,0.9074457430003463,0.7977063471160648,0.8726832078494539,0.6995489385721132,0.798416238825673,0.006972122122677569
rastrigin_mean_rotated_shifted_5d,5,ucb,constant,decay_uniform_grid_a3_2,1,uniform,1.5,400,3,3.134213985518419,0.0075,1,20,3,2.835126706035129,2.7901163198526318,0.9345578880203163,0.7767478184426001,0.8687010615348291,0.00887997793915941
rastrigin_mean_rotated_shifted_5d,5,ucb,constant,decay_uniform_grid_a3_2,10,uniform,1.5,400,3,3.134213985518419,0.0075,3,11,6,0.8166247125955038,0.8057685903399004,1.0,0.9999834464159096,0.9999999999999999,0.12867848188474704
rastrigin_mean_rotated_shifted_5d,5,ucb,constant,decay_uniform_grid_a3_2,11,uniform,1.5,400,4,3.134213985518419,0.01,1,63,7,1.8423793713153231,1.826923585733867,1.0,0.999977097358314,0.9999999999999994,0.35813516778614124
rastrigin_mean_rotated_shifted_5d,5,ucb,constant,decay_uniform_grid_a3_2,12,uniform,1.5,400,4,3.134213985518419,0.01,1,110,7,1.240751128096133,1.2126993052834336,1.0,0.9999896042489699,0.9999999999999996,0.05898479080439424
rastrigin_mean_rotated_shifted_5d,5,ucb,constant,decay_uniform_grid_a3_2,13,uniform,1.5,400,4,3.134213985518419,0.01,5,325,8,1.2630625292558306,1.205623507855006,0.9618352968071627,0.8246636392751794,0.9076296170952096,0.008930531399660506
rastrigin_mean_rotated_shifted_5d,5,ucb,constant,decay_uniform_grid_a3_2,14,uniform,1.5,400,3,3.134213985518419,0.0075,22,150,6,3.8095053252070756,3.7929037541517174,1.0,0.9999939296409298,0.9999999999999933,0.06193256336598208
rastrigin_mean_rotated_shifted_5d,5,ucb,constant,decay_uniform_grid_a3_2,15,uniform,1.5,400,2,3.134213985518419,0.005,2,4,4,5.617409043168702,0.6119299858842027,0.9828732692281019,0.8673615176203388,0.9469400506545378,1.0
rastrigin_mean_rotated_shifted_5d,5,ucb,constant,decay_uniform_grid_a3_2,16,uniform,1.5,400,2,3.134213985518419,0.005,5,8,4,0.7400486513064152,0.6765695816317446,1.0,0.9999109654473083,1.0,0.05090563404738663
rastrigin_mean_rotated_shifted_5d,5,ucb,constant,decay_uniform_grid_a3_2,17,uniform,1.5,400,1,3.134213985518419,0.0025,110,110,2,2.2171493163625597,2.207534666794217,1.0,0.999965430012814,0.999999999999998,0.02133431815976136
rastrigin_mean_rotated_shifted_5d,5,ucb,constant,decay_uniform_grid_a3_2,18,uniform,1.5,400,4,3.134213985518419,0.01,3,64,8,1.4800609141367786,1.3983848641390892,0.9389760034861798,0.803314676814666,0.8875363475440033,0.009269342842886063
rastrigin_mean_rotated_shifted_5d,5,ucb,constant,decay_uniform_grid_a3_2,19,uniform,1.5,400,5,3.134213985518419,0.0125,1,39,9,1.8777564018759734,1.8303354211769574,1.0,0.9999845689330652,0.9999999999999999,0.07690493074683648
rastrigin_mean_rotated_shifted_5d,5,ucb,constant,decay_uniform_grid_a3_2,2,uniform,1.5,400,0,3.134213985518419,0.0,,,0,0.6707009569096499,0.6313397807676125,1.0,0.9999893362184566,1.0,0.1458007178174758
rastrigin_mean_rotated_shifted_5d,5,ucb,constant,decay_uniform_grid_a3_2,20,uniform,1.5,400,4,3.134213985518419,0.01,3,110,8,0.8630054364607076,0.8260110070270954,1.0,0.9999834048730996,0.9999999999999999,1.0
rastrigin_mean_rotated_shifted_5d,5,ucb,constant,decay_uniform_grid_a3_2,21,uniform,1.5,400,3,3.134213985518419,0.0075,20,42,6,1.5167610380382939,1.429712096807893,1.0,0.9999739320934655,1.0,0.09443364493549036
rastrigin_mean_rotated_shifted_5d,5,ucb,constant,decay_uniform_grid_a3_2,22,uniform,1.5,400,2,3.134213985518419,0.005,6,14,4,1.737151229276573,1.670749359317267,1.0,0.9999899118570046,0.9999999999999999,0.09093592495541632
rastrigin_mean_rotated_shifted_5d,5,ucb,constant,decay_uniform_grid_a3_2,23,uniform,1.5,400,3,3.134213985518419,0.0075,1,97,5,1.2353171157287732,1.086280923666365,1.0,0.9999910981847603,1.0,0.27124638049536304
rastrigin_mean_rotated_shifted_5d,5,ucb,constant,decay_uniform_grid_a3_2,24,uniform,1.5,400,0,3.134213985518419,0.0,,,0,1.6586258719487403,1.5924276873219525,0.9690810409769989,0.8016047302702718,0.90515082893828,0.008691938542980783
rastrigin_mean_rotated_shifted_5d,5,ucb,constant,decay_uniform_grid_a3_2,25,uniform,1.5,400,0,3.134213985518419,0.0,,,0,1.2737919180351511,1.2432799238165244,1.0,0.9999968733295757,0.9999999999999962,0.03239897778569995
rastrigin_mean_rotated_shifted_5d,5,ucb,constant,decay_uniform_grid_a3_2,26,uniform,1.5,400,0,3.134213985518419,0.0,,,0,1.5435904016196673,1.5435904016196673,1.0,0.9999861615769478,1.0,1.0
rastrigin_mean_rotated_shifted_5d,5,ucb,constant,decay_uniform_grid_a3_2,27,uniform,1.5,400,0,3.134213985518419,0.0,,,0,2.170799427055698,2.0570947911076685,1.0,0.9999790078021313,1.0,0.0741043401934232
rastrigin_mean_rotated_shifted_5d,5,ucb,constant,decay_uniform_grid_a3_2,28,uniform,1.5,400,2,3.134213985518419,0.005,3,79,4,0.8744801111130911,0.8343440677211362,1.0,0.9999901139706678,0.9999999999999981,0.06841464148195774
rastrigin_mean_rotated_shifted_5d,5,ucb,constant,decay_uniform_grid_a3_2,29,uniform,1.5,400,2,3.134213985518419,0.005,2,24,4,1.683239686860992,1.6446447914532798,0.98522866848539,0.8820742532236646,0.9471170645195522,0.015784357020217292
rastrigin_mean_rotated_shifted_5d,5,ucb,constant,decay_uniform_grid_a3_2,3,uniform,1.5,400,6,3.134213985518419,0.015,1,33,7,0.6521048980530963,0.6202884856132271,0.965033729541035,0.8276979064295553,0.9056526333738046,0.014842036320897896
rastrigin_mean_rotated_shifted_5d,5,ucb,constant,decay_uniform_grid_a3_2,30,uniform,1.5,400,3,3.134213985518419,0.0075,2,49,6,2.058637685963589,2.016915107125057,1.0,0.9999852542697838,0.9999999999999946,0.06460721023795969
rastrigin_mean_rotated_shifted_5d,5,ucb,constant,decay_uniform_grid_a3_2,31,uniform,1.5,400,6,3.134213985518419,0.015,1,194,11,2.0095455550177475,2.00361026790643,1.0,0.9999618378836388,0.999999999999999,0.04371951735576956
rastrigin_mean_rotated_shifted_5d,5,ucb,constant,decay_uniform_grid_a3_2,32,uniform,1.5,400,3,3.134213985518419,0.0075,1,5,3,1.4964676179763756,1.4574820201124254,1.0,0.9999688997558367,0.9999999999999999,1.0
rastrigin_mean_rotated_shifted_5d,5,ucb,constant,decay_uniform_grid_a3_2,33,uniform,1.5,400,6,3.134213985518419,0.015,3,242,12,0.6407748525859944,0.6020808784925507,0.992411887536101,0.857261730355573,0.9526708421352242,0.013820820201919659
rastrigin_mean_rotated_shifted_5d,5,ucb,constant,decay_uniform_grid_a3_2,34,uniform,1.5,400,2,3.134213985518419,0.005,1,25,3,1.7346617499158015,1.7346617499158015,1.0,0.999994814866928,1.0,0.9999999999999999
rastrigin_mean_rotated_shifted_5d,5,ucb,constant,decay_uniform_grid_a3_2,4,uniform,1.5,400,2,3.134213985518419,0.005,1,96,3,2.339701802736066,2.202138596979421,0.848098659543077,0.6080643348148208,0.7151265231291096,0.00797824257603387
rastrigin_mean_rotated_shifted_5d,5,ucb,constant,decay_uniform_grid_a3_2,5,uniform,1.5,400,3,3.134213985518419,0.0075,46,104,6,1.3569590524936672,1.297411565865056,1.0,0.9999633706736495,1.0,1.0
rastrigin_mean_rotated_shifted_5d,5,ucb,constant,decay_uniform_grid_a3_2,6,uniform,1.5,400,3,3.134213985518419,0.0075,2,5,4,3.6359105020110505,3.584152191985048,0.9999999999999999,0.9999843087568452,0.9999999999998971,0.029962528552646233
rastrigin_mean_rotated_shifted_5d,5,ucb,constant,decay_uniform_grid_a3_2,7,uniform,1.5,400,6,3.134213985518419,0.015,3,141,10,2.8349302460252774,2.5934170323420047,0.9230464651567873,0.69676107413997,0.8058386050752419,0.0073924611848318915
rastrigin_mean_rotated_shifted_5d,5,ucb,constant,decay_uniform_grid_a3_2,8,uniform,1.5,400,4,3.134213985518419,0.01,1,48,3,1.4447220466783535,1.4234770356616793,1.0,0.9999351576309344,0.9999999999999962,1.0
rastrigin_mean_rotated_shifted_5d,5,ucb,constant,decay_uniform_grid_a3_2,9,uniform,1.5,400,2,3.134213985518419,0.005,8,200,4,2.9388782189385965,2.813248920036932,0.9781560637758824,0.8626407817018111,0.9394408842799994,0.08255313682745662
rastrigin_mean_rotated_shifted_5d,5,ucb,constant,decay_uniform_grid_a4_3,0,uniform,1.3333333333333333,400,6,5.27256894317306,0.015,2,366,12,0.9888806337013094,0.8013874960200809,0.9535442547023375,0.7556551057192864,0.866020651567444,0.006619937097143943
rastrigin_mean_rotated_shifted_5d,5,ucb,constant,decay_uniform_grid_a4_3,1,uniform,1.3333333333333333,400,6,5.27256894317306,0.015,1,53,9,2.6135132403598407,2.6135132403598407,1.0,0.9999396156308838,0.9999999999999969,0.2895775087289382
rastrigin_mean_rotated_shifted_5d,5,ucb,constant,decay_uniform_grid_a4_3,10,uniform,1.3333333333333333,400,5,5.27256894317306,0.0125,3,384,10,0.8630908100667014,0.8372218195276375,1.0,0.9999410467547301,0.9999999999999988,0.027443011898882087
rastrigin_mean_rotated_shifted_5d,5,ucb,constant,decay_uniform_grid_a4_3,11,uniform,1.3333333333333333,400,6,5.27256894317306,0.015,1,63,11,1.8351774668983822,1.8088237459704033,1.0,0.9999859108694806,1.0,0.13700341304116673
rastrigin_mean_rotated_shifted_5d,5,ucb,constant,decay_uniform_grid_a4_3,12,uniform,1.3333333333333333,400,6,5.27256894317306,0.015,1,308,11,1.2387619994648715,1.19752047437116,1.0,0.9999841287814937,0.9999999999999689,0.9999999999999998
rastrigin_mean_rotated_shifted_5d,5,ucb,constant,decay_uniform_grid_a4_3,13,uniform,1.3333333333333333,400,5,5.27256894317306,0.0125,5,329,10,1.2591095346771084,1.205623507855006,0.9623500580731077,0.8251529977393702,0.9081617995113261,0.009499731803171171
rastrigin_mean_rotated_shifted_5d,5,ucb,constant,decay_uniform_grid_a4_3,14,uniform,1.3333333333333333,400,6,5.27256894317306,0.015,8,150,12,3.2335035698502965,2.9950369191839683,0.8915575422975334,0.6843777090720268,0.794814533454954,0.007756988421284193
rastrigin_mean_rotated_shifted_5d,5,ucb,constant,decay_uniform_grid_a4_3,15,uniform,1.3333333333333333,400,5,5.27256894317306,0.0125,2,306,10,1.308119746308806,1.243442173666439,1.0,0.9999144192828746,1.0,0.05591194745186575
rastrigin_mean_rotated_shifted_5d,5,ucb,constant,decay_uniform_grid_a4_3,16,uniform,1.3333333333333333,400,5,5.27256894317306,0.0125,5,31,8,1.2180237144605754,1.2025267265871775,1.0,0.9999544173484898,0.9999999999999999,0.07502765686438374
rastrigin_mean_rotated_shifted_5d,5,ucb,constant,decay_uniform_grid_a4_3,17,uniform,1.3333333333333333,400,1,5.27256894317306,0.0025,110,110,2,2.2171493163625597,2.207534666794217,1.0,0.999965430012814,0.999999999999998,0.02133431815976136
rastrigin_mean_rotated_shifted_5d,5,ucb,constant,decay_uniform_grid_a4_3,18,uniform,1.3333333333333333,400,8,5.27256894317306,0.02,3,326,14,2.091887234558237,2.0494083734494906,1.0,0.9999830726571008,0.9999999999999999,1.0
rastrigin_mean_rotated_shifted_5d,5,ucb,constant,decay_uniform_grid_a4_3,19,uniform,1.3333333333333333,400,6,5.27256894317306,0.015,1,160,11,1.8694433451947545,1.8288539439597116,1.0,0.9999726898257749,0.9999999999999999,0.15373240368930918
rastrigin_mean_rotated_shifted_5d,5,ucb,constant,decay_uniform_grid_a4_3,2,uniform,1.3333333333333333,400,2,5.27256894317306,0.005,46,216,4,2.0635214075190604,2.003157106657504,1.0,0.9999749996707894,0.9999999999999999,0.09555657873768884
rastrigin_mean_rotated_shifted_5d,5,ucb,constant,decay_uniform_grid_a4_3,20,uniform,1.3333333333333333,400,8,5.27256894317306,0.02,3,334,16,2.204688233536865,2.196839367152562,1.0,0.9999985256461585,0.9999999999999999,0.9999999999999999
rastrigin_mean_rotated_shifted_5d,5,ucb,constant,decay_uniform_grid_a4_3,21,uniform,1.3333333333333333,400,4,5.27256894317306,0.01,20,85,8,2.2361948391900697,2.2248087288371794,1.0,0.9999969476782327,1.0,0.10272342742111906
rastrigin_mean_rotated_shifted_5d,5,ucb,constant,decay_uniform_grid_a4_3,22,uniform,1.3333333333333333,400,4,5.27256894317306,0.01,6,131,8,1.6610151373719404,1.6199750446653425,1.0,0.9999934219669329,0.9999999999999998,0.4715899538991116
rastrigin_mean_rotated_shifted_5d,5,ucb,constant,decay_uniform_grid_a4_3,23,uniform,1.3333333333333333,400,5,5.27256894317306,0.0125,1,182,9,3.7531237481126034,3.7531237481126034,1.0,0.9999969830886142,1.0,0.29813463226322967
rastrigin_mean_rotated_shifted_5d,5,ucb,constant,decay_uniform_grid_a4_3,24,uniform,1.3333333333333333,400,1,5.27256894317306,0.0025,23,23,2,1.059731755812122,1.0201685073444167,1.0,0.9999531529858455,0.9999999999998817,0.09211261565968042
rastrigin_mean_rotated_shifted_5d,5,ucb,constant,decay_uniform_grid_a4_3,25,uniform,1.3333333333333333,400,1,5.27256894317306,0.0025,310,310,2,1.2315724038085833,1.2182132622037258,1.0,0.9999978689128315,0.9999999999999992,0.09837602044875417
rastrigin_mean_rotated_shifted_5d,5,ucb,constant,decay_uniform_grid_a4_3,26,uniform,1.3333333333333333,400,5,5.27256894317306,0.0125,2,128,10,1.594289135337442,1.4669444958146045,1.0,0.9999809457373219,1.0,0.08345029095903674
rastrigin_mean_rotated_shifted_5d,5,ucb,constant,decay_uniform_grid_a4_3,27,uniform,1.3333333333333333,400,0,5.27256894317306,0.0,,,0,2.170799427055698,2.0570947911076685,1.0,0.9999790078021313,1.0,0.0741043401934232
rastrigin_mean_rotated_shifted_5d,5,ucb,constant,decay_uniform_grid_a4_3,28,uniform,1.3333333333333333,400,2,5.27256894317306,0.005,3,79,4,0.8744801111130911,0.8343440677211362,1.0,0.9999901139706678,0.9999999999999981,0.06841464148195774
rastrigin_mean_rotated_shifted_5d,5,ucb,constant,decay_uniform_grid_a4_3,29,uniform,1.3333333333333333,400,6,5.27256894317306,0.015,2,233,12,1.4113805509405708,1.398766173267782,1.0,0.9999811000283481,0.9999999999999986,0.03395490729275302
rastrigin_mean_rotated_shifted_5d,5,ucb,constant,decay_uniform_grid_a4_3,3,uniform,1.3333333333333333,400,10,5.27256894317306,0.025,1,222,15,1.7622404072332558,1.7622404072332558,1.0,0.9999787238500193,1.0,0.34089605376305765
rastrigin_mean_rotated_shifted_5d,5,ucb,constant,decay_uniform_grid_a4_3,30,uniform,1.3333333333333333,400,4,5.27256894317306,0.01,2,100,8,2.009271105051937,1.9977393888629904,1.0,0.999991185251262,0.9999999999999962,0.19232920003267823
rastrigin_mean_rotated_shifted_5d,5,ucb,constant,decay_uniform_grid_a4_3,31,uniform,1.3333333333333333,400,6,5.27256894317306,0.015,1,194,11,2.0095455550177475,2.00361026790643,1.0,0.9999618378836388,0.999999999999999,0.04371951735576956
rastrigin_mean_rotated_shifted_5d,5,ucb,constant,decay_uniform_grid_a4_3,32,uniform,1.3333333333333333,400,5,5.27256894317306,0.0125,1,79,7,2.3907144933064357,2.3907144933064357,1.0,0.9999863687604462,0.9999999999999946,0.06140385158841416
rastrigin_mean_rotated_shifted_5d,5,ucb,constant,decay_uniform_grid_a4_3,33,uniform,1.3333333333333333,400,7,5.27256894317306,0.0175,3,242,14,1.9763471543523707,1.9763471543523707,1.0,0.9999172906097413,1.0,0.19731365971184525
rastrigin_mean_rotated_shifted_5d,5,ucb,constant,decay_uniform_grid_a4_3,34,uniform,1.3333333333333333,400,2,5.27256894317306,0.005,1,25,3,1.7346617499158015,1.7346617499158015,1.0,0.999994814866928,1.0,0.9999999999999999
rastrigin_mean_rotated_shifted_5d,5,ucb,constant,decay_uniform_grid_a4_3,4,uniform,1.3333333333333333,400,4,5.27256894317306,0.01,1,142,7,2.3886950628419528,2.217572177590634,0.9089778610041165,0.6388984826086397,0.7556982953466375,0.00817214913612469
rastrigin_mean_rotated_shifted_5d,5,ucb,constant,decay_uniform_grid_a4_3,5,uniform,1.3333333333333333,400,3,5.27256894317306,0.0075,46,104,6,1.3569590524936672,1.297411565865056,1.0,0.9999633706736495,1.0,1.0
rastrigin_mean_rotated_shifted_5d,5,ucb,constant,decay_uniform_grid_a4_3,6,uniform,1.3333333333333333,400,5,5.27256894317306,0.0125,2,240,8,3.5960086618216067,3.5848854086697926,0.9999999999999998,0.9999868196497557,0.9999999999998096,0.02947992912594428
rastrigin_mean_rotated_shifted_5d,5,ucb,constant,decay_uniform_grid_a4_3,7,uniform,1.3333333333333333,400,9,5.27256894317306,0.0225,3,141,16,1.9940015588617002,1.991590522312984,1.0,0.9999900912507235,0.9999999999999988,0.024218483252262224
rastrigin_mean_rotated_shifted_5d,5,ucb,constant,decay_uniform_grid_a4_3,8,uniform,1.3333333333333333,400,6,5.27256894317306,0.015,1,329,7,1.5602522760486537,1.4838810816460153,1.0,0.9999477235293783,0.999999999999998,1.0
rastrigin_mean_rotated_shifted_5d,5,ucb,constant,decay_uniform_grid_a4_3,9,uniform,1.3333333333333333,400,6,5.27256894317306,0.015,8,200,10,2.6743992841704824,2.619696092077129,1.0,0.9999636732457677,0.9999999999999867,1.0
rastrigin_mean_rotated_shifted_5d,5,ucb,constant,decay_uniform_grid_a5_6,0,uniform,0.8333333333333334,400,27,35.84750100274302,0.0675,2,399,50,1.073707442280633,1.031245128878527,1.0,0.9997601299226371,0.9999999999999879,1.0
rastrigin_mean_rotated_shifted_5d,5,ucb,constant,decay_uniform_grid_a5_6,1,uniform,0.8333333333333334,400,39,35.84750100274302,0.0975,1,398,65,2.940940853082002,2.8205487825355364,0.9941484277038453,0.9112343227030999,0.9671361810731748,1.0
rastrigin_mean_rotated_shifted_5d,5,ucb,constant,decay_uniform_grid_a5_6,10,uniform,0.8333333333333334,400,35,35.84750100274302,0.0875,3,384,60,2.0197991340613486,2.009666872282968,0.995063470963025,0.9122385946673198,0.9690981353130795,1.0
rastrigin_mean_rotated_shifted_5d,5,ucb,constant,decay_uniform_grid_a5_6,11,uniform,0.8333333333333334,400,38,35.84750100274302,0.095,1,397,63,2.69157757805133,2.67965032854906,1.0,0.9999690660557341,0.9999999999999998,0.11516808759297552
rastrigin_mean_rotated_shifted_5d,5,ucb,constant,decay_uniform_grid_a5_6,12,uniform,0.8333333333333334,400,35,35.84750100274302,0.0875,1,392,59,1.232725543449203,1.2038954233290553,0.9839027471271468,0.8897039158668132,0.9524983192820857,0.01838223473022384
rastrigin_mean_rotated_shifted_5d,5,ucb,constant,decay_uniform_grid_a5_6,13,uniform,0.8333333333333334,400,37,35.84750100274302,0.0925,2,375,58,2.006721613517996,1.8912180970160322,1.0,0.9999954012396094,1.0,0.8196470975323443
rastrigin_mean_rotated_shifted_5d,5,ucb,constant,decay_uniform_grid_a5_6,14,uniform,0.8333333333333334,400,41,35.84750100274302,0.1025,4,386,74,1.0483646071902186,1.0395047381927298,0.9835291693321443,0.8749980758088279,0.9478401141607901,0.012825346566292358
rastrigin_mean_rotated_shifted_5d,5,ucb,constant,decay_uniform_grid_a5_6,15,uniform,0.8333333333333334,400,38,35.84750100274302,0.095,2,334,62,0.8558919881739854,0.8351584968101122,1.0,0.999943100622553,0.9999999999999977,1.0
rastrigin_mean_rotated_shifted_5d,5,ucb,constant,decay_uniform_grid_a5_6,16,uniform,0.8333333333333334,400,39,35.84750100274302,0.0975,5,359,64,0.6999282852006573,0.6393606711973661,1.0,0.9999370124944513,0.999999999999978,1.0
rastrigin_mean_rotated_shifted_5d,5,ucb,constant,decay_uniform_grid_a5_6,17,uniform,0.8333333333333334,400,34,35.84750100274302,0.085,4,386,64,0.9529671313511727,0.921020493303945,1.0,0.9999931515760224,0.9999999999999999,0.042851075690055015
rastrigin_mean_rotated_shifted_5d,5,ucb,constant,decay_uniform_grid_a5_6,18,uniform,0.8333333333333334,400,31,35.84750100274302,0.0775,3,368,50,1.4315781177502926,1.407423459434493,0.9757856191295302,0.8355692093038667,0.9195101528342171,0.008872824639632347
rastrigin_mean_rotated_shifted_5d,5,ucb,constant,decay_uniform_grid_a5_6,19,uniform,0.8333333333333334,400,31,35.84750100274302,0.0775,1,371,53,1.9913275358047884,1.9932975554910215,1.0,0.9999920982414892,0.9999999999999847,1.0
rastrigin_mean_rotated_shifted_5d,5,ucb,constant,decay_uniform_grid_a5_6,2,uniform,0.8333333333333334,400,41,35.84750100274302,0.1025,1,390,75,0.5079373601328868,0.41228621843132063,1.0,0.9999710853787744,0.9999999999999915,0.022479588356007732
rastrigin_mean_rotated_shifted_5d,5,ucb,constant,decay_uniform_grid_a5_6,20,uniform,0.8333333333333334,400,37,35.84750100274302,0.0925,3,334,70,2.4585867750387367,2.44838906306221,1.0,0.9999518906055751,1.0,0.5917297896552365
rastrigin_mean_rotated_shifted_5d,5,ucb,constant,decay_uniform_grid_a5_6,21,uniform,0.8333333333333334,400,27,35.84750100274302,0.0675,13,380,48,3.8064352668352135,3.7853677512731863,1.0,0.9999930357570207,1.0,0.3382724660699952
rastrigin_mean_rotated_shifted_5d,5,ucb,constant,decay_uniform_grid_a5_6,22,uniform,0.8333333333333334,400,41,35.84750100274302,0.1025,4,392,72,1.6834338944900709,1.633206651991128,1.0,0.9999875536733402,0.9999999999999997,0.21598545093962326
rastrigin_mean_rotated_shifted_5d,5,ucb,constant,decay_uniform_grid_a5_6,23,uniform,0.8333333333333334,400,43,35.84750100274302,0.1075,1,371,71,2.0665570418881147,2.0354295974819023,1.0,0.9999857603719502,0.9999999999999991,0.10150963121923175
rastrigin_mean_rotated_shifted_5d,5,ucb,constant,decay_uniform_grid_a5_6,24,uniform,0.8333333333333334,400,29,35.84750100274302,0.0725,4,356,56,2.0296136568730474,2.0194454495098624,1.0,0.9999774172737181,0.9999999999999929,0.07498115535505293
rastrigin_mean_rotated_shifted_5d,5,ucb,constant,decay_uniform_grid_a5_6,25,uniform,0.8333333333333334,400,27,35.84750100274302,0.0675,7,392,46,2.0037774572956453,1.9939496433966866,1.0,0.99993220813246,0.9999999999999932,0.9999997355879903
rastrigin_mean_rotated_shifted_5d,5,ucb,constant,decay_uniform_grid_a5_6,26,uniform,0.8333333333333334,400,39,35.84750100274302,0.0975,1,393,75,2.0891873298325123,2.0078829845570625,1.0,0.999969198181939,1.0,0.16135186033227877
rastrigin_mean_rotated_shifted_5d,5,ucb,constant,decay_uniform_grid_a5_6,27,uniform,0.8333333333333334,400,35,35.84750100274302,0.0875,5,385,62,1.0549800930944655,0.9973460968488765,0.9545871374132134,0.803737266889418,0.8982552824479029,0.009133557579963779
rastrigin_mean_rotated_shifted_5d,5,ucb,constant,decay_uniform_grid_a5_6,28,uniform,0.8333333333333334,400,26,35.84750100274302,0.065,1,386,49,0.678855953230024,0.6158621057745378,0.9761174405697958,0.8432302683494247,0.9227797061129804,0.024862093305362296
rastrigin_mean_rotated_shifted_5d,5,ucb,constant,decay_uniform_grid_a5_6,29,uniform,0.8333333333333334,400,37,35.84750100274302,0.0925,2,377,68,1.6219806328946291,1.5980393672009199,1.0,0.9997241973247484,0.9999999999999973,0.021186023049691485
rastrigin_mean_rotated_shifted_5d,5,ucb,constant,decay_uniform_grid_a5_6,3,uniform,0.8333333333333334,400,34,35.84750100274302,0.085,1,393,57,1.66140667926189,1.66140667926189,1.0,0.9999967688552391,0.999999999999999,0.03651228217449054
rastrigin_mean_rotated_shifted_5d,5,ucb,constant,decay_uniform_grid_a5_6,30,uniform,0.8333333333333334,400,39,35.84750100274302,0.0975,1,395,67,1.275847639017563,1.2256877795872825,1.0,0.9999483750693893,0.9999999999999986,0.04857655886704512
rastrigin_mean_rotated_shifted_5d,5,ucb,constant,decay_uniform_grid_a5_6,31,uniform,0.8333333333333334,400,26,35.84750100274302,0.065,1,343,51,1.6518771211210577,1.6261570216739187,1.0,0.9999235087805206,0.9999999999999936,0.062253265155473365
rastrigin_mean_rotated_shifted_5d,5,ucb,constant,decay_uniform_grid_a5_6,32,uniform,0.8333333333333334,400,43,35.84750100274302,0.1075,1,365,75,1.8291042818996517,1.7973376999786281,1.0,0.9999660176018308,0.9999999999999994,0.7211031278294995
rastrigin_mean_rotated_shifted_5d,5,ucb,constant,decay_uniform_grid_a5_6,33,uniform,0.8333333333333334,400,33,35.84750100274302,0.0825,3,368,60,2.1791479442395785,2.1542108662784982,1.0,0.9999876104869421,0.9999999999999998,0.06513406327989128
rastrigin_mean_rotated_shifted_5d,5,ucb,constant,decay_uniform_grid_a5_6,34,uniform,0.8333333333333334,400,33,35.84750100274302,0.0825,1,384,61,2.0059907934316983,1.9131088248812547,1.0,0.9999314242980619,1.0,0.21459313466793978
rastrigin_mean_rotated_shifted_5d,5,ucb,constant,decay_uniform_grid_a5_6,4,uniform,0.8333333333333334,400,34,35.84750100274302,0.085,1,337,59,2.3313366485398235,2.2002573971857102,0.9449269251367417,0.691759078108097,0.8171561058499379,0.009190617225091164
rastrigin_mean_rotated_shifted_5d,5,ucb,constant,decay_uniform_grid_a5_6,5,uniform,0.8333333333333334,400,35,35.84750100274302,0.0875,2,399,60,1.7219319750838367,1.6362438466505296,1.0,0.9999837784878045,0.9999999999999969,0.033570762828931316
rastrigin_mean_rotated_shifted_5d,5,ucb,constant,decay_uniform_grid_a5_6,6,uniform,0.8333333333333334,400,24,35.84750100274302,0.06,2,398,40,2.8644050059575887,2.8555275082196006,1.0,0.999990704237476,1.0,0.15328716780683366
rastrigin_mean_rotated_shifted_5d,5,ucb,constant,decay_uniform_grid_a5_6,7,uniform,0.8333333333333334,400,39,35.84750100274302,0.0975,3,380,66,2.0399419389065288,2.0051603335706547,1.0,0.9999209604331434,0.999999999999963,1.0
rastrigin_mean_rotated_shifted_5d,5,ucb,constant,decay_uniform_grid_a5_6,8,uniform,0.8333333333333334,400,40,35.84750100274302,0.1,1,396,65,1.5556545636566725,1.4946935050331447,1.0,0.999991408437455,1.0,0.09258776234734352
rastrigin_mean_rotated_shifted_5d,5,ucb,constant,decay_uniform_grid_a5_6,9,uniform,0.8333333333333334,400,38,35.84750100274302,0.095,2,328,62,2.6074876758212455,2.591795930898442,1.0,0.9999916589784784,0.9999999999999998,0.04097219932842379
rastrigin_mean_rotated_shifted_5d,5,ucb,constant,decay_uniform_grid_a7_6,0,uniform,1.1666666666666667,400,9,9.430928479597794,0.0225,2,366,18,1.0072105260863466,0.808941334947113,0.9752360901726174,0.7652478763705619,0.8697939435135316,0.007491737885744967
rastrigin_mean_rotated_shifted_5d,5,ucb,constant,decay_uniform_grid_a7_6,1,uniform,1.1666666666666667,400,9,9.430928479597794,0.0225,1,87,15,2.803962983978329,2.794301129185493,1.0,0.9999721228729526,0.9999999999999862,0.1129201682161799
rastrigin_mean_rotated_shifted_5d,5,ucb,constant,decay_uniform_grid_a7_6,10,uniform,1.1666666666666667,400,10,9.430928479597794,0.025,3,384,18,2.392017875366638,2.3085190887875884,1.0,0.9999987496953838,1.0,0.23308592721202306
rastrigin_mean_rotated_shifted_5d,5,ucb,constant,decay_uniform_grid_a7_6,11,uniform,1.1666666666666667,400,10,9.430928479597794,0.025,1,121,17,2.439678547329348,2.41645433780689,1.0,0.9998951547220742,0.9999999999999992,1.0
rastrigin_mean_rotated_shifted_5d,5,ucb,constant,decay_uniform_grid_a7_6,12,uniform,1.1666666666666667,400,11,9.430928479597794,0.0275,1,308,21,1.3572265339580682,1.257013068928849,0.9863596777598682,0.8925186109594431,0.9567309570675779,0.9970780217915541
rastrigin_mean_rotated_shifted_5d,5,ucb,constant,decay_uniform_grid_a7_6,13,uniform,1.1666666666666667,400,9,9.430928479597794,0.0225,5,352,18,0.882740248743275,0.8022844168501706,0.9450684545417155,0.7472245497508019,0.8465441815985996,0.007470171384129254
rastrigin_mean_rotated_shifted_5d,5,ucb,constant,decay_uniform_grid_a7_6,14,uniform,1.1666666666666667,400,9,9.430928479597794,0.0225,4,157,18,2.0370030617714248,1.965348206745969,1.0,0.9999983412273752,1.0,0.9999999999999988
rastrigin_mean_rotated_shifted_5d,5,ucb,constant,decay_uniform_grid_a7_6,15,uniform,1.1666666666666667,400,9,9.430928479597794,0.0225,2,306,18,1.804377289168268,1.8023566400201971,1.0,0.9999484092924156,0.9999999999999999,1.0
rastrigin_mean_rotated_shifted_5d,5,ucb,constant,decay_uniform_grid_a7_6,16,uniform,1.1666666666666667,400,9,9.430928479597794,0.0225,5,353,16,1.628553672451129,1.6195506545816785,1.0,0.9999739114471733,0.9999999999999999,0.22060840970638348
rastrigin_mean_rotated_shifted_5d,5,ucb,constant,decay_uniform_grid_a7_6,17,uniform,1.1666666666666667,400,7,9.430928479597794,0.0175,4,168,14,0.8865899894834428,0.8434266178908431,1.0,0.999995232381634,1.0,0.3205766716407659
rastrigin_mean_rotated_shifted_5d,5,ucb,constant,decay_uniform_grid_a7_6,18,uniform,1.1666666666666667,400,10,9.430928479597794,0.025,3,326,18,1.3170095057991673,1.2592989903050253,1.0,0.9999887403556996,1.0,0.29434193922984003
rastrigin_mean_rotated_shifted_5d,5,ucb,constant,decay_uniform_grid_a7_6,19,uniform,1.1666666666666667,400,11,9.430928479597794,0.0275,1,371,21,1.8476424006956662,1.826117563558995,1.0,0.9999932239924227,0.9999999999999998,0.05212936023506738
rastrigin_mean_rotated_shifted_5d,5,ucb,constant,decay_uniform_grid_a7_6,2,uniform,1.1666666666666667,400,7,9.430928479597794,0.0175,23,337,14,2.025816374910761,2.000385630238891,1.0,0.9999686684436268,0.999999999999999,0.0984934046732759
rastrigin_mean_rotated_shifted_5d,5,ucb,constant,decay_uniform_grid_a7_6,20,uniform,1.1666666666666667,400,15,9.430928479597794,0.0375,3,334,30,1.303422960631616,1.265112507751749,1.0,0.9999931113755239,1.0,0.435816165589585
rastrigin_mean_rotated_shifted_5d,5,ucb,constant,decay_uniform_grid_a7_6,21,uniform,1.1666666666666667,400,6,9.430928479597794,0.015,20,208,12,0.34175340095981427,0.3047247864355825,1.0,0.9999466129820131,1.0,0.08675734539175164
rastrigin_mean_rotated_shifted_5d,5,ucb,constant,decay_uniform_grid_a7_6,22,uniform,1.1666666666666667,400,11,9.430928479597794,0.0275,6,364,22,1.6480442752434954,1.6027169330913993,0.9727010515685581,0.8207587699648766,0.9112087348444006,0.016284688052851583
rastrigin_mean_rotated_shifted_5d,5,ucb,constant,decay_uniform_grid_a7_6,23,uniform,1.1666666666666667,400,11,9.430928479597794,0.0275,1,273,21,3.169219512629243,3.169219512629243,1.0,0.999994814104912,1.0,0.9958276705723518
rastrigin_mean_rotated_shifted_5d,5,ucb,constant,decay_uniform_grid_a7_6,24,uniform,1.1666666666666667,400,7,9.430928479597794,0.0175,4,88,14,1.5655278797175753,1.5133986958960377,1.0,0.9999926710089915,0.9999999999999999,0.06419519235704377
rastrigin_mean_rotated_shifted_5d,5,ucb,constant,decay_uniform_grid_a7_6,25,uniform,1.1666666666666667,400,5,9.430928479597794,0.0125,11,310,10,1.3855698792511972,1.3127921242700809,1.0,0.999990896689003,0.9999999999999998,0.07509836123944287
rastrigin_mean_rotated_shifted_5d,5,ucb,constant,decay_uniform_grid_a7_6,26,uniform,1.1666666666666667,400,11,9.430928479597794,0.0275,1,354,19,0.7169674402123704,0.7138589979407357,1.0,0.9998425160573191,1.0,0.10035837744762649
rastrigin_mean_rotated_shifted_5d,5,ucb,constant,decay_uniform_grid_a7_6,27,uniform,1.1666666666666667,400,6,9.430928479597794,0.015,12,346,12,1.4248675056041549,1.3964560161385748,1.0,0.9999534229721476,0.9999999999999993,0.06117199217483877
rastrigin_mean_rotated_shifted_5d,5,ucb,constant,decay_uniform_grid_a7_6,28,uniform,1.1666666666666667,400,4,9.430928479597794,0.01,3,79,8,0.8456482529093166,0.8072280687267395,1.0,0.9999798327612588,0.9999999999999992,0.02510602303990519
rastrigin_mean_rotated_shifted_5d,5,ucb,constant,decay_uniform_grid_a7_6,29,uniform,1.1666666666666667,400,10,9.430928479597794,0.025,2,233,20,1.779248445768792,1.6843310324895384,1.0,0.9999981879476412,0.9999999999999989,0.0535875563108829
rastrigin_mean_rotated_shifted_5d,5,ucb,constant,decay_uniform_grid_a7_6,3,uniform,1.1666666666666667,400,12,9.430928479597794,0.03,1,372,19,2.133720356210354,2.133720356210354,1.0,0.9999801818309968,1.0,0.16225033180232654
rastrigin_mean_rotated_shifted_5d,5,ucb,constant,decay_uniform_grid_a7_6,30,uniform,1.1666666666666667,400,9,9.430928479597794,0.0225,2,100,18,0.8780967754026008,0.8299012161315872,1.0,0.9999914163076693,1.0,1.0
rastrigin_mean_rotated_shifted_5d,5,ucb,constant,decay_uniform_grid_a7_6,31,uniform,1.1666666666666667,400,7,9.430928479597794,0.0175,1,194,13,1.421408599179672,1.4192716519933897,1.0,0.9999214510146832,0.9999999999999959,0.03369377507495541
rastrigin_mean_rotated_shifted_5d,5,ucb,constant,decay_uniform_grid_a7_6,32,uniform,1.1666666666666667,400,13,9.430928479597794,0.0325,1,213,23,2.903667536882881,2.8367666589352725,1.0,0.9999400289775227,0.9999999999999998,0.035901524257947154
rastrigin_mean_rotated_shifted_5d,5,ucb,constant,decay_uniform_grid_a7_6,33,uniform,1.1666666666666667,400,12,9.430928479597794,0.03,3,248,22,2.0525739182654434,1.9952500030859768,1.0,0.9999963973752483,1.0,0.15316670490590428
rastrigin_mean_rotated_shifted_5d,5,ucb,constant,decay_uniform_grid_a7_6,34,uniform,1.1666666666666667,400,4,9.430928479597794,0.01,1,308,7,3.074956215828581,3.074956215828581,1.0,0.9999976585261166,1.0,0.35099674989607715
rastrigin_mean_rotated_shifted_5d,5,ucb,constant,decay_uniform_grid_a7_6,4,uniform,1.1666666666666667,400,11,9.430928479597794,0.0275,1,312,21,2.298173199758709,2.226550649642951,0.9509153129157545,0.7675996845321719,0.8582389495788855,0.007797791049344151
rastrigin_mean_rotated_shifted_5d,5,ucb,constant,decay_uniform_grid_a7_6,5,uniform,1.1666666666666667,400,9,9.430928479597794,0.0225,2,275,18,1.4161516398228684,1.3988389712040346,1.0,0.9999504735272914,0.9999999999999986,0.038795791912392
rastrigin_mean_rotated_shifted_5d,5,ucb,constant,decay_uniform_grid_a7_6,6,uniform,1.1666666666666667,400,11,9.430928479597794,0.0275,2,398,18,3.5899092076923464,3.5839890758170667,1.0,0.9999932296021521,0.9999999999999682,0.02558725169017966
rastrigin_mean_rotated_shifted_5d,5,ucb,constant,decay_uniform_grid_a7_6,7,uniform,1.1666666666666667,400,14,9.430928479597794,0.035,3,322,26,2.0688394801948222,2.0101789606805722,1.0,0.9999930311555614,1.0,0.07660060790468348
rastrigin_mean_rotated_shifted_5d,5,ucb,constant,decay_uniform_grid_a7_6,8,uniform,1.1666666666666667,400,8,9.430928479597794,0.02,1,329,9,2.7943002326961945,2.7899273713046684,1.0,0.9999664199043068,0.999999999999996,1.0
rastrigin_mean_rotated_shifted_5d,5,ucb,constant,decay_uniform_grid_a7_6,9,uniform,1.1666666666666667,400,10,9.430928479597794,0.025,2,200,16,2.7956241718897727,2.7956241718897727,1.0,0.999986330176359,0.9999999999999976,0.9999999999999999
rastrigin_mean_rotated_shifted_5d,5,ucb,constant,standard,0,none,nan,400,0,0.0,0.0,,,0,1.38164886315258,1.2892746792309224,1.0,0.9998051150744622,0.9999999999999998,0.0661094262429354
rastrigin_mean_rotated_shifted_5d,5,ucb,constant,standard,1,none,nan,400,0,0.0,0.0,,,0,2.7947567046577264,2.7947567046577264,1.0,0.9999833140224276,0.9999999999999981,0.06059857793896534
rastrigin_mean_rotated_shifted_5d,5,ucb,constant,standard,10,none,nan,400,0,0.0,0.0,,,0,2.7941515611071934,2.754524856738429,1.0,0.9999724045238779,0.9999999999999997,1.0
rastrigin_mean_rotated_shifted_5d,5,ucb,constant,standard,11,none,nan,400,0,0.0,0.0,,,0,0.9104577900902783,0.8642484576397862,1.0,0.9999868426481137,0.9999999999999999,0.042778904985439355
rastrigin_mean_rotated_shifted_5d,5,ucb,constant,standard,12,none,nan,400,0,0.0,0.0,,,0,1.3763496296701363,1.2948208751704826,1.0,0.9999828651083329,0.999999999999997,1.0
rastrigin_mean_rotated_shifted_5d,5,ucb,constant,standard,13,none,nan,400,0,0.0,0.0,,,0,1.6600853526246595,1.6232638952553302,1.0,0.9998954792639765,0.9999999999999863,0.7081150172086784
rastrigin_mean_rotated_shifted_5d,5,ucb,constant,standard,14,none,nan,400,0,0.0,0.0,,,0,2.058035283562461,2.022212704044955,1.0,0.9999915971152653,0.999999999999987,0.14708408111281826
rastrigin_mean_rotated_shifted_5d,5,ucb,constant,standard,15,none,nan,400,0,0.0,0.0,,,0,1.2694902352993522,1.2384234218231982,1.0,0.9999121142243281,0.9999999999999999,1.0
rastrigin_mean_rotated_shifted_5d,5,ucb,constant,standard,16,none,nan,400,0,0.0,0.0,,,0,1.0232007968242598,1.011961789126356,1.0,0.9999757181386053,0.9999999999999997,0.052203154588152084
rastrigin_mean_rotated_shifted_5d,5,ucb,constant,standard,17,none,nan,400,0,0.0,0.0,,,0,2.2038017864164856,2.197733044181386,1.0,0.9999951090169397,0.9999999999999993,0.053737985984556154
rastrigin_mean_rotated_shifted_5d,5,ucb,constant,standard,18,none,nan,400,0,0.0,0.0,,,0,1.4200754249871381,1.407249656073165,1.0,0.9999891329704702,0.9999999999999999,0.053135940312453375
rastrigin_mean_rotated_shifted_5d,5,ucb,constant,standard,19,none,nan,400,0,0.0,0.0,,,0,4.107638414934166,4.107638414934166,1.0,0.9999964176744477,1.0,0.3051245910199481
rastrigin_mean_rotated_shifted_5d,5,ucb,constant,standard,2,none,nan,400,0,0.0,0.0,,,0,0.6707009569096499,0.6313397807676125,1.0,0.9999893362184566,1.0,0.1458007178174758
rastrigin_mean_rotated_shifted_5d,5,ucb,constant,standard,20,none,nan,400,0,0.0,0.0,,,0,0.8003527589845518,0.8003527589845518,1.0,0.9999590505015068,0.9999999999999961,0.0821821512066041
rastrigin_mean_rotated_shifted_5d,5,ucb,constant,standard,21,none,nan,400,0,0.0,0.0,,,0,2.2987483906128032,2.2000195375381937,1.0,0.9999600596383614,0.9999999999999999,0.06601317968959536
rastrigin_mean_rotated_shifted_5d,5,ucb,constant,standard,22,none,nan,400,0,0.0,0.0,,,0,1.6589841819612956,1.6259904718992702,1.0,0.9999951889938177,0.9999999999999999,0.9999999999999998
rastrigin_mean_rotated_shifted_5d,5,ucb,constant,standard,23,none,nan,400,0,0.0,0.0,,,0,0.9822607430417776,0.8058462570436717,0.8545000995752254,0.6976433035442359,0.7836680577198836,0.007623333179491115
rastrigin_mean_rotated_shifted_5d,5,ucb,constant,standard,24,none,nan,400,0,0.0,0.0,,,0,1.6586258719487403,1.5924276873219525,0.9690810409769989,0.8016047302702718,0.90515082893828,0.008691938542980783
rastrigin_mean_rotated_shifted_5d,5,ucb,constant,standard,25,none,nan,400,0,0.0,0.0,,,0,1.2737919180351511,1.2432799238165244,1.0,0.9999968733295757,0.9999999999999962,0.03239897778569995
rastrigin_mean_rotated_shifted_5d,5,ucb,constant,standard,26,none,nan,400,0,0.0,0.0,,,0,1.5435904016196673,1.5435904016196673,1.0,0.9999861615769478,1.0,1.0
rastrigin_mean_rotated_shifted_5d,5,ucb,constant,standard,27,none,nan,400,0,0.0,0.0,,,0,2.170799427055698,2.0570947911076685,1.0,0.9999790078021313,1.0,0.0741043401934232
rastrigin_mean_rotated_shifted_5d,5,ucb,constant,standard,28,none,nan,400,0,0.0,0.0,,,0,1.0285698195623865,0.9992992831492842,0.9781233933831335,0.8551043432272998,0.9374122951825121,0.011070854622590776
rastrigin_mean_rotated_shifted_5d,5,ucb,constant,standard,29,none,nan,400,0,0.0,0.0,,,0,2.2260662137521123,2.1493164096596997,1.0,0.999994232530762,1.0,0.4497884606489502
rastrigin_mean_rotated_shifted_5d,5,ucb,constant,standard,3,none,nan,400,0,0.0,0.0,,,0,1.8900045265271275,1.8464486935173454,1.0,0.9999943693284176,1.0,0.23737356432549275
rastrigin_mean_rotated_shifted_5d,5,ucb,constant,standard,30,none,nan,400,0,0.0,0.0,,,0,2.01753761221629,2.016719520503716,1.0,0.9999738805871936,0.9999999999999997,1.0
rastrigin_mean_rotated_shifted_5d,5,ucb,constant,standard,31,none,nan,400,0,0.0,0.0,,,0,2.1387561176567997,2.0450478600942814,1.0,0.9999245015078764,0.9999999999999991,0.025967351419594498
rastrigin_mean_rotated_shifted_5d,5,ucb,constant,standard,32,none,nan,400,0,0.0,0.0,,,0,1.6190198730728427,1.5954833682160512,1.0,0.9999881609024942,0.9999999999999997,0.9999999999999999
rastrigin_mean_rotated_shifted_5d,5,ucb,constant,standard,33,none,nan,400,0,0.0,0.0,,,0,1.148812552735248,1.1332950212290371,1.0,0.9998675807925024,0.9999999999999993,0.12606094168287132
rastrigin_mean_rotated_shifted_5d,5,ucb,constant,standard,34,none,nan,400,0,0.0,0.0,,,0,2.624011151137222,2.61475889392739,1.0,0.9999139680942959,0.9999999999999974,0.9999999954481207
rastrigin_mean_rotated_shifted_5d,5,ucb,constant,standard,4,none,nan,400,0,0.0,0.0,,,0,0.6717938476640711,0.5174121697317375,1.0,0.9999376616306774,1.0,0.15983095447971626
rastrigin_mean_rotated_shifted_5d,5,ucb,constant,standard,5,none,nan,400,0,0.0,0.0,,,0,1.0734519310049593,1.047070232044898,1.0,0.9999597201988113,0.9999999999999999,0.18391623661706183
rastrigin_mean_rotated_shifted_5d,5,ucb,constant,standard,6,none,nan,400,0,0.0,0.0,,,0,1.8865903505819048,1.8672610633826594,1.0,0.999994813725078,1.0,0.0683308602234352
rastrigin_mean_rotated_shifted_5d,5,ucb,constant,standard,7,none,nan,400,0,0.0,0.0,,,0,0.41857881580113343,0.4107485884961619,1.0,0.9999701614899063,0.9999999999999999,0.030238406063082948
rastrigin_mean_rotated_shifted_5d,5,ucb,constant,standard,8,none,nan,400,0,0.0,0.0,,,0,2.590301176401664,2.587944782267795,1.0,0.9999806283976198,0.9999999999999989,0.032723095796847075
rastrigin_mean_rotated_shifted_5d,5,ucb,constant,standard,9,none,nan,400,0,0.0,0.0,,,0,2.8364532028970104,2.805990054562571,1.0,0.9999695956596167,0.9999999999999867,0.028819647659286296
