objective,dimension,acquisition,beta_mode,policy,iteration,bo_iteration,n_seeds,mean_inference_regret,median_inference_regret,std_inference_regret,sem_inference_regret,q25_inference_regret,q75_inference_regret,min_inference_regret,max_inference_regret,mean_max_posterior_std,mean_mean_posterior_std,mean_q90_posterior_std,mean_cumulative_pe_calls,mean_cumulative_mode_transitions,mean_cumulative_wall_time_seconds,mean_selection_time_seconds,mean_gp_fit_time_seconds,mean_recommendation_time_seconds
turbo_lunar_lander_12d,12,mes_gumbel,native,decay_uniform_grid_a1,1,0,30,3.310651109298576,3.283904957447192,0.580644939743358,0.10601077713288837,3.052659635642117,3.600539664830276,2.2276699670828726,4.534419415344451,0.9999703333578658,0.9972378949702652,0.9997470325374905,0.0,0.0,0.8829711251116047,0.0,0.0013855463980386655,0.48238359121605756
turbo_lunar_lander_12d,12,mes_gumbel,native,decay_uniform_grid_a1,10,0,30,2.22363944070666,2.237736932043511,0.389172751593094,0.07105289827129739,1.9972427935898305,2.560782715833177,1.4562514051970976,2.7919025174092806,0.9975692102752459,0.9785407233685759,0.9921383172057798,0.0,0.0,25.756137878602992,0.0,0.0013577873818576337,2.390157828526571
turbo_lunar_lander_12d,12,mes_gumbel,native,decay_uniform_grid_a1,100,76,30,0.7480326142980716,0.8492463331471449,0.6714162687550675,0.12258327862436719,0.00948433174922042,1.1445692980941007,0.0,2.027314860853871,0.776428798543956,0.645820319755826,0.7052971287219347,9.666666666666666,15.733333333333333,534.901118394717,2.3264054822580267,0.0018317239979902904,3.111051821925988
turbo_lunar_lander_12d,12,mes_gumbel,native,decay_uniform_grid_a1,101,77,30,0.7927551487211997,0.9258827432467004,0.6777719987803659,0.12374367085912344,0.010338857409923796,1.2466842654311887,0.0,1.9926241492307302,0.7758408700365842,0.6454395765288987,0.7049047700752118,9.766666666666667,15.933333333333334,541.7715054769379,2.3219570191577077,0.001786257994050781,3.1500605320247512
turbo_lunar_lander_12d,12,mes_gumbel,native,decay_uniform_grid_a1,102,78,30,0.7396744072279965,0.7364532486159626,0.6691165520250633,0.1221634097147354,0.0,1.1491076959195519,0.0,2.035909368554939,0.7754059264379082,0.6452931319744981,0.7047854437057268,9.8,16.066666666666666,548.5969833876006,2.452532792200024,0.0017539545428007842,3.019317177667593
turbo_lunar_lander_12d,12,mes_gumbel,native,decay_uniform_grid_a1,103,79,30,0.7177364162678547,0.7958695646042372,0.6676215241443302,0.12189045621660985,0.002977932593836108,1.2048409367359967,0.0,2.059846890048163,0.7753471151657418,0.6450421891046517,0.7045461245566732,9.866666666666667,16.166666666666668,555.4999421638591,2.3858814597129823,0.0018543387297540904,3.0245505771444487
turbo_lunar_lander_12d,12,mes_gumbel,native,decay_uniform_grid_a1,104,80,30,0.6868669707254134,0.6736887201784104,0.6502189580619662,0.11871319688268149,0.0,1.1123086339126094,0.0,2.0122222361554614,0.7762910518892602,0.6452560713868557,0.7052271550352809,9.9,16.266666666666666,562.28555234919,2.302585642024254,0.02282268221800526,3.0354585693838696
turbo_lunar_lander_12d,12,mes_gumbel,native,decay_uniform_grid_a1,105,81,30,0.7079526847421259,0.6887766277991623,0.6642664660570943,0.12127790921790343,0.02200506873271152,1.1305967291906647,0.0,2.0533043980035384,0.7762505578284856,0.6450592609918162,0.7050562402409069,9.966666666666667,16.366666666666667,569.1230446201749,2.451031290910517,0.0018167227351417144,3.1632955560150244
turbo_lunar_lander_12d,12,mes_gumbel,native,decay_uniform_grid_a1,106,82,30,0.6979192099681399,0.7423915208804475,0.6532618935707132,0.11926875835573955,0.005699837402605046,1.217013679018987,0.0,1.9377586430143912,0.7762070507729659,0.6449607324955612,0.7049693646667364,10.0,16.466666666666665,575.9266725769266,2.4222539274177204,0.0018566364888101816,3.0567156286754957
turbo_lunar_lander_12d,12,mes_gumbel,native,decay_uniform_grid_a1,107,83,30,0.6728400724289298,0.7244668643319155,0.6344151216597058,0.11582782431846839,0.01611780372547128,1.0654875590083939,0.0,1.9132272588841852,0.7761500273981777,0.6447248107764195,0.7046817747427802,10.1,16.6,582.6793498309485,2.308401565036426,0.0019075712033857902,3.2402157563716174
turbo_lunar_lander_12d,12,mes_gumbel,native,decay_uniform_grid_a1,108,84,30,0.6699621710916162,0.7355850826408599,0.646588443059478,0.11805035856194027,0.0,1.157846532229759,0.0,1.9466575230833691,0.7760405099906402,0.6444501684531692,0.7044767303211453,10.2,16.8,589.3378688856028,2.181843708626305,0.0018801471373687188,3.0631169552604356
turbo_lunar_lander_12d,12,mes_gumbel,native,decay_uniform_grid_a1,109,85,30,0.708571780301697,0.7712405538363059,0.6270876217550564,0.11449001198917058,0.01575646192565633,1.1751960869330424,0.0,2.031184955747344,0.7855537495284565,0.6629731777779396,0.7188610745461173,10.3,16.933333333333334,595.86905964183,2.3029446154988062,0.024315370681385198,3.089879144898926
turbo_lunar_lander_12d,12,mes_gumbel,native,decay_uniform_grid_a1,11,0,30,2.2039395465044658,2.2537721007319247,0.40585783873010195,0.07409916447092356,1.9774190634865962,2.5267119990292883,1.0662318150143433,2.775831557357914,0.9974193191914803,0.9770600576717418,0.9914932065434111,0.0,0.0,28.61116195858146,0.0,0.001345419076581796,2.4744519171615442
turbo_lunar_lander_12d,12,mes_gumbel,native,decay_uniform_grid_a1,110,86,30,0.6977469726187256,0.8156432839929618,0.6329734677545932,0.11556461553048653,0.0,1.1856975417309445,0.0,2.0323518055789105,0.7855390371385937,0.6628460528426855,0.71867149384197,10.3,17.033333333333335,602.7015780190161,2.4615827687705556,0.001846011805658539,3.006188743173455
turbo_lunar_lander_12d,12,mes_gumbel,native,decay_uniform_grid_a1,111,87,30,0.6916385291926891,0.793026789596467,0.6737390634171909,0.12300736096866637,0.0,1.2078262510729267,0.0,2.036651170482984,0.7848556906680347,0.6625008161039891,0.7182386685711261,10.433333333333334,17.166666666666668,608.9946214573923,2.0602964119520037,0.0018551952671259642,3.07665100148879
turbo_lunar_lander_12d,12,mes_gumbel,native,decay_uniform_grid_a1,112,88,30,0.6799764091038607,0.6713276960997024,0.6633974157132784,0.12111924305893157,0.0,1.083398773945468,0.0,2.0320741744273896,0.7848101082841487,0.6623180906682216,0.718015943564578,10.533333333333333,17.4,615.5540785643273,2.382645242769892,0.0018869651015847922,2.986953404235343
turbo_lunar_lander_12d,12,mes_gumbel,native,decay_uniform_grid_a1,113,89,30,0.7029804916917645,0.7558829148721362,0.6591078621344122,0.12033608130667423,0.0,1.194604812047702,0.0,1.9906413499510767,0.7846013599031136,0.6621503859279401,0.7178370367481747,10.533333333333333,17.5,622.0779442655854,2.388289709854871,0.0018706390789399545,3.140650778791557
turbo_lunar_lander_12d,12,mes_gumbel,native,decay_uniform_grid_a1,114,90,30,0.685936071616686,0.563810606294541,0.6496363711064761,0.11860683154360475,0.0,1.201914053050901,0.0,1.9393547998405045,0.7842454669952501,0.6619122207366054,0.7175884034861735,10.533333333333333,17.5,628.878092126688,2.3948872950548927,0.02571410407933096,3.0955989859998225
turbo_lunar_lander_12d,12,mes_gumbel,native,decay_uniform_grid_a1,115,91,30,0.7045258371301191,0.6691566388028419,0.6640002215455947,0.12122929984298333,0.0,1.2710909830480384,0.0,2.028824423640033,0.78394320048014,0.661742351221502,0.7173325470057239,10.533333333333333,17.5,635.4065758535949,2.42607405455783,0.0018726469948887824,2.969945240393281
turbo_lunar_lander_12d,12,mes_gumbel,native,decay_uniform_grid_a1,116,92,30,0.7081564009683292,0.7236101976724931,0.6743838606088008,0.12312508429095328,0.0,1.258804470331223,0.0,2.0338220834007616,0.7837791349419584,0.661499848482364,0.7170384214829609,10.633333333333333,17.6,641.5616964894813,1.9264424518837282,0.0018713827555378278,2.970902411189551
turbo_lunar_lander_12d,12,mes_gumbel,native,decay_uniform_grid_a1,117,93,30,0.6859365518563744,0.6240514286090578,0.6592423423880284,0.12036063392948909,0.0,1.209398594102054,0.0,2.0354540936975494,0.7834580305321076,0.6612218848407535,0.7167202053672018,10.7,17.766666666666666,648.2973078809833,2.2385600513933848,0.0019211891728142898,3.142119072812299
turbo_lunar_lander_12d,12,mes_gumbel,native,decay_uniform_grid_a1,118,94,30,0.6918912993464161,0.6549565856906415,0.6496566235767951,0.1186105291218844,0.0,1.2083462588604208,0.0,2.0357787247230172,0.7834412503375495,0.6610837737970721,0.7165292978920157,10.733333333333333,17.866666666666667,655.0449436808626,2.34947393933932,0.0019448938313871623,3.122197138595705
turbo_lunar_lander_12d,12,mes_gumbel,native,decay_uniform_grid_a1,119,95,30,0.7095864303320867,0.7351556984211468,0.6674314848303087,0.12185575994357571,0.0,1.1795442048345648,0.0,1.9917523016636622,0.78155773009561,0.6573495389988865,0.7134912908984208,10.766666666666667,17.933333333333334,661.2691652943225,2.1463829073278853,0.024587862535069387,2.877803182058657
turbo_lunar_lander_12d,12,mes_gumbel,native,decay_uniform_grid_a1,12,0,30,2.2106593718795478,2.2407115330443084,0.3965547873468668,0.07240066743884772,1.988724447039785,2.5380856481454894,1.0907761306781327,2.776769492091669,0.9971768750965188,0.9755870863831688,0.9906783619358783,0.0,0.0,31.47597280885093,0.0,0.0014628756480912367,2.47782041686587
turbo_lunar_lander_12d,12,mes_gumbel,native,decay_uniform_grid_a1,120,96,30,0.7056070184087772,0.725534664409404,0.6681704322250945,0.12199067266255367,0.0,1.2213143424433925,0.0,2.036656624085361,0.7815017265655099,0.6570806302054387,0.7131571932882431,10.866666666666667,18.066666666666666,667.3790472501579,1.938952281900371,0.001831359602510929,3.061013416542361
turbo_lunar_lander_12d,12,mes_gumbel,native,decay_uniform_grid_a1,121,97,30,0.7142583852355204,0.6681260414673511,0.6758642102696162,0.12339535792502784,0.0,1.19315559826653,0.0,2.033175699269438,0.781428022395935,0.656962030801433,0.7130513642246261,10.9,18.2,673.740848670279,2.15690530121016,0.001847301470115781,2.8964475819064925
turbo_lunar_lander_12d,12,mes_gumbel,native,decay_uniform_grid_a1,122,98,30,0.673507049539023,0.618846466145527,0.6545683744263443,0.11950728803426548,0.0,1.1167997368302154,0.0,2.076806667789529,0.781385680305415,0.6568245021450387,0.7129039699219736,10.966666666666667,18.3,680.1415539955254,2.074624128205081,0.001896040995294849,2.9444064016764364
turbo_lunar_lander_12d,12,mes_gumbel,native,decay_uniform_grid_a1,123,99,30,0.6533207503350734,0.6672514861980627,0.6272774138354186,0.11452466312372064,0.0,1.1497661292388348,0.0,1.808869579255334,0.7813346473542736,0.6566800580947503,0.7127970219728841,11.033333333333333,18.433333333333334,686.5573642622369,2.1032827782755095,0.0019057894591242076,2.936564373985554
turbo_lunar_lander_12d,12,mes_gumbel,native,decay_uniform_grid_a1,124,100,30,0.6867771665822429,0.6842028188237517,0.6959612005201192,0.12706454955774849,0.0,1.179162811575623,0.0,2.4979240205215794,0.7799068632619369,0.6524599964113691,0.7098412582806873,11.066666666666666,18.533333333333335,692.9739771417652,2.1526378259373207,0.027678212445850173,3.0641914709626388
turbo_lunar_lander_12d,12,mes_gumbel,native,decay_uniform_grid_a1,125,101,30,0.6743093413335888,0.8340517911121194,0.6390304650412668,0.1166704668787061,0.0,1.1076693192744955,0.0,1.9490176242508115,0.7797936554573552,0.6523400818509605,0.709711788071275,11.166666666666666,18.666666666666668,699.1393068707082,2.128233515797183,0.0018818929481009643,2.9561410272183517
turbo_lunar_lander_12d,12,mes_gumbel,native,decay_uniform_grid_a1,126,102,30,0.6339699402093154,0.6545355762630716,0.6136398467856576,0.11203479542283956,0.0,1.049547482945351,0.0,1.909382952290415,0.7797781283179858,0.6522248177237205,0.709594719818751,11.166666666666666,18.766666666666666,705.8195182053993,2.2533296960406006,0.0018834776089837154,3.05699518751353
turbo_lunar_lander_12d,12,mes_gumbel,native,decay_uniform_grid_a1,127,103,30,0.6382986892063857,0.6860678661872543,0.607295271645123,0.11087643978208711,0.0,1.028363652975016,0.0,1.9196325376181795,0.7797144178068292,0.6520286993989354,0.7094031749437721,11.2,18.8,712.3039844861875,2.175518447083111,0.0019744272188593945,3.077705411287025
turbo_lunar_lander_12d,12,mes_gumbel,native,decay_uniform_grid_a1,128,104,30,0.5884432635585183,0.5419651202498973,0.5710263004498162,0.1042546618950289,0.0,0.980656817859572,0.0,1.9035314540190977,0.7793934631614569,0.6518578673314149,0.7092017722342095,11.233333333333333,18.866666666666667,719.0382646524657,2.2217633755877615,0.0020424639340490105,3.0585564321217436
turbo_lunar_lander_12d,12,mes_gumbel,native,decay_uniform_grid_a1,129,105,30,0.5769777521109579,0.5725187814555726,0.5554743216253519,0.10141527202302832,0.0,0.9946899192810394,0.0,1.8268371909056291,0.7846788511757278,0.6604653872808668,0.716064655662302,11.233333333333333,18.9,725.6984024592055,2.215678975498304,0.0298167010769248,3.1287063114034632
turbo_lunar_lander_12d,12,mes_gumbel,native,decay_uniform_grid_a1,13,0,30,2.1624211766836634,2.169847667959323,0.4000469610745641,0.07303824821397663,1.8748445000298197,2.4402882454317654,1.1087561383423163,2.7763907585551406,0.997077015008267,0.9742330654319203,0.9901181193354852,0.0,0.0,34.30118577261455,0.0,0.0013823923810074726,2.4663572447219244
turbo_lunar_lander_12d,12,mes_gumbel,native,decay_uniform_grid_a1,130,106,30,0.5735001201643023,0.4901996229452855,0.5869865590746549,0.10716859311917576,0.0,1.0673733421851965,0.0,1.859442059662525,0.7844180404906261,0.6602803760503586,0.7158895909135589,11.3,18.966666666666665,732.3636456808231,2.1778868477015445,0.0020756232862671215,3.231802342226729
turbo_lunar_lander_12d,12,mes_gumbel,native,decay_uniform_grid_a1,131,107,30,0.5766300198097377,0.47839213482954135,0.5928261382962591,0.10823474954117944,0.0,1.0237953722860254,0.0,1.8255274818705016,0.7843641916216136,0.6600026812472761,0.7155934687281996,11.433333333333334,19.166666666666668,738.4666704732459,1.9750384470603117,0.0019401794609924157,3.0420313912133374
turbo_lunar_lander_12d,12,mes_gumbel,native,decay_uniform_grid_a1,132,108,30,0.559726358845952,0.4930796462727449,0.5743693830848215,0.10486502248529432,0.0,1.0139514150220632,0.0,1.859442059662525,0.7843105761199402,0.6598998088398363,0.7155209045607525,11.433333333333334,19.3,745.1754744597555,2.259216688790669,0.0019632860242078704,3.118834586519127
turbo_lunar_lander_12d,12,mes_gumbel,native,decay_uniform_grid_a1,133,109,30,0.5888233992003278,0.5739385880588744,0.5795124166236246,0.10580400764636368,0.0,1.0389794270401884,0.0,1.8479303102622668,0.784276983960602,0.6597112610279756,0.7152700263725807,11.433333333333334,19.3,751.7977968317147,2.277170610241592,0.0020103256528576216,3.029636542281757
turbo_lunar_lander_12d,12,mes_gumbel,native,decay_uniform_grid_a1,134,110,30,0.5908865920901484,0.6116395155142426,0.5795699725559733,0.10581451587385221,0.0,0.9917607822034544,0.0,1.9575094588376356,0.7824793821815257,0.6559245349159847,0.7123583844495637,11.533333333333333,19.4,757.7544257501606,1.818495455943048,0.029112475070481498,2.9787876112697025
turbo_lunar_lander_12d,12,mes_gumbel,native,decay_uniform_grid_a1,135,111,30,0.5835825634626012,0.5950127472234596,0.55471033357012,0.10127578752585664,0.0,0.9920211366796341,0.0,1.8433195444606385,0.782275508626713,0.6557345074465435,0.7121608539258711,11.533333333333333,19.5,764.21367168976,2.027075474926581,0.0019972310091058414,3.0898899828083812
turbo_lunar_lander_12d,12,mes_gumbel,native,decay_uniform_grid_a1,136,112,30,0.5988341381102867,0.6769862372897257,0.5618829434936675,0.10258532094296077,0.0,0.9904927019663354,0.0,1.8743486887542438,0.7820672895116288,0.6556182510165663,0.7120296998587496,11.533333333333333,19.5,770.5794162380043,2.0154981793680538,0.001882858838265141,2.979642259795219
turbo_lunar_lander_12d,12,mes_gumbel,native,decay_uniform_grid_a1,137,113,30,0.5433921504019016,0.5147542107224029,0.5554149801394905,0.10140443779956093,0.0,0.9245746865008941,0.0,1.8716674251021974,0.7819149146639989,0.6553472206724946,0.7117175515789714,11.533333333333333,19.5,776.6265279200084,2.034289611627658,0.0019018209694574276,2.943254908438151
turbo_lunar_lander_12d,12,mes_gumbel,native,decay_uniform_grid_a1,138,114,30,0.5402131874349565,0.5520422783434931,0.5389126645380135,0.09839154096422813,0.0,0.931667702176479,0.0,1.7170658445727305,0.7818666444853842,0.6551384960533777,0.7116078580634897,11.6,19.566666666666666,782.8228082477581,1.9660463781872144,0.0019353068588922422,3.0961904023773967
turbo_lunar_lander_12d,12,mes_gumbel,native,decay_uniform_grid_a1,139,115,30,0.5253600599377104,0.5101062769379632,0.5276033840444351,0.09632675828573278,0.0,0.8844836411950963,0.0,1.6505370879058252,0.7803214128365463,0.6511573110591767,0.7084376301528152,11.6,19.633333333333333,789.0968499647298,2.0851576887381573,0.03181754414302607,3.03543533681271
turbo_lunar_lander_12d,12,mes_gumbel,native,decay_uniform_grid_a1,14,0,30,2.154786439057285,2.1409700023643303,0.3714147224807916,0.06781074056408357,1.8546720315916845,2.392664409051791,1.3656806381213453,2.779667657065398,0.9966224269695563,0.9727196180071898,0.9893869242909837,0.0,0.0,37.063889204446845,0.0,0.0013408959532777468,2.3994651758732894
turbo_lunar_lander_12d,12,mes_gumbel,native,decay_uniform_grid_a1,140,116,30,0.5409005612186009,0.5481086816967581,0.5488755931957486,0.10021051455244687,0.0,1.0763914091951965,0.0,1.65082838003917,0.7798163131507714,0.6509147879694779,0.708209009522439,11.666666666666666,19.7,795.247878733774,1.9268551330237338,0.002026761323213577,3.0652655072199804
turbo_lunar_lander_12d,12,mes_gumbel,native,decay_uniform_grid_a1,141,117,30,0.592460897064083,0.7593908664383519,0.5530269019048537,0.1009684363601617,0.0,1.0674388424337025,0.0,1.7562265592996307,0.7797964875076349,0.6508111404689719,0.708125327066405,11.666666666666666,19.766666666666666,801.7693706943653,2.053450433413188,0.0021089659072458743,3.137396801325182
turbo_lunar_lander_12d,12,mes_gumbel,native,decay_uniform_grid_a1,142,118,30,0.5750344518684706,0.6777647714729385,0.5456957988162544,0.09962996618248782,0.0,1.0374696433994859,0.0,1.7562265592996307,0.7794890737442989,0.6505690099450937,0.7078438544841207,11.7,19.8,808.1640759242233,2.1074875368581463,0.0021411795324335495,3.039094473809625
turbo_lunar_lander_12d,12,mes_gumbel,native,decay_uniform_grid_a1,143,119,30,0.5815901896256096,0.6598099298203092,0.5558017806169915,0.10147505758182128,0.0,0.9614242458856115,0.0,1.7527794813522288,0.7792881619378352,0.6503894170678048,0.7076237542423552,11.7,19.833333333333332,814.5677234636775,2.0899479968007655,0.0021076564987500507,3.0444956079280625
turbo_lunar_lander_12d,12,mes_gumbel,native,decay_uniform_grid_a1,144,120,30,0.5352669398648179,0.5288389024196551,0.5426985533973827,0.09908274654038947,0.0,0.9167400629161762,0.0,1.756945038141428,0.7895167894372274,0.6665420562915279,0.7218743901585823,11.7,19.833333333333332,821.2362815333065,2.0489889044625063,0.034583074133843185,3.2863056807623554
turbo_lunar_lander_12d,12,mes_gumbel,native,decay_uniform_grid_a1,145,121,30,0.5457592616294681,0.5270774059158562,0.5543585784086817,0.10121156611364378,0.0,0.9543445151438836,0.0,1.7516828104519464,0.7891752151467023,0.6663476040141779,0.721691365474794,11.833333333333334,19.966666666666665,827.7184875843736,2.104045088139052,0.002126399613916874,3.0307574866960447
turbo_lunar_lander_12d,12,mes_gumbel,native,decay_uniform_grid_a1,146,122,30,0.5629416923664451,0.6708584103721082,0.5560755456722621,0.10152504001389741,0.0,0.978041460834798,0.0,1.7481114488972278,0.7890497857358695,0.6661132847364358,0.7214266039358725,11.9,20.1,834.5536230028607,2.08448961568065,0.0022389323605845374,3.274640607989083
turbo_lunar_lander_12d,12,mes_gumbel,native,decay_uniform_grid_a1,147,123,30,0.5414538737455602,0.4699638167020499,0.5515104257988003,0.10069156696976067,0.0,1.0582472111762338,0.0,1.5953709681803363,0.7885329248350939,0.6659727105951116,0.7212526537387867,11.933333333333334,20.2,841.4752670219945,2.2686318397832412,0.0022672762783865134,3.2752757906137657
turbo_lunar_lander_12d,12,mes_gumbel,native,decay_uniform_grid_a1,148,124,30,0.5057585597826127,0.3107404555529828,0.5341043785067972,0.09751367205681674,0.0,0.8834735984914192,0.0,1.6405450668152497,0.7884609117336081,0.6658122738462647,0.7211570512811611,11.966666666666667,20.266666666666666,848.0627979303555,2.258174364718919,0.0021719000767916443,3.172597193562736
turbo_lunar_lander_12d,12,mes_gumbel,native,decay_uniform_grid_a1,149,125,30,0.5196643484339841,0.49246377384385676,0.5414499448779625,0.09885478285652961,0.0,0.9387322147519164,0.0,1.7600879362515565,0.7855348018321506,0.6605687585441523,0.7167867048407079,11.966666666666667,20.3,854.7272772650545,2.1571434774436056,0.035541384713724256,3.147987197665498
turbo_lunar_lander_12d,12,mes_gumbel,native,decay_uniform_grid_a1,15,0,30,2.1347991880220576,2.1185131199386142,0.37296349748131596,0.06809350689884598,1.8408286933968911,2.307423651628433,1.290156542048358,2.78755737563226,0.9963141373461718,0.9712580647761323,0.9886452928854991,0.0,0.0,39.82892874867345,0.0,0.0013481370949496826,2.3388933906486877
turbo_lunar_lander_12d,12,mes_gumbel,native,decay_uniform_grid_a1,150,126,30,0.5125190005633488,0.4230859687432963,0.5513091065533758,0.10065481127243438,0.0,0.9250226081995228,0.0,1.7554745523553787,0.7853731904477601,0.6603849697051858,0.7166068545385488,12.0,20.333333333333332,861.8398344562544,2.3857440836261956,0.0021918548736721277,3.3075991011690347
turbo_lunar_lander_12d,12,mes_gumbel,native,decay_uniform_grid_a1,151,127,30,0.5221544690280708,0.5401397713156489,0.5444097335175447,0.09939516385764519,0.0,0.8908946873254215,0.0,1.7949302721228189,0.785355076339798,0.6602312885808368,0.7164474312347183,12.0,20.366666666666667,868.9613445595528,2.3667782261502,0.0022786405558387437,3.3373026695568115
turbo_lunar_lander_12d,12,mes_gumbel,native,decay_uniform_grid_a1,152,128,30,0.529778460095687,0.5744754117118535,0.5459657366788474,0.09967924986797679,0.0,0.9194799869984411,0.0,1.8032908698385675,0.7851430310113352,0.6599996952910397,0.7162481699458704,12.133333333333333,20.5,876.0374029487682,2.3111626991381247,0.002302889029184977,3.410434576465438
turbo_lunar_lander_12d,12,mes_gumbel,native,decay_uniform_grid_a1,153,129,30,0.5467157454959477,0.591002805384617,0.5561554166958844,0.10153962240100706,0.0,0.9742568864329475,0.0,1.6214144612263686,0.7851051202856871,0.6598184828493862,0.7160601291235209,12.166666666666666,20.666666666666668,883.002788159453,2.213303927487383,0.0021790200068304935,3.2807398463133723
turbo_lunar_lander_12d,12,mes_gumbel,native,decay_uniform_grid_a1,154,130,30,0.513398437478931,0.4983030151312603,0.52555141447728,0.09595212161265114,0.0,1.0232414673882801,0.0,1.6114546230867703,0.7856876105858134,0.6584993281795247,0.7158277264947486,12.2,20.733333333333334,890.5307132675467,2.518137262032057,0.0383861021604389,3.38280135417978
turbo_lunar_lander_12d,12,mes_gumbel,native,decay_uniform_grid_a1,155,131,30,0.5034946477987714,0.525737460887356,0.4956759476357721,0.09049763257762063,0.0,0.9398329591841561,0.0,1.6114055807723096,0.7852557624083052,0.6582776417897777,0.7155711848173215,12.266666666666667,20.833333333333332,897.6816726144248,2.2295141979275894,0.0024220699599633616,3.483568265925472
turbo_lunar_lander_12d,12,mes_gumbel,native,decay_uniform_grid_a1,156,132,30,0.5055871555940027,0.601976883751538,0.5123818834596952,0.09354770520928607,0.0,0.9149563957187636,0.0,1.6748526094519145,0.7850542118860957,0.6581065374339483,0.7153718604246887,12.3,20.866666666666667,905.0870691877946,2.526799180575957,0.0024395995618154607,3.50550334827664
turbo_lunar_lander_12d,12,mes_gumbel,native,decay_uniform_grid_a1,157,133,30,0.489791639621761,0.4901102547539522,0.5037661675409316,0.09197469789003168,0.0,0.8716224380856932,0.0,1.6765337423700455,0.7850290198876254,0.6579417199636813,0.715280280775268,12.333333333333334,20.933333333333334,912.5482170578558,2.423091461028283,0.0025867956845710676,3.5374134383009124
turbo_lunar_lander_12d,12,mes_gumbel,native,decay_uniform_grid_a1,158,134,30,0.5085421568399148,0.5388330220118772,0.5156640530663157,0.09414694465298737,0.0,0.9328819750641386,0.0,1.676432933189075,0.7849765184790435,0.657774195459626,0.7150725739809278,12.366666666666667,21.0,919.6429197456688,2.366696635664751,0.002439527027308941,3.332701805094257
turbo_lunar_lander_12d,12,mes_gumbel,native,decay_uniform_grid_a1,159,135,30,0.5027669860534838,0.5474608509353274,0.5141930910789222,0.09387838496574469,0.0,0.8810629627425435,0.0,1.7000077726123703,0.7856295998625763,0.65602009544285,0.7143070995763491,12.4,21.066666666666666,926.598002140581,2.258398585099106,0.04005715275804202,3.1429554485715925
turbo_lunar_lander_12d,12,mes_gumbel,native,decay_uniform_grid_a1,16,0,30,2.1075148702959936,2.11749211157533,0.366120683037318,0.0668441856229127,1.881068205428724,2.2893746555309353,1.135735755309334,2.832314316644396,0.9960433785475872,0.9700005941429422,0.9879774141683791,0.0,0.0,42.51871422749634,0.0,0.001304904402544101,2.3405264728392163
turbo_lunar_lander_12d,12,mes_gumbel,native,decay_uniform_grid_a1,160,136,30,0.48207000805212985,0.5450991975798766,0.48567853058015636,0.08867236229823809,0.0,0.8883696799960706,0.0,1.7023550820060667,0.7855558993549258,0.6558215218532785,0.7139936085044811,12.433333333333334,21.133333333333333,933.4192217264324,2.188330612502371,0.0022848710883408784,3.2102904489729553
turbo_lunar_lander_12d,12,mes_gumbel,native,decay_uniform_grid_a1,161,137,30,0.48966886925433545,0.5235836394800694,0.49379726594523343,0.0901546337975273,0.0,0.8780469938585544,0.0,1.6779132816780327,0.7855053531389173,0.6557246817449641,0.7139369026435067,12.433333333333334,21.166666666666668,940.2020426107415,2.169154481155177,0.0022977158737679322,3.120179717304806
turbo_lunar_lander_12d,12,mes_gumbel,native,decay_uniform_grid_a1,162,138,30,0.49298952266935114,0.4897643065079821,0.5054168091885172,0.09227606244494506,0.0,0.8770102776877069,0.0,1.745040995648521,0.7854426967998057,0.6555900839804741,0.7137775239393161,12.433333333333334,21.166666666666668,947.0842082381558,2.2221180156804623,0.0022887233489503464,3.1282018961540112
turbo_lunar_lander_12d,12,mes_gumbel,native,decay_uniform_grid_a1,163,139,30,0.49880978142781834,0.5059328105008583,0.5083869405138096,0.09281833175348352,0.0,0.9379355366661383,0.0,1.69136528880803,0.7854083605275602,0.6554644939545636,0.7136761632194576,12.433333333333334,21.166666666666668,953.8006078385127,2.1950255727705854,0.0023450381898631654,3.186872159751753
turbo_lunar_lander_12d,12,mes_gumbel,native,decay_uniform_grid_a1,164,140,30,0.5064302251046969,0.5858911032700312,0.5089780576600872,0.09292625448519828,0.0,0.919034746620753,0.0,1.7136783747452011,0.7840986230559157,0.6520976664090361,0.7110012155568214,12.466666666666667,21.2,960.6426013390688,2.2692993432438624,0.04052039263769984,3.182961634794871
turbo_lunar_lander_12d,12,mes_gumbel,native,decay_uniform_grid_a1,165,141,30,0.5031750887452431,0.6144741427911459,0.5090740245989719,0.09294377557093224,0.0,0.8792591755685438,0.0,1.7679111449823979,0.7840600649579004,0.651838654592432,0.7107730439149367,12.533333333333333,21.3,966.9148170672822,2.069054728094488,0.0022776096127927305,3.2097168488428
turbo_lunar_lander_12d,12,mes_gumbel,native,decay_uniform_grid_a1,166,142,30,0.5054721186369531,0.628288574818169,0.5007646186162339,0.09142669253886092,0.0,0.8848539291907045,0.0,1.768779557851318,0.7838005695849295,0.6514836255666318,0.7103574681977639,12.633333333333333,21.466666666666665,973.422693413465,1.9824430744784574,0.002349618403241038,3.263819363558044
turbo_lunar_lander_12d,12,mes_gumbel,native,decay_uniform_grid_a1,167,143,30,0.5055585324517168,0.5614522497892174,0.49676381897260635,0.09069624980123643,0.0,0.9151901107543601,0.0,1.7135695779869415,0.7836717690184049,0.6513461851339476,0.7102399114649159,12.633333333333333,21.566666666666666,980.2992740207973,2.175890427377696,0.0024073246400803327,3.4496009566355497
turbo_lunar_lander_12d,12,mes_gumbel,native,decay_uniform_grid_a1,168,144,30,0.492990158889741,0.5844544403573859,0.49554830920670484,0.09047432909535241,0.0,0.8437717676029888,0.0,1.7450387589539929,0.7835606702995759,0.6512063102398236,0.7100311919105923,12.666666666666666,21.6,987.4115323492016,2.414512604956205,0.0023408700712025166,3.332300489783908
turbo_lunar_lander_12d,12,mes_gumbel,native,decay_uniform_grid_a1,169,145,30,0.5002501547409853,0.5419416271338537,0.5146904607959558,0.09396919183689112,0.0,0.8871105969191866,0.0,1.7087066932923207,0.7815359424437104,0.6481077140885513,0.7075119180878051,12.7,21.666666666666668,994.3779130815684,2.2788795181550086,0.04388794099601607,3.3181646139516183
turbo_lunar_lander_12d,12,mes_gumbel,native,decay_uniform_grid_a1,17,0,30,2.099757838105531,2.110022740220339,0.3828710086523443,0.0699023626845482,1.873366464527005,2.3150564028909124,1.0023537683350885,2.8299922076114465,0.9959122692309682,0.9688942266809756,0.9873643256895525,0.0,0.0,45.20724974758923,0.0,0.0013231530164678892,2.3322905056954673
turbo_lunar_lander_12d,12,mes_gumbel,native,decay_uniform_grid_a1,170,146,30,0.5136110456784856,0.6367646877081437,0.5016730164536084,0.09159254253443389,0.0,0.9303670604313097,0.0,1.6415957453518562,0.781509160982268,0.6479774117436998,0.7073841960839147,12.7,21.7,1001.0925704699786,2.16034039654769,0.0024368907480190197,3.31488171974197
turbo_lunar_lander_12d,12,mes_gumbel,native,decay_uniform_grid_a1,171,147,30,0.4893294067653292,0.5303360858796435,0.5059439049741276,0.09237229652885996,0.0,0.9115525840832536,0.0,1.7047960954095018,0.7813731767175693,0.6477426504565873,0.7072151727476977,12.733333333333333,21.733333333333334,1007.7195367745279,1.9895258319564164,0.0025626342898855607,3.321667575727527
turbo_lunar_lander_12d,12,mes_gumbel,native,decay_uniform_grid_a1,172,148,30,0.42918027171152945,0.4587339455238151,0.45709354474411373,0.08345348178211602,0.0,0.7530586799560144,0.0,1.7137603339606846,0.7812782586418309,0.6475380108437899,0.706919473945757,12.733333333333333,21.766666666666666,1014.6856850664132,2.1933568022524317,0.0024265818453083434,3.2975814833616215
turbo_lunar_lander_12d,12,mes_gumbel,native,decay_uniform_grid_a1,173,149,30,0.4763206210384457,0.48027845311822503,0.4956975568430239,0.09050157786104117,0.0,0.8742067440350543,0.0,1.738199771374664,0.7808692536589222,0.6472550855301616,0.7065244415661375,12.733333333333333,21.766666666666666,1020.9205175868545,2.1005287736654283,0.002345028364410003,3.203874788247049
turbo_lunar_lander_12d,12,mes_gumbel,native,decay_uniform_grid_a1,174,150,30,0.47662330708647815,0.45588308839577596,0.4936431472710817,0.09012649570607208,0.0,0.9112950614448591,0.0,1.6863062002023392,0.781723914415716,0.6494975768007643,0.7080752196859412,12.766666666666667,21.8,1027.5294521398532,2.1638231767496716,0.04539254264285167,3.2679497593237707
turbo_lunar_lander_12d,12,mes_gumbel,native,decay_uniform_grid_a1,175,151,30,0.4744204044967409,0.4043944248950444,0.4892334515292904,0.08932139909623421,0.0,0.8984439344393753,0.0,1.6863062002023392,0.7816342430394285,0.6492704952552729,0.7078030111625347,12.8,21.866666666666667,1034.1129820238955,2.006352526353051,0.0023566660626480975,3.30402519927981
turbo_lunar_lander_12d,12,mes_gumbel,native,decay_uniform_grid_a1,176,152,30,0.47263546548429186,0.43293724275927226,0.4899987184604172,0.08946111708313119,0.0,0.8607211660763832,0.0,1.6942407507183188,0.7810542722971825,0.6489209137500364,0.7074094677419576,12.866666666666667,21.966666666666665,1040.3000412843035,1.883584147055323,0.0024977990736564,3.268649525536845
turbo_lunar_lander_12d,12,mes_gumbel,native,decay_uniform_grid_a1,177,153,30,0.4949327285884711,0.4602813843951623,0.506635731989081,0.09249860628285378,0.0,0.941959666231562,0.0,1.6962975475179825,0.7809836399673568,0.6487567895835671,0.7071853766268238,12.866666666666667,22.033333333333335,1046.785300691969,2.017865427924941,0.002366425469517708,3.284540741269787
turbo_lunar_lander_12d,12,mes_gumbel,native,decay_uniform_grid_a1,178,154,30,0.4595692632765094,0.44236983659412,0.4799584614483487,0.08762802533357807,0.0,0.8363797146088782,0.0,1.7675067254831323,0.7809400378878222,0.6486325972768763,0.7070688047686668,12.866666666666667,22.033333333333335,1053.5198386812428,2.068038693862036,0.0024719047515342632,3.243173834122717
turbo_lunar_lander_12d,12,mes_gumbel,native,decay_uniform_grid_a1,179,155,30,0.495098109634543,0.42585343977759804,0.5153774781976763,0.09409462347966475,0.0,0.9257421994648632,0.0,1.6946078562391431,0.7785575554602003,0.6444584263102106,0.7034019023665141,12.9,22.066666666666666,1060.102290574958,2.103088269615546,0.04859675398717324,3.242203916826596
turbo_lunar_lander_12d,12,mes_gumbel,native,decay_uniform_grid_a1,18,0,30,2.0920062495202365,2.111017479782991,0.33864160291830364,0.0618272149426874,1.8708896179771348,2.3034307913698533,1.2088720059724667,2.759462209735169,0.9957094485013225,0.9675855483758339,0.9866311169886459,0.0,0.0,47.979258997070914,0.0,0.0013900805885593097,2.34420088964204
turbo_lunar_lander_12d,12,mes_gumbel,native,decay_uniform_grid_a1,180,156,30,0.4758894730236297,0.43045451102856236,0.5063497186885177,0.09244638763736544,0.0,0.7745834211037299,0.0,1.790709224804289,0.7784550783656332,0.644210130033566,0.7031799701603684,12.933333333333334,22.133333333333333,1066.648633436983,2.100211305357516,0.002583208711196979,3.2249887083191426
turbo_lunar_lander_12d,12,mes_gumbel,native,decay_uniform_grid_a1,181,157,30,0.4733836078478751,0.37277819047508765,0.5047336206147773,0.09215132984732269,0.0,0.883316763677088,0.0,1.7845813888850182,0.778234540054371,0.6438933338758462,0.7027953285031974,13.0,22.233333333333334,1073.1225030174323,2.0468534238481273,0.0025827511834601562,3.2944872566654038
turbo_lunar_lander_12d,12,mes_gumbel,native,decay_uniform_grid_a1,182,158,30,0.4870444300779318,0.43887000940031673,0.5066624368834695,0.09250348190720456,0.0,0.9202924662605294,0.0,1.6946078562391431,0.7781794187964334,0.6436698195094513,0.7025407161172249,13.066666666666666,22.366666666666667,1079.5275441076142,1.9355247068374106,0.0025749418574074904,3.2762503186861673
turbo_lunar_lander_12d,12,mes_gumbel,native,decay_uniform_grid_a1,183,159,30,0.48124857931744897,0.4796663702908278,0.5064857736757032,0.09247122776587964,0.0,0.8482420114909294,0.0,1.7831201991105705,0.7770245805402004,0.6434593105802066,0.7022168574391335,13.1,22.466666666666665,1086.1953538680605,2.1245140166953207,0.002469614800065756,3.165763188137983
turbo_lunar_lander_12d,12,mes_gumbel,native,decay_uniform_grid_a1,184,160,30,0.4836235113352068,0.40985901592539464,0.5138699087931261,0.09381938022303916,0.0,0.8723246339808322,0.0,1.7921988075978796,0.7722087196040702,0.6374651814834098,0.6965559555744464,13.133333333333333,22.533333333333335,1093.3558533333708,2.26390362768434,0.05497507598871986,3.470100535545498
turbo_lunar_lander_12d,12,mes_gumbel,native,decay_uniform_grid_a1,185,161,30,0.47985517125279903,0.4848609837988793,0.49892743306757154,0.09109126988308595,0.0,0.8612101205299494,0.0,1.7832520340626905,0.7721716759217366,0.6372497042980726,0.6964111084039737,13.133333333333333,22.566666666666666,1100.0452488319327,2.005263205462446,0.0027296263569345077,3.3270496464179207
turbo_lunar_lander_12d,12,mes_gumbel,native,decay_uniform_grid_a1,186,162,30,0.5073861668288037,0.5844747054130924,0.515080339041758,0.09404037354019325,0.0,0.9242758619433589,0.0,1.728494634721112,0.7720784042442904,0.6370701266103964,0.6962892980752164,13.133333333333333,22.566666666666666,1106.6910384349835,2.001798014047866,0.0025588375516235828,3.2377220646323015
turbo_lunar_lander_12d,12,mes_gumbel,native,decay_uniform_grid_a1,187,163,30,0.4951200346652976,0.4950727817354982,0.5059026025439177,0.09236475577129138,0.0,0.8578832173884996,0.0,1.765024706534927,0.7715921426608571,0.6368361701298535,0.6960431217732871,13.166666666666666,22.6,1112.9558978634732,1.761188110522926,0.002494391581664483,3.190418315290784
turbo_lunar_lander_12d,12,mes_gumbel,native,decay_uniform_grid_a1,188,164,30,0.5342035116182025,0.5207787824171246,0.5449537364534188,0.09949448475075427,0.0,0.9226495965184235,0.0,1.765024706534927,0.7708405446378517,0.6365555647197099,0.695754906008981,13.233333333333333,22.633333333333333,1119.286114044115,1.843000760069117,0.0025517644826322794,3.197317204143231
turbo_lunar_lander_12d,12,mes_gumbel,native,decay_uniform_grid_a1,189,165,30,0.4988547606648995,0.3980920488893839,0.518803455475964,0.09472011849193752,0.0,0.9112453548595024,0.0,1.762587538773852,0.7679577050646835,0.632611801016766,0.6922800863068639,13.233333333333333,22.7,1125.8088586474148,2.008531456704562,0.05076561640016734,3.166505401317651
turbo_lunar_lander_12d,12,mes_gumbel,native,decay_uniform_grid_a1,19,0,30,2.0804840658667922,2.12933069587867,0.3391846870726449,0.061926368090006165,1.870570543226884,2.277441225842643,1.1501422677106037,2.7184779824824505,0.9955179886383606,0.9663557325210144,0.9860669594507968,0.0,0.0,50.76025128387846,0.0,0.0013924509442100922,2.4102469107757014
turbo_lunar_lander_12d,12,mes_gumbel,native,decay_uniform_grid_a1,190,166,30,0.501284793721339,0.37670310796519224,0.5197731418303166,0.09489715818859883,0.0,0.8852462601932909,0.0,1.7619368452062643,0.767864939467163,0.6324259281968232,0.6920412542305474,13.233333333333333,22.7,1132.3378622490293,2.007611643802375,0.0025351551516602437,3.218095690694948
turbo_lunar_lander_12d,12,mes_gumbel,native,decay_uniform_grid_a1,191,167,30,0.49664530275943536,0.5038763777480191,0.5094971734791438,0.09302103163321665,0.0,0.8421344456175321,0.0,1.6946078562391431,0.767393969360066,0.6321717788363147,0.6918551496023727,13.266666666666667,22.733333333333334,1138.4720333532584,1.7988062259741127,0.0024737623364975057,3.150821088704591
turbo_lunar_lander_12d,12,mes_gumbel,native,decay_uniform_grid_a1,192,168,30,0.4916770018362645,0.5166539250282552,0.4981855167932853,0.09095581512335037,0.0,0.9567440993570211,0.0,1.6946078562391431,0.7672506180825696,0.6319101275908475,0.6916765035580789,13.3,22.8,1145.1072321347892,2.0582584510712576,0.002767578496908148,3.210617993461589
turbo_lunar_lander_12d,12,mes_gumbel,native,decay_uniform_grid_a1,193,169,30,0.4891349805792541,0.5386380703686584,0.4955622249889192,0.09047686975796046,0.0,0.906097982392898,0.0,1.6946078562391431,0.7671859499071612,0.6317587375828774,0.6915078334392538,13.3,22.833333333333332,1151.5780767221625,1.9049000358209014,0.0026409884449094534,3.2328283957205715
turbo_lunar_lander_12d,12,mes_gumbel,native,decay_uniform_grid_a1,194,170,30,0.513985664177308,0.5274151006640605,0.513782940776611,0.09380350210823023,0.0,0.9363736968584155,0.0,1.6597126120066177,0.7659298466038232,0.6300188059347214,0.6898739883652785,13.3,22.833333333333332,1158.165229593,2.009927108402674,0.05494146469670037,3.2398924390474955
turbo_lunar_lander_12d,12,mes_gumbel,native,decay_uniform_grid_a1,195,171,30,0.494146751900043,0.45503357644683073,0.5030323956792546,0.09184073008979733,0.0,0.9501640696887172,0.0,1.6946078562391431,0.7657694969752832,0.6298170923750731,0.6896107411927679,13.3,22.833333333333332,1164.79349347235,2.002198443903277,0.0027446823194622995,3.2907433040905745
turbo_lunar_lander_12d,12,mes_gumbel,native,decay_uniform_grid_a1,196,172,30,0.4913024588717354,0.5680633230893659,0.4958964524182824,0.09053789105876019,0.0,0.8809603327139076,0.0,1.6946078562391431,0.7656454149082721,0.6296180128967077,0.6893841921382715,13.333333333333334,22.866666666666667,1171.0353246463153,1.9191703751993676,0.0026299047594269117,3.2047488282745085
turbo_lunar_lander_12d,12,mes_gumbel,native,decay_uniform_grid_a1,197,173,30,0.5067056111390114,0.5384815080903231,0.5014485009344206,0.09155155179631085,0.0,0.9359484530010771,0.0,1.6587266401749625,0.765591848733107,0.6293742327086768,0.689156355324826,13.366666666666667,22.933333333333334,1177.43499296989,1.910685015640532,0.002752776350826025,3.261623698007315
turbo_lunar_lander_12d,12,mes_gumbel,native,decay_uniform_grid_a1,198,174,30,0.5298173150459404,0.5703302559290035,0.5267053246694513,0.09616279582651358,0.0,0.9795751269130921,0.0,1.6946078562391431,0.765392353909687,0.6291548667692894,0.6888790633452407,13.4,23.0,1184.0542338071702,2.0692504122077175,0.0027198306129624446,3.2698378749967865
turbo_lunar_lander_12d,12,mes_gumbel,native,decay_uniform_grid_a1,199,175,30,0.514129046628455,0.49460519747052223,0.5137911808003628,0.09380500652385797,0.0,0.9768370266916252,0.0,1.6946078562391431,0.7631901623075916,0.6261610849678998,0.6862182623905396,13.4,23.033333333333335,1190.7832396307028,2.0369614611845464,0.05638151614305874,3.327484412801762
turbo_lunar_lander_12d,12,mes_gumbel,native,decay_uniform_grid_a1,2,0,30,2.885570233135184,2.8293080899717786,0.4982639284972421,0.09097013107636022,2.517399148613383,3.238257766184881,1.8437588878566724,3.9886089859838023,0.9996801932678034,0.9944561142072189,0.9987245304408059,0.0,0.0,3.4431153362306457,0.0,0.0014155358541756869,2.113774722504119
turbo_lunar_lander_12d,12,mes_gumbel,native,decay_uniform_grid_a1,20,0,30,2.061611883645981,2.104385787790042,0.34075255035328955,0.06221261945197055,1.8126988241714181,2.2639419317645997,1.110178421976981,2.7188176888560056,0.9951943940238099,0.9650347806448117,0.9853139315771867,0.0,0.0,53.542452203373735,0.0,0.0013186478056013585,2.4061625657758365
turbo_lunar_lander_12d,12,mes_gumbel,native,decay_uniform_grid_a1,200,176,30,0.5011063903616795,0.4649757243705168,0.5131583400745905,0.09368946614358682,0.0,0.9378538387076668,0.0,1.6951243162712042,0.7628758220702629,0.6259971538921593,0.6860229565330981,13.433333333333334,23.066666666666666,1197.294105200873,1.9301460260059684,0.0028011384420096874,3.320200946259623
turbo_lunar_lander_12d,12,mes_gumbel,native,decay_uniform_grid_a1,201,177,30,0.49838417082859887,0.492473920141545,0.514190905759614,0.09387798598285121,0.0,0.9228257152600928,0.0,1.6946078562391431,0.7628635037615713,0.6258593692509982,0.6858686751146281,13.466666666666667,23.133333333333333,1204.1262238156983,2.0960921304455646,0.0027694613517572483,3.3130398959852756
turbo_lunar_lander_12d,12,mes_gumbel,native,decay_uniform_grid_a1,202,178,30,0.4645155289222214,0.4195737489070098,0.4860056403428081,0.08873208409683292,0.0,0.8296835996605327,0.0,1.6938779053920605,0.7625863390547766,0.6257492737408824,0.6857809203158716,13.466666666666667,23.166666666666668,1210.7117114003593,2.0163950424020487,0.0028374945589651666,3.302535724577804
turbo_lunar_lander_12d,12,mes_gumbel,native,decay_uniform_grid_a1,203,179,30,0.48649533087500946,0.4853360039260597,0.4983295414233286,0.09098211030292072,0.0,0.853396816610266,0.0,1.6938779053920605,0.7625266653431677,0.6255537057514043,0.6855127907192199,13.5,23.2,1217.4717871167697,2.125263078790158,0.002769735020895799,3.3498499504911403
turbo_lunar_lander_12d,12,mes_gumbel,native,decay_uniform_grid_a1,204,180,30,0.504837968919764,0.41469744635372585,0.5299794189119729,0.0967605609171892,0.0,0.9363167558536613,0.0,1.6946078562391431,0.7656065338960611,0.6278356378266104,0.6882395638573207,13.533333333333333,23.266666666666666,1224.2892860791956,2.1021120047662407,0.05745987631380558,3.3689557966310533
turbo_lunar_lander_12d,12,mes_gumbel,native,decay_uniform_grid_a1,205,181,30,0.5068089928081222,0.560505748302106,0.5104377921715815,0.09319276432516968,0.0,0.9276424805055251,0.0,1.6946078562391431,0.7655726926575988,0.6276679750470628,0.6880090537935487,13.533333333333333,23.3,1230.7154964249737,1.9128444486452887,0.002781278500333428,3.2390283025645963
turbo_lunar_lander_12d,12,mes_gumbel,native,decay_uniform_grid_a1,206,182,30,0.4932874491739863,0.6039166206206422,0.49706578395930884,0.09075138081283433,0.0,0.8837315988784655,0.0,1.6946078562391431,0.7653051928582957,0.6273805867061951,0.6877886647704863,13.566666666666666,23.333333333333332,1237.2460116482184,1.8551765534405906,0.002859848535930117,3.386108160732935
turbo_lunar_lander_12d,12,mes_gumbel,native,decay_uniform_grid_a1,207,183,30,0.5003890013489671,0.5805645242475885,0.5072592664605888,0.09261244758132942,0.0,0.9085228450840557,0.0,1.739892113088733,0.7651901955552597,0.6271850749188563,0.6875566111098048,13.6,23.4,1243.555428899033,1.8398920245313397,0.003027195855975151,3.2545199666172264
turbo_lunar_lander_12d,12,mes_gumbel,native,decay_uniform_grid_a1,208,184,30,0.4917404889891158,0.4648139419142664,0.5075647582555597,0.09266822249707551,0.0,0.9100544073325599,0.0,1.689856220574472,0.7649341088412052,0.626921955505906,0.6872797715783534,13.633333333333333,23.466666666666665,1249.7501741150704,1.878344892912234,0.0028100762981921436,3.258648525380219
turbo_lunar_lander_12d,12,mes_gumbel,native,decay_uniform_grid_a1,209,185,30,0.4925346723364538,0.4443992495222545,0.5066578271105413,0.09250264028166533,0.0,0.8981459331367347,0.0,1.6946078562391431,0.7637748519850166,0.6250594683998325,0.6857060916125294,13.666666666666666,23.533333333333335,1256.146866065031,1.8581745368118088,0.06124654730471472,3.2994733921252193
turbo_lunar_lander_12d,12,mes_gumbel,native,decay_uniform_grid_a1,21,0,30,2.0103557832540613,2.1196253294823966,0.45621493106484673,0.0832930696049603,1.8201512959423876,2.2685593450080273,0.35543964366029956,2.6623164610743437,0.9950198861468054,0.9639788771103057,0.9847182647098223,0.0,0.0,56.39533226604884,0.0,0.0013436388069142898,2.4549020329335085
turbo_lunar_lander_12d,12,mes_gumbel,native,decay_uniform_grid_a1,210,186,30,0.4677975717482393,0.5231493149264744,0.4879066816729297,0.08907916516991868,0.0,0.8188166860458155,0.0,1.8117246564930984,0.7636860753865925,0.6248629402202507,0.6854650537236615,13.7,23.6,1262.1546599326346,1.6634139959855625,0.0028734675919016204,3.2913527019321918
turbo_lunar_lander_12d,12,mes_gumbel,native,decay_uniform_grid_a1,211,187,30,0.47057516660358145,0.4680901060127206,0.478414301032649,0.08734610150288298,0.0,0.8703536225629201,0.0,1.4799727306690504,0.7631774188084719,0.6246347248107108,0.6851582102500999,13.7,23.633333333333333,1268.6068839787972,1.9631709122254202,0.003115744749084115,3.3866831763337055
turbo_lunar_lander_12d,12,mes_gumbel,native,decay_uniform_grid_a1,212,188,30,0.4562840924144392,0.41770819430393635,0.4759326639030799,0.08689301862441386,0.0,0.8443705691712071,0.0,1.5026635909614972,0.762996302820551,0.6244519571571279,0.6848112613152121,13.7,23.633333333333333,1275.0425812390167,1.901826747848342,0.0030327410126725833,3.3759323796567817
turbo_lunar_lander_12d,12,mes_gumbel,native,decay_uniform_grid_a1,213,189,30,0.48868244927019977,0.5144240302632235,0.4667182621964517,0.08521070673486907,0.0,0.953633895800265,0.0,1.4148204619068974,0.7624848436321826,0.6242580876579892,0.684491254481742,13.7,23.633333333333333,1281.6524816671385,1.8382439537129054,0.0030731943435966967,3.490951791079715
turbo_lunar_lander_12d,12,mes_gumbel,native,decay_uniform_grid_a1,214,190,30,0.46106327677857123,0.3322943798203455,0.48697644273930296,0.0889093275539797,0.0,0.8992559091033987,0.0,1.6312919103266001,0.7617477457255454,0.6226652239258733,0.6831768360938669,13.733333333333333,23.666666666666668,1287.9197270513357,1.7938506407042345,0.06557955080643296,3.2251279258790118
turbo_lunar_lander_12d,12,mes_gumbel,native,decay_uniform_grid_a1,215,191,30,0.4728625273185359,0.3537850604247409,0.5035850946273609,0.09194163865025973,0.0,0.874265172961413,0.0,1.6295485009162975,0.761702089987003,0.622422339747755,0.6829237880701661,13.733333333333333,23.7,1294.3302084160193,1.8725104788939158,0.0031921007360021275,3.3178754560494172
turbo_lunar_lander_12d,12,mes_gumbel,native,decay_uniform_grid_a1,216,192,30,0.4661931228823706,0.3368544260488795,0.4863260933938322,0.08879059055172202,0.0,0.8781563244185964,0.0,1.5372186363291567,0.7616200273637055,0.6222056284441901,0.682635831207739,13.766666666666667,23.733333333333334,1300.5310813888132,1.7768846521930148,0.0030124501480410498,3.227441876428202
turbo_lunar_lander_12d,12,mes_gumbel,native,decay_uniform_grid_a1,217,193,30,0.47068170526073594,0.5723435172000495,0.4807339192869172,0.08776960391710413,0.0,0.8776827694518972,0.0,1.634171962275023,0.7615265240084322,0.6220159272764401,0.682421925033002,13.766666666666667,23.766666666666666,1306.7470098536307,1.802096889509509,0.002967308694496751,3.2902263726262997
turbo_lunar_lander_12d,12,mes_gumbel,native,decay_uniform_grid_a1,218,194,30,0.4957694459596157,0.565949478859248,0.4986984260781514,0.09104945911844203,0.0,0.8614470296347732,0.0,1.634171962275023,0.7614231767040776,0.6217573314423369,0.6822239688321382,13.833333333333334,23.833333333333332,1312.8441290957699,1.6605673662231615,0.0030028448750575383,3.2520127191984405
turbo_lunar_lander_12d,12,mes_gumbel,native,decay_uniform_grid_a1,219,195,30,0.5120506168803916,0.42161406718402306,0.555373475374409,0.10139686010086789,0.0,0.9276760735259142,0.0,2.2726532112654034,0.7654616736824368,0.6245044474144303,0.6855979584577946,13.833333333333334,23.9,1319.3553533661955,1.9399200803910692,0.06946176386748751,3.398316564348837
turbo_lunar_lander_12d,12,mes_gumbel,native,decay_uniform_grid_a1,22,0,30,2.018812395918843,2.0954128147140247,0.4247300673108744,0.07754474623895116,1.8243497978773924,2.256515884138674,0.4386501698383287,2.6667800721842894,0.9947753131421503,0.9627320698773395,0.9839994741725716,0.0,0.0,59.20067786256162,0.0,0.001371957827359438,2.444922048598528
turbo_lunar_lander_12d,12,mes_gumbel,native,decay_uniform_grid_a1,220,196,30,0.4498029877780178,0.42182222859378415,0.45347462823886386,0.08279276104756497,0.0,0.8748697968230491,0.0,1.2916982313253516,0.7648432557881812,0.6242545434320477,0.6853596673059755,13.866666666666667,23.933333333333334,1326.0690126420775,2.001272384962067,0.0033315946192791065,3.438678703193242
turbo_lunar_lander_12d,12,mes_gumbel,native,decay_uniform_grid_a1,221,197,30,0.4647639086367989,0.44408953951778274,0.476121334767379,0.08692746505385407,0.0,0.8554053416569254,0.0,1.385715499192921,0.7648157233196143,0.6240590746196157,0.6852431485252402,13.866666666666667,23.966666666666665,1332.635316491127,1.9481551756771902,0.003285600058734417,3.250736273933823
turbo_lunar_lander_12d,12,mes_gumbel,native,decay_uniform_grid_a1,222,198,30,0.4432964567848627,0.4208066766920313,0.4506224398658907,0.08227202507752118,0.0,0.9186753012878427,0.0,1.1905168943876498,0.7647674337340196,0.6238279407401771,0.6849174988396988,13.866666666666667,23.966666666666665,1338.8207094931045,1.849238822205613,0.0032178062635163465,3.3260348716750743
turbo_lunar_lander_12d,12,mes_gumbel,native,decay_uniform_grid_a1,223,199,30,0.4396063787685148,0.39500361483607316,0.4462803937631694,0.08147927954545858,0.0,0.8532951398433994,0.0,1.2001614032543766,0.7646942594619726,0.6236539325659062,0.6847695681441759,13.9,24.0,1345.277231283222,1.9041531123686581,0.0033462319678316515,3.282321825157851
turbo_lunar_lander_12d,12,mes_gumbel,native,decay_uniform_grid_a1,224,200,30,0.4197234099557163,0.34499971096809556,0.44170401887261257,0.08064375162573917,0.0,0.8399021718705749,0.0,1.148902528665869,0.7663858361446816,0.6263003897013462,0.6869497561801031,13.966666666666667,24.1,1351.5015329934502,1.8150472967109332,0.0748788290657103,3.261946404601137
turbo_lunar_lander_12d,12,mes_gumbel,native,decay_uniform_grid_a1,225,201,30,0.43802883055171793,0.3750954826663666,0.4532443159489069,0.08275071196873827,0.0,0.7804194459304703,0.0,1.1991779704577363,0.7662930318461746,0.6260282798396877,0.6865757959033238,13.966666666666667,24.166666666666668,1357.517072797753,1.7235990196621667,0.003189371914292375,3.2726163528238734
turbo_lunar_lander_12d,12,mes_gumbel,native,decay_uniform_grid_a1,226,202,30,0.43124971320440003,0.3547265221959738,0.4377086667928873,0.07991430347265893,0.0,0.8781648620719189,0.0,1.0959460683517812,0.7659252831135374,0.6257922513921834,0.6863536917500006,13.966666666666667,24.166666666666668,1363.9564475607592,1.8705954633497943,0.0032865214472015698,3.370793297421187
turbo_lunar_lander_12d,12,mes_gumbel,native,decay_uniform_grid_a1,227,203,30,0.4456414227329486,0.23955976541838908,0.48275156395261953,0.08813797374924917,0.0,0.8415788833703344,0.0,1.2893205588130239,0.7658639455541223,0.6255574418970691,0.6860512714180778,14.0,24.2,1370.0501792100104,1.6512917441005508,0.0033510809764266012,3.3529179718655846
turbo_lunar_lander_12d,12,mes_gumbel,native,decay_uniform_grid_a1,228,204,30,0.4302526138476464,0.24390554289014088,0.47207114264823336,0.08618800452522549,0.0,0.7584609507114912,0.0,1.289857797898029,0.7656512881474971,0.6253440501483193,0.6858156796632585,14.033333333333333,24.266666666666666,1376.4538944829567,1.8364518785849213,0.0033182734933992226,3.3961436935234817
turbo_lunar_lander_12d,12,mes_gumbel,native,decay_uniform_grid_a1,229,205,30,0.43259151434752885,0.29343926188657943,0.46338021617800484,0.08460126570077119,0.0,0.8712037925263683,0.0,1.2103555766724217,0.7618337632960116,0.6211208433009008,0.6818365539344226,14.066666666666666,24.333333333333332,1382.8238652424732,1.6835267110882948,0.07742518843151629,3.3047302122383067
turbo_lunar_lander_12d,12,mes_gumbel,native,decay_uniform_grid_a1,23,0,30,2.029291854648789,2.0924241953842992,0.4307785176434424,0.07864903713398352,1.8221556810613653,2.2998905622316252,0.4639975490151611,2.646881173905956,0.994474263862337,0.9616650611612246,0.9833508850634076,0.0,0.0,62.005941387157264,0.0,0.001355491749321421,2.4272385821056863
turbo_lunar_lander_12d,12,mes_gumbel,native,decay_uniform_grid_a1,230,206,30,0.4148327262821655,0.278946461592649,0.4389798045790771,0.08014638041905671,0.0,0.8653392678627196,0.0,1.1654956035751627,0.7617602200031811,0.6207979481233621,0.6815609055479573,14.066666666666666,24.366666666666667,1388.9435592602472,1.7000401350203902,0.003303825700034698,3.388810115167871
turbo_lunar_lander_12d,12,mes_gumbel,native,decay_uniform_grid_a1,231,207,30,0.42306268238349704,0.27804541608347955,0.45378385772173546,0.08284921836863646,0.0,0.8495041725221013,0.0,1.2349757771967456,0.7615539113526835,0.6205426076193087,0.6812847067705322,14.1,24.4,1394.7679720452986,1.5755222923277568,0.003353400978570183,3.2465419625087333
turbo_lunar_lander_12d,12,mes_gumbel,native,decay_uniform_grid_a1,232,208,30,0.4084954135773656,0.3133698927044256,0.4379835073102537,0.0799644822563516,0.0,0.845489217018867,0.0,1.119910213314541,0.7614022964764305,0.6203259948746047,0.6811261760446595,14.133333333333333,24.466666666666665,1400.9472222170948,1.7069643494207412,0.0031392946373671295,3.2045385864873728
turbo_lunar_lander_12d,12,mes_gumbel,native,decay_uniform_grid_a1,233,209,30,0.4298044506886356,0.2960099188974392,0.45530979928257315,0.08312781590673828,0.0,0.8482589167234558,0.0,1.1718561422713507,0.7612047174971047,0.6200154884311966,0.680801493175254,14.2,24.566666666666666,1406.75196678075,1.5074257774899402,0.0032516176967571178,3.314205546863377
turbo_lunar_lander_12d,12,mes_gumbel,native,decay_uniform_grid_a1,234,210,30,0.4250199490496393,0.29322945681021706,0.4465421804255341,0.08152707503220229,0.0,0.7811163552955686,0.0,1.1649847303378453,0.7595524346416526,0.6173018539388637,0.6783930829235432,14.233333333333333,24.666666666666668,1412.8251597043281,1.7352464181836695,0.08027863286746045,3.321639058769991
turbo_lunar_lander_12d,12,mes_gumbel,native,decay_uniform_grid_a1,235,211,30,0.3908610475099612,0.3231839519051365,0.412215955467584,0.07525999245771359,0.0,0.7729998308004098,0.0,1.0923331769033071,0.7591061370677049,0.617042239124423,0.6782190569763151,14.266666666666667,24.733333333333334,1419.1451063613097,1.88309604995884,0.003295333217829466,3.201580609489853
turbo_lunar_lander_12d,12,mes_gumbel,native,decay_uniform_grid_a1,236,212,30,0.410836474690268,0.34774140269351805,0.43717702965429506,0.07981724025492078,0.0,0.8561470839713516,0.0,1.1424025812405652,0.7589503272130844,0.6167494389402264,0.6778808988775701,14.266666666666667,24.766666666666666,1425.2715485152478,1.8257821660178404,0.0032405986916273833,3.348314920254052
turbo_lunar_lander_12d,12,mes_gumbel,native,decay_uniform_grid_a1,237,213,30,0.4008396025958717,0.3257737307850501,0.4256344132880711,0.07770985646945106,0.0,0.8380729492650254,0.0,1.0908476798253899,0.7588500379558786,0.6164925818483309,0.6775819830042676,14.266666666666667,24.766666666666666,1431.675818364493,1.9257268589766074,0.0032827266802390414,3.306596128906434
turbo_lunar_lander_12d,12,mes_gumbel,native,decay_uniform_grid_a1,238,214,30,0.397122588402789,0.3530501185439462,0.42827053777911844,0.07819114475216388,0.0,0.7643627835343689,0.0,1.163861814357626,0.7585955974034758,0.6162458643058978,0.6773385670260076,14.3,24.8,1438.3074449998946,1.725709549104795,0.0034326011625428992,3.392582168461134
turbo_lunar_lander_12d,12,mes_gumbel,native,decay_uniform_grid_a1,239,215,30,0.38951686026471055,0.3682379108956817,0.4231471347802485,0.07725574362094031,0.0,0.6756014648744939,0.0,1.2648895200196044,0.7586109581628118,0.6159780303159766,0.67720026362591,14.3,24.833333333333332,1445.192584247794,1.9062529480239998,0.08577803171550234,3.4546722949482502
turbo_lunar_lander_12d,12,mes_gumbel,native,decay_uniform_grid_a1,24,0,30,1.9789134699739348,1.8978690382657675,0.6695397847580342,0.12224068108637631,1.7052837871157773,2.3542641825037984,0.0,3.869210107643327,0.7245680538849998,0.5573613631664515,0.6330507827136042,0.0,0.0,64.51227350444533,0.0,0.011067544668912887,2.1171630582306533
turbo_lunar_lander_12d,12,mes_gumbel,native,decay_uniform_grid_a1,240,216,30,0.3849457697294621,0.3406420834379984,0.4381763959335492,0.07999969873970661,0.0,0.6448975228812769,0.0,1.2667255406056612,0.7584559990811787,0.6157597892799416,0.6769552176862998,14.333333333333334,24.866666666666667,1451.7739129954484,1.7880740141651283,0.003599997377023101,3.605416754866019
turbo_lunar_lander_12d,12,mes_gumbel,native,decay_uniform_grid_a1,241,217,30,0.3933073736482653,0.34613648449809076,0.4266897687262522,0.07790253712934357,0.0,0.7650338099357399,0.0,1.119052288874278,0.7582576719426068,0.6155089989621978,0.676756650372787,14.333333333333334,24.9,1458.385457679024,1.8581673049523184,0.0036457184546937545,3.676081192229564
turbo_lunar_lander_12d,12,mes_gumbel,native,decay_uniform_grid_a1,242,218,30,0.3981403916814422,0.31999806814654663,0.42238764755842867,0.07711708085976443,0.0,0.8625281734355357,0.0,1.0326311697290707,0.7581826831018059,0.6153146633046588,0.676547164106846,14.4,24.966666666666665,1464.8217761066587,1.7401436373125763,0.0034941865131258966,3.460922014325236
turbo_lunar_lander_12d,12,mes_gumbel,native,decay_uniform_grid_a1,243,219,30,0.40257557919650483,0.34633616080009855,0.4235908878120914,0.07733676146944087,0.0,0.8343759785545946,0.0,1.1309021832893846,0.7579368567055081,0.6149862678432473,0.6762090817581412,14.433333333333334,25.066666666666666,1470.6634288910932,1.5082674391567708,0.003499199915677309,3.4082489567187926
turbo_lunar_lander_12d,12,mes_gumbel,native,decay_uniform_grid_a1,244,220,30,0.4118605361895084,0.29277617667456046,0.44630079386291727,0.081483004077061,0.0,0.7935403455960517,0.0,1.2344120478164462,0.7573291699325378,0.6135534541093839,0.6749284245077513,14.433333333333334,25.1,1477.258614977294,1.688244506996125,0.0879445072884361,3.343921907556554
turbo_lunar_lander_12d,12,mes_gumbel,native,decay_uniform_grid_a1,245,221,30,0.4026519987534041,0.3023314526539198,0.43348015162666326,0.0791422857588944,0.0,0.8004927903197583,0.0,1.1067244864869106,0.7568943211512095,0.6133586654159738,0.6746918856451493,14.433333333333334,25.1,1483.9781954068535,1.8418217394656191,0.0035834469522039096,3.4206255983561276
turbo_lunar_lander_12d,12,mes_gumbel,native,decay_uniform_grid_a1,246,222,30,0.3786910196007161,0.22324502587511807,0.4210796640415778,0.07687827683408971,0.0,0.7875845890103275,0.0,1.1536200416624283,0.7567878717782397,0.6130587833470138,0.6743507116240682,14.466666666666667,25.133333333333333,1490.3553931909923,1.7150142491950342,0.003544536093249917,3.510774768749252
turbo_lunar_lander_12d,12,mes_gumbel,native,decay_uniform_grid_a1,247,223,30,0.35808337843311827,0.12021653295771484,0.403015075217651,0.07358014923711623,0.0,0.7543469432156787,0.0,1.0287562391789082,0.7566781694702697,0.6128008611614805,0.6740856383654135,14.466666666666667,25.166666666666668,1496.6362576229187,1.721800505494078,0.003491574122260014,3.38814701892746
turbo_lunar_lander_12d,12,mes_gumbel,native,decay_uniform_grid_a1,248,224,30,0.4660133566659308,0.3397072663773626,0.5179811272780501,0.0945699825907142,0.0,0.9449003093075341,0.0,1.6688386959338604,0.7566401827623952,0.6125480801353193,0.6737785735506188,14.466666666666667,25.166666666666668,1502.9885638633432,1.6365878623599808,0.003683386044576764,3.54298553361247
turbo_lunar_lander_12d,12,mes_gumbel,native,decay_uniform_grid_a1,249,225,30,0.42307202225722695,0.34147800692247576,0.47382369565775423,0.08650797546407153,0.0,0.7640827558981562,0.0,1.6731539611338757,0.7580990097465016,0.613335861056682,0.6748105202621774,14.5,25.2,1509.1465299561155,1.5003094988098988,0.09298172566729287,3.510600998221586
turbo_lunar_lander_12d,12,mes_gumbel,native,decay_uniform_grid_a1,25,1,30,2.084757125788752,1.9866004772834867,0.8938165466330328,0.16318782828742676,1.7208458228455132,2.5958498285053655,0.0,3.8899317486328018,0.7219284871530364,0.5549963464702314,0.6304658354503762,0.36666666666666664,0.0,69.58708264950353,1.8063213648429761,0.0014649269171059132,2.166899774922058
turbo_lunar_lander_12d,12,mes_gumbel,native,decay_uniform_grid_a1,250,226,30,0.4618575362847551,0.32278143537780124,0.5047837981171142,0.09216049096395908,0.0,0.8856792350715403,0.0,1.6694483808929665,0.7579914598901561,0.613106541866062,0.6746810523106154,14.533333333333333,25.266666666666666,1515.410234540825,1.569231528416276,0.0035358439354846874,3.4315059850458054
turbo_lunar_lander_12d,12,mes_gumbel,native,decay_uniform_grid_a1,251,227,30,0.4378638421033291,0.08778173865179606,0.49978650528024815,0.09124811429288891,0.0,0.8421791194841237,0.0,1.6784783470834181,0.7577903831968082,0.6128668093396056,0.6744555724265783,14.566666666666666,25.333333333333332,1521.4426113806355,1.5915358304201315,0.0035732165134201447,3.4090844658203423
turbo_lunar_lander_12d,12,mes_gumbel,native,decay_uniform_grid_a1,252,228,30,0.42885349362853054,0.10966299388396539,0.48830475815883334,0.08915184366023261,0.0,0.8532452481947654,0.0,1.6581662568310136,0.7577385499333491,0.6125805153071371,0.6742386312437836,14.633333333333333,25.433333333333334,1527.508607081572,1.603978873292605,0.003469399828463793,3.2971867814660074
turbo_lunar_lander_12d,12,mes_gumbel,native,decay_uniform_grid_a1,253,229,30,0.3887982623208871,0.08568878250961676,0.46417191180130724,0.0847458088846248,0.0,0.7114641597200102,0.0,1.6600533733488856,0.7575628543949822,0.6122775791615396,0.6739438924065818,14.666666666666666,25.533333333333335,1533.4168800993202,1.4401276072642455,0.003570393876483043,3.360870408810054
turbo_lunar_lander_12d,12,mes_gumbel,native,decay_uniform_grid_a1,254,230,30,0.4308744856159579,0.12277558499642272,0.49765255173665385,0.09085850946205734,0.0,0.9120104843650684,0.0,1.6722751857915117,0.7571349586342796,0.6118404065297436,0.6737783837907723,14.666666666666666,25.566666666666666,1539.3990730104038,1.5963937151711434,0.08609357328775029,3.2174005121923983
turbo_lunar_lander_12d,12,mes_gumbel,native,decay_uniform_grid_a1,255,231,30,0.3730733636465163,0.044940855685842385,0.4326122071879712,0.07898382150965014,0.0,0.8570854028067274,0.0,1.1217574533984047,0.7570767659659686,0.611579887855864,0.673533310661243,14.7,25.6,1545.251169690614,1.577944666845724,0.003534903408338626,3.2422149672793847
turbo_lunar_lander_12d,12,mes_gumbel,native,decay_uniform_grid_a1,256,232,30,0.38440156845428747,0.05586810355237759,0.4398338194298661,0.08030230148513057,0.0,0.8319729979089541,0.0,1.117564368149561,0.7568338130749163,0.6113798548156939,0.6733719988718435,14.7,25.633333333333333,1551.6695494112714,1.6145871737816682,0.004403236182406544,3.4448839468571046
turbo_lunar_lander_12d,12,mes_gumbel,native,decay_uniform_grid_a1,257,233,30,0.3709024448191714,0.05359529856675849,0.4272663721655467,0.07800781003282245,0.0,0.8046316425943364,0.0,1.159375088447463,0.7567812763310723,0.6111310555321077,0.6731895581907332,14.766666666666667,25.7,1557.8638492371422,1.5615730764033893,0.003547017447029551,3.3322175091287742
turbo_lunar_lander_12d,12,mes_gumbel,native,decay_uniform_grid_a1,258,234,30,0.36888387350821,0.05359529856675849,0.4226305558725503,0.07716142964744775,0.0,0.842410559097561,0.0,1.1050234220880812,0.7566416309408687,0.6108924478925218,0.6729126295216363,14.766666666666667,25.766666666666666,1564.0491825664726,1.6727801517117769,0.003800379205495119,3.455344573051358
turbo_lunar_lander_12d,12,mes_gumbel,native,decay_uniform_grid_a1,259,235,30,0.37468983300546077,0.023628680419232606,0.4443948647070225,0.08113503061316421,0.0,0.8306272923649947,0.0,1.2161407205504182,0.7578634152644823,0.6113990066788372,0.6738357135512772,14.8,25.8,1570.1311590762655,1.5474760743478935,0.09870272379678985,3.356956392014399
turbo_lunar_lander_12d,12,mes_gumbel,native,decay_uniform_grid_a1,26,2,30,1.932464828015087,1.864619679384366,0.8233321286882798,0.1503191930671057,1.6082663901119536,2.4187782184332067,0.0,3.864448006671237,0.7202440036215456,0.552726182842645,0.6281125571446289,0.7333333333333333,0.4666666666666667,74.51159108867868,1.9925604214891792,0.0013990364968776703,1.9433508097038914
turbo_lunar_lander_12d,12,mes_gumbel,native,decay_uniform_grid_a1,260,236,30,0.36438652208966693,0.016289903052630894,0.4274605026248322,0.07804325324337229,0.0,0.7855232040431683,0.0,1.1311110167500762,0.7577652234277129,0.611029071093153,0.6733954686541231,14.9,25.866666666666667,1575.7804665538326,1.3407442352268846,0.0037780814028034607,3.42990483987766
turbo_lunar_lander_12d,12,mes_gumbel,native,decay_uniform_grid_a1,261,237,30,0.39084556258960584,0.025953591790625286,0.46119258543008695,0.08420186079806234,0.0,0.8408555596658662,0.0,1.2691049311667633,0.7577122674773261,0.6107956239943235,0.6731481667327833,14.933333333333334,26.0,1582.149856612552,1.6720020558840285,0.0035997325088828803,3.3479145804264894
turbo_lunar_lander_12d,12,mes_gumbel,native,decay_uniform_grid_a1,262,238,30,0.3830965081422613,0.024936760467419106,0.4547413670198733,0.08302403484917346,0.0,0.8328770037722657,0.0,1.301017870794992,0.7576607976321984,0.6105809098158846,0.6729648492222199,14.933333333333334,26.033333333333335,1588.0477746025504,1.5226470523513853,0.003773020828763644,3.368016935357203
turbo_lunar_lander_12d,12,mes_gumbel,native,decay_uniform_grid_a1,263,239,30,0.37715708428115147,0.11172127007958366,0.4327000645610693,0.07899986199801312,0.0,0.7669607291488509,0.0,1.300746324617775,0.7573801414311523,0.6103864107868822,0.6727671404110096,14.966666666666667,26.066666666666666,1594.2992256236419,1.6510787858162075,0.003773758187890053,3.4069341277548424
turbo_lunar_lander_12d,12,mes_gumbel,native,decay_uniform_grid_a1,264,240,30,0.35633650165195496,0.0,0.4208317151829224,0.07683300777309196,0.0,0.7588678015167685,0.0,1.0845845341214964,0.7581938450221207,0.6114794439043612,0.6738720933385538,15.0,26.066666666666666,1600.205645683144,1.4831674924430749,0.09638711079023779,3.209426225939145
turbo_lunar_lander_12d,12,mes_gumbel,native,decay_uniform_grid_a1,265,241,30,0.3551289049516145,0.0,0.42224035001292604,0.07709018813031879,0.0,0.7569069832152491,0.0,1.1437111673580302,0.7578054984658867,0.6112124294918788,0.6736032930419424,15.0,26.1,1606.1076294758202,1.6646680979368587,0.0039338158288349705,3.2642918184244385
turbo_lunar_lander_12d,12,mes_gumbel,native,decay_uniform_grid_a1,266,242,30,0.35812119087158767,0.013565390708257574,0.42309412651131834,0.07724606567939786,0.0,0.7613392225275011,0.0,1.1150498176565418,0.7573791274971232,0.6110449610531707,0.6732836476170595,15.0,26.1,1612.4648879977874,1.62968221505483,0.003952942943821351,3.326044737873599
turbo_lunar_lander_12d,12,mes_gumbel,native,decay_uniform_grid_a1,267,243,30,0.3639118652126745,0.018388782335843845,0.42427392789695956,0.07746146695682837,0.0,0.8013910913352822,0.0,1.1154915796889522,0.7573455463896303,0.6108733297172471,0.6731340759756692,15.033333333333333,26.133333333333333,1618.615785435494,1.6110263376807172,0.003720782852421204,3.309515874941523
turbo_lunar_lander_12d,12,mes_gumbel,native,decay_uniform_grid_a1,268,244,30,0.3762279012637742,0.03996942872745035,0.4329124497553646,0.079038638051945,0.0,0.7927614352228303,0.0,1.1540072726670103,0.7572667789560181,0.6106726786436811,0.6728646579168234,15.066666666666666,26.2,1624.8013287055771,1.6982709071754167,0.003742942865937948,3.2524496959211926
turbo_lunar_lander_12d,12,mes_gumbel,native,decay_uniform_grid_a1,269,245,30,0.38660058243758966,0.06174657543356332,0.4646760995036521,0.08483786054388845,0.0,0.8785972238854096,0.0,1.2754833775346757,0.7586396026298752,0.6117432859761281,0.6741561086880767,15.066666666666666,26.233333333333334,1630.9147322048898,1.577931712490196,0.10036331621619562,3.1696928224371126
turbo_lunar_lander_12d,12,mes_gumbel,native,decay_uniform_grid_a1,27,3,30,1.8632511814731518,1.8183637271888946,0.6635120150610336,0.12114016594154521,1.6765516291574234,2.3494599798714257,0.0,2.7662845683285076,0.7190227035368121,0.5508067895345309,0.6258314076900178,1.0333333333333334,1.0,79.53479260952832,2.267321656675388,0.001400234829634428,1.9607640944421292
turbo_lunar_lander_12d,12,mes_gumbel,native,decay_uniform_grid_a1,270,246,30,0.3765443906314584,0.0,0.4589158397970065,0.08378618581774916,0.0,0.7499431769601071,0.0,1.2280091412732923,0.7585739794534686,0.6115254864359426,0.6739332914665972,15.1,26.266666666666666,1637.0074810182366,1.4424228030256927,0.003752494386086861,3.3222137570536385
turbo_lunar_lander_12d,12,mes_gumbel,native,decay_uniform_grid_a1,271,247,30,0.3796258412007155,0.0,0.4596328502887783,0.0839170934245196,0.0,0.8376021455060292,0.0,1.2154533802555316,0.7581934350993335,0.6111940852770791,0.6734160145191207,15.133333333333333,26.333333333333332,1642.776745479818,1.482893895947685,0.003898748926197489,3.312747683795169
turbo_lunar_lander_12d,12,mes_gumbel,native,decay_uniform_grid_a1,272,248,30,0.3733759138194255,0.0,0.42642156739556625,0.07785357048975369,0.0,0.7704912631742828,0.0,1.13096053390366,0.757874581376992,0.6110072731192412,0.6732739980076876,15.133333333333333,26.366666666666667,1649.264597820382,1.7110718696533391,0.0039383623128136,3.390561513369903
turbo_lunar_lander_12d,12,mes_gumbel,native,decay_uniform_grid_a1,273,249,30,0.3089693220913693,0.0,0.38254674204000666,0.06984315997180716,0.0,0.717838206691414,0.0,1.0804289300093464,0.7576595386859939,0.6106847201605529,0.673073768813594,15.166666666666666,26.4,1655.067586359335,1.5149493579752744,0.0039063416421413425,3.296368562228357
turbo_lunar_lander_12d,12,mes_gumbel,native,decay_uniform_grid_a1,274,250,30,0.3789356697194002,0.0,0.44591096810921793,0.08141183195746181,0.0,0.8271561946123938,0.0,1.2253833761188906,0.7613861993731363,0.6137180128764379,0.6765430197134409,15.166666666666666,26.433333333333334,1661.5091498317663,1.685294062225148,0.10461266585625709,3.27509374289463
turbo_lunar_lander_12d,12,mes_gumbel,native,decay_uniform_grid_a1,275,251,30,0.3791700447560088,0.0,0.4564549622410207,0.0833368931015253,0.0,0.8238653180303126,0.0,1.2992111008854623,0.7613609690096932,0.6134884365481678,0.676297978993161,15.166666666666666,26.433333333333334,1667.5085690281974,1.5805205849775423,0.0038780523929744957,3.446335104526952
turbo_lunar_lander_12d,12,mes_gumbel,native,decay_uniform_grid_a1,276,252,30,0.3316431499674532,0.0,0.40663982898058887,0.07424193570423716,0.0,0.7641608940327334,0.0,1.0706123276774204,0.7612418841477292,0.6133011550083756,0.6761287573511127,15.166666666666666,26.433333333333334,1673.5821906304764,1.6669518432579935,0.003970797670384248,3.257716890051961
turbo_lunar_lander_12d,12,mes_gumbel,native,decay_uniform_grid_a1,277,253,30,0.37259035460886675,0.0,0.4450823318942346,0.08126054437515777,0.0,0.8156317699797806,0.0,1.299888212482923,0.760833786784294,0.6130520431738471,0.6758737278617477,15.166666666666666,26.433333333333334,1679.6776299172082,1.5099582868162542,0.0040600695026417576,3.349388380550469
turbo_lunar_lander_12d,12,mes_gumbel,native,decay_uniform_grid_a1,278,254,30,0.38303470145478336,0.0,0.4581712827723491,0.08365024892516457,0.0,0.8166481359141644,0.0,1.3484847256257246,0.7607948424804065,0.6127994292049802,0.6756784539713656,15.166666666666666,26.433333333333334,1685.6872877297767,1.5396455644009015,0.003947627854843935,3.335783458004395
turbo_lunar_lander_12d,12,mes_gumbel,native,decay_uniform_grid_a1,279,255,30,0.3695454266569923,0.0,0.44069892467412636,0.08046024737076302,0.0,0.7852228785189513,0.0,1.2531243783705697,0.7603393146790702,0.6120576687984852,0.675020374314781,15.2,26.466666666666665,1691.8717012515913,1.6767885072932889,0.11830609760557612,3.36054368087401
turbo_lunar_lander_12d,12,mes_gumbel,native,decay_uniform_grid_a1,28,4,30,1.7947332921366808,1.8221008515061603,0.6326940739494034,0.11551360543397664,1.5240196344307981,2.3285929217342476,0.0,2.647161975120423,0.716575522915186,0.548760334386179,0.6233508887188374,1.3333333333333333,1.4,84.6124465541138,2.264521549238513,0.0014386066080381472,2.022804409249996
turbo_lunar_lander_12d,12,mes_gumbel,native,decay_uniform_grid_a1,280,256,30,0.3702666866017166,0.0,0.44538556293276305,0.08131590653513703,0.0,0.7996749165233898,0.0,1.3050626695151837,0.7602018796447265,0.6117871920535101,0.6748057238408408,15.233333333333333,26.533333333333335,1697.7001027541235,1.4264989434120556,0.00399097545693318,3.4951926733522365
turbo_lunar_lander_12d,12,mes_gumbel,native,decay_uniform_grid_a1,281,257,30,0.3073443449864437,0.0,0.39224291967998615,0.07161343171013848,0.0,0.6729402529358122,0.0,1.0568881111992092,0.7600453638416897,0.6115861410025788,0.6745139759711167,15.233333333333333,26.566666666666666,1703.8066453774304,1.6157166533327352,0.004184905377527078,3.4220339205736914
turbo_lunar_lander_12d,12,mes_gumbel,native,decay_uniform_grid_a1,282,258,30,0.3573929999439004,0.0,0.45639952898940134,0.0833267724207427,0.0,0.8167432217062245,0.0,1.1606078587406046,0.7595963292166364,0.6113555305588638,0.6742044458872434,15.266666666666667,26.6,1709.8578522585021,1.6564890427980572,0.004042176343500614,3.247076351288706
turbo_lunar_lander_12d,12,mes_gumbel,native,decay_uniform_grid_a1,283,259,30,0.3295521756149429,0.0,0.43574361274186213,0.07955553532917113,0.0,0.8211127246757277,0.0,1.127736425233504,0.7585487441234455,0.6111164424742729,0.673933877268247,15.266666666666667,26.633333333333333,1715.3689720158775,1.5447134682132553,0.0038499579144020877,3.1173215005236368
turbo_lunar_lander_12d,12,mes_gumbel,native,decay_uniform_grid_a1,284,260,30,0.3039248338434428,0.0,0.39710902542325033,0.07250185700440223,0.0,0.6504448176895745,0.0,1.0495861889225084,0.7618807518811671,0.6193199755221831,0.679789522272028,15.266666666666667,26.633333333333333,1720.8640493663338,1.448033608077094,0.10789889640485247,3.090798133270194
turbo_lunar_lander_12d,12,mes_gumbel,native,decay_uniform_grid_a1,285,261,30,0.30727967979077303,0.0,0.3973218968626161,0.07254072183413197,0.0,0.6800671726798205,0.0,1.0789438778319216,0.7618610056641668,0.619091822697518,0.6795843210732729,15.3,26.666666666666668,1726.2178382077875,1.2912835037335753,0.004002899707605441,3.1179265211801974
turbo_lunar_lander_12d,12,mes_gumbel,native,decay_uniform_grid_a1,286,262,30,0.33055544228177886,0.0,0.43366682305375864,0.079176367142715,0.0,0.606310577784819,0.0,1.1055255147288578,0.76172025127035,0.6188681336609352,0.6793958926608933,15.333333333333334,26.733333333333334,1731.6926442127985,1.3903152715259541,0.004122736413652698,3.1416990381975967
turbo_lunar_lander_12d,12,mes_gumbel,native,decay_uniform_grid_a1,287,263,30,0.3228526650944042,0.0,0.4196307785625123,0.07661374774738108,0.0,0.6873801114539726,0.0,1.0919455553173911,0.7616947118164936,0.6186777878069482,0.6792021221559094,15.333333333333334,26.766666666666666,1737.1748851226953,1.3918238225237778,0.003860757515455286,3.058000463216255
turbo_lunar_lander_12d,12,mes_gumbel,native,decay_uniform_grid_a1,288,264,30,0.2940506699561609,0.0,0.39030696758474615,0.07125997683253438,0.0,0.6078361949188962,0.0,1.1998784728055614,0.7615302405554902,0.6184774017262745,0.6789875787318073,15.333333333333334,26.766666666666666,1742.5859780018063,1.3883180838388702,0.003971590039630731,3.1017979623439413
turbo_lunar_lander_12d,12,mes_gumbel,native,decay_uniform_grid_a1,289,265,30,0.29812007940431007,0.0,0.38606431906912464,0.07048537873401048,0.0,0.6918948260553228,0.0,1.0947411191122831,0.7611209523199286,0.6178993867978179,0.678426788443846,15.333333333333334,26.766666666666666,1748.05642291458,1.3313245541105667,0.11305421249320109,3.1409040715545418
turbo_lunar_lander_12d,12,mes_gumbel,native,decay_uniform_grid_a1,29,5,30,1.7710769705046727,1.8289514633136137,0.604451141243836,0.11035717498966342,1.6529368401239868,2.094114233933788,0.0,2.4948972073096156,0.7637644774863721,0.6057350199134209,0.6773328852518943,1.7333333333333334,1.9,89.59206256115188,2.0837996050249785,0.010658823962633809,2.1086447059952964
turbo_lunar_lander_12d,12,mes_gumbel,native,decay_uniform_grid_a1,290,266,30,0.3233471434392532,0.0,0.41908381274867085,0.07651388590923938,0.0,0.735221354766743,0.0,1.1762101328783956,0.7609422387071212,0.6177244746551563,0.6781795722347178,15.333333333333334,26.766666666666666,1753.6557149139853,1.422393900792425,0.0038637368318935237,3.0847802163412172
turbo_lunar_lander_12d,12,mes_gumbel,native,decay_uniform_grid_a1,291,267,30,0.32912328011737757,0.0,0.42264364790648695,0.07716381991488466,0.0,0.6791067167199158,0.0,1.1453915101905903,0.7609091609355388,0.6175141192419417,0.6778460753736392,15.333333333333334,26.766666666666666,1759.323152638475,1.4403178584451477,0.004049568390473724,3.2293483279955884
turbo_lunar_lander_12d,12,mes_gumbel,native,decay_uniform_grid_a1,292,268,30,0.32199171749307526,0.0,0.4145622821411376,0.07568837113984071,0.0,0.696231792005686,0.0,1.1879717847724547,0.7606263666276027,0.6172548840877032,0.6775128778471423,15.333333333333334,26.766666666666666,1764.5606822810912,1.2492555856549492,0.004154625178004304,3.1569063840744396
turbo_lunar_lander_12d,12,mes_gumbel,native,decay_uniform_grid_a1,293,269,30,0.3144228526473981,0.0,0.40826791593289924,0.0745391823540239,0.0,0.7351852147264826,0.0,1.1165234430936302,0.7603889033558389,0.6170661303825143,0.6773066644196581,15.333333333333334,26.766666666666666,1770.3225823675436,1.4627660477844378,0.004013688101743658,3.1743087615973007
turbo_lunar_lander_12d,12,mes_gumbel,native,decay_uniform_grid_a1,294,270,30,0.3239694072373144,0.0,0.414411744806555,0.07566088690854152,0.0,0.7198401780759062,0.0,1.2387716337595278,0.7613629180885018,0.6178099064730441,0.6781199767290828,15.333333333333334,26.766666666666666,1775.766479675984,1.247124939132482,0.11457096363107364,3.148443127268304
turbo_lunar_lander_12d,12,mes_gumbel,native,decay_uniform_grid_a1,295,271,30,0.30522341389913815,0.0,0.3818650675149792,0.06971870380039577,0.0,0.690435409250556,0.0,0.9914183274901984,0.7607512165515175,0.6175786629545374,0.677930201893544,15.333333333333334,26.766666666666666,1781.34407545949,1.2915321292666098,0.003988737550874551,3.164498843299225
turbo_lunar_lander_12d,12,mes_gumbel,native,decay_uniform_grid_a1,296,272,30,0.32369048367592773,0.0,0.4233407970724662,0.0772911013562689,0.0,0.7726794880917444,0.0,1.1928325185292348,0.7604460373970672,0.6173397191724367,0.6776941922100056,15.366666666666667,26.8,1786.5890334535857,1.2238178529621413,0.004027370580782493,3.169541914124663
turbo_lunar_lander_12d,12,mes_gumbel,native,decay_uniform_grid_a1,297,273,30,0.2986619043361459,0.0,0.39354329786933046,0.07185084719933568,0.0,0.6861968175179226,0.0,1.1682109537500005,0.7603544808006897,0.6171255619643573,0.6775164615223643,15.4,26.866666666666667,1792.1003661821285,1.271511667377005,0.004152402421459556,3.2564409462890276
turbo_lunar_lander_12d,12,mes_gumbel,native,decay_uniform_grid_a1,298,274,30,0.31850464387164806,0.0,0.41526659279279016,0.07581696008364114,0.0,0.7711852048194684,0.0,1.1619297049219663,0.760107621651494,0.6168980022736779,0.677327891823592,15.4,26.9,1797.581213507584,1.3880812567193062,0.004374682872245709,3.2007834783755245
turbo_lunar_lander_12d,12,mes_gumbel,native,decay_uniform_grid_a1,299,275,30,0.32607966272868844,0.0,0.4242403133497413,0.0774553298082378,0.0,0.6625538095106365,0.0,1.1828856506047212,0.7600276424985618,0.6165426590447022,0.6770061677969018,15.433333333333334,26.933333333333334,1803.568312685533,1.3496282423846424,0.13001262135803698,3.2441785453508296
turbo_lunar_lander_12d,12,mes_gumbel,native,decay_uniform_grid_a1,3,0,30,2.683683525413747,2.7044645277229673,0.4563391405767613,0.08331574705547107,2.3869223533663404,2.9571486715857542,1.810462903821802,3.5922050422052374,0.9994823997095069,0.9919775531518832,0.9979881802333577,0.0,0.0,6.125693074272324,0.0,0.0013971806193391481,2.1777468170039356
turbo_lunar_lander_12d,12,mes_gumbel,native,decay_uniform_grid_a1,30,6,30,1.8042869930900662,1.8471524039189187,0.6329942652690079,0.11556841261974819,1.6795898261321156,2.234074372386125,0.0,2.654585189060872,0.7622966016272886,0.6042293281892483,0.6757956141302449,1.9333333333333333,2.3666666666666667,95.2688363368002,2.623188522644341,0.0014782110694795847,2.155973790679127
turbo_lunar_lander_12d,12,mes_gumbel,native,decay_uniform_grid_a1,300,276,30,0.2991278491957228,0.0,0.39395530607059115,0.07192606926123822,0.0,0.6300659511163259,0.0,1.214701853450701,0.7597768064340518,0.6163038988963107,0.6767734927171501,15.433333333333334,26.966666666666665,1808.9915383708199,1.339315162350734,0.004310801749428114,3.293501508887857
turbo_lunar_lander_12d,12,mes_gumbel,native,decay_uniform_grid_a1,301,277,30,0.3078091748685143,0.0,0.406700873878731,0.07425308092681485,0.0,0.6280620712565432,0.0,1.13273801497516,0.7596105862421717,0.6160266443873361,0.6765203231467857,15.466666666666667,27.0,1814.2807861871086,1.1777238953703393,0.0042025016465534765,3.214251621486619
turbo_lunar_lander_12d,12,mes_gumbel,native,decay_uniform_grid_a1,302,278,30,0.3036938044023479,0.0,0.4051611311522937,0.07397196365214011,0.0,0.6380775950541822,0.0,1.1018873291725528,0.7594647743844258,0.6158066044945834,0.676272706712594,15.466666666666667,27.033333333333335,1819.9937652412957,1.3958734254042306,0.004455901402980089,3.2946410245262086
turbo_lunar_lander_12d,12,mes_gumbel,native,decay_uniform_grid_a1,303,279,30,0.2997018555195072,0.0,0.40201413120481344,0.07339740269890595,0.0,0.6139790550752968,0.0,1.1025613101416858,0.7592576358109728,0.6154955556256474,0.6760356660759118,15.5,27.066666666666666,1825.5671546126405,1.2502408726916958,0.004367225213597218,3.4062971177045256
turbo_lunar_lander_12d,12,mes_gumbel,native,decay_uniform_grid_a1,304,280,30,0.3020838471830011,0.0,0.3977795823828311,0.07262428339535372,0.0,0.6047272367985201,0.0,1.1415066467732553,0.7602568652291232,0.615912205018212,0.6767125146533911,15.566666666666666,27.166666666666668,1831.687608341609,1.4031128308425347,0.13478721651869516,3.418130941068133
turbo_lunar_lander_12d,12,mes_gumbel,native,decay_uniform_grid_a1,305,281,30,0.3144163097109851,0.0,0.4239780140300183,0.07740744072349427,0.0,0.6333262501334828,0.0,1.3419393395854837,0.7601874596068218,0.6157628080999035,0.6765320244202587,15.566666666666666,27.233333333333334,1837.5034068231316,1.4155539731495081,0.004623508065318068,3.375590301910415
turbo_lunar_lander_12d,12,mes_gumbel,native,decay_uniform_grid_a1,306,282,30,0.3119088188678845,0.0,0.4249741546402247,0.07758931028437994,0.0,0.6101038230081858,0.0,1.2060143608646796,0.7601093345291638,0.6155698887344044,0.6762230173057737,15.566666666666666,27.233333333333334,1843.2429936627236,1.4105606713797898,0.0045685574722786745,3.3866660813335328
turbo_lunar_lander_12d,12,mes_gumbel,native,decay_uniform_grid_a1,307,283,30,0.30838201531837706,0.0,0.4281081767397529,0.07816150181759036,0.0,0.6252488724181026,0.0,1.2432953788424301,0.7600383134730204,0.6153228053268143,0.6758684771395794,15.6,27.266666666666666,1849.0678829129786,1.3442897087583938,0.004648787605886658,3.379775745049119
turbo_lunar_lander_12d,12,mes_gumbel,native,decay_uniform_grid_a1,308,284,30,0.31053602844586575,0.0,0.4220533096328284,0.07705603938520418,0.0,0.656702928018246,0.0,1.2090377771305765,0.7598534804301769,0.614988795383338,0.6755679481378484,15.633333333333333,27.333333333333332,1854.6921896422748,1.2600125892087817,0.004616609945272406,3.3280158943807083
turbo_lunar_lander_12d,12,mes_gumbel,native,decay_uniform_grid_a1,309,285,30,0.30182830977092645,0.0,0.40995967122701377,0.07484805319947901,0.0,0.7223052332510438,0.0,1.158065017871144,0.7592983715132694,0.6140182634593766,0.6746697784923085,15.666666666666666,27.4,1860.2049553616127,1.239078805828467,0.13058762913569807,3.24026562802804
turbo_lunar_lander_12d,12,mes_gumbel,native,decay_uniform_grid_a1,31,7,30,1.8033077926288308,1.8814799389340142,0.6750776308246357,0.12325174882326594,1.6923125905784016,2.276457753615724,0.0,2.7132978314561904,0.7596784339911308,0.6026381205072509,0.6740260856573503,2.2333333333333334,2.6666666666666665,100.43889275596787,2.234721474101146,0.001421056967228651,2.167905115910495
turbo_lunar_lander_12d,12,mes_gumbel,native,decay_uniform_grid_a1,310,286,30,0.31955027875352104,0.0,0.43630229443341817,0.07965753618414793,0.0,0.621485644351466,0.0,1.2411310699357676,0.7592532442246411,0.6138106817863985,0.6744673874255039,15.666666666666666,27.433333333333334,1865.8565768460744,1.3293967060434322,0.004727444984018803,3.266057775852581
turbo_lunar_lander_12d,12,mes_gumbel,native,decay_uniform_grid_a1,311,287,30,0.3012249815952463,0.0,0.41049971962266973,0.07494665209562743,0.0,0.6394731068912695,0.0,1.065856611165465,0.7592179464834086,0.6135983409262518,0.6742985315228378,15.666666666666666,27.433333333333334,1871.5594915024626,1.3655841857039681,0.0046084408493091665,3.3201604610153783
turbo_lunar_lander_12d,12,mes_gumbel,native,decay_uniform_grid_a1,312,288,30,0.3078940263848801,0.0,0.4126505975429378,0.07533934688075097,0.0,0.6516337120743937,0.0,1.0826245185444168,0.7589704467453764,0.6133071999445892,0.6739631951730364,15.7,27.466666666666665,1876.933093172172,1.1845644275347391,0.0045460312316815054,3.2756572040729224
turbo_lunar_lander_12d,12,mes_gumbel,native,decay_uniform_grid_a1,313,289,30,0.3215638424097739,0.0,0.4233308768036215,0.07728929017126132,0.0,0.7468150469620307,0.0,1.140019239560205,0.7588744450626006,0.613090624633823,0.6736698834686285,15.7,27.5,1882.3681065338044,1.3520134780711184,0.004516462205598751,3.091245061795538
turbo_lunar_lander_12d,12,mes_gumbel,native,decay_uniform_grid_a1,314,290,30,0.3019725697478494,0.0,0.39305090310637963,0.0717609486263805,0.0,0.6549392800076855,0.0,1.087645205881973,0.7578753925395205,0.6118929557705404,0.6724552515743617,15.7,27.5,1888.184875302917,1.2409433805383743,0.1383773760093997,3.2399579235663016
turbo_lunar_lander_12d,12,mes_gumbel,native,decay_uniform_grid_a1,315,291,30,0.3206724217781622,0.0,0.4237382911577875,0.0773636735152707,0.0,0.6688065062714207,0.0,1.1265466916980014,0.7578493474183667,0.6117598459165798,0.6722542854592196,15.7,27.5,1893.8014799389523,1.3991505547892302,0.004555279078582923,3.1578168869949876
turbo_lunar_lander_12d,12,mes_gumbel,native,decay_uniform_grid_a1,316,292,30,0.3428474232733368,0.0,0.44816031943974804,0.08182250544529034,0.0,0.7464148453765439,0.0,1.2291353366090685,0.7578082496227785,0.6115642316813813,0.6720746344644323,15.733333333333333,27.533333333333335,1899.2234441904352,1.2246741726994514,0.004604651328797142,3.2273210811273505
turbo_lunar_lander_12d,12,mes_gumbel,native,decay_uniform_grid_a1,317,293,30,0.31824353410150874,0.0,0.41908565334275677,0.07651422195420607,0.0,0.698476895091195,0.0,1.1137253308051873,0.7577707150545835,0.6113535978113881,0.6718927696513525,15.766666666666667,27.6,1904.742526179164,1.3229233023400109,0.00467507845411698,3.2524287549002717
turbo_lunar_lander_12d,12,mes_gumbel,native,decay_uniform_grid_a1,318,294,30,0.3015092937158777,0.0,0.4028998892339409,0.07355911924992074,0.0,0.631359403983109,0.0,1.1155336825800122,0.7576532371770346,0.6110582925039226,0.6713883942583077,15.8,27.666666666666668,1910.075785405437,1.1876233519365391,0.004611353203654289,3.1285582141174624
turbo_lunar_lander_12d,12,mes_gumbel,native,decay_uniform_grid_a1,319,295,30,0.3062722846274742,0.0,0.4055447651850836,0.07404200532333534,0.0,0.6933640465373023,0.0,1.0855853082911966,0.7568008134700392,0.6098169918097543,0.6701742060486666,15.833333333333334,27.733333333333334,1915.4962350334351,1.1149304687355956,0.13878406154302259,3.1816709886460255
turbo_lunar_lander_12d,12,mes_gumbel,native,decay_uniform_grid_a1,32,8,30,1.8142380395175406,1.842040495212574,0.6101480453174145,0.11139728261267742,1.7051290491381998,2.2234010642965956,0.0,2.5670413443655664,0.7578300507251349,0.6011452345509519,0.6725214120800874,2.6,3.1333333333333333,105.26420469597603,1.9722866074026872,0.0013919489768644173,2.0488275633503994
turbo_lunar_lander_12d,12,mes_gumbel,native,decay_uniform_grid_a1,320,296,30,0.3088884793593381,0.0,0.4147396190160574,0.07572074827539772,0.0,0.7231369914237911,0.0,1.143219380588209,0.7565342162149361,0.6095194566668641,0.6699496080834659,15.833333333333334,27.766666666666666,1920.6978146941556,1.2620075943414122,0.004849150280157725,3.1134561649058012
turbo_lunar_lander_12d,12,mes_gumbel,native,decay_uniform_grid_a1,321,297,30,0.31219438531436433,0.0,0.42254443419041676,0.07714570605144948,0.0,0.7712852535982775,0.0,1.118012441730324,0.7564908116946485,0.6092762550839232,0.6697552499796725,15.866666666666667,27.8,1926.0222504685478,1.12880558851175,0.004688211918498079,3.234616302885115
turbo_lunar_lander_12d,12,mes_gumbel,native,decay_uniform_grid_a1,322,298,30,0.3045251130164938,0.0,0.4172986612607415,0.07618796332973844,0.0,0.7494257118234964,0.0,1.1430425499272383,0.7560047046788504,0.6090290195235295,0.6696117704011121,15.866666666666667,27.833333333333332,1931.281911309529,1.262193982458363,0.004612919952099522,3.141923887779315
turbo_lunar_lander_12d,12,mes_gumbel,native,decay_uniform_grid_a1,323,299,30,0.2877643492977391,0.0,0.382238806139526,0.06978693882548752,0.0,0.7325104249247149,0.0,0.9547498334110534,0.7559604063763096,0.6088369088831495,0.6694596077348549,15.866666666666667,27.833333333333332,1936.6574262877305,1.2412142196049294,0.004673517386739452,3.1032750641771902
turbo_lunar_lander_12d,12,mes_gumbel,native,decay_uniform_grid_a1,324,300,30,0.3072250866816791,0.0,0.3924540838807772,0.07165198484217541,0.0,0.7579007040813162,0.0,0.9790190653028046,0.7472181963244213,0.5929691113509361,0.6567308665220584,15.9,27.866666666666667,1942.1649900598452,1.1628459416640302,0.14692531925005217,3.264130652944247
turbo_lunar_lander_12d,12,mes_gumbel,native,decay_uniform_grid_a1,325,301,30,0.3134488969493582,0.0,0.39880604447669055,0.07281168887643066,0.0,0.6761294955852029,0.0,0.990300537715215,0.7471825048336798,0.5928117659533337,0.656539215294339,15.933333333333334,27.933333333333334,1947.6952341478939,1.238524909488236,0.00496291508898139,3.255563209112734
turbo_lunar_lander_12d,12,mes_gumbel,native,decay_uniform_grid_a1,326,302,30,0.3042148962643377,0.0,0.387655300543634,0.07077585088139768,0.0,0.6759573216026715,0.0,0.9741118145081322,0.747085557748726,0.5926550892741551,0.6563681481931297,15.933333333333334,27.966666666666665,1953.1146404667602,1.2110220167320223,0.004862406213457386,3.180932180940484
turbo_lunar_lander_12d,12,mes_gumbel,native,decay_uniform_grid_a1,327,303,30,0.3099806082426199,0.0,0.4000350605549764,0.0730360754863019,0.0,0.6786950316144,0.0,1.0691712578781862,0.7470221730213614,0.5924303221375854,0.6562117563842613,15.933333333333334,27.966666666666665,1958.3236362510827,1.2780833117042978,0.004546850019445022,3.038620739864806
turbo_lunar_lander_12d,12,mes_gumbel,native,decay_uniform_grid_a1,328,304,30,0.32269262332453696,0.0,0.41539302669974576,0.0758400436512655,0.0,0.7680807115067365,0.0,1.0598114584457576,0.7461879463444511,0.5922489509008055,0.6560949187248505,15.933333333333334,27.966666666666665,1963.6950353217155,1.2355979958393921,0.004661619911591212,3.0765441871869066
turbo_lunar_lander_12d,12,mes_gumbel,native,decay_uniform_grid_a1,329,305,30,0.3115019197951172,0.0,0.40773292904784303,0.07444150755905234,0.0,0.6106423213500428,0.0,1.127053922646686,0.7440265514264209,0.5899087372738048,0.6538734639827695,15.933333333333334,27.966666666666665,1968.780341979023,1.1228051571485897,0.14531140833472211,3.132642290663595
turbo_lunar_lander_12d,12,mes_gumbel,native,decay_uniform_grid_a1,33,9,30,1.8047112101489415,1.902268696770849,0.615348300332478,0.1123467149381873,1.7063886576702696,2.1181704706022186,0.0,2.6704049429946983,0.7552881179743348,0.5998914570945719,0.6710051376484435,2.8,3.566666666666667,111.09685516490912,2.8438859057457497,0.0014624721370637417,2.1253721389298637
turbo_lunar_lander_12d,12,mes_gumbel,native,decay_uniform_grid_a1,330,306,30,0.3151216646964505,0.0,0.3958085749362682,0.07226442831552267,0.0,0.780314288067508,0.0,1.0098436900433283,0.7436446229884713,0.5896509042496452,0.6536114944315129,15.966666666666667,28.0,1974.0653659109958,1.1654443953186273,0.004748383614545067,3.213680368118609
turbo_lunar_lander_12d,12,mes_gumbel,native,decay_uniform_grid_a1,331,307,30,0.30514668532152694,0.0,0.4078025318803641,0.07445421523953169,0.0,0.7088317473367083,0.0,1.1477974724686395,0.7435753984025698,0.5893933973513747,0.6533200098205083,15.966666666666667,28.033333333333335,1979.288694352346,1.1861963337597747,0.00477850780201455,3.1445260093857845
turbo_lunar_lander_12d,12,mes_gumbel,native,decay_uniform_grid_a1,332,308,30,0.29321709451944106,0.0,0.38511979142864067,0.07031293236905041,0.0,0.6830881996413938,0.0,0.9729693169903038,0.7434833892502293,0.5891042702937515,0.6528763459506448,16.0,28.066666666666666,1984.3848103308894,0.9842158025751512,0.004977442013720672,3.2450720641762016
turbo_lunar_lander_12d,12,mes_gumbel,native,decay_uniform_grid_a1,333,309,30,0.29099763360333714,0.0,0.3962624185953159,0.07234728845206971,0.0,0.6275953300766262,0.0,1.1077577278649438,0.7434244190207467,0.5889025955053258,0.652681304065289,16.033333333333335,28.133333333333333,1989.7143183503144,1.1548634417510282,0.005030775737638275,3.2834595722922435
turbo_lunar_lander_12d,12,mes_gumbel,native,decay_uniform_grid_a1,334,310,30,0.32076848524221246,0.0,0.43210700702617655,0.07889158500142673,0.0,0.6908557220813027,0.0,1.1595349587824875,0.7433028286722398,0.5885765279661332,0.652405172668665,16.1,28.233333333333334,1995.1971757456195,1.1643360183419038,0.17634125286713243,3.2727184351999314
turbo_lunar_lander_12d,12,mes_gumbel,native,decay_uniform_grid_a1,335,311,30,0.2921003443263269,0.0,0.3946689853112574,0.07205636866755025,0.0,0.6936886729495353,0.0,1.0830441231719001,0.7432120760635716,0.5884146678851653,0.6522400134896749,16.1,28.3,2000.832644528399,1.236745916182796,0.005080038759236534,3.2316184476638834
turbo_lunar_lander_12d,12,mes_gumbel,native,decay_uniform_grid_a1,336,312,30,0.32926905112682253,0.0,0.447767695732603,0.08175082249161879,0.0,0.7611336859702402,0.0,1.193542531685715,0.7431178969435351,0.5882036205730652,0.652021897603888,16.166666666666668,28.366666666666667,2006.1800427100932,1.1615278580381225,0.00509395832195878,3.2034645358721416
turbo_lunar_lander_12d,12,mes_gumbel,native,decay_uniform_grid_a1,337,313,30,0.3248098652817311,0.0,0.4462148384084675,0.08146731082994675,0.0,0.6686260931490112,0.0,1.2232725245759073,0.7430497450550761,0.5880411932556666,0.6518081205119631,16.166666666666668,28.433333333333334,2011.4839074743445,1.1733799807261676,0.0047918297505627075,3.2376263279157382
turbo_lunar_lander_12d,12,mes_gumbel,native,decay_uniform_grid_a1,338,314,30,0.31713883654105113,0.0,0.43425624664594775,0.07928398067517091,0.0,0.660235678181909,0.0,1.1887734552923703,0.7427553198512932,0.5878465984052804,0.651557213169527,16.2,28.466666666666665,2016.607223052811,1.1144617444990823,0.004848136721799771,3.1824924310824523
turbo_lunar_lander_12d,12,mes_gumbel,native,decay_uniform_grid_a1,339,315,30,0.3086013700057965,0.0,0.4073822865905833,0.07437748929789893,0.0,0.7777096241918977,0.0,1.079793901919582,0.7484332583408615,0.5997691495188652,0.6605028674901086,16.233333333333334,28.533333333333335,2021.9062569228156,1.0412928063112001,0.1611846860808631,3.278821766997377
turbo_lunar_lander_12d,12,mes_gumbel,native,decay_uniform_grid_a1,34,10,30,1.7879969147091879,1.903059439485265,0.6182443386037912,0.11287545676771948,1.4198357923272624,2.2518452465976577,0.0,2.596274393512118,0.7612466370442157,0.6040191217549857,0.6763341264233506,2.933333333333333,3.8333333333333335,117.0841294784875,2.911488144596418,0.010994696663692594,2.160059641037757
turbo_lunar_lander_12d,12,mes_gumbel,native,decay_uniform_grid_a1,340,316,30,0.32446531514256255,0.0,0.42494428276011337,0.07758385645018925,0.0,0.8323130261142044,0.0,1.0533416714085617,0.7483784070556836,0.5995283355170847,0.6602767434681202,16.266666666666666,28.6,2027.1799184155495,1.1582876457367093,0.005201417083541552,3.1842673467161755
turbo_lunar_lander_12d,12,mes_gumbel,native,decay_uniform_grid_a1,341,317,30,0.30641045059285366,0.0,0.40874165027326914,0.07462567401551905,0.0,0.7705219807857937,0.0,1.0449356928829259,0.7482530278317668,0.5993251091332419,0.6601063034534557,16.3,28.666666666666668,2032.1495315058157,1.0085491644529005,0.004972815016905467,3.150973159726709
turbo_lunar_lander_12d,12,mes_gumbel,native,decay_uniform_grid_a1,342,318,30,0.29852504227965676,0.0,0.4060876256108019,0.07414111762358294,0.0,0.6366492505987555,0.0,1.104871510725461,0.7482003830078015,0.5991773844337682,0.6600009404749165,16.3,28.7,2037.2641475108142,1.1204857698796937,0.004896652263899644,3.138823524427911
turbo_lunar_lander_12d,12,mes_gumbel,native,decay_uniform_grid_a1,343,319,30,0.30495606931482067,0.0,0.4155727798434263,0.07587286193512426,0.0,0.6931460200436248,0.0,1.158861464092862,0.747691062385048,0.5988735311718261,0.6596446320291647,16.3,28.7,2042.2710107798223,1.0499511251226068,0.004922472701097528,3.164400080063691
turbo_lunar_lander_12d,12,mes_gumbel,native,decay_uniform_grid_a1,344,320,30,0.2778012169224174,0.0,0.3806946702177135,0.06950501946674395,0.0,0.6188770653249733,0.0,1.0757204765115682,0.7462445968551854,0.5969892560868374,0.6578409751768264,16.3,28.7,2047.501919950374,1.0430914958007633,0.15625056978315116,3.2474279613544543
turbo_lunar_lander_12d,12,mes_gumbel,native,decay_uniform_grid_a1,345,321,30,0.3043402884312888,0.0,0.4151942831536449,0.07580375821014616,0.0,0.6279441188716623,0.0,1.0888930167437851,0.7461709941773434,0.5967115857014679,0.6576380401598161,16.3,28.7,2052.3668616966656,1.0817586712228755,0.005000781329969565,3.080268008324007
turbo_lunar_lander_12d,12,mes_gumbel,native,decay_uniform_grid_a1,346,322,30,0.31833568278319774,0.0,0.444386085014995,0.08113342766804041,0.0,0.6627689756193738,0.0,1.2560249386345066,0.7460225128236122,0.5964163337127819,0.6573157971186258,16.366666666666667,28.766666666666666,2057.3769874454943,1.042671191226691,0.005152782921989759,3.203421106763805
turbo_lunar_lander_12d,12,mes_gumbel,native,decay_uniform_grid_a1,347,323,30,0.2821557001597012,0.0,0.39459414418297173,0.07204270460948652,0.0,0.5782245877156136,0.0,1.1017220888654329,0.7452751684327619,0.5961154289328741,0.6570097662037173,16.433333333333334,28.9,2061.9734671426936,0.8562149250414223,0.005288959899917245,3.0379156259509426
turbo_lunar_lander_12d,12,mes_gumbel,native,decay_uniform_grid_a1,348,324,30,0.2798285230924248,0.0,0.3864488254537012,0.07055557967412292,0.0,0.6275768491570748,0.0,1.0672855676245554,0.7450898279308894,0.5958691870131284,0.6567818303587376,16.433333333333334,28.966666666666665,2066.9139578980084,1.0934779751269768,0.0052409089170396325,3.1365460283433397
turbo_lunar_lander_12d,12,mes_gumbel,native,decay_uniform_grid_a1,349,325,30,0.2880409803803804,0.0,0.3985111056965779,0.0727578406687804,0.0,0.5665371608501671,0.0,1.039386604761265,0.7369570906230021,0.5806244493970938,0.6441845556173525,16.5,29.033333333333335,2071.9889603784463,1.071941946571072,0.16372203775681554,3.0902583085466175
turbo_lunar_lander_12d,12,mes_gumbel,native,decay_uniform_grid_a1,35,11,30,1.7350838379121565,1.8485878346178364,0.6777974391254779,0.12374831560941962,1.4749835615665354,2.2334344052043438,0.0,2.6820653729298685,0.7603785938404085,0.6024297650339612,0.6748130741211379,3.3333333333333335,4.3,121.87209130895013,1.914636979267622,0.0014521684652815262,2.1035869779220473
turbo_lunar_lander_12d,12,mes_gumbel,native,decay_uniform_grid_a1,350,326,30,0.3056207800828858,0.0029869935299644546,0.4030883469652781,0.07359352676678396,0.0,0.6722185573094314,0.0,1.1161193210813405,0.7368878778945259,0.5803842568390346,0.6439333928322064,16.533333333333335,29.066666666666666,2077.159416803562,1.1773173595312982,0.005233578601231178,3.1706763333951433
turbo_lunar_lander_12d,12,mes_gumbel,native,decay_uniform_grid_a1,351,327,30,0.30319141406816275,0.0,0.4129763968924828,0.07539882943173973,0.0,0.6896889399880863,0.0,1.2278711150855957,0.7362780380434886,0.5801728776809936,0.6437535491394492,16.533333333333335,29.1,2082.445470906872,1.1606276884364586,0.0052337683737277985,3.1849989040599516
turbo_lunar_lander_12d,12,mes_gumbel,native,decay_uniform_grid_a1,352,328,30,0.28272602531598934,0.0,0.3893025109413626,0.07107658897866201,0.0,0.6280030138332352,0.0,1.064625307524604,0.7361742407220571,0.5799464029475302,0.643597953338306,16.6,29.166666666666668,2087.5841185621143,1.0453217368262508,0.00534592157540222,3.142314378746475
turbo_lunar_lander_12d,12,mes_gumbel,native,decay_uniform_grid_a1,353,329,30,0.2766328385326838,0.0,0.3935713469299269,0.07185596823373752,0.0,0.5971296663847742,0.0,1.0975294990582865,0.7357140686823244,0.5796857942656615,0.6432721738074044,16.666666666666668,29.3,2092.446831665638,0.9828252782889952,0.005129315114269654,3.0707278480598084
turbo_lunar_lander_12d,12,mes_gumbel,native,decay_uniform_grid_a1,354,330,30,0.27126060707679567,0.00278613031453645,0.37622281755476233,0.06868857460763131,0.0,0.6262693154325913,0.0,0.9871569190142815,0.7344590019965711,0.5781974189939778,0.641781196067064,16.666666666666668,29.366666666666667,2097.5139341805284,1.0536161187570543,0.17302874941378832,3.086146908874313
turbo_lunar_lander_12d,12,mes_gumbel,native,decay_uniform_grid_a1,355,331,30,0.2706104524863474,0.0,0.3861710051409216,0.07050485685670875,0.0,0.6209077203675645,0.0,1.0209975742839439,0.7338452445365374,0.5779022905980644,0.6413562332026472,16.7,29.4,2102.579996734997,1.0992971336158612,0.005238951851303379,3.154449989491453
turbo_lunar_lander_12d,12,mes_gumbel,native,decay_uniform_grid_a1,356,332,30,0.28173045875678837,0.0,0.401593566582919,0.07332061845547254,0.0,0.6353137702245983,0.0,1.0815880122359682,0.7333204015705999,0.5777272563043069,0.6412259331023515,16.7,29.433333333333334,2107.787400518032,1.0988559618902702,0.005282071760545174,3.1330917017068716
turbo_lunar_lander_12d,12,mes_gumbel,native,decay_uniform_grid_a1,357,333,30,0.28872581695110244,0.0,0.41589005618800357,0.07593078840542018,0.0,0.6876892193253932,0.0,1.1032028819617494,0.7332626103352704,0.5775241921717339,0.640946675023313,16.7,29.433333333333334,2112.9473937862863,1.1550232354085892,0.005283648163701097,3.129125644468392
turbo_lunar_lander_12d,12,mes_gumbel,native,decay_uniform_grid_a1,358,334,30,0.2831071608725991,0.0,0.4042314594367928,0.07380222959558866,0.0,0.6554461311381935,0.0,1.1422468668403003,0.7332409598010682,0.5772755414836543,0.6406549149977285,16.733333333333334,29.466666666666665,2117.985784836424,1.0852156984154135,0.005309177469462157,3.2214058940143633
turbo_lunar_lander_12d,12,mes_gumbel,native,decay_uniform_grid_a1,359,335,30,0.2682566997738013,0.0,0.3754370701055975,0.06854511740682807,0.0,0.564044791282428,0.0,1.1083490255411768,0.7346275608093824,0.578242901324003,0.6417408827160481,16.733333333333334,29.5,2123.393684843027,1.089888053977241,0.18281975962842503,3.1777928876224903
turbo_lunar_lander_12d,12,mes_gumbel,native,decay_uniform_grid_a1,36,12,30,1.7279003261892487,1.8225568624724222,0.6894395072228269,0.1258738567137294,1.4815625286012863,2.3249805473056178,0.0,2.746257510620281,0.7591848005773183,0.6013970073804156,0.6735840253281415,3.5,4.8,127.86821398617079,2.958979661281531,0.0014953659226497015,2.151680732673655
turbo_lunar_lander_12d,12,mes_gumbel,native,decay_uniform_grid_a1,360,336,30,0.2662835883823762,0.0,0.35928440878063284,0.06559605841635326,0.0,0.5588419455963203,0.0,1.0541402503861614,0.7344881607248828,0.5780172629259207,0.6415556510858377,16.733333333333334,29.5,2128.674893416604,1.107473596635585,0.005603679362684489,3.212118954739223
turbo_lunar_lander_12d,12,mes_gumbel,native,decay_uniform_grid_a1,361,337,30,0.28159364233163564,0.0,0.4073749778025274,0.07437615490187019,0.0,0.5917888474978241,0.0,1.3085746944961265,0.7344417713247198,0.5777832073816044,0.6413103029970849,16.833333333333332,29.6,2133.453296044345,1.037113285685579,0.005321531634156902,3.0408934828049192
turbo_lunar_lander_12d,12,mes_gumbel,native,decay_uniform_grid_a1,362,338,30,0.298848767004167,0.0,0.41419665569652453,0.07562161718939571,0.0,0.6592727120502414,0.0,1.2152474689740265,0.7337255216685084,0.5775593266002507,0.6411133149595598,16.833333333333332,29.7,2138.5089893312347,1.104389522736892,0.005254734680056572,3.0594654120815297
turbo_lunar_lander_12d,12,mes_gumbel,native,decay_uniform_grid_a1,363,339,30,0.2924186555013541,0.0,0.4064623144191627,0.07420952612771091,0.0,0.6610298558509646,0.0,1.3378917174871339,0.7336932156092355,0.5773432522210659,0.6408860501383752,16.866666666666667,29.733333333333334,2143.412570165191,1.0467052818431208,0.005291617149487138,3.04111964913706
turbo_lunar_lander_12d,12,mes_gumbel,native,decay_uniform_grid_a1,364,340,30,0.2759985462536972,0.0,0.3575409553073102,0.06527774881792009,0.0,0.605335714241592,0.0,0.9704694733041606,0.7335188372189659,0.5767408987453115,0.6403939717236147,16.866666666666667,29.766666666666666,2148.8695764837476,1.2277579947995643,0.18230980917190512,3.13898873484383
turbo_lunar_lander_12d,12,mes_gumbel,native,decay_uniform_grid_a1,365,341,30,0.32694982041214177,0.0,0.4602243836896366,0.08402509215357554,0.0,0.4897212405888788,0.0,1.7157412808598305,0.7334435486947201,0.5765657546455992,0.6402508497587738,16.9,29.8,2154.291409135998,1.1256748259998859,0.005426055596520503,3.113015662894274
turbo_lunar_lander_12d,12,mes_gumbel,native,decay_uniform_grid_a1,366,342,30,0.3163120379428665,0.0,0.4355819985719084,0.07952602875367243,0.0,0.6071161050893912,0.0,1.7277060725713733,0.7334066323093108,0.5763435491497738,0.6400080186503743,16.9,29.833333333333332,2159.559582671492,1.2251548068753133,0.005548810570811232,3.034983708538736
turbo_lunar_lander_12d,12,mes_gumbel,native,decay_uniform_grid_a1,367,343,30,0.3076678349978638,0.0,0.4348209080554028,0.07938707327227464,0.0,0.6221754148130305,0.0,1.6402196181103519,0.7332482784593264,0.5761116976507051,0.6397661442551074,16.9,29.833333333333332,2164.7461615363914,1.0351149097085,0.005391424102708697,3.129890992383783
turbo_lunar_lander_12d,12,mes_gumbel,native,decay_uniform_grid_a1,368,344,30,0.31542512401111106,0.0,0.4374482082750657,0.07986675047082385,0.0,0.6943505382472296,0.0,1.6417035393303143,0.7329890979886421,0.5758982831669989,0.639558524968956,16.933333333333334,29.866666666666667,2169.845366850961,1.0101346098041784,0.005578497207413117,3.165939728760471
turbo_lunar_lander_12d,12,mes_gumbel,native,decay_uniform_grid_a1,369,345,30,0.33986907621143375,0.010442537657127215,0.4653095824388424,0.08495351817502123,0.0,0.6983076603186333,0.0,1.7880933002620576,0.7342755368554242,0.5764164685335288,0.6404823317251173,16.933333333333334,29.9,2175.144083798211,1.1204000653078159,0.19085112727868062,3.1098320856379966
turbo_lunar_lander_12d,12,mes_gumbel,native,decay_uniform_grid_a1,37,13,30,1.6902482889621093,1.8079102188468723,0.6586452583304607,0.12025162179380358,1.551218962678612,2.1539252990260427,0.0,2.6360915810754584,0.7580084997831918,0.6002288939046855,0.6722690485384322,3.6,5.066666666666666,133.86823856260938,2.994522222131491,0.0014453493834783633,2.219525195239112
turbo_lunar_lander_12d,12,mes_gumbel,native,decay_uniform_grid_a1,370,346,30,0.27375952316882485,0.0,0.38350948057059425,0.07001893117520123,0.0,0.6041043234765182,0.0,1.235805202109583,0.7342458140947248,0.576218798172624,0.6403014413177571,16.966666666666665,29.933333333333334,2180.510646514455,1.183345161176597,0.005390121368691325,3.092876355070621
turbo_lunar_lander_12d,12,mes_gumbel,native,decay_uniform_grid_a1,371,347,30,0.22715872792376934,0.00043219244708780913,0.31788641388126787,0.058037853202397925,0.0,0.48709415786304755,0.0,0.8967718868096262,0.7342179993912008,0.5760692694689314,0.6401585406130437,16.966666666666665,29.966666666666665,2185.6259626240935,1.0098754752272119,0.0055591214913874865,3.043578700302169
turbo_lunar_lander_12d,12,mes_gumbel,native,decay_uniform_grid_a1,372,348,30,0.26365601008742984,0.0,0.3529186325408521,0.06443383200216715,0.0,0.5443953948101525,0.0,1.0874162821189064,0.7341796551739318,0.5758873142241966,0.6400018211639579,16.966666666666665,29.966666666666665,2190.851428969841,1.0566322831436992,0.005556447136526307,3.0592540996149182
turbo_lunar_lander_12d,12,mes_gumbel,native,decay_uniform_grid_a1,373,349,30,0.28805251332111337,0.0,0.3663229336565531,0.06688111136505419,0.0,0.6265307499842505,0.0,1.0539049943114487,0.7341519621295677,0.5757378193705063,0.6399218672654441,16.966666666666665,29.966666666666665,2195.9366689105054,1.0691574344101051,0.005553224092970292,3.098548665968701
turbo_lunar_lander_12d,12,mes_gumbel,native,decay_uniform_grid_a1,374,350,30,0.27164725637647563,0.0,0.3518281927899226,0.06423474585243902,0.0,0.5958787893962962,0.0,0.9188226730914077,0.7358450653862971,0.5770435878195243,0.6413342930970815,16.966666666666665,29.966666666666665,2201.2066211068845,0.9847188796227176,0.20076284031383693,3.1537028868527464
turbo_lunar_lander_12d,12,mes_gumbel,native,decay_uniform_grid_a1,375,351,30,0.25635050232379464,0.0012701519651933113,0.35284977038079374,0.06442125954935965,0.0,0.5858721588844629,0.0,1.0063650687400085,0.7358071403690611,0.5768762431186492,0.6411441866336337,16.966666666666665,29.966666666666665,2206.143100566867,1.0038928186520935,0.005649741801122824,3.108111365760366
turbo_lunar_lander_12d,12,mes_gumbel,native,decay_uniform_grid_a1,376,352,30,0.27492426206262716,0.011579775225463718,0.3453461101633475,0.0630512848943765,0.0,0.5857473334574301,0.0,0.995152456733553,0.7357096265950206,0.576698057353066,0.6408096638161829,17.0,30.0,2211.127643765975,1.0066844052479913,0.005519422624881069,3.049272433652853
turbo_lunar_lander_12d,12,mes_gumbel,native,decay_uniform_grid_a1,377,353,30,0.2718350478915877,0.010131215885779032,0.37134499922525616,0.06779801089747041,0.0,0.5640589800135563,0.0,1.142214092920006,0.735466756978252,0.576416136501537,0.6405851090948129,17.033333333333335,30.066666666666666,2215.8813183124953,0.9679939674368749,0.005630286208664377,2.996008567651734
turbo_lunar_lander_12d,12,mes_gumbel,native,decay_uniform_grid_a1,378,354,30,0.2546564075829305,0.0,0.34934168989016184,0.0637807746099387,0.0,0.49125379828767946,0.0,1.0775515729971965,0.7351703554420327,0.5761730668010417,0.6404291797902096,17.066666666666666,30.133333333333333,2220.638279492641,0.924062472054114,0.00561197226246198,3.072106593521312
turbo_lunar_lander_12d,12,mes_gumbel,native,decay_uniform_grid_a1,379,355,30,0.24449162695296084,0.0,0.3457079752252107,0.06311735211342834,0.0,0.536389888800187,0.0,0.9856218797440373,0.737879050636238,0.5786037143279888,0.6430458768559281,17.066666666666666,30.166666666666668,2225.9104308833525,1.019718505286922,0.20027852775529026,3.1725627167460817
turbo_lunar_lander_12d,12,mes_gumbel,native,decay_uniform_grid_a1,38,14,30,1.696436694250792,1.8381277535622833,0.6714517491609896,0.1225897564305915,1.5174791875737457,2.1399859718442005,0.0,2.6693170874913488,0.7567239194696115,0.598689202829318,0.6706148374202999,4.0,5.566666666666666,139.2299830931549,2.225071625628819,0.001559081580489874,2.3343426834326237
turbo_lunar_lander_12d,12,mes_gumbel,native,decay_uniform_grid_a1,380,356,30,0.25154645574780393,0.0,0.346216222978023,0.06321014503310055,0.0,0.5892451850127141,0.0,0.9395175565458767,0.7377583764024656,0.5784471792326757,0.6429048629424418,17.066666666666666,30.166666666666668,2230.7787217694026,0.965241806426396,0.005692414240911603,3.1036028154815236
turbo_lunar_lander_12d,12,mes_gumbel,native,decay_uniform_grid_a1,381,357,30,0.23788973267936803,0.0,0.32361220202559154,0.05908323431111183,0.0,0.5410426112282193,0.0,0.938884553460092,0.7376715089546406,0.5782155982493925,0.6425704407472758,17.066666666666666,30.166666666666668,2235.864372954378,0.9806858658480148,0.006068369544421633,3.1704832170779507
turbo_lunar_lander_12d,12,mes_gumbel,native,decay_uniform_grid_a1,382,358,30,0.2460260861620992,0.0,0.348813388658227,0.06368432044264252,0.0,0.5375321446974027,0.0,1.1353185259936835,0.7376380033514264,0.5780277422623339,0.6424257795197259,17.066666666666666,30.166666666666668,2240.712703005985,0.9040612963493914,0.005744078864033024,3.154319694141547
turbo_lunar_lander_12d,12,mes_gumbel,native,decay_uniform_grid_a1,383,359,30,0.23957554953521062,0.0,0.3156917323780681,0.057637161013783966,0.0,0.5232128519420605,0.0,0.8936842692595472,0.7374981802485138,0.5777809699361972,0.6421476493807143,17.133333333333333,30.233333333333334,2245.4641302602986,0.7824670996051282,0.00578753617592156,3.1447592341341077
turbo_lunar_lander_12d,12,mes_gumbel,native,decay_uniform_grid_a1,384,360,30,0.24834775655536062,0.0,0.3402048195127153,0.062112617939695955,0.0,0.5382954160754652,0.0,0.9474569321806734,0.7363668121785397,0.5764344045550492,0.640824257297661,17.133333333333333,30.3,2250.451925465589,0.9735140151654681,0.21687524958203236,3.0058425272349267
turbo_lunar_lander_12d,12,mes_gumbel,native,decay_uniform_grid_a1,385,361,30,0.24330927415505696,0.0,0.3286495675609813,0.060002927222489184,0.0,0.4935026688318098,0.0,1.075308044088835,0.7362582278628005,0.5762216423984889,0.6405295675128301,17.133333333333333,30.3,2255.508337773119,0.9388889849185944,0.005733581678941846,3.120625204546377
turbo_lunar_lander_12d,12,mes_gumbel,native,decay_uniform_grid_a1,386,362,30,0.24398485736861553,0.0,0.3319592016716143,0.06060718097564993,0.0,0.5683306233437646,0.0,1.073098227652384,0.7359032574838272,0.5759201532845702,0.6402255246273535,17.133333333333333,30.3,2260.4849348318144,0.9335567079329242,0.00605938034132123,3.14781375421832
turbo_lunar_lander_12d,12,mes_gumbel,native,decay_uniform_grid_a1,387,363,30,0.24859850832211552,0.0,0.34419002674004473,0.0628402139046096,0.0,0.4814810115570123,0.0,1.02637908797827,0.7356541731127245,0.575681032306759,0.6400238446338885,17.133333333333333,30.3,2265.599523222369,0.8923831365226458,0.0060037562623620035,3.236628269931922
turbo_lunar_lander_12d,12,mes_gumbel,native,decay_uniform_grid_a1,388,364,30,0.23538449196388056,0.0,0.32947458079912195,0.06015355334274586,0.0,0.4294393145362305,0.0,0.9383380380178108,0.7355495953084333,0.5753957274998729,0.6396726592022917,17.166666666666668,30.333333333333332,2270.546510727238,0.8218008168973029,0.0061037860034654536,3.1799973799070966
turbo_lunar_lander_12d,12,mes_gumbel,native,decay_uniform_grid_a1,389,365,30,0.21443435133371763,0.0,0.3044095383063842,0.05557732361671319,0.0,0.46688335648352797,0.0,0.8599893120657844,0.7395213498363653,0.5802980325027209,0.6445906091195381,17.2,30.4,2275.779816223479,0.8712328692122052,0.24291321172689398,3.289555596684416
turbo_lunar_lander_12d,12,mes_gumbel,native,decay_uniform_grid_a1,39,15,30,1.7155128955912597,1.8348618608679685,0.6630475582822244,0.12105536812329855,1.4906643225259393,2.0888118606334842,0.0,2.787172512433964,0.7696925872583082,0.6235249567350382,0.6903439943660328,4.166666666666667,5.866666666666666,145.3371729426241,2.9488539453595877,0.01239990529914697,2.260991800033177
turbo_lunar_lander_12d,12,mes_gumbel,native,decay_uniform_grid_a1,390,366,30,0.21565466150879828,0.0,0.30580118252429705,0.0558314019267707,0.0,0.5324190851292265,0.0,0.9107621416279914,0.7391969973823904,0.5800505633609944,0.6442839113114115,17.233333333333334,30.466666666666665,2280.7025231798643,0.9264015820032606,0.006247771034638087,3.340796587072934
turbo_lunar_lander_12d,12,mes_gumbel,native,decay_uniform_grid_a1,391,367,30,0.20686282766934008,0.0,0.3175362738673493,0.057973926674428466,0.0,0.4494364751139498,0.0,0.9107621416279914,0.7391321384186835,0.5798238342946758,0.6440452189190513,17.233333333333334,30.5,2286.039034837422,1.123109713320931,0.006377727445214987,3.3532826280687003
turbo_lunar_lander_12d,12,mes_gumbel,native,decay_uniform_grid_a1,392,368,30,0.2143023846754438,0.0,0.315414130540399,0.05758647808428522,0.0,0.3699235441446352,0.0,0.9107621416279914,0.7389678235296426,0.5796196649785901,0.6437705889282775,17.233333333333334,30.5,2291.2125718511484,1.0703542038487892,0.006169054579610626,3.2499183886374037
turbo_lunar_lander_12d,12,mes_gumbel,native,decay_uniform_grid_a1,393,369,30,0.19943697937190658,0.0,0.2966416791275463,0.0541591130514555,0.0,0.3258623334015002,0.0,0.8547910707893434,0.7386544084272963,0.5794227966436369,0.6435887952034253,17.233333333333334,30.5,2296.240332414148,0.9617474212000767,0.006355045347784956,3.193676567807173
turbo_lunar_lander_12d,12,mes_gumbel,native,decay_uniform_grid_a1,394,370,30,0.21616156031832653,0.0,0.3336169479820898,0.060909842658606064,0.0,0.3960404429168958,0.0,1.0061478408215816,0.7385150056848169,0.5787169657612108,0.6429733813142083,17.266666666666666,30.533333333333335,2301.0670198757357,0.8371697071163605,0.20576347494497896,3.1024850053712725
turbo_lunar_lander_12d,12,mes_gumbel,native,decay_uniform_grid_a1,395,371,30,0.2142551882979691,0.0,0.3147549023342891,0.0574661200312752,0.0,0.45449338440653897,0.0,0.9218881376687944,0.7380702218644478,0.578539616484786,0.6427730038344833,17.3,30.6,2306.2005014261385,1.0303132570814342,0.0062448487306634584,3.0999638225107145
turbo_lunar_lander_12d,12,mes_gumbel,native,decay_uniform_grid_a1,396,372,30,0.216858762754404,0.0,0.3160812795811216,0.057708282277225784,0.0,0.4758631203614259,0.0,0.8497710683791098,0.7377824208968838,0.5782107445828987,0.6424204297141426,17.333333333333332,30.666666666666668,2310.8294827257905,0.8969049653969705,0.00609309789724648,3.07398212760066
turbo_lunar_lander_12d,12,mes_gumbel,native,decay_uniform_grid_a1,397,373,30,0.22148195606556711,0.0,0.3398092692714684,0.06204040067644344,0.0,0.47954273163434985,0.0,1.1195333549667588,0.7375808696487611,0.5780046024501628,0.642239705795406,17.333333333333332,30.7,2315.699647086533,0.9387098453318079,0.006055826259156068,3.1383840054118384
turbo_lunar_lander_12d,12,mes_gumbel,native,decay_uniform_grid_a1,398,374,30,0.1947072805104474,0.0,0.2980986511586303,0.05442511853381512,0.0,0.5257165724027868,0.0,0.8313796705194181,0.7361702609763264,0.5777631855121428,0.6419535535318245,17.366666666666667,30.733333333333334,2320.6051694928824,0.8393792911277463,0.006287352213015159,3.2296100090723483
turbo_lunar_lander_12d,12,mes_gumbel,native,decay_uniform_grid_a1,399,375,30,0.23762725406553734,0.0,0.34238824223005054,0.0625112545646472,0.0,0.5740235453402991,0.0,0.966134331470127,0.7364249283708854,0.5776371827215896,0.6419325006220068,17.366666666666667,30.766666666666666,2325.76836020813,0.9842021172555785,0.24218912231735884,3.117204568069428
turbo_lunar_lander_12d,12,mes_gumbel,native,decay_uniform_grid_a1,4,0,30,2.595645094133169,2.564495860183216,0.4117674774771014,0.07517811195373629,2.343690395189023,2.806821168018637,1.789051247974039,3.44375256820605,0.9990418345947157,0.9894573972412446,0.9968310059885063,0.0,0.0,8.680549054592849,0.0,0.0013733910862356424,2.198601579852402
turbo_lunar_lander_12d,12,mes_gumbel,native,decay_uniform_grid_a1,40,16,30,1.7124319723746675,1.8271512367853862,0.6762337664804305,0.12346282934933757,1.5131374491008696,2.127659315380233,0.0,2.8342264323973394,0.7690704157746756,0.6226952556765614,0.6895160200001025,4.266666666666667,6.066666666666666,151.3404597992388,3.007255808558936,0.0015377590587983528,2.101761019680028
turbo_lunar_lander_12d,12,mes_gumbel,native,decay_uniform_grid_a1,400,376,30,0.24579563466787632,0.0,0.34917577777549996,0.06375048334068413,0.0,0.5811451403541968,0.0,0.9921185873945759,0.7359884840809399,0.5773537192167033,0.641450613668799,17.4,30.8,2330.745937430703,0.9639012907631695,0.006538935160885255,3.206546204444021
turbo_lunar_lander_12d,12,mes_gumbel,native,decay_uniform_grid_a1,41,17,30,1.6763885863265857,1.8426054485269845,0.6932209397070167,0.12656424867082058,1.4881982241633909,2.1168037526024404,0.0,2.8474390597612325,0.7685285708869103,0.6217168959712033,0.6884505119209039,4.533333333333333,6.366666666666666,156.6874774157225,2.464961957046762,0.0015235655630628268,2.1555054570858676
turbo_lunar_lander_12d,12,mes_gumbel,native,decay_uniform_grid_a1,42,18,30,1.7116051918429933,1.8566231051440742,0.6943922935540496,0.12677810764576739,1.5179670526462765,2.2107372621417523,0.0,2.831998593651014,0.766794956313085,0.6207321479379723,0.687491057732919,4.733333333333333,6.7,162.19987115690796,2.6553338134350875,0.0014757174843301375,2.138431587070227
turbo_lunar_lander_12d,12,mes_gumbel,native,decay_uniform_grid_a1,43,19,30,1.6918727885464984,1.8253906306690386,0.6701251660828277,0.12234755660515352,1.4618811152994282,2.0994800466421712,0.0,2.5947257484192896,0.7652132965121211,0.6197446098054873,0.686505285051886,4.933333333333334,7.1,167.91158529749762,2.762985061124588,0.0015251589628557363,2.2375296419952067
turbo_lunar_lander_12d,12,mes_gumbel,native,decay_uniform_grid_a1,44,20,30,1.6731832252695422,1.7685532554631567,0.6705523726270378,0.1224255534921461,1.5004985893559943,2.052099831473454,0.0,2.621742435599141,0.7608024084543067,0.6159910578781072,0.6824379220694953,5.033333333333333,7.4,173.8252877091368,2.918303508947914,0.012803787287945548,2.1964609136649718
turbo_lunar_lander_12d,12,mes_gumbel,native,decay_uniform_grid_a1,45,21,30,1.664465131409248,1.8155997913610247,0.6801057833374923,0.12416975967455522,1.343091311487625,2.1267872852408676,0.0,2.592098339797321,0.7602492858196003,0.6153947752171288,0.681882729523876,5.166666666666667,7.633333333333334,179.73559947935865,3.0052314119568715,0.0014976590095708768,2.1155178713146596
turbo_lunar_lander_12d,12,mes_gumbel,native,decay_uniform_grid_a1,46,22,30,1.6540299427867384,1.8366765193797665,0.6638064337297984,0.12119391919028959,1.3021744215798572,2.0900544334320394,0.0,2.4681725641046293,0.7595065353197538,0.6145762675008599,0.6811366015943089,5.3,7.9,185.50922789992765,2.577007685493057,0.0015234970953315497,2.249704979763677
turbo_lunar_lander_12d,12,mes_gumbel,native,decay_uniform_grid_a1,47,23,30,1.598876825574053,1.7798369287390652,0.6622835938363033,0.12091588793657757,1.353470933656429,1.9740600758659024,0.0,2.469643229502983,0.7587873640802464,0.6137353923762537,0.6801984123934218,5.5,8.1,190.5502848202673,2.227980765886605,0.0015130680209646623,2.191948960799103
turbo_lunar_lander_12d,12,mes_gumbel,native,decay_uniform_grid_a1,48,24,30,1.5844856606053324,1.6788952633891279,0.6895054900352363,0.12588590347198414,1.2017199963016847,2.0537754626737144,0.0,2.768825558208059,0.7578894367559716,0.6130126478721116,0.679600338933201,5.666666666666667,8.466666666666667,196.2314570156702,2.605039755611991,0.0015989862227191527,2.3074535720515996
turbo_lunar_lander_12d,12,mes_gumbel,native,decay_uniform_grid_a1,49,25,30,1.6289768811898908,1.7439265559392374,0.6525366283997315,0.11913634365763305,1.2398298193992563,1.996545762585581,0.0,2.876312245680835,0.7612783298554516,0.6159283707182862,0.682938789274422,5.766666666666667,8.666666666666666,202.66690683883306,3.0160349587444215,0.01245281567486624,2.449259406126415
turbo_lunar_lander_12d,12,mes_gumbel,native,decay_uniform_grid_a1,5,0,30,2.5186555437315987,2.4763517558143135,0.40486694848409394,0.07391825349100675,2.3297896836775625,2.7074990324575405,1.8046623785139477,3.4967428332889448,0.9988791369565952,0.9872952692566848,0.996150874403876,0.0,0.0,11.471747969447945,0.0,0.0013845574265966812,2.3699315602270263
turbo_lunar_lander_12d,12,mes_gumbel,native,decay_uniform_grid_a1,50,26,30,1.5550112199502104,1.687460631546666,0.6436274932167868,0.11750976555511247,1.3029575599599679,2.0181285931020243,0.0,2.4449069910137595,0.7610014787851381,0.6153455851749555,0.6823580996277907,5.866666666666666,8.866666666666667,209.13994711542813,2.909899530404558,0.0015287163356939952,2.4979529796168207
turbo_lunar_lander_12d,12,mes_gumbel,native,decay_uniform_grid_a1,51,27,30,1.5082339114117087,1.588525248127185,0.6657970104558532,0.12155734711539123,1.3121961980674144,1.9291529769487288,0.0,2.399094879133553,0.7608309300071806,0.6148760939612795,0.6818439803951686,5.9,9.0,215.9975517422116,3.153526145623376,0.0016405650414526463,2.5200222755161423
turbo_lunar_lander_12d,12,mes_gumbel,native,decay_uniform_grid_a1,52,28,30,1.5220525599961912,1.5725338094762504,0.6655534844676142,0.12151288555635884,1.1836266974564194,1.9415995722272494,0.0,2.5598571246811526,0.7604310090497973,0.6142077697277283,0.681038542250379,6.033333333333333,9.166666666666666,222.05930873064014,2.748404741240665,0.0015535698737949132,2.5629190075676886
turbo_lunar_lander_12d,12,mes_gumbel,native,decay_uniform_grid_a1,53,29,30,1.4810701333276612,1.5485183555033828,0.7016363876604453,0.1281006922293551,1.1272778333387556,1.9672272756764755,0.0,2.522182410256379,0.7592076402602836,0.6135392708769559,0.6802814172044698,6.166666666666667,9.366666666666667,228.1207147692175,2.660586813775202,0.001565962719420592,2.5395402274094523
turbo_lunar_lander_12d,12,mes_gumbel,native,decay_uniform_grid_a1,54,30,30,1.5045921130395332,1.5584494728264933,0.6810502053983635,0.12434218676340345,1.2007362532267956,1.8995998510749295,0.0,2.5112006865744534,0.7668944517217839,0.6256245858495993,0.6907499586087474,6.233333333333333,9.5,234.43270531616483,2.8369820919353517,0.01405203550433119,2.6904563488904385
turbo_lunar_lander_12d,12,mes_gumbel,native,decay_uniform_grid_a1,55,31,30,1.4885059012959478,1.577485247691469,0.6583528813520612,0.12019824130501537,1.3020762300783426,1.844098294153594,0.0,2.4402328708615246,0.7665642896030144,0.6250818177340715,0.6902445632966223,6.366666666666666,9.633333333333333,241.31030111303554,3.005717997935911,0.0015463796289016804,2.724257982165242
turbo_lunar_lander_12d,12,mes_gumbel,native,decay_uniform_grid_a1,56,32,30,1.4597635869834649,1.5637305544454478,0.6403021945555553,0.11690265185937973,1.1109068206274628,1.8608483932372033,0.0,2.3900922543860164,0.7664279440127744,0.6247025441772472,0.6898848776004728,6.4,9.8,248.2834484087769,3.1976143463669966,0.0015351131092756986,2.6581628791056575
turbo_lunar_lander_12d,12,mes_gumbel,native,decay_uniform_grid_a1,57,33,30,1.4617909188915905,1.5568047731308106,0.6853671324622115,0.1251303462073948,1.2441891499807705,1.9267034197736879,0.0,2.411624951707691,0.7657749188194846,0.6241449987526445,0.689377123300941,6.533333333333333,9.966666666666667,254.7369107157613,2.865982214268297,0.0014936381950974465,2.507197091449052
turbo_lunar_lander_12d,12,mes_gumbel,native,decay_uniform_grid_a1,58,34,30,1.3972211986981937,1.5400742843245419,0.724032412884292,0.13218962830054026,0.9610626599184557,2.0296578828465837,0.0,2.425231943307726,0.7653970650166306,0.623465749157296,0.6886223797612195,6.733333333333333,10.233333333333333,260.8504609631685,2.6321093884141495,0.0015778999775648117,2.5389130148105323
turbo_lunar_lander_12d,12,mes_gumbel,native,decay_uniform_grid_a1,59,35,30,1.459488930732318,1.4824734063803695,0.6613226942986165,0.12074045248581511,1.1089581821669792,2.0102790597052524,0.0,2.4267929198474896,0.7593852784381485,0.6171812599956259,0.6818556102396068,6.8,10.433333333333334,268.00407831009164,3.1374135732185096,0.015277608577162028,2.8976496146370967
turbo_lunar_lander_12d,12,mes_gumbel,native,decay_uniform_grid_a1,6,0,30,2.3084718727678397,2.36476569851388,0.4032448147561484,0.07362209374631151,2.054919774827458,2.6530246449068597,1.370461264376363,2.9507006614595364,0.9986889384325536,0.9852275100876212,0.995148893418597,0.0,0.0,14.31627611395282,0.0,0.0014202512024591367,2.392184072267264
turbo_lunar_lander_12d,12,mes_gumbel,native,decay_uniform_grid_a1,60,36,30,1.3949737799778992,1.5126447992130627,0.7003346510199285,0.12786302872204108,1.0918805569312235,1.8366112695361714,0.0,2.436073368875701,0.7588981487169897,0.6167534984158319,0.6814638068803068,6.866666666666666,10.5,274.5581725152209,2.925451846855382,0.0016566222067922354,2.735768985127409
turbo_lunar_lander_12d,12,mes_gumbel,native,decay_uniform_grid_a1,61,37,30,1.4207330714808029,1.52854906709269,0.7060189651924698,0.12890083775412348,0.9225211050425247,1.9804891649749115,0.0,2.39660882989931,0.7586849736571134,0.6164206771961461,0.6811791647406837,6.933333333333334,10.633333333333333,281.6490758959825,3.2675523200072347,0.0016099042724817992,2.8214040662162008
turbo_lunar_lander_12d,12,mes_gumbel,native,decay_uniform_grid_a1,62,38,30,1.3276544382563147,1.4849390275515557,0.7385707824807459,0.13484395929298196,0.9835873363683038,1.8338921845050438,0.0,2.408547194600299,0.7586223107478356,0.6160393088002943,0.6807883163517634,7.0,10.766666666666667,288.4572228648545,2.9110839154726516,0.0016769215775032837,2.8150712214410305
turbo_lunar_lander_12d,12,mes_gumbel,native,decay_uniform_grid_a1,63,39,30,1.3405242758693936,1.4631807939581085,0.7090521088100566,0.12945461148062518,0.9520891937716613,1.8921286437521854,0.0,2.4158012653960124,0.7578179168575064,0.615581591546867,0.6803974695567792,7.066666666666666,10.9,295.3674989605012,2.8910356363126386,0.0016850843870391448,2.8950171836962304
turbo_lunar_lander_12d,12,mes_gumbel,native,decay_uniform_grid_a1,64,40,30,1.3206148614751665,1.3768546279593585,0.7443375014242233,0.13589681330902692,0.8600656803765178,1.8587971410196034,0.0,2.486671408029885,0.756831923167107,0.6155008209737592,0.6799653963182045,7.166666666666667,11.066666666666666,301.76842904488245,2.617305835041528,0.014688129831726352,2.74433651988705
turbo_lunar_lander_12d,12,mes_gumbel,native,decay_uniform_grid_a1,65,41,30,1.2763258854033597,1.3667202777019494,0.7967811112906408,0.1454716626826394,0.7895962107107946,1.8210585194931104,0.0,2.4600763546870614,0.7567301649720554,0.6150022913378487,0.6795886324938156,7.266666666666667,11.2,308.1582179159392,2.7729541080848623,0.0015674226296444735,2.7251413294269393
turbo_lunar_lander_12d,12,mes_gumbel,native,decay_uniform_grid_a1,66,42,30,1.3156058019411243,1.4390865604170384,0.7875983127926626,0.14379512072318365,0.8017560533233461,1.803427260272369,0.0,2.532189150526256,0.7563787375638643,0.6146309734118854,0.6792533927794868,7.333333333333333,11.366666666666667,314.8378120218869,2.837960866636907,0.001588098844513297,2.653568118903786
turbo_lunar_lander_12d,12,mes_gumbel,native,decay_uniform_grid_a1,67,43,30,1.2700842003563662,1.3491064228343268,0.7972732253693136,0.14556151000989104,0.7149300632660864,1.810814362148899,0.0,2.5375702997098615,0.7561487995269129,0.6143735065488445,0.678981973720363,7.333333333333333,11.433333333333334,321.4061942573947,2.912360086385161,0.0015617611662795147,2.6174636688859514
turbo_lunar_lander_12d,12,mes_gumbel,native,decay_uniform_grid_a1,68,44,30,1.2702641940091353,1.4264992073397387,0.8068381364541132,0.14730781586378303,0.6023759408699103,1.7912143681677029,0.0,2.4924080182482538,0.7555629406555491,0.6139233353708937,0.6785110329955184,7.4,11.5,327.6469396880828,2.662074515518422,0.0015186153197040162,2.5644681842376786
turbo_lunar_lander_12d,12,mes_gumbel,native,decay_uniform_grid_a1,69,45,30,1.251934834162536,1.324305546479294,0.789180351266238,0.1440839601094564,0.6627443647951543,1.8330319820834777,0.0,2.4186113176148707,0.7508571975603626,0.6086961118504661,0.673101526384047,7.566666666666666,11.733333333333333,333.6697466619158,2.305223389233773,0.014886137594779332,2.74111595742094
turbo_lunar_lander_12d,12,mes_gumbel,native,decay_uniform_grid_a1,7,0,30,2.2751123220801306,2.3498772115953983,0.4162612493480644,0.07599855869440583,2.0168504798675264,2.650432691357252,1.226591411538858,2.8418783410367388,0.9984683090997225,0.9834494317198244,0.9943849095892785,0.0,0.0,17.209010898166646,0.0,0.0013817498770852883,2.500752456299961
turbo_lunar_lander_12d,12,mes_gumbel,native,decay_uniform_grid_a1,70,46,30,1.2188254135045078,1.370002710562992,0.782973442906627,0.14295073886914764,0.545788959417791,1.7953402215312113,0.0,2.377630303108752,0.750647311510164,0.608121683180928,0.6725371063625813,7.766666666666667,12.033333333333333,339.21483307012045,2.07054665540345,0.0015786632895469666,2.6358175955868015
turbo_lunar_lander_12d,12,mes_gumbel,native,decay_uniform_grid_a1,71,47,30,1.2696375152932653,1.359680090447338,0.812396949110803,0.14832271155878776,0.6540111552649349,1.8387033174462921,0.0,2.621483811771934,0.7502855485139104,0.607744229907065,0.6721099266547292,7.833333333333333,12.3,345.316962480514,2.51061820583418,0.001535449642688036,2.606269659070919
turbo_lunar_lander_12d,12,mes_gumbel,native,decay_uniform_grid_a1,72,48,30,1.2542711508364526,1.3346741690302066,0.7912659882060185,0.14446474357568434,0.6653469210010596,1.8217895884308495,0.0,2.6597888968241126,0.7501494642776716,0.6074318971061456,0.6718175188152108,7.866666666666666,12.4,351.705488751037,2.657779047327737,0.0016526169298837583,2.877652998548001
turbo_lunar_lander_12d,12,mes_gumbel,native,decay_uniform_grid_a1,73,49,30,1.2435050099580858,1.3278903541413094,0.7755732852708256,0.14159966111374012,0.7234056337114398,1.8456753262922307,0.0,2.394574640921506,0.7498733211808911,0.6071172822639581,0.6714745941840815,7.9,12.466666666666667,358.36248734546825,2.847626590433841,0.0016091012240697941,2.6988270938396455
turbo_lunar_lander_12d,12,mes_gumbel,native,decay_uniform_grid_a1,74,50,30,1.2542889250320204,1.2982756931649908,0.7854686271959388,0.14340629510927716,0.6238868800322976,1.8231427699135179,0.0,2.523709285064412,0.7399808296831542,0.5963576950827676,0.6605795869559099,7.966666666666667,12.566666666666666,364.98627032651564,2.658239081300174,0.0156503541705509,2.8374521968575817
turbo_lunar_lander_12d,12,mes_gumbel,native,decay_uniform_grid_a1,75,51,30,1.226814195889633,1.3232727440793033,0.7589937267296503,0.1385726617115804,0.6217400553764512,1.8084326694017927,0.0,2.3919373066496523,0.7398248777128241,0.5961307182549738,0.6604177674282871,8.033333333333333,12.7,371.6306034810686,2.5476267443659406,0.0016697741734484832,2.9248594600862514
turbo_lunar_lander_12d,12,mes_gumbel,native,decay_uniform_grid_a1,76,52,30,1.1579555758630211,1.2885859877530552,0.7617577725630822,0.13907730512923,0.4538013004477142,1.7860796572307223,0.0,2.3887878804646006,0.7397729830937735,0.5959589205274383,0.6602568378341008,8.033333333333333,12.766666666666667,378.4444527313424,2.728653430255751,0.001656575764839848,2.839822275067369
turbo_lunar_lander_12d,12,mes_gumbel,native,decay_uniform_grid_a1,77,53,30,1.1423458524960628,1.2311788651962992,0.7379559176691404,0.13473170085060446,0.417057053794048,1.697924905021417,0.0,2.19006320774477,0.7392512300377689,0.5956128716593313,0.6598488849395813,8.166666666666666,12.9,384.8146467716278,2.444063697118933,0.0016628955646107594,2.673277170273165
turbo_lunar_lander_12d,12,mes_gumbel,native,decay_uniform_grid_a1,78,54,30,1.102080409741714,1.298182344404307,0.7300395964905572,0.13328638495661582,0.49534256115037895,1.6869350102152167,0.0,2.178416772086112,0.7390361295217239,0.5953519035682778,0.6595584334335577,8.233333333333333,13.033333333333333,391.1879461629316,2.520108322969948,0.0016932189464569092,2.788302859539787
turbo_lunar_lander_12d,12,mes_gumbel,native,decay_uniform_grid_a1,79,55,30,1.0732686015974913,1.2427023575618878,0.7354301111129555,0.13427055377503216,0.4120551366878936,1.629719257168875,0.0,2.1811154046534313,0.7409689829554723,0.5966949366333287,0.6611302916809636,8.3,13.166666666666666,397.7047764973715,2.5250430242313695,0.017073264609401426,2.8213251610596974
turbo_lunar_lander_12d,12,mes_gumbel,native,decay_uniform_grid_a1,8,0,30,2.2239840506496247,2.22600281822161,0.4200166296630616,0.07668419419791743,1.9900331339095296,2.6590745569009444,1.1804013694844409,2.828253016420003,0.998126022348572,0.9816567420505923,0.9934316337672878,0.0,0.0,20.177954731928185,0.0,0.0013996870101739963,2.5535007734472552
turbo_lunar_lander_12d,12,mes_gumbel,native,decay_uniform_grid_a1,80,56,30,1.0533762122170467,1.2164962345551102,0.7346655994965402,0.13413097368910368,0.41288793830639003,1.6723072947381614,0.0,2.2821286130565914,0.740390371913702,0.5964021587913609,0.6608669422583712,8.4,13.333333333333334,404.44265247150327,2.6365628568766017,0.0016909135039895773,2.8919405380108705
turbo_lunar_lander_12d,12,mes_gumbel,native,decay_uniform_grid_a1,81,57,30,1.0393817286482971,1.073885082388991,0.751971805976023,0.13729064024698862,0.43952397716234004,1.6248672398589366,0.0,2.3472574326608333,0.7401569994854688,0.5961918467064088,0.6606755358537196,8.466666666666667,13.5,411.1548882507564,2.568367480424543,0.0016992111845562856,2.8254881927588333
turbo_lunar_lander_12d,12,mes_gumbel,native,decay_uniform_grid_a1,82,58,30,1.108437474102499,1.2273172619002182,0.734157837519294,0.13403826945950997,0.4313643094909163,1.6312464105537616,0.0,2.300002012354901,0.7399161320681773,0.5959631908737285,0.6604666466839533,8.5,13.6,417.74040667447264,2.4365453894405316,0.0017228567817558845,2.994101780327037
turbo_lunar_lander_12d,12,mes_gumbel,native,decay_uniform_grid_a1,83,59,30,1.0252602146494594,1.1347861440909932,0.7118466140325779,0.1299648159964388,0.3349786576250058,1.6114320358375167,0.0,2.06494651228534,0.7398758034115146,0.595705720582872,0.6601965556925637,8.533333333333333,13.666666666666666,424.6836891630044,2.6523255999200046,0.001635120902210474,2.7230991983320565
turbo_lunar_lander_12d,12,mes_gumbel,native,decay_uniform_grid_a1,84,60,30,1.0168212278691915,1.0921338225793364,0.6889171291708285,0.12577848396618768,0.5218661502302027,1.4575419748687102,0.0,2.0857213938263564,0.7579325768718167,0.6209909113517166,0.6827317551295887,8.6,13.766666666666667,431.2513356435268,2.4432268579490484,0.017700548609718682,2.9002443075800937
turbo_lunar_lander_12d,12,mes_gumbel,native,decay_uniform_grid_a1,85,61,30,0.9809839162105949,1.1536082025563335,0.6881845495533643,0.1256447338389698,0.29078733790748923,1.482865629053294,0.0,1.9706470359111206,0.7578114588715159,0.6207985913453304,0.6825924044776625,8.666666666666666,13.9,437.6309438641183,2.2380282097030433,0.0017238727305084467,2.952973589239021
turbo_lunar_lander_12d,12,mes_gumbel,native,decay_uniform_grid_a1,86,62,30,0.9187529491729628,1.0888790346039683,0.7083613653787996,0.1293284995610425,0.10568013529911474,1.45770531686082,0.0,1.9706470359111206,0.7574645386463906,0.6205050323555531,0.6823193223964488,8.766666666666667,14.066666666666666,443.66716894616064,2.2842830625052253,0.001631342029819886,2.799178591743112
turbo_lunar_lander_12d,12,mes_gumbel,native,decay_uniform_grid_a1,87,63,30,0.8658438633589219,1.0135924846239757,0.6803128604785823,0.12420756661499478,0.07854126899673847,1.3200022090319854,0.0,1.956884978424576,0.7572641586531373,0.6202115336632988,0.6820515355938443,8.833333333333334,14.233333333333333,449.74120634379796,2.152665276965126,0.0016828531865030528,2.759562091793244
turbo_lunar_lander_12d,12,mes_gumbel,native,decay_uniform_grid_a1,88,64,30,0.8658276691599719,0.9340433329689372,0.6819887577416589,0.12451354219334419,0.13043789683844403,1.3917609485611997,0.0,1.9621371711088198,0.7572124384173752,0.6199848442331815,0.6818107635385996,8.933333333333334,14.4,456.09430628942016,2.177093417678649,0.0017424476332962512,2.847611764383813
turbo_lunar_lander_12d,12,mes_gumbel,native,decay_uniform_grid_a1,89,65,30,0.9099338435504613,1.0337737385650063,0.6597904923771923,0.1204607119674762,0.17649372501050636,1.397300135434955,0.0,1.9904375248312765,0.7589609230750217,0.6207147451576801,0.6829787086446093,8.933333333333334,14.5,462.6477713240621,2.3824689178106686,0.018576511352633437,2.934615798279022
turbo_lunar_lander_12d,12,mes_gumbel,native,decay_uniform_grid_a1,9,0,30,2.226785806187293,2.2321246182726253,0.40263022331401005,0.07350988521414191,2.026735734028776,2.5956853505895654,1.2068822227109028,2.830434890547302,0.9978353826675902,0.9800721250901048,0.992844278903608,0.0,0.0,23.003285231813788,0.0,0.0013545403101791937,2.4212560160861663
turbo_lunar_lander_12d,12,mes_gumbel,native,decay_uniform_grid_a1,90,66,30,0.869069531066646,0.9862430134877601,0.697487071598262,0.12734313422752966,0.006383503852852135,1.453868172705843,0.0,1.9904375248312765,0.7585972558943425,0.6204434709899871,0.6827082720656803,9.0,14.566666666666666,468.83879092925537,2.194074257525305,0.0016045285544047754,2.8949628431660432
turbo_lunar_lander_12d,12,mes_gumbel,native,decay_uniform_grid_a1,91,67,30,0.8366283128272075,0.8935971882210846,0.684942244031246,0.12505277254804056,0.060386030610275365,1.4284633588653075,0.0,1.9904375248312765,0.7584485124712855,0.6202526933209628,0.6824675934773715,9.033333333333333,14.666666666666666,475.5453875338348,2.2199838617040464,0.0016508380416780711,2.970475790152947
turbo_lunar_lander_12d,12,mes_gumbel,native,decay_uniform_grid_a1,92,68,30,0.8526924933318981,0.98732267806027,0.6771903404559722,0.12363747506411307,0.0681388792349667,1.3144977485167477,0.0,1.9877099469920052,0.7582377698846987,0.6199636207811265,0.6821141299446237,9.133333333333333,14.733333333333333,482.17549654144483,2.205404005665332,0.0017279853423436482,3.062480829205985
turbo_lunar_lander_12d,12,mes_gumbel,native,decay_uniform_grid_a1,93,69,30,0.7970607841303244,0.8617554594383512,0.6599281739921153,0.12048584907622523,0.08459642118998706,1.2565247529678971,0.0,1.9256395358067984,0.7581285683686415,0.6198272523942554,0.6819426275619765,9.133333333333333,14.833333333333334,489.20172965520374,2.505467601539567,0.0018059747914473216,3.062213817068065
turbo_lunar_lander_12d,12,mes_gumbel,native,decay_uniform_grid_a1,94,70,30,0.8157541592054522,0.8848487378651883,0.6765250569308284,0.12351601146616048,0.039453935049939104,1.3344708871962256,0.0,1.9048119537830017,0.7592330583964491,0.6219692931814716,0.6836529700850845,9.233333333333333,14.933333333333334,495.650592920448,2.1218034241814165,0.018889535777270795,2.927383980465432
turbo_lunar_lander_12d,12,mes_gumbel,native,decay_uniform_grid_a1,95,71,30,0.7989088943422179,0.9036398332172904,0.6970893544830633,0.12727052134902958,0.004769913861249753,1.3294683015143662,0.0,2.0356385637350254,0.7591135500654577,0.6217737738798258,0.6834365362272876,9.3,15.033333333333333,502.1374334837465,2.2901843644833813,0.0017785381991416217,2.8755446975895516
turbo_lunar_lander_12d,12,mes_gumbel,native,decay_uniform_grid_a1,96,72,30,0.7906694426653419,0.835591453748206,0.732471975889034,0.1337304746449347,0.0,1.3015894891915034,0.0,2.3312279410199994,0.7588735498073514,0.6215307230487108,0.6831951422781615,9.333333333333334,15.133333333333333,508.7305673585428,2.3248236179662247,0.001820410058523218,2.922880480096986
turbo_lunar_lander_12d,12,mes_gumbel,native,decay_uniform_grid_a1,97,73,30,0.7801770751499604,0.7878308633911706,0.6827308817590002,0.12464903488159892,0.0,1.3035604519853687,0.0,2.0346813263318344,0.7586661137114195,0.6211031230143143,0.6827333939941715,9.466666666666667,15.3,514.871186172512,1.9828677653955917,0.0017087108610818783,2.936099330180635
turbo_lunar_lander_12d,12,mes_gumbel,native,decay_uniform_grid_a1,98,74,30,0.7630911193160536,0.8706476272031808,0.6857713163966741,0.12520413976015693,0.0,1.1830502265108833,0.0,2.0567333618358967,0.7585840470424876,0.620825946673275,0.6824757691006778,9.566666666666666,15.533333333333333,521.4390541317251,2.1486507445884246,0.0017517841731508573,2.958015429507941
turbo_lunar_lander_12d,12,mes_gumbel,native,decay_uniform_grid_a1,99,75,30,0.7143339071192248,0.7256485145722709,0.6724547362215707,0.1227728759765802,0.0012676629356336844,1.0741030633908888,0.0,1.9915339228647857,0.7766059776461521,0.6460173699142022,0.7055001302800458,9.566666666666666,15.633333333333333,528.1521990012067,2.315636484247322,0.021659834139669935,3.054221398709342
turbo_lunar_lander_12d,12,mes_gumbel,native,decay_uniform_grid_a1_2,1,0,30,3.310651109298576,3.283904957447192,0.580644939743358,0.10601077713288837,3.052659635642117,3.600539664830276,2.2276699670828726,4.534419415344451,0.9999703333578658,0.9972378949702652,0.9997470325374905,0.0,0.0,0.8522556576722612,0.0,0.002624185802415013,0.46949792743350066
turbo_lunar_lander_12d,12,mes_gumbel,native,decay_uniform_grid_a1_2,10,0,30,2.22363944070666,2.237736932043511,0.389172751593094,0.07105289827129739,1.9972427935898305,2.560782715833177,1.4562514051970976,2.7919025174092806,0.9975692102752459,0.9785407233685759,0.9921383172057798,0.0,0.0,26.48117328090593,0.0,0.0014061080757528544,2.471443157410249
turbo_lunar_lander_12d,12,mes_gumbel,native,decay_uniform_grid_a1_2,100,76,30,0.86360620880022,0.9139256119382806,0.7471045452428451,0.13640200408138173,0.000501660222463729,1.374867005198051,0.0,2.2103126206957406,0.7787458292710251,0.6406603062359544,0.7027498226213311,44.766666666666666,36.5,446.19288718380653,1.2711333070105562,0.0018543196221192679,3.2009784491422275
turbo_lunar_lander_12d,12,mes_gumbel,native,decay_uniform_grid_a1_2,101,77,30,0.8368717076471665,0.8236065800095018,0.7260156506340865,0.13255171631802634,0.000501660222463729,1.456079347596455,0.0,2.1919999770688077,0.7784195212236383,0.6402059249844263,0.702357520961795,45.3,36.86666666666667,452.038265542329,1.5188466544728727,0.001899677390853564,3.3813785285844156
turbo_lunar_lander_12d,12,mes_gumbel,native,decay_uniform_grid_a1_2,102,78,30,0.8417665867143541,0.7804608231060502,0.7292400046398259,0.1331404001254682,0.000501660222463729,1.5261213465710208,0.0,2.200613497919484,0.7782906767470325,0.6397083640259669,0.7019792402370909,45.9,37.46666666666667,457.40947496934484,1.2089134410799791,0.0018964861209193864,3.294358634405459
turbo_lunar_lander_12d,12,mes_gumbel,native,decay_uniform_grid_a1_2,103,79,30,0.861035002801524,0.8044547719867094,0.7383900346268705,0.13481095940071922,0.000501660222463729,1.4566826521244438,0.0,2.21847242894626,0.7778792149139986,0.6392563979273473,0.701466288224306,46.43333333333333,37.8,463.1549607553674,1.407705010442684,0.0018856871407479047,3.277984187550222
turbo_lunar_lander_12d,12,mes_gumbel,native,decay_uniform_grid_a1_2,104,80,30,0.8318721115309563,0.7467474478498227,0.7627290317236763,0.13925463197971033,0.000501660222463729,1.4462762604100512,0.0,2.2194509124895188,0.7739083127937042,0.6345144878757686,0.6968378385330873,46.93333333333333,38.3,468.91583858402447,1.5190818114982296,0.02498384420759976,3.286844263039529
turbo_lunar_lander_12d,12,mes_gumbel,native,decay_uniform_grid_a1_2,105,81,30,0.8179056256265665,0.8334775182295103,0.7489587154120547,0.13674052769042483,0.000501660222463729,1.4321596685482685,0.0,2.1977992999494314,0.7734201881456007,0.634097893524255,0.696383290127573,47.43333333333333,38.7,474.5472116215931,1.47449167665715,0.0019046904829641182,3.3220269732487697
turbo_lunar_lander_12d,12,mes_gumbel,native,decay_uniform_grid_a1_2,106,82,30,0.7526144571323544,0.7615259556673737,0.7071258166477765,0.12910292025741643,0.0,1.3198553751854598,0.0,2.2012521705302324,0.7733224020221946,0.6336698086278479,0.6959410570675504,47.93333333333333,39.03333333333333,480.2012727690861,1.6016385916310052,0.001857069336498777,3.1499376564907533
turbo_lunar_lander_12d,12,mes_gumbel,native,decay_uniform_grid_a1_2,107,83,30,0.7958010905841425,0.7080400910280135,0.7590528494560251,0.13858345599521263,0.0,1.3748791801263294,0.0,2.1989362775327757,0.7727095793934712,0.6331634263630849,0.6955288036405862,48.46666666666667,39.53333333333333,485.54107884520977,1.383933782344684,0.002002248385300239,3.151333242173617
turbo_lunar_lander_12d,12,mes_gumbel,native,decay_uniform_grid_a1_2,108,84,30,0.7379904635054213,0.7787011430061589,0.6949026632942927,0.1268712879855671,0.0,1.214852236855506,0.0,2.2134333190565267,0.772446094234722,0.6326617680909918,0.6949441958357578,48.93333333333333,40.06666666666667,491.0879803329396,1.3824392394938816,0.001853316401441892,3.194281156330059
turbo_lunar_lander_12d,12,mes_gumbel,native,decay_uniform_grid_a1_2,109,85,30,0.7802748198480832,0.7588219100545305,0.7493251805435505,0.1368074347634446,0.0,1.382410739115934,0.0,2.217216445333659,0.7728942487732677,0.6332087261765356,0.6955025970102207,49.46666666666667,40.6,496.13753943489866,1.0461344162312647,0.025466125877574085,3.2347573504938434
turbo_lunar_lander_12d,12,mes_gumbel,native,decay_uniform_grid_a1_2,11,0,30,2.2039395465044658,2.2537721007319247,0.40585783873010195,0.07409916447092356,1.9774190634865962,2.5267119990292883,1.0662318150143433,2.775831557357914,0.9974193191914803,0.9770600576717418,0.9914932065434111,0.0,0.0,29.44107037074864,0.0,0.0015314598257342973,2.574839736924817
turbo_lunar_lander_12d,12,mes_gumbel,native,decay_uniform_grid_a1_2,110,86,30,0.7647492484614292,0.7380075460241996,0.7238877605206299,0.13216321851301555,0.0,1.274544791969124,0.0,2.212149620491404,0.7722942229732405,0.6327263655129431,0.6949840596476576,49.96666666666667,41.166666666666664,501.59356923753705,1.3977578169355789,0.0018644233079006276,3.1850905972067265
turbo_lunar_lander_12d,12,mes_gumbel,native,decay_uniform_grid_a1_2,111,87,30,0.7719861263114247,0.6847192292635096,0.7289014804707253,0.13307859435090919,0.0,1.3226442752245569,0.0,2.2135117179522146,0.7720238637688088,0.6322405547852162,0.6944662501572854,50.5,41.666666666666664,506.46137756044044,0.9033077375652889,0.0019725328621764977,3.2424635988349717
turbo_lunar_lander_12d,12,mes_gumbel,native,decay_uniform_grid_a1_2,112,88,30,0.7548329397957872,0.6377785487632086,0.7411961290187814,0.13532327979969866,0.0,1.2414463586903923,0.0,2.205253021428668,0.7715874481680788,0.6315868289744996,0.6937111129349589,51.166666666666664,42.13333333333333,511.2970400616371,0.8522862193950762,0.0019067645693818728,3.293970709340647
turbo_lunar_lander_12d,12,mes_gumbel,native,decay_uniform_grid_a1_2,113,89,30,0.7472869700396764,0.6091430823473,0.7339327765462913,0.13399717913560075,0.0,1.2499123477694591,0.0,2.1720022171994735,0.7709037047872573,0.6312669306996762,0.6934301744509064,51.56666666666667,42.6,517.4218614563812,1.8473377281334251,0.0019683143434425193,3.3309221900844324
turbo_lunar_lander_12d,12,mes_gumbel,native,decay_uniform_grid_a1_2,114,90,30,0.7566831450045366,0.7319562224678092,0.7296949923878157,0.13322346914312236,0.0,1.2971667105761489,0.0,2.1663276756121035,0.767917591262612,0.6277194780365261,0.6900112247654366,52.03333333333333,42.93333333333333,523.3386044810526,1.400215698716541,0.02774400214354197,3.417105572546522
turbo_lunar_lander_12d,12,mes_gumbel,native,decay_uniform_grid_a1_2,115,91,30,0.7300057048800012,0.7668389026309713,0.6984723890074421,0.1275230277512998,0.0,1.1980321727456407,0.0,2.192952519587896,0.7677641148813896,0.6273936624849753,0.6898309611030289,52.4,43.5,529.3975747058013,1.693478586897254,0.0020419161301106215,3.246894196405386
turbo_lunar_lander_12d,12,mes_gumbel,native,decay_uniform_grid_a1_2,116,92,30,0.7551642072472771,0.6071098506683903,0.7517351896053797,0.13724744020576318,0.0,1.18304463409061,0.0,2.2710113054542513,0.7677133926930965,0.627042000869232,0.6893552630518733,52.833333333333336,44.166666666666664,534.5732190858884,1.1136987112928183,0.0018979719839990138,3.1164804286789147
turbo_lunar_lander_12d,12,mes_gumbel,native,decay_uniform_grid_a1_2,117,93,30,0.7550643021374096,0.6428026845144899,0.7327588192759165,0.13378284484275693,0.0,1.3302193989821973,0.0,2.1940707138185473,0.7676193255525477,0.6266239709247559,0.6887536768875645,53.233333333333334,44.6,540.1970937414095,1.2882846128350744,0.0019164174950371186,3.2504212891838202
turbo_lunar_lander_12d,12,mes_gumbel,native,decay_uniform_grid_a1_2,118,94,30,0.758255795031986,0.7959577663141947,0.7245412237267979,0.13228252402585483,0.0,1.2686392936472555,0.0,2.2109525672751484,0.7673501313268568,0.626257878508149,0.6883365170647668,53.766666666666666,45.06666666666667,545.4376151252693,1.128242755603666,0.0019820054061710835,3.2184112721588463
turbo_lunar_lander_12d,12,mes_gumbel,native,decay_uniform_grid_a1_2,119,95,30,0.7697028418819077,0.8466416758585228,0.7295175673055322,0.13319107590317775,0.0,1.2555462407320728,0.0,2.2288692553010625,0.7665531876014848,0.6247928202084799,0.6871092502018274,54.333333333333336,45.63333333333333,550.834407119127,1.2281508833325157,0.027833576143408815,3.2334928290608027
turbo_lunar_lander_12d,12,mes_gumbel,native,decay_uniform_grid_a1_2,12,0,30,2.2106593718795478,2.2407115330443084,0.3965547873468668,0.07240066743884772,1.988724447039785,2.5380856481454894,1.0907761306781327,2.776769492091669,0.9971768750965188,0.9755870863831688,0.9906783619358783,0.0,0.0,32.35829934817739,0.0,0.0014512180195500454,2.529124098798881
turbo_lunar_lander_12d,12,mes_gumbel,native,decay_uniform_grid_a1_2,120,96,30,0.6957861438999511,0.6816273798993417,0.6799159469202712,0.12413510044523925,0.0,1.1134909626351301,0.0,2.1995817701862537,0.7664519546793339,0.6244840339984157,0.686773168192472,54.7,46.166666666666664,556.9717756261429,1.7816981718409806,0.002041408279910684,3.3152629896377523
turbo_lunar_lander_12d,12,mes_gumbel,native,decay_uniform_grid_a1_2,121,97,30,0.7344249353698818,0.6837329838893322,0.7179820135999119,0.13108498157721757,0.0,1.1435287426683414,0.0,2.218887610628274,0.7663039617097123,0.6239634133364939,0.6862926395419408,55.333333333333336,46.766666666666666,561.8752842582452,0.7365309817250818,0.0019669617836674054,3.358970350275437
turbo_lunar_lander_12d,12,mes_gumbel,native,decay_uniform_grid_a1_2,122,98,30,0.7164807114812741,0.6781869607407804,0.696129985317583,0.12709536530472676,0.0,1.1757906339075748,0.0,2.196103454137485,0.7658881361167855,0.623593470276793,0.6859837303033095,55.7,47.36666666666667,567.9727674843123,1.3905464941170067,0.0019566514529287815,3.415741299884394
turbo_lunar_lander_12d,12,mes_gumbel,native,decay_uniform_grid_a1_2,123,99,30,0.6366980898857449,0.5184147139092723,0.6506680955198771,0.11879519778838761,0.0,1.02874627460181,0.0,2.1804211110094083,0.7657065282110073,0.6232747235303147,0.6857496136048743,56.13333333333333,47.833333333333336,573.986671264718,1.3782642746033769,0.0019897946467002233,3.3332948503860584
turbo_lunar_lander_12d,12,mes_gumbel,native,decay_uniform_grid_a1_2,124,100,30,0.6915215263939836,0.534974703788997,0.7032627509478294,0.12839762418242126,0.0,1.1376816944189139,0.0,2.1794440147792606,0.767942539265681,0.6249421736837245,0.687667787344325,56.53333333333333,48.333333333333336,579.7039987090975,1.2997437421232463,0.02785157149968048,3.2997224206260096
turbo_lunar_lander_12d,12,mes_gumbel,native,decay_uniform_grid_a1_2,125,101,30,0.6017420033098672,0.5156652470235279,0.6392749084644128,0.11671509593766971,0.0,0.930673321897683,0.0,2.1791061986936384,0.7678593443248641,0.6245817579258227,0.6873122120658475,56.96666666666667,48.766666666666666,585.4316518257061,1.332980535676082,0.001976039276147882,3.3599679987256725
turbo_lunar_lander_12d,12,mes_gumbel,native,decay_uniform_grid_a1_2,126,102,30,0.6218440610124205,0.5807247373819184,0.6490520496614655,0.11850014953151598,0.0,1.094154966825631,0.0,2.203999576937883,0.7676633922833364,0.6241462817568053,0.6868312991396657,57.5,49.13333333333333,591.0185437854846,1.2279409875006726,0.0020091881354649863,3.388068152436366
turbo_lunar_lander_12d,12,mes_gumbel,native,decay_uniform_grid_a1_2,127,103,30,0.6241150459369398,0.513329182438109,0.6647233160391081,0.12136131823141835,0.0,1.1052207802809038,0.0,2.1858348588737946,0.7675995920941492,0.623673239198448,0.6863418697694929,58.06666666666667,49.766666666666666,596.3657517534681,0.9519097259112944,0.0020834694150835276,3.56132527453204
turbo_lunar_lander_12d,12,mes_gumbel,native,decay_uniform_grid_a1_2,128,104,30,0.6318049735070221,0.5531751670621878,0.6629572092554898,0.1210388727233015,0.0,1.0391422153699952,0.0,2.2020184958448588,0.7675184899596096,0.6231739885872186,0.6859126185016481,58.63333333333333,50.233333333333334,601.4044524776284,0.8129798308480531,0.0021491209200272957,3.5775112111121414
turbo_lunar_lander_12d,12,mes_gumbel,native,decay_uniform_grid_a1_2,129,105,30,0.6467750168986705,0.5402297403356189,0.6814300514587961,0.12441153684862959,0.0,1.1142195016633343,0.0,2.2176356685480556,0.7702392239061183,0.6249963174939812,0.6883110862939801,59.166666666666664,50.8,607.1903085422236,1.0567724586464464,0.030287066909174123,3.5713413260411473
turbo_lunar_lander_12d,12,mes_gumbel,native,decay_uniform_grid_a1_2,13,0,30,2.1624211766836634,2.169847667959323,0.4000469610745641,0.07303824821397663,1.8748445000298197,2.4402882454317654,1.1087561383423163,2.7763907585551406,0.997077015008267,0.9742330654319203,0.9901181193354852,0.0,0.0,35.23502900187547,0.0,0.0013990842116375765,2.520623494607086
turbo_lunar_lander_12d,12,mes_gumbel,native,decay_uniform_grid_a1_2,130,106,30,0.62633965132549,0.6176497643279312,0.6408203349838516,0.11699725092622415,0.0,1.080261902943346,0.0,2.2159076111602483,0.7693036943610028,0.6247097341265302,0.6881263263271857,59.53333333333333,51.233333333333334,613.1167191331275,1.3470087888184934,0.002119792594263951,3.579688886490961
turbo_lunar_lander_12d,12,mes_gumbel,native,decay_uniform_grid_a1_2,131,107,30,0.6152973463875114,0.5374874410271047,0.6556130112487494,0.11969801175160942,0.0,1.0442087439369898,0.0,2.213935042627177,0.7692285363559036,0.6243849708309395,0.6877690411566034,59.96666666666667,51.766666666666666,619.5830928893449,1.360220952363064,0.002286245565240582,3.7532821369357405
turbo_lunar_lander_12d,12,mes_gumbel,native,decay_uniform_grid_a1_2,132,108,30,0.6169585758679472,0.5510364016631518,0.6466887194370007,0.11806866643992495,0.0,1.0259872858793697,0.0,1.920680628001032,0.7689713953252374,0.6240711141040733,0.6873528254731334,60.3,52.06666666666667,626.5246083323223,1.7412005650034794,0.002226418070495129,3.8378606014729786
turbo_lunar_lander_12d,12,mes_gumbel,native,decay_uniform_grid_a1_2,133,109,30,0.5794507742423786,0.4176409356575824,0.6448182955438951,0.11772717532047476,0.0,1.0477969724141292,0.0,1.9206806475657472,0.7687461929922768,0.6236886941649887,0.6871086815530678,60.7,52.6,632.9579754023813,1.4209924936915437,0.0022507157487173875,3.8368804243703685
turbo_lunar_lander_12d,12,mes_gumbel,native,decay_uniform_grid_a1_2,134,110,30,0.5536698268141428,0.36068621553738855,0.5992711057396443,0.10941143422488893,0.0,1.0777939104618603,0.0,1.8834803621116067,0.7684712644176722,0.6236578794418858,0.6872281239995477,61.3,53.2,638.3251729163342,0.8019062966418763,0.036302485348035894,3.7643305560729154
turbo_lunar_lander_12d,12,mes_gumbel,native,decay_uniform_grid_a1_2,135,111,30,0.5676149641967089,0.584559852211989,0.5994863627421139,0.10945073459686011,0.0,1.0109621512410323,0.0,1.949589553420347,0.7682663474695278,0.6232596240408947,0.6867913361805696,61.8,53.63333333333333,644.0709868446924,1.0670478502598901,0.002331056632101536,3.6683365050703287
turbo_lunar_lander_12d,12,mes_gumbel,native,decay_uniform_grid_a1_2,136,112,30,0.5425519679040158,0.43152296170945614,0.570339514718691,0.1041292725493256,0.0,1.0824801005463809,0.0,1.6557604096902923,0.7681159972940612,0.6229000715635367,0.686495716332615,62.266666666666666,54.13333333333333,650.2824051143601,1.484711621919026,0.002275476511567831,3.6467811518814415
turbo_lunar_lander_12d,12,mes_gumbel,native,decay_uniform_grid_a1_2,137,113,30,0.5303130152989411,0.43192672840302415,0.563956021789467,0.1029638115249887,0.0,0.9583102482125193,0.0,1.695612150107478,0.7678127597149065,0.6226056997171201,0.6860903116094073,62.56666666666667,54.63333333333333,656.1629153391191,1.3958375421818345,0.0022411006813247997,3.3967051539725315
turbo_lunar_lander_12d,12,mes_gumbel,native,decay_uniform_grid_a1_2,138,114,30,0.5154460904505588,0.4318305278900274,0.5674157454821511,0.10359546776139474,0.0,0.8467058463763945,0.0,1.8032664187557377,0.7674645792673733,0.6220687607771487,0.6854949306605217,63.166666666666664,55.06666666666667,661.0036826992873,0.5950421396022042,0.002145063690841198,3.4299463818315417
turbo_lunar_lander_12d,12,mes_gumbel,native,decay_uniform_grid_a1_2,139,115,30,0.548760670442746,0.40348717514859844,0.614756031705643,0.11223858197584725,0.0,0.9367084443949008,0.0,1.9906319959102343,0.7680947351006213,0.6220562389005962,0.6855432745174209,63.733333333333334,55.5,666.4233178263996,0.8825054045456151,0.03514502509497106,3.542863393295556
turbo_lunar_lander_12d,12,mes_gumbel,native,decay_uniform_grid_a1_2,14,0,30,2.154786439057285,2.1409700023643303,0.3714147224807916,0.06781074056408357,1.8546720315916845,2.392664409051791,1.3656806381213453,2.779667657065398,0.9966224269695563,0.9727196180071898,0.9893869242909837,0.0,0.0,38.26067532375455,0.0,0.001454873445133368,2.627531422395259
turbo_lunar_lander_12d,12,mes_gumbel,native,decay_uniform_grid_a1_2,140,116,30,0.503057806014432,0.40346314190487076,0.5391537432203434,0.0984355557083767,0.0,0.9210995600056375,0.0,1.692902160799779,0.7679832938516943,0.6216345467132869,0.6850066063322419,64.2,55.93333333333333,671.7443013187187,0.9149550898000598,0.0022832635945330064,3.419378024029235
turbo_lunar_lander_12d,12,mes_gumbel,native,decay_uniform_grid_a1_2,141,117,30,0.5573787073942414,0.5094507378479441,0.5947502072527318,0.10858603486439794,0.0,0.903253241958803,0.0,1.7975860240107433,0.7677386435948894,0.6211741305841078,0.6844739930906769,64.66666666666667,56.46666666666667,677.1768768816099,0.9596605119140198,0.0021568484604358672,3.376862975489348
turbo_lunar_lander_12d,12,mes_gumbel,native,decay_uniform_grid_a1_2,142,118,30,0.6003214237405391,0.6531336482829622,0.6210351094028099,0.11338497947420256,0.0,1.0534201402509342,0.0,1.8336785963645381,0.7676351868443042,0.6207964491005509,0.6841911827644179,65.06666666666666,56.93333333333333,682.7406792987138,1.102303520931552,0.0021709109966953593,3.3450654675873617
turbo_lunar_lander_12d,12,mes_gumbel,native,decay_uniform_grid_a1_2,143,119,30,0.6225449398742378,0.667448201200109,0.6523356049280306,0.11909964196095352,0.0,1.0609087098512715,0.0,2.014443777022685,0.7675193780165126,0.6203980486277364,0.6839660574582884,65.5,57.5,688.2932902089165,1.04544041302676,0.002087239905570944,3.329357726002733
turbo_lunar_lander_12d,12,mes_gumbel,native,decay_uniform_grid_a1_2,144,120,30,0.5400846825754824,0.4895934647422936,0.5741901775918313,0.10483230418831446,0.0,0.9725325020286825,0.0,1.825428148017857,0.7749654580092401,0.6335748761336036,0.6945385488876278,65.7,58.0,694.3260938791714,1.4390409142244607,0.03526889237885674,3.3086002126646537
turbo_lunar_lander_12d,12,mes_gumbel,native,decay_uniform_grid_a1_2,145,121,30,0.548903499559797,0.4897600978094261,0.5796025845086118,0.10582046997455367,0.0,0.9691163230626872,0.0,1.8109946587789385,0.7742355445372199,0.6331626181142355,0.6942165676853639,66.2,58.5,699.3451338942939,0.8067837628070265,0.0021585785628606877,3.277046114904806
turbo_lunar_lander_12d,12,mes_gumbel,native,decay_uniform_grid_a1_2,146,122,30,0.5153067156930384,0.25092729908002653,0.5838450267534971,0.10659503041336586,0.0,0.9002640530321575,0.0,1.8099048968183074,0.7739235567460597,0.632691486122151,0.6937004713260049,66.76666666666667,59.1,704.1835388778553,0.7787858022687336,0.0021533886591593426,3.2598604462419947
turbo_lunar_lander_12d,12,mes_gumbel,native,decay_uniform_grid_a1_2,147,123,30,0.48803552153044577,0.2036353261092092,0.5813793435900713,0.10614486031727617,0.0,0.9220395786796836,0.0,1.8189458852415556,0.7733339543242361,0.632499169813984,0.6934048969688977,67.0,59.56666666666667,710.1877146650571,1.5403693913171688,0.002201306400820613,3.3128432002694654
turbo_lunar_lander_12d,12,mes_gumbel,native,decay_uniform_grid_a1_2,148,124,30,0.4723595623685826,0.112041720041132,0.5746039883680929,0.10490785535388018,0.0,0.9990511316409101,0.0,1.808856550674797,0.773247230267776,0.6322020129744697,0.6930409047603949,67.36666666666666,59.833333333333336,715.5852707900417,1.1356671372894198,0.002153697858254115,3.2794262649336208
turbo_lunar_lander_12d,12,mes_gumbel,native,decay_uniform_grid_a1_2,149,125,30,0.4760369727820091,0.17382246855789174,0.5665967171461743,0.10344593432977793,0.0,0.8889898002757322,0.0,1.7848334679463764,0.7716112832549205,0.6302821328557734,0.6912136770809914,67.63333333333334,60.333333333333336,721.2362367690075,1.2368016086829206,0.038097868751113616,3.419115122019624
turbo_lunar_lander_12d,12,mes_gumbel,native,decay_uniform_grid_a1_2,15,0,30,2.1347991880220576,2.1185131199386142,0.37296349748131596,0.06809350689884598,1.8408286933968911,2.307423651628433,1.290156542048358,2.78755737563226,0.9963141373461718,0.9712580647761323,0.9886452928854991,0.0,0.0,41.284813306697956,0.0,0.0014453442301601172,2.565539511448393
turbo_lunar_lander_12d,12,mes_gumbel,native,decay_uniform_grid_a1_2,150,126,30,0.4621643088043586,0.05459317100791805,0.5877102808443867,0.10730072603205563,0.0,0.9768872300038614,0.0,1.786101881197559,0.7712972986238487,0.6300077411491383,0.6909573673064668,68.0,60.7,727.2275165503069,1.2594946502242237,0.0023907302723576627,3.602138350500415
turbo_lunar_lander_12d,12,mes_gumbel,native,decay_uniform_grid_a1_2,151,127,30,0.5402642067597329,0.05459317100791805,0.8000952406414085,0.14607673715060784,0.0,1.0479442481600056,0.0,3.6405410721117963,0.7708955198218896,0.6296853969358587,0.6906316099065972,68.4,61.2,733.291989282829,1.3089716137386858,0.0023752556803325812,3.5628279825982947
turbo_lunar_lander_12d,12,mes_gumbel,native,decay_uniform_grid_a1_2,152,128,30,0.5242225088659286,0.07973361428359449,0.7738352122695227,0.14128233385060535,0.0,0.8739378670513354,0.0,3.563341152504239,0.7707902151234364,0.6293253775664309,0.6903168859758103,68.8,61.6,738.6133821572488,1.0078061831959835,0.002289740601554513,3.4900695458830646
turbo_lunar_lander_12d,12,mes_gumbel,native,decay_uniform_grid_a1_2,153,129,30,0.4942891335073867,0.07938077552211786,0.6033544381243978,0.11015694531052922,0.0,1.1308752554266817,0.0,1.773624313408328,0.7707413242131206,0.6289876797969021,0.6900387651907018,69.33333333333333,62.13333333333333,743.9175346171794,0.7631508725229651,0.002364586185043057,3.559216653757418
turbo_lunar_lander_12d,12,mes_gumbel,native,decay_uniform_grid_a1_2,154,130,30,0.42891609565603517,0.02265970327127953,0.5558739963489095,0.1014882423102807,0.0,0.8584676358622345,0.0,1.780117730361718,0.7744587012950997,0.6322733463275345,0.6935293487312834,69.73333333333333,62.733333333333334,749.5326597748169,1.0528095475242785,0.04382309157711764,3.496357167434568
turbo_lunar_lander_12d,12,mes_gumbel,native,decay_uniform_grid_a1_2,155,131,30,0.4423851685956624,0.032236101834204445,0.5633318980405005,0.10284986263966081,0.0,0.9267815797292639,0.0,1.7578769211220135,0.7743821261620462,0.6319351058798438,0.6933186468946826,70.16666666666667,63.166666666666664,755.4403809337566,1.1462583341635764,0.002457562880590558,3.606146819144487
turbo_lunar_lander_12d,12,mes_gumbel,native,decay_uniform_grid_a1_2,156,132,30,0.47684097100605366,0.08317434421419334,0.5792117619426287,0.10574911586276334,0.0,0.8843482787815763,0.0,1.7506125013783183,0.7741704702418002,0.6316303501647397,0.6931154691643813,70.53333333333333,63.56666666666667,761.159004451676,1.2086151836750407,0.0023660451639443635,3.4862927549984306
turbo_lunar_lander_12d,12,mes_gumbel,native,decay_uniform_grid_a1_2,157,133,30,0.4543227755039219,0.08718963882605835,0.5693328116755644,0.10394547456084907,0.0,0.9519361978088949,0.0,1.7662544708922578,0.7740247523140297,0.6312919628180222,0.6928011919527844,70.96666666666667,63.9,766.7935527442334,1.1705219093244523,0.002434793890764316,3.529834838444367
turbo_lunar_lander_12d,12,mes_gumbel,native,decay_uniform_grid_a1_2,158,134,30,0.49616132146609176,0.11950889017783362,0.5857627152534965,0.1069451508299385,0.0,0.9928795114485638,0.0,1.8010204636468692,0.7739472609085699,0.6309434473680413,0.6923886943945963,71.46666666666667,64.5,772.2325141437973,0.9768461689973871,0.002685871906578541,3.5647094693655768
turbo_lunar_lander_12d,12,mes_gumbel,native,decay_uniform_grid_a1_2,159,135,30,0.46141170308956525,0.09495450588070675,0.5721754479828863,0.10446446657028355,0.0,0.9682153707290725,0.0,1.7810827509610938,0.7836575168021118,0.6426880093678644,0.7034270457083867,71.93333333333334,65.0,778.1581633516276,1.0907595803495496,0.04639401840977371,3.5822175743368763
turbo_lunar_lander_12d,12,mes_gumbel,native,decay_uniform_grid_a1_2,16,0,30,2.1075148702959936,2.11749211157533,0.366120683037318,0.0668441856229127,1.881068205428724,2.2893746555309353,1.135735755309334,2.832314316644396,0.9960433785475872,0.9700005941429422,0.9879774141683791,0.0,0.0,44.20634807947402,0.0,0.0014677178425093493,2.5525274046851942
turbo_lunar_lander_12d,12,mes_gumbel,native,decay_uniform_grid_a1_2,160,136,30,0.42563411910304727,0.04341197122955709,0.5518727195056873,0.10075771244832873,0.0,0.7540534705904424,0.0,1.6972807315131457,0.7835023758006022,0.642343682949944,0.7030663661593527,72.33333333333333,65.53333333333333,783.6659668776207,1.1113378718184928,0.0025044576575358707,3.5253909414013225
turbo_lunar_lander_12d,12,mes_gumbel,native,decay_uniform_grid_a1_2,161,137,30,0.4231890449846122,0.026521578798662016,0.5271928168568236,0.09625179931572403,0.0,0.8680499822736455,0.0,1.60796803048851,0.7832584124199417,0.6420803584557976,0.7029003027841285,72.66666666666667,66.0,789.8252387626407,1.5778716156103958,0.0024916965048760176,3.469545514307295
turbo_lunar_lander_12d,12,mes_gumbel,native,decay_uniform_grid_a1_2,162,138,30,0.3493342309235369,0.012277109202421754,0.4752522833717186,0.08676879870284254,0.0,0.8064872326664858,0.0,1.5942320233903444,0.7829976251244106,0.6418842942179367,0.7026646366084058,73.06666666666666,66.33333333333333,796.0400530721371,1.4456324878303954,0.002471760318924983,3.528644457164531
turbo_lunar_lander_12d,12,mes_gumbel,native,decay_uniform_grid_a1_2,163,139,30,0.3677070096617338,0.0,0.4972606118197617,0.0907869513508345,0.0,0.8501895112490693,0.0,1.5646334039445329,0.7828873444327552,0.6415464946755534,0.7023700308655509,73.53333333333333,66.93333333333334,801.5311078615642,1.03945303959772,0.0024523082654923202,3.461898009153083
turbo_lunar_lander_12d,12,mes_gumbel,native,decay_uniform_grid_a1_2,164,140,30,0.39579138671594405,0.008349892783449997,0.5286336158701163,0.09651485202252788,0.0,0.96991441148694,0.0,1.533998618015734,0.7850250146619975,0.6457443279864389,0.7055174936726206,73.93333333333334,67.66666666666667,807.0221960486999,1.1127188561328998,0.04864616865913073,3.4765862706738213
turbo_lunar_lander_12d,12,mes_gumbel,native,decay_uniform_grid_a1_2,165,141,30,0.3948133687533416,0.0,0.520667752558791,0.09506049101398935,0.0,0.9180705594754348,0.0,1.5744531967426538,0.7847804007486082,0.6454363763263852,0.7051911449701289,74.3,68.03333333333333,812.8582381550067,1.1666647411882878,0.002518524353702863,3.4674396289512517
turbo_lunar_lander_12d,12,mes_gumbel,native,decay_uniform_grid_a1_2,166,142,30,0.37824408731440534,0.0,0.5070820021964323,0.09258008370262338,0.0,0.8598620918024034,0.0,1.5925079648497733,0.7844598196859256,0.6451892242475511,0.7048812835206617,74.73333333333333,68.56666666666666,818.3558858388413,0.991225131166478,0.00240180604159832,3.4355144335267442
turbo_lunar_lander_12d,12,mes_gumbel,native,decay_uniform_grid_a1_2,167,143,30,0.3734690293237871,0.0,0.4972759087763045,0.09078974418022107,0.0,0.8387140103994875,0.0,1.5133183213348922,0.7834778241944906,0.6449201780947199,0.7045731188920961,75.03333333333333,68.9,823.8962611675263,1.1256543972684692,0.002453571915005644,3.4844140061487754
turbo_lunar_lander_12d,12,mes_gumbel,native,decay_uniform_grid_a1_2,168,144,30,0.38380377897038886,0.0,0.4926108853339134,0.08993803132332505,0.0,0.8993261993188271,0.0,1.6735723728844598,0.7834151630433769,0.6446222861115393,0.7042143882603228,75.5,69.4,829.3267740561006,0.9364916342621048,0.002515851054340601,3.4655871097774553
turbo_lunar_lander_12d,12,mes_gumbel,native,decay_uniform_grid_a1_2,169,145,30,0.39530038120102906,0.0,0.5174125410823619,0.09446617342895937,0.0,0.8933069662755257,0.0,1.679086699709984,0.7820974866835954,0.6433276111925927,0.7029053421500602,76.1,69.86666666666666,834.582287131281,0.9588378671867152,0.048965098817522326,3.4421657834202053
turbo_lunar_lander_12d,12,mes_gumbel,native,decay_uniform_grid_a1_2,17,0,30,2.099757838105531,2.110022740220339,0.3828710086523443,0.0699023626845482,1.873366464527005,2.3150564028909124,1.0023537683350885,2.8299922076114465,0.9959122692309682,0.9688942266809756,0.9873643256895525,0.0,0.0,47.15910494709387,0.0,0.0014428601445009312,2.566886872658506
turbo_lunar_lander_12d,12,mes_gumbel,native,decay_uniform_grid_a1_2,170,146,30,0.39219401459416664,0.0,0.5173332081937582,0.0944516892914126,0.0,0.9542838324010983,0.0,1.630238088676836,0.7819815212112368,0.6429806463920001,0.7023920867562846,76.56666666666666,70.26666666666667,839.930034973224,0.9728139827648798,0.002610933113222321,3.511989809029425
turbo_lunar_lander_12d,12,mes_gumbel,native,decay_uniform_grid_a1_2,171,147,30,0.39670583244667923,0.0,0.5326677005452414,0.09725137174767852,0.0,0.9423629700651794,0.0,1.6488025670351236,0.7816289286281514,0.642639519240411,0.7021686141504645,77.03333333333333,70.8,845.2946661459592,0.7929582213517279,0.0025761836674064397,3.5825909609751156
turbo_lunar_lander_12d,12,mes_gumbel,native,decay_uniform_grid_a1_2,172,148,30,0.4223148857130371,0.0,0.5550562639485984,0.10133894548306295,0.0,0.9698597386552217,0.0,1.6958008052690494,0.7813552954076829,0.6423720283574212,0.70192327513459,77.46666666666667,71.23333333333333,851.1502532619052,0.9435101819690317,0.002668946546812852,3.7372260982791583
turbo_lunar_lander_12d,12,mes_gumbel,native,decay_uniform_grid_a1_2,173,149,30,0.39306916991508706,0.0,0.5174571491611314,0.09447431771262237,0.0,0.9058702572325151,0.0,1.5250598548503482,0.7810852232771096,0.6420699562315668,0.7015724371438535,77.83333333333333,71.76666666666667,857.0172071350584,1.147540495917201,0.0026784363823632398,3.5810433437116442
turbo_lunar_lander_12d,12,mes_gumbel,native,decay_uniform_grid_a1_2,174,150,30,0.3559858714920176,0.0,0.4945195922841432,0.09028651194076098,0.0,0.7989909932891692,0.0,1.46270983295339,0.7830601542048066,0.6445460773188435,0.7039128769584205,78.13333333333334,72.16666666666667,862.9776759789326,1.2349998690343151,0.05602546511217952,3.635143444004158
turbo_lunar_lander_12d,12,mes_gumbel,native,decay_uniform_grid_a1_2,175,151,30,0.38373718618608316,0.0,0.5233195413031758,0.09554463918500196,0.0,0.9536348454515664,0.0,1.5185737897764002,0.7828117880580424,0.6442923120363868,0.7036182806473378,78.53333333333333,72.66666666666667,868.9386791571354,1.1743785124582549,0.0027811278899510703,3.6170232167777914
turbo_lunar_lander_12d,12,mes_gumbel,native,decay_uniform_grid_a1_2,176,152,30,0.3620603927735471,0.0,0.49896803450863036,0.091098682658131,0.0,0.8292747967407692,0.0,1.5190037766361772,0.782491963894793,0.643972446119969,0.7031569306983969,78.9,73.03333333333333,874.4042011766694,0.9225706695113332,0.0026708440699925026,3.839649359524871
turbo_lunar_lander_12d,12,mes_gumbel,native,decay_uniform_grid_a1_2,177,153,30,0.39165291741761066,0.0,0.537794481908104,0.0981873896809575,0.0,0.8877575591362246,0.0,1.6076165995021225,0.7823729661164063,0.6436900955296218,0.7029055020648746,79.26666666666667,73.5,880.331933925394,1.1357716754699747,0.002770016451055805,3.7315106946509333
turbo_lunar_lander_12d,12,mes_gumbel,native,decay_uniform_grid_a1_2,178,154,30,0.39081852228434916,0.0,0.537297152111163,0.0980965900981895,0.0,0.9332416870180562,0.0,1.652382108435241,0.7822783715934657,0.6433031771657406,0.7023700731240752,79.86666666666666,74.2,885.3989209494554,0.6496854378686597,0.0026889290660619737,3.7459482208359987
turbo_lunar_lander_12d,12,mes_gumbel,native,decay_uniform_grid_a1_2,179,155,30,0.37621137349541467,0.0,0.5220338579550265,0.09530990659447192,0.0,0.8895925118929449,0.0,1.7308569504444014,0.7816999614665665,0.6423025931748101,0.7016286166515822,80.3,74.63333333333334,890.991019889759,0.8268388394887248,0.057501973522206144,3.7427419723787656
turbo_lunar_lander_12d,12,mes_gumbel,native,decay_uniform_grid_a1_2,18,0,30,2.0920062495202365,2.111017479782991,0.33864160291830364,0.0618272149426874,1.8708896179771348,2.3034307913698533,1.2088720059724667,2.759462209735169,0.9957094485013225,0.9675855483758339,0.9866311169886459,0.0,0.0,50.11919637147027,0.0,0.001447274380673965,2.519423906831071
turbo_lunar_lander_12d,12,mes_gumbel,native,decay_uniform_grid_a1_2,180,156,30,0.3659908539829834,0.0,0.4967522439944536,0.09069413650902414,0.0,0.8562740044858214,0.0,1.558017111300364,0.7816350276812746,0.6420288582258189,0.7013145968641805,80.66666666666667,75.03333333333333,897.0709008268701,1.2264674810071787,0.0027873815813412267,3.732660225064804
turbo_lunar_lander_12d,12,mes_gumbel,native,decay_uniform_grid_a1_2,181,157,30,0.36484781959416485,0.0,0.49189215304280587,0.08980680936044273,0.0,0.8572486202680494,0.0,1.5569712031945357,0.7813613012635342,0.6417619650220943,0.701039305208501,81.1,75.36666666666666,903.2003468296181,1.0963499461300672,0.0028825168342640002,3.8954596298436326
turbo_lunar_lander_12d,12,mes_gumbel,native,decay_uniform_grid_a1_2,182,158,30,0.370701374256042,0.0,0.5105798791249271,0.09321870573499455,0.0,0.8618154471058306,0.0,1.547034011862804,0.7811014366220751,0.641494402642791,0.7007866667339542,81.53333333333333,76.1,908.7822461443798,1.1204449009150266,0.002740687628587087,3.628599187048773
turbo_lunar_lander_12d,12,mes_gumbel,native,decay_uniform_grid_a1_2,183,159,30,0.3713245788009594,0.0,0.5201398636628796,0.09496411212860693,0.0,0.9065080464447797,0.0,1.602168208448648,0.7810348702811528,0.6411068053214366,0.7003348246122283,82.06666666666666,76.73333333333333,913.6440488819343,0.516836185955132,0.002826661383733153,3.6652588427687687
turbo_lunar_lander_12d,12,mes_gumbel,native,decay_uniform_grid_a1_2,184,160,30,0.3553312750959206,0.0,0.4960568489544448,0.0905671753257608,0.0,0.8313550908357579,0.0,1.5927565619475461,0.7742363820415241,0.6264948578969561,0.6888289715888409,82.43333333333334,77.36666666666666,919.577588403908,1.1612082593763868,0.06070359735749662,3.7308947945013644
turbo_lunar_lander_12d,12,mes_gumbel,native,decay_uniform_grid_a1_2,185,161,30,0.3592266406236885,0.0,0.5059893160065263,0.09238058741112809,0.0,0.8301503269281151,0.0,1.5927565619475461,0.7741840134525383,0.6262180235474422,0.6885616424159885,82.8,77.7,925.5447360526771,1.094431896538784,0.00282368715852499,3.811466698364044
turbo_lunar_lander_12d,12,mes_gumbel,native,decay_uniform_grid_a1_2,186,162,30,0.40163312510498816,0.0,0.5204640092854076,0.09502329275173199,0.0,0.8907540280489803,0.0,1.5939480227046212,0.7740790649904367,0.6260512010868323,0.6883812225861838,82.93333333333334,78.13333333333334,932.6425254902492,1.677039451353873,0.002882513248672088,3.8929740776928763
turbo_lunar_lander_12d,12,mes_gumbel,native,decay_uniform_grid_a1_2,187,163,30,0.4036738658777145,0.0,0.5262232693653797,0.09607478497184523,0.0,0.8406702942502292,0.0,1.5789553361565642,0.7739219376315654,0.6258249754120304,0.6882151392689171,83.23333333333333,78.43333333333334,938.7052714457891,1.104129775815333,0.002893686853349209,3.8018863013169417
turbo_lunar_lander_12d,12,mes_gumbel,native,decay_uniform_grid_a1_2,188,164,30,0.4099065304170134,0.0,0.5308081859894652,0.09691187239160926,0.0,0.9053630758656168,0.0,1.602818857884922,0.7737777692497823,0.6255522416626359,0.6878824656435597,83.6,78.9,944.5673599672039,1.0730574098881334,0.0030100323104610047,3.7442727310117334
turbo_lunar_lander_12d,12,mes_gumbel,native,decay_uniform_grid_a1_2,189,165,30,0.4049333593486243,0.0,0.5290529691327748,0.09659141510303504,0.0,0.9018502742678316,0.0,1.6624330144005475,0.7733436323850377,0.6250102705185978,0.6876719872232608,84.03333333333333,79.3,950.1939390598951,0.7942143492400646,0.0624135729080687,3.8074678687844425
turbo_lunar_lander_12d,12,mes_gumbel,native,decay_uniform_grid_a1_2,19,0,30,2.0804840658667922,2.12933069587867,0.3391846870726449,0.061926368090006165,1.870570543226884,2.277441225842643,1.1501422677106037,2.7184779824824505,0.9955179886383606,0.9663557325210144,0.9860669594507968,0.0,0.0,52.915122014951585,0.0,0.0013976782094687224,2.4305225429280353
turbo_lunar_lander_12d,12,mes_gumbel,native,decay_uniform_grid_a1_2,190,166,30,0.38307335598334724,0.0,0.5323074542066727,0.09718560006571429,0.0,0.9137002003886993,0.0,1.6700478786114568,0.7728312835933083,0.6248149284787728,0.6874418510021847,84.33333333333333,79.9,956.580162224158,1.243802520710354,0.0029879357976218064,3.8100627253608157
turbo_lunar_lander_12d,12,mes_gumbel,native,decay_uniform_grid_a1_2,191,167,30,0.34757409726360355,0.0,0.49737582298249866,0.09080798593507032,0.0,0.8251567445879061,0.0,1.5831511282426085,0.7724082822010288,0.6245723219228917,0.6871032226178354,84.66666666666667,80.2,962.5693253248309,1.282949215779081,0.002934734197333455,3.640935398126021
turbo_lunar_lander_12d,12,mes_gumbel,native,decay_uniform_grid_a1_2,192,168,30,0.3279693228215568,0.0,0.4433829648773057,0.08095028382560704,0.0,0.798352705020806,0.0,1.140750499989732,0.7723500833259733,0.6242640692649976,0.6867244864023015,85.2,80.8,968.1754860912449,0.853346538109084,0.003120279017214974,3.7528939180076124
turbo_lunar_lander_12d,12,mes_gumbel,native,decay_uniform_grid_a1_2,193,169,30,0.33531076886668304,0.0,0.4621400345938843,0.08437484055776275,0.0,0.7871017129245284,0.0,1.2307909508075792,0.7721656711202177,0.6238885882887276,0.686217866803823,85.76666666666667,81.3,973.2465516941933,0.4816440575600912,0.0028143443632870913,3.804240088288983
turbo_lunar_lander_12d,12,mes_gumbel,native,decay_uniform_grid_a1_2,194,170,30,0.3471964984505601,0.0,0.46658531697183425,0.08518643436872388,0.0,0.797769412257691,0.0,1.2806894354321545,0.7827779063801219,0.6394631654711682,0.7001329613325201,86.23333333333333,81.73333333333333,978.9964409561052,0.7441171811738362,0.07015332309529185,3.8862594766387093
turbo_lunar_lander_12d,12,mes_gumbel,native,decay_uniform_grid_a1_2,195,171,30,0.3387791113346346,0.0,0.4689907744888036,0.08562560881644538,0.0,0.7301891363147519,0.0,1.279491289838759,0.7827316574931178,0.6391539877233077,0.6999527157841634,86.7,82.46666666666667,985.0043939039732,1.172647854189078,0.002893956083183487,3.8573641777659455
turbo_lunar_lander_12d,12,mes_gumbel,native,decay_uniform_grid_a1_2,196,172,30,0.3502798281094356,0.0,0.4850444327295621,0.08855659239942608,0.0,0.7342049705746058,0.0,1.2750081263193715,0.7826913160948317,0.6388980105648557,0.6997114278862168,87.06666666666666,83.1,991.1057423559173,1.1023093666105221,0.002941256420065959,3.766373081908872
turbo_lunar_lander_12d,12,mes_gumbel,native,decay_uniform_grid_a1_2,197,173,30,0.3299947390699316,0.0,0.45528799206342097,0.08312383447145623,0.0,0.760094913901973,0.0,1.1865793316279114,0.7822877108993116,0.6386453429086373,0.6994870143305036,87.43333333333334,83.5,996.9741341112026,1.1046825988062967,0.0030090479490657647,3.8107527600446094
turbo_lunar_lander_12d,12,mes_gumbel,native,decay_uniform_grid_a1_2,198,174,30,0.33520872397091045,0.0,0.4650083826588934,0.08489852687042333,0.0,0.7118147678338543,0.0,1.3033481323872145,0.7821008991336253,0.6383632431463881,0.6992624307034142,87.83333333333333,84.0,1002.9003127194941,1.106076299197351,0.002883368590846658,3.7178203172516078
turbo_lunar_lander_12d,12,mes_gumbel,native,decay_uniform_grid_a1_2,199,175,30,0.37367024772478136,0.0,0.5410016921991933,0.09877294348865494,0.0,0.7705403508123634,0.0,1.9714494703162835,0.7733320897716145,0.6233687691768824,0.6865769790265418,88.2,84.43333333333334,1009.096712301656,1.2341990024006615,0.06855947505682707,3.7211840082580845
turbo_lunar_lander_12d,12,mes_gumbel,native,decay_uniform_grid_a1_2,2,0,30,2.885570233135184,2.8293080899717786,0.4982639284972421,0.09097013107636022,2.517399148613383,3.238257766184881,1.8437588878566724,3.9886089859838023,0.9996801932678034,0.9944561142072189,0.9987245304408059,0.0,0.0,3.392237817744414,0.0,0.001404636725783348,2.1102759030337137
turbo_lunar_lander_12d,12,mes_gumbel,native,decay_uniform_grid_a1_2,20,0,30,2.061611883645981,2.104385787790042,0.34075255035328955,0.06221261945197055,1.8126988241714181,2.2639419317645997,1.110178421976981,2.7188176888560056,0.9951943940238099,0.9650347806448117,0.9853139315771867,0.0,0.0,55.735612948378545,0.0,0.0014023253849397104,2.429678154705713
turbo_lunar_lander_12d,12,mes_gumbel,native,decay_uniform_grid_a1_2,200,176,30,0.3137036165433536,0.0,0.4356926243517173,0.07954622616535341,0.0,0.621120717342546,0.0,1.1465547800867926,0.7731488740709413,0.623047756103794,0.6861776166568598,88.7,85.03333333333333,1014.5066668350095,0.7208533304433028,0.0029233747938026983,3.76150824612317
turbo_lunar_lander_12d,12,mes_gumbel,native,decay_uniform_grid_a1_2,201,177,30,0.3661831450477266,0.0,0.5174045965191273,0.09446472295679499,0.0,0.8083798451228896,0.0,1.6919416923981259,0.7731312263953642,0.6227746125278476,0.6860146027467875,89.0,85.5,1020.2938942474624,1.0433089879496644,0.002981045376509428,3.695345298775161
turbo_lunar_lander_12d,12,mes_gumbel,native,decay_uniform_grid_a1_2,202,178,30,0.3464156242175215,0.0,0.4787463659013926,0.08740672797593826,0.0,0.8032647061005391,0.0,1.2677191307193976,0.772526200444614,0.622463860918053,0.6855535962032474,89.26666666666667,85.8,1025.9222885947363,0.9630691155480842,0.002985130917901794,3.683595038065687
turbo_lunar_lander_12d,12,mes_gumbel,native,decay_uniform_grid_a1_2,203,179,30,0.3624111600499233,0.0,0.4962266758774759,0.09059818133796607,0.0,0.8730127851524885,0.0,1.3798218007028367,0.7719774961052812,0.6221276331834701,0.6849655143915125,89.7,86.16666666666667,1031.347384692837,0.8491327382003268,0.0029854288635154567,3.666789360763505
turbo_lunar_lander_12d,12,mes_gumbel,native,decay_uniform_grid_a1_2,204,180,30,0.34199125222787924,0.0,0.46928126142951304,0.08567864423314112,0.0,0.7863264798009049,0.0,1.2315242406845472,0.7783777284052686,0.6336375569143661,0.6944801677430156,90.13333333333334,86.76666666666667,1036.6965379820515,0.6510346394653121,0.06917718516973158,3.7926539387088267
turbo_lunar_lander_12d,12,mes_gumbel,native,decay_uniform_grid_a1_2,205,181,30,0.3528800239947728,0.0,0.4834434721552306,0.08826429832601349,0.0,0.742952771181961,0.0,1.21516174602205,0.7782719692441287,0.6333121018363271,0.6941742006991769,90.66666666666667,87.33333333333333,1042.18223613721,0.932388498991107,0.0029257385525852443,3.600712783075869
turbo_lunar_lander_12d,12,mes_gumbel,native,decay_uniform_grid_a1_2,206,182,30,0.38090886608810276,0.0,0.5267464546302326,0.09617030509561665,0.0,0.8962475205967773,0.0,1.704464621507337,0.7781370084989365,0.6330265259005968,0.6938348021637186,91.0,87.93333333333334,1048.0376261013405,1.1255577355933686,0.0029333665035665034,3.6900983673520384
turbo_lunar_lander_12d,12,mes_gumbel,native,decay_uniform_grid_a1_2,207,183,30,0.35063763866846254,0.0,0.5199101168568678,0.09492216629255114,0.0,0.8459029987735642,0.0,1.6234212862360597,0.7777419201772099,0.6327513883848329,0.6936269275657437,91.43333333333334,88.3,1053.702885457982,0.9055834494220714,0.002923040526608626,3.6857603564547996
turbo_lunar_lander_12d,12,mes_gumbel,native,decay_uniform_grid_a1_2,208,184,30,0.32786521504015914,0.0,0.45936585087569276,0.08386834622405706,0.0,0.8167023524838632,0.0,1.2814572788897527,0.7774128561710613,0.6324504093086393,0.6931519555805584,91.93333333333334,88.9,1058.8055956630037,0.6603921658825129,0.0029623589633653562,3.4786213848739864
turbo_lunar_lander_12d,12,mes_gumbel,native,decay_uniform_grid_a1_2,209,185,30,0.3157599609785055,0.0,0.45688057851106556,0.08341459964550689,0.0,0.768045574287846,0.0,1.3228421301707218,0.7731834580970883,0.6214010648372132,0.6847010107062711,92.3,89.36666666666666,1063.9547587829177,0.728522615833208,0.07140391965707144,3.5777425630949438
turbo_lunar_lander_12d,12,mes_gumbel,native,decay_uniform_grid_a1_2,21,0,30,2.0103557832540613,2.1196253294823966,0.45621493106484673,0.0832930696049603,1.8201512959423876,2.2685593450080273,0.35543964366029956,2.6623164610743437,0.9950198861468054,0.9639788771103057,0.9847182647098223,0.0,0.0,58.658529340382664,0.0,0.0014019327393422524,2.514552131248638
turbo_lunar_lander_12d,12,mes_gumbel,native,decay_uniform_grid_a1_2,210,186,30,0.33471258750394156,0.0,0.4971893534544953,0.09077394141281205,0.0,0.8232433269408126,0.0,1.4991999799181266,0.7730301529309042,0.6211450496013006,0.6844191168535488,92.63333333333334,89.8,1069.633611807848,1.1375726527534424,0.0031459441408514975,3.605325273191556
turbo_lunar_lander_12d,12,mes_gumbel,native,decay_uniform_grid_a1_2,211,187,30,0.3377392451546909,0.0,0.49116268939834845,0.08967362812945966,0.0,0.8112466804239888,0.0,1.523091433155933,0.7729596896829403,0.6208308134266526,0.6841299558708702,93.1,90.26666666666667,1074.792548336756,0.8010655619824926,0.0030614393452803295,3.5674791680338482
turbo_lunar_lander_12d,12,mes_gumbel,native,decay_uniform_grid_a1_2,212,188,30,0.34327854118136636,0.0,0.5019379631970633,0.09164091497040981,0.0,0.8389982417176214,0.0,1.5415140721517842,0.7729167180183648,0.6205563151373514,0.6838328283833691,93.53333333333333,90.83333333333333,1080.6203894231778,1.090751346340403,0.003102158134182294,3.6302387920518715
turbo_lunar_lander_12d,12,mes_gumbel,native,decay_uniform_grid_a1_2,213,189,30,0.3171612133689687,0.0,0.46072919629525366,0.08411725790404534,0.0,0.7971623976767752,0.0,1.396380272106781,0.7726987407431323,0.6203068541487682,0.6835281588901663,93.8,91.13333333333334,1086.664316085074,1.184738167344282,0.0032265519878516597,3.770830700562025
turbo_lunar_lander_12d,12,mes_gumbel,native,decay_uniform_grid_a1_2,214,190,30,0.3160220878553537,0.0,0.46569406431126154,0.0850237146398465,0.0,0.7255715871134566,0.0,1.4195333106695553,0.7717511604897443,0.6185138234838513,0.6819056070356562,94.2,91.6,1092.1008149694185,0.8520157820234696,0.07774836841660242,3.5923135568077367
turbo_lunar_lander_12d,12,mes_gumbel,native,decay_uniform_grid_a1_2,215,191,30,0.3026934868236638,0.0,0.4545826454415111,0.08299505638622953,0.0,0.7363601564848046,0.0,1.5060657977447236,0.7716179313441243,0.6182402038101351,0.681611945398281,94.46666666666667,92.06666666666666,1097.6285832932374,1.0260903891641646,0.003342615688840548,3.6553661221638323
turbo_lunar_lander_12d,12,mes_gumbel,native,decay_uniform_grid_a1_2,216,192,30,0.3107046718059149,0.0,0.46758854561709284,0.08536959802183837,0.0,0.6739751162184868,0.0,1.5400864234363998,0.7714317066437705,0.6179630075615203,0.6812339825923482,94.76666666666667,92.56666666666666,1103.6254120250853,0.9612286147971948,0.0035822163335978985,3.839923560215781
turbo_lunar_lander_12d,12,mes_gumbel,native,decay_uniform_grid_a1_2,217,193,30,0.3108232302718121,0.0,0.4634998873844043,0.08462311457384747,0.0,0.7235740903055492,0.0,1.5031491283855098,0.7712429549231283,0.6176650626607132,0.6809407389227989,95.13333333333334,93.1,1108.9557260327663,0.6566066103832175,0.0035080849813918275,3.807710572844371
turbo_lunar_lander_12d,12,mes_gumbel,native,decay_uniform_grid_a1_2,218,194,30,0.3166255084249684,0.0,0.4730728606850244,0.08637089238022891,0.0,0.7393870691009395,0.0,1.5452916422833132,0.7704667777762783,0.6173855932412736,0.6806184460338814,95.53333333333333,93.53333333333333,1114.8824881931457,0.9699791675278296,0.003411986477052172,3.874011620692909
turbo_lunar_lander_12d,12,mes_gumbel,native,decay_uniform_grid_a1_2,219,195,30,0.31614404614470526,0.0,0.4789774466953639,0.0874489173637597,0.0,0.6550895750566158,0.0,1.420004168419331,0.7700382082417403,0.6165691979623616,0.6800314964196738,96.0,94.0,1120.7170347070942,0.9778836995673676,0.08923403716956575,3.788482626962165
turbo_lunar_lander_12d,12,mes_gumbel,native,decay_uniform_grid_a1_2,22,0,30,2.018812395918843,2.0954128147140247,0.4247300673108744,0.07754474623895116,1.8243497978773924,2.256515884138674,0.4386501698383287,2.6667800721842894,0.9947753131421503,0.9627320698773395,0.9839994741725716,0.0,0.0,61.58319456074387,0.0,0.0014326829618463914,2.559105475619435
turbo_lunar_lander_12d,12,mes_gumbel,native,decay_uniform_grid_a1_2,220,196,30,0.3004796039194254,0.0,0.4507147174120269,0.08228887257537787,0.0,0.6464957730912175,0.0,1.3753295671698913,0.7698522659324759,0.6162457685559448,0.67969830416498,96.53333333333333,94.33333333333333,1126.2909406520891,0.6721468123607337,0.0035446853066484134,3.9540458710398525
turbo_lunar_lander_12d,12,mes_gumbel,native,decay_uniform_grid_a1_2,221,197,30,0.32872268708575436,0.0,0.4827491764401255,0.0881375378510994,0.0,0.8159046975130705,0.0,1.4226203785151577,0.7688512687845839,0.6159768870022815,0.6793762055415792,96.86666666666666,94.86666666666666,1131.9602933801712,0.7265773063680778,0.0036701383534818886,4.035027755005285
turbo_lunar_lander_12d,12,mes_gumbel,native,decay_uniform_grid_a1_2,222,198,30,0.37213720811468126,0.0,0.5259172069939888,0.0960189058835738,0.0,0.741368721470246,0.0,1.6212810838449787,0.7686081417462411,0.6158045765819421,0.6791728444365188,97.13333333333334,95.2,1138.2799913680647,1.0933592704900852,0.0035367758634189763,3.9660853965828817
turbo_lunar_lander_12d,12,mes_gumbel,native,decay_uniform_grid_a1_2,223,199,30,0.3919656354405589,0.0,0.5594471096658818,0.10214060056502332,0.0,0.7879834366250931,0.0,1.6524390764862353,0.7678364911752694,0.6155784294473235,0.6789748416585055,97.5,95.76666666666667,1144.694072420802,1.0703477102487038,0.0035248189233243465,4.0833401621785015
turbo_lunar_lander_12d,12,mes_gumbel,native,decay_uniform_grid_a1_2,224,200,30,0.2719597877259913,0.0,0.43949669549585346,0.08024075135735269,0.0,0.5191680532566698,0.0,1.2170477666384514,0.7790118376187063,0.6338440668424156,0.694441335068234,97.96666666666667,96.13333333333334,1150.4630425005996,0.9139740895479918,0.09275580739292005,3.9192572755739095
turbo_lunar_lander_12d,12,mes_gumbel,native,decay_uniform_grid_a1_2,225,201,30,0.2863232988344128,0.0,0.4483124517924593,0.08185028088572577,0.0,0.7305940147838043,0.0,1.2166586445268632,0.7788508336424143,0.6334698780041104,0.6940451736448557,98.4,96.63333333333334,1155.9470819658911,0.8438357209165891,0.00352433182609578,3.8132082189588496
turbo_lunar_lander_12d,12,mes_gumbel,native,decay_uniform_grid_a1_2,226,202,30,0.26873840747553984,0.0,0.4251166352706521,0.07761532356947749,0.0,0.6626078555483559,0.0,1.1583143163344545,0.778605270358069,0.6332132559424526,0.6938363256926336,98.76666666666667,97.03333333333333,1161.4205383457088,0.8901267903701713,0.0034005222842097282,3.703322467735658
turbo_lunar_lander_12d,12,mes_gumbel,native,decay_uniform_grid_a1_2,227,203,30,0.24556540347691974,0.0,0.4038175183551791,0.07372665463962935,0.0,0.4587118338341418,0.0,1.1650325834526543,0.778494172684407,0.6329669292721509,0.6936027827474347,99.13333333333334,97.56666666666666,1167.1095101059104,1.0489120876261344,0.0034010983382662136,3.6521862750252088
turbo_lunar_lander_12d,12,mes_gumbel,native,decay_uniform_grid_a1_2,228,204,30,0.2511516951403809,0.0,0.4225032110292763,0.07713817976636671,0.0,0.3215155571305845,0.0,1.187266845699913,0.7784582064282259,0.6327032295528646,0.69334853548988,99.43333333333334,98.03333333333333,1172.2944415940904,0.7246545845797906,0.0033789677700648705,3.618970353668556
turbo_lunar_lander_12d,12,mes_gumbel,native,decay_uniform_grid_a1_2,229,205,30,0.24588542925994805,0.0,0.40200221902582167,0.073395227842525,0.0,0.38900103176654327,0.0,1.1876934781095083,0.7858811999064188,0.6398932796185821,0.7009170973518631,100.0,98.56666666666666,1177.7186998547365,0.8358296914957464,0.08669950165785849,3.809774856719499
turbo_lunar_lander_12d,12,mes_gumbel,native,decay_uniform_grid_a1_2,23,0,30,2.029291854648789,2.0924241953842992,0.4307785176434424,0.07864903713398352,1.8221556810613653,2.2998905622316252,0.4639975490151611,2.646881173905956,0.994474263862337,0.9616650611612246,0.9833508850634076,0.0,0.0,64.3292892133041,0.0,0.0013418639854838451,2.369555558481564
turbo_lunar_lander_12d,12,mes_gumbel,native,decay_uniform_grid_a1_2,230,206,30,0.2597672318853804,0.0,0.4219339866395731,0.07703425408685918,0.0,0.5291744484277536,0.0,1.2387322613384049,0.7856613286666747,0.6396405700176012,0.7007014491882154,100.26666666666667,98.93333333333334,1183.337753244629,1.0247013680016002,0.0034933967205385366,3.6729416832327844
turbo_lunar_lander_12d,12,mes_gumbel,native,decay_uniform_grid_a1_2,231,207,30,0.24967703243158734,0.0,0.40985896128973937,0.07482966616467564,0.0,0.4591415974310723,0.0,1.2288321190837708,0.7856017065344474,0.6393964143363328,0.7004393440478023,100.56666666666666,99.36666666666666,1188.804976161197,0.8691952416828523,0.0035405411074558896,3.6843836572176465
turbo_lunar_lander_12d,12,mes_gumbel,native,decay_uniform_grid_a1_2,232,208,30,0.24416626799925786,0.0,0.398228247088724,0.07270619798874504,0.0,0.4690239504609585,0.0,1.1024195743375098,0.7855068447276675,0.6391727254378752,0.7002371883192599,100.86666666666666,99.76666666666667,1194.7626021476929,1.110952187764148,0.003511119696001212,3.837955227463196
turbo_lunar_lander_12d,12,mes_gumbel,native,decay_uniform_grid_a1_2,233,209,30,0.2607330841946182,0.0,0.4241841242119045,0.07744507112214447,0.0,0.5724815810031254,0.0,1.2703662710618506,0.7853747654244035,0.6388737375777117,0.6999267530989981,101.23333333333333,100.23333333333333,1200.1433633249874,0.7598573322718342,0.003577172989025712,3.7595887042892477
turbo_lunar_lander_12d,12,mes_gumbel,native,decay_uniform_grid_a1_2,234,210,30,0.27366792617753244,0.0,0.44375726080419386,0.08101862059972002,0.0,0.6293716340174815,0.0,1.1800528596490638,0.784028739912569,0.6369792794920871,0.6983043537281081,101.56666666666666,100.6,1205.496430906405,0.7808323013285796,0.089750138282155,3.6641180651728065
turbo_lunar_lander_12d,12,mes_gumbel,native,decay_uniform_grid_a1_2,235,211,30,0.26978984994385763,0.0,0.43567035457300457,0.0795421602786362,0.0,0.6624196312241976,0.0,1.2831971109978708,0.783880816952797,0.6367988536186132,0.6981673861780963,101.9,100.93333333333334,1211.159463006522,0.8293445591659595,0.003619989131887754,3.72439762535505
turbo_lunar_lander_12d,12,mes_gumbel,native,decay_uniform_grid_a1_2,236,212,30,0.271110838078274,0.0,0.43934147695715237,0.08021241245902283,0.0,0.6479749079516268,0.0,1.2263658770296384,0.7837828547968729,0.6365513269389953,0.6978683432454105,102.33333333333333,101.23333333333333,1216.649467249758,0.9181011220595489,0.003711218930160006,3.742602089140564
turbo_lunar_lander_12d,12,mes_gumbel,native,decay_uniform_grid_a1_2,237,213,30,0.2661407698969988,0.0,0.43556795048147534,0.07952346393499907,0.0,0.5322276573369156,0.0,1.259271358578954,0.783722446565205,0.6363123419067697,0.6976188983166076,102.63333333333334,101.83333333333333,1222.3096345709482,1.1274224766840537,0.003690407207856576,3.7222527576144784
turbo_lunar_lander_12d,12,mes_gumbel,native,decay_uniform_grid_a1_2,238,214,30,0.27009703086089876,0.0,0.4313103935611356,0.07874614394662163,0.0,0.675853511239426,0.0,1.1875315788986478,0.7836298983227293,0.636068491915227,0.6974101669703603,102.93333333333334,102.16666666666667,1228.282115689246,1.0919290826655925,0.00360799222253263,3.8070142282638697
turbo_lunar_lander_12d,12,mes_gumbel,native,decay_uniform_grid_a1_2,239,215,30,0.272692281085973,0.0,0.4387189731487905,0.08009875933303194,0.0,0.6019312226642606,0.0,1.2157786536781447,0.7833557803026964,0.6352191436723374,0.6968478299398928,103.3,102.63333333333334,1233.9345413606147,0.8214533997699618,0.09545450893541177,3.801281518007939
turbo_lunar_lander_12d,12,mes_gumbel,native,decay_uniform_grid_a1_2,24,0,30,1.9789134699739348,1.8978690382657675,0.6695397847580342,0.12224068108637631,1.7052837871157773,2.3542641825037984,0.0,3.869210107643327,0.7245680538849998,0.5573613631664515,0.6330507827136042,0.0,0.0,66.70750092146918,0.0,0.010972595354542137,2.0040861922471476
turbo_lunar_lander_12d,12,mes_gumbel,native,decay_uniform_grid_a1_2,240,216,30,0.23380218608509024,0.0,0.38567874450052747,0.07041498277107014,0.0,0.38719757320067655,0.0,1.110744271236726,0.783210621150104,0.6349891550012832,0.6966227828424743,103.8,103.23333333333333,1239.1904290384457,0.8894285891049852,0.0035968761580685775,3.556705037209516
turbo_lunar_lander_12d,12,mes_gumbel,native,decay_uniform_grid_a1_2,241,217,30,0.22832505100702136,0.0,0.4051901757952901,0.07397726645418805,0.0,0.19687007750933883,0.0,1.2118041414145497,0.7831611171081454,0.6347445293030065,0.6963791283897387,104.13333333333334,103.73333333333333,1244.5739202139277,0.9449340810688833,0.0035276948940008877,3.4970340555999426
turbo_lunar_lander_12d,12,mes_gumbel,native,decay_uniform_grid_a1_2,242,218,30,0.24153205066657613,0.0,0.43899406470782326,0.08014898395045245,0.0,0.19725348655017277,0.0,1.293150634688606,0.7828069300379378,0.6345135535384451,0.6960745321752879,104.53333333333333,104.26666666666667,1249.8918399664728,0.8240907095372677,0.0036163665819913147,3.6325500483624635
turbo_lunar_lander_12d,12,mes_gumbel,native,decay_uniform_grid_a1_2,243,219,30,0.23898310803925568,0.0,0.4221341892157114,0.07707080590919972,0.0,0.311547416691062,0.0,1.2931323770213998,0.7822004984760481,0.6342122678911378,0.6957481886434166,105.0,104.86666666666666,1254.9710945821057,0.7258628905906032,0.003775798467298349,3.6251228301630665
turbo_lunar_lander_12d,12,mes_gumbel,native,decay_uniform_grid_a1_2,244,220,30,0.288691742019255,0.0,0.49133574634016963,0.08970522385971576,0.0,0.40247232551912115,0.0,1.6679933657834074,0.787646173286884,0.6391873792635371,0.7011952124669328,105.23333333333333,105.36666666666666,1260.8513371730223,1.1202344321180135,0.10158428406963746,3.777608522819355
turbo_lunar_lander_12d,12,mes_gumbel,native,decay_uniform_grid_a1_2,245,221,30,0.2868421703751333,0.0,0.49550699602923104,0.09046678637561087,0.0,0.33758671393981615,0.0,1.688443386108764,0.7872979932969414,0.6389596051522513,0.701041561535738,105.5,105.8,1266.6426743382588,1.1220607097105433,0.0036408853717148303,3.778663978058224
turbo_lunar_lander_12d,12,mes_gumbel,native,decay_uniform_grid_a1_2,246,222,30,0.2868614292857696,0.0,0.4841611226597287,0.08839532278258634,0.0,0.40838759060685886,0.0,1.6524433237241853,0.7869595813528468,0.6386762746775764,0.700781791088471,105.93333333333334,106.3,1272.3248536728322,0.9276070015039295,0.0038581356406211854,3.8229913347245503
turbo_lunar_lander_12d,12,mes_gumbel,native,decay_uniform_grid_a1_2,247,223,30,0.2815784846023656,0.0,0.4724913523887609,0.08626472397648226,0.0,0.4597503336824117,0.0,1.6578126261593342,0.7866576385359261,0.6384410402562763,0.7005538535754767,106.13333333333334,106.73333333333333,1278.3351911040643,1.0670316432137041,0.0037777754478156567,3.760193764837459
turbo_lunar_lander_12d,12,mes_gumbel,native,decay_uniform_grid_a1_2,248,224,30,0.29434682582836785,0.0,0.49271603290965993,0.08995722855635951,0.0,0.4631882564718688,0.0,1.6407709095644087,0.7865218713603315,0.6381610327550773,0.7002636969264806,106.4,107.2,1283.5971234765059,0.7672761522854368,0.003770862783615788,3.7490694367482016
turbo_lunar_lander_12d,12,mes_gumbel,native,decay_uniform_grid_a1_2,249,225,30,0.30594567448819954,0.0,0.49644671204833907,0.09063835426271567,0.0,0.44032495192695964,0.0,1.6411396573360968,0.7754653591554829,0.6206516404241369,0.6859083180217631,106.86666666666666,107.8,1288.7869358103878,0.5985651296408226,0.09767428318349024,3.677951105311513
turbo_lunar_lander_12d,12,mes_gumbel,native,decay_uniform_grid_a1_2,25,1,30,2.0756182034705875,1.9198759438106368,0.7938944002893317,0.14494462377183429,1.6693165720727356,2.5578766736898775,0.0,3.8899317486328018,0.7219891185491555,0.5547590916814509,0.6303203155274617,0.5333333333333333,0.0,70.77287317849695,1.3100661580295612,0.0014095216058194638,1.9804270368845514
turbo_lunar_lander_12d,12,mes_gumbel,native,decay_uniform_grid_a1_2,250,226,30,0.2747179175821707,0.0,0.46099891246354935,0.08416650111387848,0.0,0.3639630753850737,0.0,1.6953891991981092,0.775181289287009,0.6203473105494438,0.6856800884100646,107.26666666666667,108.2,1294.1366311879362,0.9762956786279877,0.00353763645204405,3.452849212350945
turbo_lunar_lander_12d,12,mes_gumbel,native,decay_uniform_grid_a1_2,251,227,30,0.2696446155821968,0.0,0.45749217223839245,0.08352626087233542,0.0,0.3637986618003911,0.0,1.7756208139876852,0.7749100624373984,0.6201175170058063,0.6854916632645611,107.56666666666666,108.76666666666667,1299.7987132418434,1.0608717808810373,0.0036349027728041013,3.7028429224311066
turbo_lunar_lander_12d,12,mes_gumbel,native,decay_uniform_grid_a1_2,252,228,30,0.29309754813347383,0.0,0.4777457594439149,0.08722404306662297,0.0,0.46235544336826045,0.0,1.6118597648943078,0.7747880145551288,0.6198657875034678,0.6851894013051878,107.86666666666666,109.3,1305.550692263913,0.9047932718104372,0.00374989602714777,3.8510851977858693
turbo_lunar_lander_12d,12,mes_gumbel,native,decay_uniform_grid_a1_2,253,229,30,0.28861739237887013,0.0,0.49228150692961364,0.08987789532932838,0.0,0.4140980974750861,0.0,1.601870789665779,0.7746735565885329,0.6195893029498847,0.6849205567989077,108.33333333333333,109.86666666666666,1310.7731463730956,0.5980020502892633,0.0038816378296663363,3.934670754413431
turbo_lunar_lander_12d,12,mes_gumbel,native,decay_uniform_grid_a1_2,254,230,30,0.2737040610429214,0.0,0.4735717090686028,0.08646196921771586,0.0,0.36283852356923774,0.0,1.6381327601511135,0.7812397047012835,0.6313767949068816,0.6938949693069231,108.56666666666666,110.3,1317.0549817334395,1.1004704806177565,0.11102601219899952,3.909895887551829
turbo_lunar_lander_12d,12,mes_gumbel,native,decay_uniform_grid_a1_2,255,231,30,0.27609333042003975,0.0,0.4744304618805923,0.0866187553131984,0.0,0.36212127891292173,0.0,1.6050231591916364,0.7810853415361645,0.6311768922062648,0.693633220374936,108.8,110.63333333333334,1323.1623110980106,1.0583073719094196,0.004070261710633834,3.903332037261377
turbo_lunar_lander_12d,12,mes_gumbel,native,decay_uniform_grid_a1_2,256,232,30,0.22524615436999068,0.0,0.4045406970432608,0.07385868839981913,0.0,0.28234045632566523,0.0,1.0885316752451342,0.7809752395948736,0.6309448159997049,0.6934301130720978,109.13333333333334,110.86666666666666,1328.8030249148917,0.8140910802874715,0.004667173465713858,3.8646237190812824
turbo_lunar_lander_12d,12,mes_gumbel,native,decay_uniform_grid_a1_2,257,233,30,0.26309640419506863,0.0,0.43701679169445934,0.0797879849398639,0.0,0.4221165935077236,0.0,1.1315229573566765,0.7808904005959395,0.630641170457252,0.6931560291106045,109.6,111.46666666666667,1334.0580211923302,0.6000162835543355,0.003919373856236538,3.8752438104866695
turbo_lunar_lander_12d,12,mes_gumbel,native,decay_uniform_grid_a1_2,258,234,30,0.22802773235911636,0.0,0.41567284352804323,0.07589113098087485,0.0,0.29209905367881706,0.0,1.2982860773988856,0.7807738110923967,0.630357068389619,0.6928517914259223,110.03333333333333,111.96666666666667,1339.569206578238,0.9202239147697886,0.0040053943637758495,3.7771085020620374
turbo_lunar_lander_12d,12,mes_gumbel,native,decay_uniform_grid_a1_2,259,235,30,0.2158755342992295,0.0,0.389881791299459,0.0711823506184117,0.0,0.25527983779876046,0.0,1.1054795012818952,0.7802644696132663,0.6292035764296153,0.6919654625872129,110.33333333333333,112.36666666666666,1345.4919505850878,1.1241179089993238,0.11655423288854459,3.7938177870741736
turbo_lunar_lander_12d,12,mes_gumbel,native,decay_uniform_grid_a1_2,26,2,30,1.9947064236935736,1.9364234203538109,0.8687125465498432,0.15860448591103526,1.6114050903584967,2.4376318507999346,0.0,3.864448006671237,0.7195296080369438,0.5520052158887973,0.6274636967735563,1.1333333333333333,0.6,75.03566142545702,1.3490278964707008,0.0014227242674678565,2.071457032626495
turbo_lunar_lander_12d,12,mes_gumbel,native,decay_uniform_grid_a1_2,260,236,30,0.21590246223997542,0.0,0.3910436035067245,0.07139446753624643,0.0,0.26558100086937064,0.0,1.1391723026023186,0.7796100074624815,0.6288908894959166,0.6916846999535041,110.9,113.03333333333333,1350.571121699984,0.7076495977429053,0.003842543034503857,3.6129421034827827
turbo_lunar_lander_12d,12,mes_gumbel,native,decay_uniform_grid_a1_2,261,237,30,0.22628212732865552,0.0,0.40943907002236,0.0747530048583946,0.0,0.25032542819959985,0.0,1.1546909128924665,0.7793335877639809,0.6286525609295054,0.6914756262726572,111.2,113.5,1355.7798594074789,0.7786531871960809,0.0037216880669196446,3.6664447168819607
turbo_lunar_lander_12d,12,mes_gumbel,native,decay_uniform_grid_a1_2,262,238,30,0.24179046929527737,0.0,0.44433365320064744,0.08112385497222405,0.0,0.2492889780690809,0.0,1.2951009625936187,0.7792133349298734,0.6283862155737372,0.6912504880330016,111.66666666666667,113.93333333333334,1361.041239691805,0.7072316814369212,0.003871338178093235,3.7184517515823243
turbo_lunar_lander_12d,12,mes_gumbel,native,decay_uniform_grid_a1_2,263,239,30,0.2309778778800214,0.0,0.4153484665044035,0.07583190810988023,0.0,0.275478099108853,0.0,1.1984494336014238,0.7789947231678163,0.6281619288727659,0.6910584942146384,112.03333333333333,114.36666666666666,1367.027094416367,1.139214617665857,0.003910421176503102,3.7776661089466264
turbo_lunar_lander_12d,12,mes_gumbel,native,decay_uniform_grid_a1_2,264,240,30,0.22374315238198322,0.0,0.4111670955561769,0.07506849771333342,0.0,0.26131666065279074,0.0,1.1944250498642446,0.7762008667762648,0.6219901565679393,0.686790346629531,112.5,114.93333333333334,1372.3157385095644,0.5214419548244525,0.12062884957219164,3.8604892662726344
turbo_lunar_lander_12d,12,mes_gumbel,native,decay_uniform_grid_a1_2,265,241,30,0.22309267772937505,0.0,0.41019927634272113,0.0748917989084012,0.0,0.2604300186349424,0.0,1.3195558027096888,0.7760297077987411,0.6217202835872537,0.6865179873749557,112.93333333333334,115.3,1377.8926694849818,0.8981703626923263,0.003996666722620527,3.7067658266983927
turbo_lunar_lander_12d,12,mes_gumbel,native,decay_uniform_grid_a1_2,266,242,30,0.20588298153537027,0.0,0.38255362562980855,0.06984441673761087,0.0,0.2728379777085657,0.0,1.2084452967673958,0.77588350219103,0.6215200311374036,0.6863211685715735,113.1,115.7,1383.9443220231526,1.2880633413791656,0.0039986816545327505,3.7459083038847893
turbo_lunar_lander_12d,12,mes_gumbel,native,decay_uniform_grid_a1_2,267,243,30,0.20465783433498247,0.0,0.3751191859176121,0.0684870799600168,0.0,0.26931395818518067,0.0,1.1120304327494939,0.7755567956627342,0.6213415300618198,0.6861360737790062,113.3,116.0,1389.9724059431348,1.0721984164323657,0.00404361590432624,3.76269402114364
turbo_lunar_lander_12d,12,mes_gumbel,native,decay_uniform_grid_a1_2,268,244,30,0.18125265609751723,0.0,0.34618416526989637,0.06320429212313958,0.0,0.25405037093937305,0.0,1.198725757781245,0.7753392289956048,0.6211151122693209,0.6858806958176561,113.8,116.5,1396.140169950435,1.0816034295285741,0.004207984885821739,3.954714512374873
turbo_lunar_lander_12d,12,mes_gumbel,native,decay_uniform_grid_a1_2,269,245,30,0.19962669975931663,0.0,0.3739263036415121,0.06826929044966076,0.0,0.2718766247357468,0.0,1.2392159986850926,0.7763274735428848,0.6214622586778817,0.6864901832202454,114.1,117.03333333333333,1401.9800578422378,0.9504402873571962,0.1251081394497305,3.9755421807058156
turbo_lunar_lander_12d,12,mes_gumbel,native,decay_uniform_grid_a1_2,27,3,30,1.926037545528324,1.9195755248405455,0.8120717752786134,0.1482633432111209,1.6772853248401676,2.3542526340510097,0.0,3.488174771109917,0.7174503344968056,0.5493327822156947,0.6245268011761198,1.7666666666666666,1.0333333333333334,78.81889745456478,1.0388345347717405,0.001490593592946728,2.0883416772975276
turbo_lunar_lander_12d,12,mes_gumbel,native,decay_uniform_grid_a1_2,270,246,30,0.23473281365558935,0.0,0.45897245162304245,0.0837965216757963,0.0,0.23747058089500656,0.0,1.742418793730125,0.7762076621467457,0.6212403567579956,0.6862033905364852,114.36666666666666,117.33333333333333,1408.1619899492246,1.2291012994168946,0.004378053375209371,3.8789684240085385
turbo_lunar_lander_12d,12,mes_gumbel,native,decay_uniform_grid_a1_2,271,247,30,0.21523770641154025,0.0,0.42023253242660896,0.07672361246919164,0.0,0.2971687268585143,0.0,1.743465969138839,0.7761295209000407,0.6210131395050519,0.6860074837310896,114.7,117.66666666666667,1414.0619015214188,1.0290461488068103,0.004526113377263149,3.913523864373565
turbo_lunar_lander_12d,12,mes_gumbel,native,decay_uniform_grid_a1_2,272,248,30,0.19627251463798148,0.0,0.37142210310340174,0.06781208807524756,0.0,0.24961261385562933,0.0,1.3693033353428266,0.7759608150858084,0.6207494044450576,0.685554238190446,115.0,118.23333333333333,1419.928355573242,1.1608447196427734,0.004358272238944968,3.8754064445694287
turbo_lunar_lander_12d,12,mes_gumbel,native,decay_uniform_grid_a1_2,273,249,30,0.19860228399588867,0.0,0.3633706614534975,0.06634210267121785,0.0,0.28169738784480114,0.0,1.1768257501485504,0.7759070491044244,0.620491719615046,0.6852064835331408,115.36666666666666,118.76666666666667,1425.5579659755963,1.0403830378626784,0.004293778942277034,3.799000299582258
turbo_lunar_lander_12d,12,mes_gumbel,native,decay_uniform_grid_a1_2,274,250,30,0.1733797679979925,0.0,0.3157863479920262,0.05765443538246966,0.0,0.23423244343978555,0.0,1.0228379330597654,0.7754809756549587,0.6190177008501557,0.6843533016084529,115.73333333333333,119.23333333333333,1431.9239700245826,1.3555821424971024,0.13276515750524898,3.8428885055085025
turbo_lunar_lander_12d,12,mes_gumbel,native,decay_uniform_grid_a1_2,275,251,30,0.19578450042442244,0.0,0.3604187129171052,0.06580315307055903,0.0,0.28703981857518196,0.0,1.2161777909754383,0.7753684993669367,0.6187315786965204,0.6841151623981611,116.13333333333334,119.8,1437.0360950482388,0.6471472819490979,0.004339246948560079,3.8457470855054754
turbo_lunar_lander_12d,12,mes_gumbel,native,decay_uniform_grid_a1_2,276,252,30,0.18898937332883972,0.0,0.3428350401705625,0.06259282833486896,0.0,0.335556217868799,0.0,1.1269890588643423,0.7752772337462298,0.6184829331654529,0.68388266695233,116.46666666666667,120.33333333333333,1443.0471727110755,1.1478055004030465,0.004336163370559613,3.864069697431599
turbo_lunar_lander_12d,12,mes_gumbel,native,decay_uniform_grid_a1_2,277,253,30,0.19416483402516427,0.0,0.3487510018370111,0.0636729302195522,0.0,0.30085649757456573,0.0,1.1197626182625071,0.7752501212230246,0.6182675873790925,0.6834679297233409,116.8,120.86666666666666,1449.11023685645,1.0647666883965334,0.004420166602358222,3.991151466748367
turbo_lunar_lander_12d,12,mes_gumbel,native,decay_uniform_grid_a1_2,278,254,30,0.20192872435577294,0.0,0.3678075444978623,0.0671521629806881,0.0,0.25872095752543856,0.0,1.1304195101006966,0.7750261344456573,0.6180643970647467,0.6832187039052717,117.06666666666666,121.26666666666667,1455.2979615466513,1.1246250008698553,0.00433923137995104,3.9327871337688216
turbo_lunar_lander_12d,12,mes_gumbel,native,decay_uniform_grid_a1_2,279,255,30,0.1907208647111175,0.0,0.35088737820832455,0.06406297739618201,0.0,0.2248663979195979,0.0,1.1532561341880825,0.7821673936971868,0.6300607153821398,0.6933406560133227,117.36666666666666,121.63333333333334,1460.9654663215235,0.9409280722029507,0.1344869658816606,3.912077522960802
turbo_lunar_lander_12d,12,mes_gumbel,native,decay_uniform_grid_a1_2,28,4,30,1.864562833760116,1.8234602375205862,0.7449889318487467,0.13601574768841249,1.5692913797238575,2.3617496803184994,0.0,3.3977852823649393,0.714920234483705,0.5464925491623822,0.6214072116346843,2.4,1.3666666666666667,82.74402675723347,1.2766409094134967,0.0014663294268151125,2.067182796526079
turbo_lunar_lander_12d,12,mes_gumbel,native,decay_uniform_grid_a1_2,280,256,30,0.20538986605880402,0.0,0.37794538794738886,0.06900307149460867,0.0,0.22432431651220092,0.0,1.1071789149180042,0.7817895736069777,0.6298303007733019,0.6931921653843739,117.73333333333333,122.16666666666667,1467.135968455455,1.2753223251240948,0.004537602079411348,3.8559234940602134
turbo_lunar_lander_12d,12,mes_gumbel,native,decay_uniform_grid_a1_2,281,257,30,0.20034409091020425,0.0,0.39240294832887634,0.0716426488104199,0.0,0.2249642781708605,0.0,1.53332919877052,0.7817313172630551,0.6296176441788154,0.6929375650695137,118.03333333333333,122.7,1473.1442777534792,1.0674555200307319,0.004470589958752195,3.9354363892848294
turbo_lunar_lander_12d,12,mes_gumbel,native,decay_uniform_grid_a1_2,282,258,30,0.19646840562743476,0.0,0.36532797747024054,0.06669945804939661,0.0,0.22332787251136366,0.0,1.14552537911574,0.7814059067368155,0.6293805897590813,0.6926281004637447,118.3,123.13333333333334,1479.0284609284406,0.9874211984065672,0.00467068914634486,4.059354219802966
turbo_lunar_lander_12d,12,mes_gumbel,native,decay_uniform_grid_a1_2,283,259,30,0.19822851411505704,0.0,0.3786623182416955,0.06913396445939218,0.0,0.10308379360535302,0.0,1.1499266171267275,0.7813577512038477,0.6291437811365665,0.6924545393919365,118.63333333333334,123.6,1485.377906135268,1.1998626753687858,0.004696912240857879,4.0817584166924155
turbo_lunar_lander_12d,12,mes_gumbel,native,decay_uniform_grid_a1_2,284,260,30,0.20163399627297238,0.0,0.40258881340399894,0.07350232483353614,0.0,0.040040289644935556,0.0,1.381351283663761,0.7812604707990923,0.6277436203142007,0.6917589474516164,119.0,123.96666666666667,1491.366582578048,1.002603408244128,0.13915755031630397,3.994890401000157
turbo_lunar_lander_12d,12,mes_gumbel,native,decay_uniform_grid_a1_2,285,261,30,0.18686360032136715,0.0,0.37121739072248794,0.06777471287897187,0.0,0.0,0.0,1.1960822967119764,0.7811679515857494,0.627520780254886,0.6915235087429731,119.3,124.5,1497.6844094959242,1.242830087399731,0.004602870857343078,4.100718044598277
turbo_lunar_lander_12d,12,mes_gumbel,native,decay_uniform_grid_a1_2,286,262,30,0.21234248949775272,0.0,0.4025744371605425,0.0734997001025917,0.0,0.03119611741406164,0.0,1.1572196771650378,0.7811411277360406,0.6273091362266716,0.6913661510749429,119.53333333333333,124.96666666666667,1503.780463441244,1.2643582256200412,0.004584792302921414,3.9632426232875635
turbo_lunar_lander_12d,12,mes_gumbel,native,decay_uniform_grid_a1_2,287,263,30,0.20683108975362116,0.0,0.39534599101680445,0.07217997243304619,0.0,0.0,0.0,1.2209292446091176,0.7809442417363355,0.6271057983247641,0.691291886345937,119.83333333333333,125.3,1509.6603905006466,1.0535738493315876,0.004611661952609817,3.956736534368247
turbo_lunar_lander_12d,12,mes_gumbel,native,decay_uniform_grid_a1_2,288,264,30,0.22309624701559752,0.0,0.4216394963605832,0.07698048776393626,0.0,0.0,0.0,1.2148425964904805,0.7806258111621105,0.6268427264024571,0.6910579035789268,120.16666666666667,125.66666666666667,1515.3407187829105,0.9189355641603469,0.004941164407258233,4.019700198651602
turbo_lunar_lander_12d,12,mes_gumbel,native,decay_uniform_grid_a1_2,289,265,30,0.22048287680407339,0.0,0.4231460973647327,0.07725555421564714,0.0,0.0,0.0,1.3041135537073414,0.7781421151774139,0.6234309722609864,0.6881192533095812,120.5,126.13333333333334,1522.1123161783287,1.3615749722967545,0.1516350092831999,3.984761822409928
turbo_lunar_lander_12d,12,mes_gumbel,native,decay_uniform_grid_a1_2,29,5,30,1.9084212354241648,1.9241910954067523,0.5883118367167407,0.10741055460568497,1.6303052228870993,2.360740362173271,0.0,2.8864218642626405,0.7441280533436855,0.5788496680670502,0.6533185872767007,3.2666666666666666,1.8,85.7627602972556,0.4779581418260932,0.01133675364156564,2.072280215549593
turbo_lunar_lander_12d,12,mes_gumbel,native,decay_uniform_grid_a1_2,290,266,30,0.21068638262391934,0.0,0.40783963134195195,0.074460988643526,0.0,0.0,0.0,1.2843793287773062,0.777690672664979,0.6232158847404664,0.6877509833481098,120.76666666666667,126.6,1528.315391047811,1.3001221888543417,0.004746550771718224,4.027842525454859
turbo_lunar_lander_12d,12,mes_gumbel,native,decay_uniform_grid_a1_2,291,267,30,0.1765974673468044,0.0,0.34674410710165043,0.06330652304718706,0.0,0.0,0.0,1.1359804552007615,0.7770249104877396,0.6229814141391803,0.6875541125913317,121.1,127.0,1534.2678889345532,0.9719546559577187,0.004935835814103484,3.9292674181672433
turbo_lunar_lander_12d,12,mes_gumbel,native,decay_uniform_grid_a1_2,292,268,30,0.19953741435538966,0.0,0.39317708526848105,0.07178398623189307,0.0,0.0,0.0,1.2861549071020026,0.7764104630847848,0.6227656776365277,0.6873608734440263,121.36666666666666,127.46666666666667,1539.997830073256,1.0186988761648537,0.004727816643814246,3.8578233652282505
turbo_lunar_lander_12d,12,mes_gumbel,native,decay_uniform_grid_a1_2,293,269,30,0.17916833489597747,0.0,0.3555042226789705,0.06490589401653728,0.0,0.0,0.0,1.1267691036658691,0.776208769926663,0.6225433182074993,0.6869997056796447,121.63333333333334,127.93333333333334,1545.8242673187362,1.01397153432481,0.0048046848426262535,4.06246322277002
turbo_lunar_lander_12d,12,mes_gumbel,native,decay_uniform_grid_a1_2,294,270,30,0.1869005300548323,0.0,0.3802103236645835,0.06941659028914422,0.0,0.0,0.0,1.2447897190835735,0.7710637700454013,0.6148199567911175,0.6800570489522125,121.9,128.4,1552.4223340596384,1.4181154554865012,0.15294628087431192,3.9141274120037752
turbo_lunar_lander_12d,12,mes_gumbel,native,decay_uniform_grid_a1_2,295,271,30,0.186196545156827,0.0,0.37248578880623134,0.06800628962642608,0.0,0.0,0.0,1.1798466542060226,0.7707759272005809,0.6146143465943896,0.6798003976314907,122.23333333333333,128.8,1558.109522250605,0.8716895043539504,0.00491376374848187,3.947571987674261
turbo_lunar_lander_12d,12,mes_gumbel,native,decay_uniform_grid_a1_2,296,272,30,0.19239253714582935,0.0,0.37807215721414633,0.06902621629027582,0.0,0.0,0.0,1.2053316268007426,0.7707536982876187,0.6144494562311562,0.6796460431401545,122.4,129.3,1563.843205544896,0.9669441318294655,0.004886552738025784,3.847905005312835
turbo_lunar_lander_12d,12,mes_gumbel,native,decay_uniform_grid_a1_2,297,273,30,0.1820704218439518,0.0,0.36079160980147373,0.06587123441562305,0.0,0.0,0.0,1.1555566761763398,0.7703615462096128,0.6142296272850177,0.6794150892592997,122.7,129.7,1569.0898319641128,0.6692801169274996,0.004935765452682972,3.7926578362006693
turbo_lunar_lander_12d,12,mes_gumbel,native,decay_uniform_grid_a1_2,298,274,30,0.17126045659107791,0.0,0.3349598749933486,0.06115502646432255,0.0,0.0,0.0,0.9628681922933264,0.7702686558662154,0.6139895937165366,0.6792111602673929,122.93333333333334,130.03333333333333,1574.6490335694048,0.7031008063505093,0.00485054231248796,3.975915144725392
turbo_lunar_lander_12d,12,mes_gumbel,native,decay_uniform_grid_a1_2,299,275,30,0.16677526025637243,0.0,0.3268768590563923,0.05967927641054097,0.0,0.0,0.0,0.9690678474699903,0.7675347643647844,0.6108997521912323,0.6761999791469627,123.23333333333333,130.43333333333334,1580.3821831619057,0.7719582458337148,0.15256747899887463,4.0298695158058155
turbo_lunar_lander_12d,12,mes_gumbel,native,decay_uniform_grid_a1_2,3,0,30,2.683683525413747,2.7044645277229673,0.4563391405767613,0.08331574705547107,2.3869223533663404,2.9571486715857542,1.810462903821802,3.5922050422052374,0.9994823997095069,0.9919775531518832,0.9979881802333577,0.0,0.0,6.154876678607737,0.0,0.0014367436524480581,2.246678061550483
turbo_lunar_lander_12d,12,mes_gumbel,native,decay_uniform_grid_a1_2,30,6,30,1.856848625830267,1.8994815716129327,0.6364359155074804,0.11619676910996632,1.6203824439945211,2.3100102845993606,0.0,2.88027734928417,0.741681847045282,0.5765135889077108,0.6510704626088909,4.0,2.1333333333333333,89.25586177208461,0.8335156972830494,0.00147753714894255,2.0478648128919303
turbo_lunar_lander_12d,12,mes_gumbel,native,decay_uniform_grid_a1_2,300,276,30,0.1732841454183008,0.0,0.34376410365399535,0.06276245134394579,0.0,0.0,0.0,0.9744051599849795,0.7668551668986694,0.6106943195428961,0.6760146895011268,123.56666666666666,130.86666666666667,1586.0573568698173,0.8279853123395393,0.005048973656569918,3.9752137226363025
turbo_lunar_lander_12d,12,mes_gumbel,native,decay_uniform_grid_a1_2,301,277,30,0.18795048352973384,0.0,0.3841126494558412,0.07012905424334624,0.0,0.017050350914263268,0.0,1.2942970328978316,0.7667387485969374,0.6104783150261117,0.6757626725958232,123.93333333333334,131.3,1591.625449099842,0.6692350241355598,0.005079972619811694,3.98898838320747
turbo_lunar_lander_12d,12,mes_gumbel,native,decay_uniform_grid_a1_2,302,278,30,0.1526762824780118,0.0,0.3323342746891979,0.06067565962646396,0.0,0.0,0.0,1.0099999909726796,0.7660807465621219,0.6103054562667453,0.6755878650419544,124.13333333333334,131.73333333333332,1597.4415906842644,0.8226671033694098,0.005060258274897933,4.065047761487464
turbo_lunar_lander_12d,12,mes_gumbel,native,decay_uniform_grid_a1_2,303,279,30,0.16468588171310417,0.0,0.3563910217181743,0.06506780062911921,0.0,0.0,0.0,1.1681972968951326,0.7658869152672564,0.6101189971139971,0.6754755567444026,124.46666666666667,132.13333333333333,1603.2631550830788,0.9681335555544744,0.005245778895914555,4.019251101852084
turbo_lunar_lander_12d,12,mes_gumbel,native,decay_uniform_grid_a1_2,304,280,30,0.14750005376511885,0.0,0.32396059665515603,0.05914684217695387,0.0,0.0,0.0,1.0584415323450425,0.763591993112818,0.6071107796604499,0.6727975789891686,124.93333333333334,132.6,1608.6017686084379,0.5595005000010133,0.16112701076393326,3.949723551065351
turbo_lunar_lander_12d,12,mes_gumbel,native,decay_uniform_grid_a1_2,305,281,30,0.16474354801193147,0.0,0.3699421199883836,0.0675418813629735,0.0,0.0,0.0,1.4113920540218312,0.7634053114420978,0.6068668522121766,0.6725487076873068,125.33333333333333,133.0,1614.2637121820978,0.7798662314657122,0.005053696253647407,3.9741552166640757
turbo_lunar_lander_12d,12,mes_gumbel,native,decay_uniform_grid_a1_2,306,282,30,0.17077869219424163,0.0,0.38443670257646817,0.07018821797801202,0.0,0.0,0.0,1.317529636773049,0.7627463497113623,0.6066507617414716,0.6723042248368446,125.66666666666667,133.4,1620.4116403616965,1.0019457014898459,0.005282186856493354,4.103181902039796
turbo_lunar_lander_12d,12,mes_gumbel,native,decay_uniform_grid_a1_2,307,283,30,0.14866268968666357,0.0,0.3295207303659314,0.06016197906233273,0.0,0.0,0.0,1.140575196482169,0.7621032255691197,0.6063557014558192,0.672005330870276,126.16666666666667,133.9,1625.4113569140434,0.3685294704977423,0.00535391567585369,4.093746152302871
turbo_lunar_lander_12d,12,mes_gumbel,native,decay_uniform_grid_a1_2,308,284,30,0.17416818292822508,0.0,0.3838298474122932,0.07007742189049297,0.0,0.0,0.0,1.2705684254703664,0.7614605727444759,0.6061327593613661,0.671787384813967,126.4,134.36666666666667,1631.274947238248,0.8591339434031398,0.00562612134963274,4.083707395739233
turbo_lunar_lander_12d,12,mes_gumbel,native,decay_uniform_grid_a1_2,309,285,30,0.171116589721075,0.0,0.39386598953958085,0.07190976236830741,0.0,0.0,0.0,1.4746594809854532,0.7598743202807405,0.6044453187952628,0.6702700341178008,126.7,134.63333333333333,1637.220063854459,0.845231330782796,0.16937736932498712,3.9664191952751326
turbo_lunar_lander_12d,12,mes_gumbel,native,decay_uniform_grid_a1_2,31,7,30,1.845026611384498,1.8312143036718123,0.6452684779468169,0.11780936700616547,1.6087169461280286,2.298103844854694,0.0,2.932993787644791,0.7395276279095223,0.5735790237499077,0.6483210821196229,4.933333333333334,2.4,91.93578311920477,0.1630735242428879,0.001447903225198388,2.05111356798249
turbo_lunar_lander_12d,12,mes_gumbel,native,decay_uniform_grid_a1_2,310,286,30,0.17757005969298395,0.0,0.3912462951140558,0.07143147379143054,0.0,0.0,0.0,1.3645259020396492,0.7598380631581282,0.6042141356214595,0.6700478210009747,127.1,135.06666666666666,1642.6415983353431,0.6057126459510376,0.005081009600932399,3.916040907598411
turbo_lunar_lander_12d,12,mes_gumbel,native,decay_uniform_grid_a1_2,311,287,30,0.16933571455738675,0.0,0.3623639230350566,0.06615829822412213,0.0,0.0,0.0,1.2249291902270087,0.7597938442066811,0.6039672982068455,0.6698707856970807,127.4,135.56666666666666,1648.0465121696081,0.5509661427543809,0.005175316597645482,3.992082689066107
turbo_lunar_lander_12d,12,mes_gumbel,native,decay_uniform_grid_a1_2,312,288,30,0.15625580281803828,0.0,0.3334743294135706,0.060883804189573704,0.0,0.0,0.0,1.081729975452188,0.7596980651956204,0.6037435503187137,0.6696811333444374,127.83333333333333,136.1,1653.4815801243763,0.6268383651661377,0.005351714820911487,3.990899184020236
turbo_lunar_lander_12d,12,mes_gumbel,native,decay_uniform_grid_a1_2,313,289,30,0.16475621871493915,0.0,0.3528808015456687,0.06442692503902221,0.0,0.0,0.0,1.0741710857102815,0.7595734134241402,0.6035224748539398,0.6694607182034474,128.06666666666666,136.63333333333333,1658.771895276336,0.643309925403446,0.005348142019162575,3.968141233144949
turbo_lunar_lander_12d,12,mes_gumbel,native,decay_uniform_grid_a1_2,314,290,30,0.1662148866607218,0.0,0.36080537407229446,0.06587374741616175,0.0,0.0,0.0,1.2518549273853496,0.7583023307021384,0.6017688852406086,0.6678692352440037,128.33333333333334,137.06666666666666,1664.5268763445629,0.7083021683463205,0.17528854343108832,4.0656773851873975
turbo_lunar_lander_12d,12,mes_gumbel,native,decay_uniform_grid_a1_2,315,291,30,0.17219363818078884,0.0,0.36235649024388383,0.06615694118832527,0.0,0.0,0.0,1.064046613132784,0.7581631645107734,0.6015602300690439,0.6677317606341507,128.63333333333333,137.43333333333334,1669.8756210651559,0.54711837444144,0.00528432303108275,3.967175023506085
turbo_lunar_lander_12d,12,mes_gumbel,native,decay_uniform_grid_a1_2,316,292,30,0.1665300220207995,0.0,0.36451461587280026,0.06655095921795445,0.0,0.0,0.0,1.3192173804669838,0.7581332052536633,0.6013228947353656,0.6674860091957069,128.96666666666667,137.86666666666667,1675.2863803817736,0.6878091966733336,0.005172154478107889,3.8598610903291655
turbo_lunar_lander_12d,12,mes_gumbel,native,decay_uniform_grid_a1_2,317,293,30,0.16464695709620855,0.0,0.3621635158699605,0.0661217090491192,0.0,0.0,0.0,1.1979589727342537,0.7580719589557315,0.6011075929484676,0.6671811154850201,129.36666666666667,138.33333333333334,1680.7281295480518,0.6284793278512856,0.005321614940961202,3.8655819551553576
turbo_lunar_lander_12d,12,mes_gumbel,native,decay_uniform_grid_a1_2,318,294,30,0.17946207825882285,0.0,0.3892816439474904,0.07107277920424497,0.0,0.0,0.0,1.2963822944577412,0.7577609206020522,0.600907383618945,0.6670331236588478,129.66666666666666,138.76666666666668,1686.0996984207227,0.5408932183093081,0.005368298462902506,3.866650204608838
turbo_lunar_lander_12d,12,mes_gumbel,native,decay_uniform_grid_a1_2,319,295,30,0.18561587935345003,0.0,0.37610966326977113,0.0686679155561753,0.0,0.0,0.0,1.2985967518568795,0.7573660679192531,0.5998725742617879,0.6662129674071086,129.9,139.23333333333332,1691.9675027038902,0.8760465911434342,0.17599856437494357,3.842631019698456
turbo_lunar_lander_12d,12,mes_gumbel,native,decay_uniform_grid_a1_2,32,8,30,1.7804890846939536,1.931359616610021,0.7009932940122876,0.127983279930127,1.5080252615327279,2.252336910323307,0.0,2.93623713786101,0.7377697965120433,0.5712617095346305,0.6461080019744703,5.7,2.6333333333333333,95.34042201388317,0.6557452251669019,0.0015193279987821976,2.1769756499988335
turbo_lunar_lander_12d,12,mes_gumbel,native,decay_uniform_grid_a1_2,320,296,30,0.17453180824678743,0.0,0.3731999068631565,0.0681366691492593,0.0,0.0,0.0,1.344163132360861,0.7573353803334995,0.5996940767487452,0.6660517169556057,130.06666666666666,139.56666666666666,1697.5705109117553,0.6360311467821399,0.005729564558714628,4.001347588173425
turbo_lunar_lander_12d,12,mes_gumbel,native,decay_uniform_grid_a1_2,321,297,30,0.18951857634269917,0.0,0.38304785414962206,0.06993465010723228,0.0,0.0,0.0,1.3028959089309828,0.7569014973867548,0.5994916466067337,0.6659070196529754,130.43333333333334,139.96666666666667,1703.0451955710228,0.6685153837626179,0.005346398629869024,3.9461929968868694
turbo_lunar_lander_12d,12,mes_gumbel,native,decay_uniform_grid_a1_2,322,298,30,0.18700662057697728,0.0,0.36281072390294067,0.06623987252880645,0.0,0.0,0.0,1.0982371446491626,0.7568524645713081,0.5992433156814589,0.6655290882568693,130.76666666666668,140.46666666666667,1708.0669342184906,0.36411738516762854,0.005438099491099516,3.9372221622616053
turbo_lunar_lander_12d,12,mes_gumbel,native,decay_uniform_grid_a1_2,323,299,30,0.19509162320615528,0.0,0.3832174013631005,0.06996560505169372,0.0,0.0,0.0,1.2561223159867354,0.7565192089511218,0.5990123093594574,0.6652575830577635,131.03333333333333,140.93333333333334,1713.978862151364,0.8004824991027514,0.005713149268801013,4.116532110469416
turbo_lunar_lander_12d,12,mes_gumbel,native,decay_uniform_grid_a1_2,324,300,30,0.1714728291220558,0.0,0.33594507231119486,0.06133489806251521,0.0,0.015565523978635531,0.0,1.1811173693075792,0.7603882965672581,0.6068583531893947,0.6712309168774354,131.4,141.43333333333334,1719.5230316272005,0.4183724663220346,0.18656687610782682,4.16315083031853
turbo_lunar_lander_12d,12,mes_gumbel,native,decay_uniform_grid_a1_2,325,301,30,0.1730125872275884,0.0,0.348903621502293,0.06370079463068345,0.0,0.01701233838635391,0.0,1.2008432372286624,0.7601997550525961,0.6066297963078037,0.6710198325298664,131.73333333333332,141.73333333333332,1725.1652015041404,0.6492854972525189,0.005801738503699501,4.1193029339890925
turbo_lunar_lander_12d,12,mes_gumbel,native,decay_uniform_grid_a1_2,326,302,30,0.17586879360173938,0.0,0.35614174292660195,0.06502228875670193,0.0,0.0,0.0,1.2132252870628568,0.7595610541268089,0.6064154165893453,0.6707005233783806,132.06666666666666,142.26666666666668,1730.9676616926213,0.8886001642172535,0.005689578255017599,4.034208311978728
turbo_lunar_lander_12d,12,mes_gumbel,native,decay_uniform_grid_a1_2,327,303,30,0.17053118373053844,0.0,0.3466989519853561,0.06329827888859335,0.0,0.0,0.0,1.1552148323409972,0.7594478680954178,0.6061906551372673,0.6704130702020609,132.33333333333334,142.66666666666666,1736.730856874818,0.6398461693742623,0.0059163998036334915,4.09884928415219
turbo_lunar_lander_12d,12,mes_gumbel,native,decay_uniform_grid_a1_2,328,304,30,0.13364503913513553,0.0,0.2969680481246187,0.0542186996053778,0.0,0.0,0.0,1.0194363955042556,0.7591067918611639,0.6059717683473225,0.6700698705391027,132.66666666666666,142.93333333333334,1742.1892000326266,0.5746199809170017,0.005720953658844034,4.109105393042167
turbo_lunar_lander_12d,12,mes_gumbel,native,decay_uniform_grid_a1_2,329,305,30,0.1444843003104476,0.0,0.33155988480404724,0.06053427602366367,0.0,0.0,0.0,1.1649644230024867,0.767652478534013,0.6207409399829475,0.6824421209207726,133.16666666666666,143.56666666666666,1747.5775840581239,0.42280063587240874,0.18798460359685124,4.059577805098767
turbo_lunar_lander_12d,12,mes_gumbel,native,decay_uniform_grid_a1_2,33,9,30,1.722514324782259,1.8601070322746156,0.6409244343445055,0.11701625678224149,1.4731321202055203,2.113600993942889,0.0,2.7309783813213677,0.73547699548577,0.5685822908295527,0.6432112146943028,6.466666666666667,3.033333333333333,98.89910346196653,0.8272317220301678,0.0014971959715088209,2.2499937220476567
turbo_lunar_lander_12d,12,mes_gumbel,native,decay_uniform_grid_a1_2,330,306,30,0.15578083101623585,0.0,0.36016924900472647,0.06575760739986126,0.0,0.0,0.0,1.4389359337380663,0.7675249319719321,0.6205282002346629,0.6822955772198755,133.46666666666667,144.03333333333333,1753.7967010090128,1.1837715321220457,0.005913666573663553,4.196738557952146
turbo_lunar_lander_12d,12,mes_gumbel,native,decay_uniform_grid_a1_2,331,307,30,0.1507077192081998,0.0,0.3416727681317682,0.06238062746366724,0.0,0.0,0.0,1.2602112271289823,0.7674481807224791,0.6202979158648186,0.6820033658308797,133.9,144.36666666666667,1759.151082255893,0.5203764288065335,0.005885511233160893,4.153387071176742
turbo_lunar_lander_12d,12,mes_gumbel,native,decay_uniform_grid_a1_2,332,308,30,0.15790542710388958,0.0,0.36236203964790814,0.06615795436624688,0.0,0.0,0.0,1.2613733104785063,0.7672516066420986,0.6200940108079422,0.6817239510925571,134.23333333333332,144.93333333333334,1764.9093444394568,0.7630064226066072,0.006054036489998301,4.241898877825588
turbo_lunar_lander_12d,12,mes_gumbel,native,decay_uniform_grid_a1_2,333,309,30,0.16115861175089846,0.0,0.3568897668991651,0.06515885862447776,0.0,0.0,0.0,1.2347254848217442,0.7671075253459424,0.6198925579681965,0.6814838923765478,134.46666666666667,145.3,1771.0848608770873,1.0082029792635392,0.006048581562936306,4.178752118426686
turbo_lunar_lander_12d,12,mes_gumbel,native,decay_uniform_grid_a1_2,334,310,30,0.1568498032289756,0.0,0.35671126311657003,0.065126268441702,0.0,0.0,0.0,1.3486945906633758,0.7649955273454849,0.61772197416602,0.6791057179167925,134.76666666666668,145.56666666666666,1777.4291625283038,0.9834749143881102,0.19654416864116986,4.286037135496736
turbo_lunar_lander_12d,12,mes_gumbel,native,decay_uniform_grid_a1_2,335,311,30,0.14765755648853923,0.0,0.3247500370303973,0.05929097361072887,0.0,0.0,0.0,1.144992924788987,0.7648017131931757,0.6175349193105908,0.6789713843461948,135.03333333333333,145.8,1783.2084140045258,0.8544285359792412,0.005962799955159426,4.158978683687747
turbo_lunar_lander_12d,12,mes_gumbel,native,decay_uniform_grid_a1_2,336,312,30,0.16875469902334636,0.0,0.3704626348155441,0.0676369139337574,0.0,0.0,0.0,1.3199678309718983,0.7647021900959163,0.6173533589554919,0.6787768509489144,135.36666666666667,146.2,1788.9897396528627,0.7817546890582889,0.005949914269149303,4.2050156420562415
turbo_lunar_lander_12d,12,mes_gumbel,native,decay_uniform_grid_a1_2,337,313,30,0.16912734735114426,0.0,0.3707317557293049,0.06768604846547846,0.0,0.0,0.0,1.3207988556056462,0.764643055548333,0.6171596296007581,0.6785354206623002,135.56666666666666,146.6,1795.0778697339972,0.9462009425430248,0.006042923297112187,4.250076583741854
turbo_lunar_lander_12d,12,mes_gumbel,native,decay_uniform_grid_a1_2,338,314,30,0.17249463056016742,0.0,0.3781432911692696,0.06903920351421768,0.0,0.0,0.0,1.2248839657792523,0.7644657396754425,0.6169828108353177,0.6781883539189842,135.83333333333334,147.0,1800.8766600919732,0.6545800524608543,0.0060635611414909365,4.2028724056047695
turbo_lunar_lander_12d,12,mes_gumbel,native,decay_uniform_grid_a1_2,339,315,30,0.1668076213025316,0.0,0.36587187118618686,0.06679875900176632,0.0,0.0,0.0,1.3071205151169356,0.7573560054386703,0.6062548694036339,0.6695052612955229,136.16666666666666,147.46666666666667,1807.1380383745147,0.8379006257901589,0.20492320003298423,4.207117589268212
turbo_lunar_lander_12d,12,mes_gumbel,native,decay_uniform_grid_a1_2,34,10,30,1.7684795663187132,1.8778636117178809,0.6601793809531831,0.12053171298261826,1.4860743585895777,2.144800473041336,0.0,2.7318363399491608,0.7283029897987999,0.5580628061066031,0.633507251844157,7.033333333333333,3.566666666666667,103.4573281831108,1.6221309264966597,0.01184981206121544,2.12920610763443
turbo_lunar_lander_12d,12,mes_gumbel,native,decay_uniform_grid_a1_2,340,316,30,0.17086438912459004,0.0,0.37013814136516576,0.06757766980624577,0.0,0.0,0.0,1.2214156346972511,0.7572553940632365,0.6060602105451325,0.6692813371854288,136.53333333333333,148.03333333333333,1812.5149917175372,0.5046923771345367,0.0062777530246724686,4.176476826146245
turbo_lunar_lander_12d,12,mes_gumbel,native,decay_uniform_grid_a1_2,341,317,30,0.17612438513554393,0.0,0.3820786236073824,0.0697576936300964,0.0,0.0,0.0,1.2693106578765407,0.7570438036482359,0.6058648098916029,0.6690908164518515,136.83333333333334,148.43333333333334,1818.1685280786983,0.764176472183317,0.006195443620284399,4.092951514742648
turbo_lunar_lander_12d,12,mes_gumbel,native,decay_uniform_grid_a1_2,342,318,30,0.1772248797031048,0.0,0.39343114016632513,0.07183037009802436,0.0,0.0,0.0,1.3505989677243506,0.7570199922709085,0.6056543814924173,0.6688717427878303,137.2,148.83333333333334,1824.003007456505,0.8222406437154859,0.006165262699748079,4.010632717904325
turbo_lunar_lander_12d,12,mes_gumbel,native,decay_uniform_grid_a1_2,343,319,30,0.17639996267300742,0.0,0.3835270390505901,0.07002213690039097,0.0,0.0,0.0,1.2015256651249198,0.7569697796303411,0.6054621520008534,0.6687262460657694,137.46666666666667,149.33333333333334,1829.4414691319378,0.6548486752590785,0.006205471760282914,4.062162256846205
turbo_lunar_lander_12d,12,mes_gumbel,native,decay_uniform_grid_a1_2,344,320,30,0.1746158283279716,0.0,0.37684911873626264,0.06880292103593126,0.0,0.0,0.0,1.2169472937892554,0.7546666838176533,0.6022378936083299,0.6659304047806173,137.86666666666667,149.73333333333332,1835.130012779512,0.8689928742901732,0.20602796804159879,4.026525445360069
turbo_lunar_lander_12d,12,mes_gumbel,native,decay_uniform_grid_a1_2,345,321,30,0.16450373973029936,0.0,0.3635945984870552,0.06638298779279796,0.0,0.0,0.0,1.2289814614534,0.7545989163957625,0.602024799197554,0.6657891251640266,138.16666666666666,150.1,1840.300430401213,0.5134883303040018,0.006135589520757397,4.033455448442449
turbo_lunar_lander_12d,12,mes_gumbel,native,decay_uniform_grid_a1_2,346,322,30,0.16143327543541303,0.0,0.3519823040692264,0.06426288259378592,0.0,0.0,0.0,1.1654010908769556,0.7543111668427739,0.6018374152433431,0.6656631927661966,138.53333333333333,150.5,1846.001146508986,0.7546846318834771,0.0061114976648241285,4.109080444695428
turbo_lunar_lander_12d,12,mes_gumbel,native,decay_uniform_grid_a1_2,347,323,30,0.1492714076274074,0.0,0.32434866940823437,0.05921769424389192,0.0,0.0,0.0,1.0746170553121932,0.7541705366766317,0.6016205940612314,0.6654260659768044,138.93333333333334,151.13333333333333,1851.166318953146,0.568406757991761,0.006463641937201222,3.995852194695423
turbo_lunar_lander_12d,12,mes_gumbel,native,decay_uniform_grid_a1_2,348,324,30,0.14155410167838972,0.0,0.30407022479767976,0.05551537372911865,0.0,0.0,0.0,1.0230785131395674,0.7537836837410478,0.6013871442641849,0.6651036778509047,139.26666666666668,151.46666666666667,1855.9495589341193,0.29847546089440585,0.006300229656820496,3.9623221011521914
turbo_lunar_lander_12d,12,mes_gumbel,native,decay_uniform_grid_a1_2,349,325,30,0.14372552762318855,0.0,0.31315093365239777,0.057173276755073964,0.0,0.0,0.0,1.0183881254923457,0.7512150316816063,0.598320107615672,0.6620847618599145,139.63333333333333,151.9,1861.3968615944807,0.47027180081543823,0.21218752614222466,4.069101661381622
turbo_lunar_lander_12d,12,mes_gumbel,native,decay_uniform_grid_a1_2,35,11,30,1.799509736976942,1.8617734649074564,0.7008049757901529,0.12794889788404284,1.473497630300114,2.2850582702554063,0.0,2.9106263908011076,0.7267781605251332,0.5559402055349696,0.6311341649113374,7.733333333333333,4.166666666666667,107.23725958382711,0.9552886360324919,0.0014871843935300906,2.149233566441884
turbo_lunar_lander_12d,12,mes_gumbel,native,decay_uniform_grid_a1_2,350,326,30,0.1561807677023305,0.0,0.3461657664382505,0.06320093297143152,0.0,0.0,0.0,1.2540344136653627,0.7508887910577645,0.5981079781138526,0.6618556096327081,140.06666666666666,152.3,1866.666978310949,0.348977945263808,0.006503983742247025,4.206575147015974
turbo_lunar_lander_12d,12,mes_gumbel,native,decay_uniform_grid_a1_2,351,327,30,0.1466749181586621,0.0,0.33128619520712693,0.06048430736833442,0.0,0.0,0.0,1.3210545239446758,0.7507546904520885,0.597850315364972,0.6615801706362355,140.5,152.76666666666668,1872.1478529857627,0.613939673313871,0.006502057146281004,4.1999831985682246
turbo_lunar_lander_12d,12,mes_gumbel,native,decay_uniform_grid_a1_2,352,328,30,0.14377703922347201,0.0,0.32548359419314055,0.05942490221248019,0.0,0.0,0.0,1.2712524472580071,0.7502492740653625,0.5976874972372933,0.6613233720272153,140.83333333333334,153.26666666666668,1877.8570022086612,0.6705450407695025,0.006512343635161718,4.11747017595917
turbo_lunar_lander_12d,12,mes_gumbel,native,decay_uniform_grid_a1_2,353,329,30,0.13497780962402836,0.0,0.30096599320442086,0.054948621173335946,0.0,0.0,0.0,1.1567502393577929,0.7501749687018369,0.5975038772653019,0.6611219958724212,141.26666666666668,153.83333333333334,1883.527429325506,0.6588216608079771,0.0065046333863089485,4.127043013864507
turbo_lunar_lander_12d,12,mes_gumbel,native,decay_uniform_grid_a1_2,354,330,30,0.14111824841476098,0.0,0.3133417365167894,0.05720811243269527,0.0,0.0,0.0,1.087630616242878,0.747325734096543,0.5941799647170083,0.6579977723697003,141.53333333333333,154.4,1889.5954925084332,0.9802289110453178,0.22230872406313817,4.0374477861138685
turbo_lunar_lander_12d,12,mes_gumbel,native,decay_uniform_grid_a1_2,355,331,30,0.14043790720983845,0.0,0.317331309810365,0.05793650552859911,0.0,0.0,0.0,1.1368821705393417,0.7472940686386204,0.5940098924750475,0.6577832633971451,141.7,154.76666666666668,1895.496313856713,0.9852728066034615,0.00642586483930548,3.9675144866108893
turbo_lunar_lander_12d,12,mes_gumbel,native,decay_uniform_grid_a1_2,356,332,30,0.14391150845262857,0.0,0.3190003637428981,0.058241231691446134,0.0,0.0,0.0,1.190788035479358,0.7469128491987094,0.593797457718486,0.657598516709889,142.0,155.1,1901.4870249648113,0.8926027727002899,0.006569349098329743,4.141649299099421
turbo_lunar_lander_12d,12,mes_gumbel,native,decay_uniform_grid_a1_2,357,333,30,0.15048667262693094,0.0,0.34454343120225167,0.06290473643656751,0.0,0.0,0.0,1.4105272262619541,0.7467672465020109,0.5936127070530125,0.6574158382938783,142.26666666666668,155.46666666666667,1907.1886601738477,0.8009038356598467,0.0065278415257732075,4.032367376998688
turbo_lunar_lander_12d,12,mes_gumbel,native,decay_uniform_grid_a1_2,358,334,30,0.14428533854650058,0.0,0.3147115522238688,0.05745820542015936,0.0,0.0,0.0,1.100879325364738,0.7465682580378282,0.5934223014085998,0.6572265915865799,142.63333333333333,155.96666666666667,1912.6556864850534,0.6369859754418333,0.006615402533983191,4.018686367059127
turbo_lunar_lander_12d,12,mes_gumbel,native,decay_uniform_grid_a1_2,359,335,30,0.14641135293888233,0.0,0.3185324140156584,0.05815579615098361,0.0,0.0,0.0,1.1285043498371539,0.7458257293313462,0.5920443445660457,0.6561535792919346,143.16666666666666,156.4,1917.8327992705163,0.29285982036963104,0.22334530212295553,4.028124859447901
turbo_lunar_lander_12d,12,mes_gumbel,native,decay_uniform_grid_a1_2,36,12,30,1.7958924976607282,1.8800584431250906,0.6835458680150649,0.1247978303337667,1.5748525996202545,2.2923175531293776,0.0,2.8578502633732903,0.7245981640747476,0.5541260549491974,0.6291828312835591,8.3,4.7,111.30094548179768,1.425932793552056,0.0015019789648552735,2.036203419510275
turbo_lunar_lander_12d,12,mes_gumbel,native,decay_uniform_grid_a1_2,360,336,30,0.1641568835644001,0.0,0.359985700909449,0.0657240962558044,0.0,0.0,0.0,1.1288518776177163,0.7454256395335417,0.5918763472828388,0.6559978450706131,143.43333333333334,157.0,1923.799420843227,0.916573072830215,0.006566493275264899,4.033067294706901
turbo_lunar_lander_12d,12,mes_gumbel,native,decay_uniform_grid_a1_2,361,337,30,0.171182656138718,0.0,0.3643809451280913,0.06652655439056926,0.0,0.0,0.0,1.0677438741577872,0.7451261595552495,0.5916864080085336,0.6558391200781755,143.73333333333332,157.5,1929.1319720668719,0.7052772140906503,0.006540466798469424,3.9033299050759522
turbo_lunar_lander_12d,12,mes_gumbel,native,decay_uniform_grid_a1_2,362,338,30,0.15332230446773482,0.0,0.3323737491665274,0.06068286664702365,0.0,0.0,0.0,0.9811660522174792,0.7450232858061233,0.5915142771772888,0.655642680985714,144.03333333333333,158.03333333333333,1934.2974500229582,0.5852405659699191,0.006345685400689641,3.874532644217834
turbo_lunar_lander_12d,12,mes_gumbel,native,decay_uniform_grid_a1_2,363,339,30,0.15145898164741867,0.0,0.3255012696220055,0.05942812928951449,0.0,0.0,0.0,0.9666485667476754,0.744973278167483,0.5913254109524744,0.6553776101345824,144.4,158.5,1939.1529759835607,0.30118800648488103,0.0062644608784466985,3.908074929720412
turbo_lunar_lander_12d,12,mes_gumbel,native,decay_uniform_grid_a1_2,364,340,30,0.16234211647322308,0.0,0.35252228659955925,0.06436146946462658,0.0,0.0,0.0,1.0832243921887854,0.7430995639004039,0.5887446854159823,0.6531090328175881,144.93333333333334,158.93333333333334,1944.172885689869,0.3902869849310567,0.21267837813744941,3.7981936554890128
turbo_lunar_lander_12d,12,mes_gumbel,native,decay_uniform_grid_a1_2,365,341,30,0.1499360800163875,0.0,0.326105249240557,0.0595384003766325,0.0,0.0,0.0,1.081307603994781,0.743065835312683,0.5885399944770463,0.6529181389330784,145.26666666666668,159.33333333333334,1949.7297448037502,0.6662011318529646,0.006629414980610212,3.9864446030619245
turbo_lunar_lander_12d,12,mes_gumbel,native,decay_uniform_grid_a1_2,366,342,30,0.14757781547290053,0.0,0.32559272950001217,0.059444827502278134,0.0,0.0,0.0,1.2038595206639071,0.7429150300339977,0.5883492261357541,0.6527009841693607,145.5,159.7,1955.2623121918646,0.8247886753175407,0.006576961604878306,3.8266381844102093
turbo_lunar_lander_12d,12,mes_gumbel,native,decay_uniform_grid_a1_2,367,343,30,0.1307369487132336,0.0,0.3026327565957347,0.055252929142484745,0.0,0.0,0.0,1.2742667094141515,0.7426100974381373,0.5881512517465443,0.6524173626309365,145.83333333333334,160.2,1959.8246410602394,0.2907663902888695,0.006348195392638445,3.6712253144010902
turbo_lunar_lander_12d,12,mes_gumbel,native,decay_uniform_grid_a1_2,368,344,30,0.1319164917481883,0.0,0.2893947611014449,0.052836012893026654,0.0,0.0,0.0,1.068273670075429,0.7425569538041931,0.5879632987238889,0.65224909485628,146.2,160.43333333333334,1964.6219996389157,0.364493462909013,0.006403178131828706,3.7120137943731
turbo_lunar_lander_12d,12,mes_gumbel,native,decay_uniform_grid_a1_2,369,345,30,0.14372230246721981,0.0,0.3212280295396545,0.058647945960601536,0.0,0.0,0.0,1.079648348496785,0.7408193370017242,0.58564244423554,0.6500029652120927,146.36666666666667,160.9,1970.4376799725462,0.8733815688484659,0.2275334790038566,3.9480515054737526
turbo_lunar_lander_12d,12,mes_gumbel,native,decay_uniform_grid_a1_2,37,13,30,1.727488972880006,1.74673889792458,0.6911894165679977,0.12619334498770912,1.3818684485402453,2.3225488791334183,0.0,2.826207730397257,0.7215894375650386,0.5520402187034786,0.6269381962635262,8.966666666666667,5.2,115.27639782628975,1.186430200918888,0.001440343881646792,2.185239958561336
turbo_lunar_lander_12d,12,mes_gumbel,native,decay_uniform_grid_a1_2,370,346,30,0.14304748052983965,0.0,0.3341397649623774,0.06100529554312282,0.0,0.0,0.0,1.3802511718213384,0.7401660464341017,0.585476507542376,0.6497861994976077,146.56666666666666,161.13333333333333,1976.2668652292807,0.9675202596932649,0.007043690746650099,4.012347422229747
turbo_lunar_lander_12d,12,mes_gumbel,native,decay_uniform_grid_a1_2,371,347,30,0.15436127534963978,0.0,0.35534296403881227,0.06487645235160151,0.0,0.0,0.0,1.3505684784876837,0.7401067149822583,0.5853276477345268,0.6496016734265981,146.8,161.43333333333334,1981.5369471691395,0.7676514122635126,0.006767702366535862,3.8225084315675
turbo_lunar_lander_12d,12,mes_gumbel,native,decay_uniform_grid_a1_2,372,348,30,0.1436956460404266,0.0,0.3446287604127559,0.06292031534770327,0.0,0.0,0.0,1.3365217493735129,0.7400730303292236,0.585149108022179,0.6493909854510088,147.03333333333333,161.9,1986.2848597438074,0.36156155248172583,0.006524726841598749,3.6673115760243187
turbo_lunar_lander_12d,12,mes_gumbel,native,decay_uniform_grid_a1_2,373,349,30,0.1332425761527089,0.0,0.32433323540869774,0.05921487639399234,0.0,0.0,0.0,1.4164613787769613,0.7400421953694113,0.5850090168705143,0.6492060541601763,147.23333333333332,162.2,1991.539261740679,0.816791713812078,0.006541583190361659,3.67738424888812
turbo_lunar_lander_12d,12,mes_gumbel,native,decay_uniform_grid_a1_2,374,350,30,0.18025250521940642,0.0,0.3988220294770463,0.07281460732485619,0.0,0.0,0.0,1.4136184747912486,0.7384816865213891,0.5828169859802057,0.6472841584633164,147.5,162.53333333333333,1996.6922236045978,0.5903257252493253,0.22628865543132026,3.6527109638943025
turbo_lunar_lander_12d,12,mes_gumbel,native,decay_uniform_grid_a1_2,375,351,30,0.13201201858411854,0.0,0.32173620814965964,0.05874072625658201,0.0,0.0,0.0,1.265279309442823,0.7384079631191668,0.582631440504335,0.6470755111861006,147.83333333333334,162.93333333333334,2001.5223129586473,0.47861362240898114,0.006476549323027333,3.6569192422243457
turbo_lunar_lander_12d,12,mes_gumbel,native,decay_uniform_grid_a1_2,376,352,30,0.13663796927712188,0.0,0.3261785895087256,0.059551790416382304,0.0,0.0,0.0,1.1983962213602024,0.7383354074667359,0.5824729676514026,0.646882302105065,148.13333333333333,163.36666666666667,2006.6623262182034,0.6362220813830693,0.006479078251868486,3.7327068670808026
turbo_lunar_lander_12d,12,mes_gumbel,native,decay_uniform_grid_a1_2,377,353,30,0.12401902071481216,0.0,0.2870957002406054,0.05241626372817364,0.0,0.0,0.0,1.057226454681452,0.7383008468341706,0.5823085821342978,0.6467133907888593,148.46666666666667,163.73333333333332,2011.552129361763,0.43762623237756393,0.006536790231863657,3.6862621798335264
turbo_lunar_lander_12d,12,mes_gumbel,native,decay_uniform_grid_a1_2,378,354,30,0.11770422746579683,0.0,0.26082652487277197,0.047620190422833164,0.0,0.0,0.0,0.9613122486803027,0.738093068221621,0.5821401740203556,0.646535336067527,148.76666666666668,164.1,2016.9151023478557,0.5560433972471704,0.006765142253910502,3.828160879078011
turbo_lunar_lander_12d,12,mes_gumbel,native,decay_uniform_grid_a1_2,379,355,30,0.149490261872292,0.0,0.3388652322320948,0.06186804388258167,0.0,0.0,0.0,1.1938571863683936,0.7363462906498158,0.5798428073089108,0.6444168780442847,149.0,164.5,2022.3771794377672,0.5930245251394808,0.2337023227320363,3.7633977165290466
turbo_lunar_lander_12d,12,mes_gumbel,native,decay_uniform_grid_a1_2,38,14,30,1.753349942723246,1.8078590367867173,0.6689878303910802,0.12213990846721158,1.401770034669406,2.282757619711658,0.0,2.797711850349214,0.7205796202445289,0.5501399956679889,0.6251920619342587,9.733333333333333,5.633333333333334,118.87096268705403,0.8330786328917991,0.001531194414322575,2.1436185762596627
turbo_lunar_lander_12d,12,mes_gumbel,native,decay_uniform_grid_a1_2,380,356,30,0.13925909140475745,0.0,0.3105656085611086,0.0567012631314129,0.0,0.0,0.0,1.0487591038764092,0.7360511418443931,0.579668740472931,0.6442821577221408,149.4,164.86666666666667,2027.526810846633,0.6504536949563772,0.006620810351644953,3.734986225174119
turbo_lunar_lander_12d,12,mes_gumbel,native,decay_uniform_grid_a1_2,381,357,30,0.15103658345930374,0.0,0.3477243404078593,0.06348548834499657,0.0,0.0,0.0,1.2420956832428849,0.7360331650537913,0.5794862871002772,0.6440813355899936,149.66666666666666,165.33333333333334,2032.6779107752411,0.5945105765480548,0.006613675054783622,3.857754319704448
turbo_lunar_lander_12d,12,mes_gumbel,native,decay_uniform_grid_a1_2,382,358,30,0.14968206535823353,0.0,0.3280846978497296,0.059899796594854525,0.0,0.0,0.0,1.1698605190431453,0.7356248273328394,0.579285288415449,0.6437676843665912,150.1,165.83333333333334,2037.5019018738064,0.32399994040218494,0.006910702104990681,3.979821021684135
turbo_lunar_lander_12d,12,mes_gumbel,native,decay_uniform_grid_a1_2,383,359,30,0.15494442270581826,0.0,0.3362324457489938,0.061387365033951966,0.0,0.0,0.0,1.17235782750816,0.7355552884423695,0.5791276706233365,0.6436232974631141,150.46666666666667,166.3,2042.7148122843976,0.6781286382271597,0.006875086203217506,3.8331495072847854
turbo_lunar_lander_12d,12,mes_gumbel,native,decay_uniform_grid_a1_2,384,360,30,0.14785695945558436,0.0,0.33666863591042795,0.06146700209754507,0.0,0.0,0.0,1.2554958286561937,0.7335772966610031,0.5759940418229765,0.6408840602819522,150.63333333333333,166.76666666666668,2048.4079576222694,0.6597287971836825,0.27817406857696675,3.8875650605031598
turbo_lunar_lander_12d,12,mes_gumbel,native,decay_uniform_grid_a1_2,385,361,30,0.15331766262571334,0.0,0.36100813480315924,0.06591076629151872,0.0,0.0,0.0,1.3127325212994918,0.7330704784283285,0.575805529248449,0.6406264916792287,150.9,167.13333333333333,2053.189345041569,0.3591303769343843,0.006642371074606975,3.7632198822529364
turbo_lunar_lander_12d,12,mes_gumbel,native,decay_uniform_grid_a1_2,386,362,30,0.12915501084079803,0.0,0.3044105352832439,0.055577505638951655,0.0,0.0,0.0,1.2123302143776955,0.7327386700696027,0.5756459036739533,0.6405116081264919,151.1,167.53333333333333,2058.3835620974965,0.735903647216037,0.006773271256436905,3.803991784512376
turbo_lunar_lander_12d,12,mes_gumbel,native,decay_uniform_grid_a1_2,387,363,30,0.13779430664781867,0.0,0.32956353081412937,0.06016979331931585,0.0,0.0,0.0,1.3542637729881106,0.7326978503870245,0.5755027979168872,0.6403836945491208,151.46666666666667,168.03333333333333,2063.890500604082,0.5532974610260377,0.0070750656382491195,3.9248041840270163
turbo_lunar_lander_12d,12,mes_gumbel,native,decay_uniform_grid_a1_2,388,364,30,0.13635625447293584,0.0,0.3172079700688187,0.05791398687570518,0.0,0.0,0.0,1.1856060811884115,0.7326138763675211,0.575327660961989,0.6402425717544703,151.73333333333332,168.46666666666667,2068.8939785083912,0.5242081739784529,0.0067469584134717785,3.8924248250511786
turbo_lunar_lander_12d,12,mes_gumbel,native,decay_uniform_grid_a1_2,389,365,30,0.14966084975655564,0.0,0.34506479877692314,0.06299992469703396,0.0,0.0,0.0,1.238153926026253,0.7317885373410468,0.5752188539005822,0.6396527887995501,151.96666666666667,168.83333333333334,2074.5858431365964,0.6199960553397735,0.2632463627960533,4.020330037952712
turbo_lunar_lander_12d,12,mes_gumbel,native,decay_uniform_grid_a1_2,39,15,30,1.6090894948140886,1.699867144478143,0.6657827114072551,0.12155473647823523,1.230525956120674,2.154916399320175,0.0,2.5641755663790633,0.7374106704338192,0.5714673637611398,0.6453494929388354,10.4,5.933333333333334,123.25929082801255,1.267077180556953,0.012034191268806655,2.5634170840959998
turbo_lunar_lander_12d,12,mes_gumbel,native,decay_uniform_grid_a1_2,390,366,30,0.14993182882142678,0.0,0.3431726080163711,0.06265445950948155,0.0,0.0,0.0,1.2238702770723766,0.731711698609096,0.5750157515734492,0.6394159524205227,152.33333333333334,169.16666666666666,2079.5182903242608,0.38599751822960876,0.006869024131447077,3.83345538515908
turbo_lunar_lander_12d,12,mes_gumbel,native,decay_uniform_grid_a1_2,391,367,30,0.1395023953927849,0.0,0.30900080207162267,0.0564155698606056,0.0,0.0,0.0,1.0049617423472392,0.7309549527109946,0.5748450311972008,0.6392016523087284,152.66666666666666,169.53333333333333,2084.819920991765,0.6384334505535663,0.006848864676430822,3.9478488360531627
turbo_lunar_lander_12d,12,mes_gumbel,native,decay_uniform_grid_a1_2,392,368,30,0.14653968003374845,0.0,0.33004911717830704,0.060258448854408196,0.0,0.0,0.0,1.1515108565031333,0.7308220772308414,0.574659781111681,0.6390434033466603,153.0,169.93333333333334,2090.0784475926775,0.42261935290880503,0.007164122831697265,3.9571561051377406
turbo_lunar_lander_12d,12,mes_gumbel,native,decay_uniform_grid_a1_2,393,369,30,0.17607330780987843,0.0,0.3877861327320126,0.07079973746167192,0.0,0.0,0.0,1.2360722377830817,0.7307498883572754,0.5745037525170019,0.6388527697029047,153.13333333333333,170.26666666666668,2095.575846308563,0.6025819502926121,0.007070449475819866,3.90294318163457
turbo_lunar_lander_12d,12,mes_gumbel,native,decay_uniform_grid_a1_2,394,370,30,0.1340277489690722,0.0,0.2920804144774434,0.05332634387158474,0.0,0.0,0.0,1.008796298419354,0.7334349843749006,0.5816358063249003,0.643669565931619,153.33333333333334,170.6,2101.1479599113422,0.6921137930514912,0.2706825779285282,3.8811805197658638
turbo_lunar_lander_12d,12,mes_gumbel,native,decay_uniform_grid_a1_2,395,371,30,0.14978020958879965,0.0,0.32919653034180546,0.060102788506880236,0.0,0.0,0.0,1.144877445341813,0.7331633554824278,0.5814707229437743,0.6434737292772804,153.66666666666666,171.06666666666666,2106.021946651116,0.4342821478533248,0.007039895343283812,3.7992288705271977
turbo_lunar_lander_12d,12,mes_gumbel,native,decay_uniform_grid_a1_2,396,372,30,0.1537751712194602,0.0,0.33357143361562813,0.06090153291020552,0.0,0.0,0.0,1.091306246922143,0.7331166864707884,0.5812999916459138,0.6433547507110836,154.0,171.33333333333334,2110.7257319653563,0.3548245106202861,0.00702902105016013,3.7642204131154964
turbo_lunar_lander_12d,12,mes_gumbel,native,decay_uniform_grid_a1_2,397,373,30,0.1567647950461082,0.0,0.34231269562268835,0.06249746170431544,0.0,0.0,0.0,1.1669278976363575,0.7329906511695747,0.5811240872562962,0.6431778652433547,154.36666666666667,171.7,2115.4462733359387,0.35856657136852543,0.00715922387316823,3.791262132907286
turbo_lunar_lander_12d,12,mes_gumbel,native,decay_uniform_grid_a1_2,398,374,30,0.1517031686340036,0.0,0.3350741908475749,0.06117589758833595,0.0,0.0,0.0,1.293303498942822,0.732940694082536,0.5809567032297936,0.6429459300203554,154.8,172.1,2120.1783850289416,0.3601536266350498,0.007026314021398624,3.6691778750003627
turbo_lunar_lander_12d,12,mes_gumbel,native,decay_uniform_grid_a1_2,399,375,30,0.12324014727861356,0.0,0.2805634131620263,0.051223636733161215,0.0,0.0,0.0,1.088642645267179,0.7315554551191906,0.5793662921425281,0.641380430407359,155.06666666666666,172.66666666666666,2125.5966201238643,0.7833822657354176,0.2569153695677718,3.627523924720784
turbo_lunar_lander_12d,12,mes_gumbel,native,decay_uniform_grid_a1_2,4,0,30,2.595645094133169,2.564495860183216,0.4117674774771014,0.07517811195373629,2.343690395189023,2.806821168018637,1.789051247974039,3.44375256820605,0.9990418345947157,0.9894573972412446,0.9968310059885063,0.0,0.0,8.86078476413774,0.0,0.0014989037687579791,2.3358565066164982
turbo_lunar_lander_12d,12,mes_gumbel,native,decay_uniform_grid_a1_2,40,16,30,1.6660861398847397,1.7811980398690603,0.7047855776506948,0.1286756530278648,1.2731412670595406,2.170246689718736,0.0,3.047749807450387,0.7359883278893637,0.5698042410830829,0.6438174673113787,11.0,6.466666666666667,127.59258265485987,1.237214787211269,0.0015589147340506315,2.518781916284934
turbo_lunar_lander_12d,12,mes_gumbel,native,decay_uniform_grid_a1_2,400,376,30,0.1332135266721363,0.0,0.2992895029555608,0.05464253733108991,0.0,0.0,0.0,1.0494640851505106,0.7315399399868142,0.5791729404802334,0.6411058768815466,155.26666666666668,173.0,2130.9318581175835,0.6862762161996215,0.007431805320084095,3.8320999872870742
turbo_lunar_lander_12d,12,mes_gumbel,native,decay_uniform_grid_a1_2,41,17,30,1.6346449968267618,1.756614642687862,0.6957427950417133,0.12702467435534662,1.2950833763117127,2.184560705077389,0.0,2.5435542069931527,0.7335270238428119,0.5679629067579882,0.6421730367156122,11.733333333333333,6.933333333333334,131.28467324177424,0.627573987422511,0.00154495721993347,2.529027841084947
turbo_lunar_lander_12d,12,mes_gumbel,native,decay_uniform_grid_a1_2,42,18,30,1.684842289818813,1.8413419612454272,0.7162888951147787,0.13077586184827208,1.4402718046546852,2.179865067411725,0.0,2.5638772478107166,0.7324811517373722,0.5663896341059408,0.6406105647705906,12.433333333333334,7.366666666666666,135.19521900336258,0.7654563453203688,0.0015661444514989853,2.427468827335785
turbo_lunar_lander_12d,12,mes_gumbel,native,decay_uniform_grid_a1_2,43,19,30,1.6988688453779397,1.8195021766272799,0.7174965805028489,0.1309963540247439,1.3653238008883604,2.230011259095779,0.0,2.543369330844871,0.7310444405794936,0.5648219629975338,0.6388288054879726,13.133333333333333,7.9,139.5948361361865,1.3367054312955589,0.0015665400152405104,2.4222515071742237
turbo_lunar_lander_12d,12,mes_gumbel,native,decay_uniform_grid_a1_2,44,20,30,1.6991144221958578,1.8744378959104244,0.649595620648585,0.11859939156193289,1.451635772473661,2.097334467789781,0.0,2.5334101131863083,0.7470955828433594,0.5862334842540092,0.6580018049951064,13.8,8.4,143.90773000886352,1.0927916215267033,0.012463926337659359,2.5593530834186824
turbo_lunar_lander_12d,12,mes_gumbel,native,decay_uniform_grid_a1_2,45,21,30,1.6875821644922686,1.8112212425397176,0.6689494690323575,0.12213290467337526,1.388390981804948,2.1099575742637975,0.0,2.559557172083047,0.7459790968057397,0.5845857151229957,0.6564501665341689,14.6,8.866666666666667,147.9886539193957,0.7403218888522436,0.0015526194125413894,2.5844542296448103
turbo_lunar_lander_12d,12,mes_gumbel,native,decay_uniform_grid_a1_2,46,22,30,1.6973472233937936,1.783812904131072,0.5658493548635444,0.10330948526950294,1.4320667634225066,2.063044800805205,0.07230680788856803,2.5625668404172632,0.7448876292782397,0.5831496408956105,0.654990301150143,15.266666666666667,9.333333333333334,152.49489657687954,1.2516475121490658,0.00159701492326955,2.5695253233890982
turbo_lunar_lander_12d,12,mes_gumbel,native,decay_uniform_grid_a1_2,47,23,30,1.729243089079687,1.7810281043514558,0.482640483030741,0.0881176932403754,1.4347371338087598,2.051589213151423,0.40011164346064065,2.5462303944426568,0.7429841905660339,0.5818751956277629,0.6536404702718518,15.866666666666667,9.866666666666667,157.41675084028392,1.5501450447986522,0.0015732276408622662,2.522941512785231
turbo_lunar_lander_12d,12,mes_gumbel,native,decay_uniform_grid_a1_2,48,24,30,1.7251228519845152,1.7489884917240384,0.557661872372561,0.10181466231967289,1.4440506716217667,2.082346760888109,0.02214000868137278,2.5511852250258817,0.7417487016826002,0.5806907260976576,0.6525720329557404,16.466666666666665,10.4,162.24550590583434,1.531141570939993,0.001555719847480456,2.558084389955426
turbo_lunar_lander_12d,12,mes_gumbel,native,decay_uniform_grid_a1_2,49,25,30,1.5950663674072156,1.7341008935437567,0.6949619335999255,0.1268821092133622,1.2062284499920883,2.0637238854175797,0.002006640889854916,2.549286250327653,0.7533123954116742,0.5982661802278066,0.6671555064168746,17.166666666666668,10.766666666666667,166.71935681941298,1.2073627551086248,0.012625729866946737,2.6432316817653674
turbo_lunar_lander_12d,12,mes_gumbel,native,decay_uniform_grid_a1_2,5,0,30,2.5186555437315987,2.4763517558143135,0.40486694848409394,0.07391825349100675,2.3297896836775625,2.7074990324575405,1.8046623785139477,3.4967428332889448,0.9988791369565952,0.9872952692566848,0.996150874403876,0.0,0.0,11.755844672008728,0.0,0.0014502190829565127,2.4574601671192795
turbo_lunar_lander_12d,12,mes_gumbel,native,decay_uniform_grid_a1_2,50,26,30,1.6302263784264472,1.7325947784195725,0.6327786753030523,0.11552905145723963,1.3427825092677748,2.011271464742569,0.002006640889854916,2.5646385811464203,0.7515150448180566,0.5969178751449465,0.6659078440152997,17.866666666666667,11.1,171.33553648057082,1.0995330558158458,0.001669648832951983,2.8245764624948304
turbo_lunar_lander_12d,12,mes_gumbel,native,decay_uniform_grid_a1_2,51,27,30,1.5752339802244755,1.6986633476071735,0.6197587253156648,0.11315194468867922,1.2904531634227436,1.925897456014137,0.002006640889854916,2.6006263413701873,0.751028867584753,0.5958453723801984,0.6650004098348913,18.433333333333334,11.633333333333333,176.54255536027873,1.6913275878100344,0.0015604057504485052,2.8188652682739
turbo_lunar_lander_12d,12,mes_gumbel,native,decay_uniform_grid_a1_2,52,28,30,1.539021038887399,1.6731712117889075,0.6458159126145335,0.11790931444492173,1.2027222832397644,1.8641163746855431,0.0,2.656102237186027,0.7504616435822026,0.5946038257119419,0.6636488928029048,19.066666666666666,12.233333333333333,181.56494282307102,1.1999343359377235,0.0016496966282526651,2.9550080077722667
turbo_lunar_lander_12d,12,mes_gumbel,native,decay_uniform_grid_a1_2,53,29,30,1.585737479991378,1.6992869681757061,0.7223873054660233,0.13188927415303864,1.283074569294116,1.9492110944204288,0.0,3.1831202329435397,0.7499741288571112,0.5934948862408937,0.6627331010036431,19.666666666666668,12.666666666666666,186.8639834188701,1.4620079160667956,0.00166709308202068,3.00259772685046
turbo_lunar_lander_12d,12,mes_gumbel,native,decay_uniform_grid_a1_2,54,30,30,1.5090929248218812,1.6297790460165524,0.7491161875518088,0.13676927803813213,1.2463031850729709,1.8957602712342136,0.0,2.702625358520715,0.7571711358654053,0.5979726307936997,0.6693256162682756,20.433333333333334,13.1,191.31787959838596,0.7949743459156404,0.014208990102633833,3.0114386713908363
turbo_lunar_lander_12d,12,mes_gumbel,native,decay_uniform_grid_a1_2,55,31,30,1.4507476712732097,1.5307366439392944,0.729145518283935,0.13312314935596892,1.179602372860844,1.8804281187228338,0.0,2.6889178829222145,0.7566068814308321,0.5968826988411254,0.6683548668850828,21.066666666666666,13.633333333333333,196.67335259101043,1.471839693064491,0.001632566610351205,2.865254572359845
turbo_lunar_lander_12d,12,mes_gumbel,native,decay_uniform_grid_a1_2,56,32,30,1.4568422207795177,1.5517811794416412,0.7315970899074105,0.13357074304914127,1.2683806361920316,1.873530265023106,0.0,2.6836488825521236,0.7559103303256227,0.5957488734879969,0.6671923459050928,21.7,13.966666666666667,201.8609471178303,1.5844115358311683,0.0016067147565384705,2.817943146529918
turbo_lunar_lander_12d,12,mes_gumbel,native,decay_uniform_grid_a1_2,57,33,30,1.4510942167821321,1.609261846272089,0.7057825269001035,0.12885767022539446,1.1927864667873087,1.8796022599574997,0.0,2.5656407982911262,0.7548671264465218,0.5945605827927963,0.6660231240193549,22.3,14.6,206.86282087365785,1.371932446816936,0.0016755240503698587,2.870697339158505
turbo_lunar_lander_12d,12,mes_gumbel,native,decay_uniform_grid_a1_2,58,34,30,1.442809595533762,1.5869139922777067,0.6928784863557712,0.12650172552903044,1.1983882166804878,1.8756564884448432,0.0,2.561828604693511,0.753401684056583,0.5932494577129933,0.6647428453796114,23.066666666666666,15.1,211.33428686911552,1.078886847772325,0.0016013398300856352,2.8302936612007517
turbo_lunar_lander_12d,12,mes_gumbel,native,decay_uniform_grid_a1_2,59,35,30,1.4176535968730266,1.5015300063183012,0.6706858448083373,0.12244992206697847,1.2588966878724484,1.8753828756509185,0.0,2.644621789750932,0.7650455907497198,0.612140954397436,0.6801797641722941,23.533333333333335,15.733333333333333,217.39661323935724,2.1195751684717834,0.014652911340817809,3.0408476915986586
turbo_lunar_lander_12d,12,mes_gumbel,native,decay_uniform_grid_a1_2,6,0,30,2.3084718727678397,2.36476569851388,0.4032448147561484,0.07362209374631151,2.054919774827458,2.6530246449068597,1.370461264376363,2.9507006614595364,0.9986889384325536,0.9852275100876212,0.995148893418597,0.0,0.0,14.746041903443013,0.0,0.0014584681019186973,2.549501023441553
turbo_lunar_lander_12d,12,mes_gumbel,native,decay_uniform_grid_a1_2,60,36,30,1.3802537253193146,1.4418746745998252,0.6634701644743656,0.12113252510475757,1.0979286554332346,1.878776341212268,0.0,2.5645805620315625,0.763721542031693,0.6112098239888973,0.6792694514744464,24.066666666666666,16.2,222.988967102735,1.7782425917374591,0.001625666084388892,2.9720156300192078
turbo_lunar_lander_12d,12,mes_gumbel,native,decay_uniform_grid_a1_2,61,37,30,1.203438497649332,1.35241487571417,0.7359114529181267,0.13435843436321965,0.6324498756242323,1.7541479057320049,0.0,2.5823892109974556,0.7621328223231377,0.6104179545838401,0.6784250174775984,24.633333333333333,16.5,228.42311491935203,1.5561247785730907,0.0015692351230730613,2.8524050974442314
turbo_lunar_lander_12d,12,mes_gumbel,native,decay_uniform_grid_a1_2,62,38,30,1.2325496204061965,1.3786575947105724,0.6841239715483897,0.12490337711569183,0.8009039718293006,1.650609000591024,0.0,2.5442511144085618,0.7608645629628389,0.6096409820795379,0.6777298933579698,25.133333333333333,17.166666666666668,234.28887153328395,1.744367480945463,0.0016365882785369954,3.0382121971963594
turbo_lunar_lander_12d,12,mes_gumbel,native,decay_uniform_grid_a1_2,63,39,30,1.209239248439283,1.3313691523248228,0.7078308809356267,0.12923164679573207,0.8028120202789777,1.6929156242195098,0.0,2.552809821630765,0.7603181059139572,0.6087567612926786,0.6770188832521414,25.666666666666668,17.6,239.7644459908052,1.4294566731279095,0.001720712644358476,3.1373420633375644
turbo_lunar_lander_12d,12,mes_gumbel,native,decay_uniform_grid_a1_2,64,40,30,1.151519363085795,1.2560112103850931,0.7452134540902334,0.1360567396538538,0.7348468774664075,1.6495485943981572,0.0,2.5479331863454338,0.7801458313422033,0.6367272240136755,0.7013666844351221,26.166666666666668,18.233333333333334,246.053735358237,2.0041086920226614,0.014983523481835922,3.0264161901238062
turbo_lunar_lander_12d,12,mes_gumbel,native,decay_uniform_grid_a1_2,65,41,30,1.1478622727703693,1.2763204886684876,0.7449331470932494,0.13600556283209556,0.6843752973396648,1.679206930846484,0.0,2.545963655867407,0.7778052217871713,0.635931200839272,0.7006363175338575,26.666666666666668,18.7,251.4507247635629,1.80295549564374,0.0015951836636910837,2.839574823419874
turbo_lunar_lander_12d,12,mes_gumbel,native,decay_uniform_grid_a1_2,66,42,30,1.1408078483888453,1.268374426305872,0.7136980307545593,0.13030283689709596,0.8164918767753848,1.5521511904820353,0.0,2.5413292275158916,0.7775973939828469,0.6352870353553632,0.7000637142336575,27.233333333333334,19.233333333333334,256.5327540471529,1.3633816039034476,0.0015852319231877724,2.77003100910224
turbo_lunar_lander_12d,12,mes_gumbel,native,decay_uniform_grid_a1_2,67,43,30,1.1303643483631198,1.318318108929578,0.6977444507226909,0.1273901250116232,0.7110328824361747,1.603646757033937,0.0,2.394246609615373,0.7773956241501757,0.6345836828350994,0.6994078677327635,27.633333333333333,19.666666666666668,262.2689876902228,1.8680516194707404,0.0016201577614992856,2.786393620974074
turbo_lunar_lander_12d,12,mes_gumbel,native,decay_uniform_grid_a1_2,68,44,30,1.1079232486144155,1.3271203950599777,0.7194935465822729,0.13136094848083496,0.6082203363859812,1.5789816853852967,0.0,2.404653309369966,0.7769213615110134,0.6337743590119066,0.698607302571821,28.166666666666668,20.133333333333333,267.2027105389473,1.4194896469824017,0.0015960272401571273,2.6756404031533747
turbo_lunar_lander_12d,12,mes_gumbel,native,decay_uniform_grid_a1_2,69,45,30,1.0726721035891589,1.263611578691665,0.7222595905946858,0.13186595671438517,0.6733494394679607,1.5852617184860591,0.0,2.3963631214152743,0.7777610507555671,0.6343709812238045,0.6992060269696313,28.666666666666668,20.5,272.2933097015601,1.5090976536273957,0.015064612496644258,2.926817150693387
turbo_lunar_lander_12d,12,mes_gumbel,native,decay_uniform_grid_a1_2,7,0,30,2.2751123220801306,2.3498772115953983,0.4162612493480644,0.07599855869440583,2.0168504798675264,2.650432691357252,1.226591411538858,2.8418783410367388,0.9984683090997225,0.9834494317198244,0.9943849095892785,0.0,0.0,17.775352103759847,0.0,0.0014637972228229046,2.626686079396556
turbo_lunar_lander_12d,12,mes_gumbel,native,decay_uniform_grid_a1_2,70,46,30,1.0551874520021582,1.1720039959767021,0.7093811676819899,0.12951468913626019,0.5987241615813967,1.5299269711147758,0.0,2.3995844946154725,0.7769210254724258,0.633503205689408,0.6985493761571948,29.333333333333332,21.0,277.39787738247156,1.1205526000043997,0.0017027276412894328,3.1146116888616233
turbo_lunar_lander_12d,12,mes_gumbel,native,decay_uniform_grid_a1_2,71,47,30,1.0696791190931376,1.1387091580359967,0.7083665731070915,0.12932945035779547,0.5955874438240292,1.5876948546254224,0.0,2.396829097513891,0.7764175707816745,0.6327784714309459,0.6978265922859995,29.833333333333332,21.5,282.72030051231076,1.5740076400805265,0.0017567847079286972,3.090719686665883
turbo_lunar_lander_12d,12,mes_gumbel,native,decay_uniform_grid_a1_2,72,48,30,1.0896573764570048,1.193456991099154,0.7089214101476258,0.12943074927874212,0.6040490179281588,1.589069589950788,0.0,2.4015773673977763,0.7754444533427651,0.6321572325450311,0.6971976274474733,30.333333333333332,21.9,288.37226303502297,1.6937637619053325,0.001650052610784769,3.1151297016379735
turbo_lunar_lander_12d,12,mes_gumbel,native,decay_uniform_grid_a1_2,73,49,30,1.0844794718037916,1.2420164751043037,0.7211817469939253,0.1316691702965188,0.627705840780869,1.5961527830387365,0.0,2.4033844354576024,0.774984821229263,0.6314412193022592,0.6966347649722368,30.9,22.5,293.9387998171616,1.6047882951175174,0.001672379362086455,3.0918328684133787
turbo_lunar_lander_12d,12,mes_gumbel,native,decay_uniform_grid_a1_2,74,50,30,1.0641506708666997,1.201243866629934,0.7138106122938951,0.13032339137998025,0.655532163048443,1.619783454061983,0.0,2.4073443246968482,0.7761028655143413,0.6327351080611604,0.6979624042834491,31.366666666666667,22.933333333333334,300.3229446848389,1.9456051407381891,0.017423787526786326,3.226245031148816
turbo_lunar_lander_12d,12,mes_gumbel,native,decay_uniform_grid_a1_2,75,51,30,1.0333413040198978,1.0937847319539475,0.6916214720113012,0.12627222715850586,0.6778101340911633,1.53244325419113,0.0,2.4164223316592732,0.7756678855013242,0.6321589634526161,0.6974074058203905,31.966666666666665,23.533333333333335,305.7680377515188,1.5304285418552657,0.0016886685974895955,3.1633614919148387
turbo_lunar_lander_12d,12,mes_gumbel,native,decay_uniform_grid_a1_2,76,52,30,1.0315524494278114,1.07165092194508,0.743525364373718,0.13574853804824444,0.24201683568005294,1.678745441556324,0.0,2.406768433533764,0.7751118853055928,0.6315755975932136,0.6970457124567525,32.36666666666667,24.133333333333333,311.9041050908932,2.090567128267139,0.0016919123164067665,3.021269188805794
turbo_lunar_lander_12d,12,mes_gumbel,native,decay_uniform_grid_a1_2,77,53,30,1.0359108266315116,1.1869134904859289,0.7592481281172663,0.1386191088377997,0.21843111435039492,1.6027731459000378,0.0,2.5164453652172147,0.7747097434471172,0.6309651214503995,0.6964172473806037,32.833333333333336,24.733333333333334,317.95807702820747,2.0517930997225147,0.0017304639797657729,2.939350145775825
turbo_lunar_lander_12d,12,mes_gumbel,native,decay_uniform_grid_a1_2,78,54,30,0.99329083532349,1.0335216719599272,0.7554707070198273,0.13792944925637862,0.0827267439296212,1.575345085311783,0.0,2.403770992041842,0.7741581740141036,0.6304434047799894,0.6960188860937929,33.233333333333334,25.2,323.92751636829536,2.0772051613777878,0.0016815110109746456,2.8871781955007463
turbo_lunar_lander_12d,12,mes_gumbel,native,decay_uniform_grid_a1_2,79,55,30,0.9409235151349875,0.9192917210090877,0.7575506139353457,0.1383091865680921,0.028801566171350212,1.5772391962001828,0.0,2.406875953387684,0.7956175224468323,0.6623802844019805,0.723580835808504,33.86666666666667,25.633333333333333,328.9801314246996,1.1553274871160586,0.01797123116751512,2.9795637217195083
turbo_lunar_lander_12d,12,mes_gumbel,native,decay_uniform_grid_a1_2,8,0,30,2.2239840506496247,2.22600281822161,0.4200166296630616,0.07668419419791743,1.9900331339095296,2.6590745569009444,1.1804013694844409,2.828253016420003,0.998126022348572,0.9816567420505923,0.9934316337672878,0.0,0.0,20.793873922651013,0.0,0.0014907301093141237,2.5931858541443944
turbo_lunar_lander_12d,12,mes_gumbel,native,decay_uniform_grid_a1_2,80,56,30,1.001327481520048,1.1985174697391123,0.780173244528851,0.14243949493014854,0.03016459842854513,1.6551256304067823,0.0,2.4345419088506586,0.794898401046003,0.6618832951345001,0.7232336688285714,34.4,26.133333333333333,334.6895767770863,1.4388502812168251,0.0016826843532423178,3.2204769891686738
turbo_lunar_lander_12d,12,mes_gumbel,native,decay_uniform_grid_a1_2,81,57,30,0.9844336646006874,1.031901514707875,0.7675750402870009,0.140139388047709,0.03706777613549128,1.6224221995604435,0.0,2.420907541981927,0.7946636423830242,0.6610944308209051,0.7224361198097764,35.1,26.7,339.17931371134085,0.627815275421987,0.00174081614241004,3.2864118346634013
turbo_lunar_lander_12d,12,mes_gumbel,native,decay_uniform_grid_a1_2,82,58,30,1.005723416356193,1.0850565324055619,0.7868330751048658,0.14365540807536384,0.038593098141050164,1.6862397669337457,0.0,2.4379140679526645,0.7943537522442262,0.6605080266827543,0.7217257669138127,35.63333333333333,27.133333333333333,344.405469630581,1.2924986224931976,0.0017581161266813675,3.193987054284662
turbo_lunar_lander_12d,12,mes_gumbel,native,decay_uniform_grid_a1_2,83,59,30,0.9664883923741571,0.9736239723377655,0.7839162245124514,0.14312286645325129,0.037318195588987524,1.629764350182958,0.0,2.4297976471017773,0.7940697932277201,0.6599906416498563,0.7211670372812924,36.1,27.733333333333334,350.13499631838255,1.6439411132906874,0.0017499320829908053,3.1844047364157935
turbo_lunar_lander_12d,12,mes_gumbel,native,decay_uniform_grid_a1_2,84,60,30,0.9184085529960633,0.7953600101366413,0.7924847604093705,0.14468725991842976,0.006833863641467763,1.5625384097448691,0.0,2.4318215646066723,0.7928950467106066,0.6639417274145321,0.7227296230862034,36.5,28.2,356.89428353714754,2.0874606705425927,0.020339217393969496,3.2367042190240074
turbo_lunar_lander_12d,12,mes_gumbel,native,decay_uniform_grid_a1_2,85,61,30,0.9255151026053475,0.82299758745057,0.7948775595409283,0.14512412327174073,0.000501660222463729,1.5171965278332282,0.0,2.4422468930355756,0.7925389434454726,0.663403596136985,0.7222082478368331,37.0,28.7,362.0527438048894,1.3153236355011662,0.001820374776919683,3.1169006230775267
turbo_lunar_lander_12d,12,mes_gumbel,native,decay_uniform_grid_a1_2,86,62,30,0.9353978004620697,0.9104999224424615,0.7964478631459692,0.1454108201739449,0.000501660222463729,1.5988664288486567,0.0,2.4389647867060886,0.7919124115226437,0.6628547371234634,0.7216084978441124,37.53333333333333,29.2,367.498805842114,1.4360577300656587,0.0017678447378178437,3.063455572646732
turbo_lunar_lander_12d,12,mes_gumbel,native,decay_uniform_grid_a1_2,87,63,30,0.9301835558359758,0.9138037546707238,0.7915406240166899,0.14451488498521883,0.000501660222463729,1.6059227981841055,0.0,2.4370387602170838,0.7918525867141128,0.6623688828869575,0.7210550355742815,38.03333333333333,29.633333333333333,372.9189895214668,1.2988446317302684,0.0017654811963438988,3.186030444937448
turbo_lunar_lander_12d,12,mes_gumbel,native,decay_uniform_grid_a1_2,88,64,30,0.9092909797399645,0.765001227773466,0.783524188551662,0.14305129080689208,0.000501660222463729,1.586089469163569,0.0,2.427065678848691,0.7908681336207758,0.6618033979918766,0.7204074623605682,38.63333333333333,30.133333333333333,378.2611623523912,1.2296986892198523,0.0017765764923145374,3.125993722071871
turbo_lunar_lander_12d,12,mes_gumbel,native,decay_uniform_grid_a1_2,89,65,30,0.9464079736570683,0.9542359838474316,0.7909635699039022,0.14440952980039384,0.028801566171350212,1.629056302916939,0.0,2.4250995304926253,0.7886664520237369,0.6597440032422472,0.7185371426578935,39.13333333333333,30.7,384.287166607442,1.8615345896221698,0.02091915726972123,3.087197601531322
turbo_lunar_lander_12d,12,mes_gumbel,native,decay_uniform_grid_a1_2,9,0,30,2.226785806187293,2.2321246182726253,0.40263022331401005,0.07350988521414191,2.026735734028776,2.5956853505895654,1.2068822227109028,2.830434890547302,0.9978353826675902,0.9800721250901048,0.992844278903608,0.0,0.0,23.647631632226208,0.0,0.001426954489822189,2.4325238414574413
turbo_lunar_lander_12d,12,mes_gumbel,native,decay_uniform_grid_a1_2,90,66,30,0.9217999236369007,0.8249468747753776,0.7773161716191025,0.1419178671697798,0.028801566171350212,1.636058634363153,0.0,2.431610756409052,0.7881211458953391,0.6593038326020108,0.7180726025305958,39.6,31.266666666666666,389.9904319003845,1.4440271155132602,0.001869138361265262,3.267524240554
turbo_lunar_lander_12d,12,mes_gumbel,native,decay_uniform_grid_a1_2,91,67,30,0.9451523707525256,0.9660512953532355,0.7878524744325344,0.14384152407765374,0.028801566171350212,1.599248535055362,0.0,2.424989898121216,0.7875915132305329,0.6588974582459596,0.7175590104049011,40.06666666666667,31.933333333333334,396.18112359348066,1.6880566710916658,0.0018376174382865428,3.3446836687469235
turbo_lunar_lander_12d,12,mes_gumbel,native,decay_uniform_grid_a1_2,92,68,30,0.9221688258348983,0.8780162819468398,0.7815259609246097,0.14268646602476992,0.028801566171350212,1.6068750048610294,0.0,2.433771264278743,0.7873113147593999,0.6584009869953935,0.7171168353757567,40.5,32.36666666666667,402.21105664141163,1.7013239205504458,0.0018178321421146392,3.2642536983514825
turbo_lunar_lander_12d,12,mes_gumbel,native,decay_uniform_grid_a1_2,93,69,30,0.8707384090999873,0.733468587615458,0.7901478880844959,0.1442606073563153,0.000501660222463729,1.6080196144927141,0.0,2.427182073469447,0.7870122027199472,0.6579476291685266,0.7166692928021923,41.0,32.9,408.0875805818476,1.7155030915203193,0.0018305406284828982,3.2595007543917744
turbo_lunar_lander_12d,12,mes_gumbel,native,decay_uniform_grid_a1_2,94,70,30,0.9083023654175275,0.8641699389570372,0.7907856276550027,0.14437704213917538,0.000501660222463729,1.5991434102887503,0.0,2.369308619038663,0.7806039462985178,0.6445734351847319,0.706452908589041,41.56666666666667,33.56666666666667,413.8075284292611,1.3585933750495314,0.02278375535582503,3.361732253106311
turbo_lunar_lander_12d,12,mes_gumbel,native,decay_uniform_grid_a1_2,95,71,30,0.8943486202654719,0.8330175603075347,0.7903569584466184,0.14429877820746204,0.000501660222463729,1.6508750252579594,0.0,2.3737286256071135,0.7804381627898195,0.6440089595791346,0.705854316131315,42.13333333333333,34.1,419.0813930728473,1.1556115133998295,0.0018731153259674707,3.250105160397167
turbo_lunar_lander_12d,12,mes_gumbel,native,decay_uniform_grid_a1_2,96,72,30,0.9369275298659138,0.8141948125733698,0.8216468320835127,0.1500115014115998,0.000501660222463729,1.7404134679503147,0.0,2.3785643400660126,0.7800628987772831,0.6435039517087134,0.705391033596131,42.63333333333333,34.56666666666667,424.63752790490787,1.3939249674168726,0.0017783269130935272,3.2121796210917335
turbo_lunar_lander_12d,12,mes_gumbel,native,decay_uniform_grid_a1_2,97,73,30,0.9343685297418854,0.8520298463664838,0.8022179876952887,0.14646429596570382,0.000501660222463729,1.6277157079810691,0.0,2.2538321516599606,0.7795310084968469,0.6430009892744785,0.7049635412333278,43.166666666666664,34.93333333333333,430.3269418456747,1.3879257711271444,0.001871810294687748,3.4137063237372787
turbo_lunar_lander_12d,12,mes_gumbel,native,decay_uniform_grid_a1_2,98,74,30,0.9075213489697637,0.8484467183146106,0.7761040667656441,0.14169656811301293,0.000501660222463729,1.520421730305975,0.0,2.2606732715296647,0.7792032190831782,0.6423914972876634,0.7042851947322027,43.766666666666666,35.46666666666667,435.1543297323088,0.8263748834220072,0.0018945331840465466,3.270054533596461
turbo_lunar_lander_12d,12,mes_gumbel,native,decay_uniform_grid_a1_2,99,75,30,0.8610423719588004,0.8138141739209277,0.7682558439816162,0.1402636852279669,0.000501660222463729,1.5013106591778893,0.0,2.2822636678870065,0.7791010626785614,0.6412227874092123,0.7033421699917556,44.2,36.03333333333333,441.0888170924969,1.5152761407196522,0.023207793415834507,3.3476683742056292
turbo_lunar_lander_12d,12,mes_gumbel,native,decay_uniform_grid_a2_3,1,0,30,3.310651109298576,3.283904957447192,0.580644939743358,0.10601077713288837,3.052659635642117,3.600539664830276,2.2276699670828726,4.534419415344451,0.9999703333578658,0.9972378949702652,0.9997470325374905,0.0,0.0,0.8731164048115413,0.0,0.0013694192748516798,0.4753479516133666
turbo_lunar_lander_12d,12,mes_gumbel,native,decay_uniform_grid_a2_3,10,0,30,2.22363944070666,2.237736932043511,0.389172751593094,0.07105289827129739,1.9972427935898305,2.560782715833177,1.4562514051970976,2.7919025174092806,0.9975692102752459,0.9785407233685759,0.9921383172057798,0.0,0.0,26.482991024510316,0.0,0.0014378555584698915,2.597639905832087
turbo_lunar_lander_12d,12,mes_gumbel,native,decay_uniform_grid_a2_3,100,76,30,0.7445803719057564,0.8088965244799404,0.6260401680631068,0.11429877398416295,0.054707191648382114,1.1226244314765559,0.0,2.1097486276754256,0.7871853081723902,0.6508694909635174,0.7144103514646569,26.066666666666666,32.0,541.6529260032034,2.1794217394044,0.0019490729551762342,3.462933882387976
turbo_lunar_lander_12d,12,mes_gumbel,native,decay_uniform_grid_a2_3,101,77,30,0.7069652559179346,0.7538484880438596,0.6211328398849515,0.11340282253741082,0.022151649859188494,1.0394236941219406,0.0,2.1871234904778154,0.7869966699107643,0.6504542950239937,0.7140312680220932,26.366666666666667,32.4,548.593837183062,2.144364658743143,0.001985520621140798,3.4686684284359215
turbo_lunar_lander_12d,12,mes_gumbel,native,decay_uniform_grid_a2_3,102,78,30,0.7599860282528845,0.7524828140820043,0.6198757621894807,0.11317331260062884,0.06920370998185527,1.114406274442656,0.0,2.193412794349345,0.7866337230218835,0.6500654691751063,0.7135892279828293,26.666666666666668,32.86666666666667,555.9948743993572,2.248985415821274,0.0019962860892216365,3.6938541807234286
turbo_lunar_lander_12d,12,mes_gumbel,native,decay_uniform_grid_a2_3,103,79,30,0.8044938599237283,0.8128323431874048,0.6035775606604025,0.11019768172588172,0.1564034481230019,1.1738529264794886,0.0,2.1917531034282747,0.7864683407744054,0.649822703455593,0.713421596187637,26.933333333333334,33.166666666666664,563.6268404538588,2.3295109294975798,0.0020038357470184565,3.7274865614250303
turbo_lunar_lander_12d,12,mes_gumbel,native,decay_uniform_grid_a2_3,104,80,30,0.8163984381213553,0.8652678839150897,0.6231229456447103,0.11376616447622444,0.1507223693595327,1.1714457455945206,0.0,2.190776369170259,0.7899741020450114,0.6563687064518765,0.7190067167885072,27.266666666666666,33.7,570.353667650139,1.941954673283423,0.02492202470699946,3.6302788238972425
turbo_lunar_lander_12d,12,mes_gumbel,native,decay_uniform_grid_a2_3,105,81,30,0.7684963654225181,0.7720721955213948,0.6311393607551818,0.11522975493833462,0.10633937449658182,1.145642264474168,0.0,2.1436056057973016,0.7897035294522902,0.6560733951083779,0.7185653839155608,27.5,34.0,577.2118818077724,2.1647946160752327,0.00195488422177732,3.4357091104611754
turbo_lunar_lander_12d,12,mes_gumbel,native,decay_uniform_grid_a2_3,106,82,30,0.7685385529702617,0.7949860593583647,0.6280410962796227,0.11466409182420773,0.10175988132903901,1.0967909423410203,0.0,2.1560385373433673,0.7894788395254343,0.6558715692847991,0.7183146473782832,27.7,34.36666666666667,584.664802490718,2.5211171213692674,0.001987809982771675,3.4826286864622187
turbo_lunar_lander_12d,12,mes_gumbel,native,decay_uniform_grid_a2_3,107,83,30,0.7700671181881662,0.8246504253012549,0.6228198797668705,0.11371083247032346,0.08064928658944259,1.0911477970892531,0.0,2.1584945521327663,0.7889736425696859,0.655526788105642,0.7179871827877214,27.933333333333334,34.733333333333334,591.9242133919615,2.2417836006109915,0.0020158958931763967,3.5269367042928934
turbo_lunar_lander_12d,12,mes_gumbel,native,decay_uniform_grid_a2_3,108,84,30,0.6665035619064008,0.7664938317656967,0.5789385630811548,0.10569923680305868,0.019723452815559372,0.9721675868186094,0.0,1.935547415469015,0.7888551670455934,0.6552527074302653,0.7176574999414312,28.133333333333333,35.166666666666664,599.3549653309087,2.5965110619397214,0.0019759038152794045,3.3677320449613033
turbo_lunar_lander_12d,12,mes_gumbel,native,decay_uniform_grid_a2_3,109,85,30,0.7017390405542349,0.8055767574452328,0.6043267296636154,0.11033446064669619,0.02613888830872385,1.021108518505625,0.0,2.0592335906402552,0.7902968064094902,0.6634477348354546,0.722347751914132,28.566666666666666,35.6,605.471383702755,1.7710331330696742,0.026664538386588294,3.2765615995197246
turbo_lunar_lander_12d,12,mes_gumbel,native,decay_uniform_grid_a2_3,11,0,30,2.2039395465044658,2.2537721007319247,0.40585783873010195,0.07409916447092356,1.9774190634865962,2.5267119990292883,1.0662318150143433,2.775831557357914,0.9974193191914803,0.9770600576717418,0.9914932065434111,0.0,0.0,29.425010517643145,0.0,0.0013975003579010565,2.56106201489456
turbo_lunar_lander_12d,12,mes_gumbel,native,decay_uniform_grid_a2_3,110,86,30,0.7153234534406958,0.7815652361832062,0.5877146234571605,0.10730151888104722,0.07902210451857339,1.0061515878379101,0.0,2.082628259075614,0.7902269825659695,0.6631893529746034,0.7221169402266286,28.7,36.1,612.7537474307387,2.3858459439749518,0.001962993402654926,3.4136743592408796
turbo_lunar_lander_12d,12,mes_gumbel,native,decay_uniform_grid_a2_3,111,87,30,0.7171211195730105,0.7502120124024528,0.5968073951212246,0.10896162426459778,0.056938714935312884,1.0938057419406468,0.0,2.150630434762684,0.7901281131772928,0.6628476195364164,0.7216832687039749,28.966666666666665,36.43333333333333,619.4373010905459,1.9767155836801975,0.002009893814101815,3.5305049076365926
turbo_lunar_lander_12d,12,mes_gumbel,native,decay_uniform_grid_a2_3,112,88,30,0.6965109790720334,0.7980571935664702,0.6078091961335215,0.11097026912713717,0.02613888830872385,1.064284303502004,0.0,2.1534278886816387,0.7891086673644294,0.6624794672109846,0.7214348397725863,29.3,36.96666666666667,626.0658744809683,1.816586997297903,0.0019996379191676776,3.4161285876917344
turbo_lunar_lander_12d,12,mes_gumbel,native,decay_uniform_grid_a2_3,113,89,30,0.7130547265899934,0.7250093610888396,0.6111234616732465,0.11157536845969364,0.03633123054609566,1.1657798200683978,0.0,2.1382537214520028,0.789068414359522,0.6623082506956578,0.7212476096005942,29.366666666666667,37.36666666666667,634.0698423429858,2.7827665988821537,0.0020829474398245413,3.551371154220154
turbo_lunar_lander_12d,12,mes_gumbel,native,decay_uniform_grid_a2_3,114,90,30,0.6571280526383124,0.7280655721836069,0.5981503351813527,0.10920681045270095,0.0,0.9560685412071771,0.0,2.133612984732194,0.7882876143572815,0.6604886934866587,0.7199378574785565,29.533333333333335,37.53333333333333,641.7422420930428,2.3445343000193435,0.028167873279501994,3.4509649895286807
turbo_lunar_lander_12d,12,mes_gumbel,native,decay_uniform_grid_a2_3,115,91,30,0.6688734257162312,0.6691438638886131,0.6660471551047882,0.12160301707101155,0.0129186070184229,0.9702366193628806,0.0,2.527534946106623,0.788216546910014,0.6602502983509372,0.7196767638444721,29.733333333333334,37.833333333333336,649.6271795950674,2.4492328194280466,0.0022150910459458827,3.4469628193726143
turbo_lunar_lander_12d,12,mes_gumbel,native,decay_uniform_grid_a2_3,116,92,30,0.7290606991693525,0.8222738656977269,0.668899939779512,0.12212386191036197,0.012869761484932962,1.106057728869027,0.0,2.589110402497838,0.7881743259834142,0.6599566493444086,0.719419775800446,30.0,38.3,656.6065144657779,2.216316694300622,0.002086520893499255,3.4813148921666044
turbo_lunar_lander_12d,12,mes_gumbel,native,decay_uniform_grid_a2_3,117,93,30,0.6591121113298797,0.7648579585625769,0.6149123106398519,0.1122671144750236,0.0,1.0658234074090776,0.0,2.2054265294963145,0.7879062045171137,0.6597011367756028,0.7190367035974338,30.2,38.766666666666666,663.4763662941289,2.066527099519347,0.0020880184757212797,3.3281123315294585
turbo_lunar_lander_12d,12,mes_gumbel,native,decay_uniform_grid_a2_3,118,94,30,0.6343115245071098,0.7417019170685105,0.5959861580721092,0.10881168757897795,0.0,1.0518021612972879,0.0,2.127470072830274,0.7878550239544642,0.6594584912746828,0.7188609063845566,30.5,39.13333333333333,670.1931204038672,2.024540241062641,0.002333207940682769,3.4970964543366185
turbo_lunar_lander_12d,12,mes_gumbel,native,decay_uniform_grid_a2_3,119,95,30,0.6429048024862725,0.7920833711557747,0.567754886038858,0.10365738607241916,0.0,1.0328839517332926,0.0,2.094381009899304,0.7900578858655,0.6620599782145907,0.7214196379997121,30.8,39.6,676.7429032331488,1.929817571506525,0.029909991985186936,3.425787003322815
turbo_lunar_lander_12d,12,mes_gumbel,native,decay_uniform_grid_a2_3,12,0,30,2.2106593718795478,2.2407115330443084,0.3965547873468668,0.07240066743884772,1.988724447039785,2.5380856481454894,1.0907761306781327,2.776769492091669,0.9971768750965188,0.9755870863831688,0.9906783619358783,0.0,0.0,32.436714171494046,0.0,0.0014171949587762356,2.6251536045999577
turbo_lunar_lander_12d,12,mes_gumbel,native,decay_uniform_grid_a2_3,120,96,30,0.6014436727342117,0.7012500728425612,0.5453953744107675,0.09957511644125105,0.0,0.933998857421924,0.0,2.094381009899304,0.7899907645950128,0.6618605509666371,0.7211653446585234,30.966666666666665,40.06666666666667,683.7672424745435,2.2104612561718873,0.0021016185637563467,3.421157532930374
turbo_lunar_lander_12d,12,mes_gumbel,native,decay_uniform_grid_a2_3,121,97,30,0.6277262574450174,0.680155251515532,0.5590387368202732,0.10206604222521916,0.0,0.9934095230991984,0.0,2.1257180526099058,0.7896424615049492,0.6615131532809415,0.7208495398567963,31.266666666666666,40.4,690.3287657277037,1.9656905450392514,0.0020939342367152372,3.349326752902319
turbo_lunar_lander_12d,12,mes_gumbel,native,decay_uniform_grid_a2_3,122,98,30,0.6128170451540413,0.6770847672548835,0.563444705878688,0.1028704584388737,0.0,0.9376132626547589,0.0,2.153487881146619,0.7895652951335329,0.661360648823937,0.7207867563835334,31.4,40.7,697.4243455553583,2.265439146058634,0.002047169068828225,3.3866991316589217
turbo_lunar_lander_12d,12,mes_gumbel,native,decay_uniform_grid_a2_3,123,99,30,0.6104893020503096,0.7463426960616502,0.5639593505831151,0.1029644192767788,0.0,0.981733715929304,0.0,2.1520519474670436,0.7894965932704102,0.6611048803680462,0.7204667130875321,31.633333333333333,40.93333333333333,704.6800504169893,2.185122789038966,0.0022107974781344335,3.5874291415015858
turbo_lunar_lander_12d,12,mes_gumbel,native,decay_uniform_grid_a2_3,124,100,30,0.6137200378811088,0.6020253536550916,0.5666247406023919,0.10345105068948114,0.0,1.0670705877853954,0.0,2.109412132473216,0.7893746386853343,0.6594302648305916,0.7194693249103741,31.866666666666667,41.333333333333336,712.0046504415882,2.065442016813904,0.031076145575692257,3.65434469167764
turbo_lunar_lander_12d,12,mes_gumbel,native,decay_uniform_grid_a2_3,125,101,30,0.579867444636675,0.6676776673579142,0.5505047841537803,0.10050796276517934,0.0,0.9159116972727099,0.0,2.1291979495717643,0.7889620590310622,0.6591826502339788,0.7192152875180661,32.166666666666664,41.733333333333334,719.2475944818153,2.1036798105575145,0.0021783712630470595,3.6626752310122055
turbo_lunar_lander_12d,12,mes_gumbel,native,decay_uniform_grid_a2_3,126,102,30,0.595299929870531,0.7082660305368937,0.5542188412188478,0.10118605370997896,0.0,0.960239585587271,0.0,2.1291552178215203,0.788675060515882,0.6589424178513829,0.7190178472825349,32.36666666666667,42.1,726.8909448135333,2.240920920918385,0.0023228074268748363,3.7971456928178666
turbo_lunar_lander_12d,12,mes_gumbel,native,decay_uniform_grid_a2_3,127,103,30,0.6023390445470246,0.7101379197150983,0.5612665839840492,0.1024727896073105,0.0,0.9632899671307293,0.0,2.1609633816693226,0.7883096112743847,0.6586559214741617,0.7187709186718788,32.63333333333333,42.43333333333333,733.8500335432278,2.0089050898017984,0.002180672452474634,3.556816291405509
turbo_lunar_lander_12d,12,mes_gumbel,native,decay_uniform_grid_a2_3,128,104,30,0.5725172115167662,0.6298947372818665,0.5592757582659382,0.10210931622268692,0.0,1.0178024048974328,0.0,2.1752851263708224,0.7881782055921017,0.6584439411627178,0.7186679711546835,32.8,42.86666666666667,740.893829637083,2.357450550561771,0.002149033717190226,3.3642002148398507
turbo_lunar_lander_12d,12,mes_gumbel,native,decay_uniform_grid_a2_3,129,105,30,0.5528312543782251,0.596172528786204,0.5451287244573129,0.09952643304309614,0.0,0.9372748693204849,0.0,2.1182305236078234,0.7938765794010175,0.6673897849385225,0.7262629679332947,33.1,43.266666666666666,747.6650296592619,1.8584384869939337,0.031652843688304226,3.5430353195251274
turbo_lunar_lander_12d,12,mes_gumbel,native,decay_uniform_grid_a2_3,13,0,30,2.1624211766836634,2.169847667959323,0.4000469610745641,0.07303824821397663,1.8748445000298197,2.4402882454317654,1.1087561383423163,2.7763907585551406,0.997077015008267,0.9742330654319203,0.9901181193354852,0.0,0.0,35.48180057119268,0.0,0.0014609724283218383,2.6637110866295797
turbo_lunar_lander_12d,12,mes_gumbel,native,decay_uniform_grid_a2_3,130,106,30,0.5505569506918546,0.5110366973108099,0.5366091308119902,0.09797097516965585,0.0,0.9286819247184521,0.0,2.047977139116488,0.7937504859144874,0.6671393983761014,0.726072726383605,33.333333333333336,43.6,754.4636021929638,1.9363571381972482,0.002148839800308148,3.449558046211799
turbo_lunar_lander_12d,12,mes_gumbel,native,decay_uniform_grid_a2_3,131,107,30,0.5946059505241025,0.6492822176744619,0.5589531360391552,0.1020504137322997,0.0,1.008799592327383,0.0,2.0834061069677596,0.7934483988105455,0.6668562202300751,0.7257286814079352,33.53333333333333,43.96666666666667,761.6445662360328,2.198497838107869,0.0021617316796133917,3.5815980188548564
turbo_lunar_lander_12d,12,mes_gumbel,native,decay_uniform_grid_a2_3,132,108,30,0.5858455520125708,0.6838283875365512,0.5633492562793067,0.10285303180597836,0.0,1.0242112901120801,0.0,2.0834061069677596,0.7933992914739387,0.6666726068523905,0.7255869672974834,33.666666666666664,44.233333333333334,769.0918815423114,2.5511852795879046,0.0023032157371441525,3.487605892618497
turbo_lunar_lander_12d,12,mes_gumbel,native,decay_uniform_grid_a2_3,133,109,30,0.5565489935623025,0.6425969662799611,0.54614915505047,0.09971273732784298,0.0,0.8806264361304744,0.0,2.108763396093466,0.7933810080983839,0.6665006094035294,0.7254574837039784,33.8,44.5,776.6784621064551,2.509633179878195,0.002307319346194466,3.523679966138055
turbo_lunar_lander_12d,12,mes_gumbel,native,decay_uniform_grid_a2_3,134,110,30,0.5218924414981726,0.5792516418551137,0.5348081552444104,0.09764216352169612,0.0,0.8879612879869359,0.0,2.103676197026573,0.7964425944599098,0.6671129170270549,0.7269183995737468,34.06666666666667,44.9,783.3209768284734,1.7389311608858407,0.03619856258543829,3.6325493200216443
turbo_lunar_lander_12d,12,mes_gumbel,native,decay_uniform_grid_a2_3,135,111,30,0.5287910873119792,0.5483642071484464,0.537628101290145,0.09815701287509492,0.0,0.9258960306286563,0.0,2.0573508213873186,0.7961447443621572,0.666824380750792,0.7265713093010516,34.266666666666666,45.233333333333334,790.6254070063898,2.3911791814801595,0.0023372794967144728,3.5321940247900785
turbo_lunar_lander_12d,12,mes_gumbel,native,decay_uniform_grid_a2_3,136,112,30,0.5176767038073737,0.5008873074508244,0.5365723159030529,0.09796425371763001,0.0,0.9492528618182055,0.0,2.0193583422506935,0.7959856171447691,0.6666076997150142,0.7263427036739496,34.43333333333333,45.6,797.6507608625727,2.055541773761312,0.0022846965584903955,3.611588925200825
turbo_lunar_lander_12d,12,mes_gumbel,native,decay_uniform_grid_a2_3,137,113,30,0.5609446337430073,0.5500720431038476,0.5647986300060024,0.10311765003410056,0.0,0.945949408632024,0.0,2.0686246684519496,0.7954612287816863,0.6663685749920193,0.7260968495866496,34.63333333333333,45.96666666666667,805.2643402920726,2.56688383705914,0.0022552278513709705,3.4993626721668987
turbo_lunar_lander_12d,12,mes_gumbel,native,decay_uniform_grid_a2_3,138,114,30,0.5360303892325083,0.5038181515014225,0.5615536896179678,0.10252520768467185,0.0,0.9091932891710377,0.0,2.30814104135081,0.795394616760936,0.6661046466936367,0.7258144439488737,34.9,46.233333333333334,812.0784179011981,2.032836185954511,0.002272077059994141,3.549453658827891
turbo_lunar_lander_12d,12,mes_gumbel,native,decay_uniform_grid_a2_3,139,115,30,0.5480127591937834,0.468853833395229,0.58498120903054,0.10680246796755717,0.0,0.9505367245726787,0.0,2.2893747919838843,0.791962707059083,0.6609686659853037,0.7214128982138611,35.166666666666664,46.63333333333333,819.2451475700519,2.2349873718805613,0.03558043191830317,3.5148830162826927
turbo_lunar_lander_12d,12,mes_gumbel,native,decay_uniform_grid_a2_3,14,0,30,2.154786439057285,2.1409700023643303,0.3714147224807916,0.06781074056408357,1.8546720315916845,2.392664409051791,1.3656806381213453,2.779667657065398,0.9966224269695563,0.9727196180071898,0.9893869242909837,0.0,0.0,38.55064943740145,0.0,0.0014968878434350092,2.6684804127396395
turbo_lunar_lander_12d,12,mes_gumbel,native,decay_uniform_grid_a2_3,140,116,30,0.5323263093140984,0.3840201467646809,0.578766407113533,0.10566780556743348,0.0,0.9015494310185349,0.0,2.297746102392859,0.7912872580275988,0.6607118394024548,0.721163287386878,35.333333333333336,47.0,826.3018513758046,2.012043545752143,0.0023188256658613683,3.573797270252059
turbo_lunar_lander_12d,12,mes_gumbel,native,decay_uniform_grid_a2_3,141,117,30,0.5333822179862807,0.5104918364437105,0.5693973317902766,0.10395725426826265,0.0,0.917931968023593,0.0,2.236527210972915,0.7906451786046846,0.660457620368631,0.7209238170374964,35.53333333333333,47.3,833.4258436238548,2.221898018149659,0.002307811891660094,3.558050683140755
turbo_lunar_lander_12d,12,mes_gumbel,native,decay_uniform_grid_a2_3,142,118,30,0.5649867920061599,0.5159579155366703,0.5829426579416865,0.1064302811622266,0.0,0.9891939069270483,0.0,2.232256171108226,0.7900623933486699,0.66013352151769,0.7206410323552708,35.733333333333334,47.63333333333333,840.5394019544435,2.2706582341808828,0.002364344724143545,3.4685298662167043
turbo_lunar_lander_12d,12,mes_gumbel,native,decay_uniform_grid_a2_3,143,119,30,0.5321812217043268,0.5335928012647065,0.5547704483003923,0.10128676292379281,0.0,0.8973212924271616,0.0,2.240554430535459,0.7893725517074393,0.6598522476866897,0.720291408449196,35.86666666666667,47.9,847.8495492213872,2.2950887953396886,0.0023568192807336646,3.637380692906057
turbo_lunar_lander_12d,12,mes_gumbel,native,decay_uniform_grid_a2_3,144,120,30,0.5133762138148609,0.45118543114402143,0.5595799751972844,0.10216485838124469,0.0,0.8819467871629525,0.0,2.3732762939174883,0.7860751612237485,0.6550282596398611,0.7159689782268756,35.93333333333333,48.03333333333333,855.4896137788736,2.5866753522617123,0.04100886769592762,3.541329673010235
turbo_lunar_lander_12d,12,mes_gumbel,native,decay_uniform_grid_a2_3,145,121,30,0.5561699099237535,0.5457711117217379,0.5983447766519534,0.10924231044588845,0.0,0.9456142191560625,0.0,2.387943328947553,0.7858278888266034,0.6548186645872589,0.7156502050803945,36.1,48.13333333333333,862.584324333258,2.170963479516407,0.0022894722254325948,3.4734150292507064
turbo_lunar_lander_12d,12,mes_gumbel,native,decay_uniform_grid_a2_3,146,122,30,0.5706472185271037,0.47390927804848026,0.6146258758697148,0.112214818880071,0.0,0.9611506970025541,0.0,2.391165447327537,0.7855972863487216,0.6545717678038343,0.7154047303377312,36.266666666666666,48.4,869.4334767600677,2.071872763863454,0.0022776353483398757,3.479175396884481
turbo_lunar_lander_12d,12,mes_gumbel,native,decay_uniform_grid_a2_3,147,123,30,0.5579977174993244,0.4576580947103269,0.6103457935019827,0.11143338632647531,0.0,0.9217871680339984,0.0,2.408564494404754,0.7855672230209108,0.6543860519373906,0.7151430970428664,36.333333333333336,48.56666666666667,876.4459987994284,2.2276865334405254,0.002256901344905297,3.504677492255966
turbo_lunar_lander_12d,12,mes_gumbel,native,decay_uniform_grid_a2_3,148,124,30,0.5554004312261414,0.4519429790115109,0.5980110361112247,0.10918137803838475,0.0,0.926948009595259,0.0,2.4085137549954734,0.7852938947775333,0.6541161705284534,0.7148159853696241,36.53333333333333,48.833333333333336,883.5126830702958,2.2276075646436464,0.002437578421086073,3.534441872453317
turbo_lunar_lander_12d,12,mes_gumbel,native,decay_uniform_grid_a2_3,149,125,30,0.5211394488417295,0.46900076179380223,0.5677178879513121,0.10365063117670799,0.0,0.8847639822695678,0.0,2.411201673641889,0.7824028154499264,0.6500947302021756,0.7111451337000443,36.63333333333333,49.13333333333333,891.3094421990526,2.5958607491416235,0.04291348336264491,3.5255934493771446
turbo_lunar_lander_12d,12,mes_gumbel,native,decay_uniform_grid_a2_3,15,0,30,2.1347991880220576,2.1185131199386142,0.37296349748131596,0.06809350689884598,1.8408286933968911,2.307423651628433,1.290156542048358,2.78755737563226,0.9963141373461718,0.9712580647761323,0.9886452928854991,0.0,0.0,41.59710906827822,0.0,0.0014882257053007682,2.597535659559071
turbo_lunar_lander_12d,12,mes_gumbel,native,decay_uniform_grid_a2_3,150,126,30,0.5382034695841714,0.5224129838977758,0.5863787399755758,0.10705762104202639,0.0,0.8671533164323788,0.0,2.411201673641889,0.7822574376592887,0.6498685543488929,0.7109213336153066,36.8,49.266666666666666,898.448529316485,2.1837815732850383,0.0024258877461155255,3.5661706602511307
turbo_lunar_lander_12d,12,mes_gumbel,native,decay_uniform_grid_a2_3,151,127,30,0.5373228898181855,0.5436992361913958,0.5848084795541564,0.10677093202403673,0.0,0.9345842149343531,0.0,2.421782848611261,0.7821559319418709,0.6494685862536668,0.7104831811738699,37.03333333333333,49.666666666666664,904.7821959057358,1.8475607267115266,0.0023760324188818534,3.4669348667841406
turbo_lunar_lander_12d,12,mes_gumbel,native,decay_uniform_grid_a2_3,152,128,30,0.5378765102519167,0.5729766028406242,0.5885282909510973,0.10745007356129317,0.0,0.9288341165552434,0.0,2.438087222979993,0.781937420165107,0.6493146203295144,0.710332951227542,37.166666666666664,49.96666666666667,911.9825996146227,2.3197812114531797,0.002427583901832501,3.450840640704458
turbo_lunar_lander_12d,12,mes_gumbel,native,decay_uniform_grid_a2_3,153,129,30,0.5320567496248811,0.5504755510360022,0.5885208808499182,0.10744872066810343,0.0,0.9618850883200765,0.0,2.438087222979993,0.7816296950466417,0.6490688430769355,0.7100513271499932,37.46666666666667,50.333333333333336,918.3382920072104,1.872315359239777,0.0024802776674429576,3.2834097556304185
turbo_lunar_lander_12d,12,mes_gumbel,native,decay_uniform_grid_a2_3,154,130,30,0.5582939988292467,0.504260545249714,0.6170728468235008,0.1126615726097205,0.0,0.9828251040058231,0.0,2.4433474381340328,0.7797027038319874,0.646200555974444,0.7075450564936975,37.666666666666664,50.833333333333336,925.4117384796651,2.0275110263687868,0.04240393966125945,3.467363623421018
turbo_lunar_lander_12d,12,mes_gumbel,native,decay_uniform_grid_a2_3,155,131,30,0.5292352818181709,0.5103601247494725,0.5927055304951211,0.10821272967008132,0.0,0.9310393545542601,0.0,2.4407621622885003,0.779481209460063,0.6458959016042437,0.7072616831978249,37.8,51.1,932.5104344424792,2.221696387976408,0.0024990523234009743,3.4847085574952263
turbo_lunar_lander_12d,12,mes_gumbel,native,decay_uniform_grid_a2_3,156,132,30,0.5376553431896554,0.5735373972569809,0.5865461117930028,0.10708817881532484,0.0,0.9532908603547467,0.0,2.3996085353337535,0.7789771322795894,0.645505185596959,0.7068553562323052,38.06666666666667,51.3,939.0531149464349,1.966822955602159,0.002478100281829635,3.4762701200786976
turbo_lunar_lander_12d,12,mes_gumbel,native,decay_uniform_grid_a2_3,157,133,30,0.5220592012309381,0.5392335031828652,0.5749819128975925,0.10497685461716066,0.0,0.9248714336467031,0.0,2.418833253855246,0.7786605422987627,0.6452999024398205,0.706596520455471,38.266666666666666,51.56666666666667,946.2556832413965,2.185834156131993,0.0025510621257126332,3.7129280578965944
turbo_lunar_lander_12d,12,mes_gumbel,native,decay_uniform_grid_a2_3,158,134,30,0.5240727239139621,0.5518918455960752,0.5530837834720086,0.10097882146597402,0.0,0.9397827297862112,0.0,2.1098588805586918,0.7785937977694568,0.6450644603567633,0.7063803366251774,38.46666666666667,51.9,953.5289015534023,2.0830554598787177,0.002786230326940616,3.6519346282506984
turbo_lunar_lander_12d,12,mes_gumbel,native,decay_uniform_grid_a2_3,159,135,30,0.5156424053959304,0.4206958819656821,0.5653865383992194,0.10322498693033774,0.0,0.9625716204497466,0.0,2.1556547038874645,0.7770710144513139,0.6424409877657321,0.7041210633589816,38.666666666666664,52.3,960.971887316772,2.1708977669632685,0.04610255023775001,3.6019377060079325
turbo_lunar_lander_12d,12,mes_gumbel,native,decay_uniform_grid_a2_3,16,0,30,2.1075148702959936,2.11749211157533,0.366120683037318,0.0668441856229127,1.881068205428724,2.2893746555309353,1.135735755309334,2.832314316644396,0.9960433785475872,0.9700005941429422,0.9879774141683791,0.0,0.0,44.47663600440137,0.0,0.0014126953979333241,2.503289230292042
turbo_lunar_lander_12d,12,mes_gumbel,native,decay_uniform_grid_a2_3,160,136,30,0.4803494692086513,0.34529744459230016,0.5459140882257771,0.09966982019370785,0.0,0.8417671151203215,0.0,2.1281039035789946,0.7770233962064613,0.6423070080558841,0.7039716498663825,38.733333333333334,52.43333333333333,968.683391483454,2.5070992342662066,0.0024931019792954127,3.5706715801420312
turbo_lunar_lander_12d,12,mes_gumbel,native,decay_uniform_grid_a2_3,161,137,30,0.519358233272944,0.47012477846552514,0.5600399120017344,0.10224883096885272,0.0,0.8596107495012392,0.0,2.128241238112849,0.7769496291803913,0.6420051541822743,0.703679432862856,38.9,52.666666666666664,975.5656625634059,1.9397067719449599,0.0025089201517403126,3.5051308484437564
turbo_lunar_lander_12d,12,mes_gumbel,native,decay_uniform_grid_a2_3,162,138,30,0.5118758729295056,0.44045717263536455,0.5606928776066564,0.10236804563254964,0.0,0.8291314543533292,0.0,2.1338591232776443,0.7768540644465123,0.6418144777122855,0.703508279301149,39.06666666666667,52.93333333333333,982.5129325810975,2.1002314520378906,0.0025802690846224627,3.4649322705809027
turbo_lunar_lander_12d,12,mes_gumbel,native,decay_uniform_grid_a2_3,163,139,30,0.4942369967935464,0.4424565290441652,0.5528643905269479,0.10093876597765161,0.0,0.8102447585451147,0.0,2.1352260753652645,0.7767661550234835,0.6415506562103533,0.703288993640689,39.266666666666666,53.3,989.4089311458325,2.1481218608717123,0.002506933982173602,3.4223947879082215
turbo_lunar_lander_12d,12,mes_gumbel,native,decay_uniform_grid_a2_3,164,140,30,0.4875208248944577,0.3726993878965691,0.5557097672825583,0.10145825832220116,0.0,0.8768678249286026,0.0,2.1668217077040848,0.7766131526689752,0.6399288143970895,0.7023776580500385,39.36666666666667,53.53333333333333,996.664581719879,2.229113927576691,0.048080968918899694,3.49565377025865
turbo_lunar_lander_12d,12,mes_gumbel,native,decay_uniform_grid_a2_3,165,141,30,0.4846461791771921,0.3590502087822106,0.5535502190885474,0.10106398056890807,0.0,0.8521806035270423,0.0,2.1424066158185604,0.7765655911209663,0.6397515865317509,0.7021655877987658,39.53333333333333,53.8,1003.8619899244203,2.166992208144317,0.0025289716043819985,3.512650115136057
turbo_lunar_lander_12d,12,mes_gumbel,native,decay_uniform_grid_a2_3,166,142,30,0.4831545268174762,0.3779456585255455,0.5555340194015506,0.10142617129591394,0.0,0.7840972084146502,0.0,2.1424066158185604,0.7760566331874355,0.6394343058043933,0.701828032354738,39.8,54.233333333333334,1010.658533843793,1.8794223132077605,0.0024901330005377533,3.526871538627893
turbo_lunar_lander_12d,12,mes_gumbel,native,decay_uniform_grid_a2_3,167,143,30,0.5208749884373138,0.4530100097276608,0.5710557757979954,0.10426004333272493,0.0,0.9300501193410644,0.0,2.1419093202607784,0.7760240138163651,0.6392471231369459,0.7016245790489765,39.93333333333333,54.5,1017.7252479184264,2.137541367051502,0.002592773890743653,3.435385569278151
turbo_lunar_lander_12d,12,mes_gumbel,native,decay_uniform_grid_a2_3,168,144,30,0.525579834817885,0.4018979439786545,0.5804466703693261,0.10597457826334847,0.0,0.9540042859368261,0.0,2.1703955181314383,0.7754504089686648,0.6389552149937674,0.7013877348371287,40.13333333333333,54.766666666666666,1024.0049111724832,1.7741918108891697,0.002564539217079679,3.442084441240877
turbo_lunar_lander_12d,12,mes_gumbel,native,decay_uniform_grid_a2_3,169,145,30,0.49167988542535707,0.3286808899419298,0.5606879122861547,0.10236713909320162,0.0,0.9237222480003666,0.0,2.1580397235433053,0.7743509779418746,0.6368866375173897,0.699681224072059,40.4,55.1,1030.586594322184,1.8125636936320613,0.04869124859881898,3.4649873760839305
turbo_lunar_lander_12d,12,mes_gumbel,native,decay_uniform_grid_a2_3,17,0,30,2.099757838105531,2.110022740220339,0.3828710086523443,0.0699023626845482,1.873366464527005,2.3150564028909124,1.0023537683350885,2.8299922076114465,0.9959122692309682,0.9688942266809756,0.9873643256895525,0.0,0.0,47.35878372543181,0.0,0.001420060902213057,2.50616959403269
turbo_lunar_lander_12d,12,mes_gumbel,native,decay_uniform_grid_a2_3,170,146,30,0.5140532580308892,0.5119962640957771,0.5599056928877032,0.10222432602338496,0.0,0.9192895063307268,0.0,2.108310377886351,0.774211432439589,0.6365807027440732,0.6993951636892174,40.7,55.53333333333333,1036.8496112253517,1.6176817067122709,0.0025739418187489113,3.4728650838447113
turbo_lunar_lander_12d,12,mes_gumbel,native,decay_uniform_grid_a2_3,171,147,30,0.4889255693800078,0.37867690124059217,0.5477857797043834,0.10001154274154879,0.0,0.8776228842377214,0.0,2.111214734498117,0.7738704688470662,0.6363736077715889,0.6991876212194189,40.86666666666667,56.0,1044.3023012642593,2.2979923928777377,0.0027103896252810957,3.484762339790662
turbo_lunar_lander_12d,12,mes_gumbel,native,decay_uniform_grid_a2_3,172,148,30,0.48803403356047786,0.425666830054659,0.5199033080036045,0.09492092317171012,0.0,0.8848084770699872,0.0,1.7298172197409025,0.7733027050113939,0.6361264161747616,0.6989601341852519,41.0,56.233333333333334,1051.4238799490345,2.0659903614781796,0.002804591398065289,3.6372404644731433
turbo_lunar_lander_12d,12,mes_gumbel,native,decay_uniform_grid_a2_3,173,149,30,0.5121449836495074,0.49863505651640794,0.5343775556055893,0.0975635471432175,0.0,0.9644630630104172,0.0,1.7639742094241584,0.7732344654248899,0.6360104254046983,0.6988392936975022,41.06666666666667,56.43333333333333,1058.9884900592579,2.4915042910103997,0.0027421942135939996,3.5626523663910725
turbo_lunar_lander_12d,12,mes_gumbel,native,decay_uniform_grid_a2_3,174,150,30,0.5031065217765266,0.518190219766367,0.5199975636688492,0.09493813182305251,0.0,0.9013750883263255,0.0,1.667275194542806,0.7739296786673535,0.638140425318193,0.700188803379227,41.3,56.733333333333334,1065.7731092214274,1.7795959240446488,0.05232166745699942,3.586285144385571
turbo_lunar_lander_12d,12,mes_gumbel,native,decay_uniform_grid_a2_3,175,151,30,0.4939547700402861,0.4041207568190006,0.5232104064488684,0.09552471397783055,0.0,0.9206997563610817,0.0,1.6515398349814638,0.7735229938532374,0.637866297746012,0.6999372020682586,41.53333333333333,57.06666666666667,1072.2244971733076,1.7907847777785113,0.002666210833316048,3.601210385700688
turbo_lunar_lander_12d,12,mes_gumbel,native,decay_uniform_grid_a2_3,176,152,30,0.4628027180718961,0.41129323393457895,0.48609432255551804,0.0887482751796165,0.0,0.8498112755456284,0.0,1.441759319795167,0.7733658699680462,0.6375235547064263,0.6995551287265147,41.766666666666666,57.333333333333336,1078.9800774644439,2.078080370804916,0.002765776061763366,3.5812728442406905
turbo_lunar_lander_12d,12,mes_gumbel,native,decay_uniform_grid_a2_3,177,153,30,0.49071892073597295,0.3930771374985683,0.518853561429036,0.09472926654552515,0.0,0.9379287256004707,0.0,1.5411252287760315,0.7733127559533912,0.6372750181088183,0.6992544264272129,41.9,57.63333333333333,1085.6978791952288,2.1146161971613764,0.0026793292568375667,3.335177731591587
turbo_lunar_lander_12d,12,mes_gumbel,native,decay_uniform_grid_a2_3,178,154,30,0.4557445601886369,0.39540544131417654,0.4762059318671823,0.08694291030047466,0.0,0.8720402505822409,0.0,1.4130199868312914,0.77311650441765,0.6371367128068545,0.6990726830489865,42.1,57.96666666666667,1092.6759390625948,2.0508235689718277,0.0026589234980444114,3.5507000943335396
turbo_lunar_lander_12d,12,mes_gumbel,native,decay_uniform_grid_a2_3,179,155,30,0.44608114964244944,0.33994851554683847,0.4755240020652981,0.08681840752209899,0.0,0.845687408308964,0.0,1.3849710191759041,0.7711107755493383,0.634378326977124,0.6965115206987987,42.36666666666667,58.233333333333334,1099.5390367912748,1.7336578107749423,0.05459047197364271,3.603337950554366
turbo_lunar_lander_12d,12,mes_gumbel,native,decay_uniform_grid_a2_3,18,0,30,2.0920062495202365,2.111017479782991,0.33864160291830364,0.0618272149426874,1.8708896179771348,2.3034307913698533,1.2088720059724667,2.759462209735169,0.9957094485013225,0.9675855483758339,0.9866311169886459,0.0,0.0,50.32077971951415,0.0,0.0014011115767061711,2.512238316005096
turbo_lunar_lander_12d,12,mes_gumbel,native,decay_uniform_grid_a2_3,180,156,30,0.48166293944865174,0.32502616250313177,0.5710248515617546,0.1042543973654707,0.0,0.8222000282301343,0.0,2.281444697211276,0.7703124215768097,0.6341297238366325,0.6962609822633337,42.53333333333333,58.46666666666667,1106.115093137712,1.8739044662720212,0.002792614884674549,3.479067676778262
turbo_lunar_lander_12d,12,mes_gumbel,native,decay_uniform_grid_a2_3,181,157,30,0.48362489925655,0.3577646558701604,0.5650422438985218,0.1031621276421854,0.0,0.9032446739660385,0.0,2.279775399116196,0.7700517935786897,0.6338856434157065,0.6960241543017005,42.63333333333333,58.6,1113.235573550438,2.190018632464732,0.0029395861395945153,3.47186858713006
turbo_lunar_lander_12d,12,mes_gumbel,native,decay_uniform_grid_a2_3,182,158,30,0.4467693074978711,0.3389731557136838,0.4838134722771386,0.08833185079702971,0.0,0.8225179237384732,0.0,1.4690865174428989,0.7697828924370779,0.6336877269008033,0.6957370755755032,42.733333333333334,58.8,1120.2583778930207,2.2501596538970867,0.0027930404680470626,3.5589895694361378
turbo_lunar_lander_12d,12,mes_gumbel,native,decay_uniform_grid_a2_3,183,159,30,0.44168982282759467,0.37599952471949116,0.4652913278723767,0.08495018536241099,0.0,0.7758255261793892,0.0,1.3477816135616996,0.7694530687667466,0.6333474315343984,0.6953275567481485,42.93333333333333,59.03333333333333,1126.98441645933,1.8656079889275134,0.002769614290446043,3.524099801061675
turbo_lunar_lander_12d,12,mes_gumbel,native,decay_uniform_grid_a2_3,184,160,30,0.42018343093938554,0.19188888764991507,0.46289263934397223,0.08451224675726565,0.0,0.8097054744650782,0.0,1.2864602069242335,0.7679996938404641,0.630995393017081,0.6931452078963642,43.1,59.333333333333336,1133.991617477763,2.180213878909126,0.05830686027184129,3.688152313263466
turbo_lunar_lander_12d,12,mes_gumbel,native,decay_uniform_grid_a2_3,185,161,30,0.4465119052319882,0.39741722182809835,0.4594617094389446,0.08388584752319808,0.0,0.8509983212534735,0.0,1.2584152149770296,0.767924806684188,0.630772138602112,0.6928838142927254,43.2,59.53333333333333,1141.271501076951,2.24257867182605,0.0029620810877531768,3.58920367853716
turbo_lunar_lander_12d,12,mes_gumbel,native,decay_uniform_grid_a2_3,186,162,30,0.4234010058956554,0.2909934221189957,0.4543943534795298,0.0829606791345715,0.0,0.793462631616648,0.0,1.2701357095575858,0.7675833452017479,0.6305888459561625,0.6926187155455834,43.266666666666666,59.7,1148.1252343306319,2.2368325263261797,0.0030220874895652136,3.5550192258475968
turbo_lunar_lander_12d,12,mes_gumbel,native,decay_uniform_grid_a2_3,187,163,30,0.4118719730866769,0.29088558342231774,0.4396569762981675,0.08027001449434017,0.0,0.8006893939556508,0.0,1.2395182722315523,0.7674576610055024,0.6303931683812011,0.692439091682417,43.36666666666667,59.86666666666667,1155.2058221259465,2.143498206976801,0.002921041784187158,3.6186654002095264
turbo_lunar_lander_12d,12,mes_gumbel,native,decay_uniform_grid_a2_3,188,164,30,0.40313124552539253,0.2750367998610157,0.4404274923107799,0.08041069082801575,0.0,0.7257693533603661,0.0,1.3285811839970934,0.7668785018259737,0.6301812953210251,0.6922187170690662,43.56666666666667,60.1,1161.71045257519,1.8599874714234224,0.002802565243716041,3.4992483939665058
turbo_lunar_lander_12d,12,mes_gumbel,native,decay_uniform_grid_a2_3,189,165,30,0.396504581081465,0.20385266865320895,0.4303984464640992,0.07857964594785558,0.0,0.745242380901233,0.0,1.2527642337439175,0.7659369580057293,0.6284494874119997,0.6907697683393477,43.63333333333333,60.36666666666667,1168.5075228908875,1.8411670189816505,0.05936876048023502,3.448239719371001
turbo_lunar_lander_12d,12,mes_gumbel,native,decay_uniform_grid_a2_3,19,0,30,2.0804840658667922,2.12933069587867,0.3391846870726449,0.061926368090006165,1.870570543226884,2.277441225842643,1.1501422677106037,2.7184779824824505,0.9955179886383606,0.9663557325210144,0.9860669594507968,0.0,0.0,53.258963227970526,0.0,0.0014263561926782132,2.551312760512034
turbo_lunar_lander_12d,12,mes_gumbel,native,decay_uniform_grid_a2_3,190,166,30,0.4062068041514034,0.24226967503054198,0.4499503120369691,0.08214931188637875,0.0,0.7573425374112708,0.0,1.4182970219552347,0.7657581669618426,0.6282474995289243,0.6904053095137056,43.7,60.5,1175.1073032437203,1.9309994142657767,0.002791025039429466,3.2960638002026825
turbo_lunar_lander_12d,12,mes_gumbel,native,decay_uniform_grid_a2_3,191,167,30,0.47184603114081186,0.40805947578252355,0.4889952770772556,0.08927791458956726,0.0,0.8263127762607394,0.0,1.2979557068354155,0.7656997671664892,0.6280605619993908,0.6901455999823333,43.86666666666667,60.733333333333334,1181.5987829440273,1.7524736719826857,0.002797339499617616,3.548242038938527
turbo_lunar_lander_12d,12,mes_gumbel,native,decay_uniform_grid_a2_3,192,168,30,0.46016659592317616,0.36220827292607316,0.48074183685743216,0.0877710494610947,0.0,0.8114979932077557,0.0,1.2947829175202727,0.765071705110186,0.6277381208180868,0.6897881459911416,44.13333333333333,61.03333333333333,1187.8513098437495,1.541160293063149,0.002895281184464693,3.724357212241739
turbo_lunar_lander_12d,12,mes_gumbel,native,decay_uniform_grid_a2_3,193,169,30,0.4544428070442799,0.4301479157958543,0.46881421959108305,0.08559337444973886,0.0,0.8016753224868018,0.0,1.2966752627654188,0.7647732957892247,0.6274416521443414,0.6894927214226498,44.36666666666667,61.46666666666667,1194.3108693515105,1.7400569894816726,0.002884069240341584,3.4809741251170636
turbo_lunar_lander_12d,12,mes_gumbel,native,decay_uniform_grid_a2_3,194,170,30,0.49982663561484925,0.6313571607101827,0.5002796398707852,0.0913381479392633,0.0,0.893807178738556,0.0,1.4200178499274987,0.7629135916198476,0.625034376864693,0.6872158872350258,44.56666666666667,61.833333333333336,1201.2057085453532,1.8164621218728523,0.05770926191471517,3.6168265025597064
turbo_lunar_lander_12d,12,mes_gumbel,native,decay_uniform_grid_a2_3,195,171,30,0.45101071029253403,0.40348422924192284,0.46207400981331925,0.08436278613720614,0.0,0.8326691653750118,0.0,1.2660885592338802,0.7627860130367519,0.6247862903764206,0.6869753123047226,44.7,62.1,1207.5902149050962,1.8205694641297063,0.0028467871869603794,3.4603268668831637
turbo_lunar_lander_12d,12,mes_gumbel,native,decay_uniform_grid_a2_3,196,172,30,0.48645134460149614,0.44539360843171016,0.5021658954340277,0.09168252951299916,0.0,0.9119079922801298,0.0,1.3453951992495692,0.7625991023927183,0.6246135741533912,0.6867950640002102,44.86666666666667,62.4,1214.0709476436798,1.7652574887809653,0.00292450621103247,3.4573013475630434
turbo_lunar_lander_12d,12,mes_gumbel,native,decay_uniform_grid_a2_3,197,173,30,0.4859496034478585,0.5460793843582175,0.48995771198407995,0.08945363035909995,0.0,0.858059566394556,0.0,1.3732430824678148,0.762547628777595,0.6243910186210836,0.6865186082757764,45.0,62.7,1220.8250013049847,1.6872499546346564,0.002899097418412566,3.6776213068980725
turbo_lunar_lander_12d,12,mes_gumbel,native,decay_uniform_grid_a2_3,198,174,30,0.4620255117884467,0.4677678351498291,0.46827388921142227,0.08549472407059033,0.0,0.812133003310844,0.0,1.3148396782706697,0.7625327058040215,0.6242307755307581,0.6863438164979099,45.13333333333333,62.96666666666667,1227.9789683558668,1.8399377582749972,0.0031926093778262537,3.672744509981324
turbo_lunar_lander_12d,12,mes_gumbel,native,decay_uniform_grid_a2_3,199,175,30,0.46636765089990534,0.48637538245448286,0.4648009440997123,0.08486065394437005,0.0,0.8520966340115352,0.0,1.3116118041567515,0.7613635459725092,0.6224200613707829,0.6848644571598418,45.266666666666666,63.166666666666664,1235.0791257050355,1.8831135990874222,0.06508309716979663,3.6988006609336783
turbo_lunar_lander_12d,12,mes_gumbel,native,decay_uniform_grid_a2_3,2,0,30,2.885570233135184,2.8293080899717786,0.4982639284972421,0.09097013107636022,2.517399148613383,3.238257766184881,1.8437588878566724,3.9886089859838023,0.9996801932678034,0.9944561142072189,0.9987245304408059,0.0,0.0,3.467958422967543,0.0,0.001408836447323362,2.1434995038590086
turbo_lunar_lander_12d,12,mes_gumbel,native,decay_uniform_grid_a2_3,20,0,30,2.061611883645981,2.104385787790042,0.34075255035328955,0.06221261945197055,1.8126988241714181,2.2639419317645997,1.110178421976981,2.7188176888560056,0.9951943940238099,0.9650347806448117,0.9853139315771867,0.0,0.0,56.15722846857582,0.0,0.0014256112432728212,2.486477545602247
turbo_lunar_lander_12d,12,mes_gumbel,native,decay_uniform_grid_a2_3,200,176,30,0.5043923037796804,0.5907821454691623,0.4945546598425658,0.09029291437168921,0.0,0.8538813663313964,0.0,1.3754965944792734,0.7612526435485186,0.6222122560616813,0.684679716564908,45.4,63.43333333333333,1241.8504315932437,1.7570783753103265,0.003036494180560112,3.7270450844739873
turbo_lunar_lander_12d,12,mes_gumbel,native,decay_uniform_grid_a2_3,201,177,30,0.4645629818595321,0.46020040076639324,0.45851375858620635,0.08371277616804776,0.0,0.8373178052941486,0.0,1.3066903489421717,0.7612081117567537,0.622045775218839,0.6845134135875818,45.56666666666667,63.666666666666664,1248.7002553455686,1.702510389064749,0.003172948056211074,3.749394129558156
turbo_lunar_lander_12d,12,mes_gumbel,native,decay_uniform_grid_a2_3,202,178,30,0.45246092363024437,0.4467887036581105,0.4512222894252976,0.08238154212245342,0.0,0.785098593729606,0.0,1.2669622102500762,0.7610644824741178,0.6218559933487613,0.6843043886211405,45.63333333333333,63.833333333333336,1255.7660607452349,2.0137837214705843,0.0030081944229702153,3.589256622393926
turbo_lunar_lander_12d,12,mes_gumbel,native,decay_uniform_grid_a2_3,203,179,30,0.4498241810396506,0.44238427830490346,0.44674685403864656,0.08156444315047821,0.0,0.8294765298082769,0.0,1.254598563102706,0.7609136723739469,0.621630593477019,0.6840595572850511,45.8,64.0,1262.5690629715255,1.8563297109057506,0.003256956487894058,3.637417943698044
turbo_lunar_lander_12d,12,mes_gumbel,native,decay_uniform_grid_a2_3,204,180,30,0.4314536276879561,0.47070380375780807,0.43527947398940575,0.07947079557432692,0.0,0.7941064823469631,0.0,1.2682907829524221,0.759106687807924,0.6197818334167133,0.6820912142722452,46.03333333333333,64.4,1269.0006823325064,1.6304483179934324,0.06719416609654824,3.667722444764028
turbo_lunar_lander_12d,12,mes_gumbel,native,decay_uniform_grid_a2_3,205,181,30,0.44899777260077195,0.4311297659238439,0.4710404990434108,0.0859998356081889,0.0,0.8323369727575327,0.0,1.3202713144544092,0.7588349704701373,0.619503883580639,0.6818457787641822,46.166666666666664,64.7,1275.7899757428095,1.9202476761769502,0.003082840330898762,3.685317067662254
turbo_lunar_lander_12d,12,mes_gumbel,native,decay_uniform_grid_a2_3,206,182,30,0.45101573587709526,0.485986463873734,0.4609635925183631,0.08416005260364237,0.0,0.8295278133814903,0.0,1.3025709930063543,0.758823006624566,0.619315882183728,0.6816672210302915,46.3,64.9,1282.9002640996748,1.9699336176427702,0.003236678165073196,3.821666432513545
turbo_lunar_lander_12d,12,mes_gumbel,native,decay_uniform_grid_a2_3,207,183,30,0.45256591210170644,0.4837759383161505,0.4676236368012811,0.08537600476622154,0.0,0.8849343635436453,0.0,1.305032167119033,0.7586247666843623,0.6190261008770767,0.6814468212143463,46.53333333333333,65.2,1289.551728708747,1.7212339160653451,0.00327028282918036,3.7157161062272888
turbo_lunar_lander_12d,12,mes_gumbel,native,decay_uniform_grid_a2_3,208,184,30,0.4251963187915468,0.3701521806889899,0.4524700257261753,0.08260934656172302,0.0,0.7357835381027769,0.0,1.2974355123770578,0.7585409768747952,0.6188397155412012,0.6811965147498457,46.63333333333333,65.53333333333333,1296.546262190879,1.9657970195480934,0.0031779504070679346,3.6785941139329226
turbo_lunar_lander_12d,12,mes_gumbel,native,decay_uniform_grid_a2_3,209,185,30,0.4491475311786257,0.43688835788501,0.46831885497491466,0.08550293365825042,0.0,0.8304543501483383,0.0,1.318680196791857,0.7586917403635022,0.6180069092409562,0.6807984982671241,46.8,65.73333333333333,1303.7228150573715,1.80736557279403,0.07057360575223963,3.8238596283054602
turbo_lunar_lander_12d,12,mes_gumbel,native,decay_uniform_grid_a2_3,21,0,30,2.0103557832540613,2.1196253294823966,0.45621493106484673,0.0832930696049603,1.8201512959423876,2.2685593450080273,0.35543964366029956,2.6623164610743437,0.9950198861468054,0.9639788771103057,0.9847182647098223,0.0,0.0,59.235821274388584,0.0,0.0014395092458774647,2.6341914849511037
turbo_lunar_lander_12d,12,mes_gumbel,native,decay_uniform_grid_a2_3,210,186,30,0.45556730740551904,0.5090798183130996,0.4637884291574049,0.08467579485313245,0.0,0.8374539248931016,0.0,1.3136829672088721,0.7586701806442002,0.617768212209892,0.6805245452687593,46.96666666666667,65.93333333333334,1310.5773219793414,1.8817801596907278,0.0033453942742198706,3.771334298234433
turbo_lunar_lander_12d,12,mes_gumbel,native,decay_uniform_grid_a2_3,211,187,30,0.45486122914373,0.48572619529659744,0.47266225050124383,0.08629592556022958,0.0,0.8682047032234542,0.0,1.3331809561678738,0.758273784801947,0.6174363977774097,0.6801299521630187,47.2,66.26666666666667,1317.0169230865624,1.6011934710356097,0.003213924169540405,3.6395211734188098
turbo_lunar_lander_12d,12,mes_gumbel,native,decay_uniform_grid_a2_3,212,188,30,0.4547747539390146,0.45849036336027704,0.45598072131308154,0.08325030895021714,0.0,0.8613240963902906,0.0,1.3276432581433868,0.7581683279675058,0.6172005217268877,0.6798301140612851,47.36666666666667,66.6,1323.7077591287282,1.9139346284947047,0.0032276262218753496,3.5553739257932953
turbo_lunar_lander_12d,12,mes_gumbel,native,decay_uniform_grid_a2_3,213,189,30,0.4256574059059603,0.4310834606122389,0.4526418929135121,0.08264072507352278,0.0,0.7316174849823587,0.0,1.3761479670519663,0.7580441367951003,0.6170514766414125,0.6796776629248402,47.43333333333333,66.83333333333333,1330.9849831965287,1.8998107442321877,0.003388661006465554,3.7263941979190958
turbo_lunar_lander_12d,12,mes_gumbel,native,decay_uniform_grid_a2_3,214,190,30,0.4549142156922902,0.4497109457015185,0.47311289551076274,0.08637820170594313,0.0,0.8293531305301796,0.0,1.3111845309396228,0.7583713818722752,0.6168883660113527,0.6797771942255496,47.56666666666667,67.03333333333333,1337.5208894443388,1.7184383768743525,0.07180276707125206,3.7531738471705465
turbo_lunar_lander_12d,12,mes_gumbel,native,decay_uniform_grid_a2_3,215,191,30,0.46938838983329606,0.4151326307208175,0.4830350865473387,0.08818973765614586,0.0,0.8977692321032897,0.0,1.3259101766141461,0.7582570156275511,0.6167324325729437,0.6796751841701957,47.666666666666664,67.26666666666667,1344.4902789144312,1.8356489384391657,0.003338922917221983,3.6486062596707294
turbo_lunar_lander_12d,12,mes_gumbel,native,decay_uniform_grid_a2_3,216,192,30,0.46924158054849624,0.470157150671625,0.47303330558009976,0.08636367063915167,0.0,0.8646017932790753,0.0,1.329140878594897,0.7581584509035053,0.6165271138319427,0.6795066887170604,47.8,67.5,1351.0571610611864,1.8187358605520179,0.003481087895731131,3.602107684391861
turbo_lunar_lander_12d,12,mes_gumbel,native,decay_uniform_grid_a2_3,217,193,30,0.49494336459304494,0.6310964315922957,0.4863696488167366,0.08879854264759748,0.0,0.9632322958021388,0.0,1.3237271800482222,0.7578629644891949,0.6163284161741598,0.6792301028483079,47.93333333333333,67.76666666666667,1357.2487725545652,1.6755407143849879,0.0033161192977180084,3.5163541143139203
turbo_lunar_lander_12d,12,mes_gumbel,native,decay_uniform_grid_a2_3,218,194,30,0.45530694323900633,0.495949498582131,0.45762921339997276,0.08355128105083684,0.0,0.8503729085157667,0.0,1.3195539502611293,0.7578248903273825,0.6160918179743017,0.6789510252285722,48.1,68.06666666666666,1363.6269944215503,1.6468094690237194,0.003250418184325099,3.5164662478491664
turbo_lunar_lander_12d,12,mes_gumbel,native,decay_uniform_grid_a2_3,219,195,30,0.4753606769459754,0.5405169051018144,0.47621865930176377,0.08694523400148113,0.0,0.8470841782197567,0.0,1.3229106509171715,0.7570933790961838,0.6148300691977742,0.677855439299307,48.2,68.33333333333333,1370.3579823588798,1.755932189958791,0.07473352459880213,3.6522352353669705
turbo_lunar_lander_12d,12,mes_gumbel,native,decay_uniform_grid_a2_3,22,0,30,2.018812395918843,2.0954128147140247,0.4247300673108744,0.07754474623895116,1.8243497978773924,2.256515884138674,0.4386501698383287,2.6667800721842894,0.9947753131421503,0.9627320698773395,0.9839994741725716,0.0,0.0,62.222505057354766,0.0,0.001459664866949121,2.6010658788805205
turbo_lunar_lander_12d,12,mes_gumbel,native,decay_uniform_grid_a2_3,220,196,30,0.4525911179939435,0.38461596243470075,0.4727305666821594,0.0863083983313396,0.0,0.870414826186634,0.0,1.31835671575435,0.7569926591205115,0.6146467742853644,0.6776664460840273,48.333333333333336,68.56666666666666,1377.0454602292893,1.7208049000396082,0.003385017455245058,3.6973248223929356
turbo_lunar_lander_12d,12,mes_gumbel,native,decay_uniform_grid_a2_3,221,197,30,0.458728124898726,0.3851655718615902,0.47594649910418946,0.0868955445749923,0.0,0.8338130574463314,0.0,1.3352023526053725,0.7561665694210692,0.6144225440052857,0.6774274756436462,48.43333333333333,68.8,1383.4319656699274,1.785289036622271,0.0033460322767496107,3.576125600002706
turbo_lunar_lander_12d,12,mes_gumbel,native,decay_uniform_grid_a2_3,222,198,30,0.4342513138344441,0.3273756389515824,0.4679664270063794,0.08543858940882959,0.0,0.8114576774028743,0.0,1.3112139027437393,0.756012345857967,0.6141412661760433,0.677261535713327,48.56666666666667,68.96666666666667,1389.874172330415,1.5306826507362226,0.0033917127177119253,3.6559411908034236
turbo_lunar_lander_12d,12,mes_gumbel,native,decay_uniform_grid_a2_3,223,199,30,0.4139383404253119,0.20829179971226752,0.45369716254365205,0.08283339006708205,0.0,0.8063097939462578,0.0,1.369339907792209,0.75570172947351,0.6139726704974103,0.6770668766527355,48.666666666666664,69.2,1396.7850636088135,1.8304055073764176,0.003506893292069435,3.5704570050196103
turbo_lunar_lander_12d,12,mes_gumbel,native,decay_uniform_grid_a2_3,224,200,30,0.43907666071801604,0.4966994489404414,0.4553965554713567,0.08314365534727158,0.0,0.784945957620415,0.0,1.3960269278567492,0.7627322823792846,0.6259771413405502,0.6869294507236622,48.833333333333336,69.4,1403.2666522865804,1.6144627733156085,0.07635800680145621,3.5993105449248106
turbo_lunar_lander_12d,12,mes_gumbel,native,decay_uniform_grid_a2_3,225,201,30,0.38722228263727654,0.18250455919107567,0.43506267301394,0.07943121331274301,0.0,0.7062120183166729,0.0,1.2642583222337058,0.7624913171358556,0.6259100795747349,0.6868585804398439,48.86666666666667,69.6,1410.475688733083,2.0727343172145387,0.0036070990065733594,3.623973453277722
turbo_lunar_lander_12d,12,mes_gumbel,native,decay_uniform_grid_a2_3,226,202,30,0.39797338718329806,0.31883575677945486,0.43143214824531284,0.07876837320895691,0.0,0.6694606355484987,0.0,1.195612342379456,0.7623737559280195,0.6257278293278165,0.686571861064374,48.96666666666667,69.73333333333333,1417.2649167186735,1.759065527158479,0.003705084618801872,3.699397318965445
turbo_lunar_lander_12d,12,mes_gumbel,native,decay_uniform_grid_a2_3,227,203,30,0.4056623895651133,0.2646869958378303,0.4352479220569696,0.07946503500595087,0.0,0.8020717511293229,0.0,1.2444513220028242,0.7622058939437794,0.6254750776530911,0.6863596458381783,49.1,69.9,1424.2124608813785,1.7700248404561232,0.0035931532892088097,3.8398720897268506
turbo_lunar_lander_12d,12,mes_gumbel,native,decay_uniform_grid_a2_3,228,204,30,0.4073250289755236,0.2676013823283314,0.44230607631625496,0.08075367177333811,0.0,0.71810589293656,0.0,1.3187293947363274,0.7619135146838982,0.625302058065465,0.6861939105414003,49.2,70.06666666666666,1431.0528956732558,1.9637927706974247,0.0036052331017951173,3.6888700728459907
turbo_lunar_lander_12d,12,mes_gumbel,native,decay_uniform_grid_a2_3,229,205,30,0.400742551325896,0.3121322620666611,0.42739839419363584,0.07803191384711312,0.0,0.7447229798024679,0.0,1.3125436375167414,0.7626781432316821,0.6257404436308155,0.6865705245619254,49.6,70.36666666666666,1437.2353640282993,1.4525795717413226,0.08384145125746727,3.7062484078885367
turbo_lunar_lander_12d,12,mes_gumbel,native,decay_uniform_grid_a2_3,23,0,30,2.029291854648789,2.0924241953842992,0.4307785176434424,0.07864903713398352,1.8221556810613653,2.2998905622316252,0.4639975490151611,2.646881173905956,0.994474263862337,0.9616650611612246,0.9833508850634076,0.0,0.0,65.16880710955398,0.0,0.0014107927835235992,2.541350230155513
turbo_lunar_lander_12d,12,mes_gumbel,native,decay_uniform_grid_a2_3,230,206,30,0.40504426065277277,0.3295137924387501,0.43857903264243303,0.08007320980901839,0.0,0.7631631828702315,0.0,1.449138587749365,0.7623949351043504,0.625513856453413,0.6862602549620436,49.766666666666666,70.66666666666667,1444.0997891901836,1.7517103346375127,0.0037459676309178273,3.7530824383720756
turbo_lunar_lander_12d,12,mes_gumbel,native,decay_uniform_grid_a2_3,231,207,30,0.407569919485091,0.22132819965730144,0.4359213589390797,0.07958798719641341,0.0,0.7637269104442475,0.0,1.2037177718071368,0.7622326094570915,0.6252331646448082,0.6859876129425247,49.96666666666667,71.03333333333333,1450.6096152261987,1.7382851962776233,0.0036255027012278636,3.6556397162067396
turbo_lunar_lander_12d,12,mes_gumbel,native,decay_uniform_grid_a2_3,232,208,30,0.4194400700461457,0.24448303671203775,0.4595012229278554,0.08389306166626548,0.0,0.7670121599614659,0.0,1.2794327242835495,0.7622159753654391,0.6250529358452874,0.6857788789391315,50.13333333333333,71.33333333333333,1457.1142866137438,1.7649472661316394,0.0035392796620726586,3.6376027254853396
turbo_lunar_lander_12d,12,mes_gumbel,native,decay_uniform_grid_a2_3,233,209,30,0.4108013359948926,0.22114274326535766,0.45241140531365476,0.08259864398763377,0.0,0.8027441256821097,0.0,1.2570033145515813,0.7621386454559772,0.6248754463385536,0.685566712510773,50.266666666666666,71.63333333333334,1463.9962856651905,1.9370208260292807,0.0035348808858543636,3.5142197616398336
turbo_lunar_lander_12d,12,mes_gumbel,native,decay_uniform_grid_a2_3,234,210,30,0.4208639351398925,0.24000251858362898,0.4594639438349348,0.08388625546622683,0.0,0.7677983396108259,0.0,1.2447727016247774,0.7608759096387576,0.6228612089024186,0.6838133620338137,50.4,71.9,1470.930141423332,1.8418828542654713,0.09112209638891121,3.6129173593906065
turbo_lunar_lander_12d,12,mes_gumbel,native,decay_uniform_grid_a2_3,235,211,30,0.4206577640199506,0.18420938383197816,0.457596964766717,0.08354539328287587,0.0,0.7827767701122768,0.0,1.2295351822872256,0.7604883182560465,0.62265693250698,0.6835563643962556,50.53333333333333,72.16666666666667,1477.8308574012792,1.8486006918052833,0.003618569951504469,3.4805474574367206
turbo_lunar_lander_12d,12,mes_gumbel,native,decay_uniform_grid_a2_3,236,212,30,0.4187437612288044,0.1843785130604476,0.45928012476342306,0.08385269484890462,0.0,0.7929183523312615,0.0,1.216093093279897,0.7602057796335805,0.622442358273293,0.683337618256456,50.666666666666664,72.43333333333334,1484.1859467710058,1.869522254075855,0.003616617387160659,3.444007858928914
turbo_lunar_lander_12d,12,mes_gumbel,native,decay_uniform_grid_a2_3,237,213,30,0.43283575039881395,0.29294331041720145,0.47016919818553227,0.08584075856344435,0.0,0.7978888902757472,0.0,1.3692944092394783,0.7600989861764654,0.6222688514492379,0.6831325061034074,50.733333333333334,72.56666666666666,1491.0033867948378,1.9559787344342718,0.003863487315053741,3.5339493985753507
turbo_lunar_lander_12d,12,mes_gumbel,native,decay_uniform_grid_a2_3,238,214,30,0.43396210548153863,0.2839518487242527,0.46317360653778644,0.08456354411392264,0.0,0.8795676280515383,0.0,1.1877353409879405,0.7597929982171813,0.6220535826643762,0.6828930395213016,50.9,72.8,1497.7112517206774,1.8715346484134594,0.003759663924574852,3.598202672942231
turbo_lunar_lander_12d,12,mes_gumbel,native,decay_uniform_grid_a2_3,239,215,30,0.4310812104971935,0.2111008831417155,0.47113691487932496,0.08601743865093255,0.0,0.8356403098817682,0.0,1.3939048506070089,0.7577319533943014,0.6193809981011783,0.6802714722774461,51.03333333333333,73.1,1504.2976187951708,1.7801512630966803,0.08941479961698254,3.613751851099854
turbo_lunar_lander_12d,12,mes_gumbel,native,decay_uniform_grid_a2_3,24,0,30,1.9789134699739348,1.8978690382657675,0.6695397847580342,0.12224068108637631,1.7052837871157773,2.3542641825037984,0.0,3.869210107643327,0.7245680538849998,0.5573613631664515,0.6330507827136042,0.0,0.0,67.72475733522636,0.0,0.01158017887112995,2.158231204484279
turbo_lunar_lander_12d,12,mes_gumbel,native,decay_uniform_grid_a2_3,240,216,30,0.4281642902479728,0.25771748707517916,0.4584718898278595,0.08370513201358065,0.0,0.8116783865662005,0.0,1.3003618677862643,0.7576208557396796,0.6191152936699064,0.6800400090674408,51.233333333333334,73.43333333333334,1510.5437264005964,1.60389334190016,0.003594110859557986,3.45597734679468
turbo_lunar_lander_12d,12,mes_gumbel,native,decay_uniform_grid_a2_3,241,217,30,0.4363805123258234,0.32854775591060836,0.4655700272554644,0.08500106867537095,0.0,0.806961026733843,0.0,1.2332686392121985,0.757485071212058,0.6188319085258606,0.6797621466414832,51.4,73.73333333333333,1516.3785891343994,1.5792203187476843,0.0035740258172154427,3.3478525082425525
turbo_lunar_lander_12d,12,mes_gumbel,native,decay_uniform_grid_a2_3,242,218,30,0.4212921151675299,0.28456230244506076,0.45108898199436426,0.082357203626785,0.0,0.8317658573046031,0.0,1.2927664188930243,0.7574598090388378,0.6185881295055979,0.6795408717624952,51.53333333333333,74.03333333333333,1522.7160225944594,1.7055887289810925,0.003575957876940568,3.431152462726459
turbo_lunar_lander_12d,12,mes_gumbel,native,decay_uniform_grid_a2_3,243,219,30,0.4312256168899031,0.29098388994610747,0.4650574432526141,0.08490748406837849,0.0,0.7803157786991854,0.0,1.287876503882333,0.7570573054664095,0.6184171064965306,0.6793746436737015,51.733333333333334,74.3,1529.0506644949007,1.7485545621874432,0.003587984852492809,3.3849111989140512
turbo_lunar_lander_12d,12,mes_gumbel,native,decay_uniform_grid_a2_3,244,220,30,0.4169639562001988,0.27270023906143803,0.4459586931793136,0.08142054532327844,0.0,0.8016426081979613,0.0,1.1774578905993216,0.7564145393488781,0.617006636782912,0.678271996976442,51.766666666666666,74.46666666666667,1535.7242784698494,1.744967657265564,0.08908573230728507,3.3377074501787622
turbo_lunar_lander_12d,12,mes_gumbel,native,decay_uniform_grid_a2_3,245,221,30,0.4135821025655274,0.30656040260963446,0.4398532248801037,0.08030584441940845,0.0,0.781760838422812,0.0,1.201026621543464,0.7563783073233856,0.616849252258935,0.6781740346604981,51.8,74.53333333333333,1542.2942583178015,1.7163369064374516,0.003624862308303515,3.3954690623873223
turbo_lunar_lander_12d,12,mes_gumbel,native,decay_uniform_grid_a2_3,246,222,30,0.4076046410311008,0.1914416819293545,0.449392774084471,0.08204751984862926,0.0,0.7712479100922367,0.0,1.2406794848616758,0.7561893545779577,0.6165967585235707,0.6778744490966483,52.03333333333333,74.73333333333333,1548.3268445929048,1.4324039137146125,0.0036470638122409584,3.4648330327433845
turbo_lunar_lander_12d,12,mes_gumbel,native,decay_uniform_grid_a2_3,247,223,30,0.41485399556911795,0.1742415892986372,0.4756608983732583,0.08684340125406866,0.0,0.7642463903358723,0.0,1.5564430171940598,0.7554299468930696,0.6163469448196347,0.6775051876801287,52.166666666666664,75.03333333333333,1554.5734132540413,1.7122432210637877,0.0037467042605082196,3.4190432435212035
turbo_lunar_lander_12d,12,mes_gumbel,native,decay_uniform_grid_a2_3,248,224,30,0.39878430480201915,0.2355975374155025,0.4415656547825681,0.0806184899146505,0.0,0.7194385608029454,0.0,1.2698423035339785,0.7553929658677684,0.6161488867038034,0.6773425749056017,52.233333333333334,75.23333333333333,1561.0357437260914,1.7035402430531879,0.0037919048530360064,3.440115036442876
turbo_lunar_lander_12d,12,mes_gumbel,native,decay_uniform_grid_a2_3,249,225,30,0.43118092435539257,0.2667562303914093,0.4626863237630244,0.084474578858049,0.0,0.8320242781497549,0.0,1.3051440377435162,0.7542611288731125,0.6143027301204126,0.6757615585522123,52.36666666666667,75.36666666666666,1567.168171721883,1.5695352096886686,0.09349073382715384,3.4344496118370444
turbo_lunar_lander_12d,12,mes_gumbel,native,decay_uniform_grid_a2_3,25,1,30,2.0871496981526634,1.9289525883718728,0.7855580374835168,0.143422619119737,1.7208458228455132,2.5578766736898775,0.0,3.8899317486328018,0.7222256911341943,0.55492395381756,0.6304400939200493,0.43333333333333335,0.0,72.7018613912786,1.7443258801164727,0.0015214966299633185,2.1631225406502685
turbo_lunar_lander_12d,12,mes_gumbel,native,decay_uniform_grid_a2_3,250,226,30,0.41233620107643537,0.22933646167312172,0.448203384439677,0.08183036800259036,0.0,0.8100732685018371,0.0,1.2518182911769002,0.7540747004676305,0.6140609044090526,0.6754137685111812,52.5,75.63333333333334,1573.352130389555,1.5366006560157985,0.0038158416437606016,3.4619416852016003
turbo_lunar_lander_12d,12,mes_gumbel,native,decay_uniform_grid_a2_3,251,227,30,0.42094819222046526,0.2684523360002551,0.45464106402188376,0.08300572211097872,0.0,0.8023590659113282,0.0,1.2777963309708622,0.7540144784685768,0.6138413519401457,0.6751705127942933,52.63333333333333,75.83333333333333,1579.9853684097993,1.7945041597199938,0.0039919235898802675,3.592050711407016
turbo_lunar_lander_12d,12,mes_gumbel,native,decay_uniform_grid_a2_3,252,228,30,0.41891724403950165,0.2822562443155381,0.44844405816279886,0.08187430881164122,0.0,0.8206398459581041,0.0,1.2240338401158115,0.7538780062514605,0.6136169820924297,0.6749036574542271,52.733333333333334,76.0,1586.604810897261,1.73633433819438,0.0040312946929285925,3.6439289748823893
turbo_lunar_lander_12d,12,mes_gumbel,native,decay_uniform_grid_a2_3,253,229,30,0.4087904528077878,0.2325792333449026,0.4488784824332105,0.08195362346911861,0.0,0.8434640184892631,0.0,1.147297887862138,0.7538148827048236,0.6134403990673829,0.6747427011469451,52.9,76.26666666666667,1592.9274977092632,1.3915713548815498,0.004036885236079494,3.5477061117533593
turbo_lunar_lander_12d,12,mes_gumbel,native,decay_uniform_grid_a2_3,254,230,30,0.4238585830724679,0.16800141151460846,0.4557230032337513,0.08320325628170845,0.0,0.8474448264354227,0.0,1.1623911860495428,0.7524617110500506,0.6130180456808682,0.6742042838094718,53.0,76.53333333333333,1599.6543393714508,1.6375727117682497,0.101284601756682,3.6464919794971746
turbo_lunar_lander_12d,12,mes_gumbel,native,decay_uniform_grid_a2_3,255,231,30,0.450954934494056,0.25552044444698807,0.48308519010153006,0.0881988852717598,0.0,0.9066361984466651,0.0,1.3347825462101066,0.7521248776618049,0.6127838543672783,0.6739402129844224,53.13333333333333,76.76666666666667,1605.7870557559654,1.4445145487164457,0.004185392319535216,3.610534328206753
turbo_lunar_lander_12d,12,mes_gumbel,native,decay_uniform_grid_a2_3,256,232,30,0.4661249490794637,0.2790520038066855,0.4928549627857976,0.0899825935653835,0.0,0.9481809972884796,0.0,1.361709804457559,0.7515697242748817,0.6125413629458204,0.6737625461521418,53.266666666666666,76.96666666666667,1611.7032616532717,1.4208187230862677,0.0046784409787505865,3.554814463838314
turbo_lunar_lander_12d,12,mes_gumbel,native,decay_uniform_grid_a2_3,257,233,30,0.44562799559890454,0.2896105661234253,0.47548932986407594,0.08681207727318975,0.0,0.8436496418813071,0.0,1.353848405057902,0.7514922153159789,0.6122798429963918,0.6734926753347675,53.46666666666667,77.23333333333333,1617.7221210948812,1.4808075834220895,0.003916756979500254,3.6149404743375877
turbo_lunar_lander_12d,12,mes_gumbel,native,decay_uniform_grid_a2_3,258,234,30,0.445264849515399,0.31872906392581835,0.4779756246959856,0.08726601052787156,0.0,0.8473573329089036,0.0,1.4076505897088658,0.7512851786103468,0.6120648905009606,0.6733069399760054,53.666666666666664,77.56666666666666,1623.865037034126,1.3500379341188817,0.004101343623672923,3.837749261890228
turbo_lunar_lander_12d,12,mes_gumbel,native,decay_uniform_grid_a2_3,259,235,30,0.4171690322294236,0.2642069351813846,0.44058810428531486,0.08044001442850184,0.0,0.8107321560679807,0.0,1.179177491831029,0.7487915386083136,0.6092811601432786,0.6706731655701006,53.833333333333336,77.93333333333334,1630.767791614992,1.6313152239347497,0.11028749360702932,3.871115874514605
turbo_lunar_lander_12d,12,mes_gumbel,native,decay_uniform_grid_a2_3,26,2,30,1.9400989409973695,1.9252505032661298,0.8873940785373616,0.16201525140380799,1.5593224754277477,2.4187782184332067,0.0,3.864448006671237,0.720213217608809,0.5523585480736888,0.6277806434149724,0.9333333333333333,0.5333333333333333,77.82922910673854,1.8448712514868626,0.0014931971207261085,2.3274589776682357
turbo_lunar_lander_12d,12,mes_gumbel,native,decay_uniform_grid_a2_3,260,236,30,0.42444279169468696,0.2889655870250105,0.4476395288295002,0.0817274225236338,0.0,0.8128042806115623,0.0,1.2977885209578233,0.7482988327219781,0.6089309008096105,0.670420454924183,54.166666666666664,78.36666666666666,1636.7603289282415,1.437224562993894,0.004071204209079345,3.6310274228298414
turbo_lunar_lander_12d,12,mes_gumbel,native,decay_uniform_grid_a2_3,261,237,30,0.39974832557080153,0.24699266567412637,0.4263977119404003,0.07784921509944906,0.0,0.7455667888853141,0.0,1.0380099638836604,0.7481208323762437,0.6086967079506386,0.6701688112680765,54.4,78.66666666666667,1643.1024302500612,1.4215867212507873,0.004151470664267739,3.7666745397572714
turbo_lunar_lander_12d,12,mes_gumbel,native,decay_uniform_grid_a2_3,262,238,30,0.4313120717870067,0.25472938138549484,0.4582398479656511,0.08366276715950831,0.0,0.8332269915049486,0.0,1.2820296310866328,0.747776183860603,0.6084459606600886,0.6698536781832443,54.63333333333333,79.0,1649.5670942128481,1.2598895829170942,0.004343113272140423,3.8818995064900568
turbo_lunar_lander_12d,12,mes_gumbel,native,decay_uniform_grid_a2_3,263,239,30,0.4182540326896227,0.19554479018870086,0.45469713689625313,0.08301595957036413,0.0,0.7914993936158911,0.0,1.3829387172496275,0.7476445859223182,0.60823494789534,0.6696899310669523,54.86666666666667,79.4,1655.843027528003,1.3138908359998216,0.004315764829516411,3.854284348913158
turbo_lunar_lander_12d,12,mes_gumbel,native,decay_uniform_grid_a2_3,264,240,30,0.4110464622171672,0.2891231491731675,0.4421332944585895,0.08072212626634778,0.0,0.7598783752989817,0.0,1.323174199276989,0.746481959134779,0.6068180909713002,0.6685062694554083,55.06666666666667,79.76666666666667,1661.9344078730326,1.2441377961387237,0.11045349664054811,3.6852909335090467
turbo_lunar_lander_12d,12,mes_gumbel,native,decay_uniform_grid_a2_3,265,241,30,0.4575369534323812,0.3190249075455195,0.4913005433759398,0.08969879670718252,0.0,0.8762681868614097,0.0,1.3855828419339633,0.7463821447481933,0.6065052458871973,0.6682582390635423,55.333333333333336,80.03333333333333,1668.003678456042,1.1693288148691257,0.004395790693039695,3.7995905390009286
turbo_lunar_lander_12d,12,mes_gumbel,native,decay_uniform_grid_a2_3,266,242,30,0.4671116430322769,0.33814296210952133,0.49348533523683225,0.090097683302404,0.0,0.8811434628867691,0.0,1.3814237314337694,0.7460608084735044,0.6063463137115632,0.6680683056349537,55.36666666666667,80.33333333333333,1674.7124377527275,1.7526095261021206,0.00424477217408518,3.8426416205863156
turbo_lunar_lander_12d,12,mes_gumbel,native,decay_uniform_grid_a2_3,267,243,30,0.4027119937018883,0.2095791201440842,0.4415783871919001,0.080620814523918,0.0,0.7660069835731055,0.0,1.2094907116484537,0.7459638919908335,0.6061804202183558,0.6678809676950177,55.4,80.4,1681.968707982342,1.697945748595521,0.004512729433675607,3.9445166863656294
turbo_lunar_lander_12d,12,mes_gumbel,native,decay_uniform_grid_a2_3,268,244,30,0.40449234034120246,0.3170905144170837,0.44110940157046735,0.08053518985591657,0.0,0.7564246463682125,0.0,1.3330002110335828,0.7459442284594985,0.6060143961405995,0.6677071796027463,55.5,80.53333333333333,1689.1600540214838,1.8208525329828262,0.004372645417849223,3.8200281905631224
turbo_lunar_lander_12d,12,mes_gumbel,native,decay_uniform_grid_a2_3,269,245,30,0.3766179192930552,0.31194839380294215,0.407658478452341,0.07442791480219361,0.0,0.6570034016943815,0.0,1.2122922942269205,0.744897849459058,0.6044344670990376,0.6662010230479182,55.6,80.73333333333333,1695.6166702554096,1.5139199942505608,0.11898715337738394,3.80887615038082
turbo_lunar_lander_12d,12,mes_gumbel,native,decay_uniform_grid_a2_3,27,3,30,1.9074993955375719,1.887189165791149,0.8129536152232583,0.14842434442105126,1.6781344150300672,2.3838367470976793,0.0,3.488174771109917,0.7176779102376655,0.5498938956213912,0.6249344609910387,1.4,0.9666666666666667,82.5187191133077,1.7166682567757865,0.0015542876751472553,2.327619688414658
turbo_lunar_lander_12d,12,mes_gumbel,native,decay_uniform_grid_a2_3,270,246,30,0.4022283537807358,0.2955312650236511,0.4455280947229707,0.0813419291606898,0.0,0.7448899168401799,0.0,1.4474727195840336,0.7448110627615201,0.6041722996995654,0.6659684333658862,55.733333333333334,80.96666666666667,1701.7333205449395,1.2786858407625308,0.0041955558272699514,3.7897693196001154
turbo_lunar_lander_12d,12,mes_gumbel,native,decay_uniform_grid_a2_3,271,247,30,0.4259136006590635,0.26576307758160067,0.4513069242723387,0.08239699426074523,0.0,0.8517047722965906,0.0,1.2557351143674342,0.7446579584046139,0.603964498341652,0.6656887733504451,55.833333333333336,81.2,1708.527844350723,1.671456071222201,0.004384802250812451,3.8653224687868106
turbo_lunar_lander_12d,12,mes_gumbel,native,decay_uniform_grid_a2_3,272,248,30,0.4453475186149175,0.3338457629068916,0.47273134431850616,0.0863085403076625,0.0,0.8315508040544275,0.0,1.460138480085919,0.744206127930735,0.603788055343514,0.6654047121053845,55.9,81.36666666666666,1715.395429049991,1.6410670017047475,0.0045370553309718765,3.9212130995467307
turbo_lunar_lander_12d,12,mes_gumbel,native,decay_uniform_grid_a2_3,273,249,30,0.45273933925107346,0.33358190313798397,0.466312204633229,0.08513657110586151,0.0,0.8722503043191467,0.0,1.1744350748064458,0.7438190332728021,0.6034838992722824,0.6650717733218279,55.96666666666667,81.5,1722.2173822856043,1.6603718252386899,0.004594342721005281,3.989275555576508
turbo_lunar_lander_12d,12,mes_gumbel,native,decay_uniform_grid_a2_3,274,250,30,0.44971457961655653,0.33576307613406986,0.47372188351333294,0.0864893871946957,0.0,0.8222138467572561,0.0,1.3358541335680822,0.7424649426170513,0.6013749746146194,0.6631271325291379,56.13333333333333,81.66666666666667,1729.329847808353,1.6864240965029846,0.12458385527133942,4.026184580149129
turbo_lunar_lander_12d,12,mes_gumbel,native,decay_uniform_grid_a2_3,275,251,30,0.4105466106055305,0.198147772118217,0.4529433402121368,0.08269576156864136,0.0,0.7700509000777775,0.0,1.3730451592417965,0.7419641347195804,0.6011622908913098,0.6629723545366034,56.333333333333336,82.03333333333333,1736.4967766598797,1.8826186270142595,0.004638778495912751,3.963684423516194
turbo_lunar_lander_12d,12,mes_gumbel,native,decay_uniform_grid_a2_3,276,252,30,0.4180150235410961,0.19956205168349506,0.45618583140496044,0.08328775675824848,0.0,0.7883082561738116,0.0,1.4085204874359132,0.7418934616731077,0.6010321531611197,0.6628788225228041,56.43333333333333,82.26666666666667,1743.6640815032647,1.655057578937461,0.0046217791425685086,3.8440009214139232
turbo_lunar_lander_12d,12,mes_gumbel,native,decay_uniform_grid_a2_3,277,253,30,0.39809924775303723,0.27506515025950073,0.42416617106770366,0.07744179334145881,0.0,0.7296916001937842,0.0,1.0905753889986871,0.7407095898553938,0.6008064873961607,0.6626087620749186,56.53333333333333,82.46666666666667,1750.2699764724975,1.6284671078436077,0.004550863491992156,3.781629768324395
turbo_lunar_lander_12d,12,mes_gumbel,native,decay_uniform_grid_a2_3,278,254,30,0.4281369168477846,0.30494273244401426,0.4507503916507128,0.08229538577046122,0.0,0.8117982962261505,0.0,1.1160374110341311,0.7403784142733301,0.6006359799093668,0.6624102708833096,56.6,82.56666666666666,1756.5068024464729,1.6108777361766746,0.004494326810042064,3.6961362128456434
turbo_lunar_lander_12d,12,mes_gumbel,native,decay_uniform_grid_a2_3,279,255,30,0.41433831036398705,0.2433424440594414,0.4421669254974547,0.08072826642588737,0.0,0.8495219580495059,0.0,1.15402817817929,0.7431969183972644,0.6033335722959364,0.6651872143397776,56.666666666666664,82.7,1762.9427116871966,1.6046969826488444,0.12217796843809386,3.7262643710399668
turbo_lunar_lander_12d,12,mes_gumbel,native,decay_uniform_grid_a2_3,28,4,30,1.8312569906984506,1.8386118022067637,0.6477203689026341,0.11825701900118013,1.6610184773367451,2.3617496803184994,0.0,2.6766002006684184,0.7156669499680433,0.5476326505969003,0.6223938053604857,1.8333333333333333,1.4666666666666666,87.53354130168445,2.043374253467967,0.0015410433678577343,2.1396136793928844
turbo_lunar_lander_12d,12,mes_gumbel,native,decay_uniform_grid_a2_3,280,256,30,0.4110533311297736,0.2719271273806313,0.4400039078500941,0.08033335523997366,0.0,0.7804662624945354,0.0,1.15402817817929,0.7427815659616884,0.6029673588269671,0.6648354068227532,56.93333333333333,83.03333333333333,1768.76957187873,0.9835843236185611,0.00456506060436368,3.7919425793768218
turbo_lunar_lander_12d,12,mes_gumbel,native,decay_uniform_grid_a2_3,281,257,30,0.4140362863737198,0.24054894613704914,0.44809114620414486,0.08180987619811851,0.0,0.7297213426120683,0.0,1.2861287120218234,0.7426225575385559,0.6027947165690649,0.6646336700242528,57.03333333333333,83.33333333333333,1775.2977505753438,1.480811881258463,0.004768912261351943,3.7980276425524306
turbo_lunar_lander_12d,12,mes_gumbel,native,decay_uniform_grid_a2_3,282,258,30,0.4229111309074937,0.2873133658166023,0.4483940684743999,0.08186518198498163,0.0,0.763763553125981,0.0,1.2801893668671585,0.7424241177212407,0.6026101358440467,0.6644439119581451,57.06666666666667,83.46666666666667,1781.574677766487,1.4980804399121552,0.004397203369687001,3.555180641977737
turbo_lunar_lander_12d,12,mes_gumbel,native,decay_uniform_grid_a2_3,283,259,30,0.4105498682390089,0.28634534654553223,0.43642525555490297,0.07967998571079239,0.0,0.7873316150441028,0.0,1.2310481368801662,0.7420415207830001,0.6023947941550779,0.6642660776573137,57.166666666666664,83.6,1787.5400645092595,1.439634962907682,0.004418085236102343,3.647776412125677
turbo_lunar_lander_12d,12,mes_gumbel,native,decay_uniform_grid_a2_3,284,260,30,0.42980345907451245,0.5139402369732012,0.4270033672360017,0.07795979212194017,0.0,0.794654580634723,0.0,1.102675210830564,0.7359179948279297,0.5903437824828567,0.6551721645784259,57.2,83.73333333333333,1794.2036485151389,1.5277883774290482,0.1206600102595985,3.6282143122982236
turbo_lunar_lander_12d,12,mes_gumbel,native,decay_uniform_grid_a2_3,285,261,30,0.4096950713055046,0.5282398535152192,0.4079181307417717,0.07447532060753664,0.0,0.7497135564622344,0.0,1.0179910671668437,0.7358217960454332,0.5901169539769164,0.6549468079571116,57.36666666666667,83.93333333333334,1800.7322493655918,1.5472513648681343,0.004557557869702578,3.736688078039636
turbo_lunar_lander_12d,12,mes_gumbel,native,decay_uniform_grid_a2_3,286,262,30,0.4282882010223044,0.4693316283629396,0.4394608422247024,0.08023420547556276,0.0,0.7778612286347492,0.0,1.1972511276379534,0.7357397617907632,0.589957789698606,0.6548087908481077,57.4,84.13333333333334,1807.2597835300646,1.5770032415476938,0.004630460745344559,3.702668006531894
turbo_lunar_lander_12d,12,mes_gumbel,native,decay_uniform_grid_a2_3,287,263,30,0.4118397011153101,0.4521679675360495,0.42073434199373794,0.07681522994235446,0.0,0.7278951829796667,0.0,1.0726116374985217,0.7356624164578671,0.5897984724267394,0.6546558466082771,57.46666666666667,84.23333333333333,1813.6387392461145,1.5882001237167667,0.004543620084101955,3.6916716693279645
turbo_lunar_lander_12d,12,mes_gumbel,native,decay_uniform_grid_a2_3,288,264,30,0.4031719790931219,0.4258627743535336,0.4092212283942053,0.07471323260049328,0.0,0.7359950225821486,0.0,1.0782101784611537,0.7355707111702136,0.5895564465755299,0.6543692260952837,57.63333333333333,84.46666666666667,1819.9348720870446,1.398993664064134,0.004436831998949249,3.6406466228111336
turbo_lunar_lander_12d,12,mes_gumbel,native,decay_uniform_grid_a2_3,289,265,30,0.48076667904070525,0.5937432894449419,0.4760131753766643,0.08690771794115391,0.0,0.8359507302199409,0.0,1.52162126386101,0.7349388458456217,0.5888373136358998,0.6538903840696068,57.7,84.63333333333334,1826.9354348700338,1.5148218762129546,0.1276477867271751,3.986488615659376
turbo_lunar_lander_12d,12,mes_gumbel,native,decay_uniform_grid_a2_3,29,5,30,1.8436244296170365,1.8140258333442376,0.5400749003377823,0.09860373521911926,1.6529368401239868,2.329920104870786,0.0,2.6666171960212464,0.7443637140183808,0.5773910484530071,0.6527955858810085,2.466666666666667,2.0,91.64666843069718,1.3276704993875077,0.011074105789884926,2.2142923871676126
turbo_lunar_lander_12d,12,mes_gumbel,native,decay_uniform_grid_a2_3,290,266,30,0.44352476547209524,0.38466279618469035,0.45001622394626656,0.08216134569955556,0.0,0.8394555165970938,0.0,1.1809342703636658,0.7345847760769926,0.5887217630524159,0.6537385089056372,57.733333333333334,84.73333333333333,1833.6686580818612,1.6751795360818504,0.004565718444064259,3.7376209860667586
turbo_lunar_lander_12d,12,mes_gumbel,native,decay_uniform_grid_a2_3,291,267,30,0.40415005629333584,0.24636929028367416,0.4239542148506423,0.07740309560769615,0.0,0.7017635652637719,0.0,1.145672412034293,0.734336864010984,0.5884995629236722,0.653545218404014,57.8,84.83333333333333,1840.103956278786,1.3554891055294622,0.004777676720793048,3.7751761542322737
turbo_lunar_lander_12d,12,mes_gumbel,native,decay_uniform_grid_a2_3,292,268,30,0.3943843141605187,0.1380662011132483,0.43584477613611217,0.07957400515351265,0.0,0.8251407073183025,0.0,1.1378944303681178,0.7342561106527653,0.5883009135601595,0.6533087845527858,57.86666666666667,84.96666666666667,1846.8140098329943,1.4385487818935265,0.004748469746361176,3.951967448166882
turbo_lunar_lander_12d,12,mes_gumbel,native,decay_uniform_grid_a2_3,293,269,30,0.3888753383508374,0.19686585028367265,0.42468433249149085,0.0775363962415379,0.0,0.7666940548113912,0.0,1.2372007058388572,0.734222023348156,0.5880794081273113,0.6531207515873898,58.03333333333333,85.2,1853.1193240172386,1.3350604532131305,0.004870238325869043,3.800084702981015
turbo_lunar_lander_12d,12,mes_gumbel,native,decay_uniform_grid_a2_3,294,270,30,0.3702971936159019,0.17927668972384947,0.40156497645760986,0.0733153986366213,0.0,0.7308145895607725,0.0,1.0441278009072312,0.7433592798502527,0.6035763989578737,0.6656836688120976,58.233333333333334,85.56666666666666,1859.2304386892044,1.2764805348434796,0.1304792037854592,3.5960597527058176
turbo_lunar_lander_12d,12,mes_gumbel,native,decay_uniform_grid_a2_3,295,271,30,0.38218005584070863,0.19380580987204366,0.4082686553253512,0.07453931734799885,0.0,0.7583797873080709,0.0,1.0727296744152375,0.7431624213169097,0.6033212929829783,0.665467063586652,58.36666666666667,85.83333333333333,1864.8778772669689,1.1639021051116287,0.004738144871468345,3.6658572502744695
turbo_lunar_lander_12d,12,mes_gumbel,native,decay_uniform_grid_a2_3,296,272,30,0.38104696599959786,0.03473526474245503,0.43120106143944276,0.07872618272351795,0.0,0.7663436699751028,0.0,1.194253972146821,0.7431349871830478,0.6031929900947804,0.6653632001226342,58.43333333333333,86.03333333333333,1871.3928555881294,1.449271593708545,0.004740363949288924,3.660181789301957
turbo_lunar_lander_12d,12,mes_gumbel,native,decay_uniform_grid_a2_3,297,273,30,0.3884552592570395,0.05941358969515487,0.43045096865223786,0.07858923514359327,0.0,0.8308875958390523,0.0,1.0973395319139458,0.7431136387571607,0.6030401646347748,0.6651579217741971,58.6,86.26666666666667,1877.4614826274415,1.4356646619271487,0.004657359312598904,3.5372376284406832
turbo_lunar_lander_12d,12,mes_gumbel,native,decay_uniform_grid_a2_3,298,274,30,0.3839508690845913,0.058773427515405374,0.4249106716429479,0.07757771992783775,0.0,0.7719800368921245,0.0,1.1358760085215813,0.7430650492900747,0.6028101122583301,0.664895568788353,58.733333333333334,86.43333333333334,1883.6918920090732,1.4228247475344689,0.004610407073050738,3.6797884344588967
turbo_lunar_lander_12d,12,mes_gumbel,native,decay_uniform_grid_a2_3,299,275,30,0.36643544023276176,0.07910105108811416,0.4048968541373545,0.07392371349130267,0.0,0.6827303418892359,0.0,1.1072223841372435,0.7483743483643789,0.6099682571489765,0.671546634888744,58.9,86.73333333333333,1890.1611352473963,1.4981399435860416,0.14274217888402443,3.6393487822885313
turbo_lunar_lander_12d,12,mes_gumbel,native,decay_uniform_grid_a2_3,3,0,30,2.683683525413747,2.7044645277229673,0.4563391405767613,0.08331574705547107,2.3869223533663404,2.9571486715857542,1.810462903821802,3.5922050422052374,0.9994823997095069,0.9919775531518832,0.9979881802333577,0.0,0.0,6.148978600930422,0.0,0.00140679064206779,2.2049160794044536
turbo_lunar_lander_12d,12,mes_gumbel,native,decay_uniform_grid_a2_3,30,6,30,1.8000314397469135,1.8284502430600904,0.5878625925513985,0.10732853421795646,1.6152451255503295,2.2489894823887138,0.0,2.6786815465993383,0.7414666783554383,0.575340566210897,0.6508717258162832,2.933333333333333,2.566666666666667,96.54530584986011,1.7758897454012186,0.0014549471748371919,2.1952627122091752
turbo_lunar_lander_12d,12,mes_gumbel,native,decay_uniform_grid_a2_3,300,276,30,0.3817605494598413,0.06781153319456901,0.42933313278509816,0.07838514717025301,0.0,0.6905713404589797,0.0,1.0992946758232924,0.7483170309702345,0.6097840003496848,0.6713248472742255,58.96666666666667,86.96666666666667,1896.773498396979,1.596553934800128,0.005036301460737983,3.661486504211401
turbo_lunar_lander_12d,12,mes_gumbel,native,decay_uniform_grid_a2_3,301,277,30,0.37405363436476785,0.08525776463500645,0.42966572569615996,0.07844587005020463,0.0,0.8059016050168907,0.0,1.1809342703636658,0.7481334369074556,0.6095633677702822,0.6711649657625282,59.13333333333333,87.2,1902.9509405201145,1.492632333158205,0.005102656160791715,3.638431821220244
turbo_lunar_lander_12d,12,mes_gumbel,native,decay_uniform_grid_a2_3,302,278,30,0.3796388518295882,0.12207139028922098,0.4284674547449826,0.07822709670688363,0.0,0.749373518255467,0.0,1.1273206504215096,0.7480016292370774,0.6093889068756263,0.6709953150878583,59.2,87.36666666666666,1909.088335249992,1.3394357721476504,0.005033047823235393,3.6416634316090493
turbo_lunar_lander_12d,12,mes_gumbel,native,decay_uniform_grid_a2_3,303,279,30,0.37982462119664634,0.12390211397703332,0.4198508111715179,0.07665392002182746,0.0,0.7923038290619232,0.0,1.1053236007472638,0.7475983396924589,0.6091211757756216,0.6707408609217916,59.43333333333333,87.66666666666667,1914.474875771782,1.0387521770627548,0.005044618217895428,3.59208858058167
turbo_lunar_lander_12d,12,mes_gumbel,native,decay_uniform_grid_a2_3,304,280,30,0.37741121510295433,0.09580242653774684,0.4229741084438886,0.07722415347845138,0.0,0.7296781468195521,0.0,1.1795976627470963,0.7459219726073061,0.6068462135254293,0.6686946248737827,59.63333333333333,87.96666666666667,1920.0995439140436,1.160857776692137,0.14462884777846435,3.6119870365442086
turbo_lunar_lander_12d,12,mes_gumbel,native,decay_uniform_grid_a2_3,305,281,30,0.37819561854680095,0.101556588772995,0.4200905856717056,0.07669769665598322,0.0,0.7011387284278237,0.0,1.0726116374985217,0.7458215499381847,0.6065982833824978,0.6684327634480401,59.86666666666667,88.2,1925.9157148472189,1.150528238542999,0.005063934531062841,3.7715407953442384
turbo_lunar_lander_12d,12,mes_gumbel,native,decay_uniform_grid_a2_3,306,282,30,0.3795813162481928,0.05883629281460934,0.441603988798771,0.08062548871644852,0.0,0.7131916261521143,0.0,1.217259708274891,0.7457605646208536,0.6063333382564553,0.6681296106034771,60.0,88.5,1931.9643867443626,1.349443446379155,0.0051479834752778215,3.744257540302351
turbo_lunar_lander_12d,12,mes_gumbel,native,decay_uniform_grid_a2_3,307,283,30,0.3604349588395751,0.06647553868683498,0.4140756848716984,0.07559953103954328,0.0,0.678248357666152,0.0,1.0940671169347507,0.7453736519184084,0.6060234304499335,0.6677849852124729,60.333333333333336,88.83333333333333,1937.3792228014984,1.0029482676492383,0.005118175984049836,3.630392849507431
turbo_lunar_lander_12d,12,mes_gumbel,native,decay_uniform_grid_a2_3,308,284,30,0.3580241301705485,0.04638154021199681,0.4177982985694529,0.07627918420458923,0.0,0.6679991885053677,0.0,1.213865651572393,0.7450667933342344,0.6058607440220797,0.6676474269791296,60.46666666666667,89.16666666666667,1943.4632396694738,1.2775703905460736,0.005063691673179467,3.7021152747639765
turbo_lunar_lander_12d,12,mes_gumbel,native,decay_uniform_grid_a2_3,309,285,30,0.3710878579483234,0.0,0.44171064293473683,0.08064496100848843,0.0,0.7732126184458122,0.0,1.3153749851655454,0.7442526846051893,0.6048669984295842,0.6666971847734255,60.56666666666667,89.33333333333333,1949.8667441663642,1.4138667675666512,0.14852927398557464,3.749121854205926
turbo_lunar_lander_12d,12,mes_gumbel,native,decay_uniform_grid_a2_3,31,7,30,1.759349885650264,1.8016231240317544,0.6515069042728899,0.11894834261354023,1.649188818785907,2.2261524368870056,0.0,2.7595952331094202,0.7393326511733765,0.5728491167374955,0.6484515308429439,3.7,2.933333333333333,100.03076954341184,0.762273926474154,0.001463452416161696,2.1972860445268454
turbo_lunar_lander_12d,12,mes_gumbel,native,decay_uniform_grid_a2_3,310,286,30,0.36298648303523007,0.0,0.43910714092225156,0.080169628748239,0.0,0.657756680352577,0.0,1.1935704587775031,0.7441868459357308,0.6046838069839678,0.6665318091830577,60.7,89.56666666666666,1956.2419091419938,1.2351660870946943,0.00545922857709229,3.753218167461455
turbo_lunar_lander_12d,12,mes_gumbel,native,decay_uniform_grid_a2_3,311,287,30,0.35267656865945635,0.011877838760420478,0.4220152837508068,0.07704909684075342,0.0,0.7175746272299768,0.0,1.0971903633065363,0.7441354184416207,0.60446474252201,0.6664219857878809,60.86666666666667,89.86666666666666,1962.3209291840592,1.258262177479143,0.005241325249274572,3.8991960351821033
turbo_lunar_lander_12d,12,mes_gumbel,native,decay_uniform_grid_a2_3,312,288,30,0.40258657373522505,0.0,0.4829662641366783,0.08817717246055234,0.0,0.7607758141875312,0.0,1.5307259451108228,0.7440369639445847,0.6042244934185781,0.6660842408699036,61.0,90.16666666666667,1968.5477887364416,1.2996866758602361,0.005273233695576588,3.9622010600132245
turbo_lunar_lander_12d,12,mes_gumbel,native,decay_uniform_grid_a2_3,313,289,30,0.36686139449404664,0.0423104076431573,0.4248813391567363,0.07757236457304917,0.0,0.7357326610989974,0.0,1.1166470223012346,0.7436572430876183,0.6040535834606815,0.6659548851597852,61.06666666666667,90.36666666666666,1975.0822748316452,1.3280942148373773,0.00535762095823884,3.734386048077916
turbo_lunar_lander_12d,12,mes_gumbel,native,decay_uniform_grid_a2_3,314,290,30,0.35326204798158195,0.05437095773240197,0.4039244489838678,0.07374617741210303,0.0,0.749356216568221,0.0,1.0726116374985217,0.7452739604994034,0.6048538435795462,0.6670099390081244,61.166666666666664,90.53333333333333,1981.6186158681132,1.4243423162649076,0.1530428277483831,3.7232025988865645
turbo_lunar_lander_12d,12,mes_gumbel,native,decay_uniform_grid_a2_3,315,291,30,0.36434961682446715,0.008337180167258817,0.4166812556152491,0.0760752409966827,0.0,0.7481903775540673,0.0,1.0726116374985217,0.7450547571603475,0.604580220588853,0.666691986676893,61.3,90.76666666666667,1987.8013858258414,1.2624015332510075,0.0054177468487372005,3.8690365621820093
turbo_lunar_lander_12d,12,mes_gumbel,native,decay_uniform_grid_a2_3,316,292,30,0.38252811261457087,0.07356303022181276,0.4237884331868859,0.07737282815540945,0.0,0.8080935409677137,0.0,1.0726116374985217,0.7448065497164827,0.6043768711059471,0.6664814955275672,61.43333333333333,91.03333333333333,1994.23303245469,1.340390147222206,0.005760437327747544,3.869138798226292
turbo_lunar_lander_12d,12,mes_gumbel,native,decay_uniform_grid_a2_3,317,293,30,0.341201241605277,0.0,0.4083838727437867,0.07456035307436372,0.0,0.7875208591933378,0.0,1.030722937553414,0.7447789209871474,0.6042204105709722,0.666314172190102,61.53333333333333,91.26666666666667,2000.962527875385,1.4117751335880409,0.005398336192592978,3.9298739409539847
turbo_lunar_lander_12d,12,mes_gumbel,native,decay_uniform_grid_a2_3,318,294,30,0.333135687570732,0.0,0.3997695897982712,0.07298760737903343,0.0,0.6772175497848425,0.0,1.076468378949524,0.7444028915373209,0.6040526328717615,0.6661177199332576,61.63333333333333,91.46666666666667,2007.4074045589193,1.3545236190315335,0.005565669139226278,3.862704730235661
turbo_lunar_lander_12d,12,mes_gumbel,native,decay_uniform_grid_a2_3,319,295,30,0.3497109817632799,0.06714497426459287,0.42792107448274364,0.07812734177534901,0.0,0.762184219625625,0.0,1.1926386826822761,0.7448202719413222,0.603340075778096,0.6656815094570855,61.666666666666664,91.6,2014.446425954004,1.408311665415143,0.16804471431920925,3.9269804488091418
turbo_lunar_lander_12d,12,mes_gumbel,native,decay_uniform_grid_a2_3,32,8,30,1.846041599701072,1.931359616610021,0.6454392609222496,0.11784054756885959,1.6656197794290803,2.329197821785426,0.0,2.691536684837228,0.7372101721994355,0.5705811103375639,0.6461803348945363,4.366666666666666,3.3,103.98901351233944,1.1450005653159072,0.0014912471330414216,2.0859708231097707
turbo_lunar_lander_12d,12,mes_gumbel,native,decay_uniform_grid_a2_3,320,296,30,0.3354511330975599,0.0,0.41182691945234623,0.07518896452397104,0.0,0.7058343771866463,0.0,1.2013510288220055,0.744793641165149,0.6031787732293199,0.665485203567074,61.666666666666664,91.63333333333334,2021.201477416372,1.4716876657834896,0.005968088936060667,3.8942037653488417
turbo_lunar_lander_12d,12,mes_gumbel,native,decay_uniform_grid_a2_3,321,297,30,0.3288473965640248,0.0,0.4063792891583377,0.07419436785831204,0.0,0.625781089154272,0.0,1.213270439978694,0.7444353275490937,0.6029461912960962,0.6652369763167543,61.86666666666667,91.83333333333333,2027.131968058118,1.0749942200568816,0.005454250673453013,3.74027926318037
turbo_lunar_lander_12d,12,mes_gumbel,native,decay_uniform_grid_a2_3,322,298,30,0.33128069302010166,0.0,0.4223928297485048,0.07711802699389841,0.0,0.6822304085173239,0.0,1.2590456565033077,0.74436343947028,0.6027461297378547,0.6650259159346501,62.0,92.16666666666667,2033.0634501131096,1.1257634930623075,0.005344520385066668,3.6932761486930152
turbo_lunar_lander_12d,12,mes_gumbel,native,decay_uniform_grid_a2_3,323,299,30,0.3352787468283122,0.0,0.4096200682610621,0.07478605046446322,0.0,0.762264454058424,0.0,1.0412950868974487,0.744284084916415,0.6025747787074918,0.6648515604984399,62.03333333333333,92.33333333333333,2039.0725584879362,1.2505539262512078,0.00535620073787868,3.5574698643758893
turbo_lunar_lander_12d,12,mes_gumbel,native,decay_uniform_grid_a2_3,324,300,30,0.3512128278200592,0.0,0.42978902197641006,0.07846838076818778,0.0,0.6912761712473489,0.0,1.1329800025518644,0.7439059134581018,0.6015647537765169,0.6640860210268512,62.2,92.53333333333333,2045.0267881657774,1.2714061900507658,0.15247498250876865,3.4369300889782606
turbo_lunar_lander_12d,12,mes_gumbel,native,decay_uniform_grid_a2_3,325,301,30,0.329789264497872,0.0,0.4033355721334159,0.07363866370057466,0.0,0.6586243060410051,0.0,1.0443898561494638,0.7438424129303665,0.6013708564143916,0.6638676597294481,62.333333333333336,92.83333333333333,2051.1758836449744,1.334674984930704,0.0054320398407677805,3.8117663701064886
turbo_lunar_lander_12d,12,mes_gumbel,native,decay_uniform_grid_a2_3,326,302,30,0.36198131567676345,0.0,0.4528939958577161,0.08268675256330746,0.0,0.79637672311299,0.0,1.250074952609328,0.7433614137389969,0.601163196286037,0.6635680357124679,62.5,93.13333333333334,2057.09241122532,1.2487869170183936,0.005515039898455143,3.7029389052341384
turbo_lunar_lander_12d,12,mes_gumbel,native,decay_uniform_grid_a2_3,327,303,30,0.3299320100158923,0.0,0.4019968980730502,0.07339425637390488,0.0,0.7266588368811402,0.0,1.1050130548677637,0.743350952451667,0.6009811517325349,0.6633908847655073,62.63333333333333,93.36666666666666,2063.2370401489857,1.222592501497517,0.005531250375012556,3.7415372751963636
turbo_lunar_lander_12d,12,mes_gumbel,native,decay_uniform_grid_a2_3,328,304,30,0.33492845810006694,0.0,0.4095788205489969,0.07477851969701536,0.0,0.769152291392033,0.0,1.1050130548677637,0.7433138063384832,0.6007673824489431,0.6631685079443806,62.733333333333334,93.53333333333333,2069.2979526818262,1.2084747156128288,0.005415967339649797,3.6727622303335616
turbo_lunar_lander_12d,12,mes_gumbel,native,decay_uniform_grid_a2_3,329,305,30,0.32517648907716146,0.0,0.40478486084128573,0.07390326640645394,0.0,0.6843104440308061,0.0,1.0938630160544656,0.7417864591592552,0.5993139026293982,0.6619296560351323,62.766666666666666,93.66666666666667,2075.402780604316,1.1487896600427727,0.1630120193740974,3.6648697296778363
turbo_lunar_lander_12d,12,mes_gumbel,native,decay_uniform_grid_a2_3,33,9,30,1.7456528412498347,1.848509826184412,0.6190348863642905,0.11301979038145636,1.5928159324406743,2.0989214710456565,0.0,2.6908239016082485,0.7355472797511519,0.5687749110546336,0.6441907846005427,4.833333333333333,3.8333333333333335,108.66694010607898,1.6777111746215572,0.001489338263248404,2.287240651498238
turbo_lunar_lander_12d,12,mes_gumbel,native,decay_uniform_grid_a2_3,330,306,30,0.3225136267867637,0.0,0.4178269151139219,0.07628440884689708,0.0,0.6590300427951801,0.0,1.2723262217876778,0.741535931442116,0.5990633076695892,0.6617587127427474,62.93333333333333,93.8,2081.3297787121187,1.0908404041236888,0.005618030453721682,3.7474989365786313
turbo_lunar_lander_12d,12,mes_gumbel,native,decay_uniform_grid_a2_3,331,307,30,0.31429267740375877,0.0,0.38295706974313004,0.06991807521813048,0.0,0.6711709293108201,0.0,1.0302216800370156,0.741505829896041,0.5988703745153731,0.6616154489506545,63.1,94.06666666666666,2087.640797443455,1.1696428248503556,0.005996452209850152,3.9123694049504896
turbo_lunar_lander_12d,12,mes_gumbel,native,decay_uniform_grid_a2_3,332,308,30,0.3109760852640783,0.0,0.3863364284422053,0.07053505888125876,0.0,0.6951333198551126,0.0,1.2108849354674798,0.7411063541300639,0.5986436609920642,0.6613593069512016,63.233333333333334,94.36666666666666,2093.831792439722,1.253734568475435,0.005962477127710978,3.8911242871700478
turbo_lunar_lander_12d,12,mes_gumbel,native,decay_uniform_grid_a2_3,333,309,30,0.31693790928647014,0.0,0.3858573136739111,0.07044758489251589,0.0,0.7071226954955356,0.0,1.0660671928643146,0.7409927933001977,0.5984969840371351,0.6612341028816695,63.333333333333336,94.46666666666667,2100.008004026798,1.1771303666600337,0.0056964515863607325,3.840822972341751
turbo_lunar_lander_12d,12,mes_gumbel,native,decay_uniform_grid_a2_3,334,310,30,0.3359817523347085,8.638066916444309e-05,0.40821958283337273,0.07453035797772897,0.0,0.7234247101497151,0.0,1.1540100298235447,0.7398988707986783,0.5971677947055916,0.6599709157149485,63.4,94.56666666666666,2106.5761763927217,1.2932742873672396,0.17536828097266455,3.8780433680551747
turbo_lunar_lander_12d,12,mes_gumbel,native,decay_uniform_grid_a2_3,335,311,30,0.3323842552781452,0.024845226276981047,0.41022695063792636,0.07489685152031686,0.0,0.6945359103780762,0.0,1.1582657051086103,0.7395153226531763,0.597037078363425,0.6598806476519885,63.43333333333333,94.66666666666667,2112.8281920212166,1.300522785494104,0.005833636674409112,3.838676215102896
turbo_lunar_lander_12d,12,mes_gumbel,native,decay_uniform_grid_a2_3,336,312,30,0.30606324340974983,0.0,0.3984447375297797,0.07274572355476186,0.0,0.6575261359469917,0.0,1.1451598266021636,0.7392949679709767,0.5968908102828464,0.6597109462313812,63.56666666666667,94.83333333333333,2119.104884475361,1.2232524884864688,0.005954870255663991,3.681868697827061
turbo_lunar_lander_12d,12,mes_gumbel,native,decay_uniform_grid_a2_3,337,313,30,0.29853084612653813,0.0,0.3877033682237581,0.07078462679896132,0.0,0.6071102030834163,0.0,1.1755021904205636,0.7392567766266055,0.5967433839960585,0.6595563355537238,63.63333333333333,95.03333333333333,2124.880162130979,0.9765582039486617,0.005740276615445812,3.6005418814563503
turbo_lunar_lander_12d,12,mes_gumbel,native,decay_uniform_grid_a2_3,338,314,30,0.30121435420931897,0.0,0.38905235913107605,0.07103091771556377,0.0,0.6176789518517782,0.0,1.2461275206566769,0.7391525011552613,0.5965493370775631,0.6593650058617849,63.8,95.26666666666667,2130.6145627512287,0.9792709076311439,0.005783210477481286,3.7262342639733106
turbo_lunar_lander_12d,12,mes_gumbel,native,decay_uniform_grid_a2_3,339,315,30,0.3103346275186748,0.0,0.3882014247371095,0.07087555906138629,0.0,0.6574470560008221,0.0,1.127955393985623,0.7402185741376255,0.5971648798857,0.6601790236324707,63.86666666666667,95.43333333333334,2137.1585327486973,1.1224946377798914,0.1854207646412154,3.9041622057557106
turbo_lunar_lander_12d,12,mes_gumbel,native,decay_uniform_grid_a2_3,34,10,30,1.7380601300014893,1.8626563912298422,0.6650960226368587,0.12142936483505803,1.6345330666344549,2.168125214815212,0.0,2.6597424564139835,0.7485489411834698,0.5854641718259985,0.6590581516387874,5.266666666666667,4.4,113.416669905046,1.8062181321904063,0.010786958939085404,2.1063648097993184
turbo_lunar_lander_12d,12,mes_gumbel,native,decay_uniform_grid_a2_3,340,316,30,0.3257244231384722,0.0,0.4042063052517606,0.07379763709073606,0.0,0.7019068346881742,0.0,1.1582816071931374,0.7402054366029478,0.5969582677817421,0.6598319531299404,64.06666666666666,95.63333333333334,2143.3899708647127,1.1055782708494613,0.005950414544592301,3.8657475166178
turbo_lunar_lander_12d,12,mes_gumbel,native,decay_uniform_grid_a2_3,341,317,30,0.32394493070370683,0.0,0.4070242171074262,0.07431211505353916,0.0,0.7047095722640104,0.0,1.1822999012503823,0.7401668400764336,0.5967355489872791,0.6595741938948769,64.16666666666667,95.93333333333334,2149.563517820649,1.116806359278659,0.00630408974053959,4.003566647817691
turbo_lunar_lander_12d,12,mes_gumbel,native,decay_uniform_grid_a2_3,342,318,30,0.2960270865775465,0.0,0.3666072344687684,0.06693301735437664,0.0,0.6413439862262311,0.0,1.1845519425664537,0.7400577417331033,0.5965020939336951,0.6592451454541324,64.3,96.1,2155.756200268849,1.044070445296044,0.0063276548559467,4.032799059447522
turbo_lunar_lander_12d,12,mes_gumbel,native,decay_uniform_grid_a2_3,343,319,30,0.29744702865074935,0.0,0.37445442409211316,0.0683657116109521,0.0,0.6291947163803568,0.0,1.0735583046898363,0.7400148140678012,0.5963810236539809,0.6591418781212552,64.33333333333333,96.26666666666667,2162.5619742981157,1.4371537336924425,0.006102003855630755,3.9494799801458913
turbo_lunar_lander_12d,12,mes_gumbel,native,decay_uniform_grid_a2_3,344,320,30,0.2777440471063059,0.03145893828626167,0.3432631227595642,0.0626709851650261,0.0,0.6045623948758885,0.0,1.007640941856443,0.7396169019909014,0.595720531171872,0.658601667110071,64.5,96.46666666666667,2168.5054872998503,1.0549708114471286,0.18592594258176784,3.869341041520238
turbo_lunar_lander_12d,12,mes_gumbel,native,decay_uniform_grid_a2_3,345,321,30,0.290305911206736,0.03904634437324839,0.36183496547385163,0.06606172422804384,0.0,0.553617890504176,0.0,1.0703945273743727,0.7394735106227442,0.5955340701878329,0.6584313312576157,64.6,96.73333333333333,2174.7039449234803,1.0942247406889996,0.006062551556775968,3.884744675566132
turbo_lunar_lander_12d,12,mes_gumbel,native,decay_uniform_grid_a2_3,346,322,30,0.28609152405303745,0.04533490654548211,0.34899299571661085,0.0637171120550972,0.0,0.607561521445257,0.0,1.084971439116307,0.739224250649345,0.5953273892569368,0.6582042538306606,64.76666666666667,97.0,2180.8309185990906,0.9700709674196939,0.006258365915467342,4.00983926121456
turbo_lunar_lander_12d,12,mes_gumbel,native,decay_uniform_grid_a2_3,347,323,30,0.2917168536102933,0.016724486746120593,0.3612218474920646,0.06594978471169823,0.0,0.5827586413924185,0.0,1.1660806815739715,0.7390413924911462,0.5951037652160892,0.6580235908338696,65.03333333333333,97.43333333333334,2186.9153707848086,0.989768186180542,0.006319166083509724,3.868211084790528
turbo_lunar_lander_12d,12,mes_gumbel,native,decay_uniform_grid_a2_3,348,324,30,0.3202937532974158,0.026206639827546452,0.38116969161844216,0.0695917461122362,0.0,0.5855125292678987,0.0,1.1737657828068015,0.739024193079511,0.5949232746408782,0.6578746112592906,65.2,97.6,2193.293574597221,1.1248203478287906,0.006295589761187633,3.940458629326895
turbo_lunar_lander_12d,12,mes_gumbel,native,decay_uniform_grid_a2_3,349,325,30,0.31858328272034864,0.015191724329719158,0.3957310574092883,0.07225027561614637,0.0,0.6553834006442241,0.0,1.261086331138015,0.7443608836470407,0.6023823975604933,0.6645554121187105,65.46666666666667,97.83333333333333,2199.2152000910446,0.8583899813393752,0.1943046598074337,3.874623452577119
turbo_lunar_lander_12d,12,mes_gumbel,native,decay_uniform_grid_a2_3,35,11,30,1.7308559464483342,1.8727082720051866,0.6567960763676075,0.11991400890247479,1.5950318286979002,2.0231571494220915,0.0,2.7887135073949274,0.7475477391544934,0.5836274118191506,0.6572792420638255,5.8,4.9,117.65721634396662,1.4484595690388233,0.0014687969504545131,2.134645439265296
turbo_lunar_lander_12d,12,mes_gumbel,native,decay_uniform_grid_a2_3,350,326,30,0.3134948759133073,0.0,0.37365464798160863,0.06821969313872642,0.0,0.6290580082057455,0.0,1.0768891488911485,0.7443059166772772,0.602218965602183,0.6643308711402706,65.56666666666666,98.13333333333334,2205.5882407180034,1.337761467943589,0.006275170482695103,3.875563706830144
turbo_lunar_lander_12d,12,mes_gumbel,native,decay_uniform_grid_a2_3,351,327,30,0.29512241647291676,0.0,0.3660015886124028,0.06682244205524632,0.0,0.5073164771575316,0.0,1.0415015172273978,0.7442246775578022,0.6020103177383533,0.6641171579687445,65.83333333333333,98.43333333333334,2211.751574936773,1.1382453050309171,0.006109217011059324,3.8847048020145545
turbo_lunar_lander_12d,12,mes_gumbel,native,decay_uniform_grid_a2_3,352,328,30,0.31644891349712334,0.0008810144564718181,0.3931779997591705,0.07178415319428615,0.0,0.6730461768193559,0.0,1.1517781334531367,0.7441485144050334,0.6017879684958694,0.6639940819219998,66.03333333333333,98.83333333333333,2217.486052359082,1.041367803591614,0.006300433150803049,3.792166868519659
turbo_lunar_lander_12d,12,mes_gumbel,native,decay_uniform_grid_a2_3,353,329,30,0.33161951798060063,0.0008810144564718181,0.3911384760125669,0.07141178880675873,0.0,0.7379527550610734,0.0,0.9950684933450149,0.7440715959452933,0.601620087358137,0.663804330759083,66.13333333333334,99.13333333333334,2223.2625843939218,1.2540510006869832,0.00587121550925076,3.5519880005158484
turbo_lunar_lander_12d,12,mes_gumbel,native,decay_uniform_grid_a2_3,354,330,30,0.3068662579142008,0.0,0.37800240449905637,0.06901348124510849,0.0,0.6563868003449613,0.0,1.1303542825568407,0.7459105203925862,0.6055218227449385,0.6666794587975654,66.23333333333333,99.33333333333333,2229.635364161354,1.3077032530369859,0.19022870785556734,3.6405552451964467
turbo_lunar_lander_12d,12,mes_gumbel,native,decay_uniform_grid_a2_3,355,331,30,0.3001268019308616,0.0,0.3860530270612045,0.070483317104858,0.0,0.5973764403760145,0.0,1.1525584124870831,0.7458810894736465,0.6053478502303835,0.6664417433530355,66.26666666666667,99.46666666666667,2236.151367267454,1.5021054246307661,0.006146679384013017,3.769785916386172
turbo_lunar_lander_12d,12,mes_gumbel,native,decay_uniform_grid_a2_3,356,332,30,0.3168826844260439,0.0,0.39557428060629224,0.07222165221898154,0.0,0.6609580794865405,0.0,1.150847765978836,0.7455714946689436,0.6051099971262448,0.6661791956870119,66.36666666666666,99.6,2242.154912056153,1.279928091323624,0.006264375662431121,3.651664618573462
turbo_lunar_lander_12d,12,mes_gumbel,native,decay_uniform_grid_a2_3,357,333,30,0.3096866717591197,0.0,0.37931131720164196,0.06925245491611222,0.0,0.6503281605090938,0.0,1.112099223118864,0.7454639803349444,0.6049442107945218,0.6659155168987987,66.46666666666667,99.8,2247.948333567195,1.1936609299853445,0.006350542946408192,3.6438791137188673
turbo_lunar_lander_12d,12,mes_gumbel,native,decay_uniform_grid_a2_3,358,334,30,0.2924372045748062,0.03123473829354717,0.3701361932968911,0.06757731413926657,0.0,0.5395152280864446,0.0,1.1809569953081651,0.7453680125962704,0.6047125808344116,0.6657024578184386,66.63333333333334,100.06666666666666,2253.8612319726963,1.0612709337690225,0.006431594568615158,3.7546935552420715
turbo_lunar_lander_12d,12,mes_gumbel,native,decay_uniform_grid_a2_3,359,335,30,0.30415920001802577,0.0,0.3864978259224416,0.07056452589480873,0.0,0.5556604176122432,0.0,1.1837340073668532,0.7456747804169276,0.6039503120412587,0.6653058441403625,66.8,100.4,2259.87230498204,1.0601630710220584,0.21128748655319213,3.781638041231781
turbo_lunar_lander_12d,12,mes_gumbel,native,decay_uniform_grid_a2_3,36,12,30,1.667717974843689,1.7812978450272556,0.6560919990837192,0.11978546256560392,1.4654211525705358,1.9822612812359142,0.0,2.6970060508721163,0.7455999049603845,0.5820412323851107,0.6556747417660497,6.2,5.566666666666666,122.72310960390605,2.0662906469001125,0.0014230885542929172,2.19524157216462
turbo_lunar_lander_12d,12,mes_gumbel,native,decay_uniform_grid_a2_3,360,336,30,0.29716301715193427,0.025735948741471892,0.3676578902719912,0.06712483998224292,0.0,0.5751623671459503,0.0,1.0388280711960993,0.7455273946219951,0.603772819770169,0.6651535228465213,66.86666666666666,100.63333333333334,2265.561581216582,1.0861463345587254,0.006258017725000778,3.724004342965782
turbo_lunar_lander_12d,12,mes_gumbel,native,decay_uniform_grid_a2_3,361,337,30,0.3037878456883107,0.013771144303369343,0.3607460742170591,0.06586292079337203,0.0,0.6899992030337276,0.0,0.9401579272517515,0.7453678415110281,0.6035546912550965,0.665016011170636,67.03333333333333,100.86666666666666,2271.7624244544036,1.28902152365384,0.006341098590443532,3.695298441189031
turbo_lunar_lander_12d,12,mes_gumbel,native,decay_uniform_grid_a2_3,362,338,30,0.29497788195467756,0.0,0.3597056804841163,0.06567297175463209,0.0,0.5826212574958394,0.0,1.0244810850789865,0.7453020903016963,0.6033745114655132,0.6647476201209644,67.16666666666667,101.1,2277.6311839006066,1.290911845009153,0.006341993575915694,3.7181062730650107
turbo_lunar_lander_12d,12,mes_gumbel,native,decay_uniform_grid_a2_3,363,339,30,0.31223747968067206,0.011802135667728919,0.38731371916144863,0.07071348693864876,0.0,0.6783044983743283,0.0,1.176458898521351,0.7452592564708276,0.6032385024298659,0.6646454286277315,67.3,101.36666666666666,2283.6082086389574,1.1336788202791164,0.006453780566031734,3.6027729098064203
turbo_lunar_lander_12d,12,mes_gumbel,native,decay_uniform_grid_a2_3,364,340,30,0.28485179858879184,0.0,0.3469519496404286,0.06334446972948637,0.0,0.6359801646397776,0.0,0.9859544824163615,0.7441967400766082,0.6019919091637053,0.663546770612502,67.53333333333333,101.6,2289.1920429210336,0.8752219904835026,0.2048265712801367,3.6450931534171103
turbo_lunar_lander_12d,12,mes_gumbel,native,decay_uniform_grid_a2_3,365,341,30,0.31012455093776387,0.0,0.3691103910962302,0.06739002913765309,0.0,0.6433099232743669,0.0,1.0507352306947384,0.7439902311335884,0.6017939193566157,0.6633340658149038,67.63333333333334,101.86666666666666,2294.876747767565,1.1365296442837765,0.006293181407575806,3.645221980304147
turbo_lunar_lander_12d,12,mes_gumbel,native,decay_uniform_grid_a2_3,366,342,30,0.2839483672529682,0.015878486515467194,0.35725651332031727,0.06522581705372754,0.0,0.5832213605835407,0.0,1.1143562685266422,0.7438018403073229,0.6016478140154218,0.6631372192414295,67.7,102.03333333333333,2301.0002296505186,1.236262559828659,0.006598088486740986,3.719015946984291
turbo_lunar_lander_12d,12,mes_gumbel,native,decay_uniform_grid_a2_3,367,343,30,0.28689636003828534,0.01594689110270653,0.3515716257038515,0.0641879033255875,0.0,0.6017137026236725,0.0,0.9691233393297431,0.7436867489062097,0.6014414091874208,0.6628678267406837,67.76666666666667,102.16666666666667,2306.8633163328436,1.1221595670096576,0.006671877050151428,3.6670871406327934
turbo_lunar_lander_12d,12,mes_gumbel,native,decay_uniform_grid_a2_3,368,344,30,0.2878893243807198,0.015259797106329742,0.35937057902293695,0.06561179087818514,0.0,0.555837578212649,0.0,1.1019504917221001,0.7435310879637658,0.6012655242617095,0.6627375159659838,67.9,102.23333333333333,2312.7930282874963,1.0201546055730433,0.006512821667517225,3.7913244851399215
turbo_lunar_lander_12d,12,mes_gumbel,native,decay_uniform_grid_a2_3,369,345,30,0.2725847272790951,0.04717400491836665,0.3277409145278854,0.05983703063476515,0.0,0.5392262739154727,0.0,0.9574606259669025,0.7441876209125716,0.6025713236469585,0.6638052298838569,67.96666666666667,102.43333333333334,2319.1595759616234,1.239047310190896,0.22518862765282394,3.716749461693689
turbo_lunar_lander_12d,12,mes_gumbel,native,decay_uniform_grid_a2_3,37,13,30,1.6798030771227956,1.709086959998494,0.6340208842626497,0.11575584674667513,1.516324261784113,2.0723102219775242,0.0,2.849238472074049,0.743355424623546,0.5804711321437426,0.6540175877209217,6.7,6.066666666666666,127.5153616899935,1.708498634211719,0.0014342373702675103,2.2522664349215726
turbo_lunar_lander_12d,12,mes_gumbel,native,decay_uniform_grid_a2_3,370,346,30,0.2876039165098411,0.030380106668138063,0.3441594241809826,0.06283462666730437,0.0,0.5549145857185338,0.0,0.9574606259669025,0.7439214887298417,0.6023482991789738,0.6635742657144063,68.06666666666666,102.53333333333333,2324.5652002935917,1.0501562549732626,0.006648720490435759,3.6883412851331134
turbo_lunar_lander_12d,12,mes_gumbel,native,decay_uniform_grid_a2_3,371,347,30,0.3224652221924359,0.020054508909653324,0.3878334712466565,0.07080838025244167,0.0,0.6197358491798661,0.0,1.040538187993707,0.7439068640865685,0.6022060217203219,0.663350676414607,68.13333333333334,102.7,2330.6900422148715,1.3230296317177515,0.006801019640018543,3.668078523843239
turbo_lunar_lander_12d,12,mes_gumbel,native,decay_uniform_grid_a2_3,372,348,30,0.30341810602398794,0.02382745326364588,0.3747278490702895,0.06841563195372961,0.0,0.6362406908141114,0.0,1.1088214603729591,0.7438471532593055,0.6020440515003284,0.6631884468238334,68.26666666666667,102.9,2336.708091171645,1.2079370690044016,0.006559487401197354,3.679865383900081
turbo_lunar_lander_12d,12,mes_gumbel,native,decay_uniform_grid_a2_3,373,349,30,0.294159620028281,0.006241102190843728,0.3702787280542326,0.0676033373065414,0.0,0.6030832202130316,0.0,1.187592567294835,0.7438115606281352,0.6019085913765345,0.6630960208404819,68.33333333333333,103.03333333333333,2342.9403413926407,1.3505764747659366,0.006505686168869336,3.7199678709730506
turbo_lunar_lander_12d,12,mes_gumbel,native,decay_uniform_grid_a2_3,374,350,30,0.29056704314290555,0.0,0.3719869334282024,0.06791521151193299,0.0,0.6328674271378311,0.0,0.9954056967064198,0.7423699685731165,0.6000849593912444,0.6613205868117678,68.43333333333334,103.13333333333334,2349.4835642191115,1.2147532429080456,0.24502392190818986,3.8401620725169776
turbo_lunar_lander_12d,12,mes_gumbel,native,decay_uniform_grid_a2_3,375,351,30,0.2955634375599697,0.0,0.3730126337746611,0.06810247791759842,0.0,0.6408937280618698,0.0,1.1687943965656213,0.7422411332285275,0.599873813824572,0.6612028013078599,68.53333333333333,103.33333333333333,2355.4487530941456,1.0865540970116854,0.006806199811398983,3.7394392893183976
turbo_lunar_lander_12d,12,mes_gumbel,native,decay_uniform_grid_a2_3,376,352,30,0.2897851788180192,0.0037375671931515475,0.35974202529233235,0.06567960737840148,0.0,0.6313575058376388,0.0,1.1023164427509102,0.741408866527479,0.5996709558696647,0.6610331143744582,68.66666666666667,103.5,2361.4204353126074,1.0442152194213121,0.0067856581571201485,3.7940086172583203
turbo_lunar_lander_12d,12,mes_gumbel,native,decay_uniform_grid_a2_3,377,353,30,0.30203869667526073,0.0103706845966548,0.35824202173607067,0.06540574545036731,0.0,0.6598300543663054,0.0,1.0048960101712807,0.7413707724281426,0.5995047104081908,0.6609397655349584,68.8,103.76666666666667,2367.5035262464544,1.2330686738404135,0.006868584578235944,3.7695002807304263
turbo_lunar_lander_12d,12,mes_gumbel,native,decay_uniform_grid_a2_3,378,354,30,0.31269029066395354,0.04049571186120837,0.3777209063964648,0.06896208695821371,0.0,0.5873366036252654,0.0,1.081231614117835,0.7410612921921774,0.5993221331467973,0.6608158264490577,68.93333333333334,103.96666666666667,2373.471910980018,1.2238055137606958,0.006685077724978328,3.696360020060092
turbo_lunar_lander_12d,12,mes_gumbel,native,decay_uniform_grid_a2_3,379,355,30,0.2860348703739878,0.039619667865235075,0.34562324058031,0.06310188175462357,0.0,0.5995808104262794,0.0,1.0035857785799618,0.7426642175672454,0.6004899761462342,0.6621849771271181,68.96666666666667,104.13333333333334,2380.0567659813137,1.3034515123814345,0.24244609566715855,3.8092647763590017
turbo_lunar_lander_12d,12,mes_gumbel,native,decay_uniform_grid_a2_3,38,14,30,1.646964390174991,1.7343023768096621,0.6766512501927807,0.12353905109821929,1.4359075422212184,2.1256325321156977,0.0,2.7631441137916566,0.7415715177759561,0.5787752438022181,0.6520747716738794,7.266666666666667,6.6,131.88124253077743,1.391839413717389,0.0014565487857908011,2.254727058686937
turbo_lunar_lander_12d,12,mes_gumbel,native,decay_uniform_grid_a2_3,380,356,30,0.3011846725312744,0.020218010182209478,0.3692449824906035,0.06741460205190121,0.0,0.6602352623046246,0.0,1.0255930197284928,0.7426272462201435,0.600310734594896,0.6619903137242206,69.03333333333333,104.23333333333333,2386.4346153390593,1.3417248615374169,0.007264281312624614,3.877230012215053
turbo_lunar_lander_12d,12,mes_gumbel,native,decay_uniform_grid_a2_3,381,357,30,0.31254701236210813,0.022048665110316112,0.39137654059791677,0.07145525325460515,0.0,0.7259620739710333,0.0,1.1194580362600917,0.742601038753893,0.6002032617288611,0.6618820847344795,69.06666666666666,104.33333333333333,2392.571434644579,1.2299322520537923,0.006891038392980894,3.7285559551945577
turbo_lunar_lander_12d,12,mes_gumbel,native,decay_uniform_grid_a2_3,382,358,30,0.3118892337437312,0.022048665110316112,0.39427332914361535,0.07198413206487238,0.0,0.6158757372826626,0.0,1.1023690775343415,0.7425520477191412,0.6000373397432892,0.6616933904615842,69.16666666666667,104.46666666666667,2398.66760020998,1.2449592153231304,0.006645601351434985,3.7348829214305925
turbo_lunar_lander_12d,12,mes_gumbel,native,decay_uniform_grid_a2_3,383,359,30,0.31066404831600125,0.02190898069096725,0.3909375657852561,0.07137510778558154,0.0,0.659643190989615,0.0,1.0578711393003177,0.7424156198845697,0.599854647588689,0.661531566149487,69.33333333333333,104.66666666666667,2404.3543171545334,1.0012717651048055,0.006757197109982372,3.6462108343684423
turbo_lunar_lander_12d,12,mes_gumbel,native,decay_uniform_grid_a2_3,384,360,30,0.29757111814518855,0.0,0.37512895856783474,0.06848886419367464,0.0,0.6790828109032427,0.0,1.0609314892704984,0.7416781042297842,0.5985895826009152,0.660443628650086,69.43333333333334,104.93333333333334,2410.8352057282505,1.1297728367925932,0.2510013917926699,3.810736412849898
turbo_lunar_lander_12d,12,mes_gumbel,native,decay_uniform_grid_a2_3,385,361,30,0.3066083285327064,0.02458405838250899,0.37248931293197957,0.06800693304081533,0.0,0.6341965701396141,0.0,1.0727578389349666,0.7416579847114039,0.5984415553523813,0.6602876452967038,69.5,105.1,2416.585732192903,1.0183582964974145,0.006459775551532706,3.596966220391914
turbo_lunar_lander_12d,12,mes_gumbel,native,decay_uniform_grid_a2_3,386,362,30,0.3031181892463665,0.00881487260804148,0.36353577116851266,0.0663722474430102,0.0,0.6531323015721531,0.0,1.0389416645137441,0.7414583244493668,0.5982837763831242,0.6601270388914338,69.53333333333333,105.2,2422.500653336601,1.130979149431611,0.006883607292547822,3.628400784249728
turbo_lunar_lander_12d,12,mes_gumbel,native,decay_uniform_grid_a2_3,387,363,30,0.2835797433132848,0.0,0.35985062919298094,0.0656994356471409,0.0,0.6080045141417786,0.0,1.0389416645137441,0.7411793941355768,0.5980823219504876,0.6598722462559353,69.7,105.33333333333333,2428.1019308470654,0.9392166336222242,0.006852401342863838,3.5937201003854473
turbo_lunar_lander_12d,12,mes_gumbel,native,decay_uniform_grid_a2_3,388,364,30,0.2862777240871936,0.0,0.3703797037255349,0.06762177285751857,0.0,0.6414208660328184,0.0,0.994316103179018,0.7410150223215661,0.5978561448399601,0.6595958777595246,69.8,105.53333333333333,2433.866068034045,1.0501156599571309,0.006631036087249716,3.644954023944835
turbo_lunar_lander_12d,12,mes_gumbel,native,decay_uniform_grid_a2_3,389,365,30,0.27748776105549733,0.0,0.3539240550011916,0.06461739618928392,0.0,0.5541616710169883,0.0,1.0064106553194896,0.7481733109579721,0.6047710447267609,0.6668900645913194,69.96666666666667,105.73333333333333,2439.6240664686234,0.8813692138375093,0.23609442566521466,3.574299848033115
turbo_lunar_lander_12d,12,mes_gumbel,native,decay_uniform_grid_a2_3,39,15,30,1.646931603659296,1.6989585616129257,0.6425314813826806,0.11730966208683494,1.5005104336715211,2.0234897965771204,0.0,2.715557620701594,0.7415947115127133,0.5786247698728251,0.6521694767352001,7.733333333333333,6.966666666666667,137.02810455574655,1.9595360718357067,0.011465168294186394,2.384511384104068
turbo_lunar_lander_12d,12,mes_gumbel,native,decay_uniform_grid_a2_3,390,366,30,0.2861933566107932,0.0,0.3713060589501431,0.06779090140844546,0.0,0.6597197908771859,0.0,0.9305851092241526,0.7480077444900176,0.6045665286348876,0.6666444484942671,70.13333333333334,106.0,2445.4228985905024,0.8608648997421066,0.007162518256033461,3.648279851814732
turbo_lunar_lander_12d,12,mes_gumbel,native,decay_uniform_grid_a2_3,391,367,30,0.290028152215138,0.0,0.3792545742688821,0.06924209512136169,0.0,0.6221017867790595,0.0,1.015285699946125,0.747950801596936,0.6043815747927465,0.6664314342377491,70.2,106.16666666666667,2451.2623825833975,1.145565979120632,0.006832834131394823,3.7469606877770274
turbo_lunar_lander_12d,12,mes_gumbel,native,decay_uniform_grid_a2_3,392,368,30,0.2760779999030627,0.0,0.37344754819422776,0.06818188206365873,0.0,0.5615206056441933,0.0,1.1595648842173696,0.7478956941204046,0.6041994705195619,0.6662402070702347,70.36666666666666,106.4,2456.4266819062022,0.9465976036929836,0.006768866721540689,3.4617038811401772
turbo_lunar_lander_12d,12,mes_gumbel,native,decay_uniform_grid_a2_3,393,369,30,0.2483550451268732,0.0,0.35113990676461154,0.0641090825917462,0.0,0.5875621226114397,0.0,0.988047950947678,0.7477793829186588,0.6040380848984394,0.666115485069567,70.43333333333334,106.63333333333334,2462.0515478625584,1.0749732677514354,0.006708591571077704,3.469736084745576
turbo_lunar_lander_12d,12,mes_gumbel,native,decay_uniform_grid_a2_3,394,370,30,0.27053884071122736,0.0,0.36931644868402436,0.06742764993397975,0.0,0.6783273224912729,0.0,1.030430773459345,0.7469333693184176,0.6028141387625321,0.6649736597746827,70.53333333333333,106.8,2467.8957542224166,1.015101576425756,0.22215365865267814,3.443113114312291
turbo_lunar_lander_12d,12,mes_gumbel,native,decay_uniform_grid_a2_3,395,371,30,0.2559779168291493,0.0,0.3476840270885908,0.0634781281735528,0.0,0.5949542341250799,0.0,1.0982429921295198,0.7468825142657252,0.6026558840058124,0.6648259590162857,70.7,107.0,2473.4252751026456,0.9259761012004067,0.006890289485454559,3.5012260622655353
turbo_lunar_lander_12d,12,mes_gumbel,native,decay_uniform_grid_a2_3,396,372,30,0.2627042859933429,0.0,0.3735940182287839,0.06820862371096706,0.0,0.6325620037432961,0.0,1.0848172320927865,0.746822973638067,0.6024409838001155,0.664526205713321,70.86666666666666,107.13333333333334,2478.8738171014934,0.9981745453396191,0.0070212039786080515,3.6419040051909786
turbo_lunar_lander_12d,12,mes_gumbel,native,decay_uniform_grid_a2_3,397,373,30,0.2420679029486241,0.0,0.3236343285501639,0.05908727404332099,0.0,0.5210282040223367,0.0,0.8678517682322406,0.7467490834695941,0.6022953010863448,0.6643718126042993,70.9,107.33333333333333,2484.6941651861957,1.11777744689025,0.006969865799571077,3.6663139147994417
turbo_lunar_lander_12d,12,mes_gumbel,native,decay_uniform_grid_a2_3,398,374,30,0.2419868033589921,0.0,0.3428240712919031,0.06259082570077819,0.0,0.5225011038067537,0.0,1.1229067765967566,0.7466474538293666,0.602090898730146,0.6641762598900226,71.0,107.46666666666667,2490.354379642615,0.9964765280485153,0.007475095133607586,3.743735240663712
turbo_lunar_lander_12d,12,mes_gumbel,native,decay_uniform_grid_a2_3,399,375,30,0.24282995971262752,0.0,0.3267555267444611,0.05965712426247465,0.0,0.4891362410998019,0.0,1.031541349855467,0.7472885812582946,0.601414894366595,0.664224432798927,71.1,107.66666666666667,2496.453217843594,1.1453647290046016,0.2606597592278073,3.6647693619908144
turbo_lunar_lander_12d,12,mes_gumbel,native,decay_uniform_grid_a2_3,4,0,30,2.595645094133169,2.564495860183216,0.4117674774771014,0.07517811195373629,2.343690395189023,2.806821168018637,1.789051247974039,3.44375256820605,0.9990418345947157,0.9894573972412446,0.9968310059885063,0.0,0.0,8.73708402174525,0.0,0.0014321432914584874,2.223507163937514
turbo_lunar_lander_12d,12,mes_gumbel,native,decay_uniform_grid_a2_3,40,16,30,1.6670328327586579,1.677283999366646,0.6496956505020751,0.11861765443099305,1.4914724052764023,1.9403085772830175,0.0,2.8467281257127546,0.7404763697852058,0.5775994506549285,0.6508809838060946,8.0,7.366666666666666,142.52787591492137,2.4043773309638103,0.0014886900937805573,2.2216070672962815
turbo_lunar_lander_12d,12,mes_gumbel,native,decay_uniform_grid_a2_3,400,376,30,0.25454939461819404,0.0,0.3571719497578129,0.065210377930152,0.0,0.5301799897655707,0.0,1.1358997681565104,0.747238992922833,0.6012403436367272,0.6641160617538797,71.16666666666667,107.83333333333333,2502.2452751263822,1.2966596739832312,0.007285017039005955,3.7059818915401896
turbo_lunar_lander_12d,12,mes_gumbel,native,decay_uniform_grid_a2_3,41,17,30,1.6319535179729197,1.7260589129321657,0.6812210281924458,0.12437337459595509,1.3599159651195467,2.047340416111031,0.0,2.8385531856908313,0.7394919332467513,0.5762963420225883,0.6496866756837651,8.4,7.833333333333333,147.89986666388188,2.055616798531264,0.0014662128717948992,2.4518017822566134
turbo_lunar_lander_12d,12,mes_gumbel,native,decay_uniform_grid_a2_3,42,18,30,1.6273279475962426,1.736304039034403,0.6885743991558649,0.12571591031274448,1.353850605621971,2.0739922867261744,0.0,2.715985285684876,0.7386179697108183,0.5749392932988521,0.6482555299092633,8.8,8.3,153.06152156388077,1.8748000097926707,0.0015785399358719588,2.431327229862412
turbo_lunar_lander_12d,12,mes_gumbel,native,decay_uniform_grid_a2_3,43,19,30,1.618547455945334,1.7458090905802162,0.7073475142275342,0.1291433965125423,1.3949949053199342,2.0701476386602633,0.0,2.7556296601726533,0.7371060666140109,0.5733516573216744,0.6466442518850061,9.266666666666667,8.9,157.7142470751113,1.552784070558846,0.001482945696140329,2.4153578074028093
turbo_lunar_lander_12d,12,mes_gumbel,native,decay_uniform_grid_a2_3,44,20,30,1.7511396954032838,1.8392076121583258,0.6142229199346784,0.1121412495283043,1.4591238007119922,2.1617115619416865,0.0,2.633792550001134,0.7530581303347987,0.5983696466805628,0.6678804682428934,9.733333333333333,9.433333333333334,163.00141579653138,1.6433082051109522,0.012006987864151598,2.6527731059895205
turbo_lunar_lander_12d,12,mes_gumbel,native,decay_uniform_grid_a2_3,45,21,30,1.6993653247839304,1.8002766687570926,0.629897880418352,0.11500309267660769,1.3717339145076646,1.9896844951484216,0.0,2.7511311850771976,0.7523265541258556,0.5970431275740476,0.6665235318348305,10.2,10.033333333333333,168.1863725271852,1.7387962559238077,0.0015430767244348923,2.7814168259501457
turbo_lunar_lander_12d,12,mes_gumbel,native,decay_uniform_grid_a2_3,46,22,30,1.552156373336477,1.6884408714576662,0.655394289422362,0.11965807879223238,1.2752359601632461,1.8828978715295404,0.0,2.8111342524488467,0.7512550679287495,0.5960454946546996,0.6657515993351566,10.533333333333333,10.566666666666666,174.43628249989513,2.517488640733063,0.0015243757360925278,2.646086546499282
turbo_lunar_lander_12d,12,mes_gumbel,native,decay_uniform_grid_a2_3,47,23,30,1.5127611962107335,1.7485363233704585,0.6589952655150527,0.12031552407056689,1.277962211210197,1.869712271052821,0.0,2.4878536283876356,0.7502215919433013,0.5947625929487435,0.6645584365332655,11.0,10.966666666666667,180.0240361457225,1.9033596127914885,0.0015876686510940393,2.657266631256789
turbo_lunar_lander_12d,12,mes_gumbel,native,decay_uniform_grid_a2_3,48,24,30,1.4547063630239288,1.698106684147478,0.6698512827400094,0.12229755257682469,1.1742974091752179,1.8764505861830902,0.0,2.4999921304715738,0.7496935091332121,0.5937713967890743,0.6636292421233855,11.333333333333334,11.5,185.8129505497869,2.300168667609493,0.0015994385350495577,2.6950366681907325
turbo_lunar_lander_12d,12,mes_gumbel,native,decay_uniform_grid_a2_3,49,25,30,1.4392210675627801,1.5181948952776325,0.6253149752041186,0.11416637248835979,1.2059677486660987,1.8816827055545444,0.0,2.453245339868093,0.753871538965173,0.6014708229883998,0.670258658793325,11.7,11.866666666666667,191.45071932842646,1.9635960633400829,0.013147082335005203,2.84477436041149
turbo_lunar_lander_12d,12,mes_gumbel,native,decay_uniform_grid_a2_3,5,0,30,2.5186555437315987,2.4763517558143135,0.40486694848409394,0.07391825349100675,2.3297896836775625,2.7074990324575405,1.8046623785139477,3.4967428332889448,0.9988791369565952,0.9872952692566848,0.996150874403876,0.0,0.0,11.583187564990173,0.0,0.0014104840811342,2.429686791822314
turbo_lunar_lander_12d,12,mes_gumbel,native,decay_uniform_grid_a2_3,50,26,30,1.410660172562224,1.5298196494823446,0.6199862857147236,0.11319349134326567,1.1234695395752143,1.777418986393047,0.0,2.419263155813644,0.75296384974359,0.600406043991685,0.6690374070850856,12.133333333333333,12.4,196.74611212665525,1.8556420236205062,0.0015671045364191135,2.802609437905873
turbo_lunar_lander_12d,12,mes_gumbel,native,decay_uniform_grid_a2_3,51,27,30,1.4367889575372554,1.5269802609990162,0.649318477413941,0.11854879236150806,1.2870639079294306,1.8054017943770693,0.0,2.5032321489534057,0.7520240941290113,0.5995219930707455,0.6681575106112722,12.5,12.8,202.50308328215033,2.010799117324253,0.0015630316299696764,3.028397770396744
turbo_lunar_lander_12d,12,mes_gumbel,native,decay_uniform_grid_a2_3,52,28,30,1.4127087301195982,1.6403662924368296,0.5906440786944478,0.10783636178593518,1.1848671071941639,1.7633768239302043,0.0,2.411273552435873,0.7511080994918962,0.5984299140963911,0.6670388299552649,12.966666666666667,13.433333333333334,208.58402112298646,1.9137213110768547,0.0015877059660851956,2.9312908185645936
turbo_lunar_lander_12d,12,mes_gumbel,native,decay_uniform_grid_a2_3,53,29,30,1.4398577074834142,1.544775911264177,0.5944901136863447,0.10853854849327389,1.114688985372499,1.7776417524725023,0.0,2.406942254007567,0.7502644706863247,0.5974793988629326,0.6659757495920378,13.333333333333334,13.733333333333333,215.01715468972301,2.142407627000163,0.0017158706672489644,3.1125496256630867
turbo_lunar_lander_12d,12,mes_gumbel,native,decay_uniform_grid_a2_3,54,30,30,1.3674395529065393,1.4619904355752764,0.6342353187236967,0.11579499694381576,1.1516007342583725,1.7643845460686873,0.0,2.4020113675558177,0.7648732689856534,0.6169205640688261,0.6832649629662881,13.6,14.233333333333333,221.1973528791995,2.49624555252182,0.013157040905207395,2.6782455494472135
turbo_lunar_lander_12d,12,mes_gumbel,native,decay_uniform_grid_a2_3,55,31,30,1.392020306842489,1.4578872478919336,0.6531090391097427,0.11924085107697661,1.0678945503430244,1.7744242762473987,0.0,2.3998499772157036,0.7645658535311056,0.6160500144686031,0.6825561513120333,14.033333333333333,14.733333333333333,226.98194873766042,2.0556262341327964,0.0016332166890303294,2.910045561303074
turbo_lunar_lander_12d,12,mes_gumbel,native,decay_uniform_grid_a2_3,56,32,30,1.3821052355308763,1.4428242156506554,0.6773161516358465,0.12366044493784757,1.1363071240737679,1.8049172060868626,0.0,2.4042908953672932,0.7641225377178211,0.6151803817868188,0.6817250720038526,14.433333333333334,15.166666666666666,233.0595716512762,2.4625305730073404,0.0016625438040743271,2.8581717619206755
turbo_lunar_lander_12d,12,mes_gumbel,native,decay_uniform_grid_a2_3,57,33,30,1.37217302031591,1.441162912971376,0.7032010083722242,0.12838635158194878,1.0420122714364095,1.7973536698955497,0.0,2.397662838278393,0.7636339707912275,0.6143227755168669,0.6809340372956095,14.866666666666667,15.733333333333333,238.7108196700147,1.9285199536010622,0.001663343096151948,2.816845213761553
turbo_lunar_lander_12d,12,mes_gumbel,native,decay_uniform_grid_a2_3,58,34,30,1.3713363374473633,1.5501369918356023,0.7077047567496576,0.12920861977516465,1.1114893026937371,1.8249045099371897,0.0,2.4118939964424264,0.7618892532399492,0.6132780304975397,0.6799414908470356,15.433333333333334,16.066666666666666,243.80980866436536,1.4203467193059622,0.0016760156334688265,2.90909646867464
turbo_lunar_lander_12d,12,mes_gumbel,native,decay_uniform_grid_a2_3,59,35,30,1.3676093076863152,1.4328111667452417,0.6934967920381925,0.1266146121855957,1.0339564432007826,1.8240977154678695,0.0,2.4110338044060806,0.7653874151337842,0.6199552514916719,0.68543282460974,15.566666666666666,16.633333333333333,251.2275907330836,3.1420451264362783,0.015346807334572077,2.864327012266343
turbo_lunar_lander_12d,12,mes_gumbel,native,decay_uniform_grid_a2_3,6,0,30,2.3084718727678397,2.36476569851388,0.4032448147561484,0.07362209374631151,2.054919774827458,2.6530246449068597,1.370461264376363,2.9507006614595364,0.9986889384325536,0.9852275100876212,0.995148893418597,0.0,0.0,14.594818441818157,0.0,0.0014207033595691125,2.550816303662335
turbo_lunar_lander_12d,12,mes_gumbel,native,decay_uniform_grid_a2_3,60,36,30,1.369944799663969,1.482134573099122,0.6954782353392652,0.12697637258306738,1.0435263595993982,1.8162325825208865,0.0,2.4040220209357765,0.7647474117854937,0.6193067703434444,0.6846974182532249,15.866666666666667,16.933333333333334,257.5656131891689,2.5642393502251557,0.00162927838973701,2.7999067105197657
turbo_lunar_lander_12d,12,mes_gumbel,native,decay_uniform_grid_a2_3,61,37,30,1.2808172567187524,1.3977123885071974,0.7576352538024136,0.1383246396229112,0.9032971890425696,1.830722553393619,0.0,2.398441550569823,0.7643222622336564,0.6188401045376882,0.6842085164282733,16.066666666666666,17.3,264.36541365658246,2.8707255590396623,0.0016383633483201265,2.7790441342784713
turbo_lunar_lander_12d,12,mes_gumbel,native,decay_uniform_grid_a2_3,62,38,30,1.3360655135944275,1.4577554132428152,0.817708108399804,0.14929239214181741,0.9453102249687649,1.8455652160436224,0.0,2.6424307268738962,0.7640799766681599,0.6182055046332241,0.6834691570697694,16.3,17.6,270.70443002631265,2.481892335228622,0.0017689718399196864,2.8302079500320056
turbo_lunar_lander_12d,12,mes_gumbel,native,decay_uniform_grid_a2_3,63,39,30,1.326740776561994,1.374000686715958,0.776555980680947,0.14177907592816688,0.9394686132220392,1.9416183045792499,0.0,2.4500385512786664,0.7638349142197138,0.6175674142319919,0.6828616339629467,16.566666666666666,17.966666666666665,277.2298839122833,2.437641591113061,0.0017356006739040217,2.9464183231505254
turbo_lunar_lander_12d,12,mes_gumbel,native,decay_uniform_grid_a2_3,64,40,30,1.3432043776244726,1.3980955565397997,0.7968897241668086,0.14549149259007693,0.9089550117989276,2.027128403103731,0.0,2.449817428196226,0.7660201402725532,0.621626234457002,0.6860887088176051,16.933333333333334,18.6,283.68230244579416,2.3409755052533,0.015235831402242184,2.901882959793632
turbo_lunar_lander_12d,12,mes_gumbel,native,decay_uniform_grid_a2_3,65,41,30,1.2929382855323894,1.353638078542915,0.791123363976636,0.14443870407312448,0.9063232025367911,1.8342676407475575,0.0,2.5033495021945207,0.7654121136590599,0.6209667996628514,0.6855074634273464,17.233333333333334,19.066666666666666,290.18356730708234,2.198354931222275,0.0017233616982897124,3.067820586822927
turbo_lunar_lander_12d,12,mes_gumbel,native,decay_uniform_grid_a2_3,66,42,30,1.290019908341781,1.4035814696816313,0.7751217301289898,0.1415172188013598,0.9320549894752576,1.844436987344608,0.0,2.446012107165333,0.764726973636894,0.6203745854293601,0.6850058673379479,17.566666666666666,19.5,296.76875955758925,2.462683466107895,0.0016701051034033298,3.0586525961135824
turbo_lunar_lander_12d,12,mes_gumbel,native,decay_uniform_grid_a2_3,67,43,30,1.2831377417789183,1.362499425867696,0.7936239996675942,0.14489525559847127,0.8620291374227034,1.8898042760621736,0.0,2.462128495061043,0.7643028400972749,0.6199022602479947,0.6844644191344635,17.733333333333334,19.866666666666667,303.88391308649443,2.9812339973480753,0.0017101774457842112,3.0175126693832377
turbo_lunar_lander_12d,12,mes_gumbel,native,decay_uniform_grid_a2_3,68,44,30,1.2523365199407503,1.2884871875756576,0.8130353131967043,0.14843926036203753,0.8617533970243624,1.8246365534604958,0.0,2.741259507218157,0.7639427527564736,0.6194034892830856,0.6839399458062673,18.0,20.233333333333334,310.82709567948865,2.4913816169214744,0.0016526546950141588,3.128819133434445
turbo_lunar_lander_12d,12,mes_gumbel,native,decay_uniform_grid_a2_3,69,45,30,1.2751264552784354,1.3225061616727811,0.8070333477498133,0.14734345640716126,0.9131158931149652,1.9000438269240687,0.0,2.5945289745331515,0.7641371423124619,0.6199713225367709,0.6843598522123485,18.3,20.6,317.66609233931325,2.342418997036293,0.016894108910734455,3.241572555511569
turbo_lunar_lander_12d,12,mes_gumbel,native,decay_uniform_grid_a2_3,7,0,30,2.2751123220801306,2.3498772115953983,0.4162612493480644,0.07599855869440583,2.0168504798675264,2.650432691357252,1.226591411538858,2.8418783410367388,0.9984683090997225,0.9834494317198244,0.9943849095892785,0.0,0.0,17.594763178766396,0.0,0.0015200684778392316,2.5844130704024186
turbo_lunar_lander_12d,12,mes_gumbel,native,decay_uniform_grid_a2_3,70,46,30,1.2962908311948034,1.3986082178670844,0.810714015505242,0.14801545132593802,0.9156779480299078,1.8734780574279746,0.0,2.5341030120979955,0.7634300168623647,0.6193567309809505,0.6837578949330692,18.633333333333333,21.033333333333335,324.2973723306321,2.3878553291161855,0.0017136207471291224,3.152073988861715
turbo_lunar_lander_12d,12,mes_gumbel,native,decay_uniform_grid_a2_3,71,47,30,1.2026210544153637,1.2237363049380585,0.7819207249318891,0.14275853974199593,0.9136223457832114,1.8012346887696324,0.0,2.4391815135041663,0.7629121126302156,0.618846532364889,0.683237629187405,18.866666666666667,21.333333333333332,331.5125689503892,2.6115113755998514,0.0017637549123416345,3.2146949792436015
turbo_lunar_lander_12d,12,mes_gumbel,native,decay_uniform_grid_a2_3,72,48,30,1.2139314561564984,1.290140027120123,0.7812644932956606,0.14263872878529232,0.8485487534373752,1.78818757725618,0.0,2.3900400594621165,0.7626575176398763,0.6182754273715327,0.6826334733540825,19.166666666666668,21.6,337.6157285696982,2.1775381163228302,0.0016748228731254737,3.0286420992575587
turbo_lunar_lander_12d,12,mes_gumbel,native,decay_uniform_grid_a2_3,73,49,30,1.205571174334837,1.119926811236624,0.8994145185504474,0.16420987345257623,0.8055566576940818,1.7967462617543941,0.0,3.6373787279669685,0.7622507956403043,0.6177448182881299,0.6821761330199864,19.4,22.066666666666666,344.88214723429024,2.6260373924393208,0.001764693312967817,3.1649308000536016
turbo_lunar_lander_12d,12,mes_gumbel,native,decay_uniform_grid_a2_3,74,50,30,1.1638238607435876,1.107305935317887,0.808234953456832,0.14756283859081498,0.8297549519228876,1.8238357616070926,0.0,2.457824017510958,0.7678300430930357,0.6220353597840335,0.6868789965984367,19.733333333333334,22.433333333333334,351.6765069465153,2.24763199443308,0.01678268431375424,3.1778227906363705
turbo_lunar_lander_12d,12,mes_gumbel,native,decay_uniform_grid_a2_3,75,51,30,1.1890630315948936,1.1348292085899092,0.8098724774873057,0.14786180820746406,0.807892337034183,1.8015273769678173,0.0,2.4512754696221872,0.767348664235596,0.6215603004985379,0.686459695706614,20.066666666666666,22.833333333333332,358.24659762851275,2.253419432664911,0.0016656145608673492,3.3235111942049116
turbo_lunar_lander_12d,12,mes_gumbel,native,decay_uniform_grid_a2_3,76,52,30,1.1246686543948767,1.155792132867205,0.77717506749586,0.14189210519936082,0.6004682956999723,1.701020967717433,0.0,2.4592132181719855,0.7670659997476104,0.6211836189516734,0.6861493799514858,20.266666666666666,23.3,365.92959790551106,2.794736174105977,0.0017522457987070084,3.3696599084107826
turbo_lunar_lander_12d,12,mes_gumbel,native,decay_uniform_grid_a2_3,77,53,30,1.145656988255324,1.2016706516943163,0.7870680553294768,0.14369830939855954,0.587010846253678,1.6598616498545624,0.0,2.452745871998008,0.7664067285062401,0.62051949644349,0.6854288858519013,20.566666666666666,23.666666666666668,372.73512178516637,2.1315154127310962,0.0017960078859080872,3.3416301488721123
turbo_lunar_lander_12d,12,mes_gumbel,native,decay_uniform_grid_a2_3,78,54,30,1.1224406240792215,1.1034478326513975,0.7922165660565061,0.14463829455280997,0.5093344865508478,1.8099471343404503,0.0,2.458471363300191,0.7658404933210116,0.6200371430069211,0.6849241132730061,20.8,24.066666666666666,379.92376646700626,2.3943203466478735,0.0018737024627625942,3.4435714815588048
turbo_lunar_lander_12d,12,mes_gumbel,native,decay_uniform_grid_a2_3,79,55,30,1.1172458206849063,1.1936444373685484,0.7476382709664559,0.1364994486208292,0.7587628202433321,1.5211302953621961,0.0,2.466440523339692,0.7798524302539775,0.6401649782462215,0.7027580184694123,21.1,24.533333333333335,386.6643618043512,2.208461172692478,0.01748415525071323,3.407063792676975
turbo_lunar_lander_12d,12,mes_gumbel,native,decay_uniform_grid_a2_3,8,0,30,2.2239840506496247,2.22600281822161,0.4200166296630616,0.07668419419791743,1.9900331339095296,2.6590745569009444,1.1804013694844409,2.828253016420003,0.998126022348572,0.9816567420505923,0.9934316337672878,0.0,0.0,20.608063793710123,0.0,0.0014344642404466867,2.58729514433071
turbo_lunar_lander_12d,12,mes_gumbel,native,decay_uniform_grid_a2_3,80,56,30,1.0861886653334343,1.0668646769907832,0.7666945539383891,0.13997863396947235,0.5399709574714614,1.5126842545018517,0.0,2.4681095017967487,0.7797174678091131,0.6397902934699127,0.7024233535351031,21.266666666666666,24.866666666666667,394.20502478126434,2.916023480674873,0.0016548763339718183,3.1385690803794812
turbo_lunar_lander_12d,12,mes_gumbel,native,decay_uniform_grid_a2_3,81,57,30,1.0737508647503655,0.9922227796044841,0.7564835055302056,0.1381143601198259,0.6025201829732422,1.5050774528917703,0.0,2.441584159698497,0.7795544831556082,0.6393736577836167,0.701961181799644,21.533333333333335,25.166666666666668,400.82881738070085,2.287848325446248,0.0017930391244590283,3.1647427024164547
turbo_lunar_lander_12d,12,mes_gumbel,native,decay_uniform_grid_a2_3,82,58,30,1.0794607997558778,1.0472837191172826,0.7398471483662316,0.13507699075535215,0.6492311097221244,1.451499331789477,0.0,2.436120257987374,0.7792996794324482,0.6389791402799389,0.701637481742421,21.8,25.433333333333334,407.8198218996792,2.508870050512875,0.0017787480726838111,3.241838027831788
turbo_lunar_lander_12d,12,mes_gumbel,native,decay_uniform_grid_a2_3,83,59,30,1.0841558054059808,1.046333868218436,0.7405348970243891,0.1352025559066744,0.732280904153631,1.443559569294637,0.0,2.452027088081616,0.7786139182854995,0.6385593762459738,0.7012782219686623,22.066666666666666,25.9,414.83230247242994,2.562971202051267,0.0017895605570326248,3.1644888234635196
turbo_lunar_lander_12d,12,mes_gumbel,native,decay_uniform_grid_a2_3,84,60,30,0.999786581451346,1.032509521438978,0.7614701287033898,0.1390247887857362,0.4013468475368769,1.464630510524188,0.0,2.4605974711374925,0.780696589268294,0.6396319622593015,0.7029406700589284,22.233333333333334,26.266666666666666,422.4822262479458,2.762889700445036,0.01909945486113429,3.290239446951697
turbo_lunar_lander_12d,12,mes_gumbel,native,decay_uniform_grid_a2_3,85,61,30,1.00268569965274,1.0679921762530777,0.7591604881062852,0.13860310803414827,0.42927254305321355,1.3690654443010288,0.0,2.592819890967984,0.77925358740806,0.639269533913161,0.7024352773671146,22.366666666666667,26.566666666666666,430.3180890215406,3.0201051833108066,0.001815094690149029,3.4424128035083412
turbo_lunar_lander_12d,12,mes_gumbel,native,decay_uniform_grid_a2_3,86,62,30,0.9642639302935312,1.0083313938377367,0.7195676245746746,0.131374473209986,0.4762216988716581,1.3956299541008796,0.0,2.463754109411155,0.7785878792018337,0.6388616605830713,0.7020938414995006,22.566666666666666,26.9,438.2311524549499,2.8315019683601954,0.0019473465159535407,3.5989824858494104
turbo_lunar_lander_12d,12,mes_gumbel,native,decay_uniform_grid_a2_3,87,63,30,0.9584572963625935,1.048469789379347,0.7063926160125801,0.1289690567483917,0.3728619668570373,1.33385270209491,0.0,2.453292785113762,0.7783666565947265,0.6384201594750832,0.701563667549889,22.8,27.266666666666666,446.1543323402448,2.911540986023222,0.0019707572025557357,3.7382854268730927
turbo_lunar_lander_12d,12,mes_gumbel,native,decay_uniform_grid_a2_3,88,64,30,0.9133295887744184,0.9763771629975871,0.7290379243476155,0.1331035054806446,0.1658423682372242,1.463552500465026,0.0,2.468941115930199,0.7782734715209345,0.6381385633817999,0.7013779459073403,23.033333333333335,27.733333333333334,453.7604543983626,2.7298651112553975,0.001887070651476582,3.4935987131980557
turbo_lunar_lander_12d,12,mes_gumbel,native,decay_uniform_grid_a2_3,89,65,30,0.9254124937831099,0.962360112322589,0.737839475757266,0.1347104415633469,0.07993948145647373,1.285313624036385,0.0,2.4731412536229236,0.7861840115227916,0.6459817441353397,0.7101316107895175,23.133333333333333,28.0,461.85089036255766,3.052682701063653,0.019630200477937856,3.4630858147516848
turbo_lunar_lander_12d,12,mes_gumbel,native,decay_uniform_grid_a2_3,9,0,30,2.226785806187293,2.2321246182726253,0.40263022331401005,0.07350988521414191,2.026735734028776,2.5956853505895654,1.2068822227109028,2.830434890547302,0.9978353826675902,0.9800721250901048,0.992844278903608,0.0,0.0,23.518888772123805,0.0,0.0014842905414601166,2.4927612419240175
turbo_lunar_lander_12d,12,mes_gumbel,native,decay_uniform_grid_a2_3,90,66,30,0.8645580322518779,0.874695127474005,0.7014476348939105,0.1280662308466809,0.10987122764477664,1.1529368726700222,0.0,2.4720298492719897,0.785772368609601,0.6456371107331719,0.7097995634691794,23.366666666666667,28.333333333333332,468.8931349930819,2.556360472428302,0.0018033830604205529,3.3135350874935585
turbo_lunar_lander_12d,12,mes_gumbel,native,decay_uniform_grid_a2_3,91,67,30,0.8707395241797324,0.8891273023676083,0.6851660349178763,0.12509363098696438,0.1840925788005468,1.207159714466388,0.0,2.2527965331392332,0.7852673394975818,0.645229452530889,0.7093940060642794,23.566666666666666,28.766666666666666,476.36168033458915,2.640021358973657,0.0018339455282936493,3.3957814043853434
turbo_lunar_lander_12d,12,mes_gumbel,native,decay_uniform_grid_a2_3,92,68,30,0.8522190158691877,0.8285698545813147,0.6847442474328704,0.12501662348029402,0.19540385380123854,1.2755481766469379,0.0,2.253626821407457,0.784834755873303,0.6448489566506317,0.7090777821782913,23.9,29.033333333333335,483.36831671039886,2.1889864880902072,0.0018353284026185672,3.3829558443588517
turbo_lunar_lander_12d,12,mes_gumbel,native,decay_uniform_grid_a2_3,93,69,30,0.8092486639013623,0.7804514772649972,0.6694896230952124,0.12223152286162649,0.21420116396159788,1.1320667438725183,0.0,2.172945831748973,0.7846000696336731,0.6444851826367294,0.7086969920297166,24.133333333333333,29.4,490.71743474438165,2.629799416397388,0.0019584065303206444,3.372981606905038
turbo_lunar_lander_12d,12,mes_gumbel,native,decay_uniform_grid_a2_3,94,70,30,0.7983988248855206,0.8124747098101358,0.6735112747307986,0.12296577263470586,0.02613888830872385,1.185052740053295,0.0,2.205723436938946,0.7902321535338007,0.6501310839808782,0.7148614825113146,24.366666666666667,29.8,498.4061414462514,2.831161268055439,0.023208095971494914,3.278469663547973
turbo_lunar_lander_12d,12,mes_gumbel,native,decay_uniform_grid_a2_3,95,71,30,0.7637734867980137,0.7705574647658555,0.6515153584517874,0.11894988612836935,0.027227310811516414,1.2229877588295481,0.0,1.8966940697794221,0.7893761155931892,0.649580595680545,0.7144002796584955,24.733333333333334,30.2,504.90669912893014,1.9959071077872068,0.0018786110604802767,3.366532501283412
turbo_lunar_lander_12d,12,mes_gumbel,native,decay_uniform_grid_a2_3,96,72,30,0.7986083902497082,0.8586909712836404,0.6865209355473648,0.12534100086628067,0.030295663741511658,1.3282738698273115,0.0,2.2059540736456005,0.7892887221782293,0.6493035601093207,0.7142197645989142,24.9,30.533333333333335,513.0416589215242,3.046170451895644,0.001977670891210437,3.4418070181272924
turbo_lunar_lander_12d,12,mes_gumbel,native,decay_uniform_grid_a2_3,97,73,30,0.8312688516423659,0.8853234416910835,0.706451642348805,0.12897983343367078,0.04658697628243441,1.1531144328919067,0.0,2.2127728509117692,0.7890283915254664,0.648869327933849,0.7137465358611658,25.2,30.866666666666667,520.0548372501507,2.4157866548591604,0.0018950557025770346,3.348116731643677
turbo_lunar_lander_12d,12,mes_gumbel,native,decay_uniform_grid_a2_3,98,74,30,0.8100795293220162,0.9025527297081017,0.6890924797320326,0.12581049845213524,0.07883911202738847,1.1283408814321392,0.0,2.2127728509117692,0.7872982121618003,0.6482090764059697,0.7131101169241102,25.6,31.233333333333334,526.5042245009294,1.8369428881444037,0.0018707891770948966,3.5518146333129454
turbo_lunar_lander_12d,12,mes_gumbel,native,decay_uniform_grid_a2_3,99,75,30,0.7678712400989388,0.8267972936492466,0.6796934271572991,0.12409447408068239,0.009522767779886088,1.2262067040504308,0.0,2.1874888240150026,0.7872457298357237,0.6512400082197193,0.7147620504136319,25.766666666666666,31.733333333333334,534.5110336048373,2.8065798329344642,0.025367141577104728,3.430691708344966
turbo_lunar_lander_12d,12,mes_gumbel,native,fixed_p020,1,0,30,3.310651109298576,3.283904957447192,0.580644939743358,0.10601077713288837,3.052659635642117,3.600539664830276,2.2276699670828726,4.534419415344451,0.9999703333578658,0.9972378949702652,0.9997470325374905,0.0,0.0,0.7310778687397639,0.0,0.0011576196644455194,0.39523834753781556
turbo_lunar_lander_12d,12,mes_gumbel,native,fixed_p020,10,0,30,2.22363944070666,2.237736932043511,0.389172751593094,0.07105289827129739,1.9972427935898305,2.560782715833177,1.4562514051970976,2.7919025174092806,0.9975692102752459,0.9785407233685759,0.9921383172057798,0.0,0.0,21.25665941949313,0.0,0.0011790648257980743,2.0393273774689686
turbo_lunar_lander_12d,12,mes_gumbel,native,fixed_p020,100,76,30,0.7181841036521711,0.6703750738764639,0.6510278621631985,0.11886088189038262,0.0,1.1714294030407395,0.0,1.9655739989153755,0.8021157912253352,0.6627582321687421,0.7263012961387328,15.2,24.366666666666667,462.6210806106062,1.713672810451438,0.0016776900738477707,2.8400105672578015
turbo_lunar_lander_12d,12,mes_gumbel,native,fixed_p020,101,77,30,0.693407737857091,0.6724949214955899,0.6441206539564507,0.11759980397564242,0.0,1.0866854475743897,0.0,1.8418214542266718,0.8018742221437374,0.6623088270420269,0.7259192865158824,15.433333333333334,24.733333333333334,468.33048973210776,1.795685381659617,0.0016536341980099678,2.8293833064381033
turbo_lunar_lander_12d,12,mes_gumbel,native,fixed_p020,102,78,30,0.7215010632451376,0.7392164708638537,0.6653161095359087,0.12146954702146505,0.0,1.1801841067596617,0.0,1.8411969327751057,0.8011287214814836,0.6619192399181012,0.725508783248413,15.666666666666666,25.066666666666666,474.00439621983094,1.9786155518610031,0.0016341282210002343,2.8100046714146933
turbo_lunar_lander_12d,12,mes_gumbel,native,fixed_p020,103,79,30,0.7090878619917976,0.6998673792066011,0.6695478405330962,0.12224215186294952,0.0,1.1989670092807152,0.0,1.9673043589923114,0.8010627463067922,0.6615215444181998,0.7250309735780703,15.866666666666667,25.3,479.77304943668037,1.799386139974619,0.0016359452002992234,2.8251567764983823
turbo_lunar_lander_12d,12,mes_gumbel,native,fixed_p020,104,80,30,0.7026256429739759,0.5991554708358476,0.694625935606765,0.1268207646533187,0.0,1.1934019748105054,0.0,2.251403439716621,0.8027690182517906,0.6605999514058406,0.7253810490182754,16.1,25.733333333333334,485.13245293642393,1.6685725258818518,0.019399065586427847,2.8338965437219787
turbo_lunar_lander_12d,12,mes_gumbel,native,fixed_p020,105,81,30,0.6736455747659417,0.5285178935535044,0.6545595301590423,0.11950567329936353,0.0,1.1634782046067174,0.0,1.840691693307556,0.8025824335779338,0.6602132716603518,0.7249308877009781,16.3,26.033333333333335,490.79215276053486,1.8673712793582429,0.0016779156556973854,2.8354061983060093
turbo_lunar_lander_12d,12,mes_gumbel,native,fixed_p020,106,82,30,0.6852666312007991,0.7714797157477287,0.6375143357851519,0.11639366081415022,0.0,1.1198181344648335,0.0,1.8632638106488146,0.8023485568028866,0.6598457370895171,0.7245670097520608,16.466666666666665,26.333333333333332,496.4825700489028,1.8752869005159785,0.0017501095775514842,2.928126957391699
turbo_lunar_lander_12d,12,mes_gumbel,native,fixed_p020,107,83,30,0.6577005144708858,0.7541554775847501,0.6167636833192207,0.11260512733463664,0.0,1.1049418599227772,0.0,1.851045989223813,0.8022398293472864,0.6594389179595557,0.7242039679327635,16.666666666666668,26.7,502.5661968169113,1.9910568986088037,0.00176270993736883,2.9526915204245596
turbo_lunar_lander_12d,12,mes_gumbel,native,fixed_p020,108,84,30,0.6199581026092543,0.6671444386188484,0.5834958679865679,0.10653128303576659,0.0,1.0645408845400621,0.0,1.7889788892123992,0.8021271462117101,0.659051666521832,0.7238540686042754,16.866666666666667,27.1,508.2162656628837,1.726052241663759,0.0017244893281410138,2.9506758786117038
turbo_lunar_lander_12d,12,mes_gumbel,native,fixed_p020,109,85,30,0.6002560252083331,0.6554988069113152,0.5632193719033786,0.1028293182717906,0.0,1.0120992416306414,0.0,1.76762341946169,0.7977801273077727,0.6536051653221882,0.7190179896885255,17.266666666666666,27.5,513.3087312051406,1.3693969255002836,0.02142332491154472,2.9647817839557926
turbo_lunar_lander_12d,12,mes_gumbel,native,fixed_p020,11,0,30,2.2039395465044658,2.2537721007319247,0.40585783873010195,0.07409916447092356,1.9774190634865962,2.5267119990292883,1.0662318150143433,2.775831557357914,0.9974193191914803,0.9770600576717418,0.9914932065434111,0.0,0.0,23.698848326209312,0.0,0.0012419610749930144,2.1079577123280613
turbo_lunar_lander_12d,12,mes_gumbel,native,fixed_p020,110,86,30,0.5712342779074671,0.5471923876719692,0.5217908111891496,0.09526553252907209,0.0,1.0236484035011886,0.0,1.555959710235818,0.7976353617923367,0.6532868685101847,0.7187484656543752,17.4,27.966666666666665,519.2856762325547,1.948379758760954,0.0017118026657650868,2.966966942278668
turbo_lunar_lander_12d,12,mes_gumbel,native,fixed_p020,111,87,30,0.6086819541339031,0.645206858368467,0.5782827638001709,0.10557950478326182,0.0,1.061966523652499,0.0,1.7142922010929242,0.7965872748973848,0.6527659058937292,0.7182148124024795,17.666666666666668,28.3,524.8079833489533,1.6354098541351656,0.0017182450741529466,3.039886793013041
turbo_lunar_lander_12d,12,mes_gumbel,native,fixed_p020,112,88,30,0.6151659954714529,0.6215467870945242,0.5894856778573863,0.10762486769623802,0.0,1.0614792450361035,0.0,1.718456403886212,0.7952215499972101,0.652238522715485,0.7176696585347031,17.966666666666665,28.866666666666667,530.3062673472955,1.5521249569331605,0.0017294847716887792,2.937587562358628
turbo_lunar_lander_12d,12,mes_gumbel,native,fixed_p020,113,89,30,0.5774847478274078,0.5986128770246979,0.5524966372947332,0.1008716237306918,0.0,1.0239339504758647,0.0,1.705826861860622,0.795019279112029,0.6518781644281633,0.7172001915426617,18.033333333333335,29.233333333333334,536.1580000215521,1.9348034849856048,0.0017798506344358126,2.979064525074015
turbo_lunar_lander_12d,12,mes_gumbel,native,fixed_p020,114,90,30,0.5895670158245492,0.6826199716422444,0.537433496938434,0.09812148314402132,0.0,1.0459254713249295,0.0,1.6009756371524189,0.8013824436321729,0.6594245703288565,0.7242887290195696,18.2,29.4,541.9664492769322,1.7539177213174602,0.02267933456848065,2.9619403296150266
turbo_lunar_lander_12d,12,mes_gumbel,native,fixed_p020,115,91,30,0.5954124206867076,0.7668847833058379,0.5316035349671165,0.0970570825836587,0.0,1.0792984764773577,0.0,1.3435960759593923,0.8010556848835508,0.6590149663721664,0.7238420672476413,18.4,29.7,547.8847708798945,1.8596925913666686,0.0017862508073449134,2.936367953863616
turbo_lunar_lander_12d,12,mes_gumbel,native,fixed_p020,116,92,30,0.5704401327513334,0.698262746531939,0.5300555969489698,0.09677446906027241,0.0,1.0569211564100653,0.0,1.4921307997033555,0.8007177377746565,0.658536415259054,0.723460113617703,18.633333333333333,30.133333333333333,553.689779382137,1.7426071091089397,0.0017623591236770153,2.9648274110164494
turbo_lunar_lander_12d,12,mes_gumbel,native,fixed_p020,117,93,30,0.5689089000002533,0.6709321337574308,0.5225593932683774,0.09540585577643453,0.0,1.0320173278691147,0.0,1.4679338861004416,0.8005245812752563,0.6582115331591148,0.7231796120387267,18.833333333333332,30.566666666666666,559.6332392833506,1.9002187468111515,0.001781253144145012,2.9653275886395325
turbo_lunar_lander_12d,12,mes_gumbel,native,fixed_p020,118,94,30,0.5505412830070171,0.6088790442272706,0.509813387028407,0.09307876406452338,0.0,0.9963970926248469,0.0,1.5099304937576572,0.8003415429858147,0.6578068975702854,0.7229330512883909,19.133333333333333,30.933333333333334,565.1802233004012,1.4764020009276768,0.001779528195038438,2.9475916096009316
turbo_lunar_lander_12d,12,mes_gumbel,native,fixed_p020,119,95,30,0.522638848823238,0.5424251472583299,0.49904041798417953,0.0911118980122473,0.0,0.960488913425585,0.0,1.4514381235433431,0.805514785548371,0.6622515724442918,0.7277796361430224,19.4,31.433333333333334,570.7995241868309,1.6589060999453067,0.024662313082565866,2.976579291280359
turbo_lunar_lander_12d,12,mes_gumbel,native,fixed_p020,12,0,30,2.2106593718795478,2.2407115330443084,0.3965547873468668,0.07240066743884772,1.988724447039785,2.5380856481454894,1.0907761306781327,2.776769492091669,0.9971768750965188,0.9755870863831688,0.9906783619358783,0.0,0.0,26.125859707112735,0.0,0.0012454817381997902,2.1076952742412685
turbo_lunar_lander_12d,12,mes_gumbel,native,fixed_p020,120,96,30,0.6136806768439974,0.5754453022264127,0.6330950796572176,0.11558681872459602,0.0,1.0696010973522154,0.0,2.5639863483788936,0.8054463103538986,0.6618646956479028,0.7273434234797934,19.566666666666666,31.866666666666667,576.8716721845014,1.928682122565806,0.001841034817819794,3.0382795506933085
turbo_lunar_lander_12d,12,mes_gumbel,native,fixed_p020,121,97,30,0.5592625400929463,0.5905255066901353,0.509275394511723,0.09298054051880444,0.0,0.9927250760587341,0.0,1.4675037183648723,0.8048012303164629,0.6612919290069317,0.7268194048994926,19.866666666666667,32.2,582.1879686721135,1.4194679347177346,0.001822725667928656,3.027499159798026
turbo_lunar_lander_12d,12,mes_gumbel,native,fixed_p020,122,98,30,0.5956224089760169,0.6861139937155578,0.559616860207921,0.10217159263203117,0.0,0.9966811722281055,0.0,1.6080735698069408,0.8042044187885066,0.6608856779339214,0.7264555037904006,20.0,32.5,588.0980651847087,1.8453907315153628,0.001802349230274558,3.0418933732124667
turbo_lunar_lander_12d,12,mes_gumbel,native,fixed_p020,123,99,30,0.5439555551312867,0.5047184883101341,0.5487832958991561,0.1001936634486667,0.0,0.9991954188356338,0.0,1.6633507574110191,0.8040933726196065,0.6604753747442867,0.7260050729371209,20.233333333333334,32.733333333333334,593.8777487593237,1.6828895134851336,0.0018280409586926302,2.97981642880477
turbo_lunar_lander_12d,12,mes_gumbel,native,fixed_p020,124,100,30,0.5543886304568885,0.5345681377686712,0.5836977968789248,0.10656815003888521,0.0,0.9267873664834291,0.0,2.104057001371303,0.8126762942721842,0.6735954579626026,0.7370286927688632,20.466666666666665,33.13333333333333,599.3521908984675,1.6306642144763221,0.02624565241858363,2.9666402505089837
turbo_lunar_lander_12d,12,mes_gumbel,native,fixed_p020,125,101,30,0.5653818560252356,0.5952858451186941,0.5867668793321117,0.10712848526903647,0.0,0.9987948758445614,0.0,2.04536141047958,0.8119471569792441,0.6730226837857214,0.7364530443606765,20.733333333333334,33.5,604.6190980725456,1.5021102562236288,0.0017986446463813385,2.986985104267175
turbo_lunar_lander_12d,12,mes_gumbel,native,fixed_p020,126,102,30,0.5456385025705662,0.5347096857940056,0.5723828181636201,0.10450232701219749,0.0,1.0156047645435655,0.0,2.0333713946855183,0.8118118834198939,0.6725963675226917,0.7358592494237534,20.933333333333334,33.833333333333336,610.1193908753339,1.6116528019929925,0.0018455188410977522,2.9778256910542646
turbo_lunar_lander_12d,12,mes_gumbel,native,fixed_p020,127,103,30,0.5662474214876212,0.5336552023425544,0.5880328388224851,0.10735961679229156,0.0,1.003695651509367,0.0,2.1937038179703894,0.8116418865023692,0.6721484579588526,0.7355895759427055,21.2,34.166666666666664,615.481273305618,1.4532156086837251,0.0018349903014798958,2.9798711929625523
turbo_lunar_lander_12d,12,mes_gumbel,native,fixed_p020,128,104,30,0.5428265840874684,0.47095112468746203,0.581602984544065,0.10618569138237095,0.0,1.0356290296390327,0.0,2.2232668801809563,0.8115092917216925,0.6717775198362946,0.735073442508412,21.366666666666667,34.6,621.392985496996,1.7396314478634547,0.0018829072515169779,3.0019821331836285
turbo_lunar_lander_12d,12,mes_gumbel,native,fixed_p020,129,105,30,0.5572462288161416,0.507480921059905,0.5866281588113014,0.10710315848289091,0.0,0.9983641569562502,0.0,2.2423240865486553,0.8096419266272303,0.6692129608828753,0.7328562297478473,21.6,34.93333333333333,626.7797615282858,1.4490372163554033,0.026635460214068492,2.966279099105547
turbo_lunar_lander_12d,12,mes_gumbel,native,fixed_p020,13,0,30,2.1624211766836634,2.169847667959323,0.4000469610745641,0.07303824821397663,1.8748445000298197,2.4402882454317654,1.1087561383423163,2.7763907585551406,0.997077015008267,0.9742330654319203,0.9901181193354852,0.0,0.0,28.549105482315646,0.0,0.001188155139485995,2.1090775679641713
turbo_lunar_lander_12d,12,mes_gumbel,native,fixed_p020,130,106,30,0.5532974985483304,0.49118810446354644,0.5922685738872038,0.10813295267314556,0.0,1.0134179379432833,0.0,2.1778564459646055,0.8091512655320625,0.6687073324560083,0.7322921610306888,21.833333333333332,35.266666666666666,632.250178375297,1.3779533957286427,0.001887587287152807,3.0255378430554023
turbo_lunar_lander_12d,12,mes_gumbel,native,fixed_p020,131,107,30,0.5519861184001086,0.413162328174721,0.5963032579056761,0.10886958182291985,0.0,1.064785952436533,0.0,2.2802773253716624,0.8086790450236976,0.6682995681415762,0.7319128686258528,22.033333333333335,35.63333333333333,637.7062196244796,1.6512208389583976,0.0018822262218842903,3.0648556281036385
turbo_lunar_lander_12d,12,mes_gumbel,native,fixed_p020,132,108,30,0.5234785081003582,0.447913505554678,0.5732379398323926,0.10465845015466353,0.0,0.9565821748789292,0.0,2.270417139600632,0.8085820641823795,0.6679471764966433,0.7316993811778096,22.166666666666668,35.9,643.4762812784872,1.6454286079077671,0.0019315228487054507,3.099402812728658
turbo_lunar_lander_12d,12,mes_gumbel,native,fixed_p020,133,109,30,0.5154108454643699,0.4192248990055085,0.5751171414597002,0.10500154386178913,0.0,0.968840395172075,0.0,2.226035394625691,0.808340107727854,0.6676105457828984,0.7314699652470878,22.3,36.166666666666664,649.3475896163533,1.6950728954436878,0.002053398344044884,3.1235904708039017
turbo_lunar_lander_12d,12,mes_gumbel,native,fixed_p020,134,110,30,0.5049925151883279,0.4778025571910747,0.5559852920257993,0.10150856202787581,0.0,0.9187183428993286,0.0,2.2173877158794295,0.8102671338618009,0.6692875843970685,0.7335194917952531,22.566666666666666,36.56666666666667,654.7272083670832,1.3352773923271646,0.030220952552432814,3.0633238437740755
turbo_lunar_lander_12d,12,mes_gumbel,native,fixed_p020,135,111,30,0.48787998535112215,0.3903524345987266,0.536255421481245,0.09790639697657277,0.0,0.8947314119226506,0.0,2.036067127366757,0.8101214205731033,0.6690730248284893,0.7334089357574592,22.766666666666666,36.9,660.6970631093252,1.60851107526881,0.001908174358929197,3.068511867026488
turbo_lunar_lander_12d,12,mes_gumbel,native,fixed_p020,136,112,30,0.5153940061285468,0.39030943187244627,0.5603438333398982,0.10230431915972588,0.0,0.9784519448712691,0.0,1.9484665743653051,0.8098670556228827,0.6687203887646683,0.7330594060033448,22.933333333333334,37.266666666666666,666.6281799019624,1.8076462283109624,0.002003341323385636,2.9570878548392403
turbo_lunar_lander_12d,12,mes_gumbel,native,fixed_p020,137,113,30,0.4844505801661338,0.4268694525430029,0.528962410712331,0.09657488147315199,0.0,0.9652521299180641,0.0,1.8950098143336065,0.8095477969756666,0.668279829876591,0.7326707800884849,23.133333333333333,37.63333333333333,672.2354415941362,1.59522415913331,0.0019756622457255918,2.9495925716124476
turbo_lunar_lander_12d,12,mes_gumbel,native,fixed_p020,138,114,30,0.5035291312388599,0.3444285481355702,0.5454914952522076,0.09959266562561878,0.0,0.97720947059788,0.0,1.9048760772796216,0.8093977489000324,0.6678958977624478,0.7323919425372096,23.4,37.9,677.5578287919362,1.3137268245996288,0.0019520927375803391,2.9415455411343525
turbo_lunar_lander_12d,12,mes_gumbel,native,fixed_p020,139,115,30,0.5303971227465069,0.4435504091674658,0.560129380884053,0.1022651656771996,0.0,0.9907380900530801,0.0,1.8162059422433119,0.8072174344269251,0.6640508970315007,0.7291366416567544,23.666666666666668,38.3,683.1766700061659,1.5872769059458127,0.028272307757288218,3.004656694829464
turbo_lunar_lander_12d,12,mes_gumbel,native,fixed_p020,14,0,30,2.154786439057285,2.1409700023643303,0.3714147224807916,0.06781074056408357,1.8546720315916845,2.392664409051791,1.3656806381213453,2.779667657065398,0.9966224269695563,0.9727196180071898,0.9893869242909837,0.0,0.0,31.008509372050565,0.0,0.0012896802586813767,2.1219493591381857
turbo_lunar_lander_12d,12,mes_gumbel,native,fixed_p020,140,116,30,0.5197917366365022,0.4460599017184731,0.566529886158803,0.10343373271667006,0.0,1.033194398870051,0.0,1.8567633246878956,0.807069965813632,0.6636838538662123,0.7287235578785703,23.833333333333332,38.666666666666664,688.5030726653989,1.5928510909744849,0.001897037106876572,2.9656358710179727
turbo_lunar_lander_12d,12,mes_gumbel,native,fixed_p020,141,117,30,0.5307879319754786,0.425783564273868,0.5778106179649483,0.10549330314180065,0.0,1.0624795006801424,0.0,2.0110428531074382,0.8066615073413016,0.6632878150282635,0.7283155433593277,24.033333333333335,38.96666666666667,693.9512912982299,1.4383115981550267,0.0019405449430147806,2.988275650298844
turbo_lunar_lander_12d,12,mes_gumbel,native,fixed_p020,142,118,30,0.5171431669789965,0.4932637261218359,0.5609113924125704,0.10240794079533229,0.0,0.9975801960649207,0.0,1.9622473148629824,0.8064046898464402,0.6629572002345617,0.7280122915459363,24.233333333333334,39.3,699.2897081927241,1.4822831590659917,0.0019502131889263788,3.0179789024560404
turbo_lunar_lander_12d,12,mes_gumbel,native,fixed_p020,143,119,30,0.5011894345487194,0.38211324500742105,0.5545215207300245,0.101241315175301,0.0,0.983689063796671,0.0,1.9317712192142142,0.8061899002195289,0.6626244753016753,0.7275660791031354,24.366666666666667,39.56666666666667,704.8473052495004,1.5864763834048063,0.0019813805042455594,3.0139073498547075
turbo_lunar_lander_12d,12,mes_gumbel,native,fixed_p020,144,120,30,0.48113425954830163,0.3089364617618775,0.5416036194128268,0.09888283985961603,0.0,0.8338543509737207,0.0,1.7681533804066998,0.8041475074276422,0.6600540861134586,0.7251781037223393,24.433333333333334,39.7,710.731305401943,1.8667776046941678,0.029852250963449477,2.950756611209363
turbo_lunar_lander_12d,12,mes_gumbel,native,fixed_p020,145,121,30,0.49150651560734565,0.3440793234374251,0.536294489630281,0.0979135298120751,0.0,0.9135044771009586,0.0,1.6597809669979329,0.8035847077338099,0.6595758939018503,0.7248207996101255,24.6,39.8,716.1777451438674,1.5740796385643383,0.0020710438800354797,2.982372383850937
turbo_lunar_lander_12d,12,mes_gumbel,native,fixed_p020,146,122,30,0.5056351985063255,0.2937713196870423,0.557028975951835,0.1016991117709409,0.0,1.0216176770566965,0.0,1.7013364203578167,0.8032025302513992,0.6591407060545117,0.7243651424486366,24.766666666666666,40.06666666666667,721.3649352607473,1.4939368087643137,0.0019103359586248795,2.8802250092383472
turbo_lunar_lander_12d,12,mes_gumbel,native,fixed_p020,147,123,30,0.5072929264287402,0.38654072268564865,0.5467375191841155,0.09982015743051785,0.0,0.9886389648243278,0.0,1.675363586726629,0.8029300747787828,0.6588654849687448,0.7240703223117603,24.833333333333332,40.233333333333334,727.0800844486026,1.6714017084644486,0.001923306720952193,2.9420356711372735
turbo_lunar_lander_12d,12,mes_gumbel,native,fixed_p020,148,124,30,0.48815309514046124,0.36153849605933,0.5211958931795952,0.09515691585783909,0.0,0.9791119863237474,0.0,1.5078133676549994,0.8027631693904109,0.6584218377154278,0.7237098426387133,25.033333333333335,40.5,732.5233654127456,1.5448461845206718,0.0019846902539332706,3.0441581273761886
turbo_lunar_lander_12d,12,mes_gumbel,native,fixed_p020,149,125,30,0.4881295834724368,0.3686798714202525,0.5240306575652446,0.09567447065758324,0.0,0.8879823003516826,0.0,1.6395507942009475,0.8001150645921481,0.655014059452464,0.7206157936865326,25.133333333333333,40.8,738.0599059014892,1.6745040842021506,0.03169136426101128,3.016651425231248
turbo_lunar_lander_12d,12,mes_gumbel,native,fixed_p020,15,0,30,2.1347991880220576,2.1185131199386142,0.37296349748131596,0.06809350689884598,1.8408286933968911,2.307423651628433,1.290156542048358,2.78755737563226,0.9963141373461718,0.9712580647761323,0.9886452928854991,0.0,0.0,33.48400766858831,0.0,0.0012333692982792854,2.072001445898786
turbo_lunar_lander_12d,12,mes_gumbel,native,fixed_p020,150,126,30,0.4856793028374671,0.41669610454853556,0.5040080104411736,0.09201885216064336,0.0,0.9168326125618391,0.0,1.5204894141426541,0.7998958976123001,0.6546192040659746,0.7201531175344268,25.3,40.93333333333333,743.6980760018962,1.6320600441501787,0.0020022737483183545,3.1318359557849664
turbo_lunar_lander_12d,12,mes_gumbel,native,fixed_p020,151,127,30,0.520019135242601,0.4753619846314997,0.5215441164713255,0.09522049244181555,0.0,0.9961445125190782,0.0,1.4944825875502756,0.7996242162336006,0.6542519350208179,0.7197223912947365,25.566666666666666,41.3,749.0845052094975,1.4424331207449237,0.0019946635079880555,2.9940115681228536
turbo_lunar_lander_12d,12,mes_gumbel,native,fixed_p020,152,128,30,0.5063799242848959,0.43271000361891476,0.5211568484167225,0.09514978729204647,0.0,0.9426443581411328,0.0,1.509743055141771,0.7995561428511084,0.6538718682721159,0.7193326725996947,25.7,41.63333333333333,754.6094460454459,1.6003968585127344,0.0019850386617084343,3.0010709311502675
turbo_lunar_lander_12d,12,mes_gumbel,native,fixed_p020,153,129,30,0.49110305954675154,0.3974704642267195,0.5211125663125442,0.09514170252292906,0.0,0.9516275076415798,0.0,1.5210666431302653,0.7994772438532591,0.6534277248747328,0.7188030529421693,26.0,42.0,759.7815587436004,1.3717220298480242,0.002004955258841316,3.0504463440272955
turbo_lunar_lander_12d,12,mes_gumbel,native,fixed_p020,154,130,30,0.4961154360348228,0.35535368901378206,0.5317182233885327,0.09707802172882345,0.0,1.0500716093603195,0.0,1.523757846143951,0.7994479113884635,0.6529319720334558,0.7186563951796944,26.2,42.5,765.1439844412108,1.3348767724819481,0.03338620813253025,3.051491604233161
turbo_lunar_lander_12d,12,mes_gumbel,native,fixed_p020,155,131,30,0.4701335673386174,0.36198231598511454,0.5102127659400039,0.09315168034414788,0.0,0.9728907178844338,0.0,1.5192466223380778,0.7992679408706534,0.6525407477045143,0.718257432991058,26.333333333333332,42.766666666666666,770.7507613196659,1.5680688705295325,0.0021259667662282783,3.121391382083918
turbo_lunar_lander_12d,12,mes_gumbel,native,fixed_p020,156,132,30,0.4818781127490721,0.347906572326819,0.5139097731457924,0.09382665842477106,0.0,0.9610569114715523,0.0,1.5037015137318963,0.7990630982345363,0.652040232416163,0.7177487275851676,26.633333333333333,43.0,775.7071684499426,1.1852100726993133,0.0020948796067386866,3.0296480568436284
turbo_lunar_lander_12d,12,mes_gumbel,native,fixed_p020,157,133,30,0.48459322636197893,0.387624934067184,0.5123876179071937,0.09354875217136932,0.0,0.9756286811302899,0.0,1.5099020754318062,0.7982827090288288,0.6515737336032512,0.7172990309077221,26.866666666666667,43.333333333333336,780.869303072632,1.3191907360684128,0.0020025754657884438,2.8987287417830276
turbo_lunar_lander_12d,12,mes_gumbel,native,fixed_p020,158,134,30,0.4810834322909419,0.3739494771712959,0.5183092603077833,0.09462989121146333,0.0,0.9404442566356684,0.0,1.532288988452679,0.7979825014172665,0.6510463014673804,0.7166474102187189,27.066666666666666,43.7,786.3671556391909,1.483121619777133,0.002057182757804791,3.0222214836006365
turbo_lunar_lander_12d,12,mes_gumbel,native,fixed_p020,159,135,30,0.4937668142190059,0.3369662841202634,0.5416530856960393,0.09889187112599986,0.0,0.9658362915133698,0.0,1.543191431207075,0.7952921436091683,0.6468049814922511,0.7129129769892819,27.266666666666666,44.1,791.8339286816616,1.4734095897059887,0.03494462010761102,3.002110622745628
turbo_lunar_lander_12d,12,mes_gumbel,native,fixed_p020,16,0,30,2.1075148702959936,2.11749211157533,0.366120683037318,0.0668441856229127,1.881068205428724,2.2893746555309353,1.135735755309334,2.832314316644396,0.9960433785475872,0.9700005941429422,0.9879774141683791,0.0,0.0,35.87308156716948,0.0,0.0012437245808541776,2.071421987672026
turbo_lunar_lander_12d,12,mes_gumbel,native,fixed_p020,160,136,30,0.515364697145361,0.39261139980220916,0.5654749719104968,0.10324113260665975,0.0,1.0267185003594148,0.0,1.5005018066680231,0.7951918355729551,0.6465534882507911,0.7125829074115602,27.333333333333332,44.233333333333334,797.637204647685,1.6676805265713484,0.002064817196999987,3.04176444777598
turbo_lunar_lander_12d,12,mes_gumbel,native,fixed_p020,161,137,30,0.4798380862966746,0.33605071233832084,0.5393178003937256,0.09846550831323735,0.0,0.8069878102552079,0.0,1.4869798111019832,0.7948625421500327,0.6462425052844786,0.7122842298511994,27.5,44.46666666666667,803.5119559152362,1.5793571900421133,0.0021049216234435638,3.2113394773565234
turbo_lunar_lander_12d,12,mes_gumbel,native,fixed_p020,162,138,30,0.48320262655571466,0.3288911962994524,0.5413904388938673,0.09884391859993111,0.0,0.8615483084104065,0.0,1.5025446917687275,0.794627336760752,0.6459545123779165,0.7120430829123454,27.666666666666668,44.733333333333334,809.3436400788992,1.5386109376015762,0.0021139389059195916,3.1844724086423715
turbo_lunar_lander_12d,12,mes_gumbel,native,fixed_p020,163,139,30,0.48612126127712935,0.35107129369112033,0.5400439919552493,0.09859809214634284,0.0,0.9003862747496166,0.0,1.5351194103121362,0.7941823160003554,0.6455753081312124,0.7116334530500766,27.866666666666667,45.1,814.683566401961,1.469092640839517,0.002089589989433686,3.0490514447446913
turbo_lunar_lander_12d,12,mes_gumbel,native,fixed_p020,164,140,30,0.48385270799315544,0.3111611300901802,0.5397416762398088,0.09854289710073115,0.0,0.9333107075855503,0.0,1.500663853309343,0.7955676486621709,0.6462759508645433,0.7126291243400197,28.033333333333335,45.4,820.4748796158315,1.519419474930813,0.03507153247483075,3.071433252779146
turbo_lunar_lander_12d,12,mes_gumbel,native,fixed_p020,165,141,30,0.4735047795484553,0.324898570627863,0.5362974797804816,0.0979140757363135,0.0,0.9423124771095017,0.0,1.5178277952400838,0.7952399716942646,0.6459916621469873,0.7123144375568133,28.2,45.733333333333334,825.9265406067328,1.454016654022659,0.002060033225764831,3.0323140220095715
turbo_lunar_lander_12d,12,mes_gumbel,native,fixed_p020,166,142,30,0.4918251682515431,0.3817737414292248,0.5322102933914064,0.09716786100897197,0.0,0.9814100651887903,0.0,1.4136399823011707,0.7946969260355361,0.6455357474102434,0.7119066241820843,28.5,46.2,831.3097590826917,1.3114611782444021,0.0021073523287971816,3.0014289331311983
turbo_lunar_lander_12d,12,mes_gumbel,native,fixed_p020,167,143,30,0.4667412568218181,0.3678072160205008,0.5220128816788975,0.0953060768679358,0.0,0.7959100726332015,0.0,1.5349864720031232,0.794604661522063,0.6452134914847172,0.7115717518281762,28.7,46.5,836.883837123417,1.390158079828446,0.0022161700452367466,3.1736413144040854
turbo_lunar_lander_12d,12,mes_gumbel,native,fixed_p020,168,144,30,0.4804468986276808,0.39678347459229313,0.5125646652055328,0.09358107643771789,0.0,1.0303539392171546,0.0,1.3121246738277108,0.7944913587395271,0.6448294619756954,0.7111517255098089,28.966666666666665,46.766666666666666,842.4191880551167,1.3965953573739778,0.002155005869766076,3.1492485070601104
turbo_lunar_lander_12d,12,mes_gumbel,native,fixed_p020,169,145,30,0.43387331003189383,0.3218300087285104,0.47072362828919223,0.0859419831882225,0.0,0.7905429266776305,0.0,1.3176503392870575,0.791328962019824,0.6424795130191152,0.7089953781057006,29.233333333333334,47.1,847.9355367826298,1.2867244387666383,0.038802223404248555,3.2109918031065416
turbo_lunar_lander_12d,12,mes_gumbel,native,fixed_p020,17,0,30,2.099757838105531,2.110022740220339,0.3828710086523443,0.0699023626845482,1.873366464527005,2.3150564028909124,1.0023537683350885,2.8299922076114465,0.9959122692309682,0.9688942266809756,0.9873643256895525,0.0,0.0,38.26297416789457,0.0,0.0012874096011122069,2.0654277164644252
turbo_lunar_lander_12d,12,mes_gumbel,native,fixed_p020,170,146,30,0.4503673943193638,0.3654697604908178,0.4846766040915609,0.0884894363853162,0.0,0.884635923960946,0.0,1.4370406648978835,0.7909058456510406,0.6419955277740265,0.7085661768381353,29.533333333333335,47.53333333333333,853.5711769414445,1.466837104347845,0.0022681991414477427,3.1579231438071775
turbo_lunar_lander_12d,12,mes_gumbel,native,fixed_p020,171,147,30,0.4735912181389648,0.4674346612474838,0.48977309937469504,0.08941992486224662,0.0,0.8934847230614806,0.0,1.33545210436556,0.7904289838128212,0.641606353867747,0.7080608199154573,29.7,48.0,859.4534145801949,1.5730871735916783,0.0022629203740507364,3.2083212464426953
turbo_lunar_lander_12d,12,mes_gumbel,native,fixed_p020,172,148,30,0.49244087817499455,0.45227727458096045,0.5039366503658198,0.09200582365298451,0.0,0.9375224874313182,0.0,1.378754191583368,0.7899631247634423,0.64122984208318,0.707580123877709,29.833333333333332,48.233333333333334,865.3756311309523,1.5919139113587637,0.0023717423745741447,3.372758802274863
turbo_lunar_lander_12d,12,mes_gumbel,native,fixed_p020,173,149,30,0.4628125938555908,0.4513296744388462,0.47561640984250153,0.08683527879678674,0.0,0.9323180435057171,0.0,1.318849755627996,0.7894834842394746,0.6407678338357089,0.7072517650366607,30.033333333333335,48.43333333333333,871.0159165552352,1.638069368340075,0.0022247267110894124,3.1595583716096978
turbo_lunar_lander_12d,12,mes_gumbel,native,fixed_p020,174,150,30,0.4556959907213724,0.3777826557808295,0.4790776093614225,0.08746720448096641,0.0,0.9503096554537209,0.0,1.2598923332750938,0.7855572419850154,0.6356417900893719,0.7024625733725299,30.3,48.833333333333336,876.6627868372792,1.5164782715030014,0.041863837248335284,3.086090095775823
turbo_lunar_lander_12d,12,mes_gumbel,native,fixed_p020,175,151,30,0.4446015377893983,0.42978054902178264,0.47106000664790154,0.0860033971931964,0.0,0.8452584698942099,0.0,1.3031756851789726,0.7851730099911015,0.6352520925125307,0.702101907681175,30.533333333333335,49.2,881.9771301529992,1.380205166634793,0.0022577407925079267,3.0557215525147816
turbo_lunar_lander_12d,12,mes_gumbel,native,fixed_p020,176,152,30,0.4458766820926451,0.37617504161086945,0.4819935942717278,0.0879995880518727,0.0,0.8358841605170826,0.0,1.34655662568644,0.7846342483030686,0.6348729184951484,0.7017173357695516,30.766666666666666,49.46666666666667,887.3616799625413,1.473964475809286,0.0021795117296278476,2.9944839088711888
turbo_lunar_lander_12d,12,mes_gumbel,native,fixed_p020,177,153,30,0.4660890149463917,0.4047307935984148,0.49763356601845055,0.09085504316001389,0.0,0.9292170493436431,0.0,1.3819731720956412,0.7845791196284796,0.6345074846729482,0.7013276203743943,30.9,49.766666666666666,892.6034654189677,1.3657176065724344,0.0022560379467904566,2.9703243143546083
turbo_lunar_lander_12d,12,mes_gumbel,native,fixed_p020,178,154,30,0.44620646370638956,0.3980163714762034,0.46984219785037606,0.0857810567434854,0.0,0.8702971617012756,0.0,1.3201369462792516,0.7842507015114314,0.6340973352241848,0.700918188634087,31.133333333333333,50.13333333333333,897.5871102354645,1.1995822361204773,0.0021859252204497657,3.0126841573044656
turbo_lunar_lander_12d,12,mes_gumbel,native,fixed_p020,179,155,30,0.43924292192565856,0.4174593263403068,0.4549516781477167,0.08306243223211153,0.0,0.8251585773022458,0.0,1.2983762706964823,0.7844666245143581,0.6338691790669907,0.700949389519558,31.433333333333334,50.4,902.8793669838303,1.2990848429345836,0.046554906852543355,3.1336124929444242
turbo_lunar_lander_12d,12,mes_gumbel,native,fixed_p020,18,0,30,2.0920062495202365,2.111017479782991,0.33864160291830364,0.0618272149426874,1.8708896179771348,2.3034307913698533,1.2088720059724667,2.759462209735169,0.9957094485013225,0.9675855483758339,0.9866311169886459,0.0,0.0,40.71941531309858,0.0,0.001230157616858681,2.097095210943371
turbo_lunar_lander_12d,12,mes_gumbel,native,fixed_p020,180,156,30,0.3934820001339936,0.41771209762687156,0.4108496958390938,0.0750105487184027,0.0,0.7092154811786016,0.0,1.2620171560742364,0.7841409303931931,0.633486070789805,0.7005320470236839,31.6,50.666666666666664,908.1536918236253,1.4260131491969028,0.0022646062386532623,3.0085397090452415
turbo_lunar_lander_12d,12,mes_gumbel,native,fixed_p020,181,157,30,0.408926105770615,0.4237879148630297,0.42758316883386926,0.0780656489266167,0.0,0.7241254861190849,0.0,1.2620171560742364,0.7839673293180571,0.6332128687567646,0.7003073047402176,31.7,50.8,914.0043956277582,1.7786365786877771,0.002311741312344869,3.108426437200978
turbo_lunar_lander_12d,12,mes_gumbel,native,fixed_p020,182,158,30,0.40501486448822926,0.42219366196896846,0.42631181443109123,0.0778335324316217,0.0,0.7248089361009542,0.0,1.2619319760392624,0.783799545224231,0.6328549106908353,0.6998820390814525,31.8,51.0,919.7756471242135,1.5916084127034993,0.0024764328418920437,3.232867694956561
turbo_lunar_lander_12d,12,mes_gumbel,native,fixed_p020,183,159,30,0.4033368453693783,0.29573816381959617,0.44168141901681995,0.08063962547546784,0.0,0.8358243373472172,0.0,1.2631376598186037,0.7833055058069941,0.6323479781519407,0.6992321520875617,32.03333333333333,51.266666666666666,925.2136463802308,1.3443796860364576,0.0025103208298484486,3.2248694526807715
turbo_lunar_lander_12d,12,mes_gumbel,native,fixed_p020,184,160,30,0.4451265593181295,0.34618527071266014,0.5095702437301511,0.09303437237480307,0.0,0.8666355794500977,0.0,1.9102114405777935,0.7898018520870962,0.6429532340938539,0.7078137152612887,32.233333333333334,51.63333333333333,931.3228547033543,1.7799210835248231,0.04827044053624074,3.334792152279988
turbo_lunar_lander_12d,12,mes_gumbel,native,fixed_p020,185,161,30,0.45179578609143267,0.3798761745612065,0.5019152027288257,0.09163675949645211,0.0,0.8576816581988056,0.0,1.9098193503128604,0.7897268021553308,0.6425828135042482,0.7073663738685115,32.43333333333333,51.9,937.1264187233212,1.5443043736120066,0.0024363918540378413,3.389112343095864
turbo_lunar_lander_12d,12,mes_gumbel,native,fixed_p020,186,162,30,0.4269858699236258,0.32107536542160464,0.4537110224539313,0.08283592052891703,0.0,0.8768839032394905,0.0,1.2232836203238537,0.7896309976784931,0.6423513904653139,0.7071272250288421,32.5,52.166666666666664,943.2752490588774,1.8047259794082493,0.002470075370122989,3.148065503127873
turbo_lunar_lander_12d,12,mes_gumbel,native,fixed_p020,187,163,30,0.4106738160376427,0.3154017313058348,0.446407061891158,0.08150240587579734,0.0,0.8349143001148015,0.0,1.2208160728674309,0.7895361970813882,0.6421068696153508,0.7068125659489869,32.6,52.333333333333336,948.9348887726354,1.6134121449664236,0.002483377993727724,3.1206306846501928
turbo_lunar_lander_12d,12,mes_gumbel,native,fixed_p020,188,164,30,0.4119931048039694,0.2971323331549762,0.4576822480778969,0.08356096381397987,0.0,0.7959785587611907,0.0,1.346780978965954,0.789188399109592,0.6417493495966131,0.7065317184134633,32.833333333333336,52.6,954.333081072305,1.2342953163509567,0.0024741147179156544,3.207472316796581
turbo_lunar_lander_12d,12,mes_gumbel,native,fixed_p020,189,165,30,0.4390103259553095,0.39133223012302554,0.47507817480270415,0.08673701097260783,0.0,0.9317076911872567,0.0,1.3446754825129257,0.7880274365355194,0.639700440945602,0.7048008901842835,32.96666666666667,52.96666666666667,960.3717343167247,1.7885562108519177,0.04999988737205664,3.128570821105192
turbo_lunar_lander_12d,12,mes_gumbel,native,fixed_p020,19,0,30,2.0804840658667922,2.12933069587867,0.3391846870726449,0.061926368090006165,1.870570543226884,2.277441225842643,1.1501422677106037,2.7184779824824505,0.9955179886383606,0.9663557325210144,0.9860669594507968,0.0,0.0,43.2006938970803,0.0,0.0012502044749756653,2.1417914135847242
turbo_lunar_lander_12d,12,mes_gumbel,native,fixed_p020,190,166,30,0.42193837912351384,0.4440761858408361,0.45282964306668316,0.0826750034048784,0.0,0.8399087642769745,0.0,1.3968430272023822,0.7876637610347783,0.6393712791000805,0.7045394961922485,33.06666666666667,53.2,965.9547709114073,1.58730451380834,0.00246938265239199,3.076619974182298
turbo_lunar_lander_12d,12,mes_gumbel,native,fixed_p020,191,167,30,0.4221483552630619,0.4308072794107076,0.45248889202032805,0.08261279106001768,0.0,0.8388994265706498,0.0,1.3836646516848519,0.787525555461099,0.6389797782836186,0.7040795135402117,33.233333333333334,53.4,971.6000406451058,1.5139655900653453,0.0025272525226076445,3.127212396838392
turbo_lunar_lander_12d,12,mes_gumbel,native,fixed_p020,192,168,30,0.4185752937900839,0.3169472065648057,0.4596256802795397,0.08391578436592043,0.0,0.8794319898707882,0.0,1.4211448246296248,0.7862488117860639,0.6385196547330706,0.7036327520157797,33.5,53.7,976.742891968259,1.1242079652224979,0.002579896400372187,3.1182558581853907
turbo_lunar_lander_12d,12,mes_gumbel,native,fixed_p020,193,169,30,0.42196777897664367,0.25530691348570056,0.4780155309955723,0.08727329638802829,0.0,0.9056614106396235,0.0,1.4665620843587925,0.7855397438359562,0.6381420387837895,0.7033057511096809,33.9,54.166666666666664,981.9688253184626,1.2769007451521854,0.0024925959141304096,3.137713359032447
turbo_lunar_lander_12d,12,mes_gumbel,native,fixed_p020,194,170,30,0.42850031216892315,0.35870813897805276,0.45674581091592104,0.08338999456154643,0.0,0.8222990999866299,0.0,1.2668098897807347,0.783388024669071,0.6358723034258573,0.7005311049804438,34.13333333333333,54.6,987.4871200654501,1.4196701714924227,0.047967022735004625,3.0804400250315664
turbo_lunar_lander_12d,12,mes_gumbel,native,fixed_p020,195,171,30,0.388939836671681,0.22740669102663158,0.4328958948303483,0.0790356155499886,0.0,0.762141236886529,0.0,1.2895652903662893,0.7833331856724327,0.6355689148836577,0.700266733691455,34.266666666666666,54.9,992.7735760975473,1.3333661947709818,0.0026030829797188443,3.073984311847016
turbo_lunar_lander_12d,12,mes_gumbel,native,fixed_p020,196,172,30,0.4205041511999929,0.38102143864616944,0.45296003519645267,0.08269880964181037,0.0,0.8248408806056399,0.0,1.419222802523171,0.783285062402818,0.6353062653115068,0.7000760141998864,34.46666666666667,55.233333333333334,998.4776369658609,1.510710141233479,0.002823809984450539,3.159268263215199
turbo_lunar_lander_12d,12,mes_gumbel,native,fixed_p020,197,173,30,0.4305624587258584,0.2391073214917112,0.4769132848793281,0.08707205470076515,0.0,0.8237997102419614,0.0,1.4354188711097167,0.7832146885161179,0.6350062060815475,0.6999140033039263,34.63333333333333,55.6,1004.3600510015308,1.5853672048697869,0.0028588532159725824,3.315373332767437
turbo_lunar_lander_12d,12,mes_gumbel,native,fixed_p020,198,174,30,0.43879807281296196,0.38496153819151313,0.4776142224994277,0.087200027816076,0.0,0.8556893099872245,0.0,1.483695749793366,0.7830095681746727,0.6346860436683511,0.6995158248110681,34.8,55.93333333333333,1010.1946958945443,1.5360850508324801,0.0027301101479679348,3.3085575226539126
turbo_lunar_lander_12d,12,mes_gumbel,native,fixed_p020,199,175,30,0.42450533056172485,0.2156561597648856,0.4798347269205656,0.08760543460290839,0.0,0.780337714090235,0.0,1.4821647997524081,0.7825656835466203,0.6343320084471206,0.6991700487910631,35.03333333333333,56.2,1016.1106499905387,1.5001318777600925,0.054466297415395576,3.329525713855401
turbo_lunar_lander_12d,12,mes_gumbel,native,fixed_p020,2,0,30,2.885570233135184,2.8293080899717786,0.4982639284972421,0.09097013107636022,2.517399148613383,3.238257766184881,1.8437588878566724,3.9886089859838023,0.9996801932678034,0.9944561142072189,0.9987245304408059,0.0,0.0,2.789896977925673,0.0,0.0011584246531128883,1.6930043746251613
turbo_lunar_lander_12d,12,mes_gumbel,native,fixed_p020,20,0,30,2.061611883645981,2.104385787790042,0.34075255035328955,0.06221261945197055,1.8126988241714181,2.2639419317645997,1.110178421976981,2.7188176888560056,0.9951943940238099,0.9650347806448117,0.9853139315771867,0.0,0.0,45.68628953006119,0.0,0.0012901494434724252,2.123252033131818
turbo_lunar_lander_12d,12,mes_gumbel,native,fixed_p020,200,176,30,0.4232448232219536,0.22025670685205956,0.486017963842413,0.08873433404973993,0.0,0.8841941430327742,0.0,1.5010242309807726,0.7824064301065612,0.6339640682610811,0.6987744777643542,35.233333333333334,56.56666666666667,1021.8278985986486,1.459769114619121,0.00273234856625398,3.2221738240060707
turbo_lunar_lander_12d,12,mes_gumbel,native,fixed_p020,201,177,30,0.41914192169233594,0.32719629438150655,0.46298336111607025,0.08452881021094395,0.0,0.7433525306372382,0.0,1.4811078209671371,0.7823386322321118,0.6336745748723653,0.6985466313532248,35.4,56.8,1027.4251037422569,1.4244927779616168,0.002692048562069734,3.2440285820048302
turbo_lunar_lander_12d,12,mes_gumbel,native,fixed_p020,202,178,30,0.4141081816031319,0.24962829360265915,0.4628398489398644,0.08450260859221576,0.0,0.8102171915704177,0.0,1.4999672521955016,0.7819457581575481,0.6334164451972072,0.6982485296267562,35.5,57.0,1033.3316869147432,1.7454282267484813,0.0026745282268772525,3.229348791980495
turbo_lunar_lander_12d,12,mes_gumbel,native,fixed_p020,203,179,30,0.41885879677488086,0.2809577428307717,0.4720996500454655,0.08619320924006542,0.0,0.7547195693955687,0.0,1.4729522049893762,0.7818614283789419,0.6330848740271139,0.6979207733413253,35.7,57.166666666666664,1039.1646757261362,1.3868742874047408,0.0026699489758660396,3.2860458916518835
turbo_lunar_lander_12d,12,mes_gumbel,native,fixed_p020,204,180,30,0.4246350138369693,0.31342610767831924,0.44781625036663075,0.08175968731439492,0.0,0.8164940943923342,0.0,1.3581849526539034,0.7860789487325156,0.6403046863018499,0.7040048124872379,35.96666666666667,57.63333333333333,1045.3252022799725,1.578640176386883,0.05985847876096765,3.347608607277895
turbo_lunar_lander_12d,12,mes_gumbel,native,fixed_p020,205,181,30,0.4091508049477485,0.33043920956437056,0.43713103831426586,0.07980884342345948,0.0,0.8223002773687411,0.0,1.3590334713715362,0.7855653199220243,0.6399529507966297,0.7036344228944842,36.233333333333334,58.03333333333333,1051.026312728133,1.3991301141989727,0.002808843444411953,3.3063401595068473
turbo_lunar_lander_12d,12,mes_gumbel,native,fixed_p020,206,182,30,0.40516691976762664,0.24129821031898258,0.4536742415222582,0.08282920528026257,0.0,0.7835904676444592,0.0,1.2994290184287083,0.7854092521910179,0.6396857172733849,0.703344623603453,36.36666666666667,58.36666666666667,1057.1280755740745,1.8332484513055534,0.0027494508617868026,3.205168810331573
turbo_lunar_lander_12d,12,mes_gumbel,native,fixed_p020,207,183,30,0.3950106394622895,0.28228319281013814,0.43041155918613705,0.07858203999240572,0.0,0.7397275588645817,0.0,1.2855191376328536,0.7852485891457491,0.639285665082518,0.7029858350309122,36.63333333333333,58.7,1062.9763266325308,1.4956195928311595,0.002730381861329079,3.2567768170498312
turbo_lunar_lander_12d,12,mes_gumbel,native,fixed_p020,208,184,30,0.3572475421950262,0.20533765793380088,0.40889421420292443,0.07465352825076366,0.0,0.6647596663156458,0.0,1.2745987453354437,0.7852221071207633,0.639067396998397,0.7028044557551775,36.8,59.06666666666667,1069.161583303505,1.8252560437191279,0.0028209254300842683,3.265245058806613
turbo_lunar_lander_12d,12,mes_gumbel,native,fixed_p020,209,185,30,0.4001236177861368,0.21255145850994472,0.4671023452127312,0.08528083037885938,0.0,0.7776877359274056,0.0,1.3217365734994717,0.7813758957021908,0.6346377528626838,0.6988184569834384,37.03333333333333,59.333333333333336,1075.3325069105717,1.7737335187538217,0.06287324021880826,3.2789520617108794
turbo_lunar_lander_12d,12,mes_gumbel,native,fixed_p020,21,0,30,2.0103557832540613,2.1196253294823966,0.45621493106484673,0.0832930696049603,1.8201512959423876,2.2685593450080273,0.35543964366029956,2.6623164610743437,0.9950198861468054,0.9639788771103057,0.9847182647098223,0.0,0.0,48.19779079924338,0.0,0.0012135963110874097,2.151994679666435
turbo_lunar_lander_12d,12,mes_gumbel,native,fixed_p020,210,186,30,0.45704535708005095,0.30066112839103776,0.505441636100898,0.09228059519825978,0.0,0.907682910395043,0.0,1.505070557751717,0.7813064332621857,0.634278381435964,0.6983075229024738,37.233333333333334,59.63333333333333,1081.328950124824,1.6462362984971455,0.0027992266540726026,3.357591109086449
turbo_lunar_lander_12d,12,mes_gumbel,native,fixed_p020,211,187,30,0.4292223997400856,0.33355224478191225,0.4862960492637005,0.0887851052691241,0.0,0.8452405373025083,0.0,1.5116135429869983,0.7806880871134111,0.6339431434909071,0.698061657895492,37.53333333333333,60.0,1087.0125785684213,1.329199248086661,0.002725343701119224,3.394471049044902
turbo_lunar_lander_12d,12,mes_gumbel,native,fixed_p020,212,188,30,0.4180514884438196,0.31634784198498944,0.46671156542783,0.08520948407779023,0.0,0.8408127346149704,0.0,1.3948436009073024,0.7804133672928457,0.6335145667034275,0.6975644727130613,37.766666666666666,60.4,1092.6175145376785,1.427949750966703,0.0029336357799669105,3.33261825676697
turbo_lunar_lander_12d,12,mes_gumbel,native,fixed_p020,213,189,30,0.41011090487097596,0.21123399382162256,0.4570815813370343,0.08345129757280868,0.0,0.8606728477215168,0.0,1.2809787537824295,0.7803353216709425,0.6332682162949498,0.6973557396746733,37.833333333333336,60.7,1098.9466318043726,1.8605836966851106,0.0028305706878503163,3.2486222247282663
turbo_lunar_lander_12d,12,mes_gumbel,native,fixed_p020,214,190,30,0.4012946687074722,0.2077073251025735,0.4589882404404277,0.08379940430627572,0.0,0.6569930620414832,0.0,1.3732974878840674,0.7769892430161413,0.6293717551266627,0.6934328617745302,38.0,60.93333333333333,1104.8739440555064,1.6858614982726674,0.060242061115180455,3.22503828421856
turbo_lunar_lander_12d,12,mes_gumbel,native,fixed_p020,215,191,30,0.42996024374118696,0.25153409393656145,0.48683164720584465,0.088882891627346,0.0,0.7584537405570054,0.0,1.3859166334940873,0.7766796811293992,0.6291323209883988,0.693210659628424,38.1,61.2,1110.8419194848432,1.5839163713467619,0.0028460392573227485,3.1870956759744633
turbo_lunar_lander_12d,12,mes_gumbel,native,fixed_p020,216,192,30,0.4452482560666698,0.3705122788878502,0.4853738192168992,0.08861672986917672,0.0,0.8881611616941832,0.0,1.385739600922916,0.7764664916680091,0.6288422217452575,0.6928529158451748,38.233333333333334,61.43333333333333,1116.8629590047524,1.6022159176723412,0.0028499829427649577,3.2625077264693876
turbo_lunar_lander_12d,12,mes_gumbel,native,fixed_p020,217,193,30,0.4325350471450554,0.2581931788152878,0.4904629075316978,0.08954586602489377,0.0,0.9277489134236895,0.0,1.2834555217482762,0.7755379793050791,0.6284649827739901,0.6924933790242332,38.43333333333333,61.766666666666666,1122.0288436993956,1.1202395668718963,0.002828213075796763,3.1294169659881543
turbo_lunar_lander_12d,12,mes_gumbel,native,fixed_p020,218,194,30,0.4048496723781676,0.23408160392871935,0.4668286632515261,0.08523086311761462,0.0,0.8890267579525213,0.0,1.2598762260433438,0.7752081289079311,0.6280829370073541,0.6919846317725915,38.6,62.06666666666667,1127.3342906746393,1.2738580241644135,0.002772198322539528,3.1826555313852927
turbo_lunar_lander_12d,12,mes_gumbel,native,fixed_p020,219,195,30,0.36432882219192564,0.08881378517778116,0.43508188335619485,0.07943472062533981,0.0,0.8118027410950954,0.0,1.175116359701732,0.7725824530888755,0.6251912867693843,0.689040851212786,38.833333333333336,62.46666666666667,1133.128852346198,1.6036647966752449,0.06305329925380647,3.1855151374048245
turbo_lunar_lander_12d,12,mes_gumbel,native,fixed_p020,22,0,30,2.018812395918843,2.0954128147140247,0.4247300673108744,0.07754474623895116,1.8243497978773924,2.256515884138674,0.4386501698383287,2.6667800721842894,0.9947753131421503,0.9627320698773395,0.9839994741725716,0.0,0.0,50.67616727862818,0.0,0.0012039132105807462,2.154215304010237
turbo_lunar_lander_12d,12,mes_gumbel,native,fixed_p020,220,196,30,0.36635044951563706,0.0876706712951909,0.43725164349378504,0.07983086281591768,0.0,0.8228192066660891,0.0,1.1842643649519473,0.7721969884870125,0.6248258479910443,0.6886017873486382,39.1,62.766666666666666,1138.32853263466,1.1531252208321046,0.0028800540914138157,3.1564328108138096
turbo_lunar_lander_12d,12,mes_gumbel,native,fixed_p020,221,197,30,0.38988149553367196,0.1459386014912225,0.45686282480172136,0.08341135827647782,0.0,0.8498801484578229,0.0,1.2477214314542238,0.7720261299419893,0.6245641122977404,0.688444877603349,39.2,62.93333333333333,1144.1815221783395,1.5488838805817067,0.002921313652768731,3.295318712806329
turbo_lunar_lander_12d,12,mes_gumbel,native,fixed_p020,222,198,30,0.38292841262167127,0.07841555055547977,0.4650682531759765,0.08490945768133532,0.0,0.8233566794899954,0.0,1.3200971336260254,0.7717486787420426,0.624257924748174,0.6880867844887381,39.333333333333336,63.1,1150.1745052503268,1.5025460094679146,0.0029813974630087613,3.2819702313281596
turbo_lunar_lander_12d,12,mes_gumbel,native,fixed_p020,223,199,30,0.35974366868900415,0.032375836800739966,0.43447041665666003,0.07932308259050698,0.0,0.7661707579165514,0.0,1.3202147417621348,0.7716723716147764,0.6239993226718954,0.6878586151040432,39.46666666666667,63.36666666666667,1156.2212916929275,1.581669502472505,0.0029903194090972344,3.243660920128847
turbo_lunar_lander_12d,12,mes_gumbel,native,fixed_p020,224,200,30,0.39266401933842926,0.06001236079340666,0.46546083793617554,0.08498113352429991,0.0,0.843790501458541,0.0,1.373740268710506,0.7697178313630108,0.6210448933718896,0.6852251571862324,39.666666666666664,63.56666666666667,1162.0098140262844,1.5203399961193402,0.06668936028145253,3.1675291983255494
turbo_lunar_lander_12d,12,mes_gumbel,native,fixed_p020,225,201,30,0.38160775985067014,0.050292016985734156,0.4612075112493866,0.0842045858673689,0.0,0.7287016811561504,0.0,1.3290511011887483,0.7693402420562151,0.620732663090086,0.684961678149122,39.9,63.93333333333333,1167.6107768054896,1.3642696135522177,0.0030495358786235254,3.299261946448435
turbo_lunar_lander_12d,12,mes_gumbel,native,fixed_p020,226,202,30,0.40860086899984405,0.04918245268234922,0.4798223573823148,0.08760317624453309,0.0,0.8711994667927669,0.0,1.328616055059253,0.7693223749493245,0.6204430579680023,0.6846471117435577,40.06666666666667,64.26666666666667,1172.8453611778716,1.2890878228005023,0.0028285935365905362,3.1329916410458583
turbo_lunar_lander_12d,12,mes_gumbel,native,fixed_p020,227,203,30,0.39560764538061893,0.06032002119493107,0.46358780359036655,0.08463916580357274,0.0,0.7933251095584111,0.0,1.2705469330231922,0.7692330701232718,0.6201810838811748,0.6843881767082028,40.2,64.5,1178.4575771119291,1.513406332116574,0.002843625284731388,3.155438772837321
turbo_lunar_lander_12d,12,mes_gumbel,native,fixed_p020,228,204,30,0.45270044723156266,0.32014582397179925,0.49899232459593457,0.09110311740104443,0.0,0.7611259566345911,0.0,1.5038542747166268,0.7691178324756487,0.6199892535116012,0.6842094219017831,40.36666666666667,64.66666666666667,1184.4383541881728,1.4113844051491469,0.003064101655036211,3.314341611073663
turbo_lunar_lander_12d,12,mes_gumbel,native,fixed_p020,229,205,30,0.43020625812014635,0.1929244803558814,0.4957089794727367,0.09050366333836107,0.0,0.916392638506449,0.0,1.5010916395290783,0.7665873204617207,0.6168224838450288,0.6809804619686516,40.766666666666666,65.03333333333333,1189.3902961685478,0.8807374691590667,0.06827372728536527,3.292486026743427
turbo_lunar_lander_12d,12,mes_gumbel,native,fixed_p020,23,0,30,2.029291854648789,2.0924241953842992,0.4307785176434424,0.07864903713398352,1.8221556810613653,2.2998905622316252,0.4639975490151611,2.646881173905956,0.994474263862337,0.9616650611612246,0.9833508850634076,0.0,0.0,53.184519387750576,0.0,0.0012581093392024438,2.163273108160744
turbo_lunar_lander_12d,12,mes_gumbel,native,fixed_p020,230,206,30,0.4424243499830014,0.22171186907826357,0.5025654562010484,0.09175547899472959,0.0,0.9182840030442083,0.0,1.4961851371734178,0.7660881386132612,0.6165108977590917,0.6806696304768923,40.96666666666667,65.3,1195.2309327219923,1.4596979937360932,0.002983397680024306,3.255083719532316
turbo_lunar_lander_12d,12,mes_gumbel,native,fixed_p020,231,207,30,0.43772307073287897,0.13649376816658831,0.506830823700158,0.09253422499316682,0.0,0.8973659753571466,0.0,1.4843008818194967,0.7659852164296489,0.6161824730208557,0.6804282510809748,41.166666666666664,65.7,1200.5269346927294,1.1744665881618856,0.0030271312842766445,3.232670079311356
turbo_lunar_lander_12d,12,mes_gumbel,native,fixed_p020,232,208,30,0.36408229445493256,0.06136330299796422,0.44466634475573524,0.0811845958620284,0.0,0.7868902884673883,0.0,1.1861924019861243,0.7658902170660405,0.6159400284622111,0.6801982833553446,41.333333333333336,66.0,1206.0330985169082,1.3809841034002601,0.0029794630749771993,3.275143712790062
turbo_lunar_lander_12d,12,mes_gumbel,native,fixed_p020,233,209,30,0.3885432174665694,0.05960329992284097,0.4757259488623135,0.08685527779414608,0.0,0.9131915512821032,0.0,1.3815462976751602,0.7656466365496667,0.6156483929513871,0.6799201466892911,41.56666666666667,66.4,1211.7091018404656,1.4409226159409931,0.00323373069986701,3.2549993344427395
turbo_lunar_lander_12d,12,mes_gumbel,native,fixed_p020,234,210,30,0.3196823017372274,0.0,0.43499953970588534,0.07941968680042585,0.0,0.692407439915006,0.0,1.3710909860440537,0.7671881847909258,0.6163670825118139,0.6810065599133732,41.766666666666666,66.63333333333334,1217.3006694199053,1.4217972713522613,0.07556138803871969,3.2425195031488934
turbo_lunar_lander_12d,12,mes_gumbel,native,fixed_p020,235,211,30,0.38282028143181784,0.0,0.5459467485495231,0.09967578312572486,0.0,0.6752659699615092,0.0,2.188730858047653,0.7651857282821923,0.6160991066226186,0.6807088224187977,41.93333333333333,66.86666666666666,1222.8888961484035,1.4370383178815245,0.0032197132085760435,3.2490143499492357
turbo_lunar_lander_12d,12,mes_gumbel,native,fixed_p020,236,212,30,0.38336563147797675,0.06507893646769014,0.47356180143416415,0.08646016033942468,0.0,0.8155044778614169,0.0,1.3640203271321503,0.7646466133988342,0.6158317111922997,0.6804289392102596,42.06666666666667,67.16666666666667,1228.8248913415086,1.5500475537497551,0.003321069680775205,3.335089368947471
turbo_lunar_lander_12d,12,mes_gumbel,native,fixed_p020,237,213,30,0.35407177993363165,0.060356550749123716,0.4517212919333664,0.08247264709909374,0.0,0.7470708221780162,0.0,1.348362869354121,0.7645876122238832,0.6155517090929675,0.6800714613256892,42.233333333333334,67.4,1234.431982580681,1.3435484080885847,0.0033178934827446938,3.382409880186121
turbo_lunar_lander_12d,12,mes_gumbel,native,fixed_p020,238,214,30,0.33542479959434074,0.0,0.44350460221882493,0.08097249166420205,0.0,0.7163273533751369,0.0,1.359569692222502,0.7633884200518527,0.615228399088399,0.6797079122251524,42.46666666666667,67.73333333333333,1240.0803455899004,1.3985361953731625,0.0034622153577705222,3.3195351956877857
turbo_lunar_lander_12d,12,mes_gumbel,native,fixed_p020,239,215,30,0.3642378365571658,0.0,0.4636082959818499,0.08464290718526361,0.0,0.7570605886761348,0.0,1.3489757068038934,0.7677385336167354,0.6200018654578751,0.684416297791092,42.666666666666664,68.16666666666667,1245.7767751666872,1.2563974813868601,0.08303924712042014,3.2945483108672002
turbo_lunar_lander_12d,12,mes_gumbel,native,fixed_p020,24,0,30,1.9789134699739348,1.8978690382657675,0.6695397847580342,0.12224068108637631,1.7052837871157773,2.3542641825037984,0.0,3.869210107643327,0.7245680538849998,0.5573613631664515,0.6330507827136042,0.0,0.0,55.34675086803424,0.0,0.009567822252089778,1.812600942639013
turbo_lunar_lander_12d,12,mes_gumbel,native,fixed_p020,240,216,30,0.32533096193733807,0.0,0.4405570589806164,0.08043434635727251,0.0,0.5829346146359873,0.0,1.3668475175092638,0.7676680254980947,0.6196465763619617,0.6840420482708062,42.93333333333333,68.56666666666666,1251.0141383235498,1.1980787797210117,0.003307464361811678,3.270285112488394
turbo_lunar_lander_12d,12,mes_gumbel,native,fixed_p020,241,217,30,0.32539391403608825,0.0,0.44466980937532,0.08118522841212833,0.0,0.5943738988284979,0.0,1.3672335370615953,0.7673321384828159,0.6192853492680448,0.683686219406192,43.166666666666664,69.0,1256.3640894544467,1.2782529071904718,0.0033131032716482876,3.229360118911912
turbo_lunar_lander_12d,12,mes_gumbel,native,fixed_p020,242,218,30,0.3379923321406511,0.0,0.4475415445729227,0.08170953312776451,0.0,0.6826837799112317,0.0,1.4412920862263836,0.7671527323296558,0.61900923493575,0.6834472414850857,43.3,69.36666666666666,1261.8518753515866,1.4681161757248142,0.003233564117302497,3.1069269944603244
turbo_lunar_lander_12d,12,mes_gumbel,native,fixed_p020,243,219,30,0.34710527394708796,0.0,0.44907249002075267,0.08198904424645995,0.0,0.6554060780749393,0.0,1.4413382826888703,0.7666960297996561,0.6186915954244133,0.6830635582730412,43.56666666666667,69.7,1266.8001576583056,1.1035371120398243,0.003211644742016991,3.073676193722834
turbo_lunar_lander_12d,12,mes_gumbel,native,fixed_p020,244,220,30,0.3168837402455779,0.0,0.4375220985142063,0.07988024092107611,0.0,0.5468637406754244,0.0,1.4377460827432784,0.7640076765965792,0.6169176109822645,0.6809164958134495,43.733333333333334,70.06666666666666,1272.2629133943158,1.3944978111578772,0.07758241437065104,3.1403158359850445
turbo_lunar_lander_12d,12,mes_gumbel,native,fixed_p020,245,221,30,0.3171826308348921,0.0,0.44008747553268285,0.08034861254158442,0.0,0.5875091847560341,0.0,1.423132231513092,0.7639481763643384,0.6167471481344473,0.6807458767325436,43.766666666666666,70.26666666666667,1278.0917543553126,1.5739413290905455,0.003231979254633188,3.0028085383586585
turbo_lunar_lander_12d,12,mes_gumbel,native,fixed_p020,246,222,30,0.3082491750296222,0.0,0.4299098654274334,0.07849044366287188,0.0,0.5993291402680692,0.0,1.4388793371691488,0.7638870112269266,0.6163773216217201,0.6803364390029152,44.0,70.46666666666667,1282.8425337833353,0.956944156717509,0.0031616229098290205,3.026032006694004
turbo_lunar_lander_12d,12,mes_gumbel,native,fixed_p020,247,223,30,0.3229341545394209,0.0,0.44494091550287146,0.08123472539264093,0.0,0.5947395830502197,0.0,1.4263360552235758,0.7637035517071272,0.6161265970093462,0.68010707192015,44.166666666666664,70.8,1288.2394018388818,1.314543433797856,0.003410599675650398,3.1455458798911424
turbo_lunar_lander_12d,12,mes_gumbel,native,fixed_p020,248,224,30,0.3223521435186913,0.0,0.43712747429669235,0.0798081927258527,0.0,0.6351198219427894,0.0,1.4263360552235758,0.7636057053441211,0.6158792817332636,0.6797533085641366,44.333333333333336,71.13333333333334,1293.3781779013264,1.1139997878888002,0.0033236764681835967,3.123025331335763
turbo_lunar_lander_12d,12,mes_gumbel,native,fixed_p020,249,225,30,0.31515715131149946,0.0,0.43650478648196506,0.07969450600504946,0.0,0.5813628633627477,0.0,1.3727602848658855,0.7612004209012095,0.6132205821503882,0.6771333492303626,44.56666666666667,71.46666666666667,1298.9729360535275,1.4264270356235405,0.0800923636648804,3.085174782543133
turbo_lunar_lander_12d,12,mes_gumbel,native,fixed_p020,25,1,30,2.110673933025171,2.028169751559788,0.8837547092588157,0.16135079652082435,1.7532405948546783,2.5958498285053655,0.0,3.8899317486328018,0.7219347624166873,0.5553007357288529,0.6308125095842821,0.23333333333333334,0.0,60.24889193656854,1.98128302761664,0.001278861751779914,1.7841516052527975
turbo_lunar_lander_12d,12,mes_gumbel,native,fixed_p020,250,226,30,0.31770779380316194,0.0,0.4437319586416218,0.08101400107798856,0.0,0.6085938750036366,0.0,1.3757557110979153,0.7608497529470089,0.6129761118043541,0.6767590254658113,44.733333333333334,71.8,1304.5471103555988,1.3920088693810007,0.003376234524572889,3.109671868306274
turbo_lunar_lander_12d,12,mes_gumbel,native,fixed_p020,251,227,30,0.2996668256886303,0.0,0.42908235811042456,0.07833936218819643,0.0,0.5471099575681928,0.0,1.3824491835294523,0.7601837096059323,0.6126616297651569,0.6763794896106697,44.93333333333333,72.1,1309.8857656645434,1.345108102929468,0.003359239036217332,3.0837608941520256
turbo_lunar_lander_12d,12,mes_gumbel,native,fixed_p020,252,228,30,0.3125599338168611,0.0,0.4477620610588553,0.08174979374564685,0.0,0.5741019271319702,0.0,1.3824365901876363,0.7599048959132071,0.6124464772056484,0.6761753113160343,45.06666666666667,72.36666666666666,1315.4501667529655,1.4833814203428726,0.0033660977768401306,3.083205378210793
turbo_lunar_lander_12d,12,mes_gumbel,native,fixed_p020,253,229,30,0.3227531521292257,0.0,0.46201047445981713,0.08435118622176875,0.0,0.5750805384464146,0.0,1.3908763807186362,0.7596017493206401,0.6121396719215471,0.6758843474580751,45.3,72.73333333333333,1320.8318000907389,1.4239756977185607,0.003335359195868174,3.131813292298466
turbo_lunar_lander_12d,12,mes_gumbel,native,fixed_p020,254,230,30,0.3334490955362898,0.0,0.4602631662935858,0.08403217285591613,0.0,0.6139032341139237,0.0,1.3772432560424823,0.7573448781600788,0.6090370855784818,0.6730814208565584,45.4,73.06666666666666,1325.8986268363428,1.186786435249572,0.08256725623893241,3.066759275784716
turbo_lunar_lander_12d,12,mes_gumbel,native,fixed_p020,255,231,30,0.30776935190209875,0.0,0.4242584911240667,0.07745864860058554,0.0,0.5836848610067487,0.0,1.3620039841222702,0.7566930898901332,0.6087215582522949,0.6726815539960905,45.56666666666667,73.26666666666667,1330.915459682094,1.1041390427543472,0.0033508023557563623,3.0996105077521254
turbo_lunar_lander_12d,12,mes_gumbel,native,fixed_p020,256,232,30,0.30047590438605654,0.0,0.42008374064494547,0.07669644693079547,0.0,0.5787851514462414,0.0,1.308056174455313,0.7565628812555697,0.6084746605281666,0.6724979695891891,45.7,73.5,1336.4868518253634,1.3414833129073183,0.004009895554433266,3.177542087777207
turbo_lunar_lander_12d,12,mes_gumbel,native,fixed_p020,257,233,30,0.36373112496013993,0.0,0.48747784870687244,0.08900087134028153,0.0,0.7033849016905682,0.0,1.6658320264168427,0.7557355512086755,0.6081338825600254,0.6721856097752054,45.96666666666667,73.83333333333333,1341.7194675198912,1.1836580360308289,0.003511521903177102,3.3269031738862394
turbo_lunar_lander_12d,12,mes_gumbel,native,fixed_p020,258,234,30,0.35034944491332365,0.0,0.46558112685914754,0.08500309517647649,0.0,0.6197018083124216,0.0,1.6213834821883424,0.7556109281621226,0.6078401799111511,0.6719394232670368,46.233333333333334,74.16666666666667,1347.015662712821,1.17593311338375,0.003438063229744633,3.176131106742347
turbo_lunar_lander_12d,12,mes_gumbel,native,fixed_p020,259,235,30,0.3117042527170529,0.0,0.426001826773996,0.07777693668750861,0.0,0.4320218605714988,0.0,1.395501106878323,0.7554429322293229,0.6071910623724901,0.6715194884203999,46.43333333333333,74.5,1352.099102334942,1.0234556606660286,0.08859034876028697,3.171075137052685
turbo_lunar_lander_12d,12,mes_gumbel,native,fixed_p020,26,2,30,1.9033686793463676,1.8887430524929543,0.7648031063236831,0.13963330446116773,1.626641315068246,2.3619148955799667,0.0,3.864448006671237,0.7201965015636047,0.5531852864889774,0.6284368839457967,0.4666666666666667,0.3333333333333333,64.68875837419182,2.0054351795619976,0.0013108994346112013,1.6415568434478094
turbo_lunar_lander_12d,12,mes_gumbel,native,fixed_p020,260,236,30,0.3261013370179687,0.0,0.45468025932014117,0.08301287816064662,0.0,0.4652906196323215,0.0,1.6035121914324098,0.7553555337223056,0.6068927941873681,0.6711969322173466,46.86666666666667,75.06666666666666,1357.3069027090755,1.1561694666743279,0.003687515249475837,3.192114703450352
turbo_lunar_lander_12d,12,mes_gumbel,native,fixed_p020,261,237,30,0.36452861864547675,0.0,0.4938149827098215,0.0901578684213976,0.0,0.6634922651309493,0.0,1.5990378811457564,0.7553037785494182,0.6066504034822067,0.6708991788346036,47.1,75.46666666666667,1362.9147743918313,1.3878297925771526,0.0035850816406309606,3.1933526419258365
turbo_lunar_lander_12d,12,mes_gumbel,native,fixed_p020,262,238,30,0.3429450015291396,0.0,0.47877265876305913,0.08741152837375031,0.0,0.4764690220459094,0.0,1.6585539268586311,0.7547874152028268,0.6063116170736395,0.6705149630582942,47.46666666666667,75.86666666666666,1367.9685281234329,1.0579524895331511,0.003491657382498185,3.175004714820534
turbo_lunar_lander_12d,12,mes_gumbel,native,fixed_p020,263,239,30,0.2664573846566975,0.0,0.3931822633640532,0.07178493161847634,0.0,0.39795402594137524,0.0,1.4148866695095117,0.7546393244475186,0.6059684393721166,0.670273709296814,47.8,76.3,1372.881501601093,1.0529660257976503,0.0036363329272717237,3.0583077979429314
turbo_lunar_lander_12d,12,mes_gumbel,native,fixed_p020,264,240,30,0.28309251590836265,0.0,0.41104252720601614,0.07504575474822199,0.0,0.4885616236453158,0.0,1.4173557183434409,0.7540359767396868,0.6045784505988505,0.6691826247482309,48.1,76.86666666666666,1378.1115436128962,1.0499244347835581,0.09897001897916198,3.1585426467626045
turbo_lunar_lander_12d,12,mes_gumbel,native,fixed_p020,265,241,30,0.31145503167232247,0.0,0.43136976887733414,0.07875698434663529,0.0,0.5410611700471988,0.0,1.4223433579774563,0.7537825669594415,0.6042985109418065,0.6689515776767916,48.4,77.26666666666667,1383.4029993017514,1.02213478339836,0.0035847715412576993,3.110410349893694
turbo_lunar_lander_12d,12,mes_gumbel,native,fixed_p020,266,242,30,0.3295126711975063,0.0,0.45089303643169315,0.08232142902521233,0.0,0.6201676043354887,0.0,1.4648046559986976,0.7537669705854,0.604147408724499,0.668865835092255,48.46666666666667,77.56666666666666,1388.9506043614044,1.3764210807004322,0.0035761946191390356,3.004550231729324
turbo_lunar_lander_12d,12,mes_gumbel,native,fixed_p020,267,243,30,0.306179660081685,0.0,0.4281545352398942,0.07816996568301021,0.0,0.5023820799355556,0.0,1.4758259492229993,0.753525389794442,0.6039682804491167,0.6686521388188624,48.53333333333333,77.7,1394.1331898862031,1.2111321126886954,0.0035965618677437305,3.0409216934194165
turbo_lunar_lander_12d,12,mes_gumbel,native,fixed_p020,268,244,30,0.30692276424705994,0.0,0.4367112036363119,0.07973219244894672,0.0,0.4894767105408261,0.0,1.464610348058606,0.7532598002250429,0.6036660996245208,0.6683902122818893,48.733333333333334,77.96666666666667,1399.2217698202314,1.1789882313460112,0.0036893789501239857,3.126716650944824
turbo_lunar_lander_12d,12,mes_gumbel,native,fixed_p020,269,245,30,0.32488262789367717,0.0,0.4475791007089152,0.08171638990871645,0.0,0.6193490282775778,0.0,1.4656231789925727,0.7553777967657361,0.6053449134422365,0.6702734942454286,48.96666666666667,78.33333333333333,1404.2816059603977,1.0836095531005412,0.10108211104137202,3.093259919776271
turbo_lunar_lander_12d,12,mes_gumbel,native,fixed_p020,27,3,30,1.8313943042125973,1.8039010912912947,0.6449343962935052,0.11774837232030967,1.6097029923189827,2.2990098665919687,0.0,2.7662845683285076,0.7193957585999641,0.5513524311137741,0.6263198251782176,0.7,0.6666666666666666,68.72268799549589,1.8843077620336166,0.0012774571776390075,1.6578293009661138
turbo_lunar_lander_12d,12,mes_gumbel,native,fixed_p020,270,246,30,0.3044411095450258,0.0,0.43844638122907625,0.0800489910852249,0.0,0.5178296636688671,0.0,1.4656231789925727,0.7552233984204564,0.6050753611187919,0.6699882626190233,49.13333333333333,78.6,1409.7937001789765,1.372627546126023,0.0037090115404377383,3.095751333422959
turbo_lunar_lander_12d,12,mes_gumbel,native,fixed_p020,271,247,30,0.35512341503245826,0.0,0.47953712391713244,0.08755109997685451,0.0,0.6168469241891752,0.0,1.4683534530602784,0.7551282447344269,0.6047903245297189,0.669783936102158,49.3,78.86666666666666,1415.1391906553258,1.098050202149898,0.003645597460369269,3.2409976098996895
turbo_lunar_lander_12d,12,mes_gumbel,native,fixed_p020,272,248,30,0.3515261494506362,0.0,0.46819681618182807,0.08548065252496234,0.0,0.5976676160323231,0.0,1.4468366812018867,0.755034995850331,0.6045501011359795,0.6695606529670651,49.43333333333333,79.16666666666667,1420.6436361760211,1.2267495737721523,0.0036673273891210554,3.280684436283385
turbo_lunar_lander_12d,12,mes_gumbel,native,fixed_p020,273,249,30,0.31787284360824536,0.0,0.414878469320177,0.07574609875662532,0.0,0.5536914100466057,0.0,1.4189868982290195,0.7548425701504652,0.6043202903892874,0.6692594519290107,49.53333333333333,79.33333333333333,1426.404581520396,1.448041674044604,0.0037482700931529204,3.158066274753461
turbo_lunar_lander_12d,12,mes_gumbel,native,fixed_p020,274,250,30,0.33498194818921334,0.0,0.44307559670347607,0.08089416633151848,0.0,0.7512027976959892,0.0,1.512003463070414,0.758244367531209,0.612253014529904,0.6748528029512373,49.766666666666666,79.6,1431.4163505714232,0.8705428054711472,0.10146314518836637,3.1382595687483748
turbo_lunar_lander_12d,12,mes_gumbel,native,fixed_p020,275,251,30,0.3102942171750159,0.0,0.425020643641557,0.07759779797594847,0.0,0.6152491134978788,0.0,1.4860221203550261,0.7571809177409327,0.6120085042541628,0.6745646756452827,50.0,80.0,1436.533923946942,1.1283209843095392,0.0036598070058971644,3.0766957024888444
turbo_lunar_lander_12d,12,mes_gumbel,native,fixed_p020,276,252,30,0.3168085398698065,0.0,0.4295978565830067,0.07843347890212733,0.0,0.6046487365228738,0.0,1.3799578326918023,0.7570829806102694,0.6117131060799095,0.6742636335696877,50.1,80.26666666666667,1441.5105034699197,1.0997609944548459,0.0036309459091474613,3.0505650714971124
turbo_lunar_lander_12d,12,mes_gumbel,native,fixed_p020,277,253,30,0.3169441711875071,0.0,0.43031686349508963,0.07856475100371065,0.0,0.6268048271960411,0.0,1.467499025695035,0.7569054947058118,0.6115146059401702,0.6740919123649541,50.3,80.5,1446.5689616645375,1.0757685937918722,0.003810082810620467,3.1970035220341138
turbo_lunar_lander_12d,12,mes_gumbel,native,fixed_p020,278,254,30,0.30656251321575734,0.0,0.44084370449777627,0.08048668042919124,0.0,0.6353723301957155,0.0,1.4669071241338052,0.7567507021917854,0.6113659662133892,0.6739001365387659,50.4,80.66666666666667,1451.9098979275673,1.106814754443864,0.003896155161783099,3.2281918914057313
turbo_lunar_lander_12d,12,mes_gumbel,native,fixed_p020,279,255,30,0.29999864740196286,0.0,0.4404507369860712,0.08041493470568205,0.0,0.5988586480617735,0.0,1.4663908797525314,0.754165854660228,0.6084809550526008,0.6710850980467683,50.46666666666667,80.83333333333333,1457.5018934735874,1.2646646874180685,0.1099105282065769,3.145547644390414
turbo_lunar_lander_12d,12,mes_gumbel,native,fixed_p020,28,4,30,1.8247534434527346,1.87396089736815,0.6303459390109227,0.11508489660935269,1.6824737471111002,2.2587259479434993,0.0,2.647161975120423,0.717002148984772,0.5497292831991435,0.6242159452530726,0.8,1.0,73.54265170260332,2.2876064883855483,0.0012586922695239386,1.6320506874161462
turbo_lunar_lander_12d,12,mes_gumbel,native,fixed_p020,280,256,30,0.30639967286975794,0.0,0.42514066683704943,0.07761971111314682,0.0,0.6032653771870907,0.0,1.4680357422090011,0.7539155648231959,0.6082210453464157,0.670804097139831,50.8,81.23333333333333,1462.4227731458377,0.9087795899094393,0.0037876111455261707,3.084878008207306
turbo_lunar_lander_12d,12,mes_gumbel,native,fixed_p020,281,257,30,0.31510239779623633,0.0,0.4275151743821759,0.07805323489495748,0.0,0.5907979034113885,0.0,1.2820128117787375,0.7536567107788811,0.6079971026708818,0.6706285005210243,50.93333333333333,81.63333333333334,1467.5882372534522,1.1539793661174675,0.0038200365224232277,3.0732466924314696
turbo_lunar_lander_12d,12,mes_gumbel,native,fixed_p020,282,258,30,0.31177579402226624,0.0,0.431872910875851,0.07884884508737393,0.0,0.5800471043865054,0.0,1.3537162267672633,0.7535774467766303,0.6078214750830655,0.670488134327369,51.03333333333333,81.8,1472.8013046361816,1.2759835604112595,0.0037741816292206445,3.0399624813037613
turbo_lunar_lander_12d,12,mes_gumbel,native,fixed_p020,283,259,30,0.2839132931364062,0.0,0.39866593076076884,0.07278610772882192,0.0,0.4492511451810762,0.0,1.2570394225256027,0.7533485663581907,0.6074706068365774,0.6700248234149114,51.266666666666666,82.13333333333334,1477.6061913228127,0.9364590648561716,0.003891213641812404,3.104998868346835
turbo_lunar_lander_12d,12,mes_gumbel,native,fixed_p020,284,260,30,0.29082239005241317,0.0,0.39750697414108,0.07257451216756408,0.0,0.5132641190749372,0.0,1.1914694571433548,0.7562595418673144,0.6094957366288931,0.6724990165127374,51.3,82.4,1483.0363781848457,1.3663536586643508,0.10956956787655751,3.0066544105143596
turbo_lunar_lander_12d,12,mes_gumbel,native,fixed_p020,285,261,30,0.29382833315263,0.0,0.42990024346778344,0.07848868694142264,0.0,0.5212985436864892,0.0,1.321770599856932,0.7561982864183773,0.6092438484312923,0.6722275167831996,51.46666666666667,82.6,1488.1870538700061,1.18067979789339,0.003852348029613495,3.0814671901675563
turbo_lunar_lander_12d,12,mes_gumbel,native,fixed_p020,286,262,30,0.29915879876505685,0.0,0.41690005321965623,0.07611518779116999,0.0,0.6359902516380558,0.0,1.323178046217191,0.756108651096296,0.6090471701590586,0.6720670660324521,51.56666666666667,82.86666666666666,1493.7431047388507,1.3865331035107373,0.004087005027880271,3.16592466517662
turbo_lunar_lander_12d,12,mes_gumbel,native,fixed_p020,287,263,30,0.2998510599615888,0.0,0.42331747185526564,0.07728684277372909,0.0,0.6332570663955244,0.0,1.3066319826763486,0.75606857061981,0.6088057269660341,0.6717820505537501,51.766666666666666,83.1,1498.6972445136246,1.0572134230441104,0.0038585593923926354,3.1891365355346353
turbo_lunar_lander_12d,12,mes_gumbel,native,fixed_p020,288,264,30,0.28812773758482396,0.0,0.4118868257225651,0.07519990186248265,0.0,0.385926661491271,0.0,1.3121620761875281,0.7554706395226949,0.6085386139179164,0.6715216921987734,51.93333333333333,83.46666666666667,1503.837165384631,1.1438762190596512,0.003876944755514463,3.1085820958328743
turbo_lunar_lander_12d,12,mes_gumbel,native,fixed_p020,289,265,30,0.3318439694253002,0.0,0.47174956378292543,0.08612929252571014,0.0,0.7367613157935181,0.0,1.5878905346451035,0.7584568462714828,0.6114938767861561,0.674626693573697,52.06666666666667,83.7,1509.1782776279995,1.2922881267188737,0.10970310145057738,3.145482380424316
turbo_lunar_lander_12d,12,mes_gumbel,native,fixed_p020,29,5,30,1.770443158348923,1.7976668800548325,0.6313995727188998,0.11527726292575496,1.5544781780324752,2.2779034554126047,0.0,2.4948972073096156,0.7695797246748798,0.6105518803968335,0.6826005464608971,1.0,1.3,78.1046585530974,2.126717804015304,0.0094188559645166,1.7301907581121971
turbo_lunar_lander_12d,12,mes_gumbel,native,fixed_p020,290,266,30,0.29570354961059464,0.0,0.4540627935065935,0.08290014484245718,0.0,0.43791624852127364,0.0,1.591919141867071,0.7582592605359921,0.6113048629337072,0.6742999007260895,52.233333333333334,83.93333333333334,1514.4102342278698,1.195628624005864,0.003913062469412883,3.1658924786218754
turbo_lunar_lander_12d,12,mes_gumbel,native,fixed_p020,291,267,30,0.2959175712310838,0.0,0.44449706081894913,0.08115368898509473,0.0,0.440253253673178,0.0,1.3431712127223536,0.7580140795475163,0.6110513603724407,0.6741019144654106,52.4,84.26666666666667,1519.5539698533714,1.136075999867171,0.004033048590645194,3.107670182408765
turbo_lunar_lander_12d,12,mes_gumbel,native,fixed_p020,292,268,30,0.30311604109116935,0.0,0.4418233186943011,0.08066553269355421,0.0,0.4619146551549774,0.0,1.3256953551952442,0.7579651552900731,0.6108085301380367,0.6738980343475904,52.56666666666667,84.53333333333333,1524.547916428186,1.207857839219893,0.0039088389370590445,3.040588160076489
turbo_lunar_lander_12d,12,mes_gumbel,native,fixed_p020,293,269,30,0.2558818412166447,0.0,0.3952376896065991,0.07216019939125316,0.0,0.3501743158865223,0.0,1.3256953551952442,0.7579338084097559,0.6105888549073036,0.673714481135174,52.733333333333334,84.86666666666666,1529.4940424433132,1.0448926432989538,0.004005616546298067,3.0406667308416218
turbo_lunar_lander_12d,12,mes_gumbel,native,fixed_p020,294,270,30,0.2703658022735155,0.0,0.39188589821896597,0.07154824880756709,0.0,0.46400462331894915,0.0,1.256275443146321,0.7588112141887788,0.6109824421328816,0.674372293339521,53.0,85.23333333333333,1534.4473191082632,1.0299798988426725,0.11549029486874739,2.9457237570391346
turbo_lunar_lander_12d,12,mes_gumbel,native,fixed_p020,295,271,30,0.26677543182356805,0.0,0.4143671962139758,0.07565275348552127,0.0,0.4736669110358461,0.0,1.4343442158179358,0.7587164489425884,0.6107346005204606,0.6740801777965056,53.2,85.63333333333334,1539.1872638316204,1.0692806938352684,0.0038712709366033474,2.940549738658592
turbo_lunar_lander_12d,12,mes_gumbel,native,fixed_p020,296,272,30,0.27181413376066893,0.0,0.41018806839993976,0.074889752627373,0.0,0.49989298356406303,0.0,1.1867094359299113,0.7584973903112325,0.6105665071699691,0.6739408317933233,53.266666666666666,85.9,1544.6179376588202,1.4062516087666155,0.003966812711829941,2.942744570272043
turbo_lunar_lander_12d,12,mes_gumbel,native,fixed_p020,297,273,30,0.2719379638924174,0.0,0.4150214812548181,0.0757722090441571,0.0,0.34580035210858695,0.0,1.1867094359299113,0.7577546113363117,0.6103054100696905,0.6737642080991496,53.53333333333333,86.16666666666667,1549.430790875759,1.0432711474442233,0.004135749644289414,2.9734363718579213
turbo_lunar_lander_12d,12,mes_gumbel,native,fixed_p020,298,274,30,0.26795863927294955,0.0,0.40711017938724914,0.07432780954679036,0.0,0.34879670753713266,0.0,1.2487977029097679,0.7573209140563356,0.6101215358676588,0.673533972142545,53.7,86.46666666666667,1554.5761116427213,1.161740751688679,0.004137142188847065,3.093517124761517
turbo_lunar_lander_12d,12,mes_gumbel,native,fixed_p020,299,275,30,0.268612031616139,0.0,0.42104595779265525,0.07687212294313511,0.0,0.4840425422942996,0.0,1.305381769441186,0.7583868031318318,0.6108564234024658,0.6744975512020748,53.93333333333333,86.8,1559.5961493795892,1.0438435299166788,0.1247260132804513,3.0698630211874844
turbo_lunar_lander_12d,12,mes_gumbel,native,fixed_p020,3,0,30,2.683683525413747,2.7044645277229673,0.4563391405767613,0.08331574705547107,2.3869223533663404,2.9571486715857542,1.810462903821802,3.5922050422052374,0.9994823997095069,0.9919775531518832,0.9979881802333577,0.0,0.0,4.946518129110336,0.0,0.0011654114505896965,1.7553275567789872
turbo_lunar_lander_12d,12,mes_gumbel,native,fixed_p020,30,6,30,1.8143669798765631,1.8693786207632208,0.637039222987519,0.11630691748194258,1.7286169609231505,2.272147121192569,0.0,2.5276478624038936,0.7662361989675212,0.6090127592153591,0.6809415286012328,1.1333333333333333,1.6333333333333333,82.82629120461642,2.3643596121886126,0.0012212782632559538,1.7032119792886078
turbo_lunar_lander_12d,12,mes_gumbel,native,fixed_p020,300,276,30,0.2547734103293235,0.0,0.41205216606964795,0.075230088741737,0.0,0.3593554734982809,0.0,1.4036435995979153,0.7582200587833547,0.6106611724938434,0.6742818268969107,54.06666666666667,87.1,1565.0615630326793,1.3861542055693765,0.0041134411313881476,2.976122714874024
turbo_lunar_lander_12d,12,mes_gumbel,native,fixed_p020,301,277,30,0.2855921484326724,0.0,0.44963637966391873,0.08209199593896181,0.0,0.480947421604232,0.0,1.3637550967452106,0.7580113316655369,0.6103908307492837,0.6740143801699972,54.233333333333334,87.4,1570.073503662475,1.2304817225939284,0.0042906045913696286,2.9618870725544792
turbo_lunar_lander_12d,12,mes_gumbel,native,fixed_p020,302,278,30,0.2783398027616259,0.0,0.45011884228745136,0.08218008115964913,0.0,0.3940401067831959,0.0,1.362224222121145,0.7578699608337707,0.6101409833926063,0.6737935084320011,54.333333333333336,87.6,1575.0209197546822,1.2536801662451278,0.004056359253202875,2.9911092664891235
turbo_lunar_lander_12d,12,mes_gumbel,native,fixed_p020,303,279,30,0.2588464907256138,0.0,0.3867987950705287,0.07061947509198221,0.0,0.4231193683806085,0.0,1.2481956574708053,0.7578210584407225,0.6098868827099271,0.6735244129055429,54.6,87.96666666666667,1579.8051919208374,0.9714570989832282,0.004218968019510309,2.9990611558003972
turbo_lunar_lander_12d,12,mes_gumbel,native,fixed_p020,304,280,30,0.2605353860378802,0.0,0.408137767659469,0.07451542063896455,0.0,0.5160494549438559,0.0,1.2629970002868198,0.7579745838096538,0.6092749568582244,0.6732514246901288,54.9,88.4,1584.7584791865665,1.0560641513516507,0.12570248218253255,3.087935776061689
turbo_lunar_lander_12d,12,mes_gumbel,native,fixed_p020,305,281,30,0.25163036760885754,0.0,0.3933771996697758,0.07182052195578333,0.0,0.4994066158032924,0.0,1.2541745018965063,0.757914584295949,0.6090018592516219,0.6729276739287369,55.266666666666666,88.8,1589.6242321448867,1.041184895671904,0.004274314843739072,2.9942633644056817
turbo_lunar_lander_12d,12,mes_gumbel,native,fixed_p020,306,282,30,0.23468781520973678,0.0,0.38069918480728554,0.06950584371425944,0.0,0.41631457093919527,0.0,1.2871749246442776,0.7578667685454896,0.6088190503049226,0.6728016523173196,55.43333333333333,89.2,1594.8180687428296,1.2247557257612547,0.0042604669307669,2.919928646894793
turbo_lunar_lander_12d,12,mes_gumbel,native,fixed_p020,307,283,30,0.2561868766429439,0.0,0.39409452710050036,0.07195148742742502,0.0,0.46408581966482026,0.0,1.2551131791382084,0.7578354378151311,0.6085452262234282,0.6725490920033388,55.86666666666667,89.6,1599.1731527900633,0.7713764667045325,0.004124230410282811,2.862147548686092
turbo_lunar_lander_12d,12,mes_gumbel,native,fixed_p020,308,284,30,0.22929004114056398,0.0,0.36404183733709355,0.06646464206171751,0.0,0.38031555293407365,0.0,1.3379680409096602,0.7560133135841557,0.6082398617788407,0.6723066448145839,56.06666666666667,90.1,1603.8537529873972,1.0414928364101796,0.004173280127967398,2.86852938127704
turbo_lunar_lander_12d,12,mes_gumbel,native,fixed_p020,309,285,30,0.25936368643946006,0.0,0.39356420681852267,0.07185466463371112,0.0,0.526664634744753,0.0,1.2986015172566656,0.756175017288438,0.6078435328169522,0.6721186926292072,56.166666666666664,90.33333333333333,1608.9372651701483,1.31533015887253,0.12015365487895906,2.8377955907179664
turbo_lunar_lander_12d,12,mes_gumbel,native,fixed_p020,31,7,30,1.8676465888559617,1.8867142215138464,0.541321829118587,0.09883139222606899,1.7208264707570995,2.292920982372937,0.0,2.5972002303228883,0.7649916522320255,0.6076516165681378,0.6793753700760841,1.2666666666666666,1.8333333333333333,87.80482617723756,2.4140981019164127,0.001265007940431436,1.7854325547038268
turbo_lunar_lander_12d,12,mes_gumbel,native,fixed_p020,310,286,30,0.26998197997011825,0.0,0.40498710265019827,0.07394019054005795,0.0,0.5321450862772141,0.0,1.276549750886658,0.75611365688946,0.6075488519892844,0.6718296911960597,56.43333333333333,90.7,1613.734470598974,1.0394166596233845,0.004162742538998524,2.864767206211885
turbo_lunar_lander_12d,12,mes_gumbel,native,fixed_p020,311,287,30,0.2699244754758324,0.0,0.4218527875222766,0.07701942922412826,0.0,0.5378780567936253,0.0,1.3131792200733172,0.7559900034853232,0.6072753003096802,0.6715624283723148,56.6,91.13333333333334,1618.6066595522686,1.2204874092868219,0.004181867294634382,2.914816699627166
turbo_lunar_lander_12d,12,mes_gumbel,native,fixed_p020,312,288,30,0.274889630892397,0.0,0.43030354373928015,0.07856231916013821,0.0,0.5114664051504213,0.0,1.3332870921438786,0.7557949796111425,0.6069980635311658,0.671311270235514,56.86666666666667,91.56666666666666,1623.129103206036,0.9443533746991306,0.004274436474467317,2.881134993319089
turbo_lunar_lander_12d,12,mes_gumbel,native,fixed_p020,313,289,30,0.2563452329591895,0.0,0.3962515516185925,0.07234530442264193,0.0,0.510127422712189,0.0,1.1721350522593355,0.7554916426277133,0.6067909238185331,0.6711610080856294,57.06666666666667,91.9,1627.8384342551076,1.0271068195036301,0.0042931893995652596,2.8722791091538964
turbo_lunar_lander_12d,12,mes_gumbel,native,fixed_p020,314,290,30,0.24562963792321477,0.0,0.3696002620764976,0.06747946693303963,0.0,0.4556730781265345,0.0,1.2528335907204322,0.7541241163738556,0.60487354043781,0.6694327313851112,57.3,92.26666666666667,1632.7125241873475,1.0538816573719183,0.12670578255007664,2.9750559563438097
turbo_lunar_lander_12d,12,mes_gumbel,native,fixed_p020,315,291,30,0.2268883019025467,0.0,0.362312822423996,0.06614896857166205,0.0,0.443188601246802,0.0,1.2199297055506477,0.7534528764487408,0.6046454094016215,0.6691794661731918,57.5,92.63333333333334,1637.651227095149,1.1659334395236025,0.0042985457926988605,2.9452764878825595
turbo_lunar_lander_12d,12,mes_gumbel,native,fixed_p020,316,292,30,0.22866371381495706,0.0,0.3865267864280698,0.07056981333554517,0.0,0.3756100826658601,0.0,1.2219764013449992,0.7533130805155781,0.6044427964223775,0.6689857577432605,57.7,93.03333333333333,1642.4212849336986,1.0834292717743665,0.004219441022723913,2.9181497672883174
turbo_lunar_lander_12d,12,mes_gumbel,native,fixed_p020,317,293,30,0.24795980498665218,0.0,0.4134211933753546,0.07548003778746236,0.0,0.3968651758925635,0.0,1.2220940669626033,0.7532608104431894,0.6041340410694885,0.668582614922617,57.9,93.43333333333334,1647.2080231861678,1.134428070221717,0.004305972655614217,2.9066127336584033
turbo_lunar_lander_12d,12,mes_gumbel,native,fixed_p020,318,294,30,0.25403400733877307,0.0,0.41178154589361554,0.07518068048342734,0.0,0.4502990391735607,0.0,1.3022270086238632,0.7532409007715765,0.6039578040204845,0.6683682950400078,58.13333333333333,93.8,1652.0519209664935,1.0408306199125945,0.0044150377313296,2.984345060167834
turbo_lunar_lander_12d,12,mes_gumbel,native,fixed_p020,319,295,30,0.24349676835424336,0.0,0.39363106578081153,0.07186687135431678,0.0,0.4078574004338152,0.0,1.3259394181624877,0.7519796881656745,0.6018389193722128,0.6665069428020307,58.233333333333334,94.13333333333334,1657.3071432567513,1.3250066610208402,0.1361443943499277,2.9439063421760996
turbo_lunar_lander_12d,12,mes_gumbel,native,fixed_p020,32,8,30,1.774466338619598,1.828413442923123,0.606683788430758,0.11076479873207262,1.6706601400818646,2.217380648109736,0.0,2.457252765665963,0.7640065680310464,0.606320456473654,0.6777595639092873,1.5666666666666667,2.2666666666666666,92.13696591425688,1.9029452054450908,0.0013098050840198994,1.6917693309641133
turbo_lunar_lander_12d,12,mes_gumbel,native,fixed_p020,320,296,30,0.25161671963356186,0.0,0.4067245052467566,0.0742573954045923,0.0,0.4102672353804968,0.0,1.3259394181624877,0.7517442246821494,0.6016491775183856,0.6663126155838497,58.233333333333334,94.23333333333333,1662.3742204976113,1.281307981054609,0.00474827541038394,2.928704290774961
turbo_lunar_lander_12d,12,mes_gumbel,native,fixed_p020,321,297,30,0.23271994964941062,0.0,0.37689185009250464,0.06881072267850677,0.0,0.3957120715945419,0.0,1.3059586393813447,0.7515182866387923,0.6013292060521366,0.6660755602483069,58.5,94.5,1666.7623017083076,0.8017918485682458,0.004375324118882418,2.895277436403558
turbo_lunar_lander_12d,12,mes_gumbel,native,fixed_p020,322,298,30,0.2652272404083416,0.0,0.4215727602929679,0.07696830348072557,0.0,0.40074452229057433,0.0,1.2359446549774398,0.7506065772956222,0.6010795226340332,0.6658139476570891,58.733333333333334,95.0,1671.4985893515093,1.1649410604964943,0.00428716231447955,2.834967154202362
turbo_lunar_lander_12d,12,mes_gumbel,native,fixed_p020,323,299,30,0.3100965679054797,0.0,0.4768574778609633,0.0870618657798233,0.0,0.5940211171334486,0.0,1.5633106313774974,0.7504676479038429,0.6008664313157625,0.6656835728672935,58.86666666666667,95.3,1676.6361095194084,1.1976245378764967,0.004395366987834374,3.0717875038739293
turbo_lunar_lander_12d,12,mes_gumbel,native,fixed_p020,324,300,30,0.30150401562765955,0.0,0.45529349261582386,0.08312483873033283,0.0,0.5452040259794324,0.0,1.526228512882735,0.7497299061827395,0.599375495468563,0.664467677850391,59.1,95.66666666666667,1681.5248403477171,1.0630703949835152,0.13810767585722108,3.0650598079276583
turbo_lunar_lander_12d,12,mes_gumbel,native,fixed_p020,325,301,30,0.29807377663172907,0.0,0.45774506196123155,0.08357243200758882,0.0,0.48824065664315286,0.0,1.569086049743975,0.7492449586989992,0.5990819030215092,0.6641324085739579,59.333333333333336,96.0,1686.1830945203235,1.0267919434700161,0.004493625384444992,2.996428455784917
turbo_lunar_lander_12d,12,mes_gumbel,native,fixed_p020,326,302,30,0.2961101858326594,0.0,0.4669154804385484,0.08524671369485169,0.0,0.465457259924197,0.0,1.469909088744119,0.7489795941556598,0.5988281566831464,0.6637955143252493,59.56666666666667,96.46666666666667,1691.1018170181042,1.16496884006386,0.004526250017806888,3.0689419455826283
turbo_lunar_lander_12d,12,mes_gumbel,native,fixed_p020,327,303,30,0.28893209821679366,0.0,0.4414182465463612,0.08059157697593963,0.0,0.561251266986937,0.0,1.4487301922676497,0.7488866771210879,0.5985888485683434,0.6634406521483777,59.733333333333334,96.73333333333333,1696.3250545543774,1.133740775488938,0.004566326178610325,3.1046412053517995
turbo_lunar_lander_12d,12,mes_gumbel,native,fixed_p020,328,304,30,0.31534355903711014,0.0,0.470464309592202,0.08589463828824771,0.0,0.614797850945419,0.0,1.4671763381742415,0.7488343002292199,0.5983390089537916,0.66314738660801,59.9,97.0,1701.2383173165067,1.1037118623343607,0.004557048498342434,3.082241147772099
turbo_lunar_lander_12d,12,mes_gumbel,native,fixed_p020,329,305,30,0.3034399062232015,0.0,0.4672081200040256,0.08530014212526182,0.0,0.500992583006088,0.0,1.5924024708993612,0.7470073068233472,0.595857374531192,0.6607776048031886,60.0,97.26666666666667,1706.515985125024,1.106101318464304,0.14154344090881446,3.1557897873067606
turbo_lunar_lander_12d,12,mes_gumbel,native,fixed_p020,33,9,30,1.7049773211894537,1.8026673392144703,0.6585905281627181,0.12024162947798736,1.502303506427579,2.1382178530539337,0.0,2.587951568775609,0.7606864649271603,0.6050800869548885,0.6764058832116634,1.7,2.6333333333333333,97.19294310555172,2.4676353313184034,0.001256032893434167,1.794356376786406
turbo_lunar_lander_12d,12,mes_gumbel,native,fixed_p020,330,306,30,0.30160888020538806,0.0,0.4664696295653291,0.08516531283466984,0.0,0.4821772976810536,0.0,1.6129928382919123,0.7468985786802008,0.5956169601074565,0.6605590784983733,60.2,97.43333333333334,1711.3033287846172,0.9156664345258226,0.004678604456906517,3.1168605045415463
turbo_lunar_lander_12d,12,mes_gumbel,native,fixed_p020,331,307,30,0.31559716167825475,0.0,0.47543143773706054,0.08680150766523365,0.0,0.5515557777101157,0.0,1.5263578843798307,0.7467848115214345,0.5953581448532881,0.6602303420914775,60.4,97.7,1716.1766507578702,0.9956925515861561,0.004916370908419291,3.0924121434645104
turbo_lunar_lander_12d,12,mes_gumbel,native,fixed_p020,332,308,30,0.3240851599413705,0.0,0.4854075840567654,0.08862289445732514,0.0,0.5878420863155065,0.0,1.5390662064566598,0.746623336454722,0.5951327755226827,0.6600499666331988,60.666666666666664,98.1,1720.9931749111506,1.0072396588356545,0.004627659606436889,3.066425902598227
turbo_lunar_lander_12d,12,mes_gumbel,native,fixed_p020,333,309,30,0.30914186280463457,0.0,0.4760086413148145,0.08690689013850315,0.0,0.5437906160069275,0.0,1.5390662064566598,0.7460825264989354,0.5949028598770894,0.6598193715874667,60.8,98.36666666666666,1726.2631931336286,1.2084445282972107,0.0047402704445024335,3.183735846960917
turbo_lunar_lander_12d,12,mes_gumbel,native,fixed_p020,334,310,30,0.30962309336327737,0.0,0.4714414135789209,0.08607303225309909,0.0,0.5682276865797247,0.0,1.5421781652353865,0.7447530536116894,0.5926857292765779,0.6579078877511423,60.86666666666667,98.5,1731.743514653497,1.2879855114190528,0.155632074844713,3.1860207138893504
turbo_lunar_lander_12d,12,mes_gumbel,native,fixed_p020,335,311,30,0.23268193812970867,0.0,0.38516242281619056,0.07032071575992335,0.0,0.40747942428596995,0.0,1.1820581302587279,0.7440835439217445,0.592505206555557,0.6576956047025339,61.0,98.7,1736.7999263405025,1.2165765398958077,0.004874416937430699,3.0307039506267754
turbo_lunar_lander_12d,12,mes_gumbel,native,fixed_p020,336,312,30,0.23265309537451764,0.0,0.39246658522309136,0.07165426726457028,0.0,0.38957822645739576,0.0,1.3493734319289308,0.7440314571267914,0.5922377356944462,0.6573592318926984,61.166666666666664,99.0,1741.8154108478998,1.151706187116603,0.004939511480430762,3.1143380362385265
turbo_lunar_lander_12d,12,mes_gumbel,native,fixed_p020,337,313,30,0.24210657433949004,0.0,0.3967655102224034,0.07243913999628564,0.0,0.4073278248970227,0.0,1.2741840205999848,0.7440155668664236,0.5919880073274695,0.6570907753541773,61.266666666666666,99.26666666666667,1746.724398970666,1.1156354867853224,0.004922038534035286,3.012231147196144
turbo_lunar_lander_12d,12,mes_gumbel,native,fixed_p020,338,314,30,0.2553035733466186,0.0,0.41139175390982974,0.07510951452934263,0.0,0.4334968933097585,0.0,1.2737975470932852,0.7438255990760292,0.5917053352353077,0.6567743912153433,61.5,99.53333333333333,1751.6335270300353,1.0820822703496864,0.004892728384584188,3.0054238525840145
turbo_lunar_lander_12d,12,mes_gumbel,native,fixed_p020,339,315,30,0.2682388866769231,0.0,0.4245728194247028,0.0775160368341591,0.0,0.4922847957279872,0.0,1.2316365387087154,0.7425963757704486,0.5906380879253609,0.6556928770050148,61.666666666666664,99.86666666666666,1756.6392866698404,1.1173823231055091,0.15728772237586477,3.042917348134021
turbo_lunar_lander_12d,12,mes_gumbel,native,fixed_p020,34,10,30,1.774863687808306,1.8062474399674326,0.5956169207819704,0.10874427438135091,1.6078942832633176,2.2289011946904433,0.0,2.6391370800233784,0.774864755213711,0.6298563032309415,0.695976385492534,1.8333333333333333,2.9,102.27607230773816,2.4767901309300213,0.00975843748698632,1.9311611029319464
turbo_lunar_lander_12d,12,mes_gumbel,native,fixed_p020,340,316,30,0.24444169520850115,0.0,0.3807253302372846,0.06951061719485482,0.0,0.5017105393573361,0.0,1.1609544750484904,0.7425058134165321,0.5904297366318924,0.6555955987785881,61.9,100.2,1761.6548452094353,1.1414459641712407,0.004871703684329987,3.0365980776182067
turbo_lunar_lander_12d,12,mes_gumbel,native,fixed_p020,341,317,30,0.2403545823272636,0.0,0.3756293239580243,0.06858021799740854,0.0,0.49012744412850356,0.0,1.120733240384503,0.7424442602537862,0.5902063443447861,0.6553673375833128,62.06666666666667,100.53333333333333,1766.6564370214162,1.1255875285870085,0.0049620012287050486,3.003043656501298
turbo_lunar_lander_12d,12,mes_gumbel,native,fixed_p020,342,318,30,0.2293126680106063,0.0,0.35698052812889525,0.06517542928210113,0.0,0.4974553276123052,0.0,1.1204351844171736,0.7424186866869024,0.5899927948726702,0.6551386902517364,62.233333333333334,100.73333333333333,1771.6422865524423,0.9905714935467889,0.005030525041123232,3.21227379256549
turbo_lunar_lander_12d,12,mes_gumbel,native,fixed_p020,343,319,30,0.22568462090777927,0.0,0.3638014017208027,0.06642074472482747,0.0,0.4283124346946299,0.0,1.1245648327776965,0.7422915392661037,0.5897647434288403,0.6549007186922928,62.333333333333336,101.0,1776.984460331034,1.2918248972079407,0.0050874225019166865,3.2053293403082836
turbo_lunar_lander_12d,12,mes_gumbel,native,fixed_p020,344,320,30,0.2267670783146403,0.0,0.3577171365659126,0.0653099149677688,0.0,0.43500180812528677,0.0,1.1369230776191552,0.7428779016555008,0.5900000883257108,0.6553660341231434,62.56666666666667,101.26666666666667,1782.3222742706691,0.9986396722650777,0.16645672257679203,3.2167405659798534
turbo_lunar_lander_12d,12,mes_gumbel,native,fixed_p020,345,321,30,0.2627244829164019,0.0,0.4289436956429898,0.07831404600109865,0.0,0.44430198483797284,0.0,1.4509370664380064,0.742392833504843,0.5897314279344019,0.6551990049265551,62.733333333333334,101.53333333333333,1787.491244427332,1.0349543103172134,0.00536469576569895,3.3551226602246365
turbo_lunar_lander_12d,12,mes_gumbel,native,fixed_p020,346,322,30,0.27464761488254924,0.0,0.4587206695481879,0.08375055276847189,0.0,0.39351358710767004,0.0,1.4387876293970003,0.7422416474526669,0.5895155529895938,0.6550591150142895,63.0,101.9,1792.6126205501923,0.9009787570219487,0.005376812303438783,3.245560582121834
turbo_lunar_lander_12d,12,mes_gumbel,native,fixed_p020,347,323,30,0.2676018641418996,0.0,0.4496912230790475,0.08210200893082736,0.0,0.39365807665281877,0.0,1.4064961777608842,0.7421701218099565,0.5892416813194367,0.6548073055862036,63.333333333333336,102.43333333333334,1797.3393284179735,0.9154103849238405,0.005236077370742957,3.141645672932888
turbo_lunar_lander_12d,12,mes_gumbel,native,fixed_p020,348,324,30,0.27332735374029593,0.0,0.4443015440297143,0.08111799266648309,0.0,0.4515131490433759,0.0,1.3706414568628864,0.7421074153511228,0.5889749898053375,0.6545814429375028,63.56666666666667,102.66666666666667,1802.4083728074872,1.0867957940946023,0.005140376246223847,3.1301709024390827
turbo_lunar_lander_12d,12,mes_gumbel,native,fixed_p020,349,325,30,0.2845824132743627,0.0,0.4629020937937228,0.08451397289573138,0.0,0.4288896383217139,0.0,1.4395198934297937,0.7408835642746425,0.5874440279687652,0.6530878251731692,63.86666666666667,102.93333333333334,1807.3271697016899,0.8215386024055381,0.17225257689133286,3.1102545503061263
turbo_lunar_lander_12d,12,mes_gumbel,native,fixed_p020,35,11,30,1.713067368133817,1.786316463173476,0.6215815635962266,0.11348474790366177,1.4692658219266925,2.180172559281671,0.0,2.54168334842255,0.7737037008352917,0.6284044670122692,0.694563767988878,2.2,3.3333333333333335,106.62697093949343,1.661116455681622,0.0013070483691990376,1.9156903105167051
turbo_lunar_lander_12d,12,mes_gumbel,native,fixed_p020,350,326,30,0.2661440748078491,0.0,0.43441459261799187,0.07931289056209712,0.0,0.4121439976488786,0.0,1.4575957390375383,0.7408151330932249,0.5872224586112178,0.6528857056356804,64.1,103.33333333333333,1812.3236786071523,0.9177543797530234,0.005124192234749595,3.26290536558566
turbo_lunar_lander_12d,12,mes_gumbel,native,fixed_p020,351,327,30,0.28352050767428544,0.0,0.4641729340547754,0.08474599552171946,0.0,0.4270744475727459,0.0,1.538569642741457,0.7407554296980607,0.5869565800001154,0.6526321130209957,64.4,103.8,1817.4464158030537,1.1017076010971019,0.005475596711039543,3.308912561523418
turbo_lunar_lander_12d,12,mes_gumbel,native,fixed_p020,352,328,30,0.28746206813015845,0.0,0.4668830998704884,0.08524080183900128,0.0,0.4879681146494556,0.0,1.5811011470601168,0.7406151999596206,0.586701045514909,0.6524308357667451,64.66666666666667,104.3,1822.350760235125,0.9422035130982598,0.005451020877808332,3.1898865039926023
turbo_lunar_lander_12d,12,mes_gumbel,native,fixed_p020,353,329,30,0.2810875477358015,0.0,0.445400210151064,0.08131858073909308,0.0,0.5013322014294053,0.0,1.5049703221941284,0.7405629698539274,0.5864829739767785,0.6522471195285476,64.86666666666666,104.76666666666667,1827.4430195196687,1.0208546575934936,0.005284702048326532,3.249554127920419
turbo_lunar_lander_12d,12,mes_gumbel,native,fixed_p020,354,330,30,0.23546861511397815,0.0,0.3750682214425467,0.06847777516247522,0.0,0.3847766474079142,0.0,1.166298380380179,0.7409313489987953,0.58617211935195,0.6521669560632294,64.96666666666667,105.06666666666666,1832.6541331601484,1.0999841749668122,0.17648451450901728,3.143012252698342
turbo_lunar_lander_12d,12,mes_gumbel,native,fixed_p020,355,331,30,0.2388169238307801,0.0,0.3612962102827891,0.06596336143767118,0.0,0.5274810992463606,0.0,1.0992859058077227,0.7407967350302938,0.5859094642775524,0.6519442981066815,65.13333333333334,105.33333333333333,1837.743047362178,1.1436394763955227,0.005272585386410356,3.141598770317311
turbo_lunar_lander_12d,12,mes_gumbel,native,fixed_p020,356,332,30,0.24492592238563896,0.0,0.3791724447987737,0.06922710040022359,0.0,0.5140769375631827,0.0,1.1126711322074887,0.7407423901477909,0.5856590224204244,0.6517041838131815,65.33333333333333,105.63333333333334,1842.642377378,1.1483631464031836,0.005178110658501585,3.0715309291301915
turbo_lunar_lander_12d,12,mes_gumbel,native,fixed_p020,357,333,30,0.24420973956604689,0.0,0.3879392218672357,0.07082768758589546,0.0,0.47304051300510674,0.0,1.2991260070588617,0.7406025442152049,0.5854695550552166,0.6514570965402221,65.43333333333334,105.93333333333334,1847.8273544323165,1.2240685059999425,0.005240427811319629,3.080563533740739
turbo_lunar_lander_12d,12,mes_gumbel,native,fixed_p020,358,334,30,0.25502071945315513,0.0,0.4078285325933142,0.07445896229852968,0.0,0.47042120195477943,0.0,1.2988082623337456,0.740409871941113,0.5852436624321601,0.6511403131977808,65.6,106.2,1852.888981956026,1.2489447470288724,0.005422556850438316,3.0821506949917725
turbo_lunar_lander_12d,12,mes_gumbel,native,fixed_p020,359,335,30,0.24196310013122127,0.0,0.39909216595159674,0.07286392727176158,0.0,0.4148792576563926,0.0,1.2987656710287738,0.7392702661081347,0.5849523827082713,0.6502050461221592,65.93333333333334,106.56666666666666,1857.8134591943895,0.8489169790875166,0.1836426115905245,3.1473266541802634
turbo_lunar_lander_12d,12,mes_gumbel,native,fixed_p020,36,12,30,1.7048142303113258,1.7841200717639594,0.6472307779559543,0.11816763233269786,1.4432531542436986,2.212966190072497,0.0,2.746257510620281,0.7725548389505126,0.6274031316275466,0.6934094570487115,2.3666666666666667,3.8,111.74621888807354,2.3207085143464306,0.00129495228951176,1.8742204512469471
turbo_lunar_lander_12d,12,mes_gumbel,native,fixed_p020,360,336,30,0.28878971871417725,0.0,0.4356364535298152,0.07953597082327694,0.0,0.5146155768064893,0.0,1.2547221838921543,0.7391609675594534,0.5847431761911618,0.6500185207336807,66.06666666666666,106.9,1863.1791810770985,1.173683502463003,0.005723771561558048,3.2295974345722547
turbo_lunar_lander_12d,12,mes_gumbel,native,fixed_p020,361,337,30,0.3010927791889146,0.0,0.45500201336576823,0.08307162214356612,0.0,0.4782567227053044,0.0,1.316878711480892,0.7391423397943683,0.5845369657560325,0.6498655173726281,66.26666666666667,107.23333333333333,1868.4459672695336,1.0640101953254393,0.005513831290105979,3.3934608560055493
turbo_lunar_lander_12d,12,mes_gumbel,native,fixed_p020,362,338,30,0.2981471099138577,0.0,0.43183943938824715,0.07884273405777596,0.0,0.6206538115862814,0.0,1.3100102502915467,0.7390968396971099,0.5842983159364226,0.6495929709469931,66.4,107.5,1873.841954152131,1.193868612141038,0.0056875327602028845,3.2963101878762244
turbo_lunar_lander_12d,12,mes_gumbel,native,fixed_p020,363,339,30,0.2645322465873153,0.0,0.40914480503699985,0.07469927966827271,0.0,0.5797598646723188,0.0,1.2747461038823173,0.7387694571354879,0.5840084955205299,0.6492937353120368,66.6,107.76666666666667,1878.5597180811224,1.0095434537778298,0.005548442387953401,3.1912412818831704
turbo_lunar_lander_12d,12,mes_gumbel,native,fixed_p020,364,340,30,0.2721194898985422,0.0,0.4319005765803587,0.07885389613084998,0.0,0.582381125946284,0.0,1.3344353055857803,0.7389980185804474,0.5844829904163861,0.6495868778930896,66.9,108.06666666666666,1883.5338194103447,0.9514437931434562,0.18095256621018052,3.2483451406781874
turbo_lunar_lander_12d,12,mes_gumbel,native,fixed_p020,365,341,30,0.2440862870137685,0.0,0.4005824861602459,0.07313602127048922,0.0,0.40792582598984184,0.0,1.3344353055857803,0.7387919162536536,0.5841971426302393,0.6492992503458427,67.13333333333334,108.46666666666667,1888.729748240051,1.0203343248770882,0.005712831625714898,3.301236982488384
turbo_lunar_lander_12d,12,mes_gumbel,native,fixed_p020,366,342,30,0.2538824999700665,0.0,0.4037615995227769,0.07371644530433068,0.0,0.5274108844831169,0.0,1.3169824326847959,0.738561638657279,0.5839499388106703,0.6490956964038956,67.33333333333333,108.7,1893.6983898687176,1.0021159764689704,0.005753309993694226,3.208466114026184
turbo_lunar_lander_12d,12,mes_gumbel,native,fixed_p020,367,343,30,0.25708973321957657,0.0,0.4099367127337935,0.07484386157127132,0.0,0.4603774061789724,0.0,1.2836253218922435,0.7385027568181023,0.5837165556293322,0.6488009863385111,67.5,109.06666666666666,1898.5431413809458,0.9600641697179526,0.0055506422960509855,3.203274555876851
turbo_lunar_lander_12d,12,mes_gumbel,native,fixed_p020,368,344,30,0.2543328827136583,0.0,0.4126155567288315,0.0753329493326445,0.0,0.45456049506789786,0.0,1.3128871935369388,0.7383379117851262,0.5834644406929581,0.648552966201492,67.7,109.3,1902.981451761319,0.7811527671292424,0.005435093290482958,2.9817258703988045
turbo_lunar_lander_12d,12,mes_gumbel,native,fixed_p020,369,345,30,0.2643145248293466,0.0,0.42445819263768436,0.07749510894184432,0.0,0.42975231120860785,0.0,1.3719699281372957,0.7381901198194475,0.5828998256644877,0.6480440724084461,67.83333333333333,109.56666666666666,1907.634208055865,0.8386156883711616,0.1775645528919995,3.020343706306691
turbo_lunar_lander_12d,12,mes_gumbel,native,fixed_p020,37,13,30,1.682788163553974,1.7927059322660193,0.6349514777769653,0.11592574909989468,1.5536297456008878,2.047152078276101,0.0,2.6360915810754584,0.7717414008131104,0.626498771889203,0.6924409122792805,2.466666666666667,4.066666666666666,116.89603954960282,2.4428424761941034,0.001246765162795782,1.888300862054651
turbo_lunar_lander_12d,12,mes_gumbel,native,fixed_p020,370,346,30,0.24739189902889447,0.0,0.39642865150735906,0.07237763829064497,0.0,0.39850306049829615,0.0,1.2342850437036135,0.7381225094310511,0.5826776365765911,0.6477118674661189,67.93333333333334,109.73333333333333,1912.2311073249361,0.8682935972232372,0.005416271090507507,3.0892541239969433
turbo_lunar_lander_12d,12,mes_gumbel,native,fixed_p020,371,347,30,0.255243541000182,0.0,0.39382759148866503,0.0719027518754238,0.0,0.5275248551822826,0.0,1.3468774075459373,0.7380516866726082,0.5825034948642771,0.6474712782919851,68.03333333333333,109.93333333333334,1917.1802105055035,1.1015749349414061,0.005618943180888891,3.062050029169768
turbo_lunar_lander_12d,12,mes_gumbel,native,fixed_p020,372,348,30,0.2518732182181279,0.0,0.39972776548101624,0.0729799713383625,0.0,0.46412228286346124,0.0,1.1639970065951029,0.7379504903013007,0.5823151615143,0.647321545577908,68.23333333333333,110.23333333333333,1922.097178020592,0.9028123399087539,0.00566474098401765,3.1217751629805814
turbo_lunar_lander_12d,12,mes_gumbel,native,fixed_p020,373,349,30,0.23409577893968442,0.0,0.3693035716554827,0.06742529892097779,0.0,0.46457139653804524,0.0,1.1917103885598475,0.7379153861616564,0.5821289958742781,0.6470909775828542,68.33333333333333,110.46666666666667,1927.0232405188028,1.089041014201939,0.0055852842051535845,3.061066387640312
turbo_lunar_lander_12d,12,mes_gumbel,native,fixed_p020,374,350,30,0.25137066627975757,0.0,0.39038979246708627,0.0712750985179945,0.0,0.4677087605483137,0.0,1.2243541146302732,0.7371016980501318,0.5800295278178265,0.6456383574397914,68.43333333333334,110.6,1932.2430772366934,1.1697967838806411,0.19385815906959275,3.0733429749961942
turbo_lunar_lander_12d,12,mes_gumbel,native,fixed_p020,375,351,30,0.2469075010135221,0.0,0.3825289787929559,0.06983991686143909,0.0,0.4646523734050808,0.0,1.2243541146302732,0.7363781463224376,0.579759501439009,0.6454463217964883,68.7,110.9,1936.8674562956828,1.0253822674043476,0.005975185676167409,3.048129218785713
turbo_lunar_lander_12d,12,mes_gumbel,native,fixed_p020,376,352,30,0.2667881898185935,0.0,0.41328588017069384,0.07545533308928869,0.0,0.5695381102085888,0.0,1.2650913588990145,0.7363248514266226,0.5795302298858206,0.645255256445444,68.9,111.3,1941.5700692320243,1.0146625070832669,0.005708064263065656,2.9739144171122462
turbo_lunar_lander_12d,12,mes_gumbel,native,fixed_p020,377,353,30,0.2555605646672225,0.0,0.40352971950640537,0.07367410999913022,0.0,0.4715700641252298,0.0,1.2650913588990145,0.73616568818751,0.5792908350988826,0.6449190862988481,69.13333333333334,111.6,1946.1086844002207,0.7663916838355362,0.005701817261675994,3.06946465636914
turbo_lunar_lander_12d,12,mes_gumbel,native,fixed_p020,378,354,30,0.26413123324521887,0.0,0.41425372989283243,0.07563203746431882,0.0,0.49020944533061755,0.0,1.2274451380102458,0.7360629107826584,0.579020439459905,0.6445605631825784,69.4,111.83333333333333,1950.7371867019062,0.8803259205538779,0.005583404563367367,3.176026931684464
turbo_lunar_lander_12d,12,mes_gumbel,native,fixed_p020,379,355,30,0.25917416443586294,0.0,0.41575163102455104,0.07590551554390375,0.0,0.4273832726411313,0.0,1.3390752299002706,0.7345733605155735,0.5770244194777121,0.6425992586593858,69.46666666666667,112.16666666666667,1956.045354212184,1.153861596326654,0.19681516780207556,3.052646621471892
turbo_lunar_lander_12d,12,mes_gumbel,native,fixed_p020,38,14,30,1.710820976317461,1.7945833428396316,0.6463523149160977,0.11800724765840985,1.5904384994717993,2.133826070705091,0.0,2.6693170874913488,0.7702540774432516,0.6251537053622875,0.6910361497918476,2.8666666666666667,4.566666666666666,121.33902311385609,1.7794267254105458,0.0013028000947088003,1.8843117975474646
turbo_lunar_lander_12d,12,mes_gumbel,native,fixed_p020,380,356,30,0.24645883857704268,0.0,0.39632700557227707,0.07235908036680394,0.0,0.36533690483239994,0.0,1.3390874736126084,0.7344808404315926,0.5767771574866298,0.6423758874287925,69.76666666666667,112.53333333333333,1961.0428301268878,0.9976787306989233,0.006028485189502438,3.150812837295234
turbo_lunar_lander_12d,12,mes_gumbel,native,fixed_p020,381,357,30,0.24934426761511908,0.0,0.38775010994095926,0.07079316062992384,0.0,0.4242306889469948,0.0,1.339883018752654,0.7341437923977244,0.5765528719076192,0.6421109070276947,69.86666666666666,112.93333333333334,1966.0640952046185,1.0220079839540024,0.005909378904228409,3.1615236977425716
turbo_lunar_lander_12d,12,mes_gumbel,native,fixed_p020,382,358,30,0.238666792249878,0.0,0.38154460337231877,0.06966019532046022,0.0,0.39270144899515913,0.0,1.3573755488953654,0.7340066455218971,0.576303654886647,0.6419622563950349,70.1,113.2,1970.893299355094,1.0892483478101591,0.005831913417205214,3.1324474443215875
turbo_lunar_lander_12d,12,mes_gumbel,native,fixed_p020,383,359,30,0.25178011991580346,0.0,0.4067402525048552,0.07426027044741877,0.0,0.4128870855174087,0.0,1.3573755488953654,0.733715966131653,0.5760961483857135,0.6416376143985337,70.33333333333333,113.53333333333333,1975.9402269043494,1.1268539734960845,0.005927530148377021,3.096103504765779
turbo_lunar_lander_12d,12,mes_gumbel,native,fixed_p020,384,360,30,0.255655489145039,0.0,0.409526006753025,0.07476887726121492,0.0,0.5422587058270377,0.0,1.263560784911053,0.7331139426456244,0.5755951348732994,0.6412464251630828,70.46666666666667,113.9,1981.0141926667652,1.0884151066653431,0.23442222381321093,3.0341284973857303
turbo_lunar_lander_12d,12,mes_gumbel,native,fixed_p020,385,361,30,0.24842866560245458,0.0,0.3874014465777372,0.07072950370025306,0.0,0.5471839347999723,0.0,1.2781868919105068,0.7330741162159112,0.5754106158308556,0.6410153281432898,70.56666666666666,114.13333333333334,1985.9896566930072,1.1409305830175678,0.005734903365373611,3.1001966963522136
turbo_lunar_lander_12d,12,mes_gumbel,native,fixed_p020,386,362,30,0.25415974454897916,0.0,0.41103267717378117,0.07504395638660624,0.0,0.5007874096649825,0.0,1.259751014501823,0.7328160543078508,0.5752196284921356,0.6407077464547517,70.63333333333334,114.3,1991.2274399835462,1.1865755210320155,0.00572345977028211,3.0613037629363435
turbo_lunar_lander_12d,12,mes_gumbel,native,fixed_p020,387,363,30,0.2537512534041634,0.0,0.4051187479850746,0.07396422557989196,0.0,0.47342768848512795,0.0,1.2248550787705348,0.7327272495259761,0.5749816444843364,0.6404842584123922,70.9,114.56666666666666,1995.8345622019997,0.7667115614749491,0.005833673120165864,3.1498507492865127
turbo_lunar_lander_12d,12,mes_gumbel,native,fixed_p020,388,364,30,0.24531588025546608,0.0,0.3954790891599479,0.07220427271816676,0.0,0.445540955957699,0.0,1.2895283778145061,0.7326526786468478,0.5747906799471092,0.6402975648051107,71.1,114.83333333333333,2000.7692408666169,1.0973984433648487,0.005666146147996187,2.996824865275994
turbo_lunar_lander_12d,12,mes_gumbel,native,fixed_p020,389,365,30,0.22998222021536638,0.0,0.3675195007329781,0.06709957362482952,0.0,0.41831141389351756,0.0,1.170814950341195,0.7324836946875145,0.5743428046243431,0.6399629476709335,71.3,115.1,2006.1002995701817,1.0283748557325452,0.20035262334470946,3.1010933838629473
turbo_lunar_lander_12d,12,mes_gumbel,native,fixed_p020,39,15,30,1.6528485007489515,1.7729138063786922,0.7110890701484562,0.12982650803856097,1.4047712009675608,2.0712030726494657,0.0,2.787172512433964,0.7702624304486921,0.6228421619335015,0.6910300302921654,3.033333333333333,4.866666666666666,126.11174653925312,2.163771164386223,0.009799884368355076,1.9668810559126237
turbo_lunar_lander_12d,12,mes_gumbel,native,fixed_p020,390,366,30,0.22375324667092683,0.0,0.36510597091294344,0.06665892538294806,0.0,0.41942544355609623,0.0,1.35219695148849,0.7323436953835825,0.5740671448617007,0.6397223406659726,71.6,115.53333333333333,2010.674524613625,0.9334296151529997,0.0059153991596152386,3.128192057320848
turbo_lunar_lander_12d,12,mes_gumbel,native,fixed_p020,391,367,30,0.2371074953249569,0.0,0.3874699010124907,0.07074200171294498,0.0,0.44640463572400996,0.0,1.2597178531112103,0.7316491488172111,0.5738843695199062,0.6394556761219239,71.73333333333333,115.83333333333333,2015.7611130282128,1.1558743365574629,0.005916486773639917,3.0485840854700657
turbo_lunar_lander_12d,12,mes_gumbel,native,fixed_p020,392,368,30,0.22475301249445306,0.0,0.3650624223858133,0.06665097454606296,0.0,0.4469182102083789,0.0,1.3177018100633746,0.7311822815105564,0.5736627418144548,0.639239091617023,71.93333333333334,116.16666666666667,2020.4325456637578,0.9283312007474402,0.005932782326514522,2.989363841727997
turbo_lunar_lander_12d,12,mes_gumbel,native,fixed_p020,393,369,30,0.22809936319444263,0.0,0.38312723744248955,0.06994914344729647,0.0,0.42665037522252797,0.0,1.3407372500710926,0.7310903056094222,0.5734603609978127,0.6390948471929386,72.06666666666666,116.43333333333334,2025.4604230679727,1.1359800164277354,0.005899645294994116,2.9853984664504725
turbo_lunar_lander_12d,12,mes_gumbel,native,fixed_p020,394,370,30,0.23990455442328423,0.0,0.3813229875549752,0.06961973399304054,0.0,0.43849698781938357,0.0,1.227849435523833,0.7302181433749177,0.5723593149108389,0.6380670178293827,72.2,116.7,2030.7344488944082,1.1651297071948647,0.21270360078973075,3.0427588472763696
turbo_lunar_lander_12d,12,mes_gumbel,native,fixed_p020,395,371,30,0.23678040620890523,0.0,0.38410200326966143,0.07012711052457221,0.0,0.4137057649291617,0.0,1.2949719537101738,0.7301824238304946,0.572181143213261,0.6379717045436935,72.4,116.96666666666667,2035.6557572020529,1.0600348454123985,0.00588246804351608,3.0413723955551784
turbo_lunar_lander_12d,12,mes_gumbel,native,fixed_p020,396,372,30,0.2543968821786576,0.0,0.41287247659850257,0.07537985626867456,0.0,0.44333725381880956,0.0,1.3776240220623284,0.7301421252637004,0.5719723162052334,0.6378329431600495,72.63333333333334,117.13333333333334,2040.792739163929,1.171181676769629,0.006177017899851004,3.0799702847066026
turbo_lunar_lander_12d,12,mes_gumbel,native,fixed_p020,397,373,30,0.2506242567353444,0.0,0.4062436980889032,0.07416961242920354,0.0,0.4460977672074164,0.0,1.3369207143481319,0.7300841333730778,0.5718138105068981,0.6377003279227549,72.73333333333333,117.33333333333333,2045.5704163614039,0.9691843409246454,0.006092416619261106,3.0720047562072677
turbo_lunar_lander_12d,12,mes_gumbel,native,fixed_p020,398,374,30,0.23031461020810937,0.0,0.3623891036275925,0.06616289555030322,0.0,0.45614173027414445,0.0,1.1211509382749,0.7298437740697925,0.5715759773533239,0.6375493795917768,72.96666666666667,117.6,2050.582558030433,1.1837022606904308,0.00608412066164116,3.1386812756614137
turbo_lunar_lander_12d,12,mes_gumbel,native,fixed_p020,399,375,30,0.24357655996462563,0.0,0.3843919398211208,0.07018004545439872,0.0,0.46097625736115694,0.0,1.1197635435091904,0.7287053946252825,0.5698164583970249,0.6359587051512645,73.1,117.9,2055.651871436524,1.0499305156990886,0.2205535524369528,3.087540418189019
turbo_lunar_lander_12d,12,mes_gumbel,native,fixed_p020,4,0,30,2.595645094133169,2.564495860183216,0.4117674774771014,0.07517811195373629,2.343690395189023,2.806821168018637,1.789051247974039,3.44375256820605,0.9990418345947157,0.9894573972412446,0.9968310059885063,0.0,0.0,7.060899035213515,0.0,0.0011444369175781807,1.813941119502609
turbo_lunar_lander_12d,12,mes_gumbel,native,fixed_p020,40,16,30,1.6680389218071179,1.8075815376156543,0.7308932596466036,0.13344224181230838,1.401171427673422,2.065599030063147,0.0,2.8342264323973394,0.7698102074030467,0.6217768330939534,0.6898362406808781,3.2,5.066666666666666,131.2466602937163,2.306533371610567,0.001307352880636851,1.9497499870602042
turbo_lunar_lander_12d,12,mes_gumbel,native,fixed_p020,400,376,30,0.265868238538316,0.0,0.41594639301193703,0.07594107405518237,0.0,0.4817793271420241,0.0,1.238661660659528,0.7283965082893364,0.5696054826885776,0.635733418848256,73.26666666666667,118.13333333333334,2060.713474706374,1.0932472361406933,0.006184784121190509,3.0524124355986713
turbo_lunar_lander_12d,12,mes_gumbel,native,fixed_p020,41,17,30,1.673090471972892,1.8244790745423471,0.7638130332387192,0.13945254267376325,1.4994489839742309,2.064594560143228,0.0,2.8474390597612325,0.768877596446034,0.6206903431860581,0.6888977078545906,3.5,5.466666666666667,135.86046881955116,2.1496461870304,0.0012908689522494873,1.9157362969902654
turbo_lunar_lander_12d,12,mes_gumbel,native,fixed_p020,42,18,30,1.6415678611736861,1.8171417821849087,0.7609200912641204,0.13892436614808282,1.5273603525216939,2.1137167508017525,0.0,2.831998593651014,0.7683770896239724,0.6196599690818438,0.687845020256304,3.7666666666666666,5.833333333333333,140.30068274210208,1.9977382034839442,0.0012776353706916174,1.9269109259669979
turbo_lunar_lander_12d,12,mes_gumbel,native,fixed_p020,43,19,30,1.585868421526257,1.7646552511599958,0.7692010804548265,0.14043626100748488,1.3024002486420865,2.124579359122992,0.0,2.5947257484192896,0.767445573195682,0.6186221161115367,0.6868651234946478,4.0,6.266666666666667,145.23932210711453,2.1976780607520294,0.001285697054117918,2.0372089738336703
turbo_lunar_lander_12d,12,mes_gumbel,native,fixed_p020,44,20,30,1.4947380088222622,1.6699737049393004,0.7743220601021682,0.14137121969727617,1.0268915715188918,2.107311985920654,0.0,2.621742435599141,0.7613239938595431,0.6128059326883958,0.6807909284229067,4.2,6.7,150.55074415754837,2.298736265534535,0.010659077639381091,2.0697926407524694
turbo_lunar_lander_12d,12,mes_gumbel,native,fixed_p020,45,21,30,1.5181576107822599,1.679465625905627,0.7512040111908762,0.13715046073920203,1.147628463041034,2.040052156672183,0.0,2.5543971123725577,0.7606413123155743,0.612082026924709,0.6799391727290363,4.366666666666666,7.0,155.87987702443885,2.2904701814365884,0.0012984053697437047,2.133993038410942
turbo_lunar_lander_12d,12,mes_gumbel,native,fixed_p020,46,22,30,1.4649940740328746,1.7208406477799545,0.7805718215260541,0.14251226480090548,0.9662489752734326,2.0042190671527322,0.0,2.4739946773088968,0.7596460698468773,0.6111113064505612,0.6790574788351401,4.6,7.4,161.14658808323244,2.156964055650557,0.0013007930635164182,2.1652459098647037
turbo_lunar_lander_12d,12,mes_gumbel,native,fixed_p020,47,23,30,1.4855700865023012,1.6803438002997049,0.7478931953017978,0.1365459912238038,1.1042866710444517,1.9695111504821496,0.0,2.400152372137805,0.759196613177301,0.6101239832580442,0.6780591549277489,4.833333333333333,7.733333333333333,166.13569334670902,2.0323264566250145,0.0012700729072093963,2.2321439135043573
turbo_lunar_lander_12d,12,mes_gumbel,native,fixed_p020,48,24,30,1.4538251027939433,1.6629909312229543,0.7631494456946613,0.13933138871817657,1.0822341559318365,2.0390257588290077,0.0,2.4342638213058203,0.7582439090647508,0.6094140569128924,0.6774616343240851,5.033333333333333,8.166666666666666,171.34204948044692,2.2214795102830975,0.0013843011887123187,2.2706228501784307
turbo_lunar_lander_12d,12,mes_gumbel,native,fixed_p020,49,25,30,1.4785052702788077,1.6690091542662722,0.8589961810580529,0.15683052839209582,1.0613109489792367,2.157566734987602,0.0,2.984386170552707,0.7627528971663001,0.61668269490396,0.6839373957398757,5.2,8.4,176.77024253866014,2.2533775733473402,0.01120023550465703,2.2497431883588432
turbo_lunar_lander_12d,12,mes_gumbel,native,fixed_p020,5,0,30,2.5186555437315987,2.4763517558143135,0.40486694848409394,0.07391825349100675,2.3297896836775625,2.7074990324575405,1.8046623785139477,3.4967428332889448,0.9988791369565952,0.9872952692566848,0.996150874403876,0.0,0.0,9.330954846537983,0.0,0.0011604374585052332,1.924684499607732
turbo_lunar_lander_12d,12,mes_gumbel,native,fixed_p020,50,26,30,1.4361677247033955,1.6899518368233017,0.8536205129341986,0.15584907016106367,0.7229453002755947,1.9828780071540744,0.0,2.8375567963151096,0.7619140124541472,0.6158161419370158,0.6831607067582772,5.5,8.8,181.8054101287232,1.836024605234464,0.001351570151746273,2.301957218317936
turbo_lunar_lander_12d,12,mes_gumbel,native,fixed_p020,51,27,30,1.4364961548036546,1.659302976681667,0.8411711165176358,0.15357613174617185,0.9432133420824873,1.9394749323209788,0.0,2.8568616809634806,0.7614578879268993,0.6152220093582269,0.6825179235223848,5.633333333333334,9.033333333333333,187.92947388457443,2.7318054983702798,0.001373551832512021,2.374906019633636
turbo_lunar_lander_12d,12,mes_gumbel,native,fixed_p020,52,28,30,1.457730687941729,1.6298574269970196,0.8415175717176381,0.1536393855222406,0.9674962440622705,1.8860467440533792,0.0,2.8767533376141756,0.7612633180643046,0.6145746247008774,0.681843547161894,5.8,9.333333333333334,193.5730925441875,2.4198641249133894,0.001368489023298025,2.3534401091126105
turbo_lunar_lander_12d,12,mes_gumbel,native,fixed_p020,53,29,30,1.4654051300805966,1.6386024254096943,0.863322121775089,0.15762033349647941,0.9573157980877016,2.1021681737742335,0.0,2.910943737289905,0.7609022799506212,0.613669085259472,0.6810446235865236,6.066666666666666,9.566666666666666,198.79899398194004,2.0955943282383185,0.0013488040926555793,2.368978487265607
turbo_lunar_lander_12d,12,mes_gumbel,native,fixed_p020,54,30,30,1.4033204714447487,1.6240497829154297,0.7831065141410576,0.14297503424143188,0.9853039292775287,1.8757719720244808,0.0,2.425135582968447,0.787093901126643,0.6503977830797065,0.7144994425239369,6.2,9.9,204.8997813734226,2.567700102397551,0.011813297246893248,2.5149273122505593
turbo_lunar_lander_12d,12,mes_gumbel,native,fixed_p020,55,31,30,1.4150551626421801,1.5903466389770804,0.8080121700815893,0.14752216409746247,1.0091751635669186,1.8763066662467123,0.0,2.76634551651084,0.786085014001164,0.6495453285413829,0.7136140032394435,6.466666666666667,10.233333333333333,210.29210279891268,2.132225329351301,0.0013887290998051563,2.441345058334991
turbo_lunar_lander_12d,12,mes_gumbel,native,fixed_p020,56,32,30,1.4421612818187202,1.6281283035288499,0.900293656504891,0.1643703813488455,0.9998691561605999,1.871264905589682,0.0,3.273841127944272,0.7857372439653233,0.6489752376458738,0.7130149736553301,6.633333333333334,10.6,216.01852230074195,2.4455485057861854,0.0013684092865635952,2.413221738813445
turbo_lunar_lander_12d,12,mes_gumbel,native,fixed_p020,57,33,30,1.4390957519963274,1.5952240909216784,0.9090637784614366,0.16597157922473593,0.9441802777401785,1.889088693667405,0.0,3.379051382327599,0.7850193704495338,0.6483344867506833,0.712346567714901,6.8,10.933333333333334,221.59273017359277,2.395268670283258,0.001397022387633721,2.3995446971462417
turbo_lunar_lander_12d,12,mes_gumbel,native,fixed_p020,58,34,30,1.4962189235727925,1.6441120157997309,0.8679104280927387,0.15845803978678613,1.1349133450387683,1.8784311737090382,0.0,3.306777404397769,0.784330597237617,0.6473074516673306,0.7113541688200943,7.233333333333333,11.4,226.3525444308296,1.6077418150845915,0.0014649555552750826,2.393423846612374
turbo_lunar_lander_12d,12,mes_gumbel,native,fixed_p020,59,35,30,1.3470478206543353,1.5671675837938221,0.8887516988012151,0.1622631178181542,0.6222449867013811,1.9284581687012845,0.0,2.985328888762051,0.7848315849363596,0.6518670818492406,0.7135385796158261,7.3,11.833333333333334,232.5038402112356,2.637579988486444,0.01215299565034608,2.3931207771257808
turbo_lunar_lander_12d,12,mes_gumbel,native,fixed_p020,6,0,30,2.3084718727678397,2.36476569851388,0.4032448147561484,0.07362209374631151,2.054919774827458,2.6530246449068597,1.370461264376363,2.9507006614595364,0.9986889384325536,0.9852275100876212,0.995148893418597,0.0,0.0,11.706419845763595,0.0,0.001194961586346229,2.0023879978961
turbo_lunar_lander_12d,12,mes_gumbel,native,fixed_p020,60,36,30,1.3354711268705748,1.5860219544057659,0.8891622012251426,0.16233806496398606,0.8140329779570368,1.9070615539131193,0.0,3.047759181620039,0.7846222789792228,0.6511700226541637,0.7129979759184832,7.5,12.033333333333333,237.96968120674913,2.1947023927699774,0.0014144862225900093,2.4085109690825144
turbo_lunar_lander_12d,12,mes_gumbel,native,fixed_p020,61,37,30,1.3249859330752078,1.6059025764248827,0.8774281739861893,0.16019573449426783,0.7734788722179181,1.8154004128734749,0.0,3.2536632962876846,0.7843959948679152,0.6506517793536839,0.7123705344168834,7.633333333333334,12.3,243.5010860333064,2.433262977702543,0.0014918577391654253,2.337924566802879
turbo_lunar_lander_12d,12,mes_gumbel,native,fixed_p020,62,38,30,1.3061058602650262,1.5651868077925672,0.8703351849036576,0.15890073778738764,0.6589337473777617,1.828398015903377,0.0,3.2085782403023044,0.7839664469226084,0.6501929928967979,0.7119486532870958,7.766666666666667,12.566666666666666,249.04573564124294,2.3948587813414632,0.0013815030766030152,2.3084358560231824
turbo_lunar_lander_12d,12,mes_gumbel,native,fixed_p020,63,39,30,1.2939885969378888,1.5046513715489298,0.8279855675504383,0.1511687908786975,0.7844247963569952,1.7621514217873986,0.0,3.019599055425,0.7834537032345055,0.6496745218120018,0.7113982638345882,7.966666666666667,12.9,254.37540215205712,2.2326102264846366,0.001444855115065972,2.300164789163197
turbo_lunar_lander_12d,12,mes_gumbel,native,fixed_p020,64,40,30,1.178163513607572,1.3915121753025925,0.7903703336943673,0.14430122018243013,0.6506505566661598,1.719342961598488,0.0,2.3881746229739536,0.7790199978798331,0.6449277208668601,0.7064338781484468,8.2,13.333333333333334,259.78872215903056,2.1492190338050325,0.01256178286857903,2.4669856452538323
turbo_lunar_lander_12d,12,mes_gumbel,native,fixed_p020,65,41,30,1.2150391778130005,1.3469835199281728,0.8075307291613402,0.14743426541342028,0.8218947911437133,1.725111263305759,0.0,2.8569618948714837,0.7783484730385628,0.6442914367702988,0.705724161586966,8.466666666666667,13.633333333333333,265.0662312488848,1.8751711915402363,0.0014102547119061151,2.5368483395781367
turbo_lunar_lander_12d,12,mes_gumbel,native,fixed_p020,66,42,30,1.1513795738336738,1.2593488758773685,0.7512714799482489,0.13716277879264868,0.7233245341838174,1.7104344857252767,0.0,2.376562779775978,0.778229904850738,0.643791639905041,0.7053247013614392,8.666666666666666,14.033333333333333,270.67167302117065,2.200682560928787,0.0014025534658382336,2.4381025841925292
turbo_lunar_lander_12d,12,mes_gumbel,native,fixed_p020,67,43,30,1.1935508746242725,1.3339013533654402,0.8323778169759092,0.15197070224153736,0.6982835708024397,1.7027106194629427,0.0,3.2449002020051747,0.777321405537258,0.643414048932573,0.7048165642154836,8.733333333333333,14.3,276.4292441794959,2.409670941500614,0.0013989829613516728,2.3867762700965005
turbo_lunar_lander_12d,12,mes_gumbel,native,fixed_p020,68,44,30,1.1941849195748622,1.354152331750225,0.7814665116941508,0.14267561212992036,0.7248138628007497,1.8039917535838867,0.0,2.377810067098251,0.7772403976458402,0.6429427619593802,0.7042286009524491,8.9,14.533333333333333,282.0311507198339,2.1371400674184162,0.0014040589177360138,2.4699306250549853
turbo_lunar_lander_12d,12,mes_gumbel,native,fixed_p020,69,45,30,1.1681622759825503,1.3393894233498995,0.7426271726070469,0.13558455141772072,0.8606991611983331,1.7113275399041101,0.0,2.375857766166884,0.7729690600834317,0.6372742957324707,0.6990791779484478,9.166666666666666,14.833333333333334,287.1786914200677,1.8513871054165065,0.012478521699085832,2.3852801664266736
turbo_lunar_lander_12d,12,mes_gumbel,native,fixed_p020,7,0,30,2.2751123220801306,2.3498772115953983,0.4162612493480644,0.07599855869440583,2.0168504798675264,2.650432691357252,1.226591411538858,2.8418783410367388,0.9984683090997225,0.9834494317198244,0.9943849095892785,0.0,0.0,14.070041767663012,0.0,0.001223643869161606,2.0226783383172005
turbo_lunar_lander_12d,12,mes_gumbel,native,fixed_p020,70,46,30,1.1576917798837663,1.3552896332203255,0.7359971050428096,0.1343740722301487,0.8638585237260297,1.6603509107879415,0.0,2.3784657928474,0.7727359544667054,0.636693635147452,0.698645469833581,9.466666666666667,15.2,292.22797569994196,1.8227693038371702,0.001384963421151042,2.4191498325827223
turbo_lunar_lander_12d,12,mes_gumbel,native,fixed_p020,71,47,30,1.1598821842627725,1.3921860538798738,0.7588700617893779,0.13855008368579383,0.5919021385789643,1.6429609192343806,0.0,2.386895410723107,0.7722551015745842,0.6362677453978818,0.6982730108207631,9.633333333333333,15.466666666666667,297.8787034242414,2.1289883794573448,0.0014731903560459615,2.536994117156913
turbo_lunar_lander_12d,12,mes_gumbel,native,fixed_p020,72,48,30,1.1306410214823508,1.303202724461915,0.7290516906364505,0.13310601884962062,0.6730716148157412,1.6516150022410583,0.0,2.384990665554752,0.7715755639976989,0.6356804569672861,0.6977403809829396,9.866666666666667,15.733333333333333,303.25871905769844,1.989715721954902,0.0014332986281563838,2.365657888601224
turbo_lunar_lander_12d,12,mes_gumbel,native,fixed_p020,73,49,30,1.0921891923393239,1.2466011236616168,0.7125055687753257,0.13008512412209813,0.6377236677145879,1.6300305075630797,0.0,2.39447520006621,0.7711773961678791,0.6351439082912389,0.6972911839820264,10.1,16.133333333333333,308.74678863698307,2.177690070712318,0.0014695565526684125,2.3827461232741673
turbo_lunar_lander_12d,12,mes_gumbel,native,fixed_p020,74,50,30,1.1647237031895505,1.2925573358872755,0.824553182140364,0.15054212590698107,0.7000225865059552,1.6032955209744022,0.0,3.3734039378701928,0.7718926832189187,0.6340702196018445,0.6972421127622996,10.266666666666667,16.466666666666665,314.3352514377019,2.2205983901396396,0.014119029324501754,2.5117201344265294
turbo_lunar_lander_12d,12,mes_gumbel,native,fixed_p020,75,51,30,1.1315617243202916,1.28016546910618,0.7625988140423837,0.139230857592567,0.5864455352214382,1.6144101085163554,0.0,2.578892438197145,0.7715838433540185,0.6336040263851924,0.6968512071146916,10.5,16.866666666666667,319.84966116780413,2.0626751936972143,0.0015790754618744056,2.5296173239126802
turbo_lunar_lander_12d,12,mes_gumbel,native,fixed_p020,76,52,30,1.1327068692121571,1.2493224333138642,0.7455655272449242,0.13612101912342583,0.7638063850632231,1.6964591957558492,0.0,2.5113003377608156,0.7713932087538816,0.6332685731858079,0.696523774034383,10.633333333333333,17.166666666666668,325.6927659772647,2.2832367639523,0.0014631716379274924,2.50457005839174
turbo_lunar_lander_12d,12,mes_gumbel,native,fixed_p020,77,53,30,1.0945060478112707,1.1640146647537066,0.7483800888654522,0.1366348854197763,0.6626153734821912,1.5980988724530851,0.0,2.4417477558222034,0.7710548565543729,0.6329170410659092,0.69617139447696,10.833333333333334,17.366666666666667,331.40116490074433,2.0958982901647687,0.001528794877231121,2.6433621153390656
turbo_lunar_lander_12d,12,mes_gumbel,native,fixed_p020,78,54,30,1.0320042451084428,1.1541697054262767,0.6969455384374618,0.12724426425159388,0.54852061566527,1.5493482478386018,0.0,2.4108835540008675,0.770792031874855,0.6324441704469604,0.6957344842477444,11.0,17.666666666666668,337.2369797593914,2.1837350893144807,0.0015061753025899331,2.576388773911943
turbo_lunar_lander_12d,12,mes_gumbel,native,fixed_p020,79,55,30,1.0382250602740999,1.182281135025175,0.7137491932477665,0.13031217784763857,0.5008355239165326,1.5460554802090678,0.0,2.3702157251148193,0.773755502446524,0.6331749740046672,0.6974435923597573,11.166666666666666,17.933333333333334,343.0857466545111,2.186144328598554,0.014200599181155365,2.5848513580393044
turbo_lunar_lander_12d,12,mes_gumbel,native,fixed_p020,8,0,30,2.2239840506496247,2.22600281822161,0.4200166296630616,0.07668419419791743,1.9900331339095296,2.6590745569009444,1.1804013694844409,2.828253016420003,0.998126022348572,0.9816567420505923,0.9934316337672878,0.0,0.0,16.523486561328173,0.0,0.0012108603492379188,2.099975669911752
turbo_lunar_lander_12d,12,mes_gumbel,native,fixed_p020,80,56,30,1.1147385008663777,1.2645599536000618,0.7630104357649943,0.13930600909344465,0.5201052004717177,1.6297011532535455,0.0,2.678741028713625,0.7733696010448381,0.6328434938195622,0.6972329502863344,11.266666666666667,18.2,349.2980725691809,2.335893600123624,0.0014918858495851358,2.4962154904690883
turbo_lunar_lander_12d,12,mes_gumbel,native,fixed_p020,81,57,30,1.0439704252423376,1.121082954816097,0.7245976968266273,0.13229283455607777,0.5193448152693287,1.65912023391883,0.0,2.3482607829777176,0.7732422618776916,0.6325139903172361,0.6968691844606135,11.4,18.366666666666667,355.489948935636,2.253364064187432,0.0015738715883344412,2.7732259421919783
turbo_lunar_lander_12d,12,mes_gumbel,native,fixed_p020,82,58,30,1.0188318800001321,1.1661503779604672,0.7052191668240614,0.1287548152181791,0.46701479585800804,1.5290730075951129,0.0,2.351748271324835,0.7731230823029603,0.632097466282694,0.6964796731104878,11.6,18.633333333333333,361.05628136882245,2.1257013843550037,0.001521031465381384,2.5086165054235607
turbo_lunar_lander_12d,12,mes_gumbel,native,fixed_p020,83,59,30,1.022330245775323,1.1797202430287541,0.7322637009785599,0.133692449022725,0.11494359228638679,1.5577004322527859,0.0,2.353573778501389,0.7730024445092543,0.6317039619559933,0.6960376331028224,11.833333333333334,19.0,366.5555642204204,1.9565409164875747,0.0015288943890482188,2.6243749394391975
turbo_lunar_lander_12d,12,mes_gumbel,native,fixed_p020,84,60,30,0.9883579217521566,1.1162849353309665,0.6934174027465525,0.12660011775031052,0.2934018994422496,1.5193721825627502,0.0,2.317506615619745,0.8022093213946889,0.6721400446406508,0.7321401685133467,11.966666666666667,19.3,372.491594559482,2.171933591784909,0.01517596688742439,2.6427024214528503
turbo_lunar_lander_12d,12,mes_gumbel,native,fixed_p020,85,61,30,0.9574316495376203,1.0399340165386222,0.6834514233594285,0.12478058717765741,0.4256921884894463,1.468015150976108,0.0,2.314433555521567,0.8019639951605128,0.6717425712298666,0.7316971180481616,12.1,19.566666666666666,377.9772781455579,2.017470728823294,0.0015174033120274543,2.6796785880501073
turbo_lunar_lander_12d,12,mes_gumbel,native,fixed_p020,86,62,30,0.9226509188795714,1.0856936538957007,0.6917020124554282,0.12628693176451913,0.07232438610846814,1.4194729280326046,0.0,2.3152244392983077,0.8018836737249978,0.6713461649146863,0.7313660581340125,12.3,19.9,383.6105832671126,1.947581405332312,0.001574783151348432,2.6773601667179414
turbo_lunar_lander_12d,12,mes_gumbel,native,fixed_p020,87,63,30,0.8806070248707311,0.9492126006815251,0.7023232488977077,0.12822609536052992,0.08215414654029957,1.444120120033268,0.0,2.3100827530812884,0.8017606907987284,0.6709075950880204,0.7309349416627398,12.5,20.233333333333334,389.3270770134094,1.8869108964223416,0.0015692365976671377,2.730749330917994
turbo_lunar_lander_12d,12,mes_gumbel,native,fixed_p020,88,64,30,0.8625288744030958,0.9804372014008899,0.6968828045424825,0.12723281066179376,0.0,1.3452535628201443,0.0,2.3064797510434305,0.8016520876228302,0.670611890390463,0.7307232894776,12.666666666666666,20.6,395.1170349031376,1.9914139085294058,0.001542183787872394,2.7068160962779073
turbo_lunar_lander_12d,12,mes_gumbel,native,fixed_p020,89,65,30,0.8508873697957299,0.9585094689011232,0.6886906551408087,0.12573713565454406,0.008095402274761465,1.2973170998012367,0.0,2.3187315030575224,0.8106491302101914,0.678141002338029,0.7394670019113282,12.7,20.8,401.521850047571,2.3421810880924263,0.015841411628449955,2.7392138798721133
turbo_lunar_lander_12d,12,mes_gumbel,native,fixed_p020,9,0,30,2.226785806187293,2.2321246182726253,0.40263022331401005,0.07350988521414191,2.026735734028776,2.5956853505895654,1.2068822227109028,2.830434890547302,0.9978353826675902,0.9800721250901048,0.992844278903608,0.0,0.0,18.912180324007448,0.0,0.001184358432268103,2.028618181558947
turbo_lunar_lander_12d,12,mes_gumbel,native,fixed_p020,90,66,30,0.8675497470798826,0.9794915787697177,0.7164988011172945,0.1308141852657833,0.019692545932333272,1.3003348279183462,0.0,2.3203250772814563,0.8103801361880173,0.6777769119087164,0.7391075577067389,12.866666666666667,21.0,407.37020857185126,1.94977477795134,0.0015640534460544587,2.7668480404497435
turbo_lunar_lander_12d,12,mes_gumbel,native,fixed_p020,91,67,30,0.8759086996479265,0.9776047676708741,0.7195890762394123,0.1313783897302103,0.01961287851590071,1.3617297237863335,0.0,2.328409201474042,0.8101807796604814,0.6775429360794724,0.7389189907317399,13.0,21.3,413.2187782748913,2.034495967067778,0.001541440064708392,2.731691366961847
turbo_lunar_lander_12d,12,mes_gumbel,native,fixed_p020,92,68,30,0.871566694948648,1.010041182548642,0.7073883179186071,0.129150846213219,0.019544312107100448,1.3581354815723556,0.0,2.336440343546563,0.809663051581973,0.6770623458554695,0.7385236300525706,13.333333333333334,21.5,418.2862131149819,1.552024515066296,0.0015028441480050485,2.762097921098272
turbo_lunar_lander_12d,12,mes_gumbel,native,fixed_p020,93,69,30,0.8656444614683136,0.9569589291113781,0.7182621282659125,0.13113612328430307,0.01966505778166816,1.2406799553169787,0.0,2.339794982604768,0.8094730029141087,0.6766717430077887,0.7379468398012807,13.533333333333333,21.833333333333332,423.7595100600583,1.8344349450431765,0.0015712570243825515,2.8493028120758632
turbo_lunar_lander_12d,12,mes_gumbel,native,fixed_p020,94,70,30,0.8399101388782869,0.8975546336645237,0.7165287324447004,0.1308196499535154,0.02990805295938742,1.1239219014690152,0.0,2.3454550239023275,0.8051331193684366,0.6682049251272175,0.7315228355688455,13.733333333333333,22.166666666666668,429.41486192618805,1.7517493627189349,0.016795278433710335,2.8228481737431137
turbo_lunar_lander_12d,12,mes_gumbel,native,fixed_p020,95,71,30,0.821154994658889,0.8633285192368296,0.6842785917739658,0.12493160677749002,0.03737191948364099,1.1628848892012167,0.0,2.337327314231048,0.8048296634426413,0.6674527626337078,0.7308225260496889,14.1,22.6,434.34413271530843,1.357220779856046,0.0016038537335892518,2.8409188117831947
turbo_lunar_lander_12d,12,mes_gumbel,native,fixed_p020,96,72,30,0.8108941591135095,0.8998053470802242,0.693866355303813,0.12668208489793092,0.029918459643374695,1.0978140927727231,0.0,2.345665509470714,0.8047494026231593,0.6670916277780405,0.7304604990381856,14.266666666666667,22.933333333333334,440.1232407631197,1.8260546964903672,0.0016496322117745877,2.8983586607656133
turbo_lunar_lander_12d,12,mes_gumbel,native,fixed_p020,97,73,30,0.7955782706399133,0.7744284145918766,0.6934630564005225,0.1266084529290145,0.022780378592868633,1.219858687579913,0.0,2.34441740936116,0.8045292718116893,0.6665765610588511,0.7297249864658063,14.533333333333333,23.3,445.83350231908264,1.8094012609372536,0.0016055823148538669,2.8848952513343344
turbo_lunar_lander_12d,12,mes_gumbel,native,fixed_p020,98,74,30,0.7238655750434032,0.7089652237016609,0.6725981647913639,0.12279906233093567,0.0,1.0930038926705168,0.0,2.347364367555784,0.8043168908932865,0.6660951343775466,0.7292702336903888,14.833333333333334,23.666666666666668,451.196753451135,1.6941909125850847,0.0015941045557459196,2.770905405981466
turbo_lunar_lander_12d,12,mes_gumbel,native,fixed_p020,99,75,30,0.7234862716066852,0.7549093874960684,0.6911645791701635,0.12618881032002127,0.0,1.1113859013841094,0.0,2.347411591721165,0.8024470267177897,0.6630650884985545,0.726574353596204,15.0,24.133333333333333,456.9638117093127,1.91867078995953,0.018457086849957706,2.8119296046594777
turbo_lunar_lander_12d,12,mes_gumbel,native,standard,1,0,30,3.310651109298576,3.283904957447192,0.580644939743358,0.10601077713288837,3.052659635642117,3.600539664830276,2.2276699670828726,4.534419415344451,0.9999703333578658,0.9972378949702652,0.9997470325374905,0.0,0.0,1.0163264212819436,0.0,0.022558349293346207,0.5327682410832495
turbo_lunar_lander_12d,12,mes_gumbel,native,standard,10,0,30,2.22363944070666,2.237736932043511,0.389172751593094,0.07105289827129739,1.9972427935898305,2.560782715833177,1.4562514051970976,2.7919025174092806,0.9975692102752459,0.9785407233685759,0.9921383172057798,0.0,0.0,27.091577937810992,0.0,0.0015262522734701633,2.6124606010659286
turbo_lunar_lander_12d,12,mes_gumbel,native,standard,100,76,30,0.8644466375094967,0.7296900697243273,0.8143519561902102,0.1486796453846123,0.0,1.273973319513737,0.0,2.3663939729708856,0.8026224867578138,0.6753795387741235,0.732966497946143,0.0,0.0,613.9476895551818,3.0469486544374376,0.0019052368588745594,3.3817446873212855
turbo_lunar_lander_12d,12,mes_gumbel,native,standard,101,77,30,0.8694298738542078,0.8093475727113798,0.8128187308240462,0.14839971801168325,0.0,1.337624250194964,0.0,2.368035674233718,0.8025179840075677,0.6752680597626846,0.7328693384067326,0.0,0.0,621.78924884093,3.026304295488323,0.0020063004456460478,3.351638376681755
turbo_lunar_lander_12d,12,mes_gumbel,native,standard,102,78,30,0.8567615937455677,0.779354009467973,0.8084081307587115,0.14759445629571075,0.0,1.2803972631638278,0.0,2.3684539239445894,0.8019332056431223,0.6749440821670724,0.7326578246919414,0.0,0.0,629.3311455139115,2.975430946331471,0.0019832523074001076,3.4177096535762153
turbo_lunar_lander_12d,12,mes_gumbel,native,standard,103,79,30,0.8082403087433266,0.6877174570516879,0.7980698283807606,0.14570694915613971,0.0,1.2728349050698509,0.0,2.367464013919381,0.8018531503695309,0.6747875515998134,0.7324555412839323,0.0,0.0,637.1025808084756,3.063415802270174,0.001999852852895856,3.3456465473088124
turbo_lunar_lander_12d,12,mes_gumbel,native,standard,104,80,30,0.81657283439788,0.7072623950751,0.8177086238578579,0.14929248625115193,0.0,1.357731559988077,0.0,2.3676904439773017,0.8058964663359145,0.6810047764784319,0.737445734519447,0.0,0.0,644.9420237500841,2.9699126689694824,0.02551654907874763,3.4732612353594354
turbo_lunar_lander_12d,12,mes_gumbel,native,standard,105,81,30,0.8291832373967967,0.8837646517035753,0.7961791753956203,0.14536176472668114,0.0,1.2511721711231065,0.0,2.36877834968185,0.8058266557690928,0.6808648656385021,0.7372820591931878,0.0,0.0,653.0323445306625,3.0891439319743466,0.0019801271613687278,3.3589135417404274
turbo_lunar_lander_12d,12,mes_gumbel,native,standard,106,82,30,0.8073098693405646,0.7500815346073577,0.7925318395059813,0.1446958553461633,0.0,1.3230240222572134,0.0,2.3694979758451264,0.8057751078220285,0.6807195595153832,0.7371262604349336,0.0,0.0,660.9476659115094,3.1859516061842443,0.0019582490747173625,3.385615058258797
turbo_lunar_lander_12d,12,mes_gumbel,native,standard,107,83,30,0.8503000371341611,0.855977096831465,0.7875854380240822,0.14379277012279226,0.0,1.3239564921764102,0.0,2.369368904508633,0.8057264559796622,0.6805356507590964,0.7368910653947058,0.0,0.0,668.5130401413887,3.14507780362231,0.0020017622504383326,3.224936641721676
turbo_lunar_lander_12d,12,mes_gumbel,native,standard,108,84,30,0.7579872067546601,0.6481977816520822,0.7819475606263704,0.14276343924706716,0.0,1.1552546383334459,0.0,2.3659764526418305,0.805687841095616,0.6802920780820098,0.7366145093414412,0.0,0.0,675.7853320170505,2.8860449246130884,0.0019558473800619443,3.2503877374033134
turbo_lunar_lander_12d,12,mes_gumbel,native,standard,109,85,30,0.8060704034992555,0.8590747309592445,0.7708604307943208,0.14073921554473315,0.0,1.254817530497156,0.0,2.3670638915382654,0.8066143431661654,0.6870588801428771,0.7407031248181749,0.0,0.0,683.1058163805244,2.980844156940778,0.025591911887750028,3.226452163343007
turbo_lunar_lander_12d,12,mes_gumbel,native,standard,11,0,30,2.2039395465044658,2.2537721007319247,0.40585783873010195,0.07409916447092356,1.9774190634865962,2.5267119990292883,1.0662318150143433,2.775831557357914,0.9974193191914803,0.9770600576717418,0.9914932065434111,0.0,0.0,30.192987240323177,0.0,0.0015198292521138987,2.6850555018677067
turbo_lunar_lander_12d,12,mes_gumbel,native,standard,110,86,30,0.7707426300313842,0.6982712942142759,0.7827552948183326,0.14291091065953582,0.0,1.1065016723986136,0.0,2.3656739953046557,0.8065036801400749,0.6868845455459832,0.7405211775834795,0.0,0.0,690.4971032138603,2.522275231452659,0.0019574769772589206,3.471482850316291
turbo_lunar_lander_12d,12,mes_gumbel,native,standard,111,87,30,0.7658924879262372,0.7099275871061033,0.7979707562498636,0.14568886114250226,0.0,1.1087306823741638,0.0,2.3520814475510585,0.8064576435784349,0.6866848367375599,0.740326880070623,0.0,0.0,697.9284266159715,2.7085953151807187,0.002017596379543344,3.5460595459211617
turbo_lunar_lander_12d,12,mes_gumbel,native,standard,112,88,30,0.7513553497398464,0.7004415311143384,0.7758331033092634,0.14164709718057317,0.0,1.046200806592461,0.0,2.3442030769667666,0.806254576631164,0.6864675003217969,0.7401500956134633,0.0,0.0,705.4858365106552,2.7617827375419437,0.0019872965756803753,3.4141348601629335
turbo_lunar_lander_12d,12,mes_gumbel,native,standard,113,89,30,0.7633087137016564,0.7233427618490842,0.7698876934217631,0.14056161881090712,0.0,1.149850525168591,0.0,2.309365081934703,0.8062047271607031,0.6862275251272376,0.7398647617562488,0.0,0.0,712.9575180061782,2.694027118415882,0.0019860814015070596,3.481092449820911
turbo_lunar_lander_12d,12,mes_gumbel,native,standard,114,90,30,0.7623274315181118,0.6918564473387276,0.7787977974716209,0.14218837380351554,0.0,1.2099009515287775,0.0,2.3673619062689633,0.8077009077807872,0.6868434305913649,0.7410578709270088,0.0,0.0,720.121717076671,2.6563411037903277,0.026693236626063783,3.303656688813741
turbo_lunar_lander_12d,12,mes_gumbel,native,standard,115,91,30,0.7486277540122188,0.6664474006727948,0.777165182271947,0.14189030041265313,0.0,1.0959772534373284,0.0,2.3544711930170803,0.8075934948314057,0.6866472415688238,0.7408386231878225,0.0,0.0,727.2447128148128,2.5294748978999753,0.001982769975438714,3.2948111492830017
turbo_lunar_lander_12d,12,mes_gumbel,native,standard,116,92,30,0.7337723909926891,0.6801205521944815,0.7477534639988143,0.1365204798949259,0.0,1.1396541964770066,0.0,2.394858009444804,0.8073784679966203,0.6863922395496835,0.7404638528954292,0.0,0.0,734.7102498208793,2.7446993846291057,0.0020335900442053872,3.3554914442667116
turbo_lunar_lander_12d,12,mes_gumbel,native,standard,117,93,30,0.6544951899195596,0.5586295994516534,0.7172086941953454,0.1309437934165384,0.0,1.0299056520181185,0.0,2.352105425916674,0.8069247609526926,0.6861982315564723,0.7403383581500872,0.0,0.0,741.7240620817834,2.535659650480375,0.0019702499732375143,3.3212545197457075
turbo_lunar_lander_12d,12,mes_gumbel,native,standard,118,94,30,0.6783421043166215,0.5289590762206408,0.7485624644937823,0.13666818250163484,0.0,1.039586802436391,0.0,2.3485968577070717,0.8060246037214921,0.6859495845951442,0.740003579799627,0.0,0.0,749.1708983221868,2.6707998362369834,0.0021503050190707046,3.4185063265574476
turbo_lunar_lander_12d,12,mes_gumbel,native,standard,119,95,30,0.6788458725229425,0.6484322066255762,0.7277238386443848,0.13286358735325976,0.0,1.020440386957811,0.0,2.3487833016497235,0.8037556474966829,0.683795884325592,0.7375154485383569,0.0,0.0,756.6661282719112,2.6245563073083757,0.030976534960791467,3.402388992595176
turbo_lunar_lander_12d,12,mes_gumbel,native,standard,12,0,30,2.2106593718795478,2.2407115330443084,0.3965547873468668,0.07240066743884772,1.988724447039785,2.5380856481454894,1.0907761306781327,2.776769492091669,0.9971768750965188,0.9755870863831688,0.9906783619358783,0.0,0.0,33.30685112218683,0.0,0.001523156293357412,2.7166091058868913
turbo_lunar_lander_12d,12,mes_gumbel,native,standard,120,96,30,0.6606460907496817,0.6400320267695127,0.7089354147218135,0.12943330615247242,0.0,0.9591522551613068,0.0,2.3389425251400846,0.8036764808752364,0.6836359152434367,0.7373038333675518,0.0,0.0,763.7287687562562,2.422620504753043,0.0020183313948412738,3.236066370923072
turbo_lunar_lander_12d,12,mes_gumbel,native,standard,121,97,30,0.6348953199558972,0.4551815202645809,0.7101315538988476,0.12965169028886483,0.0,0.9771137508331518,0.0,2.3221638543787164,0.8034120143035722,0.6833659396906515,0.7368686500057067,0.0,0.0,770.9434045063797,2.3828412991948427,0.00214383980880181,3.3991279770309726
turbo_lunar_lander_12d,12,mes_gumbel,native,standard,122,98,30,0.6120748959340926,0.4536566212714319,0.709016985395477,0.12944819885180456,0.0,0.9832433144518274,0.0,2.322568049732409,0.8033996943602186,0.6832391278786625,0.7367460377327609,0.0,0.0,778.1946640827693,2.442273562339445,0.00206471582253774,3.345368357095867
turbo_lunar_lander_12d,12,mes_gumbel,native,standard,123,99,30,0.6311998540021729,0.45836766444002375,0.7208200028786309,0.13160312515918832,0.0,0.9885868456383731,0.0,2.3256675323799736,0.8033384821425946,0.6830392323934044,0.7364113067100518,0.0,0.0,785.1491059421252,2.440211751529326,0.002125397929921746,3.304186245985329
turbo_lunar_lander_12d,12,mes_gumbel,native,standard,124,100,30,0.6188302895801985,0.41327250534803706,0.7244865477275378,0.1322725415998052,0.0,0.9667651695875418,0.0,2.325506252498423,0.8003504609043772,0.6784095608861952,0.7326588847337038,0.0,0.0,792.0604101545333,2.4353411657580484,0.03143534185364842,3.3221317944892994
turbo_lunar_lander_12d,12,mes_gumbel,native,standard,125,101,30,0.6648527589114903,0.5286118011144131,0.7398374404973184,0.13507521834908912,0.0,1.1294387257552037,0.0,2.329587926209856,0.8002439907747309,0.6781606343356265,0.7324694131202034,0.0,0.0,799.3592677652371,2.6853737040112415,0.0020643431227654217,3.28563226206849
turbo_lunar_lander_12d,12,mes_gumbel,native,standard,126,102,30,0.618714730113705,0.4267117707840915,0.7259953912793461,0.13254801748282907,0.0,1.0262031180643125,0.0,2.3275745337220948,0.8001700521365206,0.6779234177634141,0.732253230826921,0.0,0.0,806.5024959484425,2.4666879045156143,0.002020893478766084,3.204582017737751
turbo_lunar_lander_12d,12,mes_gumbel,native,standard,127,103,30,0.6351304067975195,0.5162835977526182,0.7119445833111243,0.12998270265770626,0.0,1.0605707882043438,0.0,2.3270419196355405,0.7999414002338417,0.677699527980811,0.7320034169395561,0.0,0.0,814.0416302048601,2.8001327285543085,0.0021552746184170246,3.383533237626155
turbo_lunar_lander_12d,12,mes_gumbel,native,standard,128,104,30,0.6293859071189712,0.45844602569022896,0.7130465507500591,0.1301838934656865,0.0,1.045627511051769,0.0,2.3062250393082637,0.7994185928819895,0.6774742270134554,0.7318198725641462,0.0,0.0,821.3160299893314,2.688716014738505,0.0021803165165086586,3.2673521243811896
turbo_lunar_lander_12d,12,mes_gumbel,native,standard,129,105,30,0.623500904962223,0.542396199509105,0.70038443594332,0.12787211816389615,0.0,0.9910147428005105,0.0,2.307208125427431,0.7959223464292214,0.6725890744231297,0.727521628057921,0.0,0.0,828.1570300179534,2.711612384424855,0.030703353974968196,3.1223491062254953
turbo_lunar_lander_12d,12,mes_gumbel,native,standard,13,0,30,2.1624211766836634,2.169847667959323,0.4000469610745641,0.07303824821397663,1.8748445000298197,2.4402882454317654,1.1087561383423163,2.7763907585551406,0.997077015008267,0.9742330654319203,0.9901181193354852,0.0,0.0,36.295293177617715,0.0,0.0014786793074260155,2.610430529015139
turbo_lunar_lander_12d,12,mes_gumbel,native,standard,130,106,30,0.6145920298158791,0.5141214974747322,0.7128685452296696,0.13015139425272726,0.0,0.9874039838899556,0.0,2.3062897529953528,0.7957561193037734,0.6722552966552018,0.7270406111746547,0.0,0.0,835.0393688459104,2.6010917039743315,0.002024485574414333,3.1596706679090856
turbo_lunar_lander_12d,12,mes_gumbel,native,standard,131,107,30,0.6127062471249825,0.5117491634511248,0.7063838324426018,0.1289674530952542,0.0,0.946033281842442,0.0,2.337282806132721,0.7952510565329831,0.671954076000675,0.7267370059991453,0.0,0.0,842.0242680266189,2.6774994583645215,0.0019994566061844426,3.2352161380462348
turbo_lunar_lander_12d,12,mes_gumbel,native,standard,132,108,30,0.6169520135149184,0.4248394594273587,0.7192899755305422,0.13132378166180564,0.0,0.9423787827084571,0.0,2.332176293855557,0.795240627811139,0.6718033175707195,0.7266610923580591,0.0,0.0,849.4101505837093,2.7282467719943573,0.0020877051632851363,3.2327733006173123
turbo_lunar_lander_12d,12,mes_gumbel,native,standard,133,109,30,0.6365577751554727,0.43935750394618067,0.7369350056091217,0.13454530866243736,0.0,1.021279464698581,0.0,2.314179238728671,0.7951050069355013,0.6716363976384068,0.7264402147956021,0.0,0.0,857.0884808831072,2.7590813708336404,0.0021783278634150824,3.457886711275205
turbo_lunar_lander_12d,12,mes_gumbel,native,standard,134,110,30,0.6358718557095034,0.5010208281834301,0.726473301002182,0.1326352714613785,0.0,1.0484587339114375,0.0,2.317099524419618,0.7946152610806624,0.6697305661411578,0.7251649234096945,0.0,0.0,865.0107533362384,2.913786175241694,0.03246164775143067,3.337075399234891
turbo_lunar_lander_12d,12,mes_gumbel,native,standard,135,111,30,0.6015986309015858,0.44832346954991475,0.6980421273666169,0.1274444730825301,0.0,0.966610209189475,0.0,2.323180097615746,0.7939288398506392,0.6694225761268862,0.7248255695815129,0.0,0.0,872.5174511852674,2.585892942066615,0.0022154843279471,3.3507523925819744
turbo_lunar_lander_12d,12,mes_gumbel,native,standard,136,112,30,0.6006420907901067,0.41746283308295895,0.6811395732303684,0.12435850302257159,0.0,1.0047274019309373,0.0,2.3200441111007644,0.7937610183009361,0.6692410702018259,0.724661529953172,0.0,0.0,879.6498392210342,2.567624626851951,0.0022256156119207543,3.2571238171930115
turbo_lunar_lander_12d,12,mes_gumbel,native,standard,137,113,30,0.5835526217581926,0.363045868606663,0.6795415175431291,0.12406673930655479,0.0,0.9199548503536903,0.0,2.32851269664843,0.7933800070822631,0.6690017505984727,0.7245050615853152,0.0,0.0,886.4835533543645,2.3550635936825226,0.002252274705097079,3.1739795044995844
turbo_lunar_lander_12d,12,mes_gumbel,native,standard,138,114,30,0.6087647527427973,0.3847010807231802,0.6956274049208826,0.12700360709798253,0.0,1.0859981455316317,0.0,2.3378414338045537,0.7928768458614754,0.6687726521684824,0.7242725020799915,0.0,0.0,893.9164194119628,2.555761419562623,0.002269699905688564,3.4524923326602828
turbo_lunar_lander_12d,12,mes_gumbel,native,standard,139,115,30,0.610128639773993,0.45017140336483996,0.6950747679254162,0.12690270984847293,0.0,1.0021197921322615,0.0,2.3221488687803182,0.7903946105227609,0.664507854522559,0.7207286094030927,0.0,0.0,901.4399640198952,2.528110177985703,0.03456844210935136,3.512114202339823
turbo_lunar_lander_12d,12,mes_gumbel,native,standard,14,0,30,2.154786439057285,2.1409700023643303,0.3714147224807916,0.06781074056408357,1.8546720315916845,2.392664409051791,1.3656806381213453,2.779667657065398,0.9966224269695563,0.9727196180071898,0.9893869242909837,0.0,0.0,39.28109493701098,0.0,0.0014207069606830677,2.5928076887813707
turbo_lunar_lander_12d,12,mes_gumbel,native,standard,140,116,30,0.5847909786583173,0.441317106014779,0.6563286141227966,0.11982866236371982,0.0,0.9365846709247801,0.0,2.3256082764228454,0.789673396187386,0.6641670147723316,0.7203354165229857,0.0,0.0,908.8970615477457,2.686451555027937,0.002284156143044432,3.4740889058914037
turbo_lunar_lander_12d,12,mes_gumbel,native,standard,141,117,30,0.5807563903323996,0.42205548467675635,0.6660229541830128,0.12159859860742195,0.0,0.976097700124472,0.0,2.3167681337065495,0.7892944136292683,0.6639168902298784,0.7200996581748939,0.0,0.0,916.4003739361495,2.679685080998267,0.0021799298158536357,3.3821815357388307
turbo_lunar_lander_12d,12,mes_gumbel,native,standard,142,118,30,0.5926908443529577,0.44197560580648676,0.6716825640498422,0.12263189727100236,0.0,0.9840955166549714,0.0,2.3276890921928666,0.788975815839074,0.6636108795148573,0.7198112267567409,0.0,0.0,923.6520595641962,2.5686056868794065,0.0022539162232230107,3.3306544734941173
turbo_lunar_lander_12d,12,mes_gumbel,native,standard,143,119,30,0.591974861069008,0.4627504414751439,0.6695646506234657,0.12224522095151255,0.0,0.9421932514776136,0.0,2.326647871134951,0.7889507030347681,0.6634134768292433,0.7196448725859227,0.0,0.0,930.905871369907,2.410129766818136,0.0022635142629345256,3.4152098724773774
turbo_lunar_lander_12d,12,mes_gumbel,native,standard,144,120,30,0.6063338043281946,0.3955934741523278,0.6727982923758888,0.12283560046174344,0.0,1.0096633410459817,0.0,2.3307947067624677,0.7862627827697768,0.658780595031709,0.7159476931533099,0.0,0.0,938.094527549576,2.4777860860340297,0.03647646955214441,3.438756550444911
turbo_lunar_lander_12d,12,mes_gumbel,native,standard,145,121,30,0.593455930218941,0.40129979277110206,0.670658829874617,0.12244498983744911,0.0,1.0618284986471052,0.0,2.333356603158253,0.7860809333414986,0.6585095541032444,0.7156333930281351,0.0,0.0,945.3993312169488,2.6607068829393636,0.002230898104608059,3.365281511330977
turbo_lunar_lander_12d,12,mes_gumbel,native,standard,146,122,30,0.5902163443043832,0.47271521431634245,0.6513394550808213,0.11891777071362956,0.0,0.9656616796762669,0.0,2.3204522284230107,0.7860534571440312,0.6583395684121635,0.7154721686581452,0.0,0.0,952.7162326599471,2.594761928465838,0.0021889226200679937,3.3172268726552527
turbo_lunar_lander_12d,12,mes_gumbel,native,standard,147,123,30,0.5612495929268646,0.3953349404224873,0.6514555035963661,0.11893895817687251,0.0,0.9255513900142358,0.0,2.32083622738637,0.7859809317700541,0.6582492544080463,0.7154127350717008,0.0,0.0,960.331711887444,2.65523044403332,0.002320978076507648,3.4281196080769103
turbo_lunar_lander_12d,12,mes_gumbel,native,standard,148,124,30,0.5422908329737965,0.27673463167882173,0.6539836801994563,0.11940053796182895,0.0,0.9238010738612953,0.0,2.3207278252606742,0.7852393420780388,0.6579860429307577,0.7151750581181111,0.0,0.0,967.8341111635013,2.719063893550386,0.0023306511032084626,3.6034216742341716
turbo_lunar_lander_12d,12,mes_gumbel,native,standard,149,125,30,0.5284288686279275,0.20217273371055133,0.65563721714309,0.11970243112306106,0.0,0.8146004593665632,0.0,2.323470427468738,0.7928767566427891,0.6655067084299958,0.722955402020498,0.0,0.0,975.4025956185069,2.713760919775814,0.040055951848626134,3.516985228549068
turbo_lunar_lander_12d,12,mes_gumbel,native,standard,15,0,30,2.1347991880220576,2.1185131199386142,0.37296349748131596,0.06809350689884598,1.8408286933968911,2.307423651628433,1.290156542048358,2.78755737563226,0.9963141373461718,0.9712580647761323,0.9886452928854991,0.0,0.0,42.34103072740448,0.0,0.0014563524629920721,2.5877900081065794
turbo_lunar_lander_12d,12,mes_gumbel,native,standard,150,126,30,0.5587304819333304,0.23747286312661164,0.666725417844935,0.12172685033857611,0.0,0.962199727752103,0.0,2.3264299130612107,0.7927616629837163,0.6652736209176214,0.7226886954995922,0.0,0.0,983.5326239841058,3.0099826612975447,0.002558556680257122,3.5723274515320855
turbo_lunar_lander_12d,12,mes_gumbel,native,standard,151,127,30,0.5474278550561767,0.3733859329940965,0.6464887612315267,0.11803215923335948,0.0,0.8516783939452139,0.0,2.3179089270810707,0.7922590398591963,0.6650311869085169,0.7224134076114204,0.0,0.0,991.7952347960788,3.1785369902849196,0.0027069448648641505,3.63055474688299
turbo_lunar_lander_12d,12,mes_gumbel,native,standard,152,128,30,0.5465745331183675,0.2848264632249057,0.6542150655516114,0.11944278295411283,0.0,0.9255085768986229,0.0,2.3180065449216167,0.7920584268009471,0.6647328218825471,0.7221532522096049,0.0,0.0,999.3834843539167,2.9313040488554787,0.0023758565696577233,3.4031360702899596
turbo_lunar_lander_12d,12,mes_gumbel,native,standard,153,129,30,0.5504886217850333,0.26947055788509855,0.6609871342820639,0.12067918788899423,0.0,0.8763771194834249,0.0,2.328531878040953,0.7916942315374867,0.6645309719375605,0.7219367281780092,0.0,0.0,1006.9577989093493,2.773237506377821,0.002412181363130609,3.396581008580203
turbo_lunar_lander_12d,12,mes_gumbel,native,standard,154,130,30,0.543260939108413,0.2916879648698183,0.6565033738530555,0.11986056897918858,0.0,0.8161296500323648,0.0,2.315008934908601,0.7887097163752071,0.6597862558136958,0.718091422109503,0.0,0.0,1014.6025577897516,2.73551777433604,0.04167052982375026,3.506816363458832
turbo_lunar_lander_12d,12,mes_gumbel,native,standard,155,131,30,0.5328020684458238,0.2505480963219836,0.6482789401400022,0.11835899969007349,0.0,0.8782190755090762,0.0,2.313069657526073,0.7885398125716861,0.6595965310362119,0.7179403974457406,0.0,0.0,1022.4669110110495,2.7662766388151794,0.0025184016209095716,3.6407783455215394
turbo_lunar_lander_12d,12,mes_gumbel,native,standard,156,132,30,0.5409667471403471,0.31037368906450613,0.640455014341888,0.1169305528074489,0.0,0.8379500578710961,0.0,2.313069657526073,0.7884462726386928,0.6594003727779033,0.7177078505656584,0.0,0.0,1030.6071481070946,2.9876111771600944,0.002577471515784661,3.607035097386688
turbo_lunar_lander_12d,12,mes_gumbel,native,standard,157,133,30,0.554138631928971,0.25176206174264126,0.6605516934437851,0.12059968763246613,0.0,0.9694499318663556,0.0,2.3144638926833334,0.7884310933706534,0.6593094553873243,0.7176343919059266,0.0,0.0,1038.872581329383,2.944019830304508,0.002515759707118074,3.6120873996522276
turbo_lunar_lander_12d,12,mes_gumbel,native,standard,158,134,30,0.5370055666105962,0.2221135565801351,0.6477632009901699,0.11826483903468961,0.0,0.9151479414443575,0.0,2.3104040083061403,0.7883922338258067,0.6590684795035602,0.7173677915020971,0.0,0.0,1046.627269238311,2.8309978154177466,0.0025015659319857757,3.5477585062229386
turbo_lunar_lander_12d,12,mes_gumbel,native,standard,159,135,30,0.5369478723693416,0.20855904689164062,0.6481951767020662,0.11834370664858958,0.0,0.8645357424945299,0.0,2.302840725019478,0.7871141365025444,0.6566947536505588,0.7154609871207253,0.0,0.0,1054.5466724322332,2.965103853431841,0.04430405021024247,3.439912804076448
turbo_lunar_lander_12d,12,mes_gumbel,native,standard,16,0,30,2.1075148702959936,2.11749211157533,0.366120683037318,0.0668441856229127,1.881068205428724,2.2893746555309353,1.135735755309334,2.832314316644396,0.9960433785475872,0.9700005941429422,0.9879774141683791,0.0,0.0,45.381049104065944,0.0,0.0015425196538368861,2.6571194629340122
turbo_lunar_lander_12d,12,mes_gumbel,native,standard,160,136,30,0.5292990502349377,0.16975231394582946,0.661834998237693,0.1208339859603921,0.0,0.9152930977702655,0.0,2.3013813121829965,0.7870926914398496,0.6564640444791433,0.715242842699379,0.0,0.0,1062.3937930264356,2.8907929374681163,0.0025513421278446913,3.529483816338082
turbo_lunar_lander_12d,12,mes_gumbel,native,standard,161,137,30,0.5434185077615832,0.3058531072816998,0.6558669880542023,0.11974438136008597,0.0,0.9369743268094116,0.0,2.3016905410920754,0.7868950006694597,0.6562616405367712,0.7149725682894006,0.0,0.0,1070.1980298119909,2.921180791920051,0.002626686900233229,3.544651733431965
turbo_lunar_lander_12d,12,mes_gumbel,native,standard,162,138,30,0.5299845702095326,0.3086646369222308,0.6509174906823921,0.11884073090713498,0.0,0.9754930181105731,0.0,2.303349961394218,0.7856017450155474,0.6560786837834692,0.7147991923429746,0.0,0.0,1078.285447575928,2.930135543132201,0.0025828949330995482,3.674954744055867
turbo_lunar_lander_12d,12,mes_gumbel,native,standard,163,139,30,0.5098493045598542,0.12012169203152467,0.6493382175287132,0.1185523963968909,0.0,0.916166176492403,0.0,2.301612456102136,0.7854737756435267,0.6558287282091438,0.7143945653279175,0.0,0.0,1085.6405400765439,2.6999587767136592,0.0024465385203560194,3.4641310976818205
turbo_lunar_lander_12d,12,mes_gumbel,native,standard,164,140,30,0.5247024602639607,0.17462764014648724,0.6507554990839663,0.11881115542294028,0.0,0.8289754070376638,0.0,2.302488340194073,0.7834830901023672,0.652817203308557,0.7117823890969308,0.0,0.0,1093.0323881689924,2.686726788152009,0.04302321253344417,3.3235573117776465
turbo_lunar_lander_12d,12,mes_gumbel,native,standard,165,141,30,0.5527894928727518,0.3662309362221293,0.6519903907081178,0.11903661475581426,0.0,0.902480513257585,0.0,2.311757106963981,0.7829611911192643,0.6526374242890625,0.7115739175289165,0.0,0.0,1100.7017905150385,2.6815590367652478,0.0025049258799602586,3.4505822441540657
turbo_lunar_lander_12d,12,mes_gumbel,native,standard,166,142,30,0.5744896852651262,0.34412840737013917,0.6797215659187406,0.12409961149214298,0.0,0.9533245014612317,0.0,2.310581675659877,0.7826109919455252,0.6523539628169146,0.711245002911901,0.0,0.0,1108.2867540197758,2.568493488787984,0.002688199064383904,3.5869147643602144
turbo_lunar_lander_12d,12,mes_gumbel,native,standard,167,143,30,0.556325772946572,0.3156881829455608,0.6652280741457655,0.12145347403178497,0.0,0.912308504499024,0.0,2.303113494801605,0.7821357865829974,0.6521236120636094,0.710992114190941,0.0,0.0,1115.9131297837632,2.671687584075456,0.002561514622842272,3.531109361459191
turbo_lunar_lander_12d,12,mes_gumbel,native,standard,168,144,30,0.5526732993404295,0.3514222073222528,0.6562502425897493,0.11981435374488106,0.0,0.9697074074159739,0.0,2.306069805066169,0.7820886535172201,0.6519552566673337,0.7108350089542076,0.0,0.0,1123.3243134708143,2.576556150227164,0.0024993798229843377,3.4233233655337245
turbo_lunar_lander_12d,12,mes_gumbel,native,standard,169,145,30,0.5565499569556734,0.427740459340503,0.651483767522022,0.11894411844008765,0.0,0.9432783730969971,0.0,2.313183693412925,0.7786046485876096,0.6472491183204944,0.7065576561574076,0.0,0.0,1130.644350691978,2.5006792745863398,0.044011374547456704,3.293738473346457
turbo_lunar_lander_12d,12,mes_gumbel,native,standard,17,0,30,2.099757838105531,2.110022740220339,0.3828710086523443,0.0699023626845482,1.873366464527005,2.3150564028909124,1.0023537683350885,2.8299922076114465,0.9959122692309682,0.9688942266809756,0.9873643256895525,0.0,0.0,48.3520039391083,0.0,0.001532354640463988,2.5694385593446594
turbo_lunar_lander_12d,12,mes_gumbel,native,standard,170,146,30,0.5561937438804795,0.40609273055179196,0.6547636169883964,0.11954293428607249,0.0,0.9621982241322662,0.0,2.3154806788874094,0.7782230711835698,0.6469782252909023,0.7063123600442278,0.0,0.0,1137.438072869368,2.364712384638066,0.002397886570543051,3.3497217358555647
turbo_lunar_lander_12d,12,mes_gumbel,native,standard,171,147,30,0.5282211295506388,0.3421966480574382,0.6361386528677491,0.1161424966255382,0.0,0.9431565120798564,0.0,2.314419840430977,0.7781056813168996,0.6467254814479185,0.7060099279305576,0.0,0.0,1144.8574677540767,2.514734413009137,0.002554527406270305,3.470473400084302
turbo_lunar_lander_12d,12,mes_gumbel,native,standard,172,148,30,0.5553836722237774,0.3885500471032052,0.6588782739854668,0.12029416443730315,0.0,0.9430991026690212,0.0,2.3080208909173474,0.7779884185364504,0.6465628456300336,0.7058717298533691,0.0,0.0,1151.8968773991955,2.283750416074569,0.0024912020191550253,3.462220362573862
turbo_lunar_lander_12d,12,mes_gumbel,native,standard,173,149,30,0.5619273239539413,0.3169967210716237,0.661971145057199,0.12085884285511744,0.0,0.9429945920190683,0.0,2.3148932676346736,0.7774995711249938,0.6463206365151357,0.7056430502046485,0.0,0.0,1159.9155015668055,2.691122098065292,0.0027922616184999547,3.7858047349533686
turbo_lunar_lander_12d,12,mes_gumbel,native,standard,174,150,30,0.5726409615045208,0.38018010642806854,0.6643550266144177,0.12129407808955385,0.0,0.9701145535373845,0.0,2.301602084542369,0.7746170020266553,0.6423530985615392,0.7020541008514057,0.0,0.0,1167.7839182992,2.7209664382971823,0.05025772230389217,3.6631677318674822
turbo_lunar_lander_12d,12,mes_gumbel,native,standard,175,151,30,0.5452775731002532,0.3286418791428908,0.6506738544644031,0.1187962492229957,0.0,0.8862292156987923,0.0,2.307749004707895,0.774575414614248,0.6421254874309862,0.7018604616273925,0.0,0.0,1175.3454171860435,2.5122156642222158,0.002648100194831689,3.6223816331786414
turbo_lunar_lander_12d,12,mes_gumbel,native,standard,176,152,30,0.5543130326242898,0.34693459763083634,0.6619371260812812,0.1208526318682863,0.0,0.9674269954636786,0.0,2.2979664817424212,0.7745198783430813,0.6419193371830343,0.7015399558716838,0.0,0.0,1183.3916171011826,2.655352509797861,0.0027891015633940697,3.6493582619043687
turbo_lunar_lander_12d,12,mes_gumbel,native,standard,177,153,30,0.5527794920174522,0.3505200943994897,0.6546324752723939,0.11951899119404433,0.0,0.9639307371096659,0.0,2.3002475055956877,0.7743303387291814,0.6416625966942161,0.7011996953915605,0.0,0.0,1190.8735423049113,2.532453793147579,0.002701715085034569,3.5260172215135146
turbo_lunar_lander_12d,12,mes_gumbel,native,standard,178,154,30,0.5633925824734108,0.37988221329566996,0.6571816246262174,0.11998440006189062,0.0,0.9966866990470851,0.0,2.2995533342171934,0.7742042150539551,0.6415162448423343,0.701014033475273,0.0,0.0,1198.0892325587106,2.32591407308355,0.00265020034275949,3.408578218411033
turbo_lunar_lander_12d,12,mes_gumbel,native,standard,179,155,30,0.4827342828594176,0.09329705373326802,0.6242975802790954,0.11398062243825097,0.0,0.7911293715286414,0.0,2.304141713700327,0.7762601519242259,0.6436659385143392,0.7032572696515393,0.0,0.0,1205.4487235718873,2.5292295317010334,0.048480950606366,3.4846650301634026
turbo_lunar_lander_12d,12,mes_gumbel,native,standard,18,0,30,2.0920062495202365,2.111017479782991,0.33864160291830364,0.0618272149426874,1.8708896179771348,2.3034307913698533,1.2088720059724667,2.759462209735169,0.9957094485013225,0.9675855483758339,0.9866311169886459,0.0,0.0,51.31780824114879,0.0,0.0014059659093618392,2.5255432905163615
turbo_lunar_lander_12d,12,mes_gumbel,native,standard,180,156,30,0.5204168587941194,0.3925325324718364,0.6277642486677352,0.114613546596867,0.0,0.8125035184733379,0.0,2.305946029123739,0.7761275274766463,0.6433834083423877,0.7030442394972434,0.0,0.0,1213.0101761370277,2.642625942857315,0.0027170915777484576,3.7558174130662034
turbo_lunar_lander_12d,12,mes_gumbel,native,standard,181,157,30,0.5559309005314224,0.3625438168949475,0.6534530250322718,0.11930365402672108,0.0,0.8979221227695529,0.0,2.308395703081513,0.77604411307632,0.6432017060638093,0.7028990053347322,0.0,0.0,1220.8263833890048,2.761892780304576,0.002807407748575012,3.654624620359391
turbo_lunar_lander_12d,12,mes_gumbel,native,standard,182,158,30,0.5174935698677905,0.2950030475725779,0.6377103452935945,0.11642944709057004,0.0,0.803378431150739,0.0,2.2809568734585763,0.7758773675040123,0.6429948398346903,0.7026637409500931,0.0,0.0,1228.3978099097187,2.599763710113863,0.00281278428932031,3.5656986579764633
turbo_lunar_lander_12d,12,mes_gumbel,native,standard,183,159,30,0.46788026822182444,0.12124887660510719,0.6282270546805508,0.11469804302785638,0.0,0.8118475255105146,0.0,2.284000494686456,0.7754846547789291,0.6427525948697266,0.7023563754180393,0.0,0.0,1235.4913734314343,2.4601101866457613,0.0027545475400984286,3.50420330336007
turbo_lunar_lander_12d,12,mes_gumbel,native,standard,184,160,30,0.4936395842784723,0.09872007592304322,0.6364181655397148,0.11619352842405291,0.0,0.9179664165777921,0.0,2.2703070368225653,0.7746917348986385,0.6410595282011761,0.7009799300028732,0.0,0.0,1242.9275393795067,2.485065617583071,0.05423460084324082,3.511346990785872
turbo_lunar_lander_12d,12,mes_gumbel,native,standard,185,161,30,0.5117835037626276,0.05753467433984216,0.6474585490398973,0.11820921745290552,0.0,0.9967378608998687,0.0,2.2876230421393644,0.774379225375581,0.6407372623211433,0.7006591644369063,0.0,0.0,1250.4754726544488,2.552952180771778,0.0028327982562283676,3.6480820880892377
turbo_lunar_lander_12d,12,mes_gumbel,native,standard,186,162,30,0.5144038551684063,0.025540894053656338,0.6556133890465965,0.11969808072774377,0.0,0.9551329026237954,0.0,2.2812862011307735,0.7743383325588368,0.6405250079193602,0.7005096015612222,0.0,0.0,1258.347707296644,2.768796319855998,0.003014775412157178,3.7268762529361994
turbo_lunar_lander_12d,12,mes_gumbel,native,standard,187,163,30,0.4862551341009501,0.04967402078812666,0.6395982614548519,0.11677413184663646,0.0,0.8583171571490713,0.0,2.3083512746816863,0.7730958241735519,0.6402506752795689,0.7001713840510518,0.0,0.0,1266.2123978615894,2.6423837769776584,0.0029902645541975896,3.7935532400850205
turbo_lunar_lander_12d,12,mes_gumbel,native,standard,188,164,30,0.4966437154812161,0.07094219196040741,0.6355528572413954,0.11603554546599094,0.0,0.8748601541945676,0.0,2.2969268122701485,0.7730425038321636,0.6400466566889483,0.6999032057416414,0.0,0.0,1273.9352468508762,2.556685930226619,0.0029649121376375356,3.601913294972231
turbo_lunar_lander_12d,12,mes_gumbel,native,standard,189,165,30,0.5153405198032847,0.2998865494092644,0.626744299790074,0.11442733026093461,0.0,0.85559263754391,0.0,2.28283812228302,0.7647599628015307,0.624877935247675,0.6879175652956955,0.0,0.0,1281.5532523635,2.412085052082936,0.06464226905566951,3.7872676387118798
turbo_lunar_lander_12d,12,mes_gumbel,native,standard,19,0,30,2.0804840658667922,2.12933069587867,0.3391846870726449,0.061926368090006165,1.870570543226884,2.277441225842643,1.1501422677106037,2.7184779824824505,0.9955179886383606,0.9663557325210144,0.9860669594507968,0.0,0.0,54.394973405792065,0.0,0.0013996977669497332,2.6896058784021686
turbo_lunar_lander_12d,12,mes_gumbel,native,standard,190,166,30,0.533658815354867,0.3775618040471498,0.6353838922200955,0.1160046968147925,0.0,0.8701779528936453,0.0,2.286711090014929,0.7646600881905058,0.624683831974524,0.6876615628639947,0.0,0.0,1289.4841289984683,2.487092865879337,0.002986200712621212,3.924467980597789
turbo_lunar_lander_12d,12,mes_gumbel,native,standard,191,167,30,0.5099179948337319,0.27195923912370956,0.6292463230968801,0.11488413512911508,0.0,0.8302328528400833,0.0,2.2722482348062853,0.7644697478015161,0.624420460224186,0.6873675620952527,0.0,0.0,1297.194930901875,2.49116734447889,0.003013844694942236,3.947637758466105
turbo_lunar_lander_12d,12,mes_gumbel,native,standard,192,168,30,0.5535034939095811,0.4587711351672741,0.6347944659272925,0.11589708278927423,0.0,0.8546079019833792,0.0,2.269736225970856,0.7643818126856489,0.6242206063320968,0.6871597516215556,0.0,0.0,1304.9668504529632,2.6503677060982835,0.0030903052693853775,3.8736255267014106
turbo_lunar_lander_12d,12,mes_gumbel,native,standard,193,169,30,0.5635879434582708,0.5459781382293489,0.63554526479618,0.11603415928148725,0.0,0.8466965040320238,0.0,2.2884012772368583,0.7643541496750353,0.6240280322216569,0.6869217674908652,0.0,0.0,1312.726908543768,2.5448661669157446,0.002954329364001751,3.8333724762313066
turbo_lunar_lander_12d,12,mes_gumbel,native,standard,194,170,30,0.5494626223703549,0.4756475625859766,0.6151753013458643,0.11231512978905601,0.0,0.9074990086078663,0.0,2.1238966092387557,0.7650993800224778,0.6320229475517353,0.691832459669693,0.0,0.0,1320.6890767725495,2.5734629162276783,0.06357652462708453,3.973966570881506
turbo_lunar_lander_12d,12,mes_gumbel,native,standard,195,171,30,0.5250228445453354,0.3529797207701221,0.619390035020495,0.1130846313582133,0.0,0.8844969452376055,0.0,2.1528431171608524,0.7649619885598202,0.6317475439819676,0.6915313828658614,0.0,0.0,1328.4516966036676,2.6411314173446345,0.003068778058513999,3.7570633461388447
turbo_lunar_lander_12d,12,mes_gumbel,native,standard,196,172,30,0.5769826685140653,0.539455194383432,0.6354210354625113,0.11601147821203583,0.0,0.9888019926684739,0.0,2.144382712785208,0.7649246428162285,0.6314724467314574,0.6913015747206325,0.0,0.0,1335.979149755789,2.3406475328840317,0.0030481331360836823,3.8943173810529212
turbo_lunar_lander_12d,12,mes_gumbel,native,standard,197,173,30,0.5573899844059933,0.5217397373389786,0.6199086913648776,0.11317932461801715,0.0,0.904430430019139,0.0,2.1096258405643025,0.7648724796419903,0.6312291876928787,0.6910140859146762,0.0,0.0,1343.1913718589426,2.496689059600855,0.002951227407902479,3.6517856238409876
turbo_lunar_lander_12d,12,mes_gumbel,native,standard,198,174,30,0.5599237295354865,0.5205157391823536,0.6151647706437277,0.11231320715468715,0.0,0.944413657307776,0.0,2.168054054138765,0.7646468356155486,0.6308897299802723,0.6906768338843364,0.0,0.0,1350.7566731195898,2.3910448528671018,0.0031527160511662564,3.8457657204630475
turbo_lunar_lander_12d,12,mes_gumbel,native,standard,199,175,30,0.5776037515460323,0.6219010762456411,0.6263627984914167,0.11435767797193726,0.0,0.9255527581979337,0.0,2.131150278369739,0.7619326175484662,0.6275993218762191,0.6874831838669923,0.0,0.0,1358.7320679541522,2.5768505048782875,0.06631928707162539,3.9310004861404497
turbo_lunar_lander_12d,12,mes_gumbel,native,standard,2,0,30,2.885570233135184,2.8293080899717786,0.4982639284972421,0.09097013107636022,2.517399148613383,3.238257766184881,1.8437588878566724,3.9886089859838023,0.9996801932678034,0.9944561142072189,0.9987245304408059,0.0,0.0,3.676927659769232,0.0,0.002421902787561218,2.2014359103050083
turbo_lunar_lander_12d,12,mes_gumbel,native,standard,20,0,30,2.061611883645981,2.104385787790042,0.34075255035328955,0.06221261945197055,1.8126988241714181,2.2639419317645997,1.110178421976981,2.7188176888560056,0.9951943940238099,0.9650347806448117,0.9853139315771867,0.0,0.0,57.56663041420591,0.0,0.0014914347790181636,2.7264422939314197
turbo_lunar_lander_12d,12,mes_gumbel,native,standard,200,176,30,0.5584733447945306,0.6089546355525411,0.6109334057673894,0.11154066915741864,0.0,0.8866588654474661,0.0,2.0941720056186965,0.761871387888497,0.6273544805231466,0.6873019160153977,0.0,0.0,1366.6472120076107,2.5166651616338642,0.003265520775069793,3.9304131652694196
turbo_lunar_lander_12d,12,mes_gumbel,native,standard,201,177,30,0.5496217095214535,0.5980465287702351,0.6058336251517991,0.11060958086358984,0.0,0.8742887679242848,0.0,2.0885117256714643,0.7616499476140542,0.6270690095277769,0.6870489635399415,0.0,0.0,1374.2878771742185,2.411960224295035,0.003231288865208626,3.857235368418818
turbo_lunar_lander_12d,12,mes_gumbel,native,standard,202,178,30,0.5456915097272124,0.3990329411844348,0.6096202133061062,0.11130091411295512,0.0,0.9156762281560746,0.0,2.1076798756192616,0.7616091244287062,0.6268614529499127,0.6868723841994001,0.0,0.0,1381.5479061390895,2.2214646333052466,0.0030181799239168564,3.7819247357857724
turbo_lunar_lander_12d,12,mes_gumbel,native,standard,203,179,30,0.5726425799124296,0.5448388431564,0.6258715847047661,0.11426799501476857,0.0,0.971704066905759,0.0,2.098469087227994,0.7613105726665482,0.6265853533145059,0.6866105771030876,0.0,0.0,1388.979076436224,2.211092841361339,0.0030789085508634646,3.8591379720717667
turbo_lunar_lander_12d,12,mes_gumbel,native,standard,204,180,30,0.5689635979291919,0.4933824271033057,0.6181068720469999,0.11285035892303374,0.0,0.9803904305171354,0.0,2.0935122343897614,0.7592177146122486,0.6239012879491945,0.6841073792941295,0.0,0.0,1396.3659329523332,2.2406118346067765,0.0707040549411128,3.8655083091153455
turbo_lunar_lander_12d,12,mes_gumbel,native,standard,205,181,30,0.5763850087117002,0.5167413359875608,0.6204746353305195,0.11328265137677247,0.0,0.9427043697325153,0.0,2.1234716130682703,0.75915719690221,0.6236094365776703,0.6837939608169726,0.0,0.0,1403.2290481670138,2.344816624280065,0.003194937389343977,3.6569290141730257
turbo_lunar_lander_12d,12,mes_gumbel,native,standard,206,182,30,0.5671368234831478,0.5806415051566366,0.624872503114622,0.1140855885068652,0.0,0.9991187013902153,0.0,2.1095974487137297,0.7589513695583878,0.6233816563313878,0.6835337805222638,0.0,0.0,1410.083932516522,2.3076477104177076,0.0030171313633521398,3.499019561956326
turbo_lunar_lander_12d,12,mes_gumbel,native,standard,207,183,30,0.5322461828586448,0.22176526899361304,0.6291951016583932,0.11487478341668604,0.0,0.9522009295854719,0.0,2.1075327399782045,0.7587339312683763,0.6231115980740239,0.6832833251681193,0.0,0.0,1417.3655586272944,2.331145746105661,0.003195657751833399,3.6069637525981912
turbo_lunar_lander_12d,12,mes_gumbel,native,standard,208,184,30,0.5152160883855069,0.28841941713927177,0.6103175949662362,0.11142823800176965,0.0,0.8540134040640707,0.0,2.0887029032213706,0.7584879429122082,0.6229062035783756,0.6830163929028218,0.0,0.0,1424.5580140583218,2.3020119307097047,0.0032004255801439284,3.5495606762201835
turbo_lunar_lander_12d,12,mes_gumbel,native,standard,209,185,30,0.5045023873658231,0.260747746877398,0.5995914205974471,0.10946991544926316,0.0,0.8719050893739684,0.0,2.0978872766120005,0.7567331902642347,0.6204858030940275,0.6807905624595916,0.0,0.0,1431.7256995901155,2.2557550319470465,0.06887249709106982,3.6107880540036907
turbo_lunar_lander_12d,12,mes_gumbel,native,standard,21,0,30,2.0103557832540613,2.1196253294823966,0.45621493106484673,0.0832930696049603,1.8201512959423876,2.2685593450080273,0.35543964366029956,2.6623164610743437,0.9950198861468054,0.9639788771103057,0.9847182647098223,0.0,0.0,60.675099669319266,0.0,0.001427372870966792,2.651799134584144
turbo_lunar_lander_12d,12,mes_gumbel,native,standard,210,186,30,0.5442881827761215,0.3949953245354748,0.6219554133418504,0.11355300321659367,0.0,0.8773589705626199,0.0,2.102538184165559,0.7566837002495111,0.6203294390522914,0.6806287110177346,0.0,0.0,1438.6275507616344,2.1715487437012295,0.0031219954291979474,3.5081823827233167
turbo_lunar_lander_12d,12,mes_gumbel,native,standard,211,187,30,0.5464386857672293,0.37471726353914847,0.6253863335385277,0.11417940067816708,0.0,0.880573451957264,0.0,2.086751270837332,0.7563649296551376,0.6200258547058993,0.6801446098369255,0.0,0.0,1445.1038242631746,2.028210274813076,0.003102297056466341,3.4138853271647047
turbo_lunar_lander_12d,12,mes_gumbel,native,standard,212,188,30,0.5445507209987154,0.2953927729675775,0.6328581613529012,0.11554356355807603,0.0,0.8459297375631138,0.0,2.0980351283016465,0.7561429497976049,0.6198022530732614,0.6799285395501617,0.0,0.0,1452.0110041218345,2.0393318564320606,0.0031615736428648234,3.618366209588324
turbo_lunar_lander_12d,12,mes_gumbel,native,standard,213,189,30,0.5465009118266724,0.39045520925889887,0.6400618487214611,0.11685877091440114,0.0,0.9452249790281455,0.0,2.1259100591600597,0.7560855040463356,0.6195704290397255,0.6796884212056753,0.0,0.0,1458.7756645632908,1.9432301993016154,0.0031827853216479223,3.638218325112636
turbo_lunar_lander_12d,12,mes_gumbel,native,standard,214,190,30,0.5270161450406399,0.39684292314205416,0.6207152084267229,0.11332657381394563,0.0,0.8881768692128624,0.0,2.0666420273455093,0.749121087914473,0.6056938606634111,0.6690315176349076,0.0,0.0,1465.615722728505,2.12089600522692,0.06820848085917533,3.7136403725482525
turbo_lunar_lander_12d,12,mes_gumbel,native,standard,215,191,30,0.5061211878398489,0.3608255881911172,0.611567051653514,0.11165635653918557,0.0,0.7687867340318867,0.0,2.0755385647388453,0.7486955354079825,0.6053737519222739,0.6687766500472867,0.0,0.0,1472.509466603445,2.2235917753539978,0.0031346050246308247,3.6584109482355416
turbo_lunar_lander_12d,12,mes_gumbel,native,standard,216,192,30,0.5283739104810774,0.27211005180011316,0.6270148513408011,0.11447672599003504,0.0,0.9067234525221314,0.0,2.069060602182989,0.7484552460509728,0.6052040456089472,0.668604924236688,0.0,0.0,1479.4471751784286,2.1020450204610825,0.0032244824959586065,3.6750235135511806
turbo_lunar_lander_12d,12,mes_gumbel,native,standard,217,193,30,0.5493945903853753,0.40059077430157697,0.6351061288575107,0.11595398439501378,0.0,0.9688687488796621,0.0,2.062568973512163,0.7482625010105178,0.604884771658206,0.6682606458550951,0.0,0.0,1486.2870226955042,2.137145927129313,0.0032324519008398054,3.553040169645101
turbo_lunar_lander_12d,12,mes_gumbel,native,standard,218,194,30,0.5412597146191175,0.3257007374584069,0.6337825614744955,0.11571233515766195,0.0,0.9458459110420339,0.0,2.072648657145125,0.7479137933187663,0.6046285132326031,0.6679962550361558,0.0,0.0,1493.2656618994815,2.2098979050448784,0.0032088985045750935,3.6379560330261786
turbo_lunar_lander_12d,12,mes_gumbel,native,standard,219,195,30,0.4764099156158245,0.09654798225555694,0.6070511694751977,0.11083187302715243,0.0,0.8005741767058847,0.0,2.0516813682588726,0.75099034918346,0.6140734581354255,0.6741530433906203,0.0,0.0,1500.2079539788267,2.1417551171500238,0.07462909443614384,3.584795029135421
turbo_lunar_lander_12d,12,mes_gumbel,native,standard,22,0,30,2.018812395918843,2.0954128147140247,0.4247300673108744,0.07754474623895116,1.8243497978773924,2.256515884138674,0.4386501698383287,2.6667800721842894,0.9947753131421503,0.9627320698773395,0.9839994741725716,0.0,0.0,63.79822902325541,0.0,0.0014228059289356073,2.7367090618548295
turbo_lunar_lander_12d,12,mes_gumbel,native,standard,220,196,30,0.4792344604416104,0.07376398575398124,0.6044983684008308,0.11036579744940105,0.0,0.7718671197619773,0.0,2.1118937003912572,0.7504913051703976,0.6137869186115313,0.6739326763350009,0.0,0.0,1507.03838471286,2.1306765586758654,0.0033875351771712305,3.718318775994703
turbo_lunar_lander_12d,12,mes_gumbel,native,standard,221,197,30,0.5124636855196233,0.2974251889336216,0.614749110527419,0.11223731834736798,0.0,0.8649528408132104,0.0,2.092415077318877,0.7499285274617968,0.6135403740501578,0.673658676678646,0.0,0.0,1513.923709570663,2.1461457720026376,0.0034569970332086085,3.67548217442818
turbo_lunar_lander_12d,12,mes_gumbel,native,standard,222,198,30,0.5564341728724216,0.4940889430845231,0.6247506086269422,0.1140633337200193,0.0,0.9892267751651904,0.0,2.0945979709063822,0.7498425902823971,0.6133292930482991,0.6735528457575212,0.0,0.0,1520.9418893737563,2.142578928001846,0.0032194216114779313,3.6806790235141915
turbo_lunar_lander_12d,12,mes_gumbel,native,standard,223,199,30,0.5485722885759003,0.4245171716591605,0.6199213712218199,0.1131816396325749,0.0,0.8928344284927408,0.0,2.0579803307873585,0.749730802006944,0.6131193681079973,0.6733555927598597,0.0,0.0,1527.4421475040572,1.955957497128596,0.0030923768567542235,3.3931457738547275
turbo_lunar_lander_12d,12,mes_gumbel,native,standard,224,200,30,0.5413200218563559,0.5055263196082622,0.611180692556113,0.11158581734153761,0.0,0.8412870980659091,0.0,2.095908618440186,0.743589039034526,0.5994383379794138,0.6631141438755445,0.0,0.0,1533.5611092628446,1.7116801043972374,0.07611441230401397,3.3956345702366284
turbo_lunar_lander_12d,12,mes_gumbel,native,standard,225,201,30,0.5063956983323858,0.40364665792498655,0.5838709559924907,0.10659976442306443,0.0,0.8680376748899149,0.0,2.008825797383173,0.7434617126752882,0.5992154705988619,0.6628919344029794,0.0,0.0,1540.2264154379877,2.0174210691514114,0.0032392451694856087,3.3959970336562644
turbo_lunar_lander_12d,12,mes_gumbel,native,standard,226,202,30,0.5136153536462233,0.3902987446610946,0.5971683534772675,0.10902752594257267,0.0,0.8168035583209556,0.0,2.0825434452473646,0.7427246328459846,0.5988780078636393,0.6626387187879745,0.0,0.0,1546.5776827713164,1.9749858565783749,0.003190053626894951,3.2545284230727702
turbo_lunar_lander_12d,12,mes_gumbel,native,standard,227,203,30,0.5201642454973096,0.34820263298963006,0.6045260284251054,0.11037084745581316,0.0,0.9278584031138546,0.0,2.017085605067246,0.7422218780216849,0.5985863855631666,0.6624205689644157,0.0,0.0,1552.4975110515331,1.7584776387394716,0.003077076841145754,3.2593301920375475
turbo_lunar_lander_12d,12,mes_gumbel,native,standard,228,204,30,0.5293299790696745,0.23877632955794925,0.6217689781437639,0.11351896496209202,0.0,0.933137717365691,0.0,1.9934525722641647,0.7420435931558171,0.5982950943892023,0.6621670217349311,0.0,0.0,1558.9421501912332,1.9182947486639024,0.003184418302650253,3.4244747021545967
turbo_lunar_lander_12d,12,mes_gumbel,native,standard,229,205,30,0.5251386008314115,0.3204059123100407,0.6126138762141223,0.11184747968105077,0.0,0.8677641380305962,0.0,2.030252969058417,0.7466629753751498,0.6035137263719117,0.6672361872502487,0.0,0.0,1565.36305753643,1.9401074059152355,0.07956218019438287,3.352564494575684
turbo_lunar_lander_12d,12,mes_gumbel,native,standard,23,0,30,2.029291854648789,2.0924241953842992,0.4307785176434424,0.07864903713398352,1.8221556810613653,2.2998905622316252,0.4639975490151611,2.646881173905956,0.994474263862337,0.9616650611612246,0.9833508850634076,0.0,0.0,66.93503705284868,0.0,0.001454714018230637,2.7125559095448506
turbo_lunar_lander_12d,12,mes_gumbel,native,standard,230,206,30,0.5137319906409499,0.26882546127084395,0.6077842594029105,0.11096571632384848,0.0,0.8758211558780244,0.0,2.0195784604754614,0.7462533272473878,0.6032563945293324,0.6670573747145758,0.0,0.0,1571.9445175088788,2.014948516432196,0.0033795352404316268,3.346183519794916
turbo_lunar_lander_12d,12,mes_gumbel,native,standard,231,207,30,0.5151193327597874,0.2945312808790608,0.6075488173416687,0.11092273068120592,0.0,0.8499579407275331,0.0,2.028433405556786,0.7460743663966373,0.6030488883455446,0.6667858141577387,0.0,0.0,1578.2955013598316,2.004173675660665,0.003368525595093767,3.3182780405816934
turbo_lunar_lander_12d,12,mes_gumbel,native,standard,232,208,30,0.544076708307142,0.38579796077286643,0.6289571205872942,0.11483133421638599,0.0,0.889554919434016,0.0,1.9847841746425356,0.7456191629077663,0.6028085877543444,0.666569131030236,0.0,0.0,1584.8360582092466,2.1189155539497735,0.003419030426690976,3.3545609323463093
turbo_lunar_lander_12d,12,mes_gumbel,native,standard,233,209,30,0.5132959826970568,0.3588558879925017,0.5957608482185884,0.10877055181591078,0.0,0.8241821693818958,0.0,2.009924496899572,0.7454772388634846,0.6025228784496942,0.6663160040273993,0.0,0.0,1591.4221607165878,1.9978319089238843,0.0034129110785822074,3.5212699189316483
turbo_lunar_lander_12d,12,mes_gumbel,native,standard,234,210,30,0.5333652147649262,0.3065415568431671,0.6209322600818654,0.11336620184316742,0.0,0.8384108928834153,0.0,2.0319026471542663,0.7427288778118342,0.5986048176006892,0.6628612660118158,0.0,0.0,1598.1947113001409,2.1402437946603943,0.08742518044697742,3.579777315010627
turbo_lunar_lander_12d,12,mes_gumbel,native,standard,235,211,30,0.5364249670141864,0.2711570288360844,0.6182157354048525,0.11287023456196096,0.0,0.8512205808345583,0.0,2.0303716970696337,0.7426361185198918,0.5983810642487231,0.6626169349350132,0.0,0.0,1605.153604542014,2.2569102403552583,0.003591660813738902,3.5350078787344197
turbo_lunar_lander_12d,12,mes_gumbel,native,standard,236,212,30,0.5135277098184708,0.26595966322613085,0.6049251946621376,0.11044372490655215,0.0,0.83909155325979,0.0,2.0163068113219613,0.742557484981127,0.5981168090862304,0.6623759284333578,0.0,0.0,1611.9663316980937,2.051215067288528,0.0034915898616115254,3.69414399775366
turbo_lunar_lander_12d,12,mes_gumbel,native,standard,237,213,30,0.5072126029135364,0.324164030108252,0.5943253313310651,0.10850846348891874,0.0,0.8398155469591797,0.0,1.9633086632018109,0.7419277757319127,0.5978425378717805,0.6620588412072149,0.0,0.0,1618.9194452573545,2.0393426314306757,0.003581710221866767,3.7104354253814864
turbo_lunar_lander_12d,12,mes_gumbel,native,standard,238,214,30,0.5027996600189172,0.3222850533797347,0.5913475273048381,0.10796479334325398,0.0,0.8345228446346573,0.0,1.9978989218704664,0.7418677905571536,0.5975789265321821,0.66169765421283,0.0,0.0,1625.910794526261,2.1079277850221843,0.0036150445230305195,3.6679748741909863
turbo_lunar_lander_12d,12,mes_gumbel,native,standard,239,215,30,0.49537582296954896,0.2894521929207067,0.5895089494364326,0.10762911648583551,0.0,0.7546033718274803,0.0,1.958655748866943,0.7427678296647571,0.5981596997274842,0.6623879989372335,0.0,0.0,1632.6756369374536,1.9750402440472195,0.08616057620383799,3.606278667381654
turbo_lunar_lander_12d,12,mes_gumbel,native,standard,24,0,30,1.9789134699739348,1.8978690382657675,0.6695397847580342,0.12224068108637631,1.7052837871157773,2.3542641825037984,0.0,3.869210107643327,0.7245680538849998,0.5573613631664515,0.6330507827136042,0.0,0.0,69.596342791322,0.0,0.012510020472109317,2.2516618173879883
turbo_lunar_lander_12d,12,mes_gumbel,native,standard,240,216,30,0.486691634484349,0.28151597498273073,0.5938466657140298,0.10842107150360128,0.0,0.7799249136751093,0.0,2.1064203965881125,0.7426384360245073,0.5978607233918304,0.6620414178055612,0.0,0.0,1639.598746256018,2.034072759080057,0.0037549936367819708,3.763802154889951
turbo_lunar_lander_12d,12,mes_gumbel,native,standard,241,217,30,0.5281817857069114,0.36818171272253664,0.6025408733218998,0.11000840937908908,0.0,0.8756737489683413,0.0,2.0278928728375023,0.7424206668910049,0.5974844323456693,0.6617029460059815,0.0,0.0,1646.7406539287729,2.220112517972787,0.003771477642779549,3.6433903958338
turbo_lunar_lander_12d,12,mes_gumbel,native,standard,242,218,30,0.4592823212816946,0.13140175124343956,0.575049551463619,0.10498920367328402,0.0,0.8031192280331427,0.0,1.9861834828745395,0.7423452202543981,0.5972621813960107,0.6615014278452979,0.0,0.0,1653.442502866173,2.1400024550346037,0.0036386915637801093,3.4712392358109354
turbo_lunar_lander_12d,12,mes_gumbel,native,standard,243,219,30,0.4795841709683535,0.09086568081713176,0.6019084283522043,0.10989294125366145,0.0,0.7978739641722781,0.0,2.022740838973946,0.7423104546336252,0.5970559171180496,0.6613254696649025,0.0,0.0,1660.0843164542225,2.0655956423220534,0.003588443901389837,3.3735174547104787
turbo_lunar_lander_12d,12,mes_gumbel,native,standard,244,220,30,0.4827640096657406,0.07107446904693293,0.5932820183228946,0.10831798146588088,0.0,0.8329040738240345,0.0,1.9959119082409988,0.7439914619298412,0.5975154383305856,0.6622363487941313,0.0,0.0,1667.0638437355713,2.1067256438856323,0.09082093394050995,3.4788116074632853
turbo_lunar_lander_12d,12,mes_gumbel,native,standard,245,221,30,0.45878526394961905,0.09258788802867868,0.5816494411806996,0.10619417316498116,0.0,0.7599642656029157,0.0,1.94748995368974,0.7438186821646773,0.5972580671344939,0.6619590438178945,0.0,0.0,1673.8481274251826,2.006945483821134,0.003692764105896155,3.5910576201199245
turbo_lunar_lander_12d,12,mes_gumbel,native,standard,246,222,30,0.4365303349198412,0.04205421373968499,0.5663459513927257,0.10340015097650673,0.0,0.7299224286854398,0.0,1.8681257521037877,0.7437449945243817,0.5969721309820557,0.6617216290900705,0.0,0.0,1680.301797250053,1.9254965010409555,0.0035935461676369113,3.495287731786569
turbo_lunar_lander_12d,12,mes_gumbel,native,standard,247,223,30,0.44568908267842755,0.04205421373968499,0.5767193507079074,0.10529406591081795,0.0,0.7867054608324379,0.0,1.8648395139514293,0.7436705046753606,0.5968048139023426,0.6615169202679361,0.0,0.0,1687.224508943828,2.022907320316881,0.003911135966579119,3.6716645369616647
turbo_lunar_lander_12d,12,mes_gumbel,native,standard,248,224,30,0.46422352171564013,0.042761829438912824,0.585622676716812,0.10691958340811779,0.0,0.8224873137324459,0.0,1.8449737304278406,0.7435210382141133,0.5965693458193171,0.661255465606114,0.0,0.0,1694.14090440919,2.2314027902670204,0.0038257833725462357,3.5235368442100783
turbo_lunar_lander_12d,12,mes_gumbel,native,standard,249,225,30,0.45125596277304897,0.000617150809311684,0.5839364920023276,0.10661172960670327,0.0,0.7671677397313859,0.0,1.9034248113470928,0.74364592058453,0.5958363165049523,0.6608932449448132,0.0,0.0,1701.352426739006,2.0867332448096323,0.09814368391719958,3.5492178262366605
turbo_lunar_lander_12d,12,mes_gumbel,native,standard,25,1,30,2.054364223819621,1.9531869875897079,0.8366264554177978,0.15274639394597267,1.749043491158575,2.621282768483674,0.0,3.7189554811301297,0.7221050123972951,0.555680468259677,0.631264081765415,0.0,0.0,76.60784961416697,3.1516429248731583,0.0015227026771754027,2.3172193251084536
turbo_lunar_lander_12d,12,mes_gumbel,native,standard,250,226,30,0.4531996517223238,0.0,0.5884271691406494,0.10743161132908048,0.0,0.7892194484234705,0.0,2.008367989306559,0.7433511120008854,0.5956025854828055,0.6606848274343279,0.0,0.0,1708.125497257337,2.0830265541871387,0.003690143705656131,3.452200611665224
turbo_lunar_lander_12d,12,mes_gumbel,native,standard,251,227,30,0.4583582933116922,0.04001760636972884,0.6029929198083472,0.11009094139831183,0.0,0.7988971572316956,0.0,2.053144212702609,0.7433115178352268,0.595384639558673,0.6604767432231247,0.0,0.0,1714.9163369110008,2.0674995596210164,0.003906659036874771,3.4599141559408357
turbo_lunar_lander_12d,12,mes_gumbel,native,standard,252,228,30,0.47250995274362345,0.11136694203704722,0.5885499236081442,0.10745402312604095,0.0,0.7881448953669423,0.0,2.01131456774055,0.7431633006837046,0.5951489898821666,0.660107201903588,0.0,0.0,1721.6363169144684,1.9367640024671953,0.003722505985448758,3.422431640668462
turbo_lunar_lander_12d,12,mes_gumbel,native,standard,253,229,30,0.49128396436091815,0.2193966577206541,0.5805125015537839,0.1059865973382534,0.0,0.829382685235542,0.0,1.8321370420773737,0.7429712154287382,0.5949293644534478,0.6597725640203921,0.0,0.0,1728.6529481519945,2.0297531272129468,0.003906172545005878,3.5670166681675863
turbo_lunar_lander_12d,12,mes_gumbel,native,standard,254,230,30,0.5063801693029688,0.3115082357522556,0.5922265996116606,0.10812528925396225,0.0,0.8382710369897903,0.0,1.8970778293334385,0.7449821358724465,0.5963785710737184,0.6615380176888477,0.0,0.0,1735.6547485591377,2.081423974875361,0.09973217374645174,3.62655299003236
turbo_lunar_lander_12d,12,mes_gumbel,native,standard,255,231,30,0.478695590522155,0.21348999401931457,0.5810216150792638,0.1060795483256655,0.0,0.816591992861823,0.0,1.8594703912390176,0.744807541406247,0.5961022393160726,0.6612849356653021,0.0,0.0,1742.6492707324526,2.175940959264214,0.004010130371898413,3.586368180066347
turbo_lunar_lander_12d,12,mes_gumbel,native,standard,256,232,30,0.4934007779540915,0.22456006614347068,0.6026058329007927,0.11002026932131766,0.0,0.7934184923141979,0.0,1.9297072294117172,0.7442390701358274,0.5958716639539069,0.6610378138731396,0.0,0.0,1749.6569745319896,2.005859703787913,0.004567385480428735,3.556352638080716
turbo_lunar_lander_12d,12,mes_gumbel,native,standard,257,233,30,0.4874271101881938,0.21865105953147168,0.5959983775114854,0.10881391853317343,0.0,0.7542520459033001,0.0,1.8752021754033885,0.7439457175360693,0.5956818535122904,0.6608834757051373,0.0,0.0,1756.7281405684382,2.0087963451476147,0.003940268450727065,3.67639839919284
turbo_lunar_lander_12d,12,mes_gumbel,native,standard,258,234,30,0.5034732324623412,0.2271888972737126,0.6028072432666757,0.11005704165488747,0.0,0.8942127973546719,0.0,1.8695094179454792,0.7436904039809036,0.5954721042972715,0.6607049431277514,0.0,0.0,1763.752245523113,2.0337695194563516,0.0038775508912901086,3.6958546809231243
turbo_lunar_lander_12d,12,mes_gumbel,native,standard,259,235,30,0.5003115729523336,0.22936974862334547,0.6166469608221083,0.11258381681975772,0.0,0.7460771229210665,0.0,2.005183205236865,0.7500199318792188,0.6010070586557184,0.6666757571861236,0.0,0.0,1771.2044698023392,2.163260805529232,0.11438324333479007,3.809926394543921
turbo_lunar_lander_12d,12,mes_gumbel,native,standard,26,2,30,1.9124514879063021,1.9587778643531855,0.6619886558085641,0.1208620398662913,1.6852132021597392,2.3619148955799667,0.0,2.6856496174410625,0.7208201023167157,0.5541115932210136,0.6292618507744119,0.0,0.0,83.31190125155263,3.4384222322919715,0.0015759941345701615,2.184237086152037
turbo_lunar_lander_12d,12,mes_gumbel,native,standard,260,236,30,0.5000734539967165,0.24399019137550837,0.6109898699640928,0.11155097806216059,0.0,0.8207395111915305,0.0,1.9938258537891413,0.7499866629117735,0.6008215016656876,0.6664076360664857,0.0,0.0,1778.7211070999037,2.367428344146659,0.004136459451789657,3.7407009132982543
turbo_lunar_lander_12d,12,mes_gumbel,native,standard,261,237,30,0.5008077477839463,0.2383759525846636,0.6111911213088724,0.11158772136258195,0.0,0.794910451954493,0.0,1.9733884259689225,0.7499213870652021,0.6005918741595118,0.6661492736362532,0.0,0.0,1785.7007409026535,2.1865707315659773,0.004183316463604569,3.6148665187414735
turbo_lunar_lander_12d,12,mes_gumbel,native,standard,262,238,30,0.4821310351648143,0.2656681097116127,0.5840333917125925,0.10662942099241254,0.0,0.7740175828121629,0.0,1.8574721887783965,0.7497829991467931,0.6003881112697002,0.6659380449682892,0.0,0.0,1792.7958504884969,2.1968511029767495,0.00417697102141877,3.6684548642331114
turbo_lunar_lander_12d,12,mes_gumbel,native,standard,263,239,30,0.48298612881328595,0.23521689784727573,0.5993605031049801,0.10942775587608092,0.0,0.7318693006155375,0.0,1.8624659926461637,0.7496895543715276,0.6001585748768431,0.665703355077014,0.0,0.0,1799.5501554373961,2.1540206698390345,0.004071139746035139,3.6529993578481177
turbo_lunar_lander_12d,12,mes_gumbel,native,standard,264,240,30,0.47359669943544985,0.2387645147127453,0.5776204292637449,0.10545857959452341,0.0,0.8104656057139423,0.0,1.8855423998780476,0.7477277802526666,0.5975421642747503,0.6632446441691848,0.0,0.0,1806.6243692824617,2.1730705896858127,0.10767747579763333,3.6408517049159856
turbo_lunar_lander_12d,12,mes_gumbel,native,standard,265,241,30,0.4744995376786114,0.22934424493528094,0.584828808891915,0.10677464363632658,0.0,0.7104797466204534,0.0,1.841557248342434,0.747642744117208,0.5973420169317339,0.6630853560094709,0.0,0.0,1813.499684338551,2.1083876986211787,0.004054383126397928,3.597477897644664
turbo_lunar_lander_12d,12,mes_gumbel,native,standard,266,242,30,0.4928990351972902,0.2151167525161678,0.6057631847384548,0.11059672026247362,0.0,0.8579964422780723,0.0,1.9203571072433796,0.7475516570644302,0.5971718459018768,0.6629208736380414,0.0,0.0,1820.5014252022063,1.9772205520886927,0.004167663895835479,3.5941993907094
turbo_lunar_lander_12d,12,mes_gumbel,native,standard,267,243,30,0.49117938595462307,0.2616512797056987,0.5967430876963384,0.10894988338885604,0.0,0.8288421050432435,0.0,1.8391446224014691,0.7474509321444172,0.5969752097183577,0.6627117924875,0.0,0.0,1827.7507091518958,2.146941351533557,0.004407409066334367,3.776985857045899
turbo_lunar_lander_12d,12,mes_gumbel,native,standard,268,244,30,0.5031919279270365,0.2036755357948874,0.6064004747588768,0.11071307296909298,0.0,0.7779402409677401,0.0,1.8723922583922457,0.7472606428669917,0.5967879073879216,0.6624878245241123,0.0,0.0,1834.82665339654,2.1811658073992777,0.004110520721102754,3.619266782468185
turbo_lunar_lander_12d,12,mes_gumbel,native,standard,269,245,30,0.4723339097197833,0.231391342644916,0.5832674142256801,0.10648957327637153,0.0,0.6800645118556237,0.0,1.8733629379618582,0.7470266509097383,0.5967824382352113,0.6622259995728748,0.0,0.0,1841.403260286463,1.920075330759088,0.11082452141369382,3.432851489059006
turbo_lunar_lander_12d,12,mes_gumbel,native,standard,27,3,30,1.8868760351076554,1.9931552930469836,0.6633262860494535,0.12110625661847002,1.7239097572228945,2.337199603651243,0.0,2.7662845683285076,0.7198370806453738,0.5528454734222349,0.6276964366535742,0.0,0.0,89.99131025046421,3.655174784626191,0.0015420759872843822,2.1691294485858332
turbo_lunar_lander_12d,12,mes_gumbel,native,standard,270,246,30,0.4721863256264163,0.24349532047124112,0.5851065244806564,0.10682534733383472,0.0,0.6969223022751099,0.0,1.8874219407277757,0.7466764317995156,0.5965853173611111,0.6619588500116578,0.0,0.0,1848.0011287104028,1.9692293186516812,0.0040010785994430385,3.5593669975021234
turbo_lunar_lander_12d,12,mes_gumbel,native,standard,271,247,30,0.4736023153273171,0.21885304380131487,0.5792689771796968,0.10575956188808841,0.0,0.758225577876072,0.0,1.811958595235296,0.746459050759042,0.5963663076198761,0.6616764136799588,0.0,0.0,1854.9787075609124,2.014844481336574,0.0041183049014459055,3.558661874725173
turbo_lunar_lander_12d,12,mes_gumbel,native,standard,272,248,30,0.4882391420087179,0.22434537695437484,0.5921357700359521,0.10810870611812752,0.0,0.8050751391623898,0.0,1.9176967640155569,0.7464271609701848,0.5961726452305408,0.6614982794327404,0.0,0.0,1861.6936182218137,2.0368684286562107,0.004013567216073473,3.5020107343637696
turbo_lunar_lander_12d,12,mes_gumbel,native,standard,273,249,30,0.5106579321648569,0.30493975836207265,0.602379902688512,0.10997902029675496,0.0,0.8582213569783103,0.0,1.8804757908003242,0.746374490576023,0.5959636665107302,0.6614084551124978,0.0,0.0,1868.4461427332833,2.072220070489372,0.004015382441381613,3.3848852144554256
turbo_lunar_lander_12d,12,mes_gumbel,native,standard,274,250,30,0.48764869345642575,0.22473224211821974,0.5930751045510047,0.10828020435244001,0.0,0.7682764561728719,0.0,1.8804757908003242,0.7465717561197673,0.5958928043115131,0.6614091645127256,0.0,0.0,1874.9123214688464,1.744069768752282,0.11713142576627433,3.3222463429595033
turbo_lunar_lander_12d,12,mes_gumbel,native,standard,275,251,30,0.5183877599177085,0.2579657942734124,0.6132322551981191,0.11196037972059149,0.0,0.954232160831646,0.0,1.908967068723049,0.7465114289311253,0.5956890417943356,0.6611536619253844,0.0,0.0,1881.085277628076,1.8182565758470446,0.004082211976250013,3.39013885941046
turbo_lunar_lander_12d,12,mes_gumbel,native,standard,276,252,30,0.5101915596072467,0.26775334553608554,0.5978643288736359,0.10915459308392587,0.0,0.865802802238925,0.0,1.8920542757127288,0.746403578762352,0.5954789383431239,0.6608803917061237,0.0,0.0,1887.3794331121878,1.8286992206548651,0.004056189768016338,3.437902440270409
turbo_lunar_lander_12d,12,mes_gumbel,native,standard,277,253,30,0.5220582727987041,0.18821548989677617,0.6300951364312457,0.11503910653256282,0.0,0.9011253866141584,0.0,2.0012962765120568,0.7463777278946756,0.595289023285765,0.6607760477234947,0.0,0.0,1894.0138514292737,1.929867150184388,0.0041059412527829405,3.537391076112787
turbo_lunar_lander_12d,12,mes_gumbel,native,standard,278,254,30,0.5011021795302839,0.2182191112389813,0.5998742950311399,0.10952156101868817,0.0,0.8292887025188397,0.0,1.837274165374657,0.7462669320778083,0.5950343687138383,0.6603888758553033,0.0,0.0,1900.3506064169264,1.9857393944946429,0.004097444859022896,3.565987229440361
turbo_lunar_lander_12d,12,mes_gumbel,native,standard,279,255,30,0.5111868826928758,0.3023557503550196,0.5903704128602705,0.10778639746906939,0.0,0.842681013776284,0.0,1.8351071584498455,0.7434950567779931,0.5918996869461333,0.6572891808648964,0.0,0.0,1907.3590538306162,2.099128013616428,0.11867438917979597,3.5238151567832876
turbo_lunar_lander_12d,12,mes_gumbel,native,standard,28,4,30,1.7932320307326821,1.9005800084570912,0.6668284524033551,0.12174566178919252,1.6186945272781221,2.29814979962725,0.0,2.5901051804445125,0.7176147952487811,0.5513301468550991,0.6258982762179244,0.0,0.0,96.81075807386078,3.6100407956788936,0.0015360706485807896,2.2161373980809005
turbo_lunar_lander_12d,12,mes_gumbel,native,standard,280,256,30,0.5026818664831273,0.20447589243101527,0.6019726791520187,0.10990467179112683,0.0,0.9221607681194928,0.0,1.9043608416859397,0.7429944338483561,0.5916987924739533,0.6570804925644979,0.0,0.0,1914.3690280688306,2.0902418339625,0.004371519867951671,3.728900653760259
turbo_lunar_lander_12d,12,mes_gumbel,native,standard,281,257,30,0.4901920963785617,0.20267688573832487,0.5949769336273059,0.10862742924764314,0.0,0.8914092739438153,0.0,1.916873058047491,0.7429625624863279,0.5914953339281811,0.6568355654749127,0.0,0.0,1921.599856655098,2.1488938838398703,0.004426359400774042,3.6646755931588513
turbo_lunar_lander_12d,12,mes_gumbel,native,standard,282,258,30,0.4857230971274751,0.20469334050708576,0.5896638191178114,0.10765739169182377,0.0,0.7893034692350256,0.0,1.916873058047491,0.7428152937548256,0.5912918616266443,0.6565827985070833,0.0,0.0,1928.281312522913,1.8442363009167215,0.0043435815256088976,3.6779472809905807
turbo_lunar_lander_12d,12,mes_gumbel,native,standard,283,259,30,0.489404142828033,0.19912102926231345,0.6035771561215113,0.11019760786752303,0.0,0.7818237385655284,0.0,1.9769286605923106,0.7425357924031991,0.5910149212994984,0.6562485083231527,0.0,0.0,1934.6756017837984,1.8477067660850783,0.004480880436797937,3.532355651461209
turbo_lunar_lander_12d,12,mes_gumbel,native,standard,284,260,30,0.5032347660582198,0.16928507410982985,0.6063669302803809,0.11070694861324233,0.0,0.8472667921767681,0.0,1.9781221158792375,0.7419378612483177,0.5898534339908001,0.6553107097374454,0.0,0.0,1941.7439359377604,1.98018690602233,0.1191459407719473,3.568759611962984
turbo_lunar_lander_12d,12,mes_gumbel,native,standard,285,261,30,0.4975365885771276,0.23792029162965478,0.5953733293801629,0.10869980087948948,0.0,0.7978911317634538,0.0,1.827652209971249,0.741836356787956,0.589570940768606,0.6550633438887947,0.0,0.0,1948.1165275210515,1.7626598266263802,0.004371361729378502,3.4380360185479124
turbo_lunar_lander_12d,12,mes_gumbel,native,standard,286,262,30,0.484225258945117,0.198473002979635,0.5968131215298031,0.10896266975898176,0.0,0.7989693505729663,0.0,2.0123510281324104,0.74154170346485,0.589331003712195,0.6547585503411345,0.0,0.0,1955.0617397444478,1.8641277219944945,0.0044692025675127905,3.6445818392715106
turbo_lunar_lander_12d,12,mes_gumbel,native,standard,287,263,30,0.48462822549674717,0.19828070077043913,0.603003237585375,0.1100928251580523,0.0,0.8352925680183839,0.0,2.0332735875025083,0.7415142293618584,0.58911224329421,0.654560037980077,0.0,0.0,1961.8233953849567,2.094583882469063,0.0044090299090991415,3.587158635662248
turbo_lunar_lander_12d,12,mes_gumbel,native,standard,288,264,30,0.47829973783069796,0.18981979251848313,0.5853339941735658,0.10686687742781982,0.0,0.8146032798406428,0.0,1.858121636084126,0.7414984905232939,0.5889203626705756,0.6544139349339304,0.0,0.0,1968.5764847100093,1.9948543910713246,0.004462576967974504,3.6713616542518137
turbo_lunar_lander_12d,12,mes_gumbel,native,standard,289,265,30,0.4532777157633332,0.0,0.584292744413687,0.10667677210065898,0.0,0.8804583116422402,0.0,1.8940152242571502,0.742985838955038,0.590725418196732,0.6560264511062706,0.0,0.0,1975.5470572552954,1.9630035299497346,0.12028036758614083,3.5759663368575274
turbo_lunar_lander_12d,12,mes_gumbel,native,standard,29,5,30,1.8413184780791703,1.869732843819646,0.6249852606003979,0.11410617511302756,1.6609154157115342,2.2517833570161514,0.0,2.5993271072122983,0.7833379513644277,0.6299932974420748,0.7005037751001826,0.0,0.0,104.04608255432298,3.769677910255268,0.012115728994831442,2.202628664439544
turbo_lunar_lander_12d,12,mes_gumbel,native,standard,290,266,30,0.46404630523015294,0.0,0.5865165690234784,0.10708278506823161,0.0,0.8319428509044742,0.0,1.8730736239839705,0.7429434929862244,0.5904102651208443,0.6556666450419776,0.0,0.0,1982.020983426009,1.7562884931918235,0.004557916987687349,3.6524017699062825
turbo_lunar_lander_12d,12,mes_gumbel,native,standard,291,267,30,0.45017766521299724,0.0,0.5784347922683418,0.1056072612570619,0.0,0.75847605019838,0.0,1.8632314136859385,0.7428001067564638,0.590101719168733,0.6554108939622368,0.0,0.0,1988.9789831445553,2.009077081286038,0.0044950755933920545,3.6537495252365866
turbo_lunar_lander_12d,12,mes_gumbel,native,standard,292,268,30,0.44149194412979414,0.0,0.5771443596900915,0.1053716615797128,0.0,0.6665060804806637,0.0,1.8604064284067228,0.7427601235367998,0.5898488894162685,0.6552275381477295,0.0,0.0,1995.2395600499274,1.7348490498649578,0.0046187895350158215,3.635730321131026
turbo_lunar_lander_12d,12,mes_gumbel,native,standard,293,269,30,0.45124097829975257,0.0,0.5924688341108428,0.10816951502043161,0.0,0.7146728765668495,0.0,1.893546221053738,0.7426867193507186,0.5895251286605736,0.6548402601225295,0.0,0.0,2001.6984988511228,1.771270736431082,0.004587915896748503,3.59544783065406
turbo_lunar_lander_12d,12,mes_gumbel,native,standard,294,270,30,0.46772387755361533,0.0,0.5922027714649624,0.10812093884947886,0.0,0.775802010430854,0.0,1.8552843061699669,0.7427532722548399,0.5889774531604866,0.654606831487776,0.0,0.0,2008.1806373728905,1.7364300470799208,0.13209986643244823,3.6997821435642737
turbo_lunar_lander_12d,12,mes_gumbel,native,standard,295,271,30,0.4839681273241164,0.0,0.6010970318387406,0.10974480119582643,0.0,0.8773710449270415,0.0,1.8601851231588837,0.7427195485122444,0.5886599495626647,0.6542634366282173,0.0,0.0,2014.7959167080155,1.892359740845859,0.004660989359642069,3.636781790837025
turbo_lunar_lander_12d,12,mes_gumbel,native,standard,296,272,30,0.47473951844514856,0.0,0.5978638320140651,0.10915450237019425,0.0,0.8519215157260969,0.0,1.8616308909362997,0.7426070065423963,0.588461948966493,0.6541084580913602,0.0,0.0,2021.347823835599,1.7196492494083941,0.004569721734151244,3.576808570853124
turbo_lunar_lander_12d,12,mes_gumbel,native,standard,297,273,30,0.45979578779135355,0.0,0.5917321283287421,0.10803501156206459,0.0,0.761955642680338,0.0,1.9045590674779207,0.7425580084849147,0.5882774690745572,0.6540030265629309,0.0,0.0,2027.71154642771,1.862449715938419,0.004500423837453127,3.3856630680616946
turbo_lunar_lander_12d,12,mes_gumbel,native,standard,298,274,30,0.4508806197592516,0.0,0.5889590891105712,0.10752872618451835,0.0,0.6987264391293555,0.0,1.9020582501161523,0.7422929201853417,0.5879409306526219,0.6535867953549509,0.0,0.0,2033.8120883398844,1.6386566168007752,0.00448637162335217,3.502106041073178
turbo_lunar_lander_12d,12,mes_gumbel,native,standard,299,275,30,0.41494326418388605,0.0,0.5733230008213148,0.10467398009546233,0.0,0.7128138905706951,0.0,1.8401992672781988,0.7428014330944243,0.5878516760493808,0.6537562181409482,0.0,0.0,2040.21576189034,1.8141282956581564,0.13557499575739104,3.500429034465924
turbo_lunar_lander_12d,12,mes_gumbel,native,standard,3,0,30,2.683683525413747,2.7044645277229673,0.4563391405767613,0.08331574705547107,2.3869223533663404,2.9571486715857542,1.810462903821802,3.5922050422052374,0.9994823997095069,0.9919775531518832,0.9979881802333577,0.0,0.0,6.474243286888425,0.0,0.0017558107618242502,2.31301537938416
turbo_lunar_lander_12d,12,mes_gumbel,native,standard,30,6,30,1.7875486792055433,1.8572097055984564,0.6647718920873197,0.12137018696387168,1.610506296907986,2.2855164788190603,0.0,2.6238688499567253,0.7817379538371044,0.6290316674563416,0.6993500598238687,0.0,0.0,110.84339988923942,3.6941816024016587,0.0016697711776942014,2.204145849325384
turbo_lunar_lander_12d,12,mes_gumbel,native,standard,300,276,30,0.43240808420045257,0.0,0.5860475737207299,0.10699715863267185,0.0,0.7621484932799265,0.0,1.8529996645966027,0.7425697155384489,0.5876216267920158,0.6535726246101955,0.0,0.0,2046.448783084362,1.5911912955343723,0.004961848445236683,3.5341111427173018
turbo_lunar_lander_12d,12,mes_gumbel,native,standard,301,277,30,0.44166254638450386,0.0,0.6000826149768723,0.10955959486317347,0.0,0.6827011550381002,0.0,1.8541856219863575,0.7421203047533058,0.5873254767046846,0.6532903313867444,0.0,0.0,2052.8408502745597,1.7349244827559838,0.0047250648650030294,3.5380287747830153
turbo_lunar_lander_12d,12,mes_gumbel,native,standard,302,278,30,0.4452875341124598,0.0,0.6026241800328082,0.11002361903400779,0.0,0.7261641902837089,0.0,1.9230330338036827,0.7419520948005331,0.5871265809293772,0.6530897591460143,0.0,0.0,2059.0824733202503,1.7488090351844827,0.004722049801299969,3.5494737080608805
turbo_lunar_lander_12d,12,mes_gumbel,native,standard,303,279,30,0.4391065254775523,0.0,0.5961125086310785,0.10883475592941157,0.0,0.7319893798015844,0.0,1.855802452863978,0.7419325787938317,0.5868968011298056,0.6528903682288514,0.0,0.0,2065.822998302197,1.7602871289476751,0.004913438654815157,3.683336046943441
turbo_lunar_lander_12d,12,mes_gumbel,native,standard,304,280,30,0.45830946189253996,0.0,0.6022316915020427,0.10995196076005367,0.0,0.857302177159287,0.0,1.846275697308339,0.7421718930986347,0.589514301998028,0.6543295491707223,0.0,0.0,2072.207812446868,1.7556974422807494,0.14455700662607948,3.558508000538374
turbo_lunar_lander_12d,12,mes_gumbel,native,standard,305,281,30,0.44513560382527617,0.0,0.5966197244722028,0.10892736044864748,0.0,0.7473186713052462,0.0,1.8339325313133619,0.742092618546926,0.5892639960244656,0.6540893354320642,0.0,0.0,2078.4795868545307,1.7488237457194675,0.004796645510941744,3.5942883611811944
turbo_lunar_lander_12d,12,mes_gumbel,native,standard,306,282,30,0.4487464275303397,0.0,0.6077419870543159,0.11095799848422049,0.0,0.8043461997443161,0.0,1.8668511733699544,0.7416919034853134,0.5889440833006934,0.6537369428870344,0.0,0.0,2084.545899860452,1.7387247382663191,0.004781856806948781,3.564146631816402
turbo_lunar_lander_12d,12,mes_gumbel,native,standard,307,283,30,0.42874645306832715,0.0,0.5936761799915388,0.10838994521162097,0.0,0.7834036974327445,0.0,1.856030927540564,0.7414904895286155,0.5886772684237833,0.6534497426222438,0.0,0.0,2090.9366430972236,1.7162870668961356,0.004972036772718032,3.5990237780536214
turbo_lunar_lander_12d,12,mes_gumbel,native,standard,308,284,30,0.43835002384587735,0.0,0.5982089435017887,0.1092175108190877,0.0,0.7890191564420548,0.0,1.8781640975708005,0.7413334070938986,0.5884180120357821,0.6530853004592784,0.0,0.0,2097.29705960718,1.7436749522419026,0.004810012131929398,3.530451204876105
turbo_lunar_lander_12d,12,mes_gumbel,native,standard,309,285,30,0.4439827328585201,0.0,0.599649402214127,0.10948050139572188,0.0,0.8727854338212908,0.0,1.8629769950798536,0.740751079257045,0.5875724530301014,0.6524558524536607,0.0,0.0,2103.641225086727,1.8598223202706625,0.1445027288980782,3.415453369030729
turbo_lunar_lander_12d,12,mes_gumbel,native,standard,31,7,30,1.783750911870855,1.8148587714374862,0.5739169319311261,0.10478241658427824,1.6181916006506292,2.173487260388331,0.0,2.5312251438344653,0.7803393441284034,0.628017308864777,0.6983022156353059,0.0,0.0,117.90565320428772,3.772206472295026,0.0016958432116856179,2.294622045615688
turbo_lunar_lander_12d,12,mes_gumbel,native,standard,310,286,30,0.4246597642930486,0.0,0.5856582490608847,0.10692607799987511,0.0,0.7683339877586541,0.0,1.9754675218542208,0.7402581746088426,0.5872471512084921,0.6521448318708545,0.0,0.0,2109.5800585513934,1.5341469872587672,0.00490183422031502,3.4162751763593406
turbo_lunar_lander_12d,12,mes_gumbel,native,standard,311,287,30,0.4153776286812771,0.0,0.5638634848942803,0.10294691667669026,0.0,0.747135428455254,0.0,1.765214517959916,0.739729101257927,0.586990844811343,0.6517859216511444,0.0,0.0,2115.8028835777195,1.6601465500115107,0.005127063812687993,3.533820087974891
turbo_lunar_lander_12d,12,mes_gumbel,native,standard,312,288,30,0.43750941422259354,0.0,0.5814877695806905,0.10616465610423684,0.0,0.8118608020563712,0.0,1.8221116823527985,0.7396110895111068,0.5867988096897399,0.6516306825535988,0.0,0.0,2121.941281061666,1.6603508932205537,0.0050506745154658955,3.5394227382571746
turbo_lunar_lander_12d,12,mes_gumbel,native,standard,313,289,30,0.419758185662567,0.0,0.5756826924742047,0.10510479887781048,0.0,0.702687820713853,0.0,1.7810414544181044,0.7395552776407874,0.5865667535791259,0.6513572834474947,0.0,0.0,2128.091635218449,1.6375059474725275,0.00496268382606407,3.4644530380455154
turbo_lunar_lander_12d,12,mes_gumbel,native,standard,314,290,30,0.4310987850229603,0.0,0.5734493747354629,0.10469705270994871,0.0,0.7912927083806023,0.0,1.7827678616322316,0.7382065520377311,0.5848500475504418,0.6497590481204873,0.0,0.0,2134.1892705064265,1.6191375976894051,0.1468536220956594,3.4609889667481184
turbo_lunar_lander_12d,12,mes_gumbel,native,standard,315,291,30,0.42857153085716493,0.0,0.5734179630659828,0.10469131774996766,0.0,0.8025691521731179,0.0,1.7705918409325363,0.7380967834497523,0.5845857311572026,0.6494868375822649,0.0,0.0,2140.456372116522,1.5783242330420761,0.005096412791560093,3.5779598623203737
turbo_lunar_lander_12d,12,mes_gumbel,native,standard,316,292,30,0.45359251424970937,0.0,0.5916270827366987,0.10801583294862172,0.0,0.8348217660580676,0.0,1.7383456788693934,0.7379315157596764,0.5843614856623413,0.6492896328882547,0.0,0.0,2146.8739396584065,1.738207353791222,0.005148785576845209,3.53662524924924
turbo_lunar_lander_12d,12,mes_gumbel,native,standard,317,293,30,0.45345894360352257,0.0,0.5911538814337595,0.10792943860600149,0.0,0.8349822535330877,0.0,1.786524427361865,0.7377236595373078,0.5841413429426391,0.6490746442669632,0.0,0.0,2153.371183589194,1.804504063880692,0.005075856888045867,3.3975615969548625
turbo_lunar_lander_12d,12,mes_gumbel,native,standard,318,294,30,0.4586557253996598,0.0,0.6373618248267464,0.1163658162500884,0.0,0.7902975775765669,0.0,2.337330668748767,0.7370356916054326,0.5837505779630557,0.6486817815797044,0.0,0.0,2159.3988839083663,1.6558802815154194,0.004964175742740432,3.4293009265325964
turbo_lunar_lander_12d,12,mes_gumbel,native,standard,319,295,30,0.44198969553715806,0.0,0.5945673364696216,0.10855264738005858,0.0,0.704667025348519,0.0,1.8180631931645568,0.7390893007922856,0.5850302558996229,0.6503341612919313,0.0,0.0,2165.56662920018,1.605104017474999,0.15310704022025068,3.3925135041276615
turbo_lunar_lander_12d,12,mes_gumbel,native,standard,32,8,30,1.7647804742516806,1.8525363265656822,0.6302058858084995,0.11505932650994666,1.65584622422432,2.2045285194348683,0.0,2.691700312573747,0.779509528374151,0.6272121881511628,0.6974148383627021,0.0,0.0,125.06919274791144,3.639610250480473,0.0016026668716222047,2.32997066010721
turbo_lunar_lander_12d,12,mes_gumbel,native,standard,320,296,30,0.44161834728530336,0.0,0.5925808717726871,0.1081899702053257,0.0,0.7607634102653918,0.0,1.8192106554131977,0.7390358323015317,0.584784202058422,0.6501797191235615,0.0,0.0,2171.762276463257,1.6119866639065246,0.005619331076741218,3.4802368777648858
turbo_lunar_lander_12d,12,mes_gumbel,native,standard,321,297,30,0.4142066678205358,0.0,0.5766513884387267,0.10528165775485478,0.0,0.7142115090906827,0.0,1.8186119245176868,0.7389618371804361,0.5845665989457334,0.6499979595899666,0.0,0.0,2177.922446370187,1.5043545774028948,0.005104440574844678,3.4785695244402937
turbo_lunar_lander_12d,12,mes_gumbel,native,standard,322,298,30,0.4180248962128432,0.0,0.5627946919244416,0.10275178267039574,0.0,0.7544364624612678,0.0,1.7958403944620236,0.7387554008503316,0.5843365044759682,0.6497443297035065,0.0,0.0,2183.9799763689284,1.5141602404260388,0.005223734894146522,3.470994271089633
turbo_lunar_lander_12d,12,mes_gumbel,native,standard,323,299,30,0.42111648390098194,0.0,0.5626935995388774,0.10273332581040723,0.0,0.7582430021610478,0.0,1.7731386942492022,0.7384737995809638,0.5840970239691212,0.6494074612780624,0.0,0.0,2190.134311215797,1.5562699527479709,0.005284983618184924,3.5093039356792968
turbo_lunar_lander_12d,12,mes_gumbel,native,standard,324,300,30,0.4188594877743777,0.0,0.5774622350879559,0.10542969742167489,0.0,0.7222941885902336,0.0,1.8369617460503096,0.7386677614479994,0.5837431230375165,0.6491294707326806,0.0,0.0,2196.351959010167,1.6492429291053365,0.1541013295141359,3.5099391725535196
turbo_lunar_lander_12d,12,mes_gumbel,native,standard,325,301,30,0.414773920747633,0.0,0.5693523227306475,0.10394903677584566,0.0,0.8006654306596286,0.0,1.8740380563016685,0.7385230599470236,0.5834413459923443,0.6487373840379813,0.0,0.0,2203.166883117147,1.6922643436739842,0.00541536194893221,3.65659175060379
turbo_lunar_lander_12d,12,mes_gumbel,native,standard,326,302,30,0.40810376440896223,0.0,0.5606889925189483,0.10236733631582444,0.0,0.7126728438514722,0.0,1.8723774434847344,0.7384970238180885,0.5831562616768052,0.6484381500878803,0.0,0.0,2209.6195909800786,1.5889450546354056,0.00537170620324711,3.6737661707991114
turbo_lunar_lander_12d,12,mes_gumbel,native,standard,327,303,30,0.3978868148002699,0.0,0.5546335574238174,0.10126177018345389,0.0,0.6931564693308294,0.0,1.8334506433774296,0.7383610477996607,0.5829285485102762,0.6482370703247265,0.0,0.0,2216.0616598853067,1.794367805092285,0.005665223207324743,3.7357765533030034
turbo_lunar_lander_12d,12,mes_gumbel,native,standard,328,304,30,0.43395271841117167,0.0,0.579131665334576,0.10573449228975998,0.0,0.9034779839654145,0.0,1.8208895947176615,0.7383296983814717,0.5827078023386763,0.6479580944933109,0.0,0.0,2222.839348064115,1.6975284085143358,0.005451264992977182,3.6139381730308133
turbo_lunar_lander_12d,12,mes_gumbel,native,standard,329,305,30,0.4037819103775694,0.0,0.5414500854119059,0.0988548085143999,0.0,0.7398602447770984,0.0,1.7746326345569448,0.7380204523991435,0.5825555756561536,0.6478338571052322,0.0,0.0,2229.4177102513145,1.7560011436386656,0.16386717781424523,3.6559078373014926
turbo_lunar_lander_12d,12,mes_gumbel,native,standard,33,9,30,1.707236496195678,1.863128911902372,0.6673870157304329,0.12184764103387108,1.6213184682966908,2.032385815990521,0.0,2.728042973895054,0.7778907897971196,0.6262869341411831,0.6963489080207838,0.0,0.0,132.07706963292634,3.7463562038727103,0.0015721601899713277,2.3065439572713027
turbo_lunar_lander_12d,12,mes_gumbel,native,standard,330,306,30,0.416292725725343,0.0,0.5439682326987777,0.09931455720511329,0.0,0.7840273808486193,0.0,1.7552587049247985,0.7379106627440619,0.5822533163766185,0.6474484089374698,0.0,0.0,2235.4909001793403,1.5952541704910497,0.005185205986102422,3.6080216779994467
turbo_lunar_lander_12d,12,mes_gumbel,native,standard,331,307,30,0.4055116900309678,0.0,0.5324641834791639,0.09721421478503589,0.0,0.7241851822378877,0.0,1.7552587049247985,0.7378901725956912,0.5820604011334093,0.6473259624415577,0.0,0.0,2241.7061368714244,1.6362751292685667,0.0054344237937281525,3.5979252269646773
turbo_lunar_lander_12d,12,mes_gumbel,native,standard,332,308,30,0.4098116276876075,0.0,0.5308979217783877,0.09692825583021204,0.0,0.784027100512134,0.0,1.7552587049247985,0.7377229536300214,0.581894889079242,0.6471338404898944,0.0,0.0,2248.042990384484,1.688962922928234,0.005562880091990034,3.6160736112389715
turbo_lunar_lander_12d,12,mes_gumbel,native,standard,333,309,30,0.43532679765965604,0.0,0.5389615382296831,0.09840046403869346,0.0,0.783262048842337,0.0,1.7207073352095135,0.7376711200009693,0.5815755745495246,0.646916512122287,0.0,0.0,2254.5282967376525,1.72254111993437,0.005791458813473582,3.798653899754087
turbo_lunar_lander_12d,12,mes_gumbel,native,standard,334,310,30,0.42804261433591956,0.0,0.5443013601982389,0.09937537768710669,0.0,0.7579214665713736,0.0,1.8301278777138832,0.7383847713868212,0.581703781632054,0.6472370119479475,0.0,0.0,2260.8572140598358,1.4695902416327347,0.17515968498773873,3.7799265402990083
turbo_lunar_lander_12d,12,mes_gumbel,native,standard,335,311,30,0.4352110649691848,0.0,0.5624823749940145,0.10269476166110052,0.0,0.839005821865344,0.0,1.7652294631069236,0.7383345273176247,0.5814001998992477,0.6470129677376462,0.0,0.0,2267.136891939336,1.5397719709202646,0.005819585267454385,3.7442941889477273
turbo_lunar_lander_12d,12,mes_gumbel,native,standard,336,312,30,0.4158091976685807,0.0,0.5494509140175879,0.10031555328308812,0.0,0.7047664202386276,0.0,1.7474277139483307,0.7382200108894083,0.5811247752500973,0.6465971704663536,0.0,0.0,2273.249295024046,1.4601239765218148,0.005792769168814023,3.6577064571436493
turbo_lunar_lander_12d,12,mes_gumbel,native,standard,337,313,30,0.3959490679475914,0.0,0.5402241353162326,0.09863098167380795,0.0,0.6827386233826566,0.0,1.8264513670272147,0.7381947563854735,0.5809153598958012,0.6464443739018165,0.0,0.0,2279.4609758309552,1.6276010395182918,0.0055564886424690485,3.5663240836312373
turbo_lunar_lander_12d,12,mes_gumbel,native,standard,338,314,30,0.32715504642694293,0.0,0.536140981971963,0.09788550327633824,0.0,0.6009085957648674,0.0,2.043881014233708,0.7380043160790649,0.5806877399134497,0.6461418345386494,0.0,0.0,2285.667626163674,1.5898844090135147,0.005561981148396929,3.4908268123089026
turbo_lunar_lander_12d,12,mes_gumbel,native,standard,339,315,30,0.32649943394603864,0.0,0.5104968326588776,0.09320354359406907,0.0,0.6544394071239698,0.0,1.7552587049247985,0.7415896224867911,0.5840733662797978,0.6494320706683839,0.0,0.0,2292.139951755339,1.441573367252325,0.17823609323240816,3.580686155272027
turbo_lunar_lander_12d,12,mes_gumbel,native,standard,34,10,30,1.658257746778269,1.7802394356351081,0.7111738072677585,0.1298419788491276,1.4132530735292537,2.0601502440406465,0.0,2.7849612446652507,0.7926348702991828,0.6498124968615255,0.7167494255157119,0.0,0.0,139.6537019616769,3.8305725255360206,0.011972888745367527,2.573027585974584
turbo_lunar_lander_12d,12,mes_gumbel,native,standard,340,316,30,0.37993600040774367,0.0,0.547864402353918,0.10002589720777577,0.0,0.7242942519030546,0.0,1.7050248840085827,0.7412826526897865,0.5837385260438336,0.6491435513969973,0.0,0.0,2297.9663066059197,1.3851841444149613,0.005619402229785919,3.5153014682854216
turbo_lunar_lander_12d,12,mes_gumbel,native,standard,341,317,30,0.39825694827790165,0.0,0.5583027874638279,0.10193167687065033,0.0,0.8106707324302618,0.0,1.7050248840085827,0.7407233430894248,0.583379162948455,0.6488086543617642,0.0,0.0,2303.873496569538,1.2874010137592753,0.005699959412838022,3.551339014355714
turbo_lunar_lander_12d,12,mes_gumbel,native,standard,342,318,30,0.3850340440595136,0.0,0.5442238944824397,0.0993612344471145,0.0,0.7506825249019349,0.0,1.7331895328909563,0.7404928044857322,0.5830238321426423,0.6485982402039278,0.0,0.0,2309.4974635951685,1.3532681255756567,0.00571703384630382,3.6240382084312537
turbo_lunar_lander_12d,12,mes_gumbel,native,standard,343,319,30,0.36769848789409504,0.0,0.5218450743147768,0.09527543957505434,0.0,0.6466858530417012,0.0,1.7050248840085827,0.7404436031883923,0.582688695146732,0.6482922752528001,0.0,0.0,2315.2553808711623,1.3294309613139679,0.005795866592476765,3.6361508042085915
turbo_lunar_lander_12d,12,mes_gumbel,native,standard,344,320,30,0.3830318607469107,0.0,0.5421757001933256,0.0989872870423475,0.0,0.7971127194202428,0.0,1.7317424827841696,0.7389080064980575,0.5806470488988433,0.6463066289601114,0.0,0.0,2321.183600027114,1.3242178598884493,0.18378179452071589,3.6919802092636624
turbo_lunar_lander_12d,12,mes_gumbel,native,standard,345,321,30,0.37281606065150014,0.0,0.5398836382846444,0.09856881570548648,0.0,0.7259904017270571,0.0,1.8108149819218413,0.7388349235641236,0.5803790083845645,0.645925660639465,0.0,0.0,2327.3181887968444,1.320848471003895,0.006124538990358512,3.7012355795285354
turbo_lunar_lander_12d,12,mes_gumbel,native,standard,346,322,30,0.36341508395915234,0.0,0.5029889557141883,0.09183279907354265,0.0,0.7358996307156639,0.0,1.6423330557281122,0.7386540430794872,0.580043628901359,0.6455687098035375,0.0,0.0,2333.2043662537976,1.3632889876142145,0.005818627619494994,3.5547685824800284
turbo_lunar_lander_12d,12,mes_gumbel,native,standard,347,323,30,0.37373077881735833,0.0,0.5171032350649342,0.0944097021346536,0.0,0.7323246557751305,0.0,1.6524281807048329,0.7385426680155659,0.579718032245546,0.6453885987069978,0.0,0.0,2338.988917402038,1.3379102561467637,0.005624945772190889,3.504550632260119
turbo_lunar_lander_12d,12,mes_gumbel,native,standard,348,324,30,0.3612353721326544,0.0,0.5209263979951706,0.09510771299395629,0.0,0.7438393827718214,0.0,1.620222918720474,0.7373123658310795,0.5794032141621781,0.6449856641907442,0.0,0.0,2344.6969166176236,1.2892353109860173,0.005720707075670362,3.552839474581803
turbo_lunar_lander_12d,12,mes_gumbel,native,standard,349,325,30,0.3687871230777138,0.0,0.519629586293396,0.0948709486533234,0.0,0.7739194169543948,0.0,1.6601360314854323,0.7356482386521297,0.5778183434533926,0.6434234368423919,0.0,0.0,2350.527237061256,1.3386268957673262,0.19085405169365308,3.4704513900292415
turbo_lunar_lander_12d,12,mes_gumbel,native,standard,35,11,30,1.7206112810285081,1.762573076481355,0.6499262063997767,0.11865974798630538,1.4824167373948356,2.1338648596965704,0.0,2.8446422565909497,0.7917456176061909,0.6490029808286766,0.7157047195581457,0.0,0.0,147.3847146875846,3.959789900078128,0.0015212478892256817,2.456800771768515
turbo_lunar_lander_12d,12,mes_gumbel,native,standard,350,326,30,0.3544649487404236,0.0,0.4929508222566661,0.0900000950302319,0.0,0.7298971659285692,0.0,1.660221924878696,0.7353700867386234,0.577513848204714,0.6430231906271264,0.0,0.0,2356.3670517660835,1.2536011847512176,0.005810058303177356,3.584152412414551
turbo_lunar_lander_12d,12,mes_gumbel,native,standard,351,327,30,0.359280114614747,0.0,0.4959366304910985,0.09054522653769301,0.0,0.7351380254112962,0.0,1.6392279255535065,0.7352771036193189,0.5771557679409225,0.6426286559453972,0.0,0.0,2361.8446434325383,1.2024684461920212,0.005748360635091861,3.5840319201505433
turbo_lunar_lander_12d,12,mes_gumbel,native,standard,352,328,30,0.3488897141025355,0.0,0.49584822902176084,0.09052908671140206,0.0,0.6746241853839055,0.0,1.636330086021365,0.73404260323402,0.5768315068974491,0.6422407722700139,0.0,0.0,2367.427033162831,1.2227720719451705,0.005973915957535307,3.4615774361416696
turbo_lunar_lander_12d,12,mes_gumbel,native,standard,353,329,30,0.32512757027874417,0.0,0.47008652506841503,0.08582566458639622,0.0,0.5841316029278223,0.0,1.5444379111935795,0.7339206879866509,0.5765603570636786,0.6420636770582949,0.0,0.0,2372.9917979268666,1.178279981482774,0.005518035823479294,3.426559858660524
turbo_lunar_lander_12d,12,mes_gumbel,native,standard,354,330,30,0.3440056404748803,0.0,0.455811094212364,0.08321933942040807,0.0,0.701834401055625,0.0,1.467647195495432,0.7340591833788117,0.5765365188141096,0.6423260207287486,0.0,0.0,2378.6707483656396,1.121380301642542,0.1824644009893139,3.369894827095171
turbo_lunar_lander_12d,12,mes_gumbel,native,standard,355,331,30,0.34144245733020784,0.0,0.4665645107616607,0.08518263569184113,0.0,0.6615994790514118,0.0,1.4922462003540513,0.7340230588152136,0.5763244035505996,0.642180702096333,0.0,0.0,2384.4322323822726,1.1563887734121332,0.005889602812627951,3.501230971592789
turbo_lunar_lander_12d,12,mes_gumbel,native,standard,356,332,30,0.31449455708713664,0.0,0.4327473612400618,0.07900849715067287,0.0,0.5742791159196223,0.0,1.4907917564063697,0.7338812460853347,0.5759756773335952,0.6418121009596519,0.0,0.0,2389.7968359770875,1.1290454062012334,0.005676791816949844,3.3915798522376766
turbo_lunar_lander_12d,12,mes_gumbel,native,standard,357,333,30,0.3302421710652086,0.0,0.452326472917183,0.0825831375244969,0.0,0.7437536347657054,0.0,1.611147785148917,0.7337557555240277,0.5756744391688116,0.6414023685131276,0.0,0.0,2395.0877745955872,1.0741997223813087,0.005806665386383732,3.4102246411299952
turbo_lunar_lander_12d,12,mes_gumbel,native,standard,358,334,30,0.34098776466219954,0.0,0.48674722728951797,0.08886747872985439,0.0,0.6826839736401222,0.0,1.6110864046802091,0.7336983738151552,0.575355368366339,0.6410366448499122,0.0,0.0,2400.4039630366647,1.0482474675402045,0.005915275868028402,3.537663157035907
turbo_lunar_lander_12d,12,mes_gumbel,native,standard,359,335,30,0.357005161755675,0.0,0.49396484869502943,0.09018523008163132,0.0,0.6974178609050085,0.0,1.5603083368907238,0.7330964751896591,0.5741761556340107,0.6401000531150957,0.0,0.0,2406.3296865670786,1.1433477844577282,0.20571357702525953,3.560557772607232
turbo_lunar_lander_12d,12,mes_gumbel,native,standard,36,12,30,1.633393569741158,1.7795657996350702,0.7745910744839918,0.14142033477901553,1.3932905797715947,2.2072554066703116,0.0,2.8204410622336553,0.7908908938091608,0.6482239813933116,0.7147893113558877,0.0,0.0,154.66049964511768,3.795843671603749,0.0015072828624397515,2.3416053735651077
turbo_lunar_lander_12d,12,mes_gumbel,native,standard,360,336,30,0.3631691551023567,0.0,0.4909765182720752,0.08963963808765432,0.0,0.7633241004892526,0.0,1.5598875309138398,0.732852466861869,0.5738818388160746,0.6398506067803738,0.0,0.0,2411.5732322471526,1.0760246460326015,0.00578022717187802,3.412996328342706
turbo_lunar_lander_12d,12,mes_gumbel,native,standard,361,337,30,0.3434491481500241,0.0,0.4650136559787775,0.08489948964250782,0.0,0.6864094956370386,0.0,1.5601299557131452,0.7326409015165694,0.5735874112918202,0.6396465432141646,0.0,0.0,2417.069419359571,1.0661678885264942,0.005946371797472238,3.617492500630518
turbo_lunar_lander_12d,12,mes_gumbel,native,standard,362,338,30,0.3439591986563039,0.0,0.4635293382699142,0.08462849154529156,0.0,0.6670293218362647,0.0,1.4514277955199617,0.7323850027559605,0.5733009194430941,0.6393094626336436,0.0,0.0,2422.8560094386185,1.1730425946569691,0.006098604807630181,3.6825997220507514
turbo_lunar_lander_12d,12,mes_gumbel,native,standard,363,339,30,0.3667200032248393,0.0,0.4916558949929001,0.0897636747393342,0.0,0.7101648204226594,0.0,1.4845371292084422,0.7321069941598591,0.5730222050729464,0.6390068233225589,0.0,0.0,2428.383639820044,1.0581895354669542,0.006232005264610052,3.690911562694237
turbo_lunar_lander_12d,12,mes_gumbel,native,standard,364,340,30,0.33592992504031766,0.0,0.45751047199064304,0.08352960193470356,0.0,0.6430886671414551,0.0,1.429852917298744,0.7303405969442383,0.5710510355849984,0.6370543655745085,0.0,0.0,2434.09455955235,1.0637007616925984,0.198186090355739,3.556016757587592
turbo_lunar_lander_12d,12,mes_gumbel,native,standard,365,341,30,0.3210181128529826,0.0,0.45372561804284445,0.08283858530667963,0.0,0.6365839627053878,0.0,1.4875804911679418,0.7301975624350057,0.5707707285613111,0.6367102516792447,0.0,0.0,2440.0157714313364,1.2076044249348343,0.006185581643755237,3.6355120035664488
turbo_lunar_lander_12d,12,mes_gumbel,native,standard,366,342,30,0.34154612169108556,0.0,0.45792042284219076,0.08360444837765726,0.0,0.7086918246596868,0.0,1.3814131356092767,0.7300812597937516,0.570512915961083,0.6365084974285867,0.0,0.0,2445.9414815813925,1.3342202058061958,0.0061336840347697335,3.5628462348288545
turbo_lunar_lander_12d,12,mes_gumbel,native,standard,367,343,30,0.27882236545545813,0.0,0.39960914025377187,0.07295831343407885,0.0,0.666224927588214,0.0,1.3683557314534918,0.7300315475486456,0.5701941016958885,0.6361397841886806,0.0,0.0,2451.5562436780892,1.1932590377827486,0.0062772763737787805,3.614725051168352
turbo_lunar_lander_12d,12,mes_gumbel,native,standard,368,344,30,0.2830042509162611,0.0,0.4016841839951367,0.07333716285573066,0.0,0.6736103848767288,0.0,1.367747029761823,0.729865967656808,0.5699502392145096,0.635869039312612,0.0,0.0,2457.2022772190317,1.1834461982672413,0.0062773105222731825,3.494891265888388
turbo_lunar_lander_12d,12,mes_gumbel,native,standard,369,345,30,0.30510178336304866,0.0,0.42778432174787445,0.07810237425611954,0.0,0.7489496714199406,0.0,1.369669028896424,0.7297305167085107,0.5693531217046339,0.6353459769115256,0.0,0.0,2463.214567828349,1.1787515677356473,0.2069352347869426,3.5559859710590294
turbo_lunar_lander_12d,12,mes_gumbel,native,standard,37,13,30,1.6112132515978566,1.733396015071793,0.7632561032413214,0.13935086163292124,1.4361383766372058,2.1223278729251747,0.0,2.839516750231291,0.790256478534819,0.6475901485226966,0.7142690141572838,0.0,0.0,161.87882678455983,3.7155406940262763,0.0014974580456813176,2.45008731726557
turbo_lunar_lander_12d,12,mes_gumbel,native,standard,370,346,30,0.2786726962230736,0.0,0.40272400651408646,0.07352700760554087,0.0,0.6561462776255711,0.0,1.370141522053102,0.7296783970618679,0.5690056182173328,0.6350546981635454,0.0,0.0,2468.644784479759,1.084939484934633,0.006216168527801832,3.501051711291075
turbo_lunar_lander_12d,12,mes_gumbel,native,standard,371,347,30,0.2929550443971144,0.0,0.41938607986417636,0.0765690720817575,0.0,0.6286446650886703,0.0,1.4563755267673246,0.7295829590082491,0.5687300386237387,0.6347561554955218,0.0,0.0,2474.2865084338778,1.198836252031227,0.006338597632323703,3.588768858757491
turbo_lunar_lander_12d,12,mes_gumbel,native,standard,372,348,30,0.291746167958928,0.0,0.4196635766113107,0.07661973582443744,0.0,0.6289487734363335,0.0,1.466458642049436,0.7294808283099184,0.5683825020691599,0.6345370730339531,0.0,0.0,2479.6718678790767,1.096938704435403,0.006159590759004156,3.488730113984396
turbo_lunar_lander_12d,12,mes_gumbel,native,standard,373,349,30,0.324696639431741,0.0,0.45326135733399425,0.0827538232857461,0.0,0.5389704385944811,0.0,1.5130521034476487,0.7288178101622204,0.5680750718270475,0.6341981954056718,0.0,0.0,2485.1145476707566,1.0724223324408133,0.0063628710185488066,3.535842276659484
turbo_lunar_lander_12d,12,mes_gumbel,native,standard,374,350,30,0.33728360919759715,0.0,0.46482197328711494,0.08486449333113887,0.0,0.6832299476809364,0.0,1.5246375825924312,0.7289428378471795,0.5676709903799416,0.6338111212435423,0.0,0.0,2490.689951400335,1.0573026498779654,0.21337415332285067,3.530205282770718
turbo_lunar_lander_12d,12,mes_gumbel,native,standard,375,351,30,0.3239870913565627,0.0,0.4454358502266818,0.0813250876968821,0.0,0.6267370720853653,0.0,1.5215397086633509,0.7287554222551946,0.5673512950561975,0.6335347283248287,0.0,0.0,2496.1751558499254,1.0911262875733276,0.006225450461109479,3.6382827132629854
turbo_lunar_lander_12d,12,mes_gumbel,native,standard,376,352,30,0.2998531365733432,0.0,0.4384610493710338,0.08005166910930052,0.0,0.5966437717016317,0.0,1.519479028009309,0.7285613059198479,0.5669904347500382,0.6332047923193828,0.0,0.0,2501.743200806901,1.161981405193607,0.006507843468959133,3.600257015399014
turbo_lunar_lander_12d,12,mes_gumbel,native,standard,377,353,30,0.29768434180580655,0.0,0.43742055089650367,0.07986170094745056,0.0,0.5920974056716415,0.0,1.476378476308576,0.7285236940820812,0.5667782980326045,0.6329860119991065,0.0,0.0,2507.6574285353067,1.1381358551327139,0.006709826287503043,3.748547973297536
turbo_lunar_lander_12d,12,mes_gumbel,native,standard,378,354,30,0.2788430584552286,0.0,0.4033924608604331,0.07364905011359302,0.0,0.5801314595476799,0.0,1.3933395018500323,0.7283901128705206,0.5665252082032145,0.6327326782676777,0.0,0.0,2513.4958648354745,1.1986572830627362,0.00648836901721855,3.684327935241163
turbo_lunar_lander_12d,12,mes_gumbel,native,standard,379,355,30,0.2792448407106503,0.0,0.41234062160959434,0.07528275327709233,0.0,0.6435781379901684,0.0,1.5123223137170552,0.7259640332109724,0.5647088303683543,0.6309257418640347,0.0,0.0,2519.509850537901,1.133484990693008,0.2252147377623866,3.703354855393991
turbo_lunar_lander_12d,12,mes_gumbel,native,standard,38,14,30,1.5327652942244494,1.7051981147154405,0.7823555592442271,0.14283792926254418,1.2369884073103643,2.0238720838522153,0.0,2.809003867080982,0.7899185492050688,0.6469278980982023,0.7134985695392989,0.0,0.0,169.487454212845,3.8195307090257606,0.0017220478194455305,2.572427630936727
turbo_lunar_lander_12d,12,mes_gumbel,native,standard,380,356,30,0.2882684773552961,0.0,0.4248417652672942,0.07756513940240395,0.0,0.6117236470156542,0.0,1.576199790981049,0.72551199469339,0.5644323453962995,0.6306825900858607,0.0,0.0,2525.050722226361,1.043501714648058,0.006764803221449256,3.655453687921787
turbo_lunar_lander_12d,12,mes_gumbel,native,standard,381,357,30,0.29519572009287987,0.0,0.4309171336152319,0.07867434483217672,0.0,0.6151404901524204,0.0,1.553569886842664,0.7249560136196257,0.5641605971194958,0.6304311677677902,0.0,0.0,2530.832967917357,1.0802689515985548,0.006764988709862033,3.6906837828923016
turbo_lunar_lander_12d,12,mes_gumbel,native,standard,382,358,30,0.2943809393604961,0.0,0.43358184110000136,0.0791608516316971,0.0,0.6798076235037916,0.0,1.602959912394668,0.7248311016457153,0.5638198796758218,0.6301182709862013,0.0,0.0,2536.534195691285,1.1467545246550193,0.006797523129110535,3.670372293780868
turbo_lunar_lander_12d,12,mes_gumbel,native,standard,383,359,30,0.28159446156957196,0.0,0.4311059039071764,0.07870880941453835,0.0,0.4804793191273724,0.0,1.614902410569754,0.7247366944094666,0.5635172834860954,0.6298676466905859,0.0,0.0,2542.314942151463,1.2056220163435987,0.006759494869038462,3.768032031568388
turbo_lunar_lander_12d,12,mes_gumbel,native,standard,384,360,30,0.29458968400388824,0.0,0.4354409595975102,0.07950027867775067,0.0,0.5987979502886751,0.0,1.500302821246197,0.7242785264227917,0.562377352899065,0.6290412382821647,0.0,0.0,2548.07661603281,1.0521178972752143,0.2491702393007775,3.600856875628233
turbo_lunar_lander_12d,12,mes_gumbel,native,standard,385,361,30,0.2914934779469279,0.0,0.43138905204986794,0.07876050495616096,0.0,0.6212602484399921,0.0,1.5308325719524691,0.7241678131248592,0.5621767516289626,0.6288972597752053,0.0,0.0,2554.015016408963,1.1699160989839583,0.006975148074949781,3.8276702925252417
turbo_lunar_lander_12d,12,mes_gumbel,native,standard,386,362,30,0.2855323361519138,0.0,0.4199309491488499,0.0766685511477933,0.0,0.5720583539616968,0.0,1.4668011832616243,0.7240191231443586,0.5619335510414795,0.6286677865464161,0.0,0.0,2559.9109415645557,1.2756434788927435,0.006782647408545017,3.684641241328791
turbo_lunar_lander_12d,12,mes_gumbel,native,standard,387,363,30,0.29113341092432976,0.0,0.42979128903323865,0.0784687946742425,0.0,0.6263858457011051,0.0,1.5186872818275838,0.722953064792787,0.5617015405824435,0.6284902044365633,0.0,0.0,2565.7384777408247,1.0686436422169208,0.006629457386831443,3.737106356242051
turbo_lunar_lander_12d,12,mes_gumbel,native,standard,388,364,30,0.297946438951306,0.0,0.4399082007389553,0.08031588159207886,0.0,0.7455491246921928,0.0,1.5616388770329015,0.722834308650038,0.5614526672710568,0.6281239341108016,0.0,0.0,2571.8036894094976,1.206788305643325,0.007098890809963147,3.899162666220218
turbo_lunar_lander_12d,12,mes_gumbel,native,standard,389,365,30,0.29702660060906383,0.0,0.4397579960314924,0.08028845808990523,0.0,0.6888020927679289,0.0,1.589366467513189,0.7209988067080976,0.559359133741513,0.6261485847360402,0.0,0.0,2577.8618143697113,1.1714794056024402,0.24482721034437419,3.7591799907851966
turbo_lunar_lander_12d,12,mes_gumbel,native,standard,39,15,30,1.5259983981512073,1.7132240726976449,0.7931680142665566,0.14481200443512415,1.256778677824746,2.1462403343625427,0.0,2.613495165675074,0.8132129028749282,0.6884324361514166,0.7464912069749635,0.0,0.0,176.91582507048733,3.71308566845643,0.012851043604314327,2.517794494035964
turbo_lunar_lander_12d,12,mes_gumbel,native,standard,390,366,30,0.3028650783744706,0.0,0.4453673164614517,0.081312575200493,0.0,0.7033126702608062,0.0,1.5113627035751702,0.7206472247120723,0.5590654356272606,0.6258263693241519,0.0,0.0,2583.3144368517987,1.090717245793591,0.007100474865486224,3.785839664687713
turbo_lunar_lander_12d,12,mes_gumbel,native,standard,391,367,30,0.29176468467050165,0.0,0.42951274044276205,0.07841793889212074,0.0,0.6547534174557832,0.0,1.578215274230562,0.7205677785991642,0.5588191057260704,0.6255414339111848,0.0,0.0,2588.847678215336,1.0839343843360743,0.006697004117692511,3.613104067820435
turbo_lunar_lander_12d,12,mes_gumbel,native,standard,392,368,30,0.29196227647796097,0.0,0.4335720526530822,0.07915906451397024,0.0,0.6550960243854356,0.0,1.5494290622507,0.720429637401377,0.5585724904894889,0.6253930199005384,0.0,0.0,2594.440644342328,1.1652837041765451,0.0069468319726487,3.617159052037944
turbo_lunar_lander_12d,12,mes_gumbel,native,standard,393,369,30,0.28687810797353025,0.0,0.4226532125097551,0.07716556616453918,0.0,0.6683594620876105,0.0,1.5003474116373883,0.7203206175245153,0.558346027189243,0.6252184083150122,0.0,0.0,2600.4166273842566,1.1895575056318193,0.007030217815190554,3.786224642054488
turbo_lunar_lander_12d,12,mes_gumbel,native,standard,394,370,30,0.2922768088047694,0.0,0.431513867538541,0.07878329304238504,0.0,0.6620535861254013,0.0,1.5145079711021532,0.7184815200066645,0.5565535744018493,0.6234380264409438,0.0,0.0,2606.7204986773895,1.2567131505192568,0.2597396431645999,3.7358936520293353
turbo_lunar_lander_12d,12,mes_gumbel,native,standard,395,371,30,0.31707540883212787,0.0,0.46114215406521086,0.08419265333267954,0.0,0.780562433011043,0.0,1.5703205685888457,0.7183452480165003,0.5562841289832315,0.623127827396708,0.0,0.0,2612.604335278086,1.2525972516120722,0.007068498184283575,3.78557929188634
turbo_lunar_lander_12d,12,mes_gumbel,native,standard,396,372,30,0.31832502798290885,0.0,0.4584042837749198,0.08369278889350767,0.0,0.7111406551723419,0.0,1.5497634329334717,0.7183132354329895,0.5560400067577936,0.6228680407441939,0.0,0.0,2618.448118608802,1.1010037247867634,0.007153223253165682,3.671308176436772
turbo_lunar_lander_12d,12,mes_gumbel,native,standard,397,373,30,0.2865644811206827,0.0,0.4137035793545743,0.07553159417770962,0.0,0.6021588121587934,0.0,1.4490174657650758,0.7182710029240437,0.5558077426019641,0.6226308802806245,0.0,0.0,2623.989524740415,1.1137047542569538,0.007180152848983805,3.6161376770430556
turbo_lunar_lander_12d,12,mes_gumbel,native,standard,398,374,30,0.30704448083742875,0.0,0.4418770799194947,0.08067534810547344,0.0,0.6698208747069849,0.0,1.4568658957715939,0.7181534981389519,0.5555596553179908,0.622330721324785,0.0,0.0,2629.809895781707,1.0970351374397675,0.007334961602464318,3.662800995896881
turbo_lunar_lander_12d,12,mes_gumbel,native,standard,399,375,30,0.3012029702757966,0.0,0.43131836789103223,0.0787475998534101,0.0,0.6909278365986361,0.0,1.5111903788392476,0.7183853896161657,0.5555623259568304,0.6223150886923555,0.0,0.0,2635.9786698518787,1.191908646809558,0.2557116775773466,3.777596699787925
turbo_lunar_lander_12d,12,mes_gumbel,native,standard,4,0,30,2.595645094133169,2.564495860183216,0.4117674774771014,0.07517811195373629,2.343690395189023,2.806821168018637,1.789051247974039,3.44375256820605,0.9990418345947157,0.9894573972412446,0.9968310059885063,0.0,0.0,9.177948120003567,0.0,0.0017542044166475534,2.307526051470389
turbo_lunar_lander_12d,12,mes_gumbel,native,standard,40,16,30,1.5777124262846443,1.7061755587047989,0.7383183012178723,0.13479786273197422,1.3220946948810366,2.032936171502682,0.0,2.5435197967805734,0.8126910424719302,0.6877819218238195,0.7457612642867409,0.0,0.0,184.48104799169425,3.6352430103657145,0.0016133365842203298,2.7412897394038738
turbo_lunar_lander_12d,12,mes_gumbel,native,standard,400,376,30,0.3061873724227444,0.0,0.44179175619240074,0.08065977019546684,0.0,0.6526850963870945,0.0,1.5319995677143843,0.717270550757991,0.5552399415895685,0.621882992665659,0.0,0.0,2641.4359492351455,1.131330684417238,0.007366124788920085,3.617593755107373
turbo_lunar_lander_12d,12,mes_gumbel,native,standard,41,17,30,1.527259508731603,1.7004580527399065,0.756300935332441,0.1380810275146113,1.1778501882526171,2.1418448427736068,0.0,2.544244651056493,0.812060769270733,0.687316019530046,0.7453408143249441,0.0,0.0,191.83355264177857,3.5599434132532526,0.0015432125423103572,2.7459689609706404
turbo_lunar_lander_12d,12,mes_gumbel,native,standard,42,18,30,1.5582725489401774,1.7931662876913301,0.7828315528019294,0.1429248333988044,1.2832007254213749,2.1064357822948483,0.0,2.482062844626378,0.8117215609621548,0.6868168912510059,0.744694668813631,0.0,0.0,198.79698965201774,3.5629728457269567,0.0015676043617228667,2.4977573884340623
turbo_lunar_lander_12d,12,mes_gumbel,native,standard,43,19,30,1.48564036269358,1.7307314462813386,0.7986647341742126,0.1458155635970278,1.0281191273635226,2.150589531208053,0.0,2.4843583679140138,0.8108722249410564,0.686375093514687,0.7441891747647029,0.0,0.0,205.75182503685355,3.34049629108049,0.0014870171124736467,2.4410297280953577
turbo_lunar_lander_12d,12,mes_gumbel,native,standard,44,20,30,1.5305202978311203,1.7088436127338138,0.7701246556577884,0.1406048819982231,1.0586550389530796,2.2153444483727953,0.0,2.533147348900933,0.8096857916984448,0.6910247333235914,0.7460851950815606,0.0,0.0,212.3293965529961,3.30026371111162,0.011960099280501405,2.3502187187007317
turbo_lunar_lander_12d,12,mes_gumbel,native,standard,45,21,30,1.4833382340671293,1.6677832164910888,0.8385956194517227,0.1531059124662422,0.9812782400799596,2.26441099262455,0.0,2.473527735964297,0.8094241786533849,0.6905552222247497,0.7457375309514186,0.0,0.0,218.5122644016364,3.156158291734755,0.0014804937411099673,2.339530074968934
turbo_lunar_lander_12d,12,mes_gumbel,native,standard,46,22,30,1.3811862575248746,1.5459520146227543,0.8490189182731309,0.15500893776227628,0.973596035370871,2.2261377679557337,0.0,2.4124679946673413,0.8092947915717629,0.6901273083732028,0.7452434177735581,0.0,0.0,224.86896682949737,3.050024518618981,0.0015346417048325142,2.386511710224052
turbo_lunar_lander_12d,12,mes_gumbel,native,standard,47,23,30,1.3797005747191837,1.5458961771922455,0.8758389538109531,0.15990558391466142,0.8410583983427156,2.2175411640939164,0.0,2.629098547249298,0.8092037584694004,0.6898201577000234,0.7449905352663415,0.0,0.0,231.39835574820947,3.227581135245661,0.001529878160605828,2.368200585556527
turbo_lunar_lander_12d,12,mes_gumbel,native,standard,48,24,30,1.4080525864363607,1.5682899334265221,0.8716662606022703,0.1591437578493467,0.9697037825046977,2.2277099825718016,0.0,2.5875221421781345,0.8091181116891072,0.689508170174128,0.7446571518015591,0.0,0.0,237.71374198965108,3.0534031074494123,0.0015472890343517065,2.366476048110053
turbo_lunar_lander_12d,12,mes_gumbel,native,standard,49,25,30,1.3972185437845992,1.5737179110122375,0.8749918699211857,0.15975092826315315,0.8974201237580157,2.2323864269925333,0.0,2.5337343785838065,0.8010416844098066,0.6803796923715886,0.7360742322342343,0.0,0.0,244.2882836180584,3.1152310404926538,0.012990343074003855,2.53070784023342
turbo_lunar_lander_12d,12,mes_gumbel,native,standard,5,0,30,2.5186555437315987,2.4763517558143135,0.40486694848409394,0.07391825349100675,2.3297896836775625,2.7074990324575405,1.8046623785139477,3.4967428332889448,0.9988791369565952,0.9872952692566848,0.996150874403876,0.0,0.0,12.037842524098233,0.0,0.001451749758174022,2.438270184335609
turbo_lunar_lander_12d,12,mes_gumbel,native,standard,50,26,30,1.4389062669369277,1.6757427730681476,0.8688797433163987,0.1586350117245634,0.8621700428462694,2.2416297844268644,0.0,2.6044652731684566,0.80086214361024,0.6799993650466853,0.7357081246825966,0.0,0.0,250.9780070585509,3.2332360501245905,0.0015129870269447565,2.4705714272800834
turbo_lunar_lander_12d,12,mes_gumbel,native,standard,51,27,30,1.4317577024833705,1.6622509075758707,0.8621703043219736,0.15741004136274625,0.9991788231903558,2.212561354344082,0.0,2.5311347394316783,0.8004627997013518,0.6796480817332519,0.7353793616699758,0.0,0.0,257.85224620976174,3.2320162762732556,0.0015021761413663627,2.5110925009784597
turbo_lunar_lander_12d,12,mes_gumbel,native,standard,52,28,30,1.4105687462632355,1.6626615272417922,0.8688434757605776,0.15862839020508712,0.9132572897605363,2.1820615891450705,0.0,2.5631235030548205,0.8002787226619962,0.6792804328623877,0.7349552624007342,0.0,0.0,264.81836335480523,3.3628665805483857,0.0015467699772367875,2.552798312079782
turbo_lunar_lander_12d,12,mes_gumbel,native,standard,53,29,30,1.4308298231479895,1.636220544705656,0.891751784322742,0.16281085598968253,0.9527330975188759,2.1910148026744265,0.0,2.603503046314813,0.8000631161784214,0.6788714061792694,0.7345378975243477,0.0,0.0,271.482182514978,3.197905597323552,0.0015709769601623218,2.579533806396648
turbo_lunar_lander_12d,12,mes_gumbel,native,standard,54,30,30,1.4260173145351716,1.704485373994293,0.864991900633496,0.15792519201207764,0.8711746556005716,2.200138746821194,0.0,2.4304472021409893,0.7938873245242927,0.6720477720405144,0.728392731080535,0.0,0.0,278.203759357566,3.2993667161713045,0.014051298735042413,2.5543593615293503
turbo_lunar_lander_12d,12,mes_gumbel,native,standard,55,31,30,1.4117598839475891,1.649948060095419,0.8544402488196486,0.15599873277294948,0.9644974222565641,2.1728674683067535,0.0,2.4517022490784797,0.7935547183367178,0.6717013408433151,0.7280015733376659,0.0,0.0,285.07952455251166,3.384567273128778,0.0015779999705652396,2.534143113732959
turbo_lunar_lander_12d,12,mes_gumbel,native,standard,56,32,30,1.3654559372824686,1.6558583446309334,0.8496637014404095,0.15512665852408233,0.9098577224381357,2.0773020014466783,0.0,2.403665029301941,0.793402798699439,0.6713106810648222,0.7276502739466296,0.0,0.0,291.7428898754219,3.1700299865876636,0.001575054880231619,2.5262744488660247
turbo_lunar_lander_12d,12,mes_gumbel,native,standard,57,33,30,1.3712600326329227,1.5968095891521297,0.8430197810409593,0.1539136501663998,0.9933800199856516,2.0739272895807956,0.0,2.403791097266732,0.793159332281202,0.6709752772096,0.7273663247091411,0.0,0.0,298.5110224432312,3.0864478488142293,0.0015211963249991338,2.5886503672692927
turbo_lunar_lander_12d,12,mes_gumbel,native,standard,58,34,30,1.3577396531485018,1.575284350750361,0.8315847409765629,0.1518259070366514,0.882190626592473,2.1279166432210888,0.0,2.428633862921344,0.792920621362645,0.6706313738355245,0.7270764606260212,0.0,0.0,305.4423262812197,3.384846728729705,0.0015805743324259916,2.6711057086630414
turbo_lunar_lander_12d,12,mes_gumbel,native,standard,59,35,30,1.3262124919385039,1.5767636558289517,0.8383359691940822,0.15305850703185161,0.6785904138691436,2.042933914364046,0.0,2.42831458554141,0.7906005999200951,0.6687952751754522,0.7250086573041411,0.0,0.0,312.73320796059755,3.3600268724219253,0.01414643662671248,2.5916965738870203
turbo_lunar_lander_12d,12,mes_gumbel,native,standard,6,0,30,2.3084718727678397,2.36476569851388,0.4032448147561484,0.07362209374631151,2.054919774827458,2.6530246449068597,1.370461264376363,2.9507006614595364,0.9986889384325536,0.9852275100876212,0.995148893418597,0.0,0.0,15.029786335816606,0.0,0.0014561956903586784,2.5333320697769524
turbo_lunar_lander_12d,12,mes_gumbel,native,standard,60,36,30,1.3182768595618788,1.500289886240859,0.8423192816601063,0.15378575706226258,0.744805769081087,2.1234237441173662,0.0,2.4194802815476106,0.7903258494083455,0.6684937073511664,0.7247004878959136,0.0,0.0,319.3169730432021,3.1512437105954936,0.0016008499544113875,2.6243074503572035
turbo_lunar_lander_12d,12,mes_gumbel,native,standard,61,37,30,1.330215685170331,1.4400260837640744,0.8710470384733208,0.1590307038733027,0.7666518856704074,2.194822059352794,0.0,2.4216101536900134,0.7902154747045455,0.6681547291656201,0.7243396340889678,0.0,0.0,326.27736674533224,3.105258723627776,0.0016161958066125712,2.8672547365693997
turbo_lunar_lander_12d,12,mes_gumbel,native,standard,62,38,30,1.2935329539055913,1.3915755763713904,0.9073590798134421,0.16566034525698423,0.4534073980314892,2.200103464362302,0.0,2.3935453534385247,0.790076714315776,0.6678345711998487,0.7241026159107158,0.0,0.0,333.5064379016248,3.2503081683379906,0.0016826506393651168,2.809101525445779
turbo_lunar_lander_12d,12,mes_gumbel,native,standard,63,39,30,1.305234708288197,1.368118662469093,0.8944371462584173,0.16330113375876087,0.43857177316305446,2.1339960895223267,0.0,2.413333838582106,0.7899265600094679,0.6675100774159607,0.7236672245789569,0.0,0.0,340.61210982389747,3.4124968870698162,0.0016413129555682342,2.8037056587170808
turbo_lunar_lander_12d,12,mes_gumbel,native,standard,64,40,30,1.2612259086712432,1.3147724104587488,0.8756042271754273,0.1598627288902865,0.5746060486450499,2.106574018906873,0.0,2.413695036547651,0.7978910203068824,0.6803423177355488,0.7343283486249802,0.0,0.0,347.8078431437103,3.2294359745302548,0.01541356259646515,2.859795614828666
turbo_lunar_lander_12d,12,mes_gumbel,native,standard,65,41,30,1.2783021918418602,1.4243696104816463,0.8831774178300449,0.16124539800822696,0.5690918896037892,2.1000485598876337,0.0,2.419042374474234,0.7977175118033498,0.6800939394303189,0.7340939699250169,0.0,0.0,354.8515770682444,3.228038333185638,0.0016600359231233597,2.8373948336268464
turbo_lunar_lander_12d,12,mes_gumbel,native,standard,66,42,30,1.2399484677033916,1.1363447127044772,0.8816907733036348,0.16097397509419148,0.5845064208161881,1.9786085163494112,0.0,2.70661017796783,0.7973795200217907,0.679807968231598,0.733865252058964,0.0,0.0,361.80465800783907,3.199338906366999,0.0017054553298900524,2.858898302090044
turbo_lunar_lander_12d,12,mes_gumbel,native,standard,67,43,30,1.1994414059093805,1.2460775556269323,0.8906864278677272,0.16261634940228406,0.12667406544715853,1.9039127067587087,0.0,2.4776964075661554,0.7972043792633073,0.6795732770692076,0.7336696871403023,0.0,0.0,368.8345620818281,3.181869590499749,0.0016483795673896868,2.7699342063007255
turbo_lunar_lander_12d,12,mes_gumbel,native,standard,68,44,30,1.2267956437463943,1.2887345317682408,0.9026949312507275,0.16480879213053287,0.15902036650848533,1.9126780631941491,0.0,2.4814055079584105,0.7967967094770246,0.6792478736060512,0.7332786823708989,0.0,0.0,375.5925870882347,3.11166468965821,0.0016121590044349432,2.7231156724349908
turbo_lunar_lander_12d,12,mes_gumbel,native,standard,69,45,30,1.221413839981912,1.3354200584474625,0.9046456264379624,0.16516493871615462,0.1724674434046461,1.9640806841012235,0.0,2.482214425301643,0.7941541814358012,0.674006020725267,0.7289676498960195,0.0,0.0,382.80039028398073,3.3263985778360317,0.016079034966727097,2.844577936983357
turbo_lunar_lander_12d,12,mes_gumbel,native,standard,7,0,30,2.2751123220801306,2.3498772115953983,0.4162612493480644,0.07599855869440583,2.0168504798675264,2.650432691357252,1.226591411538858,2.8418783410367388,0.9984683090997225,0.9834494317198244,0.9943849095892785,0.0,0.0,17.994531262572856,0.0,0.0014319850131869316,2.554592463513836
turbo_lunar_lander_12d,12,mes_gumbel,native,standard,70,46,30,1.2125196652489345,1.292741913656897,0.8929593856112035,0.16303133281173673,0.1437473168646945,1.9321929724274618,0.0,2.523254599151353,0.7938853332785952,0.6737068731609807,0.7286631622811025,0.0,0.0,389.9692040187462,3.3431170532014223,0.001723462560524543,2.9150709717844925
turbo_lunar_lander_12d,12,mes_gumbel,native,standard,71,47,30,1.2269346418444214,1.3354410683973796,0.8829017706448092,0.16119507194780483,0.21071106443520904,1.9570624305234348,0.0,2.5093079305010524,0.7938183553392754,0.6734791044936828,0.7284424678869749,0.0,0.0,397.21048194159135,3.4227087288939706,0.0017144959264745315,2.8740141509411234
turbo_lunar_lander_12d,12,mes_gumbel,native,standard,72,48,30,1.207736528049241,1.2553064568054961,0.8859468414658935,0.16175102327377439,0.21506199649406454,1.9401871802892874,0.0,2.4948297296412743,0.7937314392835918,0.6731968248989414,0.7280946274761623,0.0,0.0,404.3702814572646,3.3756744029155623,0.001807266753166914,2.9351748876118413
turbo_lunar_lander_12d,12,mes_gumbel,native,standard,73,49,30,1.1991502618893477,1.2685931341954184,0.8896869102554814,0.1624338632880005,0.14574555963033253,1.9465893412157547,0.0,2.504628010052804,0.7934395790999721,0.6729088679007245,0.7277743500945095,0.0,0.0,411.6968158065652,3.476188532775268,0.0017247788763294616,2.985309374751523
turbo_lunar_lander_12d,12,mes_gumbel,native,standard,74,50,30,1.1909328869971498,1.2779977388004424,0.8809427480444342,0.1608374049915089,0.17265691687111862,1.9345995619445235,0.0,2.4959960267777594,0.7872854539722213,0.6642029918812277,0.720338493813111,0.0,0.0,419.1324340140447,3.510649346156667,0.017533418148135145,2.965584047573308
turbo_lunar_lander_12d,12,mes_gumbel,native,standard,75,51,30,1.19854398896846,1.2354166122364791,0.8775935457697073,0.1602259271130037,0.18058759907665373,1.945735687644827,0.0,2.479176605616745,0.7870194593730611,0.6640042291942246,0.7201139013406372,0.0,0.0,426.46085232156327,3.516739517527943,0.0017358028640349706,2.9605388157845787
turbo_lunar_lander_12d,12,mes_gumbel,native,standard,76,52,30,1.1417449395188086,1.2663281038834853,0.8545880550654704,0.15602571837794174,0.16156895711432334,1.8136713357523448,0.0,2.482841570831377,0.7866566561398749,0.663745190226812,0.7198416222045615,0.0,0.0,434.17844351443154,3.5525983838209263,0.0017391647212207316,2.9736760932486503
turbo_lunar_lander_12d,12,mes_gumbel,native,standard,77,53,30,1.170809960732547,1.2373646148010107,0.8658641215240223,0.1580844370310338,0.1306292971227051,1.8901076389565141,0.0,2.4884553320834195,0.7865956949825661,0.6635403593086894,0.7196347717425547,0.0,0.0,441.9091243310211,3.576262128834302,0.0018527493191262086,3.0641057070810347
turbo_lunar_lander_12d,12,mes_gumbel,native,standard,78,54,30,1.1162176781090238,1.1833878799607285,0.8537632400607943,0.15587512844999846,0.11350315562109203,1.8023322700817406,0.0,2.490817138983111,0.7860968006902969,0.6633135335897913,0.7194220818199205,0.0,0.0,449.5096188643792,3.5329446714216224,0.001829381799325347,2.9918834482940535
turbo_lunar_lander_12d,12,mes_gumbel,native,standard,79,55,30,1.0827125233799078,1.0288593146617586,0.8516946737605288,0.15549746164188163,0.05514985749917428,1.7317223542447426,0.0,2.5092663280440206,0.7829070289507182,0.6573811342528517,0.7145302335727557,0.0,0.0,456.9473863775221,3.4817058498039843,0.01838761439236502,2.9679058567620813
turbo_lunar_lander_12d,12,mes_gumbel,native,standard,8,0,30,2.2239840506496247,2.22600281822161,0.4200166296630616,0.07668419419791743,1.9900331339095296,2.6590745569009444,1.1804013694844409,2.828253016420003,0.998126022348572,0.9816567420505923,0.9934316337672878,0.0,0.0,21.11938125719316,0.0,0.001547102490440011,2.6807017310988157
turbo_lunar_lander_12d,12,mes_gumbel,native,standard,80,56,30,1.086284301588718,1.0070733660459548,0.8347944952714272,0.1524119253137668,0.14197915248109994,1.7020104120880177,0.0,2.4680053166882994,0.7828221477480243,0.6571436855655413,0.7143432825160954,0.0,0.0,464.4362066101438,3.4481845279534658,0.0017345254154254993,2.889800793180863
turbo_lunar_lander_12d,12,mes_gumbel,native,standard,81,57,30,1.021216118364713,1.0996121667638195,0.8181458027993543,0.14937230384045988,0.06690609586410778,1.6755859141442841,0.0,2.469887473510344,0.782757450789145,0.6569465444522835,0.7141516412982425,0.0,0.0,471.6864184277753,3.3723991916670153,0.001762326651563247,2.9205401946014415
turbo_lunar_lander_12d,12,mes_gumbel,native,standard,82,58,30,1.015623829439246,0.8797516352132083,0.8233039258367136,0.1503140439544428,0.06199685053909454,1.637716271486018,0.0,2.3916914195465746,0.7820966112540298,0.6567570568448694,0.7139987164716836,0.0,0.0,478.7376156480517,3.2703884952391187,0.0017455709787706534,2.9175352284839997
turbo_lunar_lander_12d,12,mes_gumbel,native,standard,83,59,30,1.0528912021015087,1.0049062224825926,0.8245304691346668,0.15053797909845804,0.06800100477220472,1.722535251899551,0.0,2.385707617425307,0.781922048760907,0.6564965032473985,0.7137084112261818,0.0,0.0,486.2631333862897,3.3762095886282624,0.0018179480452090503,3.0747111230467756
turbo_lunar_lander_12d,12,mes_gumbel,native,standard,84,60,30,1.0517829114110635,1.0164272198547923,0.8274197457745469,0.1510654864286364,0.09410187296612588,1.7350350535094896,0.0,2.36851294781913,0.7936156677818139,0.6679685922708877,0.7255150938911951,0.0,0.0,493.59866736984503,3.190172501653433,0.018770966135586303,3.0196257828113935
turbo_lunar_lander_12d,12,mes_gumbel,native,standard,85,61,30,1.047004816180599,0.9921459391807602,0.8202776670748227,0.14976152722486435,0.06536756347999301,1.7435361204094264,0.0,2.3747935766491493,0.7935798335495755,0.6677902580044968,0.7253380334476368,0.0,0.0,501.1429109874802,3.308533968931685,0.0018815911219765742,3.1362372394961615
turbo_lunar_lander_12d,12,mes_gumbel,native,standard,86,62,30,1.0448678909155666,1.0056491379646175,0.8326254922414325,0.15201592135149175,0.037800821234958204,1.7289551960617815,0.0,2.4439068412920104,0.7934945976977663,0.6676381905245002,0.7252048333531592,0.0,0.0,508.47689915165927,3.2241123443624624,0.001812969303379456,3.077263971231878
turbo_lunar_lander_12d,12,mes_gumbel,native,standard,87,63,30,1.0167938552857148,0.9630994623588115,0.8339062609774764,0.15224975666071797,0.0395486322250847,1.7103505225232656,0.0,2.496734717988754,0.7932322440696253,0.6673763545257021,0.7249098218175395,0.0,0.0,515.6898357974676,3.264567559507365,0.001900834357365966,3.115611392647649
turbo_lunar_lander_12d,12,mes_gumbel,native,standard,88,64,30,1.009637668542566,0.9936279455733414,0.8199641298899739,0.14970428342861158,0.05910695083617218,1.6907177211549074,0.0,2.4762265101567524,0.7931546878358612,0.6672223414052217,0.724696550280337,0.0,0.0,523.2405537283204,3.1793094067834318,0.001911170951401194,3.148118535755202
turbo_lunar_lander_12d,12,mes_gumbel,native,standard,89,65,30,1.0174934723408835,0.9471323031743526,0.8317619888236312,0.15185826791802087,0.04579905033827242,1.7530294468411807,0.0,2.4686869523629156,0.7905952456959543,0.662690357161274,0.7209330850009457,0.0,0.0,530.4789018610493,3.0556580285386494,0.020050790316114824,3.095799548334132
turbo_lunar_lander_12d,12,mes_gumbel,native,standard,9,0,30,2.226785806187293,2.2321246182726253,0.40263022331401005,0.07350988521414191,2.026735734028776,2.5956853505895654,1.2068822227109028,2.830434890547302,0.9978353826675902,0.9800721250901048,0.992844278903608,0.0,0.0,24.109259754853944,0.0,0.0015328312292695045,2.5530656676273793
turbo_lunar_lander_12d,12,mes_gumbel,native,standard,90,66,30,0.9963787978267026,0.9526073487155157,0.8050411581770845,0.14697973401789124,0.07293388907218223,1.5316084452424696,0.0,2.440020399684974,0.7904222527476257,0.6624786311377601,0.7207080532650653,0.0,0.0,537.9100745814542,3.0514120263823616,0.001858828713496526,3.108638727199286
turbo_lunar_lander_12d,12,mes_gumbel,native,standard,91,67,30,0.9903385629621496,0.8477177571761603,0.7972938597262091,0.1455652773108015,0.13215468139124115,1.69721164581117,0.0,2.3748134518159674,0.7903357869935209,0.6623133187180154,0.7205826173112365,0.0,0.0,545.3908100731671,3.0964793287372836,0.0018260108462224403,3.107639582362026
turbo_lunar_lander_12d,12,mes_gumbel,native,standard,92,68,30,0.9262590362750893,0.8563105061206869,0.8014618086800811,0.14632623719765672,0.04826193961947317,1.4680200157709642,0.0,2.367417099616692,0.7902497542813814,0.6620821263612804,0.7203331766997528,0.0,0.0,552.47388267098,3.0152598187327384,0.0018977101426571608,2.9687213571586955
turbo_lunar_lander_12d,12,mes_gumbel,native,standard,93,69,30,0.8992977233816639,0.8270462117013989,0.7995131279543937,0.14597045840071188,0.035812797647336025,1.3809847249040368,0.0,2.367528531473601,0.7901465180197921,0.6619638828055961,0.7202586757419911,0.0,0.0,559.6189415062157,3.133714839303866,0.0018131905856231848,2.9717770613109074
turbo_lunar_lander_12d,12,mes_gumbel,native,standard,94,70,30,0.9581149252627432,0.8573712571863944,0.822771904938201,0.15021691067204962,0.006041936265770709,1.6359716032945262,0.0,2.367417099616692,0.7890119559171933,0.6596005483164774,0.7183940306890452,0.0,0.0,567.140347616359,3.0240457848490525,0.021079998618612688,3.1031988373957575
turbo_lunar_lander_12d,12,mes_gumbel,native,standard,95,71,30,0.8826234268446086,0.807341330387756,0.7998261851971067,0.14602761457191996,0.0,1.513948185143715,0.0,2.337987316589627,0.7889767060548589,0.6594209712661784,0.7181690593003568,0.0,0.0,574.6682869128883,3.271784811622153,0.0018618226206550995,3.2119195288823295
turbo_lunar_lander_12d,12,mes_gumbel,native,standard,96,72,30,0.8477137742226767,0.7935823808378674,0.7907852632878098,0.1443769756151318,0.0,1.3057878202788438,0.0,2.3524504745742267,0.7887871352448594,0.6592073204287068,0.7179107958489449,0.0,0.0,582.5543450791233,3.1874699314280104,0.0018814426846802234,3.228526142363747
turbo_lunar_lander_12d,12,mes_gumbel,native,standard,97,73,30,0.8568350788490796,0.8307550687287595,0.8085014719696925,0.14761149799131043,0.0,1.3451519643045153,0.0,2.368726531874885,0.7887403594870219,0.6589914783854222,0.7176709235373264,0.0,0.0,590.5967952245536,3.1193865861278027,0.0019234851778795322,3.328823007798443
turbo_lunar_lander_12d,12,mes_gumbel,native,standard,98,74,30,0.8421800710060873,0.8709505535369702,0.7944350370270795,0.14504333008406112,0.0,1.335770334822052,0.0,2.3856826880945277,0.7883295407295267,0.6587728635426071,0.7174088157389616,0.0,0.0,598.0252458367031,3.1112916596544284,0.0019560511223971843,3.375762022892013
turbo_lunar_lander_12d,12,mes_gumbel,native,standard,99,75,30,0.8607694376007095,0.8490488665992763,0.7996065973763936,0.14598752350433397,0.004037815592973504,1.3873769110947236,0.0,2.3663939729708856,0.8027423078762435,0.6754675074533475,0.7330864829376768,0.0,0.0,606.0153827833788,3.2561029102032384,0.02524886418444415,3.4880966666930666
