objective,dimension,acquisition,beta_mode,policy,iteration,bo_iteration,n_seeds,mean_inference_regret,median_inference_regret,std_inference_regret,sem_inference_regret,q25_inference_regret,q75_inference_regret,min_inference_regret,max_inference_regret,mean_max_posterior_std,mean_mean_posterior_std,mean_q90_posterior_std,mean_cumulative_pe_calls,mean_cumulative_mode_transitions,mean_cumulative_wall_time_seconds,mean_selection_time_seconds,mean_gp_fit_time_seconds,mean_recommendation_time_seconds
turbo_lunar_lander_12d,12,ts,logarithmic,decay_uniform_grid_a1,1,0,30,3.310651109298576,3.283904957447192,0.580644939743358,0.10601077713288837,3.052659635642117,3.600539664830276,2.2276699670828726,4.534419415344451,0.9999703333578658,0.9972378949702652,0.9997470325374905,0.0,0.0,0.8045290777614961,0.0,0.0013307477347552776,0.43573963271143534
turbo_lunar_lander_12d,12,ts,logarithmic,decay_uniform_grid_a1,10,0,30,2.22363944070666,2.237736932043511,0.389172751593094,0.07105289827129739,1.9972427935898305,2.560782715833177,1.4562514051970976,2.7919025174092806,0.9975692102752459,0.9785407233685759,0.9921383172057798,0.0,0.0,24.641184280983484,0.0,0.0013827137959500154,2.446829539133857
turbo_lunar_lander_12d,12,ts,logarithmic,decay_uniform_grid_a1,100,76,30,1.7715263288461258,1.8006650473605619,0.5412558576691883,0.09881934754240666,1.4386375080811744,2.074466028778831,0.0,2.7478845074375586,0.6709655212148676,0.48910216533093887,0.5665704564488235,9.666666666666666,15.733333333333333,338.89889233266,0.013101684674620629,0.0017952897275487583,4.009812032819415
turbo_lunar_lander_12d,12,ts,logarithmic,decay_uniform_grid_a1,101,77,30,1.7482774242809807,1.7796911729973557,0.5651119871198984,0.10317486095404575,1.4932640106716615,2.0165698572859276,0.0,2.759460938872991,0.6690669479756216,0.48832951171251915,0.5657106265257946,9.766666666666667,15.933333333333334,343.40362695132694,0.013262557284906506,0.0018331042180458705,4.028605949350943
turbo_lunar_lander_12d,12,ts,logarithmic,decay_uniform_grid_a1,102,78,30,1.625591629448247,1.601999790277282,0.5755851425647837,0.10508698878251965,1.2653131001051499,2.042701617337296,0.0,2.7041179203285397,0.6684677574916178,0.48759789616143306,0.5650353127344213,9.8,16.066666666666666,347.7208993137193,0.013940749022488793,0.0018489959960182507,3.908714789369454
turbo_lunar_lander_12d,12,ts,logarithmic,decay_uniform_grid_a1,103,79,30,1.6291851527678343,1.628947225811604,0.552528330279364,0.10087741005155745,1.2964674498320572,2.0630114829428026,0.0,2.5366432387009623,0.6677775207316142,0.4868630267460563,0.5643018491054133,9.866666666666667,16.166666666666668,352.30769638040414,0.01361561957746744,0.0017850150043765703,4.102457656695818
turbo_lunar_lander_12d,12,ts,logarithmic,decay_uniform_grid_a1,104,80,30,1.7403424776504912,1.8125464694366908,0.5680120405391631,0.10370433584594617,1.3794496678512083,2.1146483307670065,0.0,2.578646836710953,0.6729054415847923,0.49196181202704387,0.5695444524316365,9.9,16.266666666666666,356.94996788158704,0.014269293270384271,0.01893423511646688,4.082051313156262
turbo_lunar_lander_12d,12,ts,logarithmic,decay_uniform_grid_a1,105,81,30,1.6708759965493085,1.7638111639288983,0.6539072814143903,0.11938658951584673,1.3741740121040724,2.107853726584001,0.0,2.616354852545507,0.6720996167443448,0.4912565468137583,0.5687639481835164,9.966666666666667,16.366666666666667,361.34158311823074,0.013455872253204385,0.0017545090056955814,4.004515596106648
turbo_lunar_lander_12d,12,ts,logarithmic,decay_uniform_grid_a1,106,82,30,1.6648708668072987,1.762954159563816,0.6751412965862237,0.12326337254785344,1.4055386003341876,2.1692498540069125,0.0,2.606487180033149,0.6711838190107129,0.4905706084376235,0.5678604310301225,10.0,16.466666666666665,365.77891347948463,0.014149091035748521,0.0018393420924743018,4.060139209125191
turbo_lunar_lander_12d,12,ts,logarithmic,decay_uniform_grid_a1,107,83,30,1.6508034277984953,1.7440705750374847,0.6414352443784086,0.11710951750829772,1.412867016903213,2.121943507437364,0.0,2.510474590370395,0.6705266502470644,0.4898863532179411,0.5672499787207655,10.1,16.6,370.4119020530954,0.013145316407705348,0.0018778632860630752,4.185986210592091
turbo_lunar_lander_12d,12,ts,logarithmic,decay_uniform_grid_a1,108,84,30,1.7246829586320578,1.8657785660478035,0.5679222044808957,0.10368793410074936,1.357303741463384,2.133781536154161,0.0,2.6126153258935325,0.669404397705763,0.4892096881972789,0.5663796740038818,10.2,16.8,375.2594806082236,0.013287303565690915,0.0019520385966946682,4.452461336894582
turbo_lunar_lander_12d,12,ts,logarithmic,decay_uniform_grid_a1,109,85,30,1.7290417449235966,1.8132852167342732,0.5377447406456081,0.0981783082104549,1.420444315637707,2.090097752974586,0.0,2.5166666274118756,0.665976773827069,0.48564297236942444,0.5627157230532054,10.3,16.933333333333334,380.0164476126122,0.013769967341795563,0.020709842272723714,4.213171153639753
turbo_lunar_lander_12d,12,ts,logarithmic,decay_uniform_grid_a1,11,0,30,2.2039395465044658,2.2537721007319247,0.40585783873010195,0.07409916447092356,1.9774190634865962,2.5267119990292883,1.0662318150143433,2.775831557357914,0.9974193191914803,0.9770600576717418,0.9914932065434111,0.0,0.0,27.41005451393624,0.0,0.001333477177346746,2.4108639687610167
turbo_lunar_lander_12d,12,ts,logarithmic,decay_uniform_grid_a1,110,86,30,1.7304157879181552,1.7842948519357271,0.5576078863144183,0.10180480585906103,1.3521502823536133,2.1500965675843475,0.0,2.7007431397977006,0.6656563389063056,0.48502178470574536,0.5620432263872011,10.3,17.033333333333335,384.61583881732076,0.014470151346176862,0.001814985368400812,4.176700320777794
turbo_lunar_lander_12d,12,ts,logarithmic,decay_uniform_grid_a1,111,87,30,1.6961544545825171,1.7753423056812854,0.5368182150257234,0.09800914854974913,1.3736760839954323,2.0929900086882,0.0,2.4151856978206947,0.6652556738613675,0.48430272185665507,0.5610230199269641,10.433333333333334,17.166666666666668,389.0985963613105,0.012513843784108757,0.0018736003121982018,4.1166340489561355
turbo_lunar_lander_12d,12,ts,logarithmic,decay_uniform_grid_a1,112,88,30,1.641402659065419,1.7613108152455155,0.6214580931995539,0.11346220539651451,1.3307108203372904,2.120060735784923,0.0,2.4752884654237994,0.6646240639687783,0.48358970396614814,0.5602263462061102,10.533333333333333,17.4,393.8481505372251,0.013383503180618088,0.0018999923951923848,4.171887076133862
turbo_lunar_lander_12d,12,ts,logarithmic,decay_uniform_grid_a1,113,89,30,1.6309110921104841,1.735836342819249,0.6424931103688964,0.11730265653023364,1.2591220326264119,2.0992672099070324,0.0,2.4738661504385373,0.6643065638833465,0.4828617535699208,0.5594742071952716,10.533333333333333,17.5,398.3859034484097,0.01482312533383568,0.0018973039928823709,4.17421645016099
turbo_lunar_lander_12d,12,ts,logarithmic,decay_uniform_grid_a1,114,90,30,1.6273353840476028,1.7450305420853662,0.6528948364779104,0.11920174320586609,1.2690253111976801,2.1123833479104186,0.0,2.527913424016127,0.6658592321655501,0.485664288393154,0.5623468626550363,10.533333333333333,17.5,402.8302785243839,0.01482232385315001,0.02105592287455996,3.967367273926114
turbo_lunar_lander_12d,12,ts,logarithmic,decay_uniform_grid_a1,115,91,30,1.6321226489588534,1.63215529109753,0.636189230611647,0.11615173081595173,1.3738198867508302,2.1039460645951498,0.0,2.52167930652295,0.665485023582787,0.48489746217462204,0.561721316290263,10.533333333333333,17.5,407.31964044699754,0.01472284117092689,0.001973416314770778,4.066957568656653
turbo_lunar_lander_12d,12,ts,logarithmic,decay_uniform_grid_a1,116,92,30,1.63712739735515,1.769228274681418,0.6534549253280311,0.11930400097167218,1.236589809548025,2.0723186441751857,0.0,2.6495822033943606,0.6644402659954276,0.48423156844302445,0.5610437329968617,10.633333333333333,17.6,411.88709674448086,0.013396517249445121,0.0019732915020237367,4.038848109496757
turbo_lunar_lander_12d,12,ts,logarithmic,decay_uniform_grid_a1,117,93,30,1.5914511182884943,1.662149975584678,0.595003122108463,0.10863221058826866,1.3204524615259987,2.019726886266249,0.0,2.3871904092517107,0.6638578481602695,0.4836287962163153,0.5603148362251683,10.7,17.766666666666666,416.5630401790142,0.01416226962270836,0.001989499929671486,4.221021757274866
turbo_lunar_lander_12d,12,ts,logarithmic,decay_uniform_grid_a1,118,94,30,1.635588891193787,1.6915000442668684,0.6220074299584627,0.11356250010802156,1.3247310099367775,2.170075895666578,0.0,2.4059086732199253,0.6629463246350661,0.4829408562571895,0.559663243402975,10.733333333333333,17.866666666666667,421.37052667355164,0.014940360840409995,0.002005311536292235,4.167613464500755
turbo_lunar_lander_12d,12,ts,logarithmic,decay_uniform_grid_a1,119,95,30,1.5917010299033132,1.7257181394123555,0.6026244123149187,0.11002366144272499,1.3073164407188762,1.9075627389477932,0.0,2.3903395685461364,0.6700463345714938,0.4896190729334788,0.5669151032235329,10.766666666666667,17.933333333333334,426.11384750721044,0.014546364964917301,0.023133740310246745,4.151030755337948
turbo_lunar_lander_12d,12,ts,logarithmic,decay_uniform_grid_a1,12,0,30,2.2106593718795478,2.2407115330443084,0.3965547873468668,0.07240066743884772,1.988724447039785,2.5380856481454894,1.0907761306781327,2.776769492091669,0.9971768750965188,0.9755870863831688,0.9906783619358783,0.0,0.0,30.102336151121804,0.0,0.0013045900656531255,2.3243203794118017
turbo_lunar_lander_12d,12,ts,logarithmic,decay_uniform_grid_a1,120,96,30,1.5937960462141518,1.6194766493590076,0.5891832905833544,0.10756965958587478,1.3355860440444682,2.0344334421031354,0.0,2.392822194441939,0.6690870144289078,0.4890031418974265,0.5662985958974295,10.866666666666667,18.066666666666666,430.50902768503875,0.013804495443279545,0.0019292969101419053,3.9035735940405476
turbo_lunar_lander_12d,12,ts,logarithmic,decay_uniform_grid_a1,121,97,30,1.644306129678554,1.7387329515294478,0.5589505737622411,0.10204994592667824,1.454510511292104,2.042579629547896,0.0,2.3314196772617275,0.6687002375634309,0.48839270126494266,0.5655474567010668,10.9,18.2,434.9418205831355,0.013938353769481182,0.0019182830272863308,3.951002090331167
turbo_lunar_lander_12d,12,ts,logarithmic,decay_uniform_grid_a1,122,98,30,1.6144008189452221,1.7452821562737704,0.5436790221515475,0.09926175482491782,1.40144512690891,1.9388037971639833,0.0,2.3722565037841976,0.6678698834165889,0.4876728006376923,0.5645646444295598,10.966666666666667,18.3,439.1589025121803,0.013924442091956734,0.001974319480359554,3.868310664438953
turbo_lunar_lander_12d,12,ts,logarithmic,decay_uniform_grid_a1,123,99,30,1.608992032008007,1.7606898823550126,0.5555999139508795,0.10143820193960865,1.3476211266561329,2.0505785133957146,0.0,2.3706302184069425,0.6677680996059273,0.48704472283388367,0.5639694353911723,11.033333333333333,18.433333333333334,443.5655303412738,0.013589626535152395,0.001932349381968379,3.9944758894232413
turbo_lunar_lander_12d,12,ts,logarithmic,decay_uniform_grid_a1,124,100,30,1.6096528922250755,1.821855019819953,0.5402519816685588,0.09863606569891238,1.3091393954066326,2.038930647588836,0.0,2.3587929854410588,0.6656191051463316,0.48488251285411416,0.5617037487297474,11.066666666666666,18.533333333333335,448.1924028555552,0.01472765812650323,0.024026183768485983,4.017332349174345
turbo_lunar_lander_12d,12,ts,logarithmic,decay_uniform_grid_a1,125,101,30,1.609880614188586,1.7165268079586147,0.5932390079949761,0.10831012889027866,1.2972822892686604,2.1193385690303654,0.0,2.356852791618835,0.6649685089317454,0.48430520759143886,0.5610965030310927,11.166666666666666,18.666666666666668,452.66143231320507,0.013380659449224671,0.0020166004387040934,4.034043101174757
turbo_lunar_lander_12d,12,ts,logarithmic,decay_uniform_grid_a1,126,102,30,1.6138578958475016,1.8111190234850134,0.5910158626291062,0.107904239935112,1.3719771405728767,1.9878148694796978,0.0,2.3612778530504426,0.6641804315060534,0.48372118776736095,0.5604366050136654,11.166666666666666,18.766666666666666,457.2394424790672,0.01493463828228414,0.0020083833485841753,3.9821064110069226
turbo_lunar_lander_12d,12,ts,logarithmic,decay_uniform_grid_a1,127,103,30,1.65359393407448,1.8415295655435446,0.6017928125053691,0.1098718327845559,1.3858974990320427,2.0669252753415988,0.0,2.5759734079963543,0.6634020548619018,0.48311534931159994,0.5597395855138084,11.2,18.8,462.11420815681726,0.014615118751923244,0.002183046316107114,4.139145391682784
turbo_lunar_lander_12d,12,ts,logarithmic,decay_uniform_grid_a1,128,104,30,1.7040927902207372,1.8251739381839134,0.643500487126201,0.11748657752152768,1.4138135700211103,2.0381890690071507,0.0,3.1483710964110716,0.6627406203189788,0.4825006332321425,0.5591349531143383,11.233333333333333,18.866666666666667,466.60575045148533,0.014654606766998767,0.0021438016556203365,4.074248698664208
turbo_lunar_lander_12d,12,ts,logarithmic,decay_uniform_grid_a1,129,105,30,1.7065348437514993,1.8049992829870614,0.6530323057721266,0.11922684155033493,1.4176842913000298,2.050683801627425,0.0,3.1086634309816326,0.6667512515253686,0.4864163468748919,0.5632738827489692,11.233333333333333,18.9,470.90676660576526,0.015559742227196693,0.02585231199239691,3.7947524280752987
turbo_lunar_lander_12d,12,ts,logarithmic,decay_uniform_grid_a1,13,0,30,2.1624211766836634,2.169847667959323,0.4000469610745641,0.07303824821397663,1.8748445000298197,2.4402882454317654,1.1087561383423163,2.7763907585551406,0.997077015008267,0.9742330654319203,0.9901181193354852,0.0,0.0,32.73891068456384,0.0,0.001298887034257253,2.3031587396593145
turbo_lunar_lander_12d,12,ts,logarithmic,decay_uniform_grid_a1,130,106,30,1.6807321835369036,1.756313300903828,0.6657181730503486,0.1215429534402679,1.4326650513945924,2.0174034182136045,0.0,3.1645212422985187,0.6665642329839596,0.48586303257725466,0.5627221680748596,11.3,18.966666666666665,475.16695321577913,0.013722056119392315,0.001929704441378514,3.7860481834659976
turbo_lunar_lander_12d,12,ts,logarithmic,decay_uniform_grid_a1,131,107,30,1.7215143781130597,1.8577777643017503,0.6736692609745192,0.12299461684452628,1.466667866128227,2.1230001157512284,0.0,3.0362180194784347,0.6664217090056537,0.4852752895665091,0.5623037501005183,11.433333333333334,19.166666666666668,479.51772321330697,0.012804927273343007,0.0019984561018645763,3.83304692817231
turbo_lunar_lander_12d,12,ts,logarithmic,decay_uniform_grid_a1,132,108,30,1.7289049047276175,1.8866911616658322,0.6758320789205191,0.12338949157012666,1.339707769045888,2.1198593508007937,0.0,3.014123255324357,0.666242857351633,0.48468598977585325,0.5617328297434997,11.433333333333334,19.3,483.9914208029862,0.014944187334428231,0.002117645445590218,4.057157304619128
turbo_lunar_lander_12d,12,ts,logarithmic,decay_uniform_grid_a1,133,109,30,1.697255439127096,1.8305700799948814,0.6304054008313926,0.11509575280281324,1.3806352105362034,2.090151671409733,0.0,3.0092113513759973,0.665579744669283,0.4841493206427299,0.5612811479188029,11.433333333333334,19.3,488.6133906340692,0.015085659657294552,0.002099753605822722,4.10956738369229
turbo_lunar_lander_12d,12,ts,logarithmic,decay_uniform_grid_a1,134,110,30,1.7052215030659008,1.8204312903181723,0.6436237832213259,0.11750908820571174,1.3920837970754842,2.082535769257597,0.0,3.16431662539895,0.6657970719789312,0.48391819866038455,0.561037573327608,11.533333333333333,19.4,493.3219544227235,0.014038994737590352,0.026527622683594623,4.160878869347895
turbo_lunar_lander_12d,12,ts,logarithmic,decay_uniform_grid_a1,135,111,30,1.719005268250768,1.7969769196808372,0.6068371033067095,0.11079279007072587,1.3167459573356186,2.0907354838497856,0.0,3.156254803446317,0.6655307581436956,0.48337295488209353,0.5604077943531901,11.533333333333333,19.5,498.01717656337036,0.015206407258907954,0.00217048906100293,4.238562769116834
turbo_lunar_lander_12d,12,ts,logarithmic,decay_uniform_grid_a1,136,112,30,1.7207076694437047,1.7688174285406881,0.6039145536579105,0.11025920794803386,1.3236898068412501,2.1214580880581635,0.0,3.11951078497464,0.6647794899406928,0.4827478723168653,0.5597702354801145,11.533333333333333,19.5,502.58196549251056,0.014996667578816413,0.0021576706630488237,4.138130258986106
turbo_lunar_lander_12d,12,ts,logarithmic,decay_uniform_grid_a1,137,113,30,1.7011437606241244,1.7539890488438608,0.5424229820805215,0.09903243433157405,1.3830802022669784,2.1138003623975057,0.0,2.399404040562298,0.6644502721269023,0.48218857653423114,0.5591834713375315,11.533333333333333,19.5,507.35262487226476,0.015264416051407655,0.0021924549713730813,4.1989226751495154
turbo_lunar_lander_12d,12,ts,logarithmic,decay_uniform_grid_a1,138,114,30,1.5842104871782317,1.5873319475255365,0.5296767799846505,0.0967053068614313,1.235334357793007,2.0150127221530445,0.0,2.376957235769446,0.6642151783934825,0.4816280396680588,0.5585051744338442,11.6,19.566666666666666,511.8456804992476,0.014199087442830206,0.002163909732674559,3.9912210882796595
turbo_lunar_lander_12d,12,ts,logarithmic,decay_uniform_grid_a1,139,115,30,1.6792467103438826,1.7738319933449054,0.5373073702640017,0.09809845566912474,1.3196068475763818,2.0525473791553326,0.0,2.3784336694563644,0.6660599103140933,0.48370557001759296,0.5606563202063918,11.6,19.633333333333333,516.4150465531119,0.015131363567585746,0.027817860416447123,4.060162988957018
turbo_lunar_lander_12d,12,ts,logarithmic,decay_uniform_grid_a1,14,0,30,2.154786439057285,2.1409700023643303,0.3714147224807916,0.06781074056408357,1.8546720315916845,2.392664409051791,1.3656806381213453,2.779667657065398,0.9966224269695563,0.9727196180071898,0.9893869242909837,0.0,0.0,35.34502680742492,0.0,0.0013302707423766453,2.2615963839925826
turbo_lunar_lander_12d,12,ts,logarithmic,decay_uniform_grid_a1,140,116,30,1.6558872931688562,1.7879738357451038,0.5622572052633694,0.10265365148085329,1.2703287954460118,2.0765009789109876,0.0,2.3991681148508275,0.6658449887112146,0.48317050348213036,0.560104109923099,11.666666666666666,19.7,521.1286867382005,0.014170181658118963,0.0022248695449282726,4.205209119385108
turbo_lunar_lander_12d,12,ts,logarithmic,decay_uniform_grid_a1,141,117,30,1.6568632149152334,1.729085129645833,0.5218148719494691,0.09526992540279798,1.3940979406910579,2.009025625389464,0.057135527580471024,2.4415763824577517,0.665456950305938,0.48264575333825915,0.5596542154337885,11.666666666666666,19.766666666666666,525.6719122082926,0.015295349651326735,0.002164768148213625,4.033435915798569
turbo_lunar_lander_12d,12,ts,logarithmic,decay_uniform_grid_a1,142,118,30,1.6365443634420525,1.6408634997466949,0.4726184671108628,0.08628793184337767,1.354538122946128,2.0095838375565376,0.6062853193870448,2.3792317966604037,0.6651639801352724,0.4821255474112848,0.5590416262287388,11.7,19.8,530.1042549901176,0.014584719017148019,0.0020812057269116242,4.049642884125933
turbo_lunar_lander_12d,12,ts,logarithmic,decay_uniform_grid_a1,143,119,30,1.6421249448724586,1.6748550722519084,0.4952251435250057,0.09041532738412636,1.3338065844508615,2.017625281962139,0.5727268470586668,2.3927197727086464,0.6637411654655488,0.48145888286710736,0.5583812989341363,11.7,19.833333333333332,534.6324176293642,0.015355912456288933,0.0022040757195403177,4.099633524054662
turbo_lunar_lander_12d,12,ts,logarithmic,decay_uniform_grid_a1,144,120,30,1.6757047934014786,1.650062379072104,0.4550938568226638,0.0830883903879331,1.413112677813406,2.064455571004802,0.7017464987907021,2.382051216139016,0.6605266173197806,0.4781999280784542,0.554848363779733,11.7,19.833333333333332,539.3978908765596,0.015029567868138353,0.029052977015574775,4.212260452130189
turbo_lunar_lander_12d,12,ts,logarithmic,decay_uniform_grid_a1,145,121,30,1.6508906468712716,1.62375057359285,0.44844480968994904,0.08187444602109879,1.338778440363686,2.0046178181155714,0.621997364243297,2.3675850994130805,0.6601270987970894,0.4776672906935738,0.5542979096217057,11.833333333333334,19.966666666666665,544.1520659080396,0.012967902468517423,0.0020865331093470256,4.236633303295821
turbo_lunar_lander_12d,12,ts,logarithmic,decay_uniform_grid_a1,146,122,30,1.6681426689229781,1.660461120230173,0.4458850086794463,0.0814070924357065,1.3937854033300416,1.9925057627254386,0.6505767851237587,2.3606509744155835,0.6596761750988878,0.47716970483292587,0.5538080857414872,11.9,20.1,548.7972071643143,0.014080952946096658,0.002173556014895439,4.235702360824992
turbo_lunar_lander_12d,12,ts,logarithmic,decay_uniform_grid_a1,147,123,30,1.593610361642977,1.5922067719555226,0.45995107171590954,0.08397519244249335,1.2816925795674936,1.9051277381884328,0.5453589583485654,2.359461536453989,0.6595413811190068,0.4766978571856202,0.5533952797146279,11.933333333333334,20.2,553.4976270889242,0.014938404504209756,0.0023417444434016945,4.268340277004366
turbo_lunar_lander_12d,12,ts,logarithmic,decay_uniform_grid_a1,148,124,30,1.6228270460861538,1.6395243856053265,0.45208404111958184,0.08253887573642935,1.2409419425279782,1.9380792574534818,0.5886798639920428,2.3426695982189587,0.6590794224869544,0.4762650051186202,0.5528217329611127,11.966666666666667,20.266666666666666,558.1408767475281,0.014348731578017275,0.0021500423395385345,4.1246847419068216
turbo_lunar_lander_12d,12,ts,logarithmic,decay_uniform_grid_a1,149,125,30,1.6585893411727923,1.6592703337565835,0.4464947092243476,0.08151840801629505,1.3846310284844914,1.9438097347267052,0.49937531927877177,2.3932353174844185,0.6593802862513857,0.47609222441032756,0.5527034504118735,11.966666666666667,20.3,562.7994146834903,0.014788253527755538,0.029598848071570198,4.199728148989379
turbo_lunar_lander_12d,12,ts,logarithmic,decay_uniform_grid_a1,15,0,30,2.1347991880220576,2.1185131199386142,0.37296349748131596,0.06809350689884598,1.8408286933968911,2.307423651628433,1.290156542048358,2.78755737563226,0.9963141373461718,0.9712580647761323,0.9886452928854991,0.0,0.0,37.96376127665862,0.0,0.0013266002759337425,2.215304219800358
turbo_lunar_lander_12d,12,ts,logarithmic,decay_uniform_grid_a1,150,126,30,1.752448477510124,1.738811761039401,0.45356899201058076,0.08280998943635852,1.3944245594313316,2.1035324932383137,1.0327081288936968,2.609317114556486,0.6591487970611154,0.4755870134729961,0.55213365511641,12.0,20.333333333333332,567.6372565900751,0.014531199354678392,0.0022953742494185767,4.177304713319367
turbo_lunar_lander_12d,12,ts,logarithmic,decay_uniform_grid_a1,151,127,30,1.7731985388586244,1.713383676256034,0.4497992444778144,0.08212173084975999,1.4528030486997492,2.0411590709465672,0.9736626513725171,2.588131841605303,0.6586582686205363,0.4750547491940123,0.5514871737133594,12.0,20.366666666666667,572.2332076064777,0.015068498797093828,0.0022210439822326106,4.172643818287179
turbo_lunar_lander_12d,12,ts,logarithmic,decay_uniform_grid_a1,152,128,30,1.72182982799689,1.6996871182531048,0.5242488570992271,0.09571430825984967,1.2884652847039515,2.0769476796721196,0.80276639493821,2.597635330968739,0.6578805467749204,0.4745599976941837,0.5509539646096181,12.133333333333333,20.5,576.794291454445,0.01339013148099184,0.0023047203353295724,4.112069802203526
turbo_lunar_lander_12d,12,ts,logarithmic,decay_uniform_grid_a1,153,129,30,1.70601516050536,1.7386504046952793,0.5361846375071933,0.0978934736501401,1.2881626163332411,2.1339928016002303,0.6494501660951548,2.5728514699953804,0.6574541615629163,0.4740337968775918,0.5503105914468366,12.166666666666666,20.666666666666668,581.3777972210509,0.014204435547192891,0.002228369563817978,4.139194496798639
turbo_lunar_lander_12d,12,ts,logarithmic,decay_uniform_grid_a1,154,130,30,1.6970943467808792,1.7072549334443976,0.527921986831422,0.0963849269301717,1.2869453401845627,2.028579563719428,0.5540992833627638,2.574442235950532,0.6561948256933656,0.47257368606049777,0.5488128356954535,12.2,20.733333333333334,586.248699797364,0.015018405004714927,0.031125164249291022,4.2061609632025165
turbo_lunar_lander_12d,12,ts,logarithmic,decay_uniform_grid_a1,155,131,30,1.6698283272239394,1.7098244373015166,0.5318026691155573,0.09709343933868221,1.3543186555482207,1.99248370367707,0.4543606137789671,2.718762142976353,0.6557930153802024,0.47211799896734147,0.5484212857104471,12.266666666666667,20.833333333333332,591.0017719563717,0.01407285239547491,0.0023200720238188903,4.260227290960029
turbo_lunar_lander_12d,12,ts,logarithmic,decay_uniform_grid_a1,156,132,30,1.6657983472372229,1.652796277436509,0.5357410944757193,0.09781249414228592,1.3597130274690514,2.0254166269575915,0.6038646576554378,2.7088899157449777,0.6555484843741642,0.47168018124232974,0.5480097793796442,12.3,20.866666666666667,595.7726013882086,0.015215510176494718,0.0023953642696142195,4.3284786704927685
turbo_lunar_lander_12d,12,ts,logarithmic,decay_uniform_grid_a1,157,133,30,1.6850399186326255,1.6696835322359707,0.5449910698890885,0.0995013008723761,1.2835627837184218,2.0471905309550067,0.5476053594788328,2.706168587354722,0.6550776011135835,0.4712094191326888,0.54752065570249,12.333333333333334,20.933333333333334,600.4747547977138,0.014749881128470104,0.002270909119397402,4.2819186217927685
turbo_lunar_lander_12d,12,ts,logarithmic,decay_uniform_grid_a1,158,134,30,1.7045633607965476,1.6023947112513044,0.5650755993006771,0.1031682174775771,1.3154048291954896,2.031263979907523,0.6232120986387284,2.9868704880838033,0.6538067776037778,0.4707705679347007,0.5470720565847387,12.366666666666667,21.0,605.2794097794686,0.01623408552259207,0.0024019348435103892,4.3008407736817995
turbo_lunar_lander_12d,12,ts,logarithmic,decay_uniform_grid_a1,159,135,30,1.6872190843155563,1.6211752306699787,0.6585928191510203,0.12024204775331139,1.3174887056475066,2.0224384572476692,0.0,3.148661215960276,0.6545981290980449,0.4714831525446697,0.547838207094838,12.4,21.066666666666666,609.9785325691724,0.015959118911996483,0.032565855560824274,4.217413870586703
turbo_lunar_lander_12d,12,ts,logarithmic,decay_uniform_grid_a1,16,0,30,2.1075148702959936,2.11749211157533,0.366120683037318,0.0668441856229127,1.881068205428724,2.2893746555309353,1.135735755309334,2.832314316644396,0.9960433785475872,0.9700005941429422,0.9879774141683791,0.0,0.0,40.605576738001155,0.0,0.001354637664432327,2.2972019859589636
turbo_lunar_lander_12d,12,ts,logarithmic,decay_uniform_grid_a1,160,136,30,1.679574016473338,1.6986462150697341,0.6816728248568951,0.1244558610041299,1.2653190075769207,2.0777211328920133,0.0,3.1080558256662463,0.6542595995980169,0.4710100969575565,0.5472751293165173,12.433333333333334,21.133333333333333,614.7465271226131,0.016382067883387207,0.0023913560435175896,4.3646811494758975
turbo_lunar_lander_12d,12,ts,logarithmic,decay_uniform_grid_a1,161,137,30,1.754058628195218,1.6699839466689825,0.6314026928401044,0.11527783257934361,1.3852155277664033,2.160993390687653,0.10539387130782307,3.1861289852591623,0.6538446609901261,0.4705161821783481,0.5466661011053694,12.433333333333334,21.166666666666668,619.6209569307199,0.016688811841110388,0.002299284174417456,4.302141636315112
turbo_lunar_lander_12d,12,ts,logarithmic,decay_uniform_grid_a1,162,138,30,1.7479052794494312,1.6453872768491542,0.6205522300988613,0.11329681817842754,1.3951707510479343,2.2366607035208586,0.3821733449510447,3.177364694381443,0.653681001125495,0.47001828135074336,0.5459486780230972,12.433333333333334,21.166666666666668,624.3807813749804,0.017174843683217964,0.00240188577833275,4.205375133796284
turbo_lunar_lander_12d,12,ts,logarithmic,decay_uniform_grid_a1,163,139,30,1.727613975242149,1.7035262304947203,0.6252960643648444,0.11416291985727585,1.3272807715303654,2.115396295775672,0.3448568186179468,3.2613320635946703,0.6535659748758048,0.4695842317201331,0.5455679032132023,12.433333333333334,21.166666666666668,629.2176406876805,0.016845745453611016,0.0023696640816827613,4.272163099376485
turbo_lunar_lander_12d,12,ts,logarithmic,decay_uniform_grid_a1,164,140,30,1.7381569774401902,1.7378534318403394,0.6506771022134428,0.11879684217813241,1.4591669491674484,2.1550848239791183,0.18372750316909325,3.1945641691951137,0.6549716844153614,0.47041205024523075,0.5465064531192625,12.466666666666667,21.2,634.0270957450692,0.016602087036396065,0.035795926085362834,4.358354576475297
turbo_lunar_lander_12d,12,ts,logarithmic,decay_uniform_grid_a1,165,141,30,1.7216410371420359,1.6969222096930534,0.5928924662580501,0.10824685931480155,1.3077376907799103,2.1979504634026714,0.23418124826980113,2.7777364651608307,0.6536380415077523,0.46992432966490616,0.545863241298227,12.533333333333333,21.3,638.9884209011526,0.015253067016601562,0.0024409402006616196,4.430483566783368
turbo_lunar_lander_12d,12,ts,logarithmic,decay_uniform_grid_a1,166,142,30,1.7554610381197253,1.7242235384441655,0.6409370018772912,0.1170185512893078,1.3420448769881554,2.2191641928086625,0.23898484829042244,3.1935044936707913,0.6533620491182918,0.469387492320962,0.545261551457968,12.633333333333333,21.466666666666665,643.7643684381153,0.014894260031481584,0.0023604719589153927,4.233481695999702
turbo_lunar_lander_12d,12,ts,logarithmic,decay_uniform_grid_a1,167,143,30,1.7101354932981883,1.7300549420428366,0.6355909958933539,0.11604250859932111,1.365631138574156,2.225050071075881,0.21311224381613236,2.7513516717963746,0.6531464071698887,0.4689332901065761,0.5448673647628446,12.633333333333333,21.566666666666666,648.6313298288422,0.016700458573177458,0.002404721484829982,4.396828707540408
turbo_lunar_lander_12d,12,ts,logarithmic,decay_uniform_grid_a1,168,144,30,1.7455669731304382,1.7045332722523239,0.6587338584220885,0.12026779788339745,1.3734209549909182,2.2488269414818305,0.11607938926857475,3.26145502782916,0.6527922058945633,0.46850355908851726,0.5444175388960326,12.666666666666666,21.6,653.4710030667794,0.01660900398467978,0.0024033828793714445,4.358495963768413
turbo_lunar_lander_12d,12,ts,logarithmic,decay_uniform_grid_a1,169,145,30,1.6413887272387815,1.6235717638754181,0.7334762142679854,0.13391382264935606,1.2929500332420516,2.1008515395636476,0.0,3.248302188731275,0.653441684985919,0.46896601106634656,0.5447510470698226,12.7,21.666666666666668,658.4404709866116,0.01639718300042053,0.03677000519819558,4.397691179796433
turbo_lunar_lander_12d,12,ts,logarithmic,decay_uniform_grid_a1,17,0,30,2.099757838105531,2.110022740220339,0.3828710086523443,0.0699023626845482,1.873366464527005,2.3150564028909124,1.0023537683350885,2.8299922076114465,0.9959122692309682,0.9688942266809756,0.9873643256895525,0.0,0.0,43.15907798159557,0.0,0.0013339737119774024,2.2030673563169936
turbo_lunar_lander_12d,12,ts,logarithmic,decay_uniform_grid_a1,170,146,30,1.657108129326013,1.6942828138732855,0.6917131469391457,0.12628896463381853,1.3650045864836442,2.1972021159701374,0.0,2.7540869566133326,0.6529498590038448,0.4685122087926581,0.5443460811073546,12.7,21.7,663.3329036544233,0.01723231969711681,0.0025590140372514724,4.372774217355375
turbo_lunar_lander_12d,12,ts,logarithmic,decay_uniform_grid_a1,171,147,30,1.661607617826595,1.6807658391982399,0.6806947946091997,0.12427729792793486,1.4066089569011782,2.1565623365831703,0.0,2.7322986991068707,0.6527135202450308,0.4681322997871902,0.5439783474872646,12.733333333333333,21.733333333333334,668.3081044560298,0.01665344020972649,0.0025417059970398743,4.4266442597843705
turbo_lunar_lander_12d,12,ts,logarithmic,decay_uniform_grid_a1,172,148,30,1.686878173050446,1.6682808691544562,0.5769052342453983,0.1053280034463355,1.4485984816497632,2.0347622082557084,0.0,2.7351662358608135,0.6526262284238125,0.4677396726366031,0.5434599371898193,12.733333333333333,21.766666666666666,673.1594853170682,0.01634722910821438,0.0025204438560952743,4.415263186565911
turbo_lunar_lander_12d,12,ts,logarithmic,decay_uniform_grid_a1,173,149,30,1.6816969480494506,1.6145044138393494,0.6603120242511192,0.12055593022474544,1.3628092599902633,2.1082006779670732,0.0,3.284427994945512,0.652232631692105,0.4673204434696802,0.5429621708841842,12.733333333333333,21.766666666666666,677.9942873986438,0.016630655604725084,0.0026444394296656053,4.402425844113653
turbo_lunar_lander_12d,12,ts,logarithmic,decay_uniform_grid_a1,174,150,30,1.6718498195531981,1.6503892117144017,0.6223474989319866,0.11362458792399044,1.356795131802514,1.9838480836093058,0.0,2.986026588339043,0.6525725123986222,0.46744286183027844,0.5430811287954095,12.766666666666667,21.8,683.0047282295612,0.015895744568357864,0.03850288479588926,4.4746214846614745
turbo_lunar_lander_12d,12,ts,logarithmic,decay_uniform_grid_a1,175,151,30,1.6864068798602396,1.6398272302234433,0.6402977320028418,0.11690183711245132,1.398461515494129,2.0326627465431932,0.0,3.002467068214909,0.6522164946649909,0.4669682490184376,0.542506668032841,12.8,21.866666666666667,688.0291615585176,0.015859888851021728,0.0026157281982402006,4.513821101157616
turbo_lunar_lander_12d,12,ts,logarithmic,decay_uniform_grid_a1,176,152,30,1.6431997986581233,1.6534688373236126,0.6236930429715423,0.11387024953151753,1.2986070901088778,2.0150989923195026,0.0,2.9592680040705828,0.6517610796415189,0.4665222704664357,0.5419830536487964,12.866666666666667,21.966666666666665,693.0381763226818,0.015150820976123214,0.0025291419277588528,4.5630931471474465
turbo_lunar_lander_12d,12,ts,logarithmic,decay_uniform_grid_a1,177,153,30,1.679827395205777,1.7494553361485243,0.597901617073517,0.1091614009466604,1.378395824392978,2.007731906406924,0.0,2.9093239949671275,0.6513856860002332,0.4660932887092046,0.5415257505008735,12.866666666666667,22.033333333333335,697.9696883384914,0.01620304971002042,0.002526566758751869,4.457056865949805
turbo_lunar_lander_12d,12,ts,logarithmic,decay_uniform_grid_a1,178,154,30,1.712447324152066,1.7470273939061147,0.5948664743158438,0.10860726222878506,1.4893312859287788,2.0091760413691597,0.0,3.000117499695169,0.6510728510972298,0.46563619083640756,0.5411313946747222,12.866666666666667,22.033333333333335,702.8046899823472,0.01614548216263453,0.002556233278786143,4.454810857214033
turbo_lunar_lander_12d,12,ts,logarithmic,decay_uniform_grid_a1,179,155,30,1.6508022448237183,1.6511411807957188,0.6178289689950004,0.11279962099957386,1.369072557719683,2.0002738202466874,0.0,3.0362495502640607,0.6508865558367068,0.46525196136945446,0.540761649163475,12.9,22.066666666666666,707.8159331171153,0.015856161015108228,0.041568527044728396,4.528940398866932
turbo_lunar_lander_12d,12,ts,logarithmic,decay_uniform_grid_a1,18,0,30,2.0920062495202365,2.111017479782991,0.33864160291830364,0.0618272149426874,1.8708896179771348,2.3034307913698533,1.2088720059724667,2.759462209735169,0.9957094485013225,0.9675855483758339,0.9866311169886459,0.0,0.0,45.70023088430365,0.0,0.0012812526430934668,2.1513629861641674
turbo_lunar_lander_12d,12,ts,logarithmic,decay_uniform_grid_a1,180,156,30,1.6131054869177084,1.6872283958755592,0.6787017287415967,0.12391341554984162,1.3537873417811603,1.9805097261659474,0.0,3.035283415014919,0.6504053477810731,0.46483830830596673,0.5402743654721508,12.933333333333334,22.133333333333333,713.1131616317047,0.015956972337638337,0.0027245265586922566,4.6806122860871255
turbo_lunar_lander_12d,12,ts,logarithmic,decay_uniform_grid_a1,181,157,30,1.6632539916439208,1.7252685881729786,0.623779343848538,0.11388600584387187,1.3127236551238524,2.03156402667944,0.0,2.984054217144008,0.6500074300952446,0.4644301901588852,0.5398507310729478,13.0,22.233333333333334,718.1826920697775,0.015076271708433826,0.0025765974074602126,4.631497829562674
turbo_lunar_lander_12d,12,ts,logarithmic,decay_uniform_grid_a1,182,158,30,1.6683921694572654,1.7523684119979923,0.6226373405994963,0.11367750553045709,1.2740693470860383,2.0396753581113933,0.0,2.9725751678388717,0.6495488483507523,0.4640424615522836,0.5394619801148756,13.066666666666666,22.366666666666667,723.2522197826299,0.015451102160538237,0.0025786605197936296,4.6335611751613515
turbo_lunar_lander_12d,12,ts,logarithmic,decay_uniform_grid_a1,183,159,30,1.6341878271428067,1.642166462426459,0.5970557525394956,0.1090069679180347,1.3381832895464063,1.985452356015604,0.0,2.619732119276946,0.6489977055958033,0.4636029477707862,0.5389505464344405,13.1,22.466666666666665,728.2439143646974,0.016064791458969316,0.0026354024031509955,4.568126640003174
turbo_lunar_lander_12d,12,ts,logarithmic,decay_uniform_grid_a1,184,160,30,1.6426505572233043,1.7223370714107546,0.6151022920533264,0.11230180017691252,1.3089622846404594,1.9898734289934574,0.0,2.6512425046001558,0.6479270807261234,0.46229862385566456,0.5376988355815115,13.133333333333333,22.533333333333335,733.2457446122852,0.01618182019641002,0.04341902329276005,4.553399923924977
turbo_lunar_lander_12d,12,ts,logarithmic,decay_uniform_grid_a1,185,161,30,1.698818186563235,1.6469931584575814,0.5233775456660166,0.09555522928432249,1.3744971714634757,2.009559406952454,0.3490348335139686,2.6258542898036037,0.6477362431307596,0.4618966712239901,0.5372902579467319,13.133333333333333,22.566666666666666,738.323909397206,0.015997860409940282,0.0025948592461645602,4.598763827839866
turbo_lunar_lander_12d,12,ts,logarithmic,decay_uniform_grid_a1,186,162,30,1.6558568402753455,1.6639373924395784,0.6494404426514387,0.11857106006544439,1.3368254654248477,2.070913191106743,0.0,3.264356317522587,0.6473398326797551,0.46151503031404173,0.5368388407495549,13.133333333333333,22.566666666666666,743.3791755108318,0.01599260619841516,0.0026904015025744836,4.526651586281757
turbo_lunar_lander_12d,12,ts,logarithmic,decay_uniform_grid_a1,187,163,30,1.6226133213805742,1.6574489977576667,0.5620840197994642,0.10262203228578232,1.3485479079290488,1.9745237845573977,0.0,2.4918939761234364,0.6472440131135819,0.4610727170441822,0.5362475963495271,13.166666666666666,22.6,748.3862171333749,0.016005105478689073,0.002713941658536593,4.510525337699801
turbo_lunar_lander_12d,12,ts,logarithmic,decay_uniform_grid_a1,188,164,30,1.6372432567586606,1.7055640262407843,0.6099380799019697,0.11135894834789907,1.3013725659085118,1.9999551754858846,0.0,3.1413696279301204,0.6468595464768466,0.4606737176995839,0.5356471863598968,13.233333333333333,22.633333333333333,753.3614929480943,0.015746406853819887,0.0028202037637432417,4.514652513479814
turbo_lunar_lander_12d,12,ts,logarithmic,decay_uniform_grid_a1,189,165,30,1.6504265156588267,1.659346757165394,0.6085920482094963,0.11111319770753755,1.3746945745144155,1.9771195128892702,0.0,3.1431371507697032,0.6470831718421676,0.4606168930527134,0.5356605924142779,13.233333333333333,22.7,758.2931126184451,0.016589009932552776,0.04415598454264303,4.406078388619547
turbo_lunar_lander_12d,12,ts,logarithmic,decay_uniform_grid_a1,19,0,30,2.0804840658667922,2.12933069587867,0.3391846870726449,0.061926368090006165,1.870570543226884,2.277441225842643,1.1501422677106037,2.7184779824824505,0.9955179886383606,0.9663557325210144,0.9860669594507968,0.0,0.0,48.340507530452065,0.0,0.0013210418944557508,2.284199933226531
turbo_lunar_lander_12d,12,ts,logarithmic,decay_uniform_grid_a1,190,166,30,1.666774317701671,1.6642639642263064,0.6369231632888659,0.11628572797695272,1.2605210909634952,2.0127759032132833,0.0,3.215535815325683,0.6458819020847049,0.4602448050256521,0.5352500753075559,13.233333333333333,22.7,763.339847212052,0.016535681889702877,0.0027756605452547473,4.483969874959439
turbo_lunar_lander_12d,12,ts,logarithmic,decay_uniform_grid_a1,191,167,30,1.670120743407814,1.75633485849117,0.6432352495568395,0.11743815198824864,1.3121694069088956,2.0232826024282877,0.0,3.182774259358387,0.6453008842474518,0.4597706225078758,0.534726317256646,13.266666666666667,22.733333333333334,768.3412955279151,0.015975705192734797,0.002729130924368898,4.587521392805502
turbo_lunar_lander_12d,12,ts,logarithmic,decay_uniform_grid_a1,192,168,30,1.6990929208858716,1.749303110717972,0.6328049528370109,0.11553384905660788,1.359585299320703,2.0221198908280837,0.0,3.1420051702214327,0.6448238197874295,0.4594600366710555,0.534350211740427,13.3,22.8,773.2873395511259,0.01611174743932982,0.0028620041130731503,4.468451536431288
turbo_lunar_lander_12d,12,ts,logarithmic,decay_uniform_grid_a1,193,169,30,1.6048144281501489,1.6869354825579175,0.6957825032358936,0.12703192404657007,1.2427765567707072,2.001849662371494,0.0,3.14500552525886,0.644407905923004,0.45906278859867417,0.5339921965419128,13.3,22.833333333333332,778.2270884417618,0.0163014889229089,0.0026603936993827423,4.458007256888474
turbo_lunar_lander_12d,12,ts,logarithmic,decay_uniform_grid_a1,194,170,30,1.6130617557686076,1.6160478200434174,0.6787547561508634,0.12392309698591543,1.240397944766398,2.0050277052834518,0.0,3.1094920017316765,0.6425141546140428,0.4575686785125621,0.5323265119108719,13.3,22.833333333333332,783.1750045007095,0.017315703009565673,0.047832559002563356,4.515266250337785
turbo_lunar_lander_12d,12,ts,logarithmic,decay_uniform_grid_a1,195,171,30,1.6014089921297008,1.6694858207562642,0.5668262427367194,0.10348783977760002,1.2745240456346807,1.935479062166129,0.0,2.692772607801156,0.6416727687652993,0.4571651199297725,0.5319472546193281,13.3,22.833333333333332,788.3759508335341,0.016585870288933317,0.002691625989973545,4.580133187460403
turbo_lunar_lander_12d,12,ts,logarithmic,decay_uniform_grid_a1,196,172,30,1.6211407297684164,1.717312360673461,0.5467682832130547,0.09982577414805444,1.3322756300247378,1.965787126343217,0.0,2.6971732229091394,0.640532820980379,0.45685092582556996,0.5316588089639719,13.333333333333334,22.866666666666667,793.516876695631,0.01575225256383419,0.0028968002802381913,4.660705035071199
turbo_lunar_lander_12d,12,ts,logarithmic,decay_uniform_grid_a1,197,173,30,1.614275265789676,1.6842665097602976,0.5277991823391117,0.09636250599997126,1.3554437283048344,1.9871074432380018,0.0,2.5014133935487974,0.6394496774963854,0.456462183061633,0.5311771370814857,13.366666666666667,22.933333333333334,798.5388706461993,0.016054841813941796,0.002820131244758765,4.5013905383025605
turbo_lunar_lander_12d,12,ts,logarithmic,decay_uniform_grid_a1,198,174,30,1.61137085962602,1.7474912845112467,0.5473375966110507,0.09992971607817855,1.2955559784569872,1.9788606986062875,0.0,2.587388723792504,0.6392410852809702,0.4560893981718731,0.5308297606337458,13.4,23.0,803.6585912380833,0.016159374406561254,0.0028216180857270957,4.640261820113907
turbo_lunar_lander_12d,12,ts,logarithmic,decay_uniform_grid_a1,199,175,30,1.6436491816059404,1.7431548696445398,0.5529865534445865,0.1009610697728787,1.3580546103308775,1.9988278277810092,0.0,2.6662890782378263,0.6392930676222705,0.45601501481926104,0.5307011305635079,13.4,23.033333333333335,808.8629913648435,0.01719690867078801,0.05136360926553607,4.617957434058189
turbo_lunar_lander_12d,12,ts,logarithmic,decay_uniform_grid_a1,2,0,30,2.885570233135184,2.8293080899717786,0.4982639284972421,0.09097013107636022,2.517399148613383,3.238257766184881,1.8437588878566724,3.9886089859838023,0.9996801932678034,0.9944561142072189,0.9987245304408059,0.0,0.0,3.0631577272433788,0.0,0.0013186746587355931,1.8470811681821941
turbo_lunar_lander_12d,12,ts,logarithmic,decay_uniform_grid_a1,20,0,30,2.061611883645981,2.104385787790042,0.34075255035328955,0.06221261945197055,1.8126988241714181,2.2639419317645997,1.110178421976981,2.7188176888560056,0.9951943940238099,0.9650347806448117,0.9853139315771867,0.0,0.0,51.185400660568845,0.0,0.0014094720128923655,2.44181759567
turbo_lunar_lander_12d,12,ts,logarithmic,decay_uniform_grid_a1,200,176,30,1.6168467272394134,1.7370273426162723,0.5099517882638702,0.09310403255740665,1.3559460973951087,1.9557761422047277,0.0,2.493548669298732,0.6390585453195935,0.45565487160422974,0.5303364967363385,13.433333333333334,23.066666666666666,813.8467544757295,0.015835201057295006,0.0029097119811922314,4.495322224451229
turbo_lunar_lander_12d,12,ts,logarithmic,decay_uniform_grid_a1,201,177,30,1.6397844378663042,1.7208442299698268,0.4936050049323062,0.0901195318996243,1.4198005287096507,1.9845622133183412,0.0,2.496778399514693,0.6389041202043148,0.45535420190652,0.5301113815802879,13.466666666666667,23.133333333333333,818.9014634445465,0.015941118448972703,0.0028163596522063016,4.602159452764317
turbo_lunar_lander_12d,12,ts,logarithmic,decay_uniform_grid_a1,202,178,30,1.6842495381086893,1.8234106733142088,0.5413290728398026,0.09883271474257234,1.404744118427034,1.999926949235613,0.0,2.526392231801954,0.6381921131953445,0.45498780782262643,0.5296791694538584,13.466666666666667,23.166666666666668,824.2034615320774,0.016534705537681778,0.002884352688367168,4.762943685473874
turbo_lunar_lander_12d,12,ts,logarithmic,decay_uniform_grid_a1,203,179,30,1.6835133839883072,1.8458324480209893,0.561263498984055,0.10247222636594827,1.380819280120385,2.039970900812454,0.0,2.469879933175867,0.6380461998759522,0.45461259299533097,0.5292770567154967,13.5,23.2,829.3375306332174,0.016087070650731523,0.0030045573599636554,4.719290528167039
turbo_lunar_lander_12d,12,ts,logarithmic,decay_uniform_grid_a1,204,180,30,1.7221839397454948,1.7642235112201317,0.5710162049056209,0.10425281870926688,1.4825761791595937,2.050991883017942,0.0,2.6149068745883506,0.6363569306313119,0.4540391000779273,0.5285998302222459,13.533333333333333,23.266666666666666,834.5012414968107,0.016506850455577173,0.058023752411827445,4.742102124759307
turbo_lunar_lander_12d,12,ts,logarithmic,decay_uniform_grid_a1,205,181,30,1.6748257541464326,1.7669840881061247,0.5185562795569758,0.09467499054977023,1.387827444160945,1.9950903402170912,0.0,2.4989798161913335,0.6361221189420746,0.45369273198341087,0.5282339220801747,13.533333333333333,23.3,839.9249080892807,0.016670184768736364,0.0030249775232126315,4.817661874260133
turbo_lunar_lander_12d,12,ts,logarithmic,decay_uniform_grid_a1,206,182,30,1.6951788019890333,1.7458636868619624,0.5410905710068289,0.098789170464597,1.4586359790386751,2.023959465370897,0.0,2.4892598713887035,0.6360478455665228,0.4533350000420525,0.5278073735682284,13.566666666666666,23.333333333333332,845.0681880938511,0.016302882274612785,0.002990166703239083,4.6733626475247245
turbo_lunar_lander_12d,12,ts,logarithmic,decay_uniform_grid_a1,207,183,30,1.7057444335242051,1.7730170598392188,0.5566486415504021,0.10162967252725423,1.382757295580689,2.0219223662071273,0.0,2.555183120260999,0.6353649665247212,0.45296239981803993,0.5272896735039942,13.6,23.4,850.0358879744696,0.0162323745743682,0.003008545283228159,4.5649222677884005
turbo_lunar_lander_12d,12,ts,logarithmic,decay_uniform_grid_a1,208,184,30,1.6907948900113021,1.850578049308857,0.5454386929766846,0.09958302529315492,1.4247358790316325,2.0093470607225967,0.0,2.4543664580791966,0.6348686153425483,0.45261304719890477,0.5269458100888685,13.633333333333333,23.466666666666665,855.3372635380521,0.016203030928348502,0.002994422505920132,4.756715121337523
turbo_lunar_lander_12d,12,ts,logarithmic,decay_uniform_grid_a1,209,185,30,1.676281177560565,1.7747136897626423,0.515232983669715,0.0940682425088646,1.4480997218132454,2.0003236805380844,0.0,2.5191465322128304,0.6343984468157872,0.4522549437291084,0.5265783655659396,13.666666666666666,23.533333333333335,860.4606740513816,0.016621550653750698,0.055939907549570005,4.635747437225655
turbo_lunar_lander_12d,12,ts,logarithmic,decay_uniform_grid_a1,21,0,30,2.0103557832540613,2.1196253294823966,0.45621493106484673,0.0832930696049603,1.8201512959423876,2.2685593450080273,0.35543964366029956,2.6623164610743437,0.9950198861468054,0.9639788771103057,0.9847182647098223,0.0,0.0,54.00328535279259,0.0,0.0013647188432514667,2.4046254497797537
turbo_lunar_lander_12d,12,ts,logarithmic,decay_uniform_grid_a1,210,186,30,1.7170089650498472,1.7950219570022488,0.562214800902203,0.10264590953913746,1.4186879951898195,2.087341835714585,0.0,2.5780107837167923,0.6343194228704969,0.4519288739399698,0.5262191670785702,13.7,23.6,865.4711899524399,0.01622882829979062,0.0031067639434089263,4.591511081842085
turbo_lunar_lander_12d,12,ts,logarithmic,decay_uniform_grid_a1,211,187,30,1.7325652014401203,1.7745656235158855,0.5762319153305243,0.10520507279364504,1.36653296438512,2.1251181148893226,0.0,2.5216177887740674,0.6340957029721069,0.4516079747749686,0.5259393284061782,13.7,23.633333333333333,870.5936750261889,0.01641553974089523,0.0029663536697626114,4.538504075755676
turbo_lunar_lander_12d,12,ts,logarithmic,decay_uniform_grid_a1,212,188,30,1.7470147288468538,1.7996310326105927,0.53417488238645,0.09752654424524256,1.5228154867149133,2.0817610073120973,0.0,2.5519922908709134,0.632452779020948,0.4512643544047957,0.5254930595173984,13.7,23.633333333333333,875.8477765230928,0.016642470316340526,0.00306456006752948,4.683704383221144
turbo_lunar_lander_12d,12,ts,logarithmic,decay_uniform_grid_a1,213,189,30,1.8113008216581987,1.8325775770429695,0.4149160855638886,0.07575296651169514,1.5815935122110087,2.0941166983817867,0.8729560808893417,2.472926358669847,0.6322481031895699,0.4508714304760513,0.5249966541290197,13.7,23.633333333333333,881.0050756448259,0.016841596597805618,0.003069968552639087,4.741089865906785
turbo_lunar_lander_12d,12,ts,logarithmic,decay_uniform_grid_a1,214,190,30,1.731092829021332,1.8121114602770176,0.5953776218154835,0.1087005845673734,1.4645178168335669,2.16994450033456,0.0,2.6686528026941936,0.6333065783767474,0.4516358069099935,0.5256610187225,13.733333333333333,23.666666666666668,886.0904044095116,0.0160158916686972,0.05630819054010014,4.618974042544141
turbo_lunar_lander_12d,12,ts,logarithmic,decay_uniform_grid_a1,215,191,30,1.7287101638980107,1.8327840279212828,0.5858349094292993,0.10695833162280771,1.4890848011812177,2.0807221568304795,0.0,2.5652190280136287,0.6331653498963136,0.4512840131843912,0.5254010339466061,13.733333333333333,23.7,891.1679256312084,0.016267895636459192,0.00295527926646173,4.583346954733133
turbo_lunar_lander_12d,12,ts,logarithmic,decay_uniform_grid_a1,216,192,30,1.7803842525898512,1.8372767507614647,0.5536761478924084,0.10108697191774617,1.470225190487255,2.1447260778690405,0.0,2.5613577936810836,0.6324039720143801,0.4509656781569669,0.5250323049009293,13.766666666666667,23.733333333333334,896.2258832607108,0.01666667340323329,0.0031224926312764484,4.609254967281595
turbo_lunar_lander_12d,12,ts,logarithmic,decay_uniform_grid_a1,217,193,30,1.7878729932960828,1.8134936829142967,0.4117158901527288,0.07516869343998955,1.5718026839742496,2.0496811987886474,0.7465332387198598,2.486708962376447,0.63189419849514,0.450648894393748,0.5248366571840634,13.766666666666667,23.766666666666666,901.6781784954791,0.017042864036435883,0.003167847404256463,4.997500113568579
turbo_lunar_lander_12d,12,ts,logarithmic,decay_uniform_grid_a1,218,194,30,1.7139328109824499,1.816045769692423,0.5197460806877819,0.09489221752253278,1.5844049756314982,2.05847313352267,0.0,2.487869132633127,0.6317593010068455,0.45032482890256953,0.5244971998744635,13.833333333333334,23.833333333333332,906.9766000221639,0.016213678071896234,0.003256709889198343,4.7749807387124745
turbo_lunar_lander_12d,12,ts,logarithmic,decay_uniform_grid_a1,219,195,30,1.7101512321042232,1.7590431643011692,0.5348228835707903,0.09764485253389366,1.5295767613458036,2.023494319898595,0.0,2.521381638316246,0.6323538050726724,0.45072927323890716,0.5249406084947048,13.833333333333334,23.9,912.2059515092211,0.016491467614347735,0.05578261388776203,4.69781244827124
turbo_lunar_lander_12d,12,ts,logarithmic,decay_uniform_grid_a1,22,0,30,2.018812395918843,2.0954128147140247,0.4247300673108744,0.07754474623895116,1.8243497978773924,2.256515884138674,0.4386501698383287,2.6667800721842894,0.9947753131421503,0.9627320698773395,0.9839994741725716,0.0,0.0,56.758132553643854,0.0,0.0013899083404491344,2.406937034862737
turbo_lunar_lander_12d,12,ts,logarithmic,decay_uniform_grid_a1,220,196,30,1.7390203768253933,1.7955964249299352,0.5047431364503724,0.092153067193259,1.5498272647402782,2.0572856904383565,0.0,2.5266872935192826,0.6321993334529118,0.45039537634842997,0.5246171340603106,13.866666666666667,23.933333333333334,917.3137765570854,0.0163800362808009,0.0033066042388478914,4.719479988592988
turbo_lunar_lander_12d,12,ts,logarithmic,decay_uniform_grid_a1,221,197,30,1.7558699661996142,1.7932364312185691,0.5037812443249986,0.09197745052160773,1.5759575501303003,2.057192774886948,0.0,2.505889141122504,0.6320739228150415,0.45005996624071004,0.5242581154839608,13.866666666666667,23.966666666666665,922.4479368575693,0.016635989599550764,0.0030928750988096,4.6477634056626504
turbo_lunar_lander_12d,12,ts,logarithmic,decay_uniform_grid_a1,222,198,30,1.7912422345622296,1.7996182443171416,0.3913095160825091,0.0714430163082736,1.465429330508504,2.0573080931648,1.0565990805801104,2.5106560016575563,0.6318409975222377,0.44975589434464164,0.5238965707056473,13.866666666666667,23.966666666666665,927.780253943149,0.01670123664662242,0.0032268442679196595,4.764956722579275
turbo_lunar_lander_12d,12,ts,logarithmic,decay_uniform_grid_a1,223,199,30,1.7621808290886538,1.6899624142866672,0.40196174412921915,0.07338783817123103,1.5100539563057502,2.024571083683882,0.8654445618136004,2.5082962809960394,0.6316588593552991,0.44945421069854175,0.5235831535527764,13.9,24.0,932.9537775493383,0.016588215079779426,0.0031926474533975125,4.709576238909116
turbo_lunar_lander_12d,12,ts,logarithmic,decay_uniform_grid_a1,224,200,30,1.7481066927185587,1.7174673666084064,0.43541251775102957,0.07949508593078582,1.39434770623131,2.0589417503121688,0.8920496042453734,2.4996975458663746,0.6321566149028789,0.4505235840102905,0.5248014582488177,13.966666666666667,24.1,938.254048743875,0.01606627426420649,0.06254407037049532,4.756420947285369
turbo_lunar_lander_12d,12,ts,logarithmic,decay_uniform_grid_a1,225,201,30,1.753444283726035,1.7173858373353172,0.39843526527265494,0.07274399416512929,1.535687132315718,2.066271160550793,0.8556946655460533,2.496339133565665,0.6317515435357998,0.4502136742457481,0.5243676834090092,13.966666666666667,24.166666666666668,943.5746303388848,0.01675830315798521,0.0032217167473087708,4.861447375205656
turbo_lunar_lander_12d,12,ts,logarithmic,decay_uniform_grid_a1,226,202,30,1.7507855960556613,1.730507502681644,0.4064156682035623,0.07420100973287538,1.504032023627382,2.0101229612224714,0.742511287446542,2.511800544932724,0.631688845228844,0.4499415742686097,0.5241743958232007,13.966666666666667,24.166666666666668,949.0146126626836,0.016780458840851983,0.003247102303430438,4.769400398169334
turbo_lunar_lander_12d,12,ts,logarithmic,decay_uniform_grid_a1,227,203,30,1.7941090893143496,1.7614146337026744,0.4005797052156987,0.07313551354180267,1.514194467091904,2.1094756818226634,0.9936133069970092,2.501220150538029,0.6316091841183248,0.4496217279465321,0.5237730784277866,14.0,24.2,954.3366288078173,0.01650621268587808,0.0032478791661560537,4.874051380250603
turbo_lunar_lander_12d,12,ts,logarithmic,decay_uniform_grid_a1,228,204,30,1.7722100308692719,1.8008349721196888,0.3822458357782407,0.06978822225605257,1.56467243912581,2.080891821223326,0.8569897335389025,2.3859780927262166,0.631075235848789,0.4492976148566235,0.5233917305093833,14.033333333333333,24.266666666666666,959.5644027655944,0.016221912391483784,0.0031119223684072496,4.763424542810147
turbo_lunar_lander_12d,12,ts,logarithmic,decay_uniform_grid_a1,229,205,30,1.7780301839733694,1.7335759109560618,0.3925006878838597,0.07166049353009488,1.5445911062084536,2.0735281447045977,0.9253312974554833,2.4977441597146752,0.6293420477186478,0.4477024676132527,0.5216480034538603,14.066666666666666,24.333333333333332,964.7740931199709,0.016404600922639172,0.06282915089589854,4.758572479787593
turbo_lunar_lander_12d,12,ts,logarithmic,decay_uniform_grid_a1,23,0,30,2.029291854648789,2.0924241953842992,0.4307785176434424,0.07864903713398352,1.8221556810613653,2.2998905622316252,0.4639975490151611,2.646881173905956,0.994474263862337,0.9616650611612246,0.9833508850634076,0.0,0.0,59.43103700233623,0.0,0.001384695836653312,2.3017946819930026
turbo_lunar_lander_12d,12,ts,logarithmic,decay_uniform_grid_a1,230,206,30,1.8134826238285577,1.763452386155652,0.4946324862340647,0.0903071234617536,1.4510067011929788,2.1283033093082455,0.7634242260763981,3.2265077165044564,0.6292341558972103,0.4473724743533497,0.521173137402016,14.066666666666666,24.366666666666667,970.042775123675,0.01684662257321179,0.0033733527020861705,4.84886759063229
turbo_lunar_lander_12d,12,ts,logarithmic,decay_uniform_grid_a1,231,207,30,1.8184157393208666,1.7492664259884605,0.4753272814964001,0.08678249142439542,1.524978250984896,2.1520865857921248,0.9203297526904219,3.241537918897296,0.6289099224057085,0.4470615894338599,0.5207714470882983,14.1,24.4,975.1874360750274,0.01720549849172433,0.0034263482162108024,4.744229054326812
turbo_lunar_lander_12d,12,ts,logarithmic,decay_uniform_grid_a1,232,208,30,1.7637770924380147,1.7950008734401617,0.4343399717048485,0.0792992667096337,1.5057588902369488,2.0373541576559933,0.7868363136763314,2.5797577265929617,0.6287806815157687,0.4467295290754424,0.5204919032961318,14.133333333333333,24.466666666666665,980.1746984331559,0.016217159309114017,0.0031979585221658152,4.621890987642109
turbo_lunar_lander_12d,12,ts,logarithmic,decay_uniform_grid_a1,233,209,30,1.8246508483912538,1.7733143669752174,0.5062101225224691,0.09242090098100342,1.6344512336492727,2.117552916120867,0.8301648979104383,3.191781887462236,0.6282717591800655,0.44640941303920056,0.5201596286064161,14.2,24.566666666666666,985.1633287435398,0.015868758130818606,0.0032688330082843702,4.606341529047738
turbo_lunar_lander_12d,12,ts,logarithmic,decay_uniform_grid_a1,234,210,30,1.666861599184584,1.7517284356992633,0.4683096335511531,0.08550125006431492,1.4097724085510026,1.9415722903728057,0.0,2.245715311619045,0.6279171793898329,0.44583315549955826,0.5196413447519954,14.233333333333333,24.666666666666668,990.3961294960696,0.016261899285018443,0.059126631480952103,4.639938463813936
turbo_lunar_lander_12d,12,ts,logarithmic,decay_uniform_grid_a1,235,211,30,1.717717756285801,1.721240391720718,0.536205252038231,0.09789723733136069,1.4692435867121458,2.069281493945906,0.0,3.077641049036912,0.6278243640435578,0.44551968605607234,0.5193173273163483,14.266666666666667,24.733333333333334,995.5069567847842,0.01613381694381436,0.0032388081929335994,4.609629962950324
turbo_lunar_lander_12d,12,ts,logarithmic,decay_uniform_grid_a1,236,212,30,1.706847873223127,1.710777924558046,0.5430811615084743,0.09915260090476591,1.4947671498987516,2.0832452241764416,0.0,3.051994523585721,0.6277019887762972,0.4452317804253934,0.5190255261074033,14.266666666666667,24.766666666666666,1000.592759763853,0.017052480423202118,0.003286585941289862,4.637830521554376
turbo_lunar_lander_12d,12,ts,logarithmic,decay_uniform_grid_a1,237,213,30,1.7089803094655023,1.7476238181951067,0.4935247446996142,0.09010487845298562,1.4893772075040055,1.9609240718467178,0.0,2.5202541811469237,0.6275446177414835,0.44492332922129224,0.5186753123411234,14.266666666666667,24.766666666666666,1005.8003778030785,0.01730887684971094,0.0034180061581234136,4.783305840582276
turbo_lunar_lander_12d,12,ts,logarithmic,decay_uniform_grid_a1,238,214,30,1.7503651595291874,1.7335828639068473,0.5333074881676579,0.09736818045194857,1.5615207085618996,2.0317312998395107,0.0,3.0943093530968655,0.6273828100766161,0.4446041426825982,0.518358745200385,14.3,24.8,1010.8759044177054,0.01653119147134324,0.003407474389920632,4.616952471186718
turbo_lunar_lander_12d,12,ts,logarithmic,decay_uniform_grid_a1,239,215,30,1.7682611104207429,1.7668435469159558,0.35605294627172746,0.06500607677973336,1.4823587736392536,2.026782270296828,0.917505189407064,2.507949565638013,0.6297068427923667,0.4463933533510996,0.5203030875197439,14.3,24.833333333333332,1016.3230992627952,0.017121470316002765,0.0624400761599342,4.805997881898657
turbo_lunar_lander_12d,12,ts,logarithmic,decay_uniform_grid_a1,24,0,30,1.9789134699739348,1.8978690382657675,0.6695397847580342,0.12224068108637631,1.7052837871157773,2.3542641825037984,0.0,3.869210107643327,0.7245680538849998,0.5573613631664515,0.6330507827136042,0.0,0.0,61.735018234606834,0.0,0.010270157534008225,1.9430904442754884
turbo_lunar_lander_12d,12,ts,logarithmic,decay_uniform_grid_a1,240,216,30,1.7727228552454497,1.7764930089367876,0.418895632312195,0.07647952901925972,1.474786406179628,2.0687829941452276,0.8537952820788919,3.0596756613778253,0.6295086636327609,0.44608249201006894,0.5199833831333309,14.333333333333334,24.866666666666667,1021.571642176869,0.016803285805508494,0.0034057918780793744,4.800244324204201
turbo_lunar_lander_12d,12,ts,logarithmic,decay_uniform_grid_a1,241,217,30,1.7519165508709948,1.7485575007822864,0.3771830687382607,0.06886389168565567,1.5224560638943674,2.051169662075626,0.8672536291235109,2.490663582848753,0.6293975911798121,0.4457952457758426,0.5196472836081033,14.333333333333334,24.9,1027.160101721296,0.017172545815507572,0.0035854721752305824,5.046536266229426
turbo_lunar_lander_12d,12,ts,logarithmic,decay_uniform_grid_a1,242,218,30,1.8048904657769236,1.7288127014358257,0.46883094043948337,0.085596427245022,1.498904903280882,2.102516448678551,0.8364045503687145,3.18730341273372,0.628989984372474,0.4454681062233251,0.5193169239341333,14.4,24.966666666666665,1032.5010952271832,0.016628139900664488,0.00351805267855525,4.888651052241524
turbo_lunar_lander_12d,12,ts,logarithmic,decay_uniform_grid_a1,243,219,30,1.7734793945992295,1.6959628091844399,0.4570511903987538,0.08344574897199535,1.4526720566391456,2.088858135742038,0.9373996369535391,3.1415221332561005,0.6286051334333667,0.44516027986771356,0.5189493215152129,14.433333333333334,25.066666666666666,1037.774446697083,0.016932186437770724,0.003603005735203624,4.864528607344255
turbo_lunar_lander_12d,12,ts,logarithmic,decay_uniform_grid_a1,244,220,30,1.6825616031784092,1.7003193157455074,0.47466585619708074,0.08666173223888149,1.4709040285122177,2.0053288316530735,0.02991991168748198,2.3502001298344846,0.6281661801872466,0.44481658233939303,0.5186450874150871,14.433333333333334,25.1,1043.1998927149766,0.01766422255896032,0.06821391694247722,4.887862791850542
turbo_lunar_lander_12d,12,ts,logarithmic,decay_uniform_grid_a1,245,221,30,1.737944125412079,1.7202648464557966,0.5587296186425044,0.1020096052255862,1.4216844826580493,2.0432818830008057,0.1450521134588023,3.186549186404417,0.6278393883283172,0.44449933590343665,0.5183284453973138,14.433333333333334,25.1,1048.5241392904115,0.01790243914971749,0.003770049444089333,4.755253617201621
turbo_lunar_lander_12d,12,ts,logarithmic,decay_uniform_grid_a1,246,222,30,1.6869541251800415,1.7606403455573365,0.4542946760264179,0.08294248060472349,1.3746042029399463,2.0540807601011295,0.4348881806345215,2.337026507282148,0.6276907208416798,0.4441934898499113,0.5179929067104144,14.466666666666667,25.133333333333333,1053.745320473394,0.017011637473478912,0.003534858953207731,4.754692190978676
turbo_lunar_lander_12d,12,ts,logarithmic,decay_uniform_grid_a1,247,223,30,1.6818284134502595,1.718565023413701,0.4535276678077766,0.08280244470367626,1.3651904516008655,2.081060003082703,0.460858792708184,2.309083573810647,0.627352727990363,0.44388807924890833,0.517644969486741,14.466666666666667,25.166666666666668,1059.0876495387406,0.017318355695654947,0.0036362614948302506,4.823680684280892
turbo_lunar_lander_12d,12,ts,logarithmic,decay_uniform_grid_a1,248,224,30,1.7720747166569804,1.7325165923477646,0.4591331177427969,0.08382585516180176,1.4036878877475147,2.0781976813392395,1.1063698706703897,3.1089551251189063,0.6260304467770272,0.4435792567803729,0.5174140066265466,14.466666666666667,25.166666666666668,1064.2579691656865,0.017817323251316946,0.003649220196530223,4.708429384588574
turbo_lunar_lander_12d,12,ts,logarithmic,decay_uniform_grid_a1,249,225,30,1.7222569215036174,1.7292690308941836,0.35966347184233854,0.06566526554622432,1.4447016548243297,2.0272624679669176,1.0685185452620436,2.404458126550388,0.6259900424333333,0.4433598010088206,0.5170983350999011,14.5,25.2,1069.5735701645415,0.017263059969991446,0.07278528249201675,4.74910241185377
turbo_lunar_lander_12d,12,ts,logarithmic,decay_uniform_grid_a1,25,1,30,2.000983293573312,1.9402572872326718,0.6723964902250871,0.12276224176119403,1.6408095613024856,2.4119413243273797,0.0,3.8899317486328018,0.7221066729796856,0.553785545205922,0.6295237464910157,0.36666666666666664,0.0,63.99822173512851,0.0012531447069098552,0.0013444865122437476,1.8912432993762196
turbo_lunar_lander_12d,12,ts,logarithmic,decay_uniform_grid_a1,250,226,30,1.7795305208556298,1.714473641460962,0.47764705825875964,0.0872060227781023,1.4437596804457709,2.0597419059149935,1.0995159544788724,3.1197797802995826,0.6257658500671623,0.4430831189335793,0.5168534148493754,14.533333333333333,25.266666666666666,1074.718490353801,0.017298691424851617,0.003518050101896127,4.670836378478755
turbo_lunar_lander_12d,12,ts,logarithmic,decay_uniform_grid_a1,251,227,30,1.7442624018915938,1.6904480423437447,0.4605752414931986,0.08408914973140474,1.4199586272848497,2.0187419561243978,0.8627499707868127,3.1300379225780595,0.6255307782405908,0.44277999762598375,0.516520794480037,14.566666666666666,25.333333333333332,1079.9411182655333,0.017343921136731902,0.0037398251704871656,4.780239605360354
turbo_lunar_lander_12d,12,ts,logarithmic,decay_uniform_grid_a1,252,228,30,1.7132680873726873,1.760241667709294,0.3956914270624552,0.07224304013783896,1.3873540909878437,1.9672478796977273,0.9372205030661651,2.3901430598988105,0.6252128168219492,0.44248285367584506,0.5162405705697415,14.633333333333333,25.433333333333334,1085.2724958203733,0.01697534976216654,0.003827650658786297,4.845556938229128
turbo_lunar_lander_12d,12,ts,logarithmic,decay_uniform_grid_a1,253,229,30,1.6878903715697609,1.7296076364747897,0.46159756231460086,0.08427579912303448,1.4582319498232539,1.9661402419373857,0.3177938358755028,2.5024660724110777,0.6246813318326478,0.44221157675179684,0.516027971428936,14.666666666666666,25.533333333333335,1090.4726200624834,0.017179849945629638,0.00375609346665442,4.7900791935777915
turbo_lunar_lander_12d,12,ts,logarithmic,decay_uniform_grid_a1,254,230,30,1.722748531996763,1.7184466378379195,0.5220022816936153,0.09530414158425304,1.3890100285289515,2.047550886933893,0.42422177936961436,2.9119810218072635,0.62395400566982,0.4417109503682275,0.5155507737893046,14.666666666666666,25.566666666666666,1095.7200045083805,0.01726345852948725,0.07270348477177321,4.690961908347284
turbo_lunar_lander_12d,12,ts,logarithmic,decay_uniform_grid_a1,255,231,30,1.7317214201173357,1.7403515693832257,0.5237264030286203,0.09561892163327243,1.3488495790319521,2.0821225306799214,0.44193578847410087,2.8565259757052415,0.6239023368268394,0.4414429247476865,0.5152289646392936,14.7,25.6,1100.8736746923378,0.016902079603945217,0.0037196422927081585,4.647394281175608
turbo_lunar_lander_12d,12,ts,logarithmic,decay_uniform_grid_a1,256,232,30,1.7009031054523105,1.7696558143432377,0.5321432983943956,0.0971556294519377,1.3277120973842387,2.0964282539964327,0.5001248903999902,2.8913266645116202,0.6236367791044848,0.4411755298299057,0.5150292102026736,14.7,25.633333333333333,1106.1616040836554,0.017974425836776695,0.004320347852384051,4.790815037535504
turbo_lunar_lander_12d,12,ts,logarithmic,decay_uniform_grid_a1,257,233,30,1.7008255728564925,1.7442936101752586,0.5468676930886202,0.09984392382514976,1.333892649510469,2.0896435836357328,0.466594033836931,2.9818221623064174,0.6229736244401772,0.4408788407714534,0.5146534697961869,14.766666666666667,25.7,1111.5309074001386,0.01654587776089708,0.0037730150700857243,4.869820682285353
turbo_lunar_lander_12d,12,ts,logarithmic,decay_uniform_grid_a1,258,234,30,1.7478346099441973,1.7572255197556534,0.5485543937655764,0.10015187182799247,1.3475269526332347,2.129885781982243,0.470277528994846,2.814277344682454,0.6228037549942016,0.4406226544723403,0.5143965216844137,14.766666666666667,25.766666666666666,1116.8509124409097,0.018042138094703355,0.003767898306250572,4.850439357866223
turbo_lunar_lander_12d,12,ts,logarithmic,decay_uniform_grid_a1,259,235,30,1.6916054713821278,1.733358220492621,0.5504559715611093,0.10049905084581391,1.3511462561884855,2.1010512196571263,0.38603688900007205,2.820468559803066,0.6242134419627341,0.4416115503682417,0.5154274614929282,14.8,25.8,1122.2841558029409,0.017311108655606706,0.07949697794392704,4.76782714605021
turbo_lunar_lander_12d,12,ts,logarithmic,decay_uniform_grid_a1,26,2,30,2.0237111755613157,1.9353280953045924,0.7638514290213564,0.13945955275251773,1.555917620972394,2.4129593113614223,0.0,3.864448006671237,0.7182414996644947,0.5501752674966126,0.6258961885876726,0.7333333333333333,0.4666666666666667,66.30244153851332,0.0011963421168426672,0.0013025666742275158,1.9536113404203206
turbo_lunar_lander_12d,12,ts,logarithmic,decay_uniform_grid_a1,260,236,30,1.688533409468511,1.7156866212547381,0.5698844342637054,0.10404618660576714,1.3507746289022553,2.1029073307809627,0.47816682063930527,2.8999087473292278,0.6236792279128984,0.44130095528560964,0.5150665127317537,14.9,25.866666666666667,1127.594976273505,0.016027988151957592,0.00380715262144804,4.721944933291525
turbo_lunar_lander_12d,12,ts,logarithmic,decay_uniform_grid_a1,261,237,30,1.7192209533638485,1.7207548893911455,0.5634112835810892,0.10286435639010086,1.3454106371908292,2.1229845500725704,0.41175190197423284,2.8705333057015783,0.6233317855488202,0.4410532093462649,0.5147001064553429,14.933333333333334,26.0,1132.613346973993,0.01669952127461632,0.003666052610302965,4.602927331253886
turbo_lunar_lander_12d,12,ts,logarithmic,decay_uniform_grid_a1,262,238,30,1.7324863557579684,1.7730049289382537,0.5404614047251042,0.09867430094295625,1.3347881427806758,2.0755983589827887,0.31750542673623117,2.974897020028625,0.6225478761023125,0.44076583104841444,0.5143656668711649,14.933333333333334,26.033333333333335,1137.8324371927883,0.01742097083479166,0.0036490428727120163,4.698356400756166
turbo_lunar_lander_12d,12,ts,logarithmic,decay_uniform_grid_a1,263,239,30,1.7207742725384954,1.7403988800389414,0.5512818256983126,0.10064983049253233,1.3092771787646187,2.103179072143484,0.43426541572569,2.9455332749802112,0.622275392310302,0.44048969776931607,0.5141036984845896,14.966666666666667,26.066666666666666,1143.0309358330444,0.01722276971365015,0.0036644026947518188,4.651022859492029
turbo_lunar_lander_12d,12,ts,logarithmic,decay_uniform_grid_a1,264,240,30,1.7066969932065568,1.7103920487996012,0.5281280510472034,0.09642254893659773,1.3488067665282912,2.059872351071326,0.4171187539713028,2.9152011851099577,0.620848159163024,0.438984481825253,0.5124898065735015,15.0,26.066666666666666,1148.327818749395,0.01679245677466194,0.07531742433396478,4.69120278415891
turbo_lunar_lander_12d,12,ts,logarithmic,decay_uniform_grid_a1,265,241,30,1.7168196908687132,1.735342265131408,0.5170702898363453,0.09440368718636685,1.3619542427050138,2.062806052443969,0.5115320217442101,2.9907064347231618,0.6207916868480539,0.43871433704387114,0.5121874909877675,15.0,26.1,1153.8011446691585,0.017721991147845985,0.003847269450003902,4.942443479535481
turbo_lunar_lander_12d,12,ts,logarithmic,decay_uniform_grid_a1,266,242,30,1.733178965031073,1.7883087671407405,0.4618718979327431,0.08432588572516236,1.371625803583434,2.0415959089493967,0.9561736264942842,2.9112109599654117,0.6207518197744825,0.43843626359985055,0.5118981112399689,15.0,26.1,1159.1958279961875,0.018116234320526323,0.004013458313420415,4.984992274548858
turbo_lunar_lander_12d,12,ts,logarithmic,decay_uniform_grid_a1,267,243,30,1.7523692968053954,1.7179385128150817,0.500741797742163,0.09142252603635738,1.3492320855194395,2.057959162953713,0.836171981987857,3.0491552634569947,0.6204636079805999,0.4381952780564459,0.5116812087360516,15.033333333333333,26.133333333333333,1164.6131955288972,0.017435542975241938,0.004009865674500664,4.889467838142688
turbo_lunar_lander_12d,12,ts,logarithmic,decay_uniform_grid_a1,268,244,30,1.6720226321416993,1.6166627399871847,0.5204409582783571,0.09501908423288707,1.3878985326524123,2.052044388132877,0.46162823479484816,2.9103956164567046,0.6203728695579797,0.4379497897116678,0.5115197549428642,15.066666666666666,26.2,1169.9186370409404,0.01768647146721681,0.003855636219183604,4.885637130153676
turbo_lunar_lander_12d,12,ts,logarithmic,decay_uniform_grid_a1,269,245,30,1.698729232202012,1.7146803003021849,0.47844297829210714,0.08735133723018053,1.415913962674339,2.0257013725905098,0.5229078820520299,2.897385390695377,0.6201238631684549,0.4379373004321973,0.5113738018744114,15.066666666666666,26.233333333333334,1175.401878942363,0.018500409989307322,0.08510972610674798,4.955545783648267
turbo_lunar_lander_12d,12,ts,logarithmic,decay_uniform_grid_a1,27,3,30,1.9995965531050046,1.9683400648596787,0.6998877341403178,0.1277814332366102,1.514414174251425,2.339084146647086,0.0008090579645636531,3.703601055291636,0.715787348708496,0.5468478479751263,0.6220052824833451,1.0333333333333334,1.0,68.7488903610812,0.0013477260867754619,0.0013338902809967598,1.9947301919261615
turbo_lunar_lander_12d,12,ts,logarithmic,decay_uniform_grid_a1,270,246,30,1.7250714055957643,1.7095791496403046,0.5019607846648646,0.0916450815813132,1.3884971063617573,2.0651437487200663,0.5701942463980136,2.892351879221341,0.619947325309801,0.4376304618271861,0.5109398813411616,15.1,26.266666666666666,1180.8146453750476,0.017635656520724297,0.003841133633007606,4.914215887710452
turbo_lunar_lander_12d,12,ts,logarithmic,decay_uniform_grid_a1,271,247,30,1.7007470414069414,1.7094344133193202,0.47335567716247384,0.08642252736833997,1.3422502514271197,2.0415595890702405,0.5654955611642765,2.9081945262068127,0.6197815327762692,0.4373703625324343,0.5106921610506012,15.133333333333333,26.333333333333332,1185.9204642371274,0.017434172347808877,0.003933386815090974,4.736088681500405
turbo_lunar_lander_12d,12,ts,logarithmic,decay_uniform_grid_a1,272,248,30,1.7478594172330948,1.7317306044108887,0.4865021832262477,0.08882274000950911,1.4587050413212663,2.0119405454964454,0.7015957576696945,3.045089771229784,0.6195766998472056,0.4371091385987949,0.5105341961424585,15.133333333333333,26.366666666666667,1191.3931230075036,0.018108942778781056,0.003915414648751418,4.8469959447315585
turbo_lunar_lander_12d,12,ts,logarithmic,decay_uniform_grid_a1,273,249,30,1.7381506710610863,1.6747619657869457,0.4885756945490239,0.08920130965108473,1.3921680910880672,2.0435639777617625,0.5303130483953822,2.9353257581856482,0.6193349097719302,0.43685257370877334,0.5102111551410312,15.166666666666666,26.4,1196.7290761457912,0.018007431644946337,0.004027875311051806,4.812943771854043
turbo_lunar_lander_12d,12,ts,logarithmic,decay_uniform_grid_a1,274,250,30,1.6535070756054637,1.6637524647850241,0.5897838745978801,0.10767931072335235,1.3642296026030738,1.9799969892092948,0.0,2.9386077984954544,0.6198983045816291,0.4372875957468254,0.5107364357588022,15.166666666666666,26.433333333333334,1202.040887179924,0.01820413659637173,0.08341063080976406,4.781794691116859
turbo_lunar_lander_12d,12,ts,logarithmic,decay_uniform_grid_a1,275,251,30,1.658265383148835,1.705590778014655,0.5614014379369462,0.10249741045796731,1.3286371629911151,1.9606588567872227,0.0,2.923152817103042,0.6193852847521453,0.43705452119052585,0.5104452326962944,15.166666666666666,26.433333333333334,1207.3368972182739,0.018045247796302042,0.004014488418276111,4.776853559243803
turbo_lunar_lander_12d,12,ts,logarithmic,decay_uniform_grid_a1,276,252,30,1.6786289355257245,1.6726796040108374,0.530156210189621,0.09679283844076854,1.4415377263402809,1.975104884515945,0.0,2.9541751152376468,0.6193402571539158,0.4368026534591446,0.5101356990849375,15.166666666666666,26.433333333333334,1212.6852835675081,0.018085485665748517,0.004270162604128321,4.871690153578917
turbo_lunar_lander_12d,12,ts,logarithmic,decay_uniform_grid_a1,277,253,30,1.7016097660650897,1.7239658613950526,0.5325241935017128,0.0972251710660447,1.4350587544592668,1.9652480026722932,0.0,3.0469348426579885,0.6189497673833316,0.43655259935914886,0.5098462050496424,15.166666666666666,26.433333333333334,1218.0460163481223,0.01828736993484199,0.004376935648421446,4.795278609838958
turbo_lunar_lander_12d,12,ts,logarithmic,decay_uniform_grid_a1,278,254,30,1.7029685122383982,1.6816856681820664,0.5257832667691922,0.09599445185608099,1.462970249118055,1.9743555581277095,0.0,3.0664036043945764,0.6186263726993257,0.4363125624576935,0.5096855638268273,15.166666666666666,26.433333333333334,1223.2722006767522,0.018002103408798577,0.004058503033593297,4.824098182329908
turbo_lunar_lander_12d,12,ts,logarithmic,decay_uniform_grid_a1,279,255,30,1.6576553044193436,1.7164779162651405,0.6134510275615662,0.11200032190673107,1.4106044002065512,2.031850219899181,0.0,2.976518319560537,0.6188994452913827,0.43650551205244137,0.5099227014576557,15.2,26.466666666666665,1228.542224241312,0.017794223222881555,0.08779006546052794,4.786109851362805
turbo_lunar_lander_12d,12,ts,logarithmic,decay_uniform_grid_a1,28,4,30,1.9700627704056315,1.9163380773114018,0.6992237352215764,0.12766020417462565,1.558609255100879,2.3383147874645624,0.0,3.775284749281148,0.7122840056994707,0.5438667834115986,0.6191034253330858,1.3333333333333333,1.4,71.13914471981116,0.0013630923504630724,0.0013781897878895203,2.0446335256720585
turbo_lunar_lander_12d,12,ts,logarithmic,decay_uniform_grid_a1,280,256,30,1.6440347570418077,1.7114594610687728,0.5959921794228968,0.10881278692219563,1.4275567226678871,1.9412590192958201,0.0,3.021306978552831,0.6187871335329356,0.43628244178066716,0.5095944839396193,15.233333333333333,26.533333333333335,1233.6974112562214,0.01777917778429886,0.004055049084126949,4.734835604345426
turbo_lunar_lander_12d,12,ts,logarithmic,decay_uniform_grid_a1,281,257,30,1.6501911074811844,1.696039975022502,0.616192562966591,0.11250085550124143,1.421034677664843,2.0195240743914775,0.0,3.000109589659358,0.6186528492242563,0.4360739622160399,0.5093278177497099,15.233333333333333,26.566666666666666,1239.002675584145,0.018770822510123252,0.004157534955690305,4.6893423844128845
turbo_lunar_lander_12d,12,ts,logarithmic,decay_uniform_grid_a1,282,258,30,1.6665842344251536,1.6943303477119618,0.6220064967827011,0.11356232973421665,1.3792582644334326,2.045778916819105,0.0,3.0036401269931106,0.618570389110764,0.43585164169072743,0.5090480025300057,15.266666666666667,26.6,1244.3208037083814,0.017240935750305653,0.0039744436119993525,4.873275259137154
turbo_lunar_lander_12d,12,ts,logarithmic,decay_uniform_grid_a1,283,259,30,1.6722493778938785,1.7110824648127374,0.5355780779345187,0.09778273152999858,1.4505602806340983,2.0001706449747254,0.0,2.9599872882525755,0.6178650647555712,0.43561571814867384,0.5088233095104674,15.266666666666667,26.633333333333333,1249.8303306887858,0.018615074486782155,0.004311427349845568,4.916745403020953
turbo_lunar_lander_12d,12,ts,logarithmic,decay_uniform_grid_a1,284,260,30,1.7404290466492705,1.7582703442482348,0.518743341451415,0.09470914322284822,1.4378032932122455,2.0368884608693127,0.0,3.05802579209469,0.618229330447956,0.43603709555739806,0.5092130619152191,15.266666666666667,26.633333333333333,1255.1059287313992,0.017764656618237496,0.08894637981429696,4.771667268748085
turbo_lunar_lander_12d,12,ts,logarithmic,decay_uniform_grid_a1,285,261,30,1.6969445781102417,1.756037973715059,0.5577819805393209,0.10183659097043121,1.4687633682268746,1.9590634604694772,0.0,2.962880807800277,0.6180734805706127,0.4357885917170598,0.5090208258831042,15.3,26.666666666666668,1260.4286666283383,0.017777579727893074,0.004309691488742828,4.77989088272055
turbo_lunar_lander_12d,12,ts,logarithmic,decay_uniform_grid_a1,286,262,30,1.7042490996017228,1.691964560003851,0.5356415123536596,0.09779431301742716,1.4416139057894866,1.9429433582740294,0.0,2.9902770675199037,0.617880038863871,0.4355204860127665,0.5087122238262991,15.333333333333334,26.733333333333334,1265.7951335373489,0.017059345077723265,0.004341813332090775,4.914628916109602
turbo_lunar_lander_12d,12,ts,logarithmic,decay_uniform_grid_a1,287,263,30,1.7212777467460698,1.687398423985206,0.5330007301201919,0.09731217435118411,1.4803807869690537,1.9646589404638466,0.0,3.0008721429681455,0.6178223707439187,0.4352916753155473,0.5083825284607536,15.333333333333334,26.766666666666666,1271.2710510104273,0.018350169078136483,0.00436984250942866,4.961448618692035
turbo_lunar_lander_12d,12,ts,logarithmic,decay_uniform_grid_a1,288,264,30,1.7274531437375873,1.719798784413275,0.5204870603882829,0.09502750128807204,1.530266271312337,1.932514449508554,0.0,2.9742903780490826,0.6177236856381846,0.43503297683316416,0.5080985018763065,15.333333333333334,26.766666666666666,1276.6295640599915,0.018021581601351498,0.004393340942139427,4.95578752773193
turbo_lunar_lander_12d,12,ts,logarithmic,decay_uniform_grid_a1,289,265,30,1.6992501080419242,1.7124259390297585,0.509195116039378,0.09296588374207597,1.499250408271572,1.9149337499604995,0.0,2.97788601161041,0.6152927427600791,0.4327048182982358,0.5056246925483485,15.333333333333334,26.766666666666666,1282.1888485336988,0.018485318093250196,0.10061045826102297,4.912194612979268
turbo_lunar_lander_12d,12,ts,logarithmic,decay_uniform_grid_a1,29,5,30,2.0203705630688673,1.9962122289677273,0.6793122949634745,0.12402488918069933,1.6122172144967706,2.37961182011921,0.0,3.5675250696626417,0.7035933188770918,0.5323444625567931,0.6084388989896686,1.7333333333333334,1.9,73.63407761730875,0.0011998504245032866,0.01012918168368439,2.0877717488600562
turbo_lunar_lander_12d,12,ts,logarithmic,decay_uniform_grid_a1,290,266,30,1.7109883146073057,1.7487403780809099,0.5303524253036571,0.09682866225546222,1.4100489418248958,2.024054078933932,0.0,2.981344218374864,0.6149271290084587,0.4324558714566133,0.5053140208888305,15.333333333333334,26.766666666666666,1287.714816460867,0.018179636681452394,0.004405642983814081,4.9667136546379576
turbo_lunar_lander_12d,12,ts,logarithmic,decay_uniform_grid_a1,291,267,30,1.7253837922081339,1.7308316134889545,0.5311874449665507,0.09698111529057127,1.5209205654042026,2.046973700446562,0.0,3.101821186821939,0.6143174751180525,0.4322080037131966,0.5050578991563828,15.333333333333334,26.766666666666666,1293.0687500584095,0.018667060633500418,0.004284806502982974,4.977997292562699
turbo_lunar_lander_12d,12,ts,logarithmic,decay_uniform_grid_a1,292,268,30,1.7479356594405575,1.7997880874104748,0.5528921035533736,0.1009438256608883,1.5405974954445925,2.0165360372207632,0.0,3.0901844127675706,0.6141271105849787,0.43194933907262467,0.5047162599206916,15.333333333333334,26.766666666666666,1298.4743525226445,0.018669076419125002,0.004334879061207175,5.0072947579436
turbo_lunar_lander_12d,12,ts,logarithmic,decay_uniform_grid_a1,293,269,30,1.726758507127451,1.7159549070217346,0.5476603497181671,0.09998864246393606,1.540974876246314,2.022151133246081,0.0,3.105456838948043,0.6140098911864588,0.4317201257029265,0.5046200428198755,15.333333333333334,26.766666666666666,1304.0545474950534,0.018963018991053106,0.004731297492980957,5.072783948263774
turbo_lunar_lander_12d,12,ts,logarithmic,decay_uniform_grid_a1,294,270,30,1.7040223292999725,1.6973638651567193,0.5339549642609001,0.09748639287251991,1.4333483953956514,2.038466737461286,0.0,3.0007880269135767,0.6122382414900098,0.43034791906786096,0.503100407863125,15.333333333333334,26.766666666666666,1309.6532399327184,0.019210163193444412,0.10624506063759327,4.902933098344753
turbo_lunar_lander_12d,12,ts,logarithmic,decay_uniform_grid_a1,295,271,30,1.6987874062183193,1.718995441567507,0.5345411581631951,0.09759341674697292,1.4234591867264474,2.0092593442656264,0.0,3.010074687943465,0.6122156822876035,0.4301226536965076,0.5027801003658329,15.333333333333334,26.766666666666666,1315.048321956691,0.018930354124555984,0.0045957196348657215,4.95674181378757
turbo_lunar_lander_12d,12,ts,logarithmic,decay_uniform_grid_a1,296,272,30,1.7134940849816829,1.734886840990598,0.5354161666944807,0.0977531707171711,1.4395233786771195,1.929310268317916,0.0,2.9892996767862963,0.6120459852019502,0.42989952617566274,0.5025284590555498,15.366666666666667,26.8,1320.6098261897762,0.018606082318971554,0.004446657234802842,5.074129442078993
turbo_lunar_lander_12d,12,ts,logarithmic,decay_uniform_grid_a1,297,273,30,1.6925155191051264,1.698495547304498,0.534949857881731,0.09766803476533562,1.4691176592323163,2.0038377263804756,0.0,2.9198425548759825,0.611984128898387,0.4296783571655776,0.5023344869739453,15.4,26.866666666666667,1326.303237259807,0.01819027536548674,0.004524003559102614,5.09825349066717
turbo_lunar_lander_12d,12,ts,logarithmic,decay_uniform_grid_a1,298,274,30,1.6796929977214483,1.7545003488060607,0.5508637609151906,0.10057350265512753,1.440958900025201,1.964040759543308,0.0,3.0433825508074515,0.6118822575649597,0.4294413673543531,0.501939936124689,15.4,26.9,1331.7173571581332,0.019403683052708707,0.004603617917746305,4.9508976151545845
turbo_lunar_lander_12d,12,ts,logarithmic,decay_uniform_grid_a1,299,275,30,1.6704634492720651,1.660581714727985,0.5892160829844976,0.10757564663181507,1.4736512525481291,1.989958947503826,0.0,3.044246753335621,0.6111517676777538,0.42869253205102203,0.5011727183830619,15.433333333333334,26.933333333333334,1337.1049486941192,0.018477141065523027,0.10487449141219259,4.877261608761425
turbo_lunar_lander_12d,12,ts,logarithmic,decay_uniform_grid_a1,3,0,30,2.683683525413747,2.7044645277229673,0.4563391405767613,0.08331574705547107,2.3869223533663404,2.9571486715857542,1.810462903821802,3.5922050422052374,0.9994823997095069,0.9919775531518832,0.9979881802333577,0.0,0.0,5.488702048469956,0.0,0.0012965353205800056,1.993307739511753
turbo_lunar_lander_12d,12,ts,logarithmic,decay_uniform_grid_a1,30,6,30,2.0447777042529434,1.9796045935788795,0.7152479673260956,0.1305858153047402,1.659992233359018,2.435769122035931,0.0,3.6201903082452045,0.6999424224251869,0.5293058190257357,0.6053138779386866,1.9333333333333333,2.3666666666666667,75.9909240046516,0.0015574416611343622,0.0013199042994529008,1.9823292764058957
turbo_lunar_lander_12d,12,ts,logarithmic,decay_uniform_grid_a1,300,276,30,1.6908467903926265,1.712661339873514,0.5507952586244121,0.10056099590516081,1.3989433911115792,2.0393435197495466,0.0,3.0783691509300226,0.6110875267226483,0.4284516352803406,0.5009226620769626,15.433333333333334,26.966666666666665,1342.5884193734112,0.018204751967762906,0.004441902010391156,4.991290574179342
turbo_lunar_lander_12d,12,ts,logarithmic,decay_uniform_grid_a1,301,277,30,1.69403393090616,1.6693056667019452,0.5604374766147677,0.1023214160043941,1.439156615312998,2.0359886218269456,0.0,3.092962426798339,0.6110453135524152,0.4282300119843346,0.5006246020361612,15.466666666666667,27.0,1348.1528079164525,0.0180051704403013,0.004564936257277926,4.9434378359311575
turbo_lunar_lander_12d,12,ts,logarithmic,decay_uniform_grid_a1,302,278,30,1.69619272646728,1.643179920104648,0.556257125710675,0.10155819184157452,1.438849365185382,1.9854839343360156,0.0,3.0283162204012504,0.6108930860604966,0.4280365269483449,0.5004404101471297,15.466666666666667,27.033333333333335,1353.5772463500034,0.018855849110210935,0.004898792303477725,4.829064699914307
turbo_lunar_lander_12d,12,ts,logarithmic,decay_uniform_grid_a1,303,279,30,1.68956245009674,1.7181210570079626,0.551164611395916,0.10062843018670405,1.3941974392948007,1.9784400317373407,0.0,2.9197559396643853,0.6108294246567488,0.4278074491685032,0.5002418098254952,15.5,27.066666666666666,1358.8412084445513,0.01815097543100516,0.0045799439152081805,4.7920801115067055
turbo_lunar_lander_12d,12,ts,logarithmic,decay_uniform_grid_a1,304,280,30,1.6144160349677021,1.5974932726106776,0.5269003439239345,0.096198401308123,1.3598580060036798,1.8586993298341943,0.0,2.8590357107520594,0.6118901887311956,0.42864728178933037,0.5011633525307186,15.566666666666666,27.166666666666668,1364.2191381221637,0.016745179845020174,0.10604627223995824,4.762752289728572
turbo_lunar_lander_12d,12,ts,logarithmic,decay_uniform_grid_a1,305,281,30,1.6455652426272758,1.6675214403098766,0.5228948903872772,0.09546710888976766,1.3748324590894234,1.8951347829173968,0.0,2.8581721385765912,0.6115714669723581,0.4284338363015101,0.5008594519209999,15.566666666666666,27.233333333333334,1369.477681748864,0.018608517292886973,0.004537018854171038,4.782701114953185
turbo_lunar_lander_12d,12,ts,logarithmic,decay_uniform_grid_a1,306,282,30,1.6485470083044786,1.6350853119200104,0.5137707717291465,0.09380128035429701,1.406145948401973,1.8292963091490813,0.0,2.9313774926770577,0.6110494290800285,0.42818334097325744,0.5006283410150538,15.566666666666666,27.233333333333334,1374.7143522181702,0.018238596431910992,0.004386718338355422,4.824940005876124
turbo_lunar_lander_12d,12,ts,logarithmic,decay_uniform_grid_a1,307,283,30,1.63361333207174,1.6241583143591654,0.5189618021044788,0.09474902849871834,1.4399783428586792,1.803182928483722,0.0,2.894603008779152,0.6110279091438565,0.42795804893436146,0.500381336908067,15.6,27.266666666666666,1379.995939109102,0.018611497028420368,0.004744640039280057,4.870548227864007
turbo_lunar_lander_12d,12,ts,logarithmic,decay_uniform_grid_a1,308,284,30,1.6657597766038905,1.6825860027188222,0.5215572725941571,0.09522289441023027,1.3875235788052218,1.9845367215323686,0.0,2.740371299117048,0.6109544921677583,0.4277518775432946,0.5000765087391685,15.633333333333333,27.333333333333332,1385.551740423031,0.018242829370622833,0.004566032579168678,4.93862623871925
turbo_lunar_lander_12d,12,ts,logarithmic,decay_uniform_grid_a1,309,285,30,1.6722949841482715,1.6859093326735883,0.5124628386558636,0.09356248553831564,1.4424083041203601,1.935738706614622,0.0,2.844589454803595,0.6121046360958257,0.42862083875591495,0.5010925247306469,15.666666666666666,27.4,1391.2243571655824,0.018701439552629987,0.11093679894693195,4.951028993787864
turbo_lunar_lander_12d,12,ts,logarithmic,decay_uniform_grid_a1,31,7,30,2.121499815067107,2.2297988251759318,0.72500822918614,0.13236778716737474,1.6701731140102938,2.517911985219375,0.0,3.4240637272210783,0.6968963886826615,0.5265583812247921,0.6026581023958806,2.2333333333333334,2.6666666666666665,78.51278364798054,0.001430627005174756,0.0013430227991193533,2.167725869687274
turbo_lunar_lander_12d,12,ts,logarithmic,decay_uniform_grid_a1,310,286,30,1.6190674785677994,1.6503283637541377,0.598143881028801,0.10920563209105356,1.3590491503945594,1.968463667525684,0.0,2.6848045605083755,0.6119739104553958,0.4284360604744269,0.5008145915795836,15.666666666666666,27.433333333333334,1396.8175892999861,0.018888489808887243,0.004737186804413795,4.969315027833606
turbo_lunar_lander_12d,12,ts,logarithmic,decay_uniform_grid_a1,311,287,30,1.6394419340693305,1.679856202386263,0.6173645904493001,0.11271483746467337,1.3391442114758934,2.040651357908868,0.0,2.693375350403224,0.6109243181497964,0.4282202853790765,0.5006946388797464,15.666666666666666,27.433333333333334,1402.1143043795134,0.0188764160964638,0.004843815478185813,4.774019340053201
turbo_lunar_lander_12d,12,ts,logarithmic,decay_uniform_grid_a1,312,288,30,1.6351298680506436,1.6831433355570606,0.6115774514787972,0.11165825527881947,1.3484920069803896,2.0606435543630393,0.0,2.7823728017443234,0.6102773624247511,0.42797095781279454,0.5003120732808888,15.7,27.466666666666665,1407.5659035302078,0.017367429146543146,0.004668660461902618,4.968543963925913
turbo_lunar_lander_12d,12,ts,logarithmic,decay_uniform_grid_a1,313,289,30,1.680090118628857,1.7583476114472327,0.5451157356847166,0.09952406162851438,1.4064461420481384,1.9877015404022005,0.0,2.869318525186012,0.6100082372220925,0.427733991002561,0.5001629161608349,15.7,27.5,1413.066803101326,0.019175111999114355,0.0048820719278107085,5.044763008505106
turbo_lunar_lander_12d,12,ts,logarithmic,decay_uniform_grid_a1,314,290,30,1.6674499164661405,1.7471541274610374,0.5434901247976126,0.09922726704431675,1.3858123145372918,2.012974617490557,0.0,2.806833440442025,0.6100771731085578,0.42780097243736415,0.5002143511159225,15.7,27.5,1418.5777969750886,0.01887341795178751,0.11693443126666049,4.958739626128226
turbo_lunar_lander_12d,12,ts,logarithmic,decay_uniform_grid_a1,315,291,30,1.6107454627119477,1.6735855708421195,0.6216198068219018,0.11349173012945311,1.3842127640485578,1.987286763267802,0.0,2.8759613937128785,0.6097356718544145,0.4275751004756504,0.5000001638032342,15.7,27.5,1424.1360484519198,0.018775061626608174,0.005036316253244877,4.91737256947284
turbo_lunar_lander_12d,12,ts,logarithmic,decay_uniform_grid_a1,316,292,30,1.671600714830763,1.7229505570828803,0.6192831921602598,0.11306512460999359,1.4284734383521909,2.0741406587896964,0.0,2.9235379732800197,0.6092900330167003,0.42735322599977826,0.49978490929045927,15.733333333333333,27.533333333333335,1429.7358194950657,0.018369052031387886,0.004854095183933775,4.867029921555271
turbo_lunar_lander_12d,12,ts,logarithmic,decay_uniform_grid_a1,317,293,30,1.6851945933457935,1.7186315217518313,0.6200153162610808,0.11319879157163118,1.463420820524359,2.083954095800001,0.0,2.8180936428963737,0.6091204895284676,0.42717624593208264,0.4995627787319402,15.766666666666667,27.6,1435.3870697242207,0.018582335052390892,0.004974520159885287,4.970635872179021
turbo_lunar_lander_12d,12,ts,logarithmic,decay_uniform_grid_a1,318,294,30,1.7351749264053116,1.7049699632002944,0.5331595417035611,0.09734116924671891,1.4743481433392391,2.093990021316446,0.0,2.8287378296750876,0.6089936388545361,0.42696898443861364,0.499225409522602,15.8,27.666666666666668,1440.846851594746,0.01993931314597527,0.004970519213626782,5.054705841699615
turbo_lunar_lander_12d,12,ts,logarithmic,decay_uniform_grid_a1,319,295,30,1.7393017204538013,1.766913053412568,0.5578654197264802,0.10185182481209355,1.4205124603683403,2.0583699483840103,0.0,2.944644601931621,0.6102124358672791,0.42800565267361274,0.5004002695572466,15.833333333333334,27.733333333333334,1446.5362446793356,0.017827951908111574,0.12044232031330467,5.0445218486556165
turbo_lunar_lander_12d,12,ts,logarithmic,decay_uniform_grid_a1,32,8,30,2.106147889048503,2.2153820383460188,0.7728907290160969,0.1411098955895763,1.642650534615393,2.4331944392362272,0.0,3.442070273624183,0.6937593183654633,0.5238519812062772,0.5999330835428792,2.6,3.1333333333333333,81.06167088936394,0.0015470780742665132,0.0013994363136589528,2.1722303406335413
turbo_lunar_lander_12d,12,ts,logarithmic,decay_uniform_grid_a1,320,296,30,1.7340194778346845,1.7755588233892652,0.540001190576311,0.09859027771943056,1.5701467726070848,2.0616586344328516,0.0,2.871939707097215,0.6101525995544392,0.4278082564728055,0.5001565100700283,15.833333333333334,27.766666666666666,1451.9999526070276,0.019161148633187016,0.0052634882585455975,4.900214925268665
turbo_lunar_lander_12d,12,ts,logarithmic,decay_uniform_grid_a1,321,297,30,1.7007095574959812,1.7536903886967656,0.5321205007168134,0.0971514671845142,1.452023093382953,2.035475920041122,0.0,2.8029693240138656,0.6100648693598338,0.4275861562105911,0.49993536792282767,15.866666666666667,27.8,1457.411299398293,0.01813759288440148,0.004825294110924005,4.98561048557361
turbo_lunar_lander_12d,12,ts,logarithmic,decay_uniform_grid_a1,322,298,30,1.7060651798620268,1.753363050485837,0.5304808473454731,0.09685210880519005,1.4619470500218545,2.0421986416410407,0.0,2.8429980247716253,0.6099435590740573,0.42737135453369623,0.499630226288305,15.866666666666667,27.833333333333332,1462.9791341223442,0.019270162750035524,0.00497904180859526,5.0325589671886215
turbo_lunar_lander_12d,12,ts,logarithmic,decay_uniform_grid_a1,323,299,30,1.647683830934297,1.7906499021304776,0.6233488795700001,0.11380741417868674,1.2932047636007458,2.0279604695615743,0.0,2.8116286685970073,0.6098615001655153,0.427157276157495,0.49943122695551073,15.866666666666667,27.833333333333332,1468.3396991506374,0.019040762617563208,0.005012151040136814,4.804830115800724
turbo_lunar_lander_12d,12,ts,logarithmic,decay_uniform_grid_a1,324,300,30,1.6858723623243788,1.7518383942430416,0.614532381517537,0.11219774922484194,1.4812125347938532,2.038714950116415,0.0,2.9653317581878342,0.609928427103113,0.4269831427664231,0.49924772561278236,15.9,27.866666666666667,1473.7520651849452,0.018559818807989358,0.12304319196070233,4.874255309766158
turbo_lunar_lander_12d,12,ts,logarithmic,decay_uniform_grid_a1,325,301,30,1.6663078327845446,1.7473783812246717,0.6108934240619269,0.11153336953009553,1.4835493969441165,2.040551891691336,0.0,2.839452752732096,0.6098744173214008,0.4267782779435372,0.4990086253426257,15.933333333333334,27.933333333333334,1479.1834041516763,0.01906536097327868,0.00520500837204357,4.86067358936804
turbo_lunar_lander_12d,12,ts,logarithmic,decay_uniform_grid_a1,326,302,30,1.739032466778229,1.781543462603987,0.5351966360035947,0.09771309008001679,1.4474211875234624,2.0685465537617462,0.0,2.904149922314242,0.6098274465720366,0.42657940970651026,0.49873371995107024,15.933333333333334,27.966666666666665,1484.4140774983448,0.019029986392706633,0.004896134526158373,4.8375593389074005
turbo_lunar_lander_12d,12,ts,logarithmic,decay_uniform_grid_a1,327,303,30,1.7149730633293532,1.781305291415344,0.5167521554900412,0.0943456040671042,1.5218591822764729,2.009072052719087,0.0,2.7255494656723673,0.6095652712767607,0.4263482374505676,0.49842942951239755,15.933333333333334,27.966666666666665,1489.9342739514695,0.019097557508697113,0.005048822611570358,5.018574522792672
turbo_lunar_lander_12d,12,ts,logarithmic,decay_uniform_grid_a1,328,304,30,1.7183284656862257,1.7758656001441242,0.515335082077747,0.0940868830425861,1.489518030075071,2.0419824906966584,0.0,2.7755361948212864,0.609175673914734,0.4261141808551599,0.49807994424890006,15.933333333333334,27.966666666666665,1495.1660931290282,0.01917520131294926,0.005003564044212302,4.817700741890197
turbo_lunar_lander_12d,12,ts,logarithmic,decay_uniform_grid_a1,329,305,30,1.6912058352019517,1.7616119735197266,0.5206041714392348,0.09504888274285188,1.4589511500772125,2.0237205332421584,0.0,2.8414961099748655,0.6101502585240723,0.4267534290401801,0.498851313319556,15.933333333333334,27.966666666666665,1500.6006036596061,0.01836237406047682,0.12277750857174397,4.735452789875368
turbo_lunar_lander_12d,12,ts,logarithmic,decay_uniform_grid_a1,33,9,30,2.1610952612274494,2.231217633670117,0.7169880097440988,0.13090350213252558,1.7682129159881192,2.6542896449278937,0.0,3.425911921812424,0.6918699265567986,0.5213642940363328,0.5975242018946022,2.8,3.566666666666667,83.53820793833583,0.0018945175999154648,0.0013509093783795833,2.111639677345132
turbo_lunar_lander_12d,12,ts,logarithmic,decay_uniform_grid_a1,330,306,30,1.7144250814004847,1.7685523495856472,0.547169406344133,0.09989900887713067,1.398504369089598,2.0659713996715015,0.0,2.8189811675043392,0.6099061515986282,0.4265445372571425,0.49869788221637273,15.966666666666667,28.0,1505.991841957982,0.018520093662664293,0.005175038582334915,4.901910253924628
turbo_lunar_lander_12d,12,ts,logarithmic,decay_uniform_grid_a1,331,307,30,1.7005753724624737,1.7576162210206,0.5419584616582184,0.09894762489366829,1.4471679824170045,2.027594626753837,0.0,2.8576459583940674,0.609880952569368,0.4263389013501494,0.49848034521937173,15.966666666666667,28.033333333333335,1511.350347552402,0.019222528813406824,0.005133317674820622,4.801153338700533
turbo_lunar_lander_12d,12,ts,logarithmic,decay_uniform_grid_a1,332,308,30,1.6897253248424329,1.7036609913246847,0.5405370808549981,0.09868811745075877,1.4043629078020756,2.0241778762367946,0.0,2.7838154035025395,0.6094711126877441,0.426154098632426,0.4983028517772381,16.0,28.066666666666666,1516.6308177321373,0.018191487497339644,0.005066013957063357,4.769754073085884
turbo_lunar_lander_12d,12,ts,logarithmic,decay_uniform_grid_a1,333,309,30,1.6695593270445426,1.7536393631700178,0.49502582560385383,0.09037893707694972,1.416981872318198,2.013814399609584,0.0,2.513494087241229,0.6092801401806818,0.42594491077040003,0.49810170601831116,16.033333333333335,28.133333333333333,1521.9102034552177,0.018196173679704466,0.005163235853736599,4.793667219035949
turbo_lunar_lander_12d,12,ts,logarithmic,decay_uniform_grid_a1,334,310,30,1.698629986229675,1.8373818608881853,0.5275202365374262,0.09631157769733642,1.3034975915199494,2.0680774047443258,0.0,2.5614278637598327,0.6111537147103235,0.4273242878465942,0.49964707677094994,16.1,28.233333333333334,1527.3678173915948,0.017836791385586064,0.1279785153766473,4.81534788532493
turbo_lunar_lander_12d,12,ts,logarithmic,decay_uniform_grid_a1,335,311,30,1.68796384786825,1.7662047278104478,0.4995454411411106,0.09120410220395184,1.47251296037519,2.0280445212538245,0.0,2.4794976059598777,0.6110476544605482,0.42711910771208506,0.49939325570779125,16.1,28.3,1532.686052336435,0.019122880153978863,0.004966298909857869,4.833072496267657
turbo_lunar_lander_12d,12,ts,logarithmic,decay_uniform_grid_a1,336,312,30,1.7229864716124774,1.8087387637696462,0.5071241019576589,0.09258777003225319,1.4984517134831674,2.0469324703770733,0.0,2.512893614878605,0.6104407658132236,0.4268872771150884,0.4990624939684391,16.166666666666668,28.366666666666667,1537.9603343021436,0.018202626379206777,0.005149049684405327,4.857647899569323
turbo_lunar_lander_12d,12,ts,logarithmic,decay_uniform_grid_a1,337,313,30,1.6823039080756634,1.770783360060644,0.5057140902648026,0.09233033829541204,1.4088756222450314,2.0338332172753786,0.0,2.5136349543615952,0.6103201489634789,0.42664856387387584,0.49856981017012036,16.166666666666668,28.433333333333334,1543.1361467389079,0.019389239481339852,0.005183691702162226,4.7562925453453015
turbo_lunar_lander_12d,12,ts,logarithmic,decay_uniform_grid_a1,338,314,30,1.712626948578462,1.7446347700392435,0.5281166716595282,0.09642047135415763,1.4146899816162377,2.0749521068087255,0.0,2.560425191608445,0.6102475375422003,0.42642751538734935,0.49839378445868626,16.2,28.466666666666665,1548.3434799834154,0.018425615007678666,0.005213842323670784,4.790378733056908
turbo_lunar_lander_12d,12,ts,logarithmic,decay_uniform_grid_a1,339,315,30,1.7180202464068264,1.7819605814187518,0.5333724719574289,0.09738004481445847,1.4651873304951846,2.021176416098625,0.0,2.5538252705538715,0.6097464660158498,0.4258661764408204,0.4977873629258162,16.233333333333334,28.533333333333335,1553.954285845145,0.018581815622746946,0.14439834224370618,4.97406737942559
turbo_lunar_lander_12d,12,ts,logarithmic,decay_uniform_grid_a1,34,10,30,2.0499007299808296,2.0066243001445634,0.6810199384204053,0.12433666079454504,1.6805567490211932,2.4518961443112497,0.0,3.1694381820897544,0.704682632151437,0.5316559108228396,0.6088063378767892,2.933333333333333,3.8333333333333335,86.18544582620574,0.0020548259218533833,0.010338278595979015,2.2000482838911313
turbo_lunar_lander_12d,12,ts,logarithmic,decay_uniform_grid_a1,340,316,30,1.7042848833461697,1.9136270431155182,0.5012110155799481,0.09150819310107026,1.3835065286808443,2.0322578677587178,0.0,2.5173920684419056,0.609565599101874,0.42564288260615796,0.4975185145495126,16.266666666666666,28.6,1559.1586662415725,0.019051283970475195,0.0053947562507043285,4.796413469950979
turbo_lunar_lander_12d,12,ts,logarithmic,decay_uniform_grid_a1,341,317,30,1.6329676661019996,1.7597036544483728,0.5771337024560658,0.1053697158438873,1.4253150310461933,2.004851151417717,0.0,2.5159853781537214,0.609456227509572,0.4254284420242616,0.4972327158935885,16.3,28.666666666666668,1564.4326478595224,0.018436603636170428,0.005315122939646244,4.71390595526124
turbo_lunar_lander_12d,12,ts,logarithmic,decay_uniform_grid_a1,342,318,30,1.6307638107198916,1.8036051261613384,0.594038805140308,0.10845615120292085,1.4848447567892962,2.0427621838090113,0.0,2.497123149660307,0.6093232789635662,0.4252253457795517,0.49702945892404743,16.3,28.7,1569.6256046115732,0.019508528088529906,0.005397556830818454,4.792435037810355
turbo_lunar_lander_12d,12,ts,logarithmic,decay_uniform_grid_a1,343,319,30,1.671964382923639,1.8409326182755383,0.6132854746292472,0.11197009621490031,1.4943316152179524,2.050500024145813,0.0,2.563847205297828,0.6085544066118959,0.4250510386371224,0.4968697340636875,16.3,28.7,1574.901479269704,0.019489158472667138,0.005540694234271845,4.7696551871020345
turbo_lunar_lander_12d,12,ts,logarithmic,decay_uniform_grid_a1,344,320,30,1.6476764192133138,1.8133427950205505,0.5808274287961354,0.10604409492312301,1.4585601817276155,2.026369550604147,0.0,2.5177277530544755,0.6081779354252627,0.42465532010811846,0.4964635643192619,16.3,28.7,1580.31573551634,0.019934910691032807,0.14735141928928594,4.813074937136844
turbo_lunar_lander_12d,12,ts,logarithmic,decay_uniform_grid_a1,345,321,30,1.7301872943138912,1.862544911270247,0.5043547858107581,0.0920821643914129,1.5244818720434359,2.009414488640948,0.0,2.55646773655206,0.607798793013531,0.42447034748695667,0.4962518413244996,16.3,28.7,1585.7907795937267,0.019299462717026473,0.005365818769981464,4.935664899103965
turbo_lunar_lander_12d,12,ts,logarithmic,decay_uniform_grid_a1,346,322,30,1.6461251707370992,1.855377111759503,0.5516448727172301,0.10071611350643103,1.3418221328676423,2.0354830791218372,0.0,2.515898456279097,0.6077228643758663,0.42428070414938474,0.4960458563621216,16.366666666666667,28.766666666666666,1591.2161312779876,0.018325846781954168,0.005543689398715894,4.945311961369589
turbo_lunar_lander_12d,12,ts,logarithmic,decay_uniform_grid_a1,347,323,30,1.7120638841387674,1.8730886200488475,0.42534143202350416,0.07765636565360783,1.4039569779017267,2.019035229477387,0.6473978410369772,2.519679781973187,0.607602892949111,0.42409633252153006,0.4958942157597796,16.433333333333334,28.9,1596.6107356197822,0.017895501712337135,0.005594383676846822,4.967345727669696
turbo_lunar_lander_12d,12,ts,logarithmic,decay_uniform_grid_a1,348,324,30,1.7286841357370055,1.8645158216941247,0.43146668174166825,0.07877467813393803,1.5002635948714282,2.0500696319329936,0.7985008635636137,2.531823637958597,0.6075611046804537,0.423908277847671,0.49566417172445215,16.433333333333334,28.966666666666665,1602.091388095636,0.019473172444850206,0.005613928629706303,4.9712448195243875
turbo_lunar_lander_12d,12,ts,logarithmic,decay_uniform_grid_a1,349,325,30,1.6718251165024753,1.856921144782619,0.5336901810341983,0.09743805029048207,1.4327754073431196,2.0306989150881387,0.0,2.527330236330795,0.6098840622843295,0.4258059491927823,0.4977327263187215,16.5,29.033333333333335,1607.4554532027958,0.01815705676563084,0.15339044701928894,4.67775235886996
turbo_lunar_lander_12d,12,ts,logarithmic,decay_uniform_grid_a1,35,11,30,2.024383656788504,1.9134341870224016,0.6839236316277684,0.12486680021779413,1.6650318625418927,2.373033962829936,0.0,3.4580895742960056,0.7028008308005526,0.5291885729037195,0.6064202906283185,3.3333333333333335,4.3,88.72819080088908,0.0015433683680991332,0.0013827226435144742,2.2076351080089807
turbo_lunar_lander_12d,12,ts,logarithmic,decay_uniform_grid_a1,350,326,30,1.6738342343627264,1.8351666076833415,0.5595927520485299,0.10216719110445835,1.4713384038033326,2.0102130846154895,0.0,2.552740198130101,0.6095277171083778,0.425618000239391,0.49745244351937157,16.533333333333335,29.066666666666666,1612.6372896256391,0.01841845524807771,0.005626963979254166,4.812657973341023
turbo_lunar_lander_12d,12,ts,logarithmic,decay_uniform_grid_a1,351,327,30,1.6854952869924233,1.8710778389010199,0.5620056858207919,0.10260773052340301,1.5342200752223514,2.014121537122267,0.0,2.5548127064361954,0.6090540140827787,0.42541238217475424,0.49722609532173906,16.533333333333335,29.1,1617.855607086327,0.019508451456204057,0.005535888625308872,4.825609903518731
turbo_lunar_lander_12d,12,ts,logarithmic,decay_uniform_grid_a1,352,328,30,1.6543008616393204,1.8647170955621784,0.5502997876950215,0.10047053570362238,1.4742324269928428,2.020705784261808,0.0,2.5045242506558543,0.6088941527429623,0.42523184386103746,0.49702017659986214,16.6,29.166666666666668,1623.3419037583594,0.018254109285771848,0.005868715001270175,5.042855571846788
turbo_lunar_lander_12d,12,ts,logarithmic,decay_uniform_grid_a1,353,329,30,1.659530852765428,1.8498209505647576,0.5489231565186338,0.10021919838739823,1.4663658063067626,2.0234567240789776,0.0,2.5146153477075215,0.6085149160614686,0.42504517109682266,0.4969110531567928,16.666666666666668,29.3,1628.9127316625634,0.01812225094375511,0.005657550599426031,4.910335617450376
turbo_lunar_lander_12d,12,ts,logarithmic,decay_uniform_grid_a1,354,330,30,1.6659348167142245,1.836517555861417,0.5550556976587427,0.10133884209315361,1.4824764958357557,2.043470740693116,0.0,2.5437807864272526,0.6069562178097365,0.42354521839533427,0.49529086275378287,16.666666666666668,29.366666666666667,1634.4261560837583,0.01917789364233613,0.173302649675558,4.879508098897834
turbo_lunar_lander_12d,12,ts,logarithmic,decay_uniform_grid_a1,355,331,30,1.7429034184944208,1.8519278801857668,0.5352081320081469,0.09771518895368825,1.5650890155332384,2.03993184478617,0.0,2.588475145661112,0.6068602163041287,0.4233497790472346,0.49503659468241185,16.7,29.4,1639.784721786327,0.019172069026778142,0.005710580355177323,4.889583842518429
turbo_lunar_lander_12d,12,ts,logarithmic,decay_uniform_grid_a1,356,332,30,1.7158746995736989,1.8394469080164084,0.5456585361849675,0.09962316298791854,1.56418323936313,2.0503251258064648,0.0,2.617632919829281,0.606779095752081,0.42314274208138686,0.49469610873846126,16.7,29.433333333333334,1645.2304105993514,0.01980068770547708,0.005592633799339334,4.970476930184911
turbo_lunar_lander_12d,12,ts,logarithmic,decay_uniform_grid_a1,357,333,30,1.7477354050808152,1.8052856698939395,0.4538006854218606,0.08285229067228628,1.4595614914624564,2.0366978824062327,0.32663746125869597,2.6675612866209564,0.6065653283294082,0.4229569666516204,0.49450533709457173,16.7,29.433333333333334,1650.7577060495348,0.01990896062925458,0.005942280140394966,5.087413855936999
turbo_lunar_lander_12d,12,ts,logarithmic,decay_uniform_grid_a1,358,334,30,1.7343100806483986,1.760037783988639,0.446954802363468,0.08160240914657825,1.4266918057367688,2.0178795431896805,0.3113023768663701,2.6552790821332604,0.606439358426138,0.4227867095562025,0.49426221699899503,16.733333333333334,29.466666666666665,1656.4754009486953,0.01920040505938232,0.005867673829197883,5.076923935906962
turbo_lunar_lander_12d,12,ts,logarithmic,decay_uniform_grid_a1,359,335,30,1.7716217674636277,1.8492562658601406,0.48106474647353176,0.08783000442135239,1.545266708344113,2.046722855254289,0.2491084536934991,2.5678985438955997,0.6073757400527159,0.4234707887211038,0.49508815592833755,16.733333333333334,29.5,1662.4819918644614,0.019928462198004128,0.19494917082289856,5.175180768407881
turbo_lunar_lander_12d,12,ts,logarithmic,decay_uniform_grid_a1,36,12,30,2.0395160545154427,2.00815491336495,0.6873455457961859,0.12549155341109042,1.697238156116949,2.387935404963379,0.10592238851630476,3.578530106790144,0.7011203886304167,0.5268959188105083,0.6041408647541643,3.5,4.8,91.25237496543365,0.0021918314353873334,0.003421501303091645,2.182506697749098
turbo_lunar_lander_12d,12,ts,logarithmic,decay_uniform_grid_a1,360,336,30,1.7716147773628175,1.8902047751353468,0.4822830957261369,0.08805244354420952,1.5323665842992096,2.0253337197923598,0.2665305899936734,2.566993461033337,0.6073124071394896,0.4233184998979242,0.4948957381210678,16.733333333333334,29.5,1668.1795549822816,0.020142544340342284,0.006001827617486318,5.106050268203641
turbo_lunar_lander_12d,12,ts,logarithmic,decay_uniform_grid_a1,361,337,30,1.766609341246715,1.8251777639535702,0.4665782403591255,0.08518514236192011,1.4873176609928371,2.0148831347197556,0.3275977660370255,2.56605253155027,0.6070390464063627,0.42314563927826854,0.49463139764297065,16.833333333333332,29.6,1673.602408982534,0.01799940699711442,0.0057792285922914745,4.994513833010569
turbo_lunar_lander_12d,12,ts,logarithmic,decay_uniform_grid_a1,362,338,30,1.7479354141645138,1.8043912198900733,0.48022082107313324,0.0876759254284691,1.48451624413788,2.023939444020675,0.2836943148651556,2.572887430634183,0.6069536147410746,0.4229612165012778,0.49436676745927055,16.833333333333332,29.7,1679.1258324408748,0.01995249216755231,0.006115457384536663,5.067335659405217
turbo_lunar_lander_12d,12,ts,logarithmic,decay_uniform_grid_a1,363,339,30,1.785832834872917,1.8588377852691562,0.47914619711414713,0.08747972683407837,1.544247005492942,2.013596307939236,0.2863270183085871,2.7058060375601936,0.6068389148998486,0.42275362189939947,0.4942001912241717,16.866666666666667,29.733333333333334,1684.8372142058176,0.01964036365970969,0.0060795516396562254,5.105428244670232
turbo_lunar_lander_12d,12,ts,logarithmic,decay_uniform_grid_a1,364,340,30,1.7631472719191348,1.7916575082458142,0.5023386337838033,0.09171406707657193,1.493456316392333,2.024497016258797,0.225579077677579,2.7205580698543383,0.6078735204292975,0.42353575998752696,0.4950988847048451,16.866666666666667,29.766666666666666,1690.8049281695546,0.019972303913285337,0.2006331322559466,5.227690733751903
turbo_lunar_lander_12d,12,ts,logarithmic,decay_uniform_grid_a1,365,341,30,1.731521175201511,1.7764764516881109,0.5836406714622184,0.10655772041243956,1.5487703254473888,2.0117597247961467,0.0,2.7263637583980307,0.6075691964570702,0.4233695724290127,0.4949991785015687,16.9,29.8,1696.2888106770813,0.020395699127887686,0.006103983630115787,4.975748574718212
turbo_lunar_lander_12d,12,ts,logarithmic,decay_uniform_grid_a1,366,342,30,1.7026243276733435,1.7654099153026666,0.5727147527556972,0.10456292970009644,1.526171895421468,1.9684311753521346,0.0,2.693807337474932,0.6073734095177313,0.42316484195370313,0.4947254393757855,16.9,29.833333333333332,1701.6247603599138,0.01950095089462896,0.005918216348315279,4.894097771247228
turbo_lunar_lander_12d,12,ts,logarithmic,decay_uniform_grid_a1,367,343,30,1.7259859061452738,1.7905078131959837,0.5741592409591347,0.1048266559577874,1.5800689791201747,2.017307537887545,0.0,2.6981674108103872,0.607340183151603,0.42299704172095803,0.49460071729304206,16.9,29.833333333333332,1707.021403118347,0.01957399450863401,0.005870028926680485,4.8576462318810325
turbo_lunar_lander_12d,12,ts,logarithmic,decay_uniform_grid_a1,368,344,30,1.748656172290832,1.7907352658910918,0.5936258436910672,0.10838075510254443,1.5539452864982,2.01927888465362,0.0,2.773504503062852,0.6072819879067045,0.42281527446394657,0.49444150205465015,16.933333333333334,29.866666666666667,1712.369758679966,0.01867344370111823,0.006014006522794564,4.898416829916338
turbo_lunar_lander_12d,12,ts,logarithmic,decay_uniform_grid_a1,369,345,30,1.7063661307833091,1.8072060833784274,0.6145852299195078,0.11220739797880445,1.53059676839105,1.9888036656460724,0.0,2.7069944157442496,0.6057889535731832,0.42191099696305734,0.4934322529553619,16.933333333333334,29.9,1717.8290666333555,0.018938116931046047,0.19761938272664945,4.773206154474368
turbo_lunar_lander_12d,12,ts,logarithmic,decay_uniform_grid_a1,37,13,30,1.9740089087844448,1.9207985496872344,0.650954193977421,0.11884743198134234,1.703953810268389,2.441235867509944,0.0,3.051440076382911,0.699239232110114,0.5246824571366261,0.6021098527091602,3.6,5.066666666666666,93.93062988684203,0.0023863873289277156,0.001340509718284011,2.263249118067324
turbo_lunar_lander_12d,12,ts,logarithmic,decay_uniform_grid_a1,370,346,30,1.7327424929480137,1.8161468460803274,0.6425132911793812,0.11730634102527737,1.6075422892487783,1.9950560803658637,0.0,2.714046587433476,0.6056251136766065,0.4217132482926829,0.49316188926578636,16.966666666666665,29.933333333333334,1723.1044835750633,0.018231099750846625,0.005897645031412443,4.774462504964322
turbo_lunar_lander_12d,12,ts,logarithmic,decay_uniform_grid_a1,371,347,30,1.7003033669185215,1.75542851023122,0.6557209496735813,0.11971771852164342,1.5506824645721444,1.9926567445648322,0.0,2.705427836964711,0.605136858135448,0.42152371103474484,0.49293249411616546,16.966666666666665,29.966666666666665,1728.3294619082783,0.019397180915499728,0.005893523044263323,4.710701414089029
turbo_lunar_lander_12d,12,ts,logarithmic,decay_uniform_grid_a1,372,348,30,1.720282980935383,1.8326539572233278,0.6494312718243354,0.11856938570915256,1.4734944816190858,1.9786240556937766,0.0,2.7037380683651673,0.6050589404520864,0.4213489191390447,0.4927952568154346,16.966666666666665,29.966666666666665,1733.5458611997776,0.01952145961113274,0.005781713469574849,4.751593775814399
turbo_lunar_lander_12d,12,ts,logarithmic,decay_uniform_grid_a1,373,349,30,1.724587817544855,1.8357766192528142,0.66518358173614,0.12144535086632177,1.4627882458563513,2.0123929671636196,0.0,2.6947010516779812,0.6049927074227784,0.42115485539490166,0.4926166667102301,16.966666666666665,29.966666666666665,1738.8642852796863,0.019561787617082396,0.006122684851288795,4.862091078190133
turbo_lunar_lander_12d,12,ts,logarithmic,decay_uniform_grid_a1,374,350,30,1.718838034987724,1.8079261763061658,0.6363591847495687,0.11618276005431208,1.5215468027997119,2.043260743461272,0.0,2.6950699122536017,0.6072582503413403,0.42295862158435543,0.4945881299110532,16.966666666666665,29.966666666666665,1744.4529067323388,0.01969253084001442,0.1895554368539403,4.872180644764255
turbo_lunar_lander_12d,12,ts,logarithmic,decay_uniform_grid_a1,375,351,30,1.6862993105636948,1.7936792305215623,0.620700850224559,0.11332395237687551,1.5649374221372372,1.975607437747615,0.0,2.7587221776710624,0.6069990969656388,0.42277380751074445,0.4942884502042153,16.966666666666665,29.966666666666665,1749.8472019018761,0.020064080568651357,0.006332454923540354,4.903958967359116
turbo_lunar_lander_12d,12,ts,logarithmic,decay_uniform_grid_a1,376,352,30,1.7159389353496743,1.8112223229799036,0.6261651496979684,0.11432159240439216,1.5459851219721126,1.9847404779149032,0.0,2.7166848909996832,0.6068605546291971,0.4225606430305563,0.49404535326090726,17.0,30.0,1755.0492502034797,0.018851346460481484,0.006115523120388389,4.8119527943587554
turbo_lunar_lander_12d,12,ts,logarithmic,decay_uniform_grid_a1,377,353,30,1.7033615667053938,1.8162242025800928,0.6180611630117342,0.11284201363313481,1.5704798040740313,1.986912129635633,0.0,2.7165756133883443,0.6065927080974255,0.42237589569297257,0.49374945533018416,17.033333333333335,30.066666666666666,1760.4733110533716,0.018832052017872532,0.006225156411528587,4.9607172644076245
turbo_lunar_lander_12d,12,ts,logarithmic,decay_uniform_grid_a1,378,354,30,1.671494357863398,1.7763245112545571,0.6150052343883315,0.11228407995274703,1.4095764885084208,1.9769499821516388,0.0,2.7263024334158468,0.6065533246465227,0.4221915438251203,0.4935297811190572,17.066666666666666,30.133333333333333,1765.7524102640648,0.01919805579818785,0.006215586063141624,4.793415995935599
turbo_lunar_lander_12d,12,ts,logarithmic,decay_uniform_grid_a1,379,355,30,1.6614926410744404,1.763397491610276,0.5743030972309066,0.1048529203994834,1.5612816541695318,1.9715414113361835,0.0,2.7065152869236675,0.6053141285757984,0.42129712594980334,0.49256019972538173,17.066666666666666,30.166666666666668,1771.407089137969,0.019104241688425342,0.19962913144069414,5.081361250517269
turbo_lunar_lander_12d,12,ts,logarithmic,decay_uniform_grid_a1,38,14,30,1.965376478309919,1.8522551684935182,0.6004437460864221,0.10962552808147924,1.6983687591618155,2.4805899259606936,0.0,2.8675742855386597,0.697056939399099,0.5225247461067095,0.5995603679338035,4.0,5.566666666666666,96.84665006355694,0.0017693345279743275,0.0014173576918741068,2.41491729747504
turbo_lunar_lander_12d,12,ts,logarithmic,decay_uniform_grid_a1,380,356,30,1.7076783588951356,1.8082805645481779,0.5125462264017142,0.09357770998812294,1.4719278666232116,1.9679509717950052,0.4850737111444612,2.703115576993841,0.6051883266398388,0.42113524274856046,0.49228487551736133,17.066666666666666,30.166666666666668,1777.0328678236654,0.020894845435395836,0.006500460424770912,5.024279015014569
turbo_lunar_lander_12d,12,ts,logarithmic,decay_uniform_grid_a1,381,357,30,1.7070472635059857,1.7413983686184704,0.5011227275533767,0.09149207398650003,1.41416323535935,1.9851520712000288,0.5226341741830811,2.7031510088371427,0.6049955371231319,0.42093882469501476,0.49200732968511374,17.066666666666666,30.166666666666668,1782.5648709057984,0.0193885227975746,0.0063042289577424524,5.035115898121148
turbo_lunar_lander_12d,12,ts,logarithmic,decay_uniform_grid_a1,382,358,30,1.7183010201613027,1.7686178641494594,0.5278298407408055,0.09636810343269951,1.45117810906478,1.9994290179260212,0.40806404664013307,2.6988911429805245,0.6048383655335139,0.4207678546745758,0.49184121645959566,17.066666666666666,30.166666666666668,1788.006601409257,0.01988654416054487,0.0063792203708241384,4.994995458610356
turbo_lunar_lander_12d,12,ts,logarithmic,decay_uniform_grid_a1,383,359,30,1.7690173473411652,1.8215313548154761,0.519243410497648,0.09480044292182553,1.5276085517258604,2.0131363657620143,0.4202478738084996,2.7093193720093605,0.6047682775076951,0.42054495623908217,0.4915281656133693,17.133333333333333,30.233333333333334,1793.4395722128295,0.018151666037738323,0.006251106457784772,4.953187068070595
turbo_lunar_lander_12d,12,ts,logarithmic,decay_uniform_grid_a1,384,360,30,1.7727956909886509,1.8732664966333754,0.5136009962337642,0.09377028373145284,1.4595616719977509,2.006935677682434,0.5606738496417623,2.6885929785402785,0.6038685729075628,0.4197123132434769,0.49068913918751084,17.133333333333333,30.3,1798.9771153203678,0.020143611046175163,0.223373941037183,4.948857741616666
turbo_lunar_lander_12d,12,ts,logarithmic,decay_uniform_grid_a1,385,361,30,1.7431829646146992,1.7556379539375062,0.46268625304117067,0.08447456594606415,1.5357431249887004,2.0032154540158538,0.7180728337028028,2.7032471316461177,0.6033983221055345,0.4195532005264475,0.49053051448396634,17.133333333333333,30.3,1804.4635497776947,0.019697853938365976,0.006279599185412129,5.040447740939756
turbo_lunar_lander_12d,12,ts,logarithmic,decay_uniform_grid_a1,386,362,30,1.7994628655748517,1.81589573716715,0.49293386428354025,0.08999699894209504,1.5294826402289927,2.0195634419581383,0.5926628285942528,2.689248678930224,0.6033832839614773,0.41940106150068546,0.4903993699465598,17.133333333333333,30.3,1809.937890363469,0.020098594995215536,0.006419914743552605,5.019786922462905
turbo_lunar_lander_12d,12,ts,logarithmic,decay_uniform_grid_a1,387,363,30,1.8019234023128476,1.8442935137217862,0.47887341749076395,0.0874299243164268,1.499071214891021,2.0333887399317216,0.6331890540365483,2.656882135264174,0.603328939807522,0.4192196488947056,0.4901638661287139,17.133333333333333,30.3,1815.559871603766,0.020152813149616124,0.006712280834714572,5.07714525872531
turbo_lunar_lander_12d,12,ts,logarithmic,decay_uniform_grid_a1,388,364,30,1.7865217000402491,1.830477564481313,0.46453991256202004,0.08481299632389862,1.5296276413083523,2.003346730652642,0.6168284163289528,2.6568761240314642,0.6032036519279094,0.41905735128359795,0.4900166431366429,17.166666666666668,30.333333333333332,1821.0114146481424,0.01993294262016813,0.006324291415512562,4.948421182421346
turbo_lunar_lander_12d,12,ts,logarithmic,decay_uniform_grid_a1,389,365,30,1.8042055498357283,1.8217615888037915,0.4289660556361424,0.07831812835864375,1.5516436114423662,2.019256667587392,0.6748273407675012,2.63821857098083,0.6032892052253224,0.4190306637350376,0.4900516912104827,17.2,30.4,1826.5503354056739,0.019453456749518712,0.2080919101834297,4.920223721660053
turbo_lunar_lander_12d,12,ts,logarithmic,decay_uniform_grid_a1,39,15,30,1.9529029505398283,1.8847863352984668,0.6011731994929559,0.10975870744328174,1.62633327297964,2.3704022611528806,0.0,2.814185925417935,0.6988747062275528,0.522574718428281,0.5999259718044627,4.166666666666667,5.866666666666666,99.80462602862778,0.00233840838385125,0.01063548242673278,2.5515408089384435
turbo_lunar_lander_12d,12,ts,logarithmic,decay_uniform_grid_a1,390,366,30,1.814798226901053,1.8112026984078633,0.46189214235985615,0.08432958183496023,1.5062539571493465,2.1021922981002477,0.6739855168136144,2.623621472317576,0.6029252936422138,0.41885370997056093,0.4898697853925568,17.233333333333334,30.466666666666665,1831.9775370296557,0.01952278216679891,0.006241685167575876,4.913830569603791
turbo_lunar_lander_12d,12,ts,logarithmic,decay_uniform_grid_a1,391,367,30,1.7797288272434526,1.775028724259481,0.46440019879152816,0.08478748819600111,1.4192300452305275,1.9651260237543957,0.6457049556682415,2.6247522148336815,0.6026764439774979,0.4186664273059986,0.489710932308511,17.233333333333334,30.5,1837.1325337184749,0.019767415554573137,0.006398328207433223,4.791179446829483
turbo_lunar_lander_12d,12,ts,logarithmic,decay_uniform_grid_a1,392,368,30,1.8098296640412341,1.7727417519979554,0.45603935314737637,0.08326101360962754,1.4831228081104557,2.0244762293572975,0.701140010486867,2.732907905184866,0.6024301717123409,0.41850204543956604,0.4895417082223403,17.233333333333334,30.5,1842.699943641713,0.019384757072354358,0.006509887985885143,5.020320923672989
turbo_lunar_lander_12d,12,ts,logarithmic,decay_uniform_grid_a1,393,369,30,1.8166164509470404,1.8222686973258333,0.463637323630345,0.08464820688455431,1.4806078271684313,2.0002590103180538,0.6653552558216003,2.7261524611908894,0.6023617640861924,0.4183340009954917,0.48934413779347896,17.233333333333334,30.5,1848.1849570287081,0.0201328174987187,0.006514699943363666,5.003129943848277
turbo_lunar_lander_12d,12,ts,logarithmic,decay_uniform_grid_a1,394,370,30,1.7772115709471343,1.747300193477923,0.432463742987796,0.07895671577917748,1.4971228303806552,1.982317503296735,0.7495220309661541,2.7237579713565556,0.6017326975928049,0.41773276572494455,0.4886943053192212,17.266666666666666,30.533333333333335,1854.0420479344514,0.019709135747204225,0.2120934992407759,4.951968285813928
turbo_lunar_lander_12d,12,ts,logarithmic,decay_uniform_grid_a1,395,371,30,1.7973026551153266,1.7492383391519746,0.4201260087631981,0.07670416399807223,1.4851865142427356,2.0338674390416904,0.8583348927542389,2.717738113521931,0.6015776563164654,0.41754635163893755,0.48848261189132586,17.3,30.6,1859.6098408369658,0.020182556565850975,0.006793677092840274,5.127212086925283
turbo_lunar_lander_12d,12,ts,logarithmic,decay_uniform_grid_a1,396,372,30,1.8037341633776143,1.7310453198846434,0.44699022843403236,0.08160887703256887,1.454445731989406,2.0200100389835276,0.8200922158752717,2.703609750072593,0.6015535056890529,0.4173757156652775,0.4882742331194995,17.333333333333332,30.666666666666668,1865.1549720168268,0.020772847191741068,0.006966387697805961,5.089497559921195
turbo_lunar_lander_12d,12,ts,logarithmic,decay_uniform_grid_a1,397,373,30,1.7890511219274274,1.710561652629875,0.46399519540641593,0.08471354503270381,1.476370465314097,2.048715512090529,0.7786967568353722,2.7000501154354977,0.6015118786002304,0.41721386773332786,0.4881214102737706,17.333333333333332,30.7,1870.8899319011718,0.020683342311531305,0.007101589348167181,5.030868499663969
turbo_lunar_lander_12d,12,ts,logarithmic,decay_uniform_grid_a1,398,374,30,1.8096474085570726,1.7555551632014985,0.4621267849596501,0.08437242151657982,1.5069705132510318,2.0425113161758315,0.8247237835930348,2.752387245113398,0.6012027308099591,0.4170112610133386,0.4878783800509099,17.366666666666667,30.733333333333334,1876.274183694382,0.02014602896136542,0.006633003149181605,4.965953149118771
turbo_lunar_lander_12d,12,ts,logarithmic,decay_uniform_grid_a1,399,375,30,1.804787436940009,1.763574964749623,0.45668035610027563,0.08337804420187099,1.5149766895284373,1.997558610632312,0.7168611456221174,2.6896941513221346,0.6017470303075279,0.41738597347682815,0.48833944479991154,17.366666666666667,30.766666666666666,1882.0474293878458,0.021262533698851862,0.22297718091867863,5.06231521187971
turbo_lunar_lander_12d,12,ts,logarithmic,decay_uniform_grid_a1,4,0,30,2.595645094133169,2.564495860183216,0.4117674774771014,0.07517811195373629,2.343690395189023,2.806821168018637,1.789051247974039,3.44375256820605,0.9990418345947157,0.9894573972412446,0.9968310059885063,0.0,0.0,7.936814422098299,0.0,0.0013335934684922297,2.107548722345382
turbo_lunar_lander_12d,12,ts,logarithmic,decay_uniform_grid_a1,40,16,30,1.8901192625537278,1.9470392115838715,0.5630181212083117,0.10279257508999004,1.580827459864619,2.26096645529901,0.0,2.789129607423323,0.6975088398589226,0.5204378046465802,0.5979090054430206,4.266666666666667,6.066666666666666,102.90346747627481,0.0030759864021092653,0.0014060523516188064,2.6742367116889607
turbo_lunar_lander_12d,12,ts,logarithmic,decay_uniform_grid_a1,400,376,30,1.775244288630887,1.7384045079423305,0.47387374497028656,0.08651711317655873,1.461048516726797,1.9745056574416093,0.6790850652076543,2.692688100102824,0.6013964187910381,0.4172152895286097,0.4880767619671641,17.4,30.8,1887.6095493157704,0.020583148517956337,0.00688691915323337,5.055025169377526
turbo_lunar_lander_12d,12,ts,logarithmic,decay_uniform_grid_a1,41,17,30,1.9130409757216504,1.9328518229631588,0.5605874401028136,0.10234879546612906,1.6403371161068818,2.3475107861541757,0.0,2.7865850947584248,0.6950096734390925,0.518342361462187,0.5955323639901624,4.533333333333333,6.366666666666666,105.9513238362968,0.0022126621256272,0.0014169364081074794,2.6409562677145004
turbo_lunar_lander_12d,12,ts,logarithmic,decay_uniform_grid_a1,42,18,30,1.86255139753385,1.895507570263324,0.5427773620136936,0.09909713495934923,1.5825967856256402,2.2338740316627845,0.036484097267841964,2.8375143937841356,0.6917179015253211,0.516365983234374,0.5935328927704131,4.733333333333333,6.7,108.96086009123051,0.0024233768849323194,0.0013889056164771319,2.682318489905447
turbo_lunar_lander_12d,12,ts,logarithmic,decay_uniform_grid_a1,43,19,30,1.8345955633203894,1.8640859359408286,0.5489722721633792,0.10022816563624938,1.505483210525202,2.2652802208194496,0.08625468568206962,2.7322830048669626,0.6901610232722444,0.5146102487107738,0.5916344959283654,4.933333333333334,7.1,112.13562174546533,0.002769131027162075,0.0014008135534822942,2.784592905609558
turbo_lunar_lander_12d,12,ts,logarithmic,decay_uniform_grid_a1,44,20,30,1.8161168945845594,1.8564637626514533,0.5589448876601864,0.10204890779122501,1.5471768289094339,2.2279412034211026,0.0,2.8683081538487047,0.6999892960538058,0.5266393240196122,0.6029703122115756,5.033333333333333,7.4,115.49497409613492,0.0030370285734534264,0.01159211282307903,2.9360959875552606
turbo_lunar_lander_12d,12,ts,logarithmic,decay_uniform_grid_a1,45,21,30,1.8820465847036585,1.8357314667278488,0.40561264007723125,0.07405439752650785,1.543560214709796,2.2873542900557737,1.2724739377747627,2.4919777833846877,0.699136186229979,0.5249354808161751,0.6013710616214429,5.166666666666667,7.633333333333334,118.95258911702162,0.0030530644580721855,0.001507260976359248,2.9692429148592057
turbo_lunar_lander_12d,12,ts,logarithmic,decay_uniform_grid_a1,46,22,30,1.9173428792865725,1.8752431512140681,0.39272302281646276,0.07170108614939756,1.6874691050779789,2.2431735159180084,1.0581902522215691,2.5239606511078465,0.697280811934327,0.5230048798387888,0.5993959162280527,5.3,7.9,122.510301526372,0.0031247600136945644,0.001440407739331325,3.112718855092923
turbo_lunar_lander_12d,12,ts,logarithmic,decay_uniform_grid_a1,47,23,30,1.907939040480525,1.9008650500481508,0.5853612095199636,0.10687184624753061,1.6075622094011273,2.424843237847098,0.0,2.694287073406435,0.6965373981838289,0.5214462818197289,0.5977724062767675,5.5,8.1,126.12961925788161,0.0030269599830110867,0.0015071462839841843,3.159517286391929
turbo_lunar_lander_12d,12,ts,logarithmic,decay_uniform_grid_a1,48,24,30,1.956337921685058,1.9080083914391799,0.4714841706064704,0.08608083858259268,1.6419209634318988,2.343720533255673,0.9638643768761228,2.776263694969178,0.6956645243229603,0.5198645949244687,0.5962274281019682,5.666666666666667,8.466666666666667,129.69850215547098,0.0032093024036536615,0.0014723624878873428,3.2292606097025174
turbo_lunar_lander_12d,12,ts,logarithmic,decay_uniform_grid_a1,49,25,30,1.7967111677677279,1.9121363546167505,0.6750265326782179,0.12324241962078603,1.4995472940646952,2.339568574234511,0.0,2.7003289800759136,0.6994977026542359,0.5241913336129876,0.6006691672534455,5.766666666666667,8.666666666666666,133.50616069993313,0.003582077535490195,0.01103036639591058,3.27355055877318
turbo_lunar_lander_12d,12,ts,logarithmic,decay_uniform_grid_a1,5,0,30,2.5186555437315987,2.4763517558143135,0.40486694848409394,0.07391825349100675,2.3297896836775625,2.7074990324575405,1.8046623785139477,3.4967428332889448,0.9988791369565952,0.9872952692566848,0.996150874403876,0.0,0.0,10.660010445692267,0.0,0.0013686494901776313,2.3320302858483046
turbo_lunar_lander_12d,12,ts,logarithmic,decay_uniform_grid_a1,50,26,30,1.8720910475049586,1.915029316732645,0.6154755692485004,0.11236995095691221,1.5017240780416299,2.227034724764288,0.0,3.11135786776848,0.6970011446048593,0.5226283855971631,0.5992097428840644,5.866666666666666,8.866666666666667,137.21977582358133,0.003592395937691132,0.0014960370336969695,3.305952052477126
turbo_lunar_lander_12d,12,ts,logarithmic,decay_uniform_grid_a1,51,27,30,1.8817108756920153,1.9013777365008133,0.6335545140577484,0.11567069958621756,1.508823190014176,2.330032788248695,0.0,3.2503094925872347,0.6960646820864497,0.5211692107449848,0.5975658431396634,5.9,9.0,140.92174362425382,0.003908713037769,0.001479999286433061,3.227615002170205
turbo_lunar_lander_12d,12,ts,logarithmic,decay_uniform_grid_a1,52,28,30,1.7757570480842848,1.7210321776447743,0.6262841793197708,0.11434332414068296,1.3924761723651193,2.192702158465282,0.0,3.164715117783458,0.6951590234683108,0.5198176898764325,0.5960615938054449,6.033333333333333,9.166666666666666,144.62167411935516,0.003606857204188903,0.001503114200507601,3.2808708341637005
turbo_lunar_lander_12d,12,ts,logarithmic,decay_uniform_grid_a1,53,29,30,1.8049622286783125,1.7962431560676875,0.6166832096073822,0.1125904349122166,1.4499340213222798,2.1568869697519846,0.0,3.117671160047311,0.6941304845748362,0.5184610359673071,0.5947299638598287,6.166666666666667,9.366666666666667,148.52220576565404,0.0037925513616452614,0.0015658581318954627,3.2741779191419482
turbo_lunar_lander_12d,12,ts,logarithmic,decay_uniform_grid_a1,54,30,30,1.7909391533232255,1.7506822513457259,0.6242008425283249,0.11396296062216452,1.4406298007136096,2.154797484950027,0.0,3.0933619081143835,0.6973041422300695,0.5214058961033036,0.598171249023306,6.233333333333333,9.5,152.20674633669356,0.003948107206573089,0.011561476237451037,3.274296869461735
turbo_lunar_lander_12d,12,ts,logarithmic,decay_uniform_grid_a1,55,31,30,1.7605023650275555,1.7490160772385908,0.6204574886681187,0.11327952083884486,1.413215202990098,2.1579723206472963,0.0,3.1228984193424045,0.6964419188088743,0.5197936782045259,0.5965087566780725,6.366666666666666,9.633333333333333,155.97868666529345,0.0039033019915223123,0.001489903482918938,3.32311372460487
turbo_lunar_lander_12d,12,ts,logarithmic,decay_uniform_grid_a1,56,32,30,1.685529933756309,1.716787983706148,0.5979841356660577,0.10917646671150978,1.3383658673382213,2.0238265162438105,0.0,3.097951650475952,0.6954892312508189,0.5183667380598681,0.5949410589507343,6.4,9.8,159.7801247491191,0.004505581206952532,0.001519061950966716,3.3989678953929494
turbo_lunar_lander_12d,12,ts,logarithmic,decay_uniform_grid_a1,57,33,30,1.7310655118617144,1.6804176834827191,0.5821163782211806,0.1062794238149832,1.3892288551530316,2.0918765826470294,0.0,3.1170150672283627,0.6936258068967764,0.5170395188942688,0.5937652466021535,6.533333333333333,9.966666666666667,163.69363507901627,0.004128956592952212,0.0015904288118084272,3.477771288327252
turbo_lunar_lander_12d,12,ts,logarithmic,decay_uniform_grid_a1,58,34,30,1.7529450135615117,1.6939869200946789,0.5590792192935052,0.1020734332798101,1.4581046254997823,2.080127002242307,0.0,3.1246032750885098,0.6929172782386743,0.5157306937302717,0.5925751741579471,6.733333333333333,10.233333333333333,167.45477429355185,0.003913771904384096,0.0015377152090271314,3.313100229607274
turbo_lunar_lander_12d,12,ts,logarithmic,decay_uniform_grid_a1,59,35,30,1.7599158755871864,1.7653123929766519,0.5445680847425998,0.0994240747036356,1.4808698336109791,2.0647655245984557,0.22045486648152912,3.087381559915581,0.6962252843757543,0.5175722547449109,0.5950261945858603,6.8,10.433333333333334,171.12928837227324,0.005040253357340892,0.012853397568687797,3.26520934527119
turbo_lunar_lander_12d,12,ts,logarithmic,decay_uniform_grid_a1,6,0,30,2.3084718727678397,2.36476569851388,0.4032448147561484,0.07362209374631151,2.054919774827458,2.6530246449068597,1.370461264376363,2.9507006614595364,0.9986889384325536,0.9852275100876212,0.995148893418597,0.0,0.0,13.411156147299334,0.0,0.0013712525988618532,2.3284269310068337
turbo_lunar_lander_12d,12,ts,logarithmic,decay_uniform_grid_a1,60,36,30,1.7864663070379843,1.77035910716672,0.4726616532687581,0.08629581652099474,1.4240373510088142,2.0773039648607696,0.9011123488709076,3.143672304563483,0.6942493901507729,0.5163321257955003,0.5937885820535148,6.866666666666666,10.5,174.71407913151197,0.006406701930488149,0.0015577009258170922,3.2464883446072537
turbo_lunar_lander_12d,12,ts,logarithmic,decay_uniform_grid_a1,61,37,30,1.7737485140640985,1.7581272653993396,0.5196023138749927,0.09486596941373768,1.4139241789225316,2.2064562660671094,0.839898609177097,3.0747317924041537,0.6936398055305245,0.5150936932681461,0.5925062630696479,6.933333333333334,10.633333333333333,178.6144421205235,0.005603523412719369,0.0014842571690678596,3.32923854853337
turbo_lunar_lander_12d,12,ts,logarithmic,decay_uniform_grid_a1,62,38,30,1.7619877749557582,1.645226963974066,0.5279146556028536,0.09638358843708464,1.426369698253994,2.1441782311701725,0.951123588155993,3.182275287255849,0.6926501280279351,0.513863490477085,0.5912822819781357,7.0,10.766666666666667,182.33730711216728,0.005795973135779301,0.0014928214407215516,3.357432260643691
turbo_lunar_lander_12d,12,ts,logarithmic,decay_uniform_grid_a1,63,39,30,1.7282607584488183,1.6326602337881417,0.5552614325665489,0.10137640397644417,1.4013838660822542,2.1446854743616064,0.5382339540007606,3.1411479728961456,0.6921436706535224,0.5126991916452601,0.5900497302834371,7.066666666666666,10.9,186.16280397701388,0.006258949699501196,0.0015116081573069095,3.4433809431580205
turbo_lunar_lander_12d,12,ts,logarithmic,decay_uniform_grid_a1,64,40,30,1.7193305378494865,1.6467179065171864,0.5722627088114769,0.10448039814501876,1.339093652320116,2.0316451204714827,0.4466927353936616,3.105257348227755,0.693947239404181,0.5133698538243212,0.5911237441903897,7.166666666666667,11.066666666666666,189.79324812476213,0.006079058457786838,0.012305851917092998,3.1755182662047448
turbo_lunar_lander_12d,12,ts,logarithmic,decay_uniform_grid_a1,65,41,30,1.7394402582087924,1.6516935857596584,0.5951550692517837,0.10865995221425041,1.3657521696801718,2.1927298658968652,0.22506997888342317,3.157620703191942,0.692929330906667,0.5122187753459472,0.5901048842273315,7.266666666666667,11.2,193.49539027524492,0.006099891072760026,0.0014892887168874343,3.313199938942368
turbo_lunar_lander_12d,12,ts,logarithmic,decay_uniform_grid_a1,66,42,30,1.7676065551362758,1.697271934935753,0.6402813874241625,0.11689885301430614,1.3210162216968782,2.190329022924277,0.0,3.0467337679959146,0.6923737727834433,0.5110375449532308,0.5888950543756462,7.333333333333333,11.366666666666667,197.17083952187872,0.006838531326502561,0.0014844917071362336,3.2083914749324323
turbo_lunar_lander_12d,12,ts,logarithmic,decay_uniform_grid_a1,67,43,30,1.7594409539935028,1.6466007990976872,0.6443213606681958,0.11763644784013091,1.342741844667191,2.2277462391319105,0.0,3.1370960292987835,0.691592420464547,0.5098850213782264,0.5876307822695519,7.333333333333333,11.433333333333334,200.73346157707275,0.007005355429525176,0.0015449787334849438,3.143290093820542
turbo_lunar_lander_12d,12,ts,logarithmic,decay_uniform_grid_a1,68,44,30,1.7600847165847595,1.742578328216784,0.6442051924718091,0.11761523852625569,1.2950414720227101,2.18801667061186,0.0,3.0717192703737575,0.6911210853690091,0.5086363365152203,0.5861646498868225,7.4,11.5,204.283998317287,0.006655822570125262,0.0014591486503680547,3.16932435631752
turbo_lunar_lander_12d,12,ts,logarithmic,decay_uniform_grid_a1,69,45,30,1.7916715107954027,1.8066755042187146,0.6203807797221185,0.1132655157654826,1.4307111257790277,2.205996129722467,0.009833775893509422,3.1593774280996976,0.6892613051344879,0.5073109298536842,0.584471001169834,7.566666666666666,11.733333333333333,207.95956832328812,0.006127756896118323,0.012537728358681003,3.300833845604211
turbo_lunar_lander_12d,12,ts,logarithmic,decay_uniform_grid_a1,7,0,30,2.2751123220801306,2.3498772115953983,0.4162612493480644,0.07599855869440583,2.0168504798675264,2.650432691357252,1.226591411538858,2.8418783410367388,0.9984683090997225,0.9834494317198244,0.9943849095892785,0.0,0.0,16.11433917763643,0.0,0.0013492641349633534,2.330485786125064
turbo_lunar_lander_12d,12,ts,logarithmic,decay_uniform_grid_a1,70,46,30,1.773923202331325,1.7872215797707276,0.6386801096741529,0.11660650103280233,1.3178191821426144,2.2775846513236075,0.0,3.1856720325934047,0.6870646016001671,0.5061628774206853,0.5834139621689453,7.766666666666667,12.033333333333333,211.88820810687417,0.00597387485516568,0.0016019670758396388,3.4550452193555734
turbo_lunar_lander_12d,12,ts,logarithmic,decay_uniform_grid_a1,71,47,30,1.788265282932787,1.8462644518329536,0.61202166304004,0.1117393568429519,1.417138013796516,2.2482881507042154,0.14760597292515398,3.105440491171669,0.6862833449497671,0.5051495680429067,0.5823362553585212,7.833333333333333,12.3,216.00037012378064,0.007316316943615675,0.010138857271522283,3.524506116922324
turbo_lunar_lander_12d,12,ts,logarithmic,decay_uniform_grid_a1,72,48,30,1.8238055242302298,1.7203473428218392,0.6768428375853693,0.12357403001043742,1.4449998904738792,2.2621306745202423,0.0,3.434784691335837,0.6853415753383937,0.5040411434441804,0.5809717820849077,7.866666666666666,12.4,219.90880471343795,0.007437506473312775,0.0015146543737500906,3.47606271567444
turbo_lunar_lander_12d,12,ts,logarithmic,decay_uniform_grid_a1,73,49,30,1.7997805736340342,1.7761992537154083,0.7055992892026919,0.12882421575197525,1.3382435259099694,2.2803253888900663,0.0,3.32553093185899,0.6844204469649392,0.5030637323898168,0.5800577870808523,7.9,12.466666666666667,224.063386554302,0.00860508279874921,0.0016661619922767083,3.712169649374361
turbo_lunar_lander_12d,12,ts,logarithmic,decay_uniform_grid_a1,74,50,30,1.7094797725296909,1.6863925714204702,0.7099267436749174,0.12961429722898007,1.2569567152718966,2.2760772110929177,0.0,3.3936470677529655,0.6901775289440704,0.5075194605375442,0.5849050645633967,7.966666666666667,12.566666666666666,228.12053539861614,0.008077692364652951,0.015118365331242481,3.6524535483991105
turbo_lunar_lander_12d,12,ts,logarithmic,decay_uniform_grid_a1,75,51,30,1.7883080790614438,1.7882434716162874,0.7016596082415948,0.12810493170805307,1.397664312733667,2.295022941679888,0.0,3.4186146228811447,0.688624276303026,0.5064513258119154,0.5839330042172582,8.033333333333333,12.7,232.11886826183957,0.007678338373079896,0.001625502109527588,3.603847073328992
turbo_lunar_lander_12d,12,ts,logarithmic,decay_uniform_grid_a1,76,52,30,1.7738187155471001,1.7675667931066623,0.6931881129959032,0.1265582553607654,1.3695270664742594,2.3070267193102127,0.0,3.4214789842303404,0.6880243766104591,0.5054572558220818,0.5830330425949791,8.033333333333333,12.766666666666667,236.10178857115096,0.008446178228283922,0.0016206474974751472,3.5804247305262833
turbo_lunar_lander_12d,12,ts,logarithmic,decay_uniform_grid_a1,77,53,30,1.770238446718477,1.7169257528934718,0.6969524722737417,0.12724553019110738,1.4385851279122832,2.2507427995343496,0.0,3.4431695865594456,0.6875139078144178,0.5045863827690559,0.5822461810386,8.166666666666666,12.9,240.18610766542454,0.007279749602700273,0.0016123740933835506,3.5933871482188504
turbo_lunar_lander_12d,12,ts,logarithmic,decay_uniform_grid_a1,78,54,30,1.796351950617787,1.727485187710283,0.6669856450812349,0.12177436111437567,1.4157846336141202,2.260751755086863,0.0,3.4155077707817094,0.6869974884706914,0.5035882255583958,0.5812228292541977,8.233333333333333,13.033333333333333,244.1085937686575,0.008015279627094666,0.0016009459116806586,3.5368422232257823
turbo_lunar_lander_12d,12,ts,logarithmic,decay_uniform_grid_a1,79,55,30,1.8328656028540955,1.6837508533854795,0.6492840466213212,0.11854250618757785,1.5376246571258254,2.285612131364375,0.0,3.394724307610126,0.6866931496552626,0.5020947296117475,0.579736662816219,8.3,13.166666666666666,248.12397634295436,0.008282920221487682,0.014585174294188619,3.5652282584458588
turbo_lunar_lander_12d,12,ts,logarithmic,decay_uniform_grid_a1,8,0,30,2.2239840506496247,2.22600281822161,0.4200166296630616,0.07668419419791743,1.9900331339095296,2.6590745569009444,1.1804013694844409,2.828253016420003,0.998126022348572,0.9816567420505923,0.9934316337672878,0.0,0.0,19.013958702065672,0.0,0.001364269107580185,2.494014064144964
turbo_lunar_lander_12d,12,ts,logarithmic,decay_uniform_grid_a1,80,56,30,1.8009827326836516,1.782510598036822,0.646309249207092,0.11799938497165073,1.4791832522760857,2.1553663300052346,0.0,3.466184847198396,0.6858314347376049,0.5010606205456702,0.5785110492458327,8.4,13.333333333333334,252.25200617454635,0.00816319341150423,0.0016226598992943764,3.5937389444404593
turbo_lunar_lander_12d,12,ts,logarithmic,decay_uniform_grid_a1,81,57,30,1.7519605685055615,1.7628347132613487,0.6905293313111329,0.1260728304593553,1.389712081800269,2.262313498221721,0.0,3.4312923861467266,0.6844441423471112,0.5002564301282523,0.5778445557845815,8.466666666666667,13.5,256.6308187681095,0.008735782202954094,0.0016561450126270454,3.8006955752149225
turbo_lunar_lander_12d,12,ts,logarithmic,decay_uniform_grid_a1,82,58,30,1.7654948867009133,1.7113113170308225,0.6730072787415328,0.12287375597730152,1.4574105719508041,2.2041977723751125,0.0,3.4841303037697804,0.6831754513803835,0.4992613666962052,0.5767899695814767,8.5,13.6,260.8367393996722,0.008951230440288782,0.0015929003246128559,3.704129842001324
turbo_lunar_lander_12d,12,ts,logarithmic,decay_uniform_grid_a1,83,59,30,1.754827354804952,1.6599081545240788,0.6634569013810541,0.12113010360629457,1.4429448226929606,2.1089290186115552,0.0,3.470077191664493,0.6827226240122892,0.49847015651053267,0.5759812874788495,8.533333333333333,13.666666666666666,265.13336520564434,0.009410467914616067,0.0016635798228283724,3.84799515454409
turbo_lunar_lander_12d,12,ts,logarithmic,decay_uniform_grid_a1,84,60,30,1.7871360400820364,1.7378755514407125,0.6468434829608226,0.1180969222642837,1.4754796008889581,2.110491470724691,0.0,3.510680708552245,0.6844772758470509,0.4994833254126857,0.577373360613873,8.6,13.766666666666667,269.55261770271073,0.00922260656952858,0.016926634839425483,3.894953079940751
turbo_lunar_lander_12d,12,ts,logarithmic,decay_uniform_grid_a1,85,61,30,1.7586734638005745,1.711832277841047,0.6591797170717056,0.12034920016334881,1.4075689549614747,2.205169284962598,0.0,3.476923697174243,0.6833916767994281,0.49856487561718793,0.5762991989395869,8.666666666666666,13.9,273.81180927756554,0.009443605334187548,0.0017143604345619678,3.823141878315558
turbo_lunar_lander_12d,12,ts,logarithmic,decay_uniform_grid_a1,86,62,30,1.7197117044324346,1.7078407878139343,0.610283083440736,0.11142193708809954,1.3842437597431387,2.0654683220819368,0.0,3.4858245626642463,0.6824931391873347,0.49765172091067034,0.5754197271932182,8.766666666666667,14.066666666666666,278.07447303555284,0.009020651240522664,0.0016680638461063306,3.8549813819117844
turbo_lunar_lander_12d,12,ts,logarithmic,decay_uniform_grid_a1,87,63,30,1.7324123926143133,1.7238285126204602,0.6039205746693566,0.11026030722929654,1.4100688590427453,2.0789971884361815,0.0,3.466602484185582,0.6818658982534521,0.49676126906736795,0.5742659070331609,8.833333333333334,14.233333333333333,282.1375733752735,0.009299245414634545,0.0016821416560560466,3.648435944955175
turbo_lunar_lander_12d,12,ts,logarithmic,decay_uniform_grid_a1,88,64,30,1.7288819369919006,1.7291255251055606,0.6008848411806591,0.10970606065918538,1.3966328950651437,2.073882797942867,0.0,3.467886486673617,0.6813409862523196,0.4959480322072292,0.5733887388493507,8.933333333333334,14.4,286.3004656686758,0.012868953713526329,0.0017656113021075725,3.7215087357908487
turbo_lunar_lander_12d,12,ts,logarithmic,decay_uniform_grid_a1,89,65,30,1.7202897359213067,1.739795862855171,0.6003557862332697,0.10960946888290375,1.3311025739127411,2.114187823790849,0.0,3.400639175553086,0.6845818591059444,0.49888318916949836,0.5766595018922659,8.933333333333334,14.5,290.52281984562677,0.014497819465274613,0.01616509584710002,3.662755539935703
turbo_lunar_lander_12d,12,ts,logarithmic,decay_uniform_grid_a1,9,0,30,2.226785806187293,2.2321246182726253,0.40263022331401005,0.07350988521414191,2.026735734028776,2.5956853505895654,1.2068822227109028,2.830434890547302,0.9978353826675902,0.9800721250901048,0.992844278903608,0.0,0.0,21.83196764974855,0.0,0.0013461523534109194,2.410376866565396
turbo_lunar_lander_12d,12,ts,logarithmic,decay_uniform_grid_a1,90,66,30,1.73154558948868,1.707065576147028,0.6116214595098639,0.11166629000926169,1.3225969971489264,2.0884330388220516,0.0,3.401061825321724,0.6821535215363317,0.4981284156690984,0.575894001501435,9.0,14.566666666666666,294.6504707523156,0.01322310563797752,0.0017564072273671626,3.705002612946555
turbo_lunar_lander_12d,12,ts,logarithmic,decay_uniform_grid_a1,91,67,30,1.7414939352003984,1.7055647133676435,0.5990214739392677,0.10936585790217665,1.362025721258386,2.0785396625299994,0.0,3.4399099974226113,0.6817075093945257,0.49729468580901454,0.574950581547373,9.033333333333333,14.666666666666666,298.92400821253347,0.013687373775367936,0.0016837416837612788,3.8214525879826398
turbo_lunar_lander_12d,12,ts,logarithmic,decay_uniform_grid_a1,92,68,30,1.7203392111714824,1.6772135673519615,0.6061226352357395,0.11066234664436339,1.3402586832670322,2.0721483947096235,0.0,3.3796815806199945,0.6807836660013206,0.4964699688728356,0.5740471784964377,9.133333333333333,14.733333333333333,303.35578936641105,0.013345510295281807,0.0017274667664120595,3.931743938755244
turbo_lunar_lander_12d,12,ts,logarithmic,decay_uniform_grid_a1,93,69,30,1.6380451018215347,1.5957557524860047,0.6506097941865832,0.11878455346992836,1.1998552279025076,2.088028907859412,0.0,3.3672110217023925,0.679820722977601,0.4956441319007971,0.5731110197091053,9.133333333333333,14.833333333333334,307.7600444188031,0.014267753157764674,0.001807144982740283,4.036523000399272
turbo_lunar_lander_12d,12,ts,logarithmic,decay_uniform_grid_a1,94,70,30,1.7235728182952779,1.7203759465739796,0.6285649100729415,0.11475972670105208,1.3707987551278458,2.083920601332637,0.0,3.4319721706230926,0.6762524903563187,0.4924132539120642,0.5698941939382125,9.233333333333333,14.933333333333334,312.26771238474174,0.013296572615702947,0.017988751114656528,4.041244098187113
turbo_lunar_lander_12d,12,ts,logarithmic,decay_uniform_grid_a1,95,71,30,1.7467351878840354,1.6345030388738453,0.5982256507194951,0.10922056112575802,1.394541845716586,2.094048703274854,0.0,3.4066976535553364,0.6742150595402868,0.4916729530435322,0.5692308703082607,9.3,15.033333333333333,316.7809535544831,0.01406400438087682,0.0018822575608889263,4.032921415800229
turbo_lunar_lander_12d,12,ts,logarithmic,decay_uniform_grid_a1,96,72,30,1.744319251066924,1.6541944100570563,0.6169846836364391,0.11264547628762207,1.3713772692213504,2.1608034806981773,0.0,3.3904824794489663,0.6733951543911644,0.4907528377701146,0.5680837037979101,9.333333333333334,15.133333333333333,321.2296998847276,0.014430348637203376,0.0018045799961934486,4.042983161378652
turbo_lunar_lander_12d,12,ts,logarithmic,decay_uniform_grid_a1,97,73,30,1.736501493907912,1.699502093208935,0.6071477565982534,0.11084950734250648,1.4123232915326986,2.1221741513005887,0.0,3.4026446473872958,0.6726440891119086,0.4900257996972355,0.567350096735786,9.466666666666667,15.3,325.54978678459304,0.012716963856170575,0.001748868419478337,3.838296620796124
turbo_lunar_lander_12d,12,ts,logarithmic,decay_uniform_grid_a1,98,74,30,1.7312222410956402,1.764749140546468,0.5552721300204604,0.10137835705538256,1.479410453469268,2.1181258005503873,0.0,2.734476680813599,0.6723737459665053,0.4893469234521785,0.5668256175216082,9.566666666666666,15.533333333333333,329.8839589936814,0.013363275987406572,0.001778415994097789,3.84685649961854
turbo_lunar_lander_12d,12,ts,logarithmic,decay_uniform_grid_a1,99,75,30,1.675406956331726,1.615165159426792,0.538447363915908,0.09830658908197867,1.4301309003492255,1.9652409521736613,0.0,2.546797179998863,0.6711640068136681,0.48984232805005434,0.5675253790276743,9.566666666666666,15.633333333333333,334.3703567234023,0.015036213273803393,0.019114514843871198,4.032934289875751
turbo_lunar_lander_12d,12,ts,logarithmic,decay_uniform_grid_a1_2,1,0,30,3.310651109298576,3.283904957447192,0.580644939743358,0.10601077713288837,3.052659635642117,3.600539664830276,2.2276699670828726,4.534419415344451,0.9999703333578658,0.9972378949702652,0.9997470325374905,0.0,0.0,0.7546342396487792,0.0,0.005349013007556399,0.39722326810782155
turbo_lunar_lander_12d,12,ts,logarithmic,decay_uniform_grid_a1_2,10,0,30,2.22363944070666,2.237736932043511,0.389172751593094,0.07105289827129739,1.9972427935898305,2.560782715833177,1.4562514051970976,2.7919025174092806,0.9975692102752459,0.9785407233685759,0.9921383172057798,0.0,0.0,22.93783145289247,0.0,0.0014248095608005921,2.3365516880682358
turbo_lunar_lander_12d,12,ts,logarithmic,decay_uniform_grid_a1_2,100,76,30,1.584172531895624,1.5426362585202473,0.4946091136317989,0.09030285622792407,1.3264002400629376,1.8844563216432937,0.37736311942702305,2.6432724045119445,0.6411671179622856,0.45900723273044036,0.5346583560338535,44.766666666666666,36.5,307.7771678501585,0.0067156425522019465,0.0017943620681762696,4.006855201007178
turbo_lunar_lander_12d,12,ts,logarithmic,decay_uniform_grid_a1_2,101,77,30,1.6386019165318075,1.653688610263813,0.4763104205463241,0.08696198723599795,1.3896436077476773,1.948653559019102,0.37704207388611444,2.6054973390748892,0.6407932807242552,0.4583135173801193,0.5340011671370652,45.3,36.86666666666667,312.3139405166575,0.007218901518111428,0.0018714345370729765,4.0402039885520935
turbo_lunar_lander_12d,12,ts,logarithmic,decay_uniform_grid_a1_2,102,78,30,1.6363241794663783,1.5825178018958606,0.47868192624225825,0.08739496295763632,1.3386798761377874,1.9316854949634616,0.43358254452173917,2.6364217944021124,0.6403533507428505,0.45755682182846713,0.5332281335338647,45.9,37.46666666666667,316.8070118794063,0.0061901380152752,0.0018895646712432305,4.08921241555363
turbo_lunar_lander_12d,12,ts,logarithmic,decay_uniform_grid_a1_2,103,79,30,1.6957097413188404,1.6474672198806264,0.493107565981494,0.09002871238817711,1.4293784996460677,2.039119619239888,0.29854327712091533,2.5298131946617355,0.6398742518920527,0.45681905746846757,0.5324023890624237,46.43333333333333,37.8,321.3477950554962,0.007104704606657227,0.0018263331148773432,4.0224208569154145
turbo_lunar_lander_12d,12,ts,logarithmic,decay_uniform_grid_a1_2,104,80,30,1.6621274181992722,1.614432750982186,0.5032780909245689,0.09188558769917413,1.3206435330176785,2.022063241433901,0.40607463293076496,2.565049037324527,0.6368151898655299,0.45443590100503184,0.5300461599529932,46.93333333333333,38.3,325.8352876800423,0.007361782466371854,0.021162747141594686,4.045093066695457
turbo_lunar_lander_12d,12,ts,logarithmic,decay_uniform_grid_a1_2,105,81,30,1.611361703496984,1.5974711116093605,0.46222636018228497,0.08439060138178173,1.3586026583052506,1.8786762295446635,0.4319747464680994,2.565207108100325,0.6362301063307741,0.4538035390695779,0.5294066049793507,47.43333333333333,38.7,330.3539235208494,0.007547407395516833,0.0018815254637350638,4.040410917345435
turbo_lunar_lander_12d,12,ts,logarithmic,decay_uniform_grid_a1_2,106,82,30,1.6418587253156853,1.6826837427696253,0.4525502576770735,0.08262399484483621,1.357283442468609,1.9134099091429966,0.3762047108551698,2.555253681092613,0.6356327145876339,0.4530015441436789,0.5282300667752023,47.93333333333333,39.03333333333333,334.80753652617955,0.007560460362583399,0.001856993247444431,4.053986674686894
turbo_lunar_lander_12d,12,ts,logarithmic,decay_uniform_grid_a1_2,107,83,30,1.637291366769824,1.6179276070238278,0.4806613860752764,0.08775636122504281,1.3568414068805046,1.9765829119412195,0.30948088096952886,2.4138786746511682,0.6343521088208216,0.4522864902729365,0.5273946477945396,48.46666666666667,39.53333333333333,339.2705895971196,0.0070536276636024315,0.0018393936877449354,3.985787408767889
turbo_lunar_lander_12d,12,ts,logarithmic,decay_uniform_grid_a1_2,108,84,30,1.627382578372639,1.6935430386562742,0.4423282600596073,0.08075772195221945,1.3104625600213085,1.9029013665091246,0.18884622711284638,2.333347497323855,0.6335425077016364,0.45148066631773415,0.5266337454031389,48.93333333333333,40.06666666666667,343.5397622148972,0.00767537192441523,0.0017922317453970512,3.8860563931210588
turbo_lunar_lander_12d,12,ts,logarithmic,decay_uniform_grid_a1_2,109,85,30,1.5876842910131608,1.6950320609887486,0.49725281557343165,0.09078552795750823,1.299373512669633,1.9305415245462376,0.19392968714165892,2.3251394034860278,0.6322122267948467,0.45070461859918504,0.5257790436635225,49.46666666666667,40.6,347.86505502305613,0.006900196801871062,0.021821454648549357,3.913187568510572
turbo_lunar_lander_12d,12,ts,logarithmic,decay_uniform_grid_a1_2,11,0,30,2.2039395465044658,2.2537721007319247,0.40585783873010195,0.07409916447092356,1.9774190634865962,2.5267119990292883,1.0662318150143433,2.775831557357914,0.9974193191914803,0.9770600576717418,0.9914932065434111,0.0,0.0,25.653489402960986,0.0,0.001458884309977293,2.385017278480033
turbo_lunar_lander_12d,12,ts,logarithmic,decay_uniform_grid_a1_2,110,86,30,1.5728678244237142,1.7011241983127996,0.4706565914468202,0.08592974399130549,1.3122741131083375,1.8515551756109467,0.14864184867948427,2.2618085108004076,0.6309864758230997,0.4500291770834871,0.524954895971271,49.96666666666667,41.166666666666664,352.20909306023583,0.00733454426129659,0.0018296131864190101,3.860354030597955
turbo_lunar_lander_12d,12,ts,logarithmic,decay_uniform_grid_a1_2,111,87,30,1.5621363887827073,1.6523776112244506,0.4856218565965324,0.08866201509181991,1.3737075934536245,1.8453607981269369,0.023057101014280823,2.2621981822571304,0.6306140459121583,0.4493219287082813,0.5242084711444565,50.5,41.666666666666664,356.50122262584046,0.006809118452171485,0.001844740224381288,3.896550706929217
turbo_lunar_lander_12d,12,ts,logarithmic,decay_uniform_grid_a1_2,112,88,30,1.5741260868628688,1.7096657077995538,0.5213497030495708,0.09518499756962329,1.2879681569964574,1.8706602967548331,0.019011491154008464,2.490315163120504,0.6301880777664599,0.44860206286683885,0.5234809165963127,51.166666666666664,42.13333333333333,360.8200914202879,0.004853949633737405,0.0018808714579790831,3.860389547996844
turbo_lunar_lander_12d,12,ts,logarithmic,decay_uniform_grid_a1_2,113,89,30,1.64708393375287,1.698610929538313,0.4023739343497323,0.0734630934651504,1.3777173902674331,1.8926532130150853,0.7524819979999022,2.4994824046201027,0.6292793205735057,0.447931688906215,0.5228906450885868,51.56666666666667,42.6,365.23264068939415,0.009011573996394873,0.0018460688336441914,4.04107946800068
turbo_lunar_lander_12d,12,ts,logarithmic,decay_uniform_grid_a1_2,114,90,30,1.617540051948251,1.6363064155266906,0.4762553295893985,0.08695192904939038,1.462568767484621,1.9064499761101492,0.33207351737836777,2.4954351531166448,0.6317192293453542,0.45007609353028816,0.5251917837917223,52.03333333333333,42.93333333333333,369.65900861023306,0.007962406892329455,0.02232122595111529,4.022727571583043
turbo_lunar_lander_12d,12,ts,logarithmic,decay_uniform_grid_a1_2,115,91,30,1.6142437259512914,1.6396658254444758,0.45759430486227,0.08354490765298705,1.4155755306219535,1.8368536009226348,0.5539181970644222,2.5026591579837856,0.6313175172567793,0.44938519308501396,0.5245246132783008,52.4,43.5,374.33846807667675,0.009752315391475955,0.001931472479676207,4.153983430983499
turbo_lunar_lander_12d,12,ts,logarithmic,decay_uniform_grid_a1_2,116,92,30,1.667350008586584,1.6236462374239047,0.3731320617738544,0.06812428238731705,1.4434166231501937,1.894609049172246,1.0324663211217504,2.4965271273971927,0.6311884444234112,0.44876750779138,0.5238709799910632,52.833333333333336,44.166666666666664,378.9116084448062,0.008605459580818813,0.0019807325365642707,4.137509816791862
turbo_lunar_lander_12d,12,ts,logarithmic,decay_uniform_grid_a1_2,117,93,30,1.6815337792312481,1.672117428071841,0.3569518896400354,0.065170200633314,1.471689875397584,1.9121596726915417,1.0695412688401094,2.4729697492803435,0.6305551122170981,0.448105521304228,0.5231911006376652,53.233333333333334,44.6,383.6309966594912,0.009234338129560152,0.002069832074145476,4.260736151520784
turbo_lunar_lander_12d,12,ts,logarithmic,decay_uniform_grid_a1_2,118,94,30,1.6914386722483974,1.6923161600597472,0.36994281459703904,0.06754200818058324,1.489330047957837,1.9507507528446357,0.9675345285461576,2.469851724981683,0.6303765551345407,0.4474874215091568,0.5225661669154085,53.766666666666666,45.06666666666667,388.5439836121475,0.007448432920500636,0.0020551365800201894,4.3756783139271045
turbo_lunar_lander_12d,12,ts,logarithmic,decay_uniform_grid_a1_2,119,95,30,1.6410400284824538,1.5725628520116417,0.41698842695727417,0.07613132255436479,1.4204365342676901,2.032686527731577,0.7688419268175772,2.426634450370715,0.6363234292475226,0.45236305801193644,0.5279153656697941,54.333333333333336,45.63333333333333,393.17120192856527,0.006715283775702119,0.024879509303718805,4.1309975420280045
turbo_lunar_lander_12d,12,ts,logarithmic,decay_uniform_grid_a1_2,12,0,30,2.2106593718795478,2.2407115330443084,0.3965547873468668,0.07240066743884772,1.988724447039785,2.5380856481454894,1.0907761306781327,2.776769492091669,0.9971768750965188,0.9755870863831688,0.9906783619358783,0.0,0.0,28.396106344756358,0.0,0.0015289848359922567,2.3843344578519465
turbo_lunar_lander_12d,12,ts,logarithmic,decay_uniform_grid_a1_2,120,96,30,1.6232447311782927,1.6584545336395293,0.4235129951383836,0.07732254027795614,1.3901917098626426,1.96992229168805,0.7789847980949298,2.4128100097203085,0.6360873948419382,0.45181451599791234,0.5272419065153529,54.7,46.166666666666664,397.58248655643933,0.00968245235271752,0.001871974424769481,3.971560794254765
turbo_lunar_lander_12d,12,ts,logarithmic,decay_uniform_grid_a1_2,121,97,30,1.6136081448976576,1.5876560207963133,0.4205411169269228,0.07677995203309776,1.368142780742704,1.9977073354698052,0.7604326368807302,2.3884857979409855,0.6356634768062227,0.45118497392409956,0.5264459379257347,55.333333333333336,46.766666666666666,402.00098765756314,0.005595262519394358,0.001897443737834692,4.034445362476011
turbo_lunar_lander_12d,12,ts,logarithmic,decay_uniform_grid_a1_2,122,98,30,1.610323129764694,1.6059367139561647,0.36610431069101684,0.06684119645511656,1.3903101084855405,1.953491932972853,0.8668352258452128,2.1570232080760428,0.6350166504157585,0.45057171219461073,0.5258006868891837,55.7,47.36666666666667,406.50018818778915,0.009280077026536068,0.001996297234048446,3.9134793775621803
turbo_lunar_lander_12d,12,ts,logarithmic,decay_uniform_grid_a1_2,123,99,30,1.613913766848436,1.5829856250707248,0.3737982511917675,0.06824591137790446,1.3841645896901946,1.916314393414599,0.7868421465967212,2.208005362385451,0.634760739968479,0.4498887451759573,0.5251676822471338,56.13333333333333,47.833333333333336,411.0622695441358,0.00856265458278358,0.0019860452661911647,4.089845110864068
turbo_lunar_lander_12d,12,ts,logarithmic,decay_uniform_grid_a1_2,124,100,30,1.5816872600356267,1.5200460823355657,0.391821625229792,0.07153651421889747,1.3098002597355727,1.8906957708604102,0.7591542381437659,2.369649349690121,0.6352238748603761,0.4502380179057146,0.5255901150978484,56.53333333333333,48.333333333333336,415.53133719549515,0.009095802484080196,0.025150372196609774,3.990693013323471
turbo_lunar_lander_12d,12,ts,logarithmic,decay_uniform_grid_a1_2,125,101,30,1.5923739075633894,1.5946445340669466,0.4082600824200809,0.07453775215679886,1.3205938805738549,1.8324273652271053,0.738351022629198,2.379018748811323,0.6349711634199207,0.4495415082356578,0.5248248539121495,56.96666666666667,48.766666666666666,420.11162881123215,0.008704124173770348,0.0020200127580513555,4.106267972554391
turbo_lunar_lander_12d,12,ts,logarithmic,decay_uniform_grid_a1_2,126,102,30,1.5950149645471436,1.5785479682529548,0.39131711607397074,0.07144440387052707,1.3602393746704085,1.8251951996811187,0.7235220475634978,2.417467842561443,0.6345997561106504,0.44892194303197536,0.5242635885780215,57.5,49.13333333333333,424.5886794974717,0.006914688165610036,0.002005235928421219,4.083486141342049
turbo_lunar_lander_12d,12,ts,logarithmic,decay_uniform_grid_a1_2,127,103,30,1.630474113808059,1.6314160475236792,0.3934854374017069,0.07184028337156728,1.4511453156337941,1.8390279898126434,0.8730738911082745,2.478535852706414,0.6338913836475121,0.44827205874637616,0.5235360357799571,58.06666666666667,49.766666666666666,429.14363654245,0.006898436338330308,0.001989163085818291,4.136134343128651
turbo_lunar_lander_12d,12,ts,logarithmic,decay_uniform_grid_a1_2,128,104,30,1.640623808085654,1.5865951778519471,0.3783969761879989,0.06908551984997073,1.4169294237125036,1.9154620713338635,0.9649433087840886,2.4722115842473493,0.6329284422948832,0.44762817669943783,0.5228248990601321,58.63333333333333,50.233333333333334,433.85023298507247,0.006832183136915167,0.0020482187314579885,4.264297942460204
turbo_lunar_lander_12d,12,ts,logarithmic,decay_uniform_grid_a1_2,129,105,30,1.6262225206029863,1.5525807028795955,0.38550908235982156,0.07038400684386373,1.4230099232083577,1.8521396360951343,0.8031401564425737,2.427850596907809,0.6327172891966504,0.4472405221235175,0.5224207862707165,59.166666666666664,50.8,438.681300870562,0.007468711119145155,0.027014625693360963,4.363248228902618
turbo_lunar_lander_12d,12,ts,logarithmic,decay_uniform_grid_a1_2,13,0,30,2.1624211766836634,2.169847667959323,0.4000469610745641,0.07303824821397663,1.8748445000298197,2.4402882454317654,1.1087561383423163,2.7763907585551406,0.997077015008267,0.9742330654319203,0.9901181193354852,0.0,0.0,31.08938763925495,0.0,0.0014579139339427154,2.3561493497962753
turbo_lunar_lander_12d,12,ts,logarithmic,decay_uniform_grid_a1_2,130,106,30,1.7211703891693935,1.6507668757296803,0.4779705878398004,0.08726509092795437,1.4651405672898856,1.9318859053795292,0.9567134839839024,3.3639722485128507,0.6320365941800887,0.44667416319136716,0.5218114646676374,59.53333333333333,51.233333333333334,443.5013763946636,0.009783278390144309,0.0020862439336876075,4.306185414719706
turbo_lunar_lander_12d,12,ts,logarithmic,decay_uniform_grid_a1_2,131,107,30,1.699541277016333,1.6549328002426997,0.4995121086443805,0.0911980165504995,1.4048349019935344,1.8834906744873798,0.7091414746296438,3.2787264519865875,0.6311923554795177,0.44610462237151194,0.521258443429805,59.96666666666667,51.766666666666666,448.43842871400216,0.008419898493836323,0.0020540745308001837,4.482205113132173
turbo_lunar_lander_12d,12,ts,logarithmic,decay_uniform_grid_a1_2,132,108,30,1.6833015494416135,1.61736695875317,0.4520412890539642,0.08253107031285643,1.451128266430804,1.8958990228400947,0.9358753419071657,3.250504491265019,0.6304919607733972,0.44551744221018263,0.520467899096101,60.3,52.06666666666667,453.3872823157969,0.010554897971451283,0.002169678065304955,4.5067814279037215
turbo_lunar_lander_12d,12,ts,logarithmic,decay_uniform_grid_a1_2,133,109,30,1.6167234711495018,1.5769321410784243,0.5140483650563287,0.09385196173000053,1.2606714238763392,1.9387368991947584,0.6467941851508991,3.2732088408265785,0.6303967929848964,0.44485652097057987,0.519720689616522,60.7,52.6,458.45442363854187,0.009299172243724266,0.002136037778109312,4.533460687768335
turbo_lunar_lander_12d,12,ts,logarithmic,decay_uniform_grid_a1_2,134,110,30,1.5837646562294383,1.4762264329120534,0.4841521715055872,0.08839368853290668,1.37261243661198,1.864507054802157,0.7644583118374302,3.178895880389618,0.6314002046444425,0.4454066604522706,0.5205144417822514,61.3,53.2,463.452340920285,0.0064850904047489165,0.028615895363812646,4.509209016400079
turbo_lunar_lander_12d,12,ts,logarithmic,decay_uniform_grid_a1_2,135,111,30,1.6041503036549203,1.5257333835768787,0.4598791367073356,0.08396205896686992,1.2967696757360572,1.923589568085439,0.7612785377499822,2.9199378846306345,0.6308968305847068,0.44480184686309066,0.5198520887623308,61.8,53.63333333333333,468.5597588060424,0.0078951480332762,0.0022873420268297194,4.651330724498257
turbo_lunar_lander_12d,12,ts,logarithmic,decay_uniform_grid_a1_2,136,112,30,1.6337628129827857,1.5794410206340268,0.47980403199848415,0.0875998305025001,1.4176447340720977,1.8900709500160016,0.5770452290422636,3.119115218516585,0.630237085017222,0.4442075193401257,0.5193953243718099,62.266666666666666,54.13333333333333,473.5883314257022,0.008317435253411531,0.002225396952902277,4.604323313912998
turbo_lunar_lander_12d,12,ts,logarithmic,decay_uniform_grid_a1_2,137,113,30,1.5636520216890433,1.4937101812737086,0.40739905904986484,0.07438055151599672,1.3292064692432277,1.7271239136904337,0.6979249164996981,2.3747572803197,0.6288978305038504,0.4436750995345427,0.5187888977062073,62.56666666666667,54.63333333333333,478.72049101361387,0.010814849644278486,0.0022311541562279064,4.601442829193547
turbo_lunar_lander_12d,12,ts,logarithmic,decay_uniform_grid_a1_2,138,114,30,1.593834721810358,1.4720469568640735,0.4559152455617906,0.08323835476823326,1.33199830934214,1.8194068007925104,0.6586782571428487,2.8248879482256206,0.6286260011486919,0.4431007559032208,0.5182731598822538,63.166666666666664,55.06666666666667,483.59338631046313,0.006262020937477549,0.002385332699244221,4.4739890107885
turbo_lunar_lander_12d,12,ts,logarithmic,decay_uniform_grid_a1_2,139,115,30,1.5669215995936148,1.5279321444900678,0.37526289283549175,0.06851331713354754,1.3611803558802105,1.7206160877814285,0.92236149416532,2.633611243486881,0.6331266087759949,0.4468144335263034,0.52227089575076,63.733333333333334,55.5,488.6841434997041,0.006716645897055665,0.030103118034700553,4.593502920276175
turbo_lunar_lander_12d,12,ts,logarithmic,decay_uniform_grid_a1_2,14,0,30,2.154786439057285,2.1409700023643303,0.3714147224807916,0.06781074056408357,1.8546720315916845,2.392664409051791,1.3656806381213453,2.779667657065398,0.9966224269695563,0.9727196180071898,0.9893869242909837,0.0,0.0,33.750394168884185,0.0,0.001384127652272582,2.3186403340660036
turbo_lunar_lander_12d,12,ts,logarithmic,decay_uniform_grid_a1_2,140,116,30,1.5941881910572906,1.5283496346883225,0.3663418030048757,0.06688455642096142,1.4087294006761322,1.7482896376399604,0.9325315818776512,2.5670538038372004,0.6319973584556332,0.44620748555347595,0.5216003160846178,64.2,55.93333333333333,493.7076459911652,0.008420993837838371,0.0023749383787314096,4.587888467917219
turbo_lunar_lander_12d,12,ts,logarithmic,decay_uniform_grid_a1_2,141,117,30,1.6325360461568788,1.5863988290980209,0.3554658472593915,0.06489888765555155,1.4223101283178603,1.8215106318698946,0.8518978735776044,2.6182400213977495,0.6311865480075568,0.44562754409485045,0.5209252466436636,64.66666666666667,56.46666666666667,498.6322130777252,0.008301638315121334,0.0021879764584203563,4.388630814648544
turbo_lunar_lander_12d,12,ts,logarithmic,decay_uniform_grid_a1_2,142,118,30,1.6260989452078263,1.5292000008867812,0.41181344274550524,0.07518650402519181,1.4211515322428987,1.7808566788069093,0.7892775035297104,2.8008595730890233,0.6299290415231464,0.4451063812638074,0.5203096852379568,65.06666666666666,56.93333333333333,503.5247342382247,0.009458770230412483,0.002254559705033898,4.378063819278031
turbo_lunar_lander_12d,12,ts,logarithmic,decay_uniform_grid_a1_2,143,119,30,1.5932630738425664,1.5523851715509158,0.41634835270309867,0.07601446151853472,1.3954212590471196,1.7564428547046695,0.5728338670325661,2.7583510450362194,0.6296912957823665,0.4446100509174408,0.5197609769146039,65.5,57.5,508.4277312806342,0.008612812248369057,0.002218123121807973,4.380849135651563
turbo_lunar_lander_12d,12,ts,logarithmic,decay_uniform_grid_a1_2,144,120,30,1.6542344436326872,1.6644337589458176,0.3923443358054715,0.07163194767667952,1.4367206574376612,1.8064384938039932,0.8560781686340668,2.7580594120154958,0.6295559154213268,0.44410665792891907,0.5191494616652045,65.7,58.0,513.3968435089724,0.012379431026056409,0.031718313212816915,4.472574370866641
turbo_lunar_lander_12d,12,ts,logarithmic,decay_uniform_grid_a1_2,145,121,30,1.6129000625199723,1.5502743382413118,0.4238661357879571,0.0773870146445373,1.3459089439567427,1.7695539019489335,0.8370320916791945,2.7770616701950543,0.628508094692053,0.443602376176588,0.5185978161988677,66.2,58.5,518.3001739003851,0.007729361687476437,0.0023129559587687252,4.460319827652226
turbo_lunar_lander_12d,12,ts,logarithmic,decay_uniform_grid_a1_2,146,122,30,1.6535511536552912,1.6058408188467324,0.40706821296950413,0.07432014756223815,1.3477828377185563,1.8749983808270474,1.0773536390267537,2.8139040705790905,0.6282268388114207,0.44305333764727944,0.5181605275453764,66.76666666666667,59.1,523.1081467137207,0.007061904653285941,0.002279018921156724,4.387606778632229
turbo_lunar_lander_12d,12,ts,logarithmic,decay_uniform_grid_a1_2,147,123,30,1.6033677137578612,1.5187790832918346,0.4463233350230063,0.08148711951101203,1.364443359012378,1.9228740663569126,0.7503748320787427,2.7436439752426027,0.6276499663883914,0.44256873525360524,0.5176129334675186,67.0,59.56666666666667,527.7114579036366,0.012381988670676946,0.002269679338981708,4.187913021771237
turbo_lunar_lander_12d,12,ts,logarithmic,decay_uniform_grid_a1_2,148,124,30,1.6298868221152782,1.5544614852034302,0.4234724271422783,0.07731513360909627,1.3589732468891382,1.857900651141393,0.8460657971011096,2.7639293475262563,0.6273968367464059,0.44208356939796256,0.5171522552674641,67.36666666666666,59.833333333333336,532.4787772177098,0.01010841466486454,0.002301639473686616,4.319605921922872
turbo_lunar_lander_12d,12,ts,logarithmic,decay_uniform_grid_a1_2,149,125,30,1.6304432398813613,1.5497574603401305,0.442650728033465,0.0808165962800044,1.4261864534808146,1.7631872856859203,0.7426788365412524,3.074539468435584,0.6301529138639508,0.44435853799027036,0.5196740711587932,67.63333333333334,60.333333333333336,537.5320784218765,0.012161880576362213,0.032767938124015926,4.436488515324891
turbo_lunar_lander_12d,12,ts,logarithmic,decay_uniform_grid_a1_2,15,0,30,2.1347991880220576,2.1185131199386142,0.37296349748131596,0.06809350689884598,1.8408286933968911,2.307423651628433,1.290156542048358,2.78755737563226,0.9963141373461718,0.9712580647761323,0.9886452928854991,0.0,0.0,36.385814671668534,0.0,0.0014361497790863116,2.2473041153512896
turbo_lunar_lander_12d,12,ts,logarithmic,decay_uniform_grid_a1_2,150,126,30,1.6637107511321012,1.5638116394604507,0.43999822440450886,0.0803323175895232,1.387043154521556,1.8553409852611198,0.9910295302360621,3.2006235724556547,0.6297766497811244,0.4438287980197314,0.5190272128544047,68.0,60.7,542.6143366509738,0.010136749378095071,0.002378668573995431,4.58257027650252
turbo_lunar_lander_12d,12,ts,logarithmic,decay_uniform_grid_a1_2,151,127,30,1.7171020974393858,1.7007387361567645,0.38418948141866177,0.07014308177640431,1.4662504643808116,1.783044624758129,1.1843955512853848,3.087264826187901,0.6294575899636295,0.44331430887038725,0.5184242693048342,68.4,61.2,547.7318896463452,0.010034922479341428,0.0023408558219671248,4.591847498435527
turbo_lunar_lander_12d,12,ts,logarithmic,decay_uniform_grid_a1_2,152,128,30,1.7001152860954938,1.6679800078339344,0.39228293451255264,0.07162073738561564,1.4593275014264093,1.846081837924885,1.1226061762890396,3.0153669736381943,0.628850948915479,0.4427908548370073,0.5178945821464822,68.8,61.6,552.7738254586235,0.009961544256657361,0.0023566337612768015,4.535485789723073
turbo_lunar_lander_12d,12,ts,logarithmic,decay_uniform_grid_a1_2,153,129,30,1.6485741850840063,1.5364393081097225,0.433056512880879,0.07906494025979464,1.4388663203850154,1.851409220358865,0.8737710546862056,3.0683668607965338,0.6286794807411283,0.4422883161247603,0.517245646112323,69.33333333333333,62.13333333333333,557.7072196508913,0.0076554465418060625,0.002334862481802702,4.43980966398182
turbo_lunar_lander_12d,12,ts,logarithmic,decay_uniform_grid_a1_2,154,130,30,1.6153370351732803,1.558515874579006,0.4718476287471998,0.08614719665672148,1.4210526331774558,1.758342129410623,0.6728042858015413,3.1215893914739636,0.6297865231627667,0.4429707558580477,0.5180064734069515,69.73333333333333,62.733333333333334,562.7352001142533,0.010057362991695603,0.03590462695186337,4.447754670710613
turbo_lunar_lander_12d,12,ts,logarithmic,decay_uniform_grid_a1_2,155,131,30,1.6696765142451668,1.6007610066390416,0.40785619859182765,0.07446401339568359,1.444115819801438,1.8328312459046545,1.0426373060787937,2.9572471992679144,0.6289818022405581,0.44245889547843537,0.5175206647963023,70.16666666666667,63.166666666666664,567.9560491072946,0.009061657233784597,0.002486819680780172,4.585831675647447
turbo_lunar_lander_12d,12,ts,logarithmic,decay_uniform_grid_a1_2,156,132,30,1.6487887094763023,1.6338473360030847,0.45887116435430314,0.08377802923517078,1.3272087634228111,1.8125286653931914,0.9188706801852591,3.1957907164551718,0.6287634597322703,0.4419916466517995,0.5169995699805316,70.53333333333333,63.56666666666667,572.9641682468199,0.010364638237903515,0.002517218499754866,4.563806966956084
turbo_lunar_lander_12d,12,ts,logarithmic,decay_uniform_grid_a1_2,157,133,30,1.6692134765229687,1.5875906530627861,0.39921489796459564,0.07288633496911075,1.4328523469402643,1.766732292382071,1.0588832317386663,3.0369410020070156,0.6284720358623953,0.4415307338956262,0.5165726097538765,70.96666666666667,63.9,577.8833384979672,0.00953576760366559,0.002475221936280529,4.474353219335899
turbo_lunar_lander_12d,12,ts,logarithmic,decay_uniform_grid_a1_2,158,134,30,1.6816636226010766,1.5911005553262583,0.4433091394169401,0.0809368052022869,1.3531208548258533,1.9225739139059386,1.1002932293238903,3.1647426801257605,0.6281782021257315,0.44100476841970326,0.5157630404390805,71.46666666666667,64.5,582.8462636828267,0.008913872685904304,0.00245554274879396,4.487775583953286
turbo_lunar_lander_12d,12,ts,logarithmic,decay_uniform_grid_a1_2,159,135,30,1.6436993373493896,1.5954527539481957,0.40921500582577724,0.07471209652012872,1.4123635826742238,1.7386225954903904,1.04726760559707,3.05373985842238,0.6328406811833064,0.44529069104697083,0.5204158987016544,71.93333333333334,65.0,587.9580125579611,0.008869212275991837,0.03822446297854185,4.652724760025739
turbo_lunar_lander_12d,12,ts,logarithmic,decay_uniform_grid_a1_2,16,0,30,2.1075148702959936,2.11749211157533,0.366120683037318,0.0668441856229127,1.881068205428724,2.2893746555309353,1.135735755309334,2.832314316644396,0.9960433785475872,0.9700005941429422,0.9879774141683791,0.0,0.0,38.89637545308408,0.0,0.0013374675065279007,2.1871474271019298
turbo_lunar_lander_12d,12,ts,logarithmic,decay_uniform_grid_a1_2,160,136,30,1.6515913771624873,1.6138731547470488,0.41117493777137487,0.07506992949938833,1.4251403479659785,1.7560676429885433,1.020033525379973,2.996957412369482,0.632437569529875,0.4447916470513842,0.5198148628428756,72.33333333333333,65.53333333333333,593.0302318139468,0.01059000107149283,0.0024449813179671766,4.622132134872178
turbo_lunar_lander_12d,12,ts,logarithmic,decay_uniform_grid_a1_2,161,137,30,1.6051724957894615,1.4865553545609698,0.45406865318256184,0.08290121466802636,1.3357265645289715,1.7874916331112198,1.0285231792883414,3.0096600879168145,0.6321407316850498,0.444337798391007,0.5193919722036425,72.66666666666667,66.0,598.134462366455,0.011856691756596168,0.0024911429733037948,4.562669913315525
turbo_lunar_lander_12d,12,ts,logarithmic,decay_uniform_grid_a1_2,162,138,30,1.638750017178161,1.543391836487103,0.42714106292252313,0.07798493179979982,1.3496302831279023,1.8069491206259067,1.0916403234184386,3.040096925436909,0.6316384214693461,0.4439015966661882,0.5189899818272112,73.06666666666666,66.33333333333333,603.1902529973381,0.010360430739820004,0.0024962097406387327,4.606061560070763
turbo_lunar_lander_12d,12,ts,logarithmic,decay_uniform_grid_a1_2,163,139,30,1.6208392567697902,1.563528067710149,0.44483229553180625,0.08121489418985826,1.28387788508706,1.747718958977014,1.0402489223875646,3.000272092638919,0.6314369746224441,0.4434087548676453,0.5183051642781575,73.53333333333333,66.93333333333334,608.2158387584457,0.009496664364511768,0.0025252470436195533,4.5536407693599665
turbo_lunar_lander_12d,12,ts,logarithmic,decay_uniform_grid_a1_2,164,140,30,1.6013268620772854,1.4997229039683506,0.45206964844785735,0.08253624800610726,1.297366648841416,1.741409749478656,1.0081009526263218,3.1351038542611236,0.633779618519054,0.44534598279417426,0.5202723245244955,73.93333333333334,67.66666666666667,613.5177391022288,0.010343078228955468,0.03926851359816889,4.666740481602028
turbo_lunar_lander_12d,12,ts,logarithmic,decay_uniform_grid_a1_2,165,141,30,1.6682521137607744,1.5849302398692513,0.41797721523822545,0.07631184976972272,1.4222526214824334,1.754909705486941,1.1763975943218674,3.167311901922676,0.633598136813299,0.44488897146919093,0.5197491447845243,74.3,68.03333333333333,618.6429588952102,0.010975712863728403,0.0026355748064815997,4.568350854997212
turbo_lunar_lander_12d,12,ts,logarithmic,decay_uniform_grid_a1_2,166,142,30,1.667199469778365,1.5861158267195858,0.43185998717858604,0.07884648555386779,1.4068507642090036,1.7810764090243234,1.184310198492852,3.282812995875656,0.6333424815414729,0.44442414907586564,0.5192990756586473,74.73333333333333,68.56666666666666,623.5584353166322,0.009528476170574625,0.0025485478341579436,4.491484448049838
turbo_lunar_lander_12d,12,ts,logarithmic,decay_uniform_grid_a1_2,167,143,30,1.5871769933838584,1.5032528094270117,0.4424170675445803,0.08077393590648445,1.3224040091770126,1.6814951700362624,0.8139287077404032,3.0352696931001946,0.6321790579329225,0.44398369817191796,0.5188785138915302,75.03333333333333,68.9,628.6008521601402,0.012177236455803117,0.0025376620547225078,4.553035853678981
turbo_lunar_lander_12d,12,ts,logarithmic,decay_uniform_grid_a1_2,168,144,30,1.644961484135112,1.60373184012145,0.44766886515543836,0.08173277857945735,1.392274251184646,1.8266771411836653,0.9564423261142829,3.130706000807388,0.6317625054642075,0.44353047756632374,0.5184492773778825,75.5,69.4,633.4925546299045,0.009294177141661445,0.0024617917990932864,4.459063521943365
turbo_lunar_lander_12d,12,ts,logarithmic,decay_uniform_grid_a1_2,169,145,30,1.6299704250225804,1.5485837826099114,0.428358345827912,0.07820717623518211,1.4011542088879627,1.7915209110640977,1.049831508529085,3.176807021599674,0.6315499890540655,0.4430986851403586,0.5179712637053652,76.1,69.86666666666666,638.425870647297,0.006851128349080682,0.04042210142749051,4.4674299798440185
turbo_lunar_lander_12d,12,ts,logarithmic,decay_uniform_grid_a1_2,17,0,30,2.099757838105531,2.110022740220339,0.3828710086523443,0.0699023626845482,1.873366464527005,2.3150564028909124,1.0023537683350885,2.8299922076114465,0.9959122692309682,0.9688942266809756,0.9873643256895525,0.0,0.0,41.41959621468559,0.0,0.0013059554311136404,2.2004307761788366
turbo_lunar_lander_12d,12,ts,logarithmic,decay_uniform_grid_a1_2,170,146,30,1.6290478003933868,1.5818428681878072,0.43865641827675433,0.08008733842819993,1.3257410571968749,1.8202027886526446,1.0520560411930533,3.1481118298022217,0.6313724667610262,0.4425839424941592,0.5173073483471616,76.56666666666666,70.26666666666667,643.3196751074245,0.009239028068259358,0.002544499949241678,4.5310549332605055
turbo_lunar_lander_12d,12,ts,logarithmic,decay_uniform_grid_a1_2,171,147,30,1.6313865576459974,1.5640724821400784,0.4336127491287765,0.07916649463988648,1.348682337324711,1.8116940208498002,1.0305926710153785,3.160090398195073,0.6311226418552027,0.44217437824850825,0.5170033572368422,77.03333333333333,70.8,648.517591082134,0.008906473871320486,0.0026590968947857617,4.6446718022537725
turbo_lunar_lander_12d,12,ts,logarithmic,decay_uniform_grid_a1_2,172,148,30,1.6351035279358157,1.5197310768437242,0.46008611426274976,0.08399984772553579,1.3525110042937079,1.857894443455576,1.0041392390823782,3.2299720458906775,0.6304202249503238,0.44172789086070946,0.5165286046510883,77.46666666666667,71.23333333333333,653.7218516522242,0.009513731657837829,0.0027467068284749985,4.666592291882262
turbo_lunar_lander_12d,12,ts,logarithmic,decay_uniform_grid_a1_2,173,149,30,1.626611821201417,1.587006700826998,0.46707287726631763,0.08527545029253468,1.4024619786142527,1.8712336544379689,0.8992721876272878,3.1958372006689166,0.6302774212023083,0.4413246987107099,0.5162270674984756,77.83333333333333,71.76666666666667,658.7923961138198,0.010912896615142624,0.0028576981897155446,4.604760974940533
turbo_lunar_lander_12d,12,ts,logarithmic,decay_uniform_grid_a1_2,174,150,30,1.6280072777787136,1.5282379534207764,0.43223960847410775,0.07891579460282332,1.4064529305442652,1.8529868027200114,1.0660216913241545,3.158738961060254,0.6325266635246807,0.44365267905996775,0.5188440085986946,78.13333333333334,72.16666666666667,663.6356580154504,0.011693791331102451,0.0436868930545946,4.414929264752815
turbo_lunar_lander_12d,12,ts,logarithmic,decay_uniform_grid_a1_2,175,151,30,1.6051993351423377,1.527083938151927,0.440598568286482,0.08044192488499549,1.303910158804264,1.7623685558839763,1.0787870807229443,3.2958938571875613,0.6319734959239008,0.44319050185550146,0.5183874653591913,78.53333333333333,72.66666666666667,668.4246782560367,0.01004556817933917,0.0025900883444895345,4.360305489941189
turbo_lunar_lander_12d,12,ts,logarithmic,decay_uniform_grid_a1_2,176,152,30,1.6282631621776227,1.5523516788337517,0.47253226689767397,0.0862721939096359,1.2409888552360704,1.8543960176759278,0.980215729663442,3.178205603440836,0.6312602460594748,0.44274041245520795,0.5178110172226904,78.9,73.03333333333333,673.4635176996856,0.010684505493069688,0.0027071207761764525,4.645261223955701
turbo_lunar_lander_12d,12,ts,logarithmic,decay_uniform_grid_a1_2,177,153,30,1.6086702818419778,1.510811125232271,0.4657991157325273,0.0850428943175549,1.2740891404138597,1.8089456332710854,0.9211580141536888,3.218831523520941,0.6312031310331475,0.44232991378098363,0.5172474597633633,79.26666666666667,73.5,678.6289172354775,0.01061615408398211,0.0028220953730245433,4.7020075322904935
turbo_lunar_lander_12d,12,ts,logarithmic,decay_uniform_grid_a1_2,178,154,30,1.642776799357001,1.6522197421860298,0.46015700751785044,0.084012791003867,1.3336663923640257,1.8592224589677033,0.9860483574018504,3.2128185899395114,0.629987737581456,0.44189163513632995,0.5167529577356548,79.86666666666666,74.2,683.871224669305,0.00689493582273523,0.002864044206216931,4.7880425041851895
turbo_lunar_lander_12d,12,ts,logarithmic,decay_uniform_grid_a1_2,179,155,30,1.6590996941879366,1.545492387665424,0.44898580436892627,0.08197321768415416,1.4402101183334688,1.921433535359536,0.8797315787634195,3.285733213116293,0.6299499750922042,0.4414247429566998,0.5162005728683575,80.3,74.63333333333334,688.9793213360942,0.009958515098939339,0.046477358353634673,4.650710543012247
turbo_lunar_lander_12d,12,ts,logarithmic,decay_uniform_grid_a1_2,18,0,30,2.0920062495202365,2.111017479782991,0.33864160291830364,0.0618272149426874,1.8708896179771348,2.3034307913698533,1.2088720059724667,2.759462209735169,0.9957094485013225,0.9675855483758339,0.9866311169886459,0.0,0.0,43.96075165875566,0.0,0.0013001453597098589,2.188513504496465
turbo_lunar_lander_12d,12,ts,logarithmic,decay_uniform_grid_a1_2,180,156,30,1.6737113003012154,1.5886505070547035,0.5037363570440739,0.09196925526283856,1.3632829189291167,1.913803877306123,0.8772571603783803,3.2506977582499115,0.6296531635279266,0.44103681252169674,0.5157685344556405,80.66666666666667,75.03333333333333,694.1967917310229,0.010791045582542817,0.0028271978876243035,4.690432624239475
turbo_lunar_lander_12d,12,ts,logarithmic,decay_uniform_grid_a1_2,181,157,30,1.647204886527586,1.562009848452853,0.4440640813611924,0.0810746381131115,1.3515102485237769,1.9439392742088255,0.8843707400903214,3.0773545720792246,0.6291921415111426,0.44060412160926943,0.5151674773948784,81.1,75.36666666666666,699.2189110647577,0.009501197173570593,0.002686728537082672,4.615750139455001
turbo_lunar_lander_12d,12,ts,logarithmic,decay_uniform_grid_a1_2,182,158,30,1.66899803501865,1.57978299648473,0.4291211766539955,0.0783464494521842,1.3625101562054953,1.921381795063543,1.0089189242058605,2.954484517116905,0.6287196621052108,0.4401860124688778,0.5146964508721251,81.53333333333333,76.1,704.4934399479224,0.009653525380417704,0.002667775812248389,4.654217523165668
turbo_lunar_lander_12d,12,ts,logarithmic,decay_uniform_grid_a1_2,183,159,30,1.6479766764580543,1.5795012213914426,0.42219916002361924,0.07708266790155653,1.3607401366467942,1.8986348052485,1.0662984581379222,2.9045500364884056,0.6285511472664869,0.4397559672979395,0.5141071334888855,82.06666666666666,76.73333333333333,709.4996795997024,0.008436208730563522,0.0027399405060956877,4.567535137757659
turbo_lunar_lander_12d,12,ts,logarithmic,decay_uniform_grid_a1_2,184,160,30,1.6880741568489108,1.6263294332206437,0.450550780926422,0.08225894200498989,1.3811265159336923,1.9439658897457228,0.920330640174349,3.0026215562378136,0.6273953912869277,0.43852844847195566,0.5127037430289286,82.43333333333334,77.36666666666666,714.7854188584722,0.010561915906146168,0.04652165276929736,4.742273571155965
turbo_lunar_lander_12d,12,ts,logarithmic,decay_uniform_grid_a1_2,185,161,30,1.6600218127834598,1.6256439977411508,0.435852136478257,0.0795753489619872,1.2850108814675871,1.9445109862468681,0.9511529065090969,2.851503956933806,0.6266350544788508,0.4381704466954854,0.5124523006658454,82.8,77.7,719.7405367508065,0.010709502020229895,0.002681277599185705,4.520978145146121
turbo_lunar_lander_12d,12,ts,logarithmic,decay_uniform_grid_a1_2,186,162,30,1.6163356586758184,1.5661922811706381,0.47746901347004894,0.08717351639576128,1.2909097297901426,1.8961979394099715,0.8607640377051207,2.963907069736827,0.6264173363838382,0.43781102902120644,0.5119838783514934,82.93333333333334,78.13333333333334,725.0675489150764,0.014459259373446305,0.002759307545299331,4.661871795325229
turbo_lunar_lander_12d,12,ts,logarithmic,decay_uniform_grid_a1_2,187,163,30,1.613683747433978,1.5460178427810973,0.46142867045792096,0.08424496382980698,1.2597695127149922,1.872641476157243,0.9115845485746044,3.013984741291842,0.6257180244648725,0.43739646204043464,0.5114841664405186,83.23333333333333,78.43333333333334,730.4478903723415,0.012072812548528116,0.0027824102124820154,4.938339929003268
turbo_lunar_lander_12d,12,ts,logarithmic,decay_uniform_grid_a1_2,188,164,30,1.6305843112043554,1.5890668976071685,0.4827677286664428,0.08814092500871472,1.265431192752574,1.9440074666629026,0.8918851568682786,2.991382096561364,0.6250877314728179,0.4370113598123411,0.5109616774417501,83.6,78.9,735.790844038222,0.011356915580108762,0.0029512557045867044,4.854067081818357
turbo_lunar_lander_12d,12,ts,logarithmic,decay_uniform_grid_a1_2,189,165,30,1.627076844715991,1.6713890537513976,0.5288185740037082,0.096548620603182,1.1334525701460338,1.989421666908336,0.7414501012378729,3.080864142916626,0.6269045876950738,0.43834304090072507,0.5124416475783253,84.03333333333333,79.3,740.9654166550996,0.009832526898632447,0.051639289439966284,4.668292864225805
turbo_lunar_lander_12d,12,ts,logarithmic,decay_uniform_grid_a1_2,19,0,30,2.0804840658667922,2.12933069587867,0.3391846870726449,0.061926368090006165,1.870570543226884,2.277441225842643,1.1501422677106037,2.7184779824824505,0.9955179886383606,0.9663557325210144,0.9860669594507968,0.0,0.0,46.473092472366986,0.0,0.0014086890189598004,2.183800627865518
turbo_lunar_lander_12d,12,ts,logarithmic,decay_uniform_grid_a1_2,190,166,30,1.6151803878441404,1.5916856678542135,0.5335905311857875,0.09741985680053987,1.1933683284754375,1.9591522226071274,0.6437146788801456,3.2388421616992122,0.6261685234405625,0.43796198158230243,0.512033452061787,84.33333333333333,79.9,745.9989955172408,0.01184445065446198,0.0028120724794765315,4.645329352328554
turbo_lunar_lander_12d,12,ts,logarithmic,decay_uniform_grid_a1_2,191,167,30,1.6183040295639373,1.5703754021711107,0.4665326280440699,0.08517681473063479,1.3135145981764387,1.9596906443618127,0.6644476919347437,2.7275787861071152,0.6258343691051909,0.4375733221249203,0.511680342121379,84.66666666666667,80.2,751.1463676406692,0.011657730489969254,0.002934713258097569,4.725112633857255
turbo_lunar_lander_12d,12,ts,logarithmic,decay_uniform_grid_a1_2,192,168,30,1.5986158275295275,1.6074907268752785,0.5036751241738197,0.09195807572140553,1.2817673121789945,1.9434199038873567,0.6667237367261765,2.8694410239629233,0.6256175642001105,0.43717910178340014,0.5112611848800102,85.2,80.8,756.4821751017433,0.008472248756637176,0.003028069653858741,4.774553324732309
turbo_lunar_lander_12d,12,ts,logarithmic,decay_uniform_grid_a1_2,193,169,30,1.6030778627390163,1.612758871309287,0.5206178054324663,0.0950513719580658,1.1280410550525328,1.91232903499853,0.5398494793622595,2.756528658205111,0.6254654159075517,0.4367753980370817,0.5108421327364626,85.76666666666667,81.3,761.5954705662715,0.007611253780002395,0.0027944597881287337,4.609122173705448
turbo_lunar_lander_12d,12,ts,logarithmic,decay_uniform_grid_a1_2,194,170,30,1.6155781894951033,1.5352746119687606,0.4888635683464441,0.08925386797527197,1.207102139885777,1.9658674384181225,0.5616673534719447,2.7841482433100913,0.6257214932463135,0.436694758318334,0.5107395463531311,86.23333333333333,81.73333333333333,766.7380152470588,0.009442610122884313,0.05202695978805423,4.672867542505264
turbo_lunar_lander_12d,12,ts,logarithmic,decay_uniform_grid_a1_2,195,171,30,1.579977028165462,1.5849863664668187,0.5124966981053134,0.09356866739973176,1.1560032856091416,1.908081370692478,0.5403488400435135,2.705834182870567,0.6247514601102979,0.4363083370246383,0.5104199747688463,86.7,82.46666666666667,771.9996001630866,0.009302009254073103,0.0029607591840128105,4.8245226883174235
turbo_lunar_lander_12d,12,ts,logarithmic,decay_uniform_grid_a1_2,196,172,30,1.6071097825486012,1.5683796293544436,0.526808959503003,0.09618171687187342,1.1806794800182288,2.026067752632625,0.6050815219545007,2.8059119174052634,0.6245523423737294,0.43593764111606065,0.5100946560963728,87.06666666666666,83.1,777.4414985823755,0.010983718590190013,0.0030379666636387507,4.852474999489884
turbo_lunar_lander_12d,12,ts,logarithmic,decay_uniform_grid_a1_2,197,173,30,1.63147074710325,1.6230927881184303,0.5458632727236377,0.09966054259477693,1.1535023851493529,2.040409701722462,0.5611324488662501,3.1020143143240375,0.6240490235095031,0.43556629555277315,0.5096122730100168,87.43333333333334,83.5,782.9503670476998,0.010481283472230037,0.0028635337793578705,5.07699705894726
turbo_lunar_lander_12d,12,ts,logarithmic,decay_uniform_grid_a1_2,198,174,30,1.6440638935247514,1.6247770802720871,0.49401144698567995,0.09019373772660813,1.2282351225460035,1.9321635794288095,0.6237588077609391,2.9626346221659245,0.6238391151258068,0.4352091315117667,0.5092749771036736,87.83333333333333,84.0,788.6041141461116,0.010679396862785021,0.0030169006437063216,5.078973033962151
turbo_lunar_lander_12d,12,ts,logarithmic,decay_uniform_grid_a1_2,199,175,30,1.673600409735836,1.563247164292176,0.4776332506974046,0.08720350187382954,1.4015504401962513,2.0004911758979884,0.571959027399848,2.9164817195045085,0.6244381798517701,0.4358886682359075,0.5101079203592472,88.2,84.43333333333334,794.2659542301204,0.01086068629908065,0.05739989823972185,5.1151800442487
turbo_lunar_lander_12d,12,ts,logarithmic,decay_uniform_grid_a1_2,2,0,30,2.885570233135184,2.8293080899717786,0.4982639284972421,0.09097013107636022,2.517399148613383,3.238257766184881,1.8437588878566724,3.9886089859838023,0.9996801932678034,0.9944561142072189,0.9987245304408059,0.0,0.0,2.8453915379941463,0.0,0.0016289383793870607,1.7260336925586064
turbo_lunar_lander_12d,12,ts,logarithmic,decay_uniform_grid_a1_2,20,0,30,2.061611883645981,2.104385787790042,0.34075255035328955,0.06221261945197055,1.8126988241714181,2.2639419317645997,1.110178421976981,2.7188176888560056,0.9951943940238099,0.9650347806448117,0.9853139315771867,0.0,0.0,49.133358546268816,0.0,0.0014101671675841013,2.3061791128323725
turbo_lunar_lander_12d,12,ts,logarithmic,decay_uniform_grid_a1_2,200,176,30,1.687407382275868,1.630117443484295,0.4912944387555471,0.0896976821610845,1.325997646568339,2.0411916409920465,0.4600359572996391,2.92167878847239,0.6232008339339726,0.4354883933450544,0.5096459839269268,88.7,85.03333333333333,799.8145278842654,0.00902044818115731,0.0028907398227602243,5.084719681212058
turbo_lunar_lander_12d,12,ts,logarithmic,decay_uniform_grid_a1_2,201,177,30,1.6391361218452611,1.5511641504947873,0.5021896279740022,0.0916868624621628,1.3607857281793165,2.002510772657633,0.42273779056516436,2.901284794905906,0.6228777359534788,0.43511367357157343,0.5092718072919149,89.0,85.5,805.4234611069318,0.011929463222622871,0.0030237180025627216,5.021639528451487
turbo_lunar_lander_12d,12,ts,logarithmic,decay_uniform_grid_a1_2,202,178,30,1.66275872144297,1.6387295734839524,0.47190116748127897,0.08615697144750661,1.429427088639644,1.8994349756862727,0.5115733736782793,2.9523184723103175,0.6221051959518782,0.43472718359185253,0.5088745217589307,89.26666666666667,85.8,811.0409989330763,0.013051647692918777,0.0030364941184719404,5.136105267486225
turbo_lunar_lander_12d,12,ts,logarithmic,decay_uniform_grid_a1_2,203,179,30,1.685146595038465,1.6843537331225775,0.5097910038585258,0.09307467747550592,1.4636792162377477,1.9078997094179084,0.4914566306491739,2.8442015827408547,0.6218021713119354,0.43432141334273255,0.5084108306824963,89.7,86.16666666666667,816.4197096084089,0.010191888206948836,0.0030218212865293025,4.94647413167792
turbo_lunar_lander_12d,12,ts,logarithmic,decay_uniform_grid_a1_2,204,180,30,1.6623165983644104,1.5988071502241565,0.4831039085221118,0.08820230277215764,1.3365259771627833,1.9523083122118727,0.725884263907238,2.900194990451142,0.623484137555837,0.43614492247432585,0.5104137852371917,90.13333333333334,86.76666666666667,822.3813221606271,0.009864547941833734,0.06153960550824801,5.28412434409062
turbo_lunar_lander_12d,12,ts,logarithmic,decay_uniform_grid_a1_2,205,181,30,1.6479610400869527,1.5773273917643973,0.4747495606022355,0.08667701450250342,1.2869700174615077,1.925985020067327,0.9381477002705034,2.8171240998726086,0.6232246504065188,0.4357876052193658,0.5100573604511924,90.66666666666667,87.33333333333333,828.1656919378166,0.008698473094652097,0.003311340712631742,5.2476115761635205
turbo_lunar_lander_12d,12,ts,logarithmic,decay_uniform_grid_a1_2,206,182,30,1.635139711068754,1.5801899373943007,0.49135219971121535,0.08970822782053867,1.1924539226542927,1.9639020552516508,0.9113600364082171,2.8415460081439905,0.622192164057454,0.4353797996334752,0.5096575736847263,91.0,87.93333333333334,833.7576620274378,0.011844580185910066,0.0031512123222152393,5.174388729998221
turbo_lunar_lander_12d,12,ts,logarithmic,decay_uniform_grid_a1_2,207,183,30,1.6251928863456988,1.5582845451948453,0.4968207988577644,0.09070665285737814,1.2439455822231027,1.972315048093849,0.9456355518014536,2.881970527493059,0.6218853372679072,0.4350492132122554,0.5093551269584895,91.43333333333334,88.3,839.3560726694298,0.009817843713487187,0.0032105918352802595,5.105277415877208
turbo_lunar_lander_12d,12,ts,logarithmic,decay_uniform_grid_a1_2,208,184,30,1.6194434640453703,1.5763381078565804,0.5078459533134321,0.0927195614558274,1.2008787129132081,1.9452607732043703,0.9651320850344816,2.918504658591636,0.6216859067759383,0.43471911619194326,0.509036689054028,91.93333333333334,88.9,844.9299040034568,0.008876615250483156,0.003211344126611948,5.0441893398140865
turbo_lunar_lander_12d,12,ts,logarithmic,decay_uniform_grid_a1_2,209,185,30,1.5842813210377946,1.5192034039774662,0.5347312794190164,0.09762812798046443,1.1783788860104316,1.914868367107818,0.6014205357413107,2.91716838732696,0.6226774611523406,0.43588962790969593,0.5103757628328033,92.3,89.36666666666666,850.4247388714459,0.010936707677319645,0.0606065241775165,5.007981455419213
turbo_lunar_lander_12d,12,ts,logarithmic,decay_uniform_grid_a1_2,21,0,30,2.0103557832540613,2.1196253294823966,0.45621493106484673,0.0832930696049603,1.8201512959423876,2.2685593450080273,0.35543964366029956,2.6623164610743437,0.9950198861468054,0.9639788771103057,0.9847182647098223,0.0,0.0,51.83230789207543,0.0,0.0013089799011747041,2.3350552206858994
turbo_lunar_lander_12d,12,ts,logarithmic,decay_uniform_grid_a1_2,210,186,30,1.6372430294365647,1.614801935995784,0.5118576805427728,0.09345199928851661,1.2505918567826437,1.9328837748468009,0.8889342030283782,2.936120702401751,0.6217358475664738,0.43552563020933555,0.5099627286229972,92.63333333333334,89.8,855.7154710564452,0.011799146778260668,0.003189214039593935,4.888825908023864
turbo_lunar_lander_12d,12,ts,logarithmic,decay_uniform_grid_a1_2,211,187,30,1.5827406950461307,1.4910301250037847,0.5293902251886493,0.09665298935285427,1.1611707579886252,1.9338856287282833,0.8427516642143229,2.92183709183046,0.6212322574111844,0.43517675332949773,0.5095472789394843,93.1,90.26666666666667,861.0061300156948,0.00927489084812502,0.0032872566798081,4.88800675580278
turbo_lunar_lander_12d,12,ts,logarithmic,decay_uniform_grid_a1_2,212,188,30,1.64546810731369,1.5613939210806929,0.5251983794988686,0.09588766653889637,1.2525731153801412,1.973818023721451,0.8422937693612833,2.93704884155271,0.6211000933552946,0.434839601830608,0.5092540998042192,93.53333333333333,90.83333333333333,866.5143186436655,0.010032545293991764,0.003174413461238146,4.942546439993506
turbo_lunar_lander_12d,12,ts,logarithmic,decay_uniform_grid_a1_2,213,189,30,1.634714903330827,1.5620867301375574,0.5088885722273749,0.09290991675517675,1.2547494506762535,1.9597189047071228,0.9990184595893179,2.976429062632426,0.6207063484148012,0.4345010637861176,0.5088382880499188,93.8,91.13333333333334,871.8728809392545,0.012856677686795593,0.0032828550941000384,4.938883301584671
turbo_lunar_lander_12d,12,ts,logarithmic,decay_uniform_grid_a1_2,214,190,30,1.6656820249140987,1.649352093238752,0.500497059761541,0.0913778431988024,1.28547371151604,1.9921138592006775,0.9300669067396756,2.9611825088385473,0.6204568944183426,0.43408125936627157,0.5083658396426493,94.2,91.6,877.3173143992356,0.010400777434309323,0.061847662165140115,4.852367564321806
turbo_lunar_lander_12d,12,ts,logarithmic,decay_uniform_grid_a1_2,215,191,30,1.6630463133248627,1.6688064679171046,0.5273235585555265,0.0962756693749194,1.2038971309980013,1.9915245103684793,0.8459798348539329,3.1248086685460805,0.6199231863841336,0.4337460232517944,0.5080098570555015,94.46666666666667,92.06666666666666,882.4676006371621,0.012807108120371898,0.0031592991203069688,4.744297361963739
turbo_lunar_lander_12d,12,ts,logarithmic,decay_uniform_grid_a1_2,216,192,30,1.6361767881353622,1.6377922564052012,0.5188134604394029,0.09472194513999169,1.2308249043013615,1.941738562261749,0.8254173826181586,3.0561535568450395,0.6198569283355041,0.4334181130783721,0.5075412428002612,94.76666666666667,92.56666666666666,887.9149143213251,0.012484312942251562,0.0033494111771384875,4.95601769099012
turbo_lunar_lander_12d,12,ts,logarithmic,decay_uniform_grid_a1_2,217,193,30,1.6438947020139205,1.545252396482792,0.5016438182277758,0.09158721169212468,1.2983172882498315,1.9005918774630195,0.797780275060944,3.055975147459229,0.6197297546126677,0.4331013841518288,0.5072381193498047,95.13333333333334,93.1,893.3425601353558,0.011362023605033755,0.0033235026523470877,4.947305404938136
turbo_lunar_lander_12d,12,ts,logarithmic,decay_uniform_grid_a1_2,218,194,30,1.648941771434426,1.5786113990946566,0.5067675082242487,0.09252266522170192,1.2584826935248414,1.9154664276290816,0.8694029899165645,3.093026841803173,0.6194062860294143,0.43274309762268665,0.506671279278262,95.53333333333333,93.53333333333333,898.7449363302595,0.010556381692488988,0.003367965404565136,4.890942712950831
turbo_lunar_lander_12d,12,ts,logarithmic,decay_uniform_grid_a1_2,219,195,30,1.5826730048111124,1.6101298380424018,0.5873688418482657,0.1072383880853265,1.2191118333720912,1.8532109074126275,0.0,3.1160266946374753,0.6188191783400406,0.43197697494153126,0.5058774416225448,96.0,94.0,904.1085519186221,0.00986411962658167,0.06684430688619614,4.900766297088315
turbo_lunar_lander_12d,12,ts,logarithmic,decay_uniform_grid_a1_2,22,0,30,2.018812395918843,2.0954128147140247,0.4247300673108744,0.07754474623895116,1.8243497978773924,2.256515884138674,0.4386501698383287,2.6667800721842894,0.9947753131421503,0.9627320698773395,0.9839994741725716,0.0,0.0,54.426912529797605,0.0,0.0013392088934779168,2.256217529422914
turbo_lunar_lander_12d,12,ts,logarithmic,decay_uniform_grid_a1_2,220,196,30,1.582231305284155,1.4987780256888104,0.5998302652201641,0.1095135223117968,1.2906020219682548,1.8946629841370106,0.0,3.1788830328404405,0.6186461704748302,0.43163768615431775,0.5053984219763633,96.53333333333333,94.33333333333333,909.4273691365805,0.008317435734594862,0.0033268730466564497,4.909724981182565
turbo_lunar_lander_12d,12,ts,logarithmic,decay_uniform_grid_a1_2,221,197,30,1.5823218989787011,1.5887242684354055,0.5842980994011859,0.10667774978314178,1.2760323774814681,1.9039788006122202,0.0,3.197991186517436,0.6183469972949481,0.4312981903383731,0.5050449557639588,96.86666666666666,94.86666666666666,914.9831197260413,0.012223618151620031,0.0033601904287934303,4.975478641487038
turbo_lunar_lander_12d,12,ts,logarithmic,decay_uniform_grid_a1_2,222,198,30,1.5423309732334638,1.5832458749235836,0.6530951534750303,0.1192383159185242,1.2013490016316832,1.8836404795526853,0.0,3.1526116552018215,0.6175791338307035,0.430999472702333,0.5046531007604822,97.13333333333334,95.2,920.3969769338922,0.01316746159767111,0.003275272296741605,4.86535133238261
turbo_lunar_lander_12d,12,ts,logarithmic,decay_uniform_grid_a1_2,223,199,30,1.4987145303681264,1.5999406067684108,0.6662827111908711,0.12164602353164664,1.1301538661028387,1.8992399670133473,0.0,3.1889790168883403,0.6167161224293853,0.4307127455166586,0.5044515621373112,97.5,95.76666666666667,926.0447467589906,0.011874062893912195,0.003433972146982948,5.097854008059949
turbo_lunar_lander_12d,12,ts,logarithmic,decay_uniform_grid_a1_2,224,200,30,1.4572146133536064,1.5328169898382027,0.6188532684779418,0.11298663164372315,1.0673077528250217,1.8384974522173463,0.0,2.8185456252672134,0.6186090017332102,0.4325931318274894,0.5065317963412452,97.96666666666667,96.13333333333334,931.462018354175,0.010194483383869132,0.07034250949509442,4.910172483262916
turbo_lunar_lander_12d,12,ts,logarithmic,decay_uniform_grid_a1_2,225,201,30,1.5443542797906282,1.5731533942979965,0.5904833760380511,0.10780702162928203,1.196892776604621,1.8905260754481175,0.0,2.8652189889765562,0.6176201837749449,0.43225784599755435,0.5061826041467412,98.4,96.63333333333334,937.0174144664159,0.010624015579620998,0.0033706306479871274,5.131849738381182
turbo_lunar_lander_12d,12,ts,logarithmic,decay_uniform_grid_a1_2,226,202,30,1.5676036788183556,1.5556742704206603,0.5657049504538983,0.10328312075198083,1.3373926071594808,1.8884162596457845,0.0,2.860431500780147,0.6175647393845236,0.43197727886951015,0.5059316593970216,98.76666666666667,97.03333333333333,942.8230263290461,0.012181668464715282,0.0035729615949094294,5.259725680140158
turbo_lunar_lander_12d,12,ts,logarithmic,decay_uniform_grid_a1_2,227,203,30,1.5123673408084426,1.574848834502864,0.6408480167394356,0.11700230490021239,1.1937242111001793,1.8805566683866433,0.0,2.9316418667769675,0.6173121225940057,0.43165707081128846,0.5055214221694644,99.13333333333334,97.56666666666666,948.4954559924702,0.0118448572854201,0.003660607011988759,5.182032924347246
turbo_lunar_lander_12d,12,ts,logarithmic,decay_uniform_grid_a1_2,228,204,30,1.4974800011982692,1.5239342422355757,0.6203268872436863,0.11325567639011022,1.2827532414967695,1.819757965093826,0.0,2.8969766106234447,0.6168754887392651,0.43135250833947364,0.5051516360478182,99.43333333333334,98.03333333333333,953.9702861511304,0.0133148195532461,0.003660252084955573,4.997346996391813
turbo_lunar_lander_12d,12,ts,logarithmic,decay_uniform_grid_a1_2,229,205,30,1.496483660608287,1.545539212039148,0.6266951137001617,0.11441835015061448,1.2196923246648739,1.8919558667923142,0.0,2.9084840246113135,0.6159268212549505,0.4308072633306294,0.5044912465410142,100.0,98.56666666666666,959.4865552853793,0.008109645390262207,0.0733654372394085,5.038173265988007
turbo_lunar_lander_12d,12,ts,logarithmic,decay_uniform_grid_a1_2,23,0,30,2.029291854648789,2.0924241953842992,0.4307785176434424,0.07864903713398352,1.8221556810613653,2.2998905622316252,0.4639975490151611,2.646881173905956,0.994474263862337,0.9616650611612246,0.9833508850634076,0.0,0.0,56.93183504963915,0.0,0.0012940955037871996,2.1649360894070315
turbo_lunar_lander_12d,12,ts,logarithmic,decay_uniform_grid_a1_2,230,206,30,1.5773640415439147,1.471925781317855,0.6229975584373487,0.11374327200892627,1.219326078613421,1.8891857677014627,0.0,3.3213486047392298,0.6152213423359687,0.4304668036890467,0.5040575875070359,100.26666666666667,98.93333333333334,965.1218174310401,0.013674457060794036,0.003578608048458894,5.035776562724883
turbo_lunar_lander_12d,12,ts,logarithmic,decay_uniform_grid_a1_2,231,207,30,1.6183857879177936,1.5367421520663014,0.6544067061407349,0.119477771578645,1.3587135775431247,1.920798816050134,0.0,3.5033348845073276,0.6144101739860802,0.4301236315327542,0.5036651271170102,100.56666666666666,99.36666666666666,970.7054067183751,0.012988895395149786,0.0035460657440125943,5.187781221450617
turbo_lunar_lander_12d,12,ts,logarithmic,decay_uniform_grid_a1_2,232,208,30,1.5940624861041282,1.5000291043012521,0.6529459494592398,0.11921107511681792,1.2464662968907398,1.8928569257249863,0.0,3.499912103091668,0.6142973484306141,0.42986021612429076,0.5033664203124413,100.86666666666666,99.76666666666667,976.3047606891797,0.013284168237199386,0.0035677384585142136,5.147902679536491
turbo_lunar_lander_12d,12,ts,logarithmic,decay_uniform_grid_a1_2,233,209,30,1.6339169097994806,1.5208779007282431,0.6487650614577233,0.11844775289387349,1.2634748090346566,1.9445070910558369,0.0,3.4692986335771794,0.6142214910294801,0.4295641151984888,0.5031202367386302,101.23333333333333,100.23333333333333,981.9798314001256,0.011540696707864602,0.003673953423276544,5.1778857214686775
turbo_lunar_lander_12d,12,ts,logarithmic,decay_uniform_grid_a1_2,234,210,30,1.5995980116680761,1.5834589201035685,0.6522016375590786,0.11907518297763864,1.2283108851654327,1.9560562347779151,0.0,3.4626049501316802,0.6151722289511922,0.4301360831461572,0.503814802066827,101.56666666666666,100.6,987.5802530076976,0.012902782096837958,0.07766480062467357,5.003844047834476
turbo_lunar_lander_12d,12,ts,logarithmic,decay_uniform_grid_a1_2,235,211,30,1.5758891392201761,1.440252630392874,0.6260238944299817,0.11429580283884457,1.2552947058421138,1.9170785194757665,0.0,3.059706091862607,0.6149191628179321,0.4298070217063704,0.503440681267712,101.9,100.93333333333334,993.0793293556043,0.012559096499656638,0.003597934202601512,5.060695025200645
turbo_lunar_lander_12d,12,ts,logarithmic,decay_uniform_grid_a1_2,236,212,30,1.605467303940659,1.487093285678883,0.614496415073959,0.11219118268068831,1.2485865389600073,1.963790563373353,0.0,3.0960115949893563,0.6147037554102351,0.429519863066518,0.5029530976784734,102.33333333333333,101.23333333333333,998.7475890682545,0.01095432493214806,0.0036839513418575128,5.236314683655897
turbo_lunar_lander_12d,12,ts,logarithmic,decay_uniform_grid_a1_2,237,213,30,1.581430763302893,1.4854510299714156,0.5662589795020542,0.10338427215437684,1.2302409323052839,1.9776797776712065,0.0,2.6582407113637054,0.6146002774617362,0.4292386057160296,0.5025867943821959,102.63333333333334,101.83333333333333,1004.3479672015644,0.013119817680368821,0.003678217623382807,5.135562219051645
turbo_lunar_lander_12d,12,ts,logarithmic,decay_uniform_grid_a1_2,238,214,30,1.5940385393347614,1.4519164095575912,0.5772910541719121,0.10539844420529769,1.2809197319614465,2.0071282977843135,0.0,2.7761896159856194,0.6144613351952987,0.42893442803450194,0.5022053986452131,102.93333333333334,102.16666666666667,1009.869763129903,0.013014964868004124,0.0037172540246198575,5.068136838373418
turbo_lunar_lander_12d,12,ts,logarithmic,decay_uniform_grid_a1_2,239,215,30,1.6117618139284537,1.5458513557521731,0.5341680960059566,0.09752530522734922,1.394973961947443,1.9848647797429755,0.0,2.5656167435674324,0.6137274710006717,0.42799040563121143,0.5011956323874944,103.3,102.63333333333334,1015.423191440183,0.011862287468587359,0.08045267728157342,5.054180359638607
turbo_lunar_lander_12d,12,ts,logarithmic,decay_uniform_grid_a1_2,24,0,30,1.9789134699739348,1.8978690382657675,0.6695397847580342,0.12224068108637631,1.7052837871157773,2.3542641825037984,0.0,3.869210107643327,0.7245680538849998,0.5573613631664515,0.6330507827136042,0.0,0.0,59.07363217924721,0.0,0.010321595783655843,1.8096815448720007
turbo_lunar_lander_12d,12,ts,logarithmic,decay_uniform_grid_a1_2,240,216,30,1.6233876930599946,1.5345986046343927,0.524281890336004,0.09572033927615972,1.3826992296050418,1.9709897946999158,0.0,2.571456010462174,0.6134923491254151,0.4276895276128119,0.5009162890527584,103.8,103.23333333333333,1021.0455426934175,0.009618610423058272,0.0036092955929537614,5.084751907053093
turbo_lunar_lander_12d,12,ts,logarithmic,decay_uniform_grid_a1_2,241,217,30,1.6137930860806862,1.5706028452610536,0.5360576369270637,0.09787028662262236,1.337062369000396,1.9765900673078816,0.0,2.5583790759347793,0.6133380800631343,0.4274078806560727,0.5005635744430995,104.13333333333334,103.73333333333333,1026.596215549841,0.012483981453503172,0.0036735733194897574,4.998540421901271
turbo_lunar_lander_12d,12,ts,logarithmic,decay_uniform_grid_a1_2,242,218,30,1.5940637568902238,1.5732166417391777,0.5606933895390578,0.10236813909819102,1.2832423666515607,2.043005197253294,0.0,2.565230473620177,0.6131758866110995,0.4271373516911533,0.5003367360235452,104.53333333333333,104.26666666666667,1032.207230241488,0.010752599531163773,0.0036403507304688296,4.962156785481299
turbo_lunar_lander_12d,12,ts,logarithmic,decay_uniform_grid_a1_2,243,219,30,1.6335397994750012,1.453004188261275,0.5437605751908954,0.09927664430467913,1.3333469817163546,2.0327597805788633,0.0,2.5614727045212127,0.6120633337321084,0.42683313347066754,0.5000381876474463,105.0,104.86666666666666,1037.6547636168232,0.00958342148611943,0.0034801530186086894,4.974802468980973
turbo_lunar_lander_12d,12,ts,logarithmic,decay_uniform_grid_a1_2,244,220,30,1.5488030251301985,1.5154356955383532,0.5537098623929086,0.10109312731522584,1.2448856128993648,1.991865687944937,0.0,2.568906896250392,0.6111512210923564,0.425981239431373,0.49911714255014256,105.23333333333333,105.36666666666666,1043.1500952270037,0.01401815436159571,0.07909120453211169,4.949381432387357
turbo_lunar_lander_12d,12,ts,logarithmic,decay_uniform_grid_a1_2,245,221,30,1.5774510340273187,1.5297963014788014,0.5223045238302743,0.0953593231962786,1.3416548263492398,1.9963831780478354,0.0,2.5922596104608484,0.6107633367657825,0.42569968155313337,0.49884040056905093,105.5,105.8,1048.6410551205897,0.013293606275692583,0.0037966758167992036,5.077811153822889
turbo_lunar_lander_12d,12,ts,logarithmic,decay_uniform_grid_a1_2,246,222,30,1.5821775673496958,1.5448892074030354,0.5280188599619898,0.0964026134631144,1.3248379863779463,1.9914307658435126,0.0,2.5772433276534312,0.6105574743917903,0.4254066664873795,0.4985988062420092,105.93333333333334,106.3,1054.3305382483484,0.010128260450437665,0.0036446307475368183,5.223988431692123
turbo_lunar_lander_12d,12,ts,logarithmic,decay_uniform_grid_a1_2,247,223,30,1.5725886357529533,1.5577352553189892,0.5287324029082294,0.09653288798558245,1.2659413001983857,1.9752424708639957,0.0,2.547734974007783,0.6104333896626247,0.4251191034308822,0.4981624049174465,106.13333333333334,106.73333333333333,1059.858188309831,0.015283696943273146,0.0038793823681771756,5.092370818012084
turbo_lunar_lander_12d,12,ts,logarithmic,decay_uniform_grid_a1_2,248,224,30,1.5733105981857305,1.5255805815290207,0.5518510871527756,0.10075376293910819,1.2335071427936948,1.9965820853216751,0.0,2.5395161106976047,0.6102337669547544,0.42483359533509085,0.4978132724275349,106.4,107.2,1065.213734830621,0.013990884957214197,0.0036617372805873554,4.942178369903316
turbo_lunar_lander_12d,12,ts,logarithmic,decay_uniform_grid_a1_2,249,225,30,1.618158240936832,1.6085133221664893,0.5209777778319978,0.09511709362583336,1.306510950702005,1.9883710996981099,0.0,2.554630675985365,0.6094914072294647,0.42400930318532004,0.49701083086496894,106.86666666666666,107.8,1070.5900059817204,0.010509521545221409,0.08578595936608811,4.882331302730988
turbo_lunar_lander_12d,12,ts,logarithmic,decay_uniform_grid_a1_2,25,1,30,1.9918508880786487,1.8944525264642635,0.6751286317992915,0.12326106028469051,1.6408095613024856,2.4119413243273797,0.0,3.8899317486328018,0.7221546526242683,0.5539117959291622,0.6295552402017731,0.5333333333333333,0.0,61.29390863953158,0.0010415031419446072,0.0013129948638379574,1.892996595085909
turbo_lunar_lander_12d,12,ts,logarithmic,decay_uniform_grid_a1_2,250,226,30,1.611254364508752,1.6437754507471516,0.5315078741238107,0.09703961738307584,1.3246281062309082,1.9869489436828318,0.0,2.5539899691459995,0.6093772838081704,0.42370669283431905,0.4967532598332059,107.26666666666667,108.2,1076.2926370618245,0.011356323150297006,0.0037677352627118427,5.150741634176423
turbo_lunar_lander_12d,12,ts,logarithmic,decay_uniform_grid_a1_2,251,227,30,1.6394285508376187,1.6950250426274334,0.5862104377125231,0.10702689339337534,1.3471363992850418,1.9730224592500782,0.0,3.0152332833377864,0.6091325609986254,0.4234112587598869,0.49650580457948973,107.56666666666666,108.76666666666667,1081.7981480432209,0.013622410114233692,0.003860251667598883,5.0775999317877
turbo_lunar_lander_12d,12,ts,logarithmic,decay_uniform_grid_a1_2,252,228,30,1.6652483350755687,1.7095014597139235,0.5711176538297851,0.104271340664,1.3666775314406572,1.9572376867498245,0.0,2.9970660769360675,0.6088055975966765,0.4231307329723039,0.49618375804829057,107.86666666666666,109.3,1087.28967248057,0.012680632900446654,0.0037486550863832235,5.005454288655892
turbo_lunar_lander_12d,12,ts,logarithmic,decay_uniform_grid_a1_2,253,229,30,1.6553018958331511,1.7467895487170724,0.579909403979953,0.10587648728973215,1.3131965848730585,1.966617143259482,0.0,3.0296509496835147,0.6072562403040169,0.4228401701322449,0.49589762862479136,108.33333333333333,109.86666666666666,1092.7196213708414,0.010125121132781108,0.0037901255302131174,4.951587160925071
turbo_lunar_lander_12d,12,ts,logarithmic,decay_uniform_grid_a1_2,254,230,30,1.686471543754129,1.6799418136780702,0.5953413648757888,0.10869396498612777,1.3919425604833673,2.054632811675557,0.0,3.031139801616465,0.6070046649023091,0.4224400565765064,0.49547925993738373,108.56666666666666,110.3,1098.106027021166,0.014355346544956167,0.08509905513686439,4.798246018386757
turbo_lunar_lander_12d,12,ts,logarithmic,decay_uniform_grid_a1_2,255,231,30,1.699072642168835,1.712589496608909,0.5805659629402345,0.10599635800735825,1.3461377542976969,2.014258873441516,0.0,3.0410719206118335,0.606507810063037,0.422135059729195,0.4951599740442346,108.8,110.63333333333334,1103.5762294089886,0.013891815984000763,0.0038569853796313206,5.08868272396115
turbo_lunar_lander_12d,12,ts,logarithmic,decay_uniform_grid_a1_2,256,232,30,1.6647780137206827,1.6647703988139595,0.6007993873778056,0.1096904590007029,1.3384549376976063,2.029460985955622,0.0,3.0159846180021335,0.6062282088336126,0.4218681071018915,0.4948300036358665,109.13333333333334,110.86666666666666,1109.1611477334518,0.012772366187224786,0.004410458371664087,5.0408082376079015
turbo_lunar_lander_12d,12,ts,logarithmic,decay_uniform_grid_a1_2,257,233,30,1.6616036116439916,1.775375613359429,0.5987867626746525,0.1093230056841332,1.3168352715728768,2.0161516954111462,0.0,2.982674023528366,0.6059891938199011,0.4215814007485651,0.4945948287470495,109.6,111.46666666666667,1114.691552612108,0.010263624818374712,0.0038311042357236148,5.001845593408992
turbo_lunar_lander_12d,12,ts,logarithmic,decay_uniform_grid_a1_2,258,234,30,1.7036877359640383,1.7887710714639073,0.6003719056772796,0.10961241187726999,1.3998691933605267,2.0401480825111356,0.0,2.9841968738777958,0.6057692381372749,0.4212828405294427,0.49432054113324503,110.03333333333333,111.96666666666667,1120.1886644914437,0.011228135492031773,0.0038684446830302478,4.987993900524453
turbo_lunar_lander_12d,12,ts,logarithmic,decay_uniform_grid_a1_2,259,235,30,1.6914732375277959,1.8247045868882759,0.6173045876652783,0.11270388250523275,1.3771357186659636,2.0232235750076115,0.0,3.1014724289155042,0.6060773872532698,0.4217376780766938,0.4948109056380713,110.33333333333333,112.36666666666666,1125.9731255059442,0.013660948940863211,0.09001086205244065,5.028315481062358
turbo_lunar_lander_12d,12,ts,logarithmic,decay_uniform_grid_a1_2,26,2,30,1.997998981026711,1.9262436064141568,0.7476962731317208,0.1365100383189291,1.5767087472709052,2.3959923002403354,0.0,3.864448006671237,0.7188003029605464,0.5503280701097797,0.6259943160942723,1.1333333333333333,0.6,63.43589081076595,0.0009064170997589826,0.0013810413889586925,1.8009921077638864
turbo_lunar_lander_12d,12,ts,logarithmic,decay_uniform_grid_a1_2,260,236,30,1.7040019990290953,1.7969717238130065,0.6424854607326992,0.117301259904133,1.368347228160526,2.0245959224434698,0.0,3.1982080830084794,0.6060302878270954,0.42143713733967986,0.4944827204676074,110.9,113.03333333333333,1131.3630078461642,0.008028401620686054,0.003913193025315801,5.0216810374675935
turbo_lunar_lander_12d,12,ts,logarithmic,decay_uniform_grid_a1_2,261,237,30,1.7033409554794094,1.820246782205714,0.6574462891228414,0.1200327209668812,1.343809720998538,2.097104985749842,0.0,3.106418797601383,0.6059907013655493,0.42116809095816216,0.49419716294758553,111.2,113.5,1136.7049603838939,0.013083197083324194,0.0037668366140375534,4.923449259717017
turbo_lunar_lander_12d,12,ts,logarithmic,decay_uniform_grid_a1_2,262,238,30,1.702174448209694,1.838387686288919,0.6479924257953966,0.11830668956687707,1.33083612537376,2.042658551245896,0.0,3.2061824152695273,0.6057842191159539,0.4209125025021349,0.49395616373432705,111.66666666666667,113.93333333333334,1142.0241747826649,0.009946875150005023,0.003912455076351762,4.8025580450271566
turbo_lunar_lander_12d,12,ts,logarithmic,decay_uniform_grid_a1_2,263,239,30,1.7027551345856462,1.782563154899423,0.6525451695724779,0.1191379030552933,1.3542636102140762,2.120739369186639,0.0,3.1424045866661645,0.6056270313296677,0.420647382229044,0.4936744818554437,112.03333333333333,114.36666666666666,1147.2767701987177,0.011610193892071645,0.0037742496778567633,4.7399393979304785
turbo_lunar_lander_12d,12,ts,logarithmic,decay_uniform_grid_a1_2,264,240,30,1.749122388711386,1.858484522968272,0.6127635357799202,0.11187480365442874,1.4184246907339149,2.1233561747731566,0.0,2.828243801183036,0.6039087042921438,0.4191045491167555,0.4920219578324487,112.5,114.93333333333334,1152.5730457328725,0.01017869934439659,0.09159157420508564,4.771604765097921
turbo_lunar_lander_12d,12,ts,logarithmic,decay_uniform_grid_a1_2,265,241,30,1.7056350503647237,1.859670375585938,0.6575602974923824,0.12005353595212852,1.3688345806979103,2.079877815746276,0.0,2.977825722876541,0.6035651871070702,0.41883613894316635,0.4918205955230837,112.93333333333334,115.3,1157.6518146656608,0.010884422902017831,0.003806456737220287,4.625573494114603
turbo_lunar_lander_12d,12,ts,logarithmic,decay_uniform_grid_a1_2,266,242,30,1.6889853568754143,1.7384677600549712,0.6280424833121298,0.11466434506053844,1.370444821131416,2.073798396567041,0.0,3.053447107331352,0.6034776139391355,0.4186068047351148,0.4914397574057337,113.1,115.7,1162.71526129654,0.01546292332932353,0.003804464265704155,4.4869577603569875
turbo_lunar_lander_12d,12,ts,logarithmic,decay_uniform_grid_a1_2,267,243,30,1.6775867232604669,1.711765040349822,0.6018389503490107,0.10988025636379493,1.3754631926707406,2.00220547537866,0.0,2.965940854635165,0.6033177073512406,0.4183402960158443,0.49115042889250293,113.3,116.0,1167.9342697488144,0.014484664161379139,0.003783524843553702,4.717111585863555
turbo_lunar_lander_12d,12,ts,logarithmic,decay_uniform_grid_a1_2,268,244,30,1.6706361811273822,1.6241548078088646,0.6722453962923733,0.12273465590944421,1.303969617448529,2.054836681478067,0.0,3.4528147585159976,0.603128647968514,0.41807087935924764,0.4906956951652646,113.8,116.5,1173.094094792381,0.0100690640664349,0.003957777656614781,4.702623968354116
turbo_lunar_lander_12d,12,ts,logarithmic,decay_uniform_grid_a1_2,269,245,30,1.6887844738864004,1.7929259402832796,0.6518063303446942,0.11900301008481767,1.430543559656019,2.017209427556894,0.0,3.3811182332410796,0.6045635220081791,0.41914887413178725,0.49184800973534804,114.1,117.03333333333333,1178.387530200292,0.013404152325044076,0.09878209908492863,4.62756854170002
turbo_lunar_lander_12d,12,ts,logarithmic,decay_uniform_grid_a1_2,27,3,30,2.0595145749351356,2.022090084974665,0.7150457269716733,0.13054889143668855,1.6056761365485572,2.4797196574116027,0.0,3.703601055291636,0.7155562402708873,0.5468594387779439,0.6222816730894517,1.7666666666666666,1.0333333333333334,65.76135395102513,0.0008241078971574704,0.0013133937027305365,1.9057211827641973
turbo_lunar_lander_12d,12,ts,logarithmic,decay_uniform_grid_a1_2,270,246,30,1.7010800858926713,1.7174891240178962,0.6488453705296636,0.11846241525729817,1.3648160363469493,2.109597797048547,0.0,3.398641801354148,0.6043851673000928,0.4188876688946059,0.49154324639656893,114.36666666666666,117.33333333333333,1183.3650706649757,0.013762900543709596,0.0038583770704766116,4.517137789834911
turbo_lunar_lander_12d,12,ts,logarithmic,decay_uniform_grid_a1_2,271,247,30,1.6855178299425684,1.6876301657004635,0.6677188471127609,0.12190822487833412,1.4478155142948523,2.0282977230624804,0.0,3.4236330767615835,0.6040368957283454,0.41862957745002255,0.4912906227606567,114.7,117.66666666666667,1188.5482634975886,0.012713456153869629,0.00390978849803408,4.6028846691673
turbo_lunar_lander_12d,12,ts,logarithmic,decay_uniform_grid_a1_2,272,248,30,1.5801031250390671,1.6658751646505854,0.7489671244444037,0.13674206296265962,1.2121209196681693,2.011292406792626,0.0,3.3821894303155484,0.6039949638093545,0.4183867591065262,0.49100769551336987,115.0,118.23333333333333,1193.6160543015537,0.013059581009050211,0.003858198101321856,4.64043931614918
turbo_lunar_lander_12d,12,ts,logarithmic,decay_uniform_grid_a1_2,273,249,30,1.5847424911660373,1.5456404458800228,0.7348024476651925,0.1341559586320784,1.345894672890742,1.9871378212568127,0.0,3.438139566421154,0.6036274314877227,0.41813612850830867,0.4907008495823982,115.36666666666666,118.76666666666667,1198.6709050228665,0.011979976808652282,0.003959940855080882,4.5789397333438195
turbo_lunar_lander_12d,12,ts,logarithmic,decay_uniform_grid_a1_2,274,250,30,1.6087327242377887,1.732865558648994,0.7546510855716466,0.13777980753778407,1.2520509892699891,2.068178421705945,0.0,3.4421556207096575,0.6060880737514694,0.42056683727717353,0.49327965936482887,115.73333333333333,119.23333333333333,1203.7537274460308,0.01214885360871752,0.10579233101258675,4.561128463580584
turbo_lunar_lander_12d,12,ts,logarithmic,decay_uniform_grid_a1_2,275,251,30,1.622124056633662,1.606401511640888,0.7356174081736263,0.13430474938339343,1.3517140607343694,2.1346625314654997,0.0,3.396677445943872,0.6059549908442771,0.4202972779681483,0.49301647227100837,116.13333333333334,119.8,1208.9152817265597,0.011298556781063477,0.010365104877079527,4.68868913683109
turbo_lunar_lander_12d,12,ts,logarithmic,decay_uniform_grid_a1_2,276,252,30,1.5757669735410096,1.5243152476709343,0.727959548876156,0.13290662195691838,1.3175563419985157,2.0046381427038273,0.0,3.3511876907713454,0.6055689081829111,0.42003849621307915,0.492764626701592,116.46666666666667,120.33333333333333,1214.0089095958974,0.012324087818463643,0.004151883022859693,4.707503782973315
turbo_lunar_lander_12d,12,ts,logarithmic,decay_uniform_grid_a1_2,277,253,30,1.5658558072744844,1.5048218561802194,0.7367693729754268,0.13451506841919278,1.28622083594763,2.0234356888988803,0.0,3.3526489393599617,0.6055241369738317,0.41979285557846424,0.4924788306881688,116.8,120.86666666666666,1219.0720160182411,0.012508216810723146,0.004199160697559516,4.67823546808213
turbo_lunar_lander_12d,12,ts,logarithmic,decay_uniform_grid_a1_2,278,254,30,1.593684692997026,1.5246779380875677,0.7320500266028092,0.1336534375975385,1.3671773037283113,2.100393365546017,0.0,3.346186912702957,0.605397064713627,0.4195370695263456,0.4922089709950391,117.06666666666666,121.26666666666667,1224.0816053290541,0.01398524297401309,0.003980795806273818,4.52722293062446
turbo_lunar_lander_12d,12,ts,logarithmic,decay_uniform_grid_a1_2,279,255,30,1.5739211266461421,1.5549620458404634,0.7251554735894377,0.13239467019442558,1.2924278855389386,2.044691635120359,0.0,3.3189420156649074,0.6043294118284995,0.41877686346925685,0.4914368657108501,117.36666666666666,121.63333333333334,1229.250201927436,0.013112346284712355,0.10544284800998867,4.656692902945603
turbo_lunar_lander_12d,12,ts,logarithmic,decay_uniform_grid_a1_2,28,4,30,2.0187821884300954,1.9103146273975147,0.6957182435721432,0.1270201918907788,1.5813146705457646,2.3298568196542475,0.0,3.775284749281148,0.7128495094193882,0.543845681717976,0.619104947874005,2.4,1.3666666666666667,67.98603922895467,0.0008334243670105934,0.0013481993228197098,1.8989897564208755
turbo_lunar_lander_12d,12,ts,logarithmic,decay_uniform_grid_a1_2,280,256,30,1.56722531714283,1.6220552858691029,0.7435793180651499,0.1357583885995304,1.2886224735256524,2.011363106971375,0.0,3.402379005907502,0.6039418662357703,0.4185265055303822,0.49122879182745344,117.73333333333333,122.16666666666667,1234.4786790463143,0.01306922105140984,0.0042030186858028175,4.634282797652607
turbo_lunar_lander_12d,12,ts,logarithmic,decay_uniform_grid_a1_2,281,257,30,1.575492145045937,1.5629571192392064,0.7463367396152204,0.13626182259403857,1.3191125236404084,2.0430273016148313,0.0,3.360118475005879,0.6038542650593384,0.4182908733364036,0.4909621038494276,118.03333333333333,122.7,1239.8765344799963,0.013445518196870882,0.004210046337296565,4.935017000231892
turbo_lunar_lander_12d,12,ts,logarithmic,decay_uniform_grid_a1_2,282,258,30,1.5968895835385213,1.5754609066306053,0.7294726634576675,0.13318287761971298,1.3688756569358749,2.0465924296994515,0.0,3.283244657985156,0.6038006186145973,0.41807416119255497,0.4907670285370832,118.3,123.13333333333334,1245.3951759004344,0.01413151688563327,0.0045009500347077845,4.959602031018585
turbo_lunar_lander_12d,12,ts,logarithmic,decay_uniform_grid_a1_2,283,259,30,1.6045012090897266,1.6086879055517171,0.743666723010624,0.1357743464862883,1.3421459248308047,2.079562917995909,0.0,3.4012058118870234,0.603705554781452,0.4178523702721916,0.49035637307523555,118.63333333333334,123.6,1250.868217546648,0.01312490669079125,0.0043918925958375135,4.906409466297676
turbo_lunar_lander_12d,12,ts,logarithmic,decay_uniform_grid_a1_2,284,260,30,1.5795841772885713,1.6510131687459153,0.715003898667347,0.1305412546680813,1.3437762233445605,2.012523395393663,0.0,3.1985994831017477,0.6035896532155529,0.41818075682396577,0.4907220214193435,119.0,123.96666666666667,1256.3302190145478,0.012568585931633909,0.10884033096954226,4.855279075385382
turbo_lunar_lander_12d,12,ts,logarithmic,decay_uniform_grid_a1_2,285,261,30,1.549763729819263,1.5474397744511728,0.7105951636466169,0.12973633346110902,1.2147965130051654,1.9802126580321482,0.0,3.174472254499955,0.6034265349701331,0.4179300940535031,0.4904029069761258,119.3,124.5,1261.7225147739518,0.014017178677022457,0.004328493090967337,4.816086066498731
turbo_lunar_lander_12d,12,ts,logarithmic,decay_uniform_grid_a1_2,286,262,30,1.5337184235501315,1.6052389089607693,0.6734901246416903,0.12296191117440658,1.4092639805480713,1.9941333901275156,0.0,2.530883420508748,0.6033327836432373,0.41769687987034304,0.49020217020462326,119.53333333333333,124.96666666666667,1267.2102249522227,0.014938641029099623,0.00446130696994563,4.936589413803691
turbo_lunar_lander_12d,12,ts,logarithmic,decay_uniform_grid_a1_2,287,263,30,1.5230392566890525,1.5656987257077348,0.6527870926386948,0.11918207196214257,1.3538985290302847,2.0171082475128257,0.0,2.5351920418519285,0.6025617892563776,0.41741725373023125,0.49000486639805435,119.83333333333333,125.3,1272.6317267092256,0.013548332437252005,0.004509544124205908,4.992801699088886
turbo_lunar_lander_12d,12,ts,logarithmic,decay_uniform_grid_a1_2,288,264,30,1.535563665774551,1.5399657462890477,0.6685915902313991,0.12206756524266266,1.3812346516509653,1.9961754777157328,0.0,2.6251849306299175,0.60245769602898,0.41718574118061547,0.4897997340781152,120.16666666666667,125.66666666666667,1278.2479149860176,0.012848614870260159,0.004646411538124085,5.145872796792537
turbo_lunar_lander_12d,12,ts,logarithmic,decay_uniform_grid_a1_2,289,265,30,1.5435168589875063,1.5777381921782483,0.664901355975142,0.12139382372778587,1.3833865278689659,2.0201453556946505,0.0,2.623676134758877,0.603024589965532,0.41765078444632664,0.49027256222396776,120.5,126.13333333333334,1283.9385547598513,0.013767669598261515,0.11867043253344794,5.076007472584024
turbo_lunar_lander_12d,12,ts,logarithmic,decay_uniform_grid_a1_2,29,5,30,1.981808656772057,1.933813182906587,0.6883685059034688,0.1256783195198193,1.672064285031223,2.310754657003576,0.0,3.802130522128933,0.7056936329102297,0.5342537568635659,0.6103960046270841,3.2666666666666666,1.8,70.19319533780217,0.0004952703757832448,0.01072812012086312,1.8689884098712355
turbo_lunar_lander_12d,12,ts,logarithmic,decay_uniform_grid_a1_2,290,266,30,1.530554329601057,1.620763050808081,0.6809209563734525,0.12431858922791035,1.2882381518385517,2.0116924022198472,0.0,2.620592557366651,0.602885717131079,0.41743398457065023,0.4899720985755514,120.76666666666667,126.6,1289.6977018521013,0.014882746292278171,0.004687341985603174,5.164368896636491
turbo_lunar_lander_12d,12,ts,logarithmic,decay_uniform_grid_a1_2,291,267,30,1.496352911002681,1.604883163708859,0.68632087735994,0.12530447540559192,1.2524860076192756,1.9959012478292593,0.0,2.621186482315947,0.602434650300791,0.4172354049114057,0.48980528140536284,121.1,127.0,1295.591510562397,0.013713304450114568,0.004613982404892644,5.2626257662661375
turbo_lunar_lander_12d,12,ts,logarithmic,decay_uniform_grid_a1_2,292,268,30,1.5444085250470274,1.5694989238729686,0.6564023702726677,0.11984212833273285,1.3607855427058773,1.9751742581596217,0.0,2.6222169691593327,0.6022818179273572,0.4170022529441944,0.4895036997184869,121.36666666666666,127.46666666666667,1301.172508911059,0.01535497287598749,0.004776838965093096,5.1552526648156345
turbo_lunar_lander_12d,12,ts,logarithmic,decay_uniform_grid_a1_2,293,269,30,1.5647174913947401,1.6841243267653063,0.6847411033927284,0.12501604945972486,1.3201105163132785,2.0345922487407475,0.0,2.6111084229153647,0.6015131489925319,0.41675950776800036,0.4892640582799297,121.63333333333334,127.93333333333334,1306.615300381525,0.015319792445128162,0.004719435734053453,5.019712937048947
turbo_lunar_lander_12d,12,ts,logarithmic,decay_uniform_grid_a1_2,294,270,30,1.5462051888690636,1.6873703202746504,0.6684831323003804,0.12204776362420955,1.3257481526584134,1.9959357772722803,0.0,2.592997762803697,0.6030691753406796,0.417787451434936,0.4905108721608993,121.9,128.4,1311.995688809501,0.014641210809350014,0.12210673433728517,4.872047468476619
turbo_lunar_lander_12d,12,ts,logarithmic,decay_uniform_grid_a1_2,295,271,30,1.5684063514249622,1.6773284075915809,0.6778131600484278,0.1237511858441278,1.39384575877023,2.0569705707315915,0.0,2.591961605526394,0.6023717727570325,0.41753811104665284,0.49031983076291963,122.23333333333333,128.8,1317.2367870226658,0.013254627600933115,0.004480869121228655,4.816293424197162
turbo_lunar_lander_12d,12,ts,logarithmic,decay_uniform_grid_a1_2,296,272,30,1.5385049403901034,1.686336786099007,0.6864270706798932,0.1253238635645235,1.3870824603772158,2.010733084468621,0.0,2.59662651372357,0.6018609687663026,0.4173110967665114,0.4901047964345311,122.4,129.3,1322.6668243050885,0.016310929041355848,0.0044535666393737,4.947162438866993
turbo_lunar_lander_12d,12,ts,logarithmic,decay_uniform_grid_a1_2,297,273,30,1.5122704320415357,1.7546489074334504,0.6794369102623765,0.12404764071743897,1.1175513064690232,1.9126659485360262,0.0,2.5890324954956974,0.6013697685252455,0.41706624897213396,0.48984398214863484,122.7,129.7,1328.1720897464081,0.014122355713819463,0.004540044534951449,4.967508397856728
turbo_lunar_lander_12d,12,ts,logarithmic,decay_uniform_grid_a1_2,298,274,30,1.5677972394758881,1.711214923196404,0.6564825031329984,0.11985675852446637,1.3960915529260358,1.9860448919421998,0.0,2.587152746351782,0.6011775848721796,0.41682653304159734,0.4896109745331454,122.93333333333334,130.03333333333333,1333.4159047374967,0.015351346150661508,0.004535897603879372,4.843121634159858
turbo_lunar_lander_12d,12,ts,logarithmic,decay_uniform_grid_a1_2,299,275,30,1.5415962950576494,1.680384384067989,0.6690196152506365,0.12214571156206695,1.3408752751951771,2.027676666764718,0.0,2.614661682593426,0.6010422791645452,0.4166438143871184,0.48939403425443306,123.23333333333333,130.43333333333334,1338.9399223448554,0.014540334821989138,0.12621977085558075,5.021172288293019
turbo_lunar_lander_12d,12,ts,logarithmic,decay_uniform_grid_a1_2,3,0,30,2.683683525413747,2.7044645277229673,0.4563391405767613,0.08331574705547107,2.3869223533663404,2.9571486715857542,1.810462903821802,3.5922050422052374,0.9994823997095069,0.9919775531518832,0.9979881802333577,0.0,0.0,5.079089383377383,0.0,0.0015280036255717277,1.8441375652793794
turbo_lunar_lander_12d,12,ts,logarithmic,decay_uniform_grid_a1_2,30,6,30,1.9312759939356263,1.9905658005455935,0.6854492348823945,0.1251453359899148,1.6240304320418901,2.3037684349272904,0.0,3.5545737352448006,0.7027292524629909,0.5314936915996141,0.6078809284639443,4.0,2.1333333333333333,72.42959602929962,0.000679183720300595,0.001354121680681904,1.8520977835015704
turbo_lunar_lander_12d,12,ts,logarithmic,decay_uniform_grid_a1_2,300,276,30,1.5674908379899963,1.7242517562493953,0.6510810995444103,0.11887060166191335,1.3825198092720763,1.929641534706458,0.0,2.6023283637084713,0.6003435865005098,0.4164481597313905,0.48914236164983127,123.56666666666666,130.86666666666667,1344.7067819233673,0.013520781478534142,0.004769933751473824,5.0735339056234805
turbo_lunar_lander_12d,12,ts,logarithmic,decay_uniform_grid_a1_2,301,277,30,1.5574959671732798,1.6495286088520502,0.6668213250969581,0.1217443605270299,1.2921093051607366,2.006316677857777,0.0,2.5917922882883087,0.6002529602212415,0.41623668224864546,0.48890411202320583,123.93333333333334,131.3,1350.2813974106064,0.012777703069150447,0.0047048920765519146,5.077175423596055
turbo_lunar_lander_12d,12,ts,logarithmic,decay_uniform_grid_a1_2,302,278,30,1.566689341592865,1.7096259990179525,0.6366439623835574,0.1162347530989816,1.3828469862500428,1.8975032904752587,0.0,2.5886870825002317,0.6000233796221834,0.41602765092882543,0.4887153927481173,124.13333333333334,131.73333333333332,1355.9550241149807,0.015643011669938763,0.004792789525041977,5.1801563640590755
turbo_lunar_lander_12d,12,ts,logarithmic,decay_uniform_grid_a1_2,303,279,30,1.5060828541704216,1.6415533462120218,0.6435882003593936,0.11750259169366477,1.2837291745039041,1.8865207036458573,0.0,2.5996874265196954,0.5997433288891952,0.4158056438417971,0.48845811168953507,124.46666666666667,132.13333333333333,1361.5188448256658,0.012967835164939363,0.004704239809264739,5.09134830464609
turbo_lunar_lander_12d,12,ts,logarithmic,decay_uniform_grid_a1_2,304,280,30,1.5272045413930626,1.6093082282100286,0.6518258438410851,0.11900657274553406,1.2672549071003512,1.9496435309351845,0.0,2.6139828308987827,0.6003569884813296,0.4161902874482798,0.48891075377553156,124.93333333333334,132.6,1367.053377467782,0.01061691289457182,0.1254351801238954,5.0379791188364225
turbo_lunar_lander_12d,12,ts,logarithmic,decay_uniform_grid_a1_2,305,281,30,1.5420955274639614,1.572573892315743,0.6347312834845008,0.11588554730622246,1.3536160271102127,1.9033041511203888,0.0,2.618127341195216,0.5998849119600437,0.4159490864079499,0.4886943097520114,125.33333333333333,133.0,1372.6581575841487,0.011847728366653125,0.004680130568643411,5.179628687165677
turbo_lunar_lander_12d,12,ts,logarithmic,decay_uniform_grid_a1_2,306,282,30,1.5344263500860942,1.6503109487879843,0.6401612434382925,0.11687691782390293,1.36570711331329,1.8828292700949407,0.0,2.617667804304303,0.5998561525873521,0.41570371173599374,0.4884299044296654,125.66666666666667,133.4,1378.1957115507685,0.013327569452424843,0.004849537213643392,5.051296638371423
turbo_lunar_lander_12d,12,ts,logarithmic,decay_uniform_grid_a1_2,307,283,30,1.5251779097060043,1.6485866555991344,0.6331164796672752,0.11559072581400917,1.3608039186376764,1.8728173367143264,0.0,2.6232355989507328,0.5997078756897353,0.4154481943347,0.48807159243924786,126.16666666666667,133.9,1383.664691030948,0.010270829234893123,0.0047483223179976145,5.070822815721233
turbo_lunar_lander_12d,12,ts,logarithmic,decay_uniform_grid_a1_2,308,284,30,1.4740815799864453,1.5599086116329408,0.6415790659241445,0.11713577560991599,1.1980417219796673,1.822840534342681,0.0,2.627574540679029,0.599298190979854,0.415233675727946,0.48776222701219357,126.4,134.36666666666667,1389.2726378115049,0.015385573838527004,0.004775680415332317,5.057037567999214
turbo_lunar_lander_12d,12,ts,logarithmic,decay_uniform_grid_a1_2,309,285,30,1.5318917610182592,1.6384659292290342,0.6522398414390639,0.1190821580199227,1.324426660306054,1.9410731556622753,0.0,2.6158684005364266,0.5994465751789476,0.41554167474148296,0.48808357960491205,126.7,134.63333333333333,1394.9076256915616,0.013609441742300988,0.12284794229393205,4.8919468119274825
turbo_lunar_lander_12d,12,ts,logarithmic,decay_uniform_grid_a1_2,31,7,30,1.899459064081045,1.8558072345834924,0.6303072676747675,0.11507783622163899,1.6144221861033634,2.2632522365102603,0.0,3.322760719351188,0.7009526502206385,0.5285184308404052,0.6048703023301976,4.933333333333334,2.4,74.68352036716728,0.0003587825999905666,0.001363822848846515,1.9256445665688564
turbo_lunar_lander_12d,12,ts,logarithmic,decay_uniform_grid_a1_2,310,286,30,1.534358988848666,1.5824426206913464,0.6539942085665413,0.11940246016987768,1.3889121603499492,1.898853278425506,0.0,2.624802055863302,0.5993967713849481,0.4153083904354472,0.487814115138136,127.1,135.06666666666666,1400.3007877563437,0.012022997407863537,0.004753355293845137,4.950966567468519
turbo_lunar_lander_12d,12,ts,logarithmic,decay_uniform_grid_a1_2,311,287,30,1.5049078449612234,1.6188607073070362,0.7055283963843269,0.1288112725533807,1.2530064607739857,1.9274352108359767,0.0,2.6261986270945186,0.599076703799355,0.41507861518534034,0.48758188894472837,127.4,135.56666666666666,1405.7683640587454,0.017863312270492315,0.004792857511589924,4.994957552400107
turbo_lunar_lander_12d,12,ts,logarithmic,decay_uniform_grid_a1_2,312,288,30,1.4210812145208698,1.5748435365297675,0.7145328510003714,0.13045525352379375,1.3522628590507004,1.8487380215381517,0.0,2.619861314591705,0.5989953055129326,0.4148405954998385,0.48735468138149274,127.83333333333333,136.1,1410.9625630746907,0.01083422553104659,0.004669590961808959,4.702253574831412
turbo_lunar_lander_12d,12,ts,logarithmic,decay_uniform_grid_a1_2,313,289,30,1.4638223960707906,1.578090784713035,0.7709783280957813,0.14076074054855947,1.2366588552895192,1.941431001910723,0.0,2.6188082803664186,0.5987986841438782,0.4146225712543596,0.4870699300232361,128.06666666666666,136.63333333333333,1416.1815174836045,0.014772720433150728,0.0046462942690898975,4.746780669642613
turbo_lunar_lander_12d,12,ts,logarithmic,decay_uniform_grid_a1_2,314,290,30,1.453890178713223,1.6180643258176772,0.7642995757120032,0.13954137276969725,1.1239170073520182,2.0088611133759713,0.0,2.629245010397743,0.5990162641906164,0.415253593931719,0.4877979096868807,128.33333333333334,137.06666666666666,1421.6422245470962,0.014420379123960932,0.12206001379527151,4.840524764855703
turbo_lunar_lander_12d,12,ts,logarithmic,decay_uniform_grid_a1_2,315,291,30,1.4784866189220751,1.6532763658993739,0.7683474607872223,0.14028041209165923,1.2179238186118324,2.0083495236191147,0.0,2.6264048282595347,0.5989299739593595,0.41505651597296483,0.48756931046021346,128.63333333333333,137.43333333333334,1427.1857508204412,0.01362860961817205,0.00507671432569623,4.976215980760753
turbo_lunar_lander_12d,12,ts,logarithmic,decay_uniform_grid_a1_2,316,292,30,1.4944130366003054,1.6564309446992744,0.7648585453761401,0.13964342620103354,1.1151886054122704,2.0619143095977206,0.0,2.6223230576762218,0.5984645165290605,0.41482594394898414,0.4873444202181527,128.96666666666667,137.86666666666667,1432.7910453803838,0.013856663182377816,0.005292593920603395,5.023193201484779
turbo_lunar_lander_12d,12,ts,logarithmic,decay_uniform_grid_a1_2,317,293,30,1.5029509374490784,1.6702501746409109,0.7654639593515186,0.13975395916468142,1.1653360560047041,2.0398182781204177,0.0,2.625395221995872,0.5980619006682584,0.41458527413161556,0.48715686164555716,129.36666666666667,138.33333333333334,1438.013576467118,0.012490452143053214,0.004853622475638986,4.69022760198762
turbo_lunar_lander_12d,12,ts,logarithmic,decay_uniform_grid_a1_2,318,294,30,1.5370926820108706,1.6266509302764665,0.7178697145347471,0.13106447866682508,1.3306245933549574,2.042597300764474,0.0,2.622972915883758,0.5978270479921846,0.4143596949904476,0.4868873296511041,129.66666666666666,138.76666666666668,1443.1631811113407,0.013707183860242366,0.00485034822486341,4.761646953163048
turbo_lunar_lander_12d,12,ts,logarithmic,decay_uniform_grid_a1_2,319,295,30,1.4174787103530906,1.578481714783351,0.8043468226388351,0.146852966272299,1.1915975630494469,1.9778729713994632,0.0,2.624585456459967,0.5981513921316568,0.4145106799322707,0.48709382407891916,129.9,139.23333333333332,1448.4353714022786,0.014882689124594133,0.12601254230054718,4.634438706034174
turbo_lunar_lander_12d,12,ts,logarithmic,decay_uniform_grid_a1_2,32,8,30,1.9405525716045748,1.9449920709208195,0.6050905190882782,0.11047390887905341,1.6785806553579503,2.3412400833263267,0.0,3.312584432290487,0.6973388011766269,0.5258074439128022,0.6020495643186571,5.7,2.6333333333333333,77.02810062106389,0.0007539314683526754,0.0014318552954743307,1.9921547124162315
turbo_lunar_lander_12d,12,ts,logarithmic,decay_uniform_grid_a1_2,320,296,30,1.4396946764664176,1.5195642130252514,0.7538204735567593,0.1376281592254212,1.2491859234968516,1.949363593075728,0.0,2.628346330026708,0.5980188466513344,0.4142967242169403,0.486835697019208,130.06666666666666,139.56666666666666,1453.8059723206795,0.01631313478574157,0.0052090583369135855,4.6478303759203605
turbo_lunar_lander_12d,12,ts,logarithmic,decay_uniform_grid_a1_2,321,297,30,1.4577002299720188,1.6071602801558962,0.7571922609606007,0.13824376056548646,1.2071684042760236,1.9350336089158997,0.0,2.627383622960687,0.5979484854489665,0.41409309019309365,0.4865860703013618,130.43333333333334,139.96666666666667,1459.3093161356635,0.012950472719967365,0.0049247277745356165,4.825675800892835
turbo_lunar_lander_12d,12,ts,logarithmic,decay_uniform_grid_a1_2,322,298,30,1.523235893616654,1.6116734555120131,0.7128362410309851,0.1301454963399534,1.3008029181100005,1.9859360871320002,0.0,2.626470696303766,0.5978076197180945,0.4138948007327104,0.4864098531121821,130.76666666666668,140.46666666666667,1464.798482978639,0.01345402568889161,0.004969864788775643,4.973971432587132
turbo_lunar_lander_12d,12,ts,logarithmic,decay_uniform_grid_a1_2,323,299,30,1.5397003180263993,1.6702649998831736,0.7199176302473387,0.13143837521071028,1.2958911758976452,2.0210807550313046,0.0,2.6254197417742953,0.5976078769861028,0.41369835103652597,0.4861990245607729,131.03333333333333,140.93333333333334,1470.2477814063275,0.01502090091817081,0.005068951907257239,4.797636908804998
turbo_lunar_lander_12d,12,ts,logarithmic,decay_uniform_grid_a1_2,324,300,30,1.5355242756367036,1.6235186051783823,0.7236282812363208,0.13211584429394174,1.3920117065208812,2.016228725191817,0.0,2.6206360002163858,0.5990281765282297,0.41491549204003025,0.4875781776565907,131.4,141.43333333333334,1475.5578436205008,0.012763629046579203,0.12885973625816405,4.675521571515128
turbo_lunar_lander_12d,12,ts,logarithmic,decay_uniform_grid_a1_2,325,301,30,1.5488167737169745,1.6011541394021809,0.7110870324550043,0.129826136008338,1.3877734346574413,2.0289372295344013,0.0,2.498176955371514,0.598917676049019,0.4146723529467179,0.48717945418666436,131.73333333333332,141.73333333333332,1480.5365535955875,0.013168306788429618,0.004843091173097491,4.52161298636347
turbo_lunar_lander_12d,12,ts,logarithmic,decay_uniform_grid_a1_2,326,302,30,1.6189161050202665,1.7088632097566279,0.6403497937241688,0.11691134223883576,1.4664162078824887,1.9321929328377736,0.0,2.496708959048504,0.598664456532439,0.414471029672028,0.4869070931755397,132.06666666666666,142.26666666666668,1485.7848294333555,0.013109802640974522,0.004764873627573251,4.836045666380475
turbo_lunar_lander_12d,12,ts,logarithmic,decay_uniform_grid_a1_2,327,303,30,1.6035717200125925,1.6804657231838336,0.649915601093526,0.11865781173115113,1.48800192336395,1.9344958500010119,0.0,2.4963933790808523,0.5986232463360002,0.41426719965706255,0.4867127256992967,132.33333333333334,142.66666666666666,1490.8669466803005,0.014799666265025735,0.004958638812725743,4.670753295936932
turbo_lunar_lander_12d,12,ts,logarithmic,decay_uniform_grid_a1_2,328,304,30,1.5451819202329282,1.698283235529856,0.698754666802179,0.12757456438985323,1.4382849055870792,1.966053443221591,0.0,2.502157206742239,0.5985362971672362,0.4140679114349484,0.48649383016416825,132.66666666666666,142.93333333333334,1496.0052616287178,0.013467357897510131,0.005158918956294656,4.734132663284739
turbo_lunar_lander_12d,12,ts,logarithmic,decay_uniform_grid_a1_2,329,305,30,1.5889253693015992,1.6566896803357531,0.7021708204557047,0.1281982658618331,1.4468275330629656,1.9837253434232809,0.0,2.4813571705001385,0.597745483798935,0.41320096443191223,0.48544125796081417,133.16666666666666,143.56666666666666,1501.2658165587734,0.01136006231730183,0.1439790370563666,4.635747073187182
turbo_lunar_lander_12d,12,ts,logarithmic,decay_uniform_grid_a1_2,33,9,30,1.9275041016323549,1.9385259662657106,0.6009828883449345,0.1097239615403764,1.6109177737454736,2.36318464674316,0.0,3.2509034047428846,0.6954170466045997,0.5229443200458798,0.5988107504098268,6.466666666666667,3.033333333333333,79.48081199290851,0.0007958663161844015,0.0013326126150786876,2.142423187630872
turbo_lunar_lander_12d,12,ts,logarithmic,decay_uniform_grid_a1_2,330,306,30,1.4994483650753,1.692384678891675,0.7525127155555247,0.1373893963730765,1.3355865985540423,1.9339890033788056,0.0,2.4889930005222087,0.5969436283426561,0.41299221437064687,0.485090350056444,133.46666666666667,144.03333333333333,1506.369457752475,0.014359781534100573,0.005039977639292677,4.6722893578310805
turbo_lunar_lander_12d,12,ts,logarithmic,decay_uniform_grid_a1_2,331,307,30,1.4597112602020164,1.6232952287865028,0.7464592755385172,0.13628419449047005,1.3110930790082036,1.9138222512166263,0.0,2.481521010263165,0.5968949792627035,0.41277097071119523,0.4848544213781443,133.9,144.36666666666667,1511.7803776005749,0.011579155099267761,0.0050829675048589705,4.962339553392182
turbo_lunar_lander_12d,12,ts,logarithmic,decay_uniform_grid_a1_2,332,308,30,1.4821565937024168,1.6047819811533084,0.7522843479726178,0.13734770234755617,1.3755242389047413,1.9495884837161466,0.0,2.4908327348286803,0.5967117753722441,0.41257706223112045,0.48471882176044956,134.23333333333332,144.93333333333334,1517.116618524166,0.014110017661005258,0.005509222981830438,4.848289908841252
turbo_lunar_lander_12d,12,ts,logarithmic,decay_uniform_grid_a1_2,333,309,30,1.4589106112628443,1.6286093512160718,0.7461704851507998,0.13623146882055553,1.3364219188246786,1.9547057570747464,0.0,2.4943639697594735,0.5965018769823852,0.4123644758559815,0.484484930258051,134.46666666666667,145.3,1522.3266848550022,0.015925448713824154,0.005243333879237374,4.695356835983693
turbo_lunar_lander_12d,12,ts,logarithmic,decay_uniform_grid_a1_2,334,310,30,1.4788836001400576,1.7550852930974215,0.7577200848760979,0.1383401275871226,1.350910289642856,1.9469895192601065,0.0,2.4828105203367192,0.5956783090333168,0.41169684673213075,0.4838001486170451,134.76666666666668,145.56666666666666,1527.7453588862284,0.014449103052417438,0.1449151514408489,4.847270690339307
turbo_lunar_lander_12d,12,ts,logarithmic,decay_uniform_grid_a1_2,335,311,30,1.5078951099598583,1.5924686883303316,0.6894688909752128,0.12587922142839802,1.348767763626498,1.9027587700505288,0.0,2.488791186510829,0.5954948878403026,0.4114919668825282,0.4836313221494367,135.03333333333333,145.8,1533.1366109203857,0.01472825271387895,0.005312288723265131,4.898639722416799
turbo_lunar_lander_12d,12,ts,logarithmic,decay_uniform_grid_a1_2,336,312,30,1.5136647741126366,1.6690024946885993,0.688579990187924,0.12571693109087065,1.3517392348930164,1.918139618660375,0.0,2.490805572787914,0.595367882443749,0.41131070132218434,0.48345509035163403,135.36666666666667,146.2,1538.4333204264908,0.014162509966020783,0.005490861522654693,4.7901720233572025
turbo_lunar_lander_12d,12,ts,logarithmic,decay_uniform_grid_a1_2,337,313,30,1.5193607768778923,1.6696216378599247,0.687073075012818,0.12544180727965318,1.4217530229894009,1.896582937972428,0.0,2.4916824965326425,0.5948907696149416,0.4111126993547838,0.4832616582871031,135.56666666666666,146.6,1543.6654728299627,0.016473885113373398,0.0052743515931069854,4.746985101451476
turbo_lunar_lander_12d,12,ts,logarithmic,decay_uniform_grid_a1_2,338,314,30,1.5339371848166337,1.6949294013431828,0.6932058938682247,0.12656150168905292,1.340576491177894,1.9520831778194105,0.0,2.4980301572202706,0.5947156000912975,0.4109140551225261,0.482977158321199,135.83333333333334,147.0,1548.7344890981446,0.014698282768949866,0.005084865819662809,4.653504017212739
turbo_lunar_lander_12d,12,ts,logarithmic,decay_uniform_grid_a1_2,339,315,30,1.5620341157249413,1.773424806171769,0.6980390150667656,0.12744390485691867,1.4098122190182454,1.943777482958549,0.0,2.506107845544788,0.5939018378160286,0.4102551877921704,0.4821565842737781,136.16666666666666,147.46666666666667,1554.1316866437594,0.012977108980218569,0.15775459005186956,4.846079118611912
turbo_lunar_lander_12d,12,ts,logarithmic,decay_uniform_grid_a1_2,34,10,30,1.953432779908052,1.903832907286135,0.6518016365485716,0.11900215311881213,1.6032946669554944,2.3870013874596303,0.0,3.3393609313081365,0.6885648411217483,0.5151626301096855,0.5910713898076945,7.033333333333333,3.566666666666667,81.96111049805768,0.0012413075038542351,0.011306123714894057,2.1152626750525085
turbo_lunar_lander_12d,12,ts,logarithmic,decay_uniform_grid_a1_2,340,316,30,1.4836024721005892,1.6656757989879292,0.7434165287506429,0.13572866747297166,1.3681205501044293,1.911456014913844,0.0,2.498515144312443,0.5938547935518739,0.4100587537380241,0.4818667936751684,136.53333333333333,148.03333333333333,1559.4811473639993,0.013088324138273795,0.005662491824477911,4.929475575701023
turbo_lunar_lander_12d,12,ts,logarithmic,decay_uniform_grid_a1_2,341,317,30,1.5761350237446574,1.6928409646826932,0.7045888469506115,0.12863973508046833,1.496685631068873,2.01829694124214,0.0,2.5097789278246503,0.5938170266582108,0.4098589073731528,0.4815783199782995,136.83333333333334,148.43333333333334,1564.7335271920854,0.014531161884466808,0.005563064788778623,4.8277068130051095
turbo_lunar_lander_12d,12,ts,logarithmic,decay_uniform_grid_a1_2,342,318,30,1.596096200296633,1.7311923772045303,0.7108478923456469,0.12978247519757158,1.5444446235180775,2.05346855559913,0.0,2.5108685532973176,0.5932633482342792,0.4096617807966869,0.4813674451530036,137.2,148.83333333333334,1570.0184718860157,0.013045606886347134,0.005336886690929532,4.772201697171355
turbo_lunar_lander_12d,12,ts,logarithmic,decay_uniform_grid_a1_2,343,319,30,1.5527309201505362,1.7139757820909705,0.692310787891917,0.12639807844419246,1.3556177898502666,1.9954245112521047,0.0,2.515550566396912,0.5929074965998773,0.40946115626918195,0.48116378385127717,137.46666666666667,149.33333333333334,1575.3058722619278,0.014926547184586525,0.005481578378627698,4.881350604599962
turbo_lunar_lander_12d,12,ts,logarithmic,decay_uniform_grid_a1_2,344,320,30,1.5869795954376897,1.6785596641629206,0.6922162492940649,0.1263808181366596,1.5325003907166939,2.0422064352951055,0.0,2.5170809739746343,0.5933694278054494,0.409861528819193,0.48157972164373536,137.86666666666667,149.73333333333332,1580.621571453785,0.01224534516222775,0.1740885333623737,4.660106844936187
turbo_lunar_lander_12d,12,ts,logarithmic,decay_uniform_grid_a1_2,345,321,30,1.584526526113424,1.7358311165915734,0.7056150776855253,0.12882709832137412,1.4441953352057642,2.0285732660541225,0.0,2.522160402972208,0.5933301679589708,0.409683775798889,0.48140212511542324,138.16666666666666,150.1,1585.7616021445488,0.013761884532868862,0.005222209480901559,4.646849133338159
turbo_lunar_lander_12d,12,ts,logarithmic,decay_uniform_grid_a1_2,346,322,30,1.4978383256875427,1.672105187698404,0.7395412498558772,0.13502114158387604,1.3830936329422352,1.933030557639668,0.0,2.500918645202616,0.5932922609951812,0.40951041457681475,0.48126951072620755,138.53333333333333,150.5,1591.0535226972775,0.013313903706148267,0.005533164056638877,4.739553156091521
turbo_lunar_lander_12d,12,ts,logarithmic,decay_uniform_grid_a1_2,347,323,30,1.561849814283735,1.740774181846815,0.7040156510808689,0.12853508431122607,1.4208951456297365,2.030030708959126,0.0,2.51493437707323,0.593049266530955,0.40930398435945065,0.48103985791119336,138.93333333333334,151.13333333333333,1596.185367030309,0.013662832556292415,0.005390459174911181,4.665495268022641
turbo_lunar_lander_12d,12,ts,logarithmic,decay_uniform_grid_a1_2,348,324,30,1.5868308247895486,1.7656371281661045,0.7306937462436981,0.13340581581520972,1.5629249866883022,2.111378904353835,0.0,2.5015022025288913,0.5928105425829497,0.40909689753227035,0.48085615919651514,139.26666666666668,151.46666666666667,1601.2063480751278,0.013014146499335766,0.0054464327481885755,4.632817085351174
turbo_lunar_lander_12d,12,ts,logarithmic,decay_uniform_grid_a1_2,349,325,30,1.5620063312259294,1.7356397226064135,0.7148775613866394,0.1305181887419155,1.5097006501225043,2.0125857030965575,0.0,2.482170402220898,0.5923208034647555,0.4085033709330613,0.4801391269224474,139.63333333333333,151.9,1606.5475904467205,0.012396166225274403,0.1802298831132551,4.705765542838102
turbo_lunar_lander_12d,12,ts,logarithmic,decay_uniform_grid_a1_2,35,11,30,1.8830602106423528,1.726919842518531,0.7053567536851848,0.12877993502733032,1.4848323121273461,2.403384327729074,0.0,3.318209292983199,0.6857208312702187,0.5127017063482755,0.5885871578270265,7.733333333333333,4.166666666666667,84.58896043955659,0.0009340028433750073,0.0013509486801922322,2.2645981738499055
turbo_lunar_lander_12d,12,ts,logarithmic,decay_uniform_grid_a1_2,350,326,30,1.5646100474756746,1.7419309885154517,0.7122941246625494,0.1300465198853584,1.4598476154078255,2.016182054717471,0.0,2.4794843578648074,0.592258731270544,0.4083325172287436,0.479985773300416,140.06666666666666,152.3,1611.9262984944353,0.011567203855762879,0.005704728902007143,4.89811084085765
turbo_lunar_lander_12d,12,ts,logarithmic,decay_uniform_grid_a1_2,351,327,30,1.5768453138940446,1.7723374097697302,0.7236995300543269,0.1321288524888809,1.5372914402453557,2.005078868372008,0.0,2.4804276748189396,0.592138610707893,0.40813032237972124,0.47984656935504777,140.5,152.76666666666668,1617.1400805706314,0.011643712719281515,0.005553045977527897,4.701403413262839
turbo_lunar_lander_12d,12,ts,logarithmic,decay_uniform_grid_a1_2,352,328,30,1.5874145879174988,1.6852714019879351,0.720089268031763,0.1314697118394601,1.5792524169812383,2.0414901028823333,0.0,2.485266638196898,0.5920992595474248,0.407925547612083,0.479601611129136,140.83333333333334,153.26666666666668,1622.2622032298862,0.013933712259555857,0.005472062667831778,4.68221927738438
turbo_lunar_lander_12d,12,ts,logarithmic,decay_uniform_grid_a1_2,353,329,30,1.543014258824276,1.6748353209521922,0.7133682990189694,0.13024263639392666,1.3652610831977419,2.0287225642518023,0.0,2.523549869602453,0.5919950415981745,0.4077363601594572,0.4792688170381623,141.26666666666668,153.83333333333334,1627.60614201248,0.011282205069437622,0.005676927883177996,4.787977006705478
turbo_lunar_lander_12d,12,ts,logarithmic,decay_uniform_grid_a1_2,354,330,30,1.5508818081873246,1.6733667694268808,0.7151604755845845,0.1305698415712665,1.412006098517065,2.026960546234398,0.0,2.5361025452832733,0.5929371609199506,0.40845232177258617,0.4800896873948126,141.53333333333333,154.4,1632.9947388963462,0.015358287561684846,0.18840883901963631,4.7935895557670545
turbo_lunar_lander_12d,12,ts,logarithmic,decay_uniform_grid_a1_2,355,331,30,1.5698124888337106,1.6603538023766333,0.711007258592723,0.12981157136038107,1.4735689620912744,2.0961731158264207,0.0,2.5010561338678774,0.5929193232908241,0.40828083745063154,0.4798991100889376,141.7,154.76666666666668,1638.4165537718993,0.016851395834237337,0.005646390824889143,4.783473283331841
turbo_lunar_lander_12d,12,ts,logarithmic,decay_uniform_grid_a1_2,356,332,30,1.558506854458092,1.6585046209283614,0.7102165727541465,0.12966721253715166,1.4015692843022716,2.0991987315314224,0.0,2.521308856757379,0.5926106922642257,0.4080848616298159,0.47967392737137643,142.0,155.1,1643.8418046580628,0.01480746449281772,0.005798727863778671,4.856172071614613
turbo_lunar_lander_12d,12,ts,logarithmic,decay_uniform_grid_a1_2,357,333,30,1.5735796725967797,1.7213882554037174,0.703038973763633,0.12835676824520814,1.3537476461479663,1.9849540405626867,0.0,2.5262208123653425,0.592516306479471,0.40789604306862925,0.479458989111946,142.26666666666668,155.46666666666667,1649.2421342311427,0.014839214645326138,0.005711126467213034,4.882631699166571
turbo_lunar_lander_12d,12,ts,logarithmic,decay_uniform_grid_a1_2,358,334,30,1.5464565308827336,1.7406766755287533,0.7004475469682047,0.12788364060788168,1.330722561918877,1.9597095586432123,0.0,2.4966159648290156,0.5921656992610651,0.407701969626198,0.47926144591336245,142.63333333333333,155.96666666666667,1654.8045777504178,0.013488289682815473,0.006091175461187958,5.021407089801505
turbo_lunar_lander_12d,12,ts,logarithmic,decay_uniform_grid_a1_2,359,335,30,1.5504792787705,1.6773515247367212,0.6999676254601239,0.1277960193292791,1.494729727536328,2.0222815518226342,0.0,2.483885439776029,0.5926066620733308,0.4080438897049688,0.4796597430921344,143.16666666666666,156.4,1660.4458325401258,0.009720051412781079,0.20227806776141127,4.930111646139994
turbo_lunar_lander_12d,12,ts,logarithmic,decay_uniform_grid_a1_2,36,12,30,1.9239587854583828,1.854178342635156,0.6494798269990132,0.11857825063063744,1.6188641470687164,2.374613392077922,0.0,3.3427038085062497,0.6843281588789168,0.5102777513952851,0.58585315243792,8.3,4.7,87.29283181500311,0.001320694185172518,0.001434400025755167,2.3251392440249523
turbo_lunar_lander_12d,12,ts,logarithmic,decay_uniform_grid_a1_2,360,336,30,1.547652648465039,1.685793051920705,0.705601789121872,0.1288246721726842,1.403259442581195,2.026779402021363,0.0,2.4761662070030104,0.592399766963154,0.40783640143394656,0.4795047807529934,143.43333333333334,157.0,1665.5652545529263,0.01460561789572239,0.005679017786557476,4.649681980519866
turbo_lunar_lander_12d,12,ts,logarithmic,decay_uniform_grid_a1_2,361,337,30,1.54082482634858,1.692577360258888,0.6971101652210018,0.12727432085256532,1.5144932772227118,2.005370250843716,0.0,2.477317281396218,0.5922749672761736,0.4076746420493859,0.47929208280932295,143.73333333333332,157.5,1671.071976999364,0.014683683201049765,0.00591591764241457,4.823872553588202
turbo_lunar_lander_12d,12,ts,logarithmic,decay_uniform_grid_a1_2,362,338,30,1.5390555424062162,1.6347236140205024,0.6891889206178186,0.12582810606833883,1.4737611017893082,1.9748710394144777,0.0,2.4710656934563504,0.5921719550647482,0.40749805830384384,0.47914699522829785,144.03333333333333,158.03333333333333,1676.1828757212186,0.014054348909606535,0.005818395176902413,4.7106672589822365
turbo_lunar_lander_12d,12,ts,logarithmic,decay_uniform_grid_a1_2,363,339,30,1.538994651990449,1.6487683941911135,0.6849050321358111,0.12504597861652814,1.475850496880691,2.002489593650178,0.0,2.472477679432703,0.5921436438021312,0.4073193524146714,0.47895288379007056,144.4,158.5,1681.2956995005254,0.012881913781166076,0.005765696971987685,4.634468176805725
turbo_lunar_lander_12d,12,ts,logarithmic,decay_uniform_grid_a1_2,364,340,30,1.5706977628591943,1.7196425840920238,0.6949227063060751,0.12687494732212495,1.4540157669920113,1.9943260022474347,0.0,2.4606698271705154,0.5913572324927556,0.4065271379700993,0.4781480031592528,144.93333333333334,158.93333333333334,1686.6003681296172,0.009252302736664811,0.19327213165039817,4.6987754168765
turbo_lunar_lander_12d,12,ts,logarithmic,decay_uniform_grid_a1_2,365,341,30,1.551125243969783,1.7102616155449568,0.718320648389492,0.13114680754822056,1.470481229079429,2.0111154729875635,0.0,2.475727544741275,0.5912355372677199,0.4063372110980504,0.4779665084077855,145.26666666666668,159.33333333333334,1691.945197468608,0.013422812381759287,0.006140656303614378,4.767656270600855
turbo_lunar_lander_12d,12,ts,logarithmic,decay_uniform_grid_a1_2,366,342,30,1.5394670866804376,1.6433019927063732,0.6937155196835973,0.12665454620737512,1.4812025183689654,1.9795942154564687,0.0,2.471128510701131,0.5910838055774529,0.4061715942707588,0.47773837409718806,145.5,159.7,1697.2204678837832,0.015283926157280803,0.005738738039508462,4.744773216405884
turbo_lunar_lander_12d,12,ts,logarithmic,decay_uniform_grid_a1_2,367,343,30,1.5050139246552556,1.6268160822784514,0.678897225176049,0.1239491081521954,1.3897826036801484,1.9323991719486366,0.0,2.467738158196558,0.5907635070396432,0.4060215718220127,0.4775012263648531,145.83333333333334,160.2,1702.5565329519566,0.013458772050216793,0.006066354581465324,4.842622755778333
turbo_lunar_lander_12d,12,ts,logarithmic,decay_uniform_grid_a1_2,368,344,30,1.5015077458689092,1.625245678224203,0.6806440555366716,0.12426803428307803,1.4296197300546982,1.8455721296516285,0.0,2.467252831273014,0.590081847894163,0.4058346439532859,0.4771733454353109,146.2,160.43333333333334,1707.6621391720448,0.012814031867310404,0.006009051095073422,4.729006908554584
turbo_lunar_lander_12d,12,ts,logarithmic,decay_uniform_grid_a1_2,369,345,30,1.5161734233955004,1.6854974846531334,0.7010910250074258,0.1280011230869952,1.313058788160764,1.9443045494411113,0.0,2.467381646605312,0.5890163146955572,0.4050469855046646,0.4762920257680674,146.36666666666667,160.9,1713.1691434375475,0.01761106988415122,0.21920022782869636,4.818539457442239
turbo_lunar_lander_12d,12,ts,logarithmic,decay_uniform_grid_a1_2,37,13,30,1.9477924664581896,1.8380080331464757,0.7219523331006588,0.13180985942757148,1.6406500779812396,2.3801780929733463,0.0,3.376337648161953,0.6816021915033702,0.5080334452935026,0.5834951934000343,8.966666666666667,5.2,89.97072414940534,0.0010725226408491533,0.0014385196845978498,2.2604916943237185
turbo_lunar_lander_12d,12,ts,logarithmic,decay_uniform_grid_a1_2,370,346,30,1.514772667555357,1.6562323343446352,0.7037725381801396,0.12849069817130943,1.4507496000724907,1.8817075624627975,0.0,2.462957036998381,0.5889535455230914,0.4048673393310133,0.4761466069369634,146.56666666666666,161.13333333333333,1718.3633224746056,0.016267809628819425,0.005930301065867146,4.610553429120531
turbo_lunar_lander_12d,12,ts,logarithmic,decay_uniform_grid_a1_2,371,347,30,1.578075264040926,1.6845457192147768,0.6452067850943874,0.11779810348386133,1.4487431787523304,1.9236368934255463,0.0,2.4610200403720452,0.5886587412938827,0.4047029150865647,0.47600982918429946,146.8,161.43333333333334,1723.702948495699,0.015342599789922437,0.006224440860872467,4.752665289087842
turbo_lunar_lander_12d,12,ts,logarithmic,decay_uniform_grid_a1_2,372,348,30,1.5826361987464608,1.6995795469180646,0.6469111688428801,0.11810927995909287,1.4491456543003363,1.8885592048510542,0.0,2.4744903739895983,0.5884602849505919,0.40451108209286424,0.47570055088005464,147.03333333333333,161.9,1729.1101051490598,0.015686253396173317,0.006163320209210118,4.854134891290839
turbo_lunar_lander_12d,12,ts,logarithmic,decay_uniform_grid_a1_2,373,349,30,1.5655068380406254,1.7224361384788898,0.6363187016439401,0.11617536888426187,1.420181314289339,1.8623669086009218,0.0,2.4756943259656023,0.5883802551329352,0.4043352070884437,0.47554195546782424,147.23333333333332,162.2,1734.5292526564715,0.01692466516979039,0.006391406261051695,4.933407179669787
turbo_lunar_lander_12d,12,ts,logarithmic,decay_uniform_grid_a1_2,374,350,30,1.5942676956702952,1.6764661950568662,0.6333191614425194,0.11562773027410797,1.4071943217686849,1.975442759575007,0.0,2.4488518609607457,0.5887947461417015,0.4046393659907613,0.47587966961050493,147.5,162.53333333333333,1740.421478713723,0.014986867783591151,0.23495404704784353,5.059411853862305
turbo_lunar_lander_12d,12,ts,logarithmic,decay_uniform_grid_a1_2,375,351,30,1.5756857565121385,1.6630067343170287,0.6317643153883361,0.11534385552166661,1.37768846169514,2.0305818353386513,0.0,2.4047071157787197,0.5882580466227766,0.40444985614547424,0.47571871507134883,147.83333333333334,162.93333333333334,1746.034210351125,0.01430586731682221,0.00622337496218582,5.006776910958191
turbo_lunar_lander_12d,12,ts,logarithmic,decay_uniform_grid_a1_2,376,352,30,1.57227993533785,1.6861671923863368,0.6359944286944187,0.11611616501451467,1.3730039337040916,1.971160095386805,0.0,2.428400899946548,0.5881543950810897,0.40425841666870144,0.47552863279158153,148.13333333333333,163.36666666666667,1751.617299522506,0.014110159159948428,0.006575205875560641,4.974647539450476
turbo_lunar_lander_12d,12,ts,logarithmic,decay_uniform_grid_a1_2,377,353,30,1.579876546529514,1.6449355805813926,0.6339366064353125,0.11574045979096509,1.502321279143062,1.9681768422075696,0.0,2.3633326224486004,0.587975456270721,0.40408564733874147,0.4753837633831155,148.46666666666667,163.73333333333332,1757.0085471025047,0.013701030161852638,0.006475113332271576,4.916074212469781
turbo_lunar_lander_12d,12,ts,logarithmic,decay_uniform_grid_a1_2,378,354,30,1.594309601922762,1.7023440287700238,0.618775530235393,0.11297243864738156,1.4162238937777882,1.992747699939622,0.0,2.411935951812191,0.5877993310907889,0.40393228206975496,0.4752079153340524,148.76666666666668,164.1,1762.3185828573226,0.01439948296174407,0.006428988960882028,4.805209870062147
turbo_lunar_lander_12d,12,ts,logarithmic,decay_uniform_grid_a1_2,379,355,30,1.5778933084572968,1.7002333208626075,0.6115795521920312,0.11165863881482785,1.4626840151356766,1.7970895602717087,0.0,2.3708356245398603,0.5885719218188145,0.4044248222726362,0.4758221869072376,149.0,164.5,1767.940275415747,0.015741467444847026,0.22295560697093605,4.877484096974755
turbo_lunar_lander_12d,12,ts,logarithmic,decay_uniform_grid_a1_2,38,14,30,1.970722869208001,1.873821931893168,0.7334238139899735,0.1339042557112605,1.6454167944988591,2.4441488159216087,0.0,3.357063891473566,0.6806975994310321,0.5058541733292031,0.5813223840758929,9.733333333333333,5.633333333333334,92.62030554638865,0.0009366519593944152,0.001437861022228996,2.2533012573762488
turbo_lunar_lander_12d,12,ts,logarithmic,decay_uniform_grid_a1_2,380,356,30,1.560143564167579,1.6374930135683394,0.6000419350549865,0.10955216775955533,1.4666384567120165,1.9431788127296965,0.0,2.4508747603921304,0.5881563859390816,0.40424920513719176,0.4755227664213439,149.4,164.86666666666667,1773.2366481717677,0.012317308783531189,0.006632265898709496,4.797797150211409
turbo_lunar_lander_12d,12,ts,logarithmic,decay_uniform_grid_a1_2,381,357,30,1.599630558281837,1.6989199160867627,0.6312817297825476,0.11525574784759406,1.4565048690497568,2.0074561459050506,0.0,2.4990749019214125,0.5881033767826197,0.4041167050744843,0.47541374322420216,149.66666666666666,165.33333333333334,1778.5231876002779,0.014963968920831879,0.006320564759274324,4.781644492037595
turbo_lunar_lander_12d,12,ts,logarithmic,decay_uniform_grid_a1_2,382,358,30,1.610726414327116,1.669430229816783,0.6270939842685994,0.11449117361990056,1.4384254435394765,1.960350384105416,0.0,2.4776379761883085,0.5880695337520228,0.4039485762312516,0.475196304883753,150.1,165.83333333333334,1783.8829908550872,0.012019462169458468,0.006611021530504028,4.913525183374683
turbo_lunar_lander_12d,12,ts,logarithmic,decay_uniform_grid_a1_2,383,359,30,1.5712236834458007,1.6532515123621414,0.614297684428991,0.1121548995949828,1.4100179785855702,1.9150062670850332,0.0,2.480212424619481,0.5873197486077224,0.40375077984398816,0.4750068301779296,150.46666666666667,166.3,1789.2666794726936,0.01348404842428863,0.006542283746724328,4.98872594833374
turbo_lunar_lander_12d,12,ts,logarithmic,decay_uniform_grid_a1_2,384,360,30,1.5318864329198045,1.6641114278355205,0.6975739870759335,0.127359002750102,1.4077366400317866,1.9624238499724838,0.0,2.45930732523628,0.5869942645941993,0.40378430000650095,0.4749192809459587,150.63333333333333,166.76666666666668,1794.9176633205266,0.017080605356022717,0.24997058662896354,4.909590472560376
turbo_lunar_lander_12d,12,ts,logarithmic,decay_uniform_grid_a1_2,385,361,30,1.5436595791644507,1.6519944522444066,0.6915463485352713,0.1262585115510326,1.3825742712866922,1.9832528080181686,0.0,2.459615576359699,0.5867252068035635,0.403609353626944,0.47479010806056243,150.9,167.13333333333333,1800.5919585766426,0.015148594665030638,0.006587671317781011,5.110673134261742
turbo_lunar_lander_12d,12,ts,logarithmic,decay_uniform_grid_a1_2,386,362,30,1.5397531074518782,1.7060518594623908,0.6934806583032717,0.12661166658207806,1.3670507353006576,1.9611644786100304,0.0,2.4534986164515282,0.5866956184634812,0.4034442546131039,0.4745595583866951,151.1,167.53333333333333,1806.3555625263757,0.017172851832583547,0.007074449180314938,5.295600576559082
turbo_lunar_lander_12d,12,ts,logarithmic,decay_uniform_grid_a1_2,387,363,30,1.5176852784839845,1.630532860153588,0.6755812376962891,0.12334369443783899,1.2704852041418753,1.9605353229820675,0.0,2.456356703520322,0.5866588771709355,0.4032775283639108,0.4743544167041813,151.46666666666667,168.03333333333333,1811.9614263908472,0.01380619192495942,0.006894025299698114,5.160839344964673
turbo_lunar_lander_12d,12,ts,logarithmic,decay_uniform_grid_a1_2,388,364,30,1.5137140473340354,1.564507620788267,0.6685320866407691,0.12205670142304913,1.3289079723309527,1.9473813225330625,0.0,2.466776602755795,0.586617786084837,0.4031026290170415,0.4741092609807588,151.73333333333332,168.46666666666667,1817.4787343110113,0.015801297361031176,0.006852104763189952,4.944358155752222
turbo_lunar_lander_12d,12,ts,logarithmic,decay_uniform_grid_a1_2,389,365,30,1.5106267168809648,1.6160136284964486,0.6745022108113587,0.12314669198282871,1.3936270279325038,1.9240720560714928,0.0,2.4540202124925483,0.5860057215611488,0.40256498483016884,0.4734709316715795,151.96666666666667,168.83333333333334,1823.2261766518156,0.016058656309420865,0.2399744380886356,4.991873742810761
turbo_lunar_lander_12d,12,ts,logarithmic,decay_uniform_grid_a1_2,39,15,30,1.9723141895054208,1.9250115358255684,0.7365618165220743,0.13447717396870715,1.6557298368848623,2.459500678238892,0.0,3.3044028821602973,0.6921371101610049,0.5176754084979992,0.5935211398293467,10.4,5.933333333333334,95.218521435,0.0010860396083444356,0.010887320417289932,2.24563830611296
turbo_lunar_lander_12d,12,ts,logarithmic,decay_uniform_grid_a1_2,390,366,30,1.4344327278221305,1.6088741739347583,0.7109294705614655,0.12979736927390653,1.3085729120985805,1.8642516502030637,0.0,2.555836011770605,0.5858499376378433,0.40235895808141486,0.47322823232468486,152.33333333333334,169.16666666666666,1828.6715001998934,0.013411433342844248,0.006797922387098272,4.974191412127888
turbo_lunar_lander_12d,12,ts,logarithmic,decay_uniform_grid_a1_2,391,367,30,1.5337956738300582,1.6863099655367968,0.682654828185427,0.12463514946232394,1.4355029671115438,1.90642982058244,0.0,2.5927771984877066,0.5857333684827782,0.402199103225499,0.47310234437931026,152.66666666666666,169.53333333333333,1834.2338845027455,0.014125786364699404,0.006865838170051574,4.940905313317974
turbo_lunar_lander_12d,12,ts,logarithmic,decay_uniform_grid_a1_2,392,368,30,1.5152496965333042,1.6386601034485424,0.6986906799938117,0.12756288205041139,1.2832660297470933,1.9260428388636237,0.0,2.592580631789036,0.5856884473177468,0.40203056088387157,0.4729720205070704,153.0,169.93333333333334,1839.8919524809967,0.014000694608936708,0.006802585876236359,5.080042959842831
turbo_lunar_lander_12d,12,ts,logarithmic,decay_uniform_grid_a1_2,393,369,30,1.5193866227972077,1.627224017431885,0.687495101740173,0.12551885846580066,1.3400972256861357,1.9440704551408223,0.0,2.590398292043976,0.5852670933594424,0.4018669792023264,0.47286693805898505,153.13333333333333,170.26666666666668,1845.5852696039715,0.018512864162524543,0.007166373590007424,5.088674179992328
turbo_lunar_lander_12d,12,ts,logarithmic,decay_uniform_grid_a1_2,394,370,30,1.5294610935683488,1.6292212685018137,0.6850837644241204,0.12507861051854866,1.3704043351873905,1.9474603719410015,0.0,2.5869009728508825,0.5851521552733838,0.40182345157668975,0.4727674200347184,153.33333333333334,170.6,1851.522036806013,0.017327238945290445,0.26047979889747996,5.178158104605973
turbo_lunar_lander_12d,12,ts,logarithmic,decay_uniform_grid_a1_2,395,371,30,1.4924026291430563,1.5569269095158562,0.6819982289866166,0.12451527139818118,1.351770687976865,1.9226995891678964,0.0,2.5889411683851136,0.5850006541572887,0.40166175665980997,0.4725650977280865,153.66666666666666,171.06666666666666,1856.9571084357488,0.014331258041784168,0.006969313292453687,5.00915214784133
turbo_lunar_lander_12d,12,ts,logarithmic,decay_uniform_grid_a1_2,396,372,30,1.5146444761601308,1.6152826711471615,0.6771681852334807,0.1236334300924047,1.3272995336349311,1.9485715574289184,0.0,2.5822669257094297,0.5847016638860849,0.4014976627150807,0.47239110965291664,154.0,171.33333333333334,1862.2983298000104,0.01432733858625094,0.0071650826372206215,4.882361285512646
turbo_lunar_lander_12d,12,ts,logarithmic,decay_uniform_grid_a1_2,397,373,30,1.468600016979858,1.6285445437386243,0.7285919365588619,0.13302207962322052,1.2785395888324187,1.915919199602927,0.0,2.5926848491530095,0.5846511442897956,0.4013277677555454,0.4722696626920512,154.36666666666667,171.7,1867.5863364069724,0.014118014617512624,0.006962196466823419,4.844522422133013
turbo_lunar_lander_12d,12,ts,logarithmic,decay_uniform_grid_a1_2,398,374,30,1.4380602776099916,1.632374245288625,0.7148865009559122,0.13051982087649722,1.410895627562856,1.8155489790794244,0.0,2.592557580926008,0.5846243059793091,0.4011371910316574,0.47209166367272143,154.8,172.1,1872.8236617467055,0.01205357319364945,0.007005107961595059,4.705950718342016
turbo_lunar_lander_12d,12,ts,logarithmic,decay_uniform_grid_a1_2,399,375,30,1.456195446937288,1.5753666766899221,0.7025469847683022,0.12826694375494582,1.4320639211483368,1.8830634769811048,0.0,2.5922446734747777,0.5836715969909927,0.40050757256412767,0.4714822855750248,155.06666666666666,172.66666666666666,1878.203504404053,0.015321921355401476,0.2483098741310338,4.7394816106030095
turbo_lunar_lander_12d,12,ts,logarithmic,decay_uniform_grid_a1_2,4,0,30,2.595645094133169,2.564495860183216,0.4117674774771014,0.07517811195373629,2.343690395189023,2.806821168018637,1.789051247974039,3.44375256820605,0.9990418345947157,0.9894573972412446,0.9968310059885063,0.0,0.0,7.2774418871849775,0.0,0.0016123201232403517,1.8916571076648931
turbo_lunar_lander_12d,12,ts,logarithmic,decay_uniform_grid_a1_2,40,16,30,1.9561822651104506,1.8556465922695886,0.7045684735481496,0.12863601542310116,1.629108749065726,2.464332760183063,0.0,3.3022360906208714,0.6903800354200982,0.5156414045691804,0.5913384070898573,11.0,6.466666666666667,97.81110602137633,0.001591865128527085,0.0013618825313945612,2.2815839119721204
turbo_lunar_lander_12d,12,ts,logarithmic,decay_uniform_grid_a1_2,400,376,30,1.4416887469335942,1.6205378852177803,0.7189595336057549,0.13126345149642182,1.3842569209864737,1.9167943703614816,0.0,2.596092572970148,0.5836137845759274,0.40034063278188065,0.47129587913948995,155.26666666666668,173.0,1883.46586835819,0.017652974681307873,0.007087588837991158,4.821277617771799
turbo_lunar_lander_12d,12,ts,logarithmic,decay_uniform_grid_a1_2,41,17,30,1.91769655664766,1.817504429638804,0.70694012614542,0.1290690179651314,1.5852538941773822,2.463191843189804,0.0,3.356282529939209,0.6882170801562264,0.5135731038757212,0.5894403529449804,11.733333333333333,6.933333333333334,100.45666294976448,0.0010417095230271418,0.001379395027955373,2.280005733498062
turbo_lunar_lander_12d,12,ts,logarithmic,decay_uniform_grid_a1_2,42,18,30,1.924624224535808,1.8445623345486584,0.7451175128045686,0.13603922325173556,1.547456739129256,2.5256077861195,0.0,3.2809002870631003,0.6868377834355479,0.5115816372865171,0.5875881310731024,12.433333333333334,7.366666666666666,103.15254287233887,0.0012200262863188982,0.0014434920623898507,2.3469657371907187
turbo_lunar_lander_12d,12,ts,logarithmic,decay_uniform_grid_a1_2,43,19,30,1.9541375308781193,1.7819185508187227,0.7528166834222604,0.1374448930588658,1.5463301007243517,2.5190940428477884,0.0,3.3836074465546906,0.6857587389182813,0.5098499307786769,0.5857688069523843,13.133333333333333,7.9,105.8239756165538,0.0011263925737390915,0.0013667327507088582,2.321894303228085
turbo_lunar_lander_12d,12,ts,logarithmic,decay_uniform_grid_a1_2,44,20,30,1.9435322197530438,1.816502858087898,0.7339977172694229,0.13400903563525404,1.6178838011774301,2.440684064181598,0.0,3.4348145655382814,0.6797786668785619,0.502048997964194,0.5781448246844116,13.8,8.4,108.58861593596326,0.0014043121909101805,0.011119042507683237,2.4034193432734656
turbo_lunar_lander_12d,12,ts,logarithmic,decay_uniform_grid_a1_2,45,21,30,1.935586741062871,1.8387237150335514,0.737242345787784,0.13460142104533104,1.557335402229581,2.44566523761897,0.0,3.3217400726773523,0.677994273272596,0.5002202417635437,0.5761879623425964,14.6,8.866666666666667,111.27940312606903,0.0009670550469309091,0.0013998761617889006,2.3268121101893486
turbo_lunar_lander_12d,12,ts,logarithmic,decay_uniform_grid_a1_2,46,22,30,1.9678522706275559,1.8445048781550653,0.7509010463505092,0.1370951471801354,1.5840954528383517,2.505833775077606,0.0,3.3332893770784517,0.6763691292327368,0.4984773144826297,0.5746242945767137,15.266666666666667,9.333333333333334,113.88391763856634,0.0014547601186980805,0.0014397896826267242,2.257043144168953
turbo_lunar_lander_12d,12,ts,logarithmic,decay_uniform_grid_a1_2,47,23,30,2.0068223715766744,1.9473805045208767,0.722818545712585,0.13196800748995396,1.7767283663188045,2.4614994732854334,0.0,3.3683564379810087,0.674191157771563,0.49677439541515034,0.5728638231965918,15.866666666666667,9.866666666666667,116.68203979160947,0.001702782635887464,0.0013982671157767375,2.3672987294538568
turbo_lunar_lander_12d,12,ts,logarithmic,decay_uniform_grid_a1_2,48,24,30,1.973340740542425,1.9079971438888101,0.7069109913869059,0.1290636987103162,1.6465313868602265,2.4252684068336796,0.0,3.353035172937399,0.6731936108614069,0.49507138079452745,0.5709463086348282,16.466666666666665,10.4,119.76978782420046,0.0017257656746854386,0.0014250355772674084,2.5673662692463646
turbo_lunar_lander_12d,12,ts,logarithmic,decay_uniform_grid_a1_2,49,25,30,1.9831305478608408,1.939333457979618,0.6893521688114747,0.12585791097438465,1.6568400927880371,2.4474025468251117,0.0,3.241421269326499,0.685047884308646,0.5058133115327681,0.5822915002711953,17.166666666666668,10.766666666666667,122.7128105221937,0.0014460568316280841,0.011915790646647413,2.5723954550145813
turbo_lunar_lander_12d,12,ts,logarithmic,decay_uniform_grid_a1_2,5,0,30,2.5186555437315987,2.4763517558143135,0.40486694848409394,0.07391825349100675,2.3297896836775625,2.7074990324575405,1.8046623785139477,3.4967428332889448,0.9988791369565952,0.9872952692566848,0.996150874403876,0.0,0.0,9.687355192005635,0.0,0.0014588400566329558,2.0622780649922787
turbo_lunar_lander_12d,12,ts,logarithmic,decay_uniform_grid_a1_2,50,26,30,1.9684783816969278,1.9021277823237255,0.7208470067982183,0.13160805537782133,1.7225774621779,2.4922725279886544,0.0,3.29405606461373,0.6825501238977301,0.5042651768689468,0.5809261735775518,17.866666666666667,11.1,125.67574582925687,0.0012954100035130977,0.0014193288671473661,2.6107778096261125
turbo_lunar_lander_12d,12,ts,logarithmic,decay_uniform_grid_a1_2,51,27,30,1.9595791661640083,1.86522582405379,0.6961818992826408,0.12710484345463066,1.6243115874418066,2.485416585286675,0.0,3.27417971255168,0.6810385884357728,0.5026503169871378,0.5792555204884239,18.433333333333334,11.633333333333333,128.6922994972517,0.002007383434101939,0.0014483402638385693,2.6513479198484373
turbo_lunar_lander_12d,12,ts,logarithmic,decay_uniform_grid_a1_2,52,28,30,1.9781892847472355,1.888356316619265,0.6858555658477429,0.12521952153509286,1.6278654352238846,2.432944947333974,0.0,3.4487298713875685,0.6792367596117599,0.5010040993321857,0.5775591839809004,19.066666666666666,12.233333333333333,131.71685279686935,0.0017886197349677483,0.0015451659293224415,2.656517203540231
turbo_lunar_lander_12d,12,ts,logarithmic,decay_uniform_grid_a1_2,53,29,30,1.8822152870179052,1.8325096642339016,0.6489165617329529,0.11847541293327732,1.609154071455913,2.3239057127189495,0.0,3.419884867058177,0.6775902154113295,0.4994566286860581,0.5759537043777679,19.666666666666668,12.666666666666666,135.1102616755447,0.0020675831319143375,0.0015058574421952168,2.797371634111429
turbo_lunar_lander_12d,12,ts,logarithmic,decay_uniform_grid_a1_2,54,30,30,1.8729800858438383,1.7774140370524463,0.6506800774665387,0.11879738538254406,1.534710343508173,2.3113557312263477,0.0,3.3385258849936537,0.6757363838372591,0.4968967058836429,0.5734104448434637,20.433333333333334,13.1,138.14036347462485,0.0013741956868519385,0.012206606815258663,2.6758869730712225
turbo_lunar_lander_12d,12,ts,logarithmic,decay_uniform_grid_a1_2,55,31,30,1.8772183603653627,1.8403186836515442,0.6199659489488413,0.1131897783747922,1.5439360308824992,2.2739401239451875,0.0,2.956721495345626,0.6745292061733769,0.4954265047921222,0.5719215528590286,21.066666666666666,13.633333333333333,141.2672625591668,0.0018369153297195832,0.0014929165287564199,2.77982965883178
turbo_lunar_lander_12d,12,ts,logarithmic,decay_uniform_grid_a1_2,56,32,30,1.8696159051822039,1.824987177317916,0.5650976352115105,0.10317224066605664,1.6115546805221483,2.2388735870999756,0.0,2.9343548829844774,0.6733199625980343,0.49402189248224154,0.5704024232946359,21.7,13.966666666666667,144.46857132197667,0.0018347487164040407,0.001568359307323893,2.832314588362351
turbo_lunar_lander_12d,12,ts,logarithmic,decay_uniform_grid_a1_2,57,33,30,1.851793684068897,1.7465983145890482,0.5669811588981383,0.10351612346964376,1.6249841712396702,2.1550482143763627,0.0,2.933257846394869,0.672432704212787,0.4925773730487694,0.568971821453426,22.3,14.6,147.85124094261167,0.0023712404227505127,0.001601324463263154,2.873151971306652
turbo_lunar_lander_12d,12,ts,logarithmic,decay_uniform_grid_a1_2,58,34,30,1.8864531662374058,1.8416519489620329,0.6159305021387697,0.1124530099589627,1.6025165598496285,2.356515343977388,0.0,2.9408374823402794,0.6701119658707939,0.49117490293948135,0.5675678728520375,23.066666666666666,15.1,151.0459370233429,0.0019711023972680173,0.001627506533016761,2.8475976774469016
turbo_lunar_lander_12d,12,ts,logarithmic,decay_uniform_grid_a1_2,59,35,30,1.9271983942038686,1.997193758323704,0.6917944286247474,0.12630380457139057,1.6789296635970974,2.3884770875991195,0.0,2.9739794349147886,0.6697603613009836,0.49022471593517536,0.5668613901788341,23.533333333333335,15.733333333333333,154.38462794659037,0.0032692373419801394,0.012908810113246242,2.8938993118392924
turbo_lunar_lander_12d,12,ts,logarithmic,decay_uniform_grid_a1_2,6,0,30,2.3084718727678397,2.36476569851388,0.4032448147561484,0.07362209374631151,2.054919774827458,2.6530246449068597,1.370461264376363,2.9507006614595364,0.9986889384325536,0.9852275100876212,0.995148893418597,0.0,0.0,12.287908445686723,0.0,0.0014596212344865005,2.2104241040845714
turbo_lunar_lander_12d,12,ts,logarithmic,decay_uniform_grid_a1_2,60,36,30,1.902445465934862,1.8935618436439683,0.638330861829419,0.1165427373918954,1.6045255005096963,2.370242618892111,0.0,2.956744058915085,0.6669060433931767,0.48884322799497887,0.565479279764613,24.066666666666666,16.2,157.74724194450926,0.0032433582780261832,0.0016155242454260587,3.0007463427415737
turbo_lunar_lander_12d,12,ts,logarithmic,decay_uniform_grid_a1_2,61,37,30,1.8848970070759334,1.890474389053841,0.5940538239649144,0.10845889325259554,1.5386055728670096,2.361182685453215,0.0,2.8772129419453476,0.6638744543339287,0.48758207912063917,0.5643006444977738,24.633333333333333,16.5,161.04288764679805,0.0026485943080236515,0.0014902270088593165,2.914553236387049
turbo_lunar_lander_12d,12,ts,logarithmic,decay_uniform_grid_a1_2,62,38,30,1.9065423944819553,1.9801875047399093,0.6192533535712014,0.11305967685388976,1.6001550060576286,2.374215956452309,0.0,2.800992999826503,0.6624132433466112,0.48645599277267415,0.5630073644366097,25.133333333333333,17.166666666666668,164.65817438615485,0.0033558905900766454,0.0015913008091350397,3.1231212021006893
turbo_lunar_lander_12d,12,ts,logarithmic,decay_uniform_grid_a1_2,63,39,30,1.967660923347237,1.989641269389828,0.6727675471804785,0.12282998718272306,1.6163559145233297,2.428308481964084,0.0,3.092908172153799,0.6615824743364256,0.48516123940333516,0.5616275514449599,25.666666666666668,17.6,168.06931805579612,0.003409383554632465,0.0016589542850852014,3.0233057623108226
turbo_lunar_lander_12d,12,ts,logarithmic,decay_uniform_grid_a1_2,64,40,30,1.8983588558954347,1.9874552892674413,0.7254516911754283,0.13244875187901783,1.6343277001879586,2.434048890577009,0.0,2.910293132519477,0.6655105969412409,0.488110178359794,0.5651872028806769,26.166666666666668,18.233333333333334,171.4902731883805,0.003406973167633017,0.013397416720787684,2.994043541699648
turbo_lunar_lander_12d,12,ts,logarithmic,decay_uniform_grid_a1_2,65,41,30,1.896145499653488,2.009726908084436,0.6697019439689311,0.12227028717228147,1.7163336637691426,2.388533713126819,0.0,2.8050754271924134,0.6643879844327767,0.4868488918809895,0.5637674234757065,26.666666666666668,18.7,175.01242768291073,0.0036130879384775956,0.0015488972111294666,3.1350510936385643
turbo_lunar_lander_12d,12,ts,logarithmic,decay_uniform_grid_a1_2,66,42,30,1.8334888621873122,1.92788400676445,0.6694805307571376,0.12222986283540516,1.669706949840853,2.356294188884334,0.0,2.701282422804049,0.6631992867724962,0.4856355253140562,0.5623316793115228,27.233333333333334,19.233333333333334,178.79799629718374,0.0032387012305359047,0.001609277802829941,3.2635244444943963
turbo_lunar_lander_12d,12,ts,logarithmic,decay_uniform_grid_a1_2,67,43,30,1.8645846099023275,1.942976801477657,0.6857016007736396,0.12519141148704144,1.6265108731321403,2.41109733128192,0.0,2.7245747793729973,0.6625476353872188,0.4845136595774743,0.5613752068307396,27.633333333333333,19.666666666666668,182.22924704269195,0.004666909839337071,0.0015707244165241718,3.05698262740237
turbo_lunar_lander_12d,12,ts,logarithmic,decay_uniform_grid_a1_2,68,44,30,1.843067069210035,1.9501708017148056,0.6863286185207701,0.1253058887417279,1.596878805240583,2.383434384757421,0.0,2.6278126750038995,0.6621836599258294,0.4833463724664923,0.5601931976576005,28.166666666666668,20.133333333333333,185.62468833553916,0.003600820867965619,0.001551884055758516,3.0213374648087967
turbo_lunar_lander_12d,12,ts,logarithmic,decay_uniform_grid_a1_2,69,45,30,1.8413993329835285,1.885078810856713,0.7207699593486444,0.13159398850244472,1.5963903298241588,2.382355216932571,0.0,2.9224045844010305,0.6576528055404507,0.478696149061561,0.5552267505719947,28.666666666666668,20.5,189.10120655773207,0.0036691736585150164,0.014212554724266132,3.1163587622810156
turbo_lunar_lander_12d,12,ts,logarithmic,decay_uniform_grid_a1_2,7,0,30,2.2751123220801306,2.3498772115953983,0.4162612493480644,0.07599855869440583,2.0168504798675264,2.650432691357252,1.226591411538858,2.8418783410367388,0.9984683090997225,0.9834494317198244,0.9943849095892785,0.0,0.0,14.955186846215899,0.0,0.0013965684144447248,2.3238912008702757
turbo_lunar_lander_12d,12,ts,logarithmic,decay_uniform_grid_a1_2,70,46,30,1.8082225575756425,1.7920794510956166,0.6731487282396668,0.1228995810042601,1.5578164388043034,2.378074841648802,0.0,2.745779402430202,0.6564915805773481,0.47754454985153255,0.5540516385688328,29.333333333333332,21.0,192.5339215602881,0.002728533868988355,0.0015005525511999926,3.084038328581179
turbo_lunar_lander_12d,12,ts,logarithmic,decay_uniform_grid_a1_2,71,47,30,1.8596611069952802,1.842640735376475,0.5877453872870513,0.1073071355622427,1.61723506839289,2.2607099806378437,0.0,2.8773432128910374,0.655004634512037,0.47633139776055,0.5528323070921036,29.833333333333332,21.5,195.97552429929686,0.003903099320208033,0.001489903482918938,3.026342091461023
turbo_lunar_lander_12d,12,ts,logarithmic,decay_uniform_grid_a1_2,72,48,30,1.859476404253757,1.843248581414718,0.5809697397231817,0.10607007722476391,1.5605924381579108,2.280152388585603,0.0,2.9136089896431034,0.6543751450392404,0.47528726632849044,0.5517229147095868,30.333333333333332,21.9,199.4314583130957,0.004179228516295552,0.0015026813683410485,3.072049171089505
turbo_lunar_lander_12d,12,ts,logarithmic,decay_uniform_grid_a1_2,73,49,30,1.8110152650284668,1.6703250040272706,0.5816782963510677,0.10619944137421825,1.540781979100693,2.232034388113493,0.0,2.817201923423808,0.6531638429027826,0.4742086213975755,0.5505278034412036,30.9,22.5,202.812530791061,0.003891704697161913,0.0014951484433064859,3.0609994768941156
turbo_lunar_lander_12d,12,ts,logarithmic,decay_uniform_grid_a1_2,74,50,30,1.8261606487941398,1.8429965781226079,0.5623261497417081,0.10266623896285379,1.561211651403935,2.2526598343083744,0.0,2.7991175178557337,0.6467098600167631,0.46816514013592503,0.5441518023662834,31.366666666666667,22.933333333333334,206.44985081544147,0.004393139434978366,0.014578732149675488,3.247893831351151
turbo_lunar_lander_12d,12,ts,logarithmic,decay_uniform_grid_a1_2,75,51,30,1.8177763843664243,1.7806027210660285,0.5286536237762031,0.09651850494969194,1.5914331792489516,2.2346938502770564,0.0,2.617995925641801,0.6462183827167421,0.467177975691166,0.5429983547400364,31.966666666666665,23.533333333333335,210.1453469631883,0.003755480299393336,0.001623490359634161,3.308744107823198
turbo_lunar_lander_12d,12,ts,logarithmic,decay_uniform_grid_a1_2,76,52,30,1.8401866286571327,1.876299659061926,0.5561455027939602,0.1015378123784348,1.5736036170716121,2.357596887595988,0.0,2.5511736766760844,0.6455006051890195,0.4661103309107712,0.5419525929491703,32.36666666666667,24.133333333333333,213.64542116040053,0.005380840661625068,0.001552979260062178,3.104665038206925
turbo_lunar_lander_12d,12,ts,logarithmic,decay_uniform_grid_a1_2,77,53,30,1.7985470358796223,1.7353292915072869,0.5524419403532258,0.10086163748112842,1.5914282206864665,2.2900964239618435,0.0,2.6302291344382334,0.6447085759780574,0.4650584487100358,0.5407624767432517,32.833333333333336,24.733333333333334,217.10937977355596,0.004828659662355979,0.0015382565868397554,2.9777421825565398
turbo_lunar_lander_12d,12,ts,logarithmic,decay_uniform_grid_a1_2,78,54,30,1.8175437473883045,1.7781511466424393,0.5580610423353425,0.10188754045063753,1.5250263737130094,2.2973308708664506,0.0,2.7521253114391784,0.6437166139727142,0.4639934328147334,0.5397570959583856,33.233333333333334,25.2,220.50101838555807,0.005166964465752244,0.0016120066090176504,3.0599518563598394
turbo_lunar_lander_12d,12,ts,logarithmic,decay_uniform_grid_a1_2,79,55,30,1.8575983022438367,1.7859854917488172,0.5553470243779027,0.10139203083171623,1.638667975145474,2.3281065727153303,0.0,2.6520865337342796,0.650806026186115,0.470473750725957,0.5466569996290942,33.86666666666667,25.633333333333333,223.97796013775903,0.003390515859549244,0.01616424790893992,2.966309296324228
turbo_lunar_lander_12d,12,ts,logarithmic,decay_uniform_grid_a1_2,8,0,30,2.2239840506496247,2.22600281822161,0.4200166296630616,0.07668419419791743,1.9900331339095296,2.6590745569009444,1.1804013694844409,2.828253016420003,0.998126022348572,0.9816567420505923,0.9934316337672878,0.0,0.0,17.62196827540174,0.0,0.0014985325435797373,2.2789723739027976
turbo_lunar_lander_12d,12,ts,logarithmic,decay_uniform_grid_a1_2,80,56,30,1.8430117424805357,1.7992518476023003,0.5784193962461487,0.10560445034084488,1.4713818511930747,2.3586498912427896,0.0,2.658578993270292,0.6492194955649464,0.469621874070887,0.5457377426872783,34.4,26.133333333333333,227.5116660439254,0.004289000621065497,0.00159217092829446,3.1485501510246348
turbo_lunar_lander_12d,12,ts,logarithmic,decay_uniform_grid_a1_2,81,57,30,1.8721996438184842,1.7964006050900223,0.5357066778584457,0.09780621055640801,1.5171713305915775,2.3592872668781637,0.24595214160698653,2.6705055985195014,0.6481855293783139,0.4686870590620941,0.5447417781592131,35.1,26.7,231.08097412722807,0.0029983396797130506,0.0016101206342379252,3.200965132797137
turbo_lunar_lander_12d,12,ts,logarithmic,decay_uniform_grid_a1_2,82,58,30,1.8520036406849452,1.8146374975107857,0.5520755381791758,0.10079474190251304,1.5303590313801814,2.319708604727189,0.30288230615755385,2.7473356463195238,0.647570989876113,0.46776582965588154,0.5439133858942532,35.63333333333333,27.133333333333333,234.84006624997903,0.00457428569595019,0.0016890428649882475,3.328758411637197
turbo_lunar_lander_12d,12,ts,logarithmic,decay_uniform_grid_a1_2,83,59,30,1.8231669026263264,1.7734970443505906,0.5415939182111816,0.09888106867062406,1.4441193620225368,2.382801666111528,0.31333406024585586,2.595598679436474,0.6473146975617954,0.46684774300447157,0.5428467345670377,36.1,27.733333333333334,238.51974334196808,0.005434226477518678,0.0016685605980455876,3.229145936621353
turbo_lunar_lander_12d,12,ts,logarithmic,decay_uniform_grid_a1_2,84,60,30,1.839478861028313,1.798328263225966,0.5470045885888033,0.09986891740964018,1.510530740688789,2.291355170299764,0.305661597049822,2.7163362050412565,0.6438978877260233,0.4635796422361475,0.5395916584396515,36.5,28.2,242.2992698576767,0.006077389046549797,0.016275292588397862,3.2048855330018946
turbo_lunar_lander_12d,12,ts,logarithmic,decay_uniform_grid_a1_2,85,61,30,1.8320820644588496,1.7639106416792165,0.5541357870782891,0.10117089016788623,1.4945210151471733,2.293218650513478,0.2785341975996578,2.760101368201217,0.6427737519244777,0.46264354901714067,0.5386502053444407,37.0,28.7,246.02773510908398,0.0049675943174709875,0.0016372994830211004,3.236886585022633
turbo_lunar_lander_12d,12,ts,logarithmic,decay_uniform_grid_a1_2,86,62,30,1.8483473296527582,1.7801255766594808,0.5489146237302238,0.10021764052050137,1.6073164297201226,2.2741263294778533,0.12156121637246131,2.69736988745716,0.6417766979829749,0.46175030006593665,0.537885170896439,37.53333333333333,29.2,249.86382846129126,0.004527775306875507,0.0016858067673941454,3.454793590509022
turbo_lunar_lander_12d,12,ts,logarithmic,decay_uniform_grid_a1_2,87,63,30,1.8403539668073425,1.7593560155872032,0.5703002576513991,0.10412210522222651,1.5557017751366773,2.2215493986053048,0.14585514500173735,2.781861667693396,0.6412811315658669,0.4608994960124253,0.5368896786109971,38.03333333333333,29.633333333333333,253.7950565913537,0.0052079019757608576,0.0016633816373844942,3.516892303371181
turbo_lunar_lander_12d,12,ts,logarithmic,decay_uniform_grid_a1_2,88,64,30,1.8271896174343534,1.7629934470392525,0.5538979765412941,0.10112747210271138,1.5193260234523105,2.2739293588675666,0.18190730658144494,2.7401526376235585,0.6396642497855946,0.4599575695862879,0.5358768027049429,38.63333333333333,30.133333333333333,257.76410391308985,0.005970733147114516,0.001695113955065608,3.496031056685994
turbo_lunar_lander_12d,12,ts,logarithmic,decay_uniform_grid_a1_2,89,65,30,1.8194308900175644,1.8241409764235879,0.5295057100135392,0.09667407390073485,1.4583540615541728,2.201799546806604,0.37706934389019064,2.7000947935445025,0.6386283885047243,0.4585460715753493,0.5345214167171477,39.13333333333333,30.7,261.7708493894432,0.007150302284086744,0.018303326393167178,3.5857353281695397
turbo_lunar_lander_12d,12,ts,logarithmic,decay_uniform_grid_a1_2,9,0,30,2.226785806187293,2.2321246182726253,0.40263022331401005,0.07350988521414191,2.026735734028776,2.5956853505895654,1.2068822227109028,2.830434890547302,0.9978353826675902,0.9800721250901048,0.992844278903608,0.0,0.0,20.282364975148813,0.0,0.0015082969330251217,2.2932156004166853
turbo_lunar_lander_12d,12,ts,logarithmic,decay_uniform_grid_a1_2,90,66,30,1.8154122282692455,1.7316786687981347,0.620551893547551,0.11329675673284607,1.4708433007972983,2.2692292017656754,0.4388955714698959,3.504232979187958,0.6379315709425442,0.4576635811205685,0.5333668693430946,39.6,31.266666666666666,265.87638250238575,0.007937009865418076,0.0017033110838383437,3.6759711594631272
turbo_lunar_lander_12d,12,ts,logarithmic,decay_uniform_grid_a1_2,91,67,30,1.8060292252128423,1.7790692825836454,0.588794100707092,0.10749860356108093,1.369645083166055,2.1846368959534246,0.4611766733181546,3.478986709301168,0.6373262305131588,0.45688214478106365,0.5323934405381804,40.06666666666667,31.933333333333334,269.99992797205533,0.008458995275820296,0.0017318037028114,3.6434668126050385
turbo_lunar_lander_12d,12,ts,logarithmic,decay_uniform_grid_a1_2,92,68,30,1.7562730570823593,1.6827372730009464,0.5905213995847831,0.10781396374736918,1.34383870908119,2.196658323974077,0.4936806380903471,3.237538360358827,0.6364776736633442,0.4560297406330076,0.5314073906648178,40.5,32.36666666666667,274.0919301372642,0.008427947604407867,0.0017865542632838091,3.645096259067456
turbo_lunar_lander_12d,12,ts,logarithmic,decay_uniform_grid_a1_2,93,69,30,1.750268311250487,1.6314568102428255,0.6129397926295465,0.11190698360524712,1.4026881059444376,2.10493666155923,0.47464013927095916,3.422716071606471,0.6358112022960699,0.4551267166809279,0.5304760409959941,41.0,32.9,278.1546994963506,0.007369260583072901,0.0017668175200621287,3.6188642551346373
turbo_lunar_lander_12d,12,ts,logarithmic,decay_uniform_grid_a1_2,94,70,30,1.717976315390978,1.6273323669391542,0.5932517819272056,0.10831246108055538,1.3961563136477644,2.071875444373453,0.3905045499911306,3.2027238180997433,0.642145882220184,0.46137023237540903,0.5371589662072379,41.56666666666667,33.56666666666667,282.2902662618086,0.006585448638846477,0.020075089872504275,3.6969671966663253
turbo_lunar_lander_12d,12,ts,logarithmic,decay_uniform_grid_a1_2,95,71,30,1.6962549978655974,1.6699162209548335,0.5646223899580091,0.10308547315082665,1.3962395113222077,2.021670122067529,0.39190485092194427,2.667949320235263,0.641847585107189,0.46056188467055287,0.5363440799289201,42.13333333333333,34.1,286.30776995429767,0.006464890219892065,0.001716890496512254,3.6535426221477487
turbo_lunar_lander_12d,12,ts,logarithmic,decay_uniform_grid_a1_2,96,72,30,1.6922557748816567,1.6363721610047586,0.5712900404003184,0.10430281400176401,1.3781287009868637,2.0563666900325535,0.330659437905902,2.6146746656991082,0.6415213162692291,0.4597589318847524,0.5355225330647703,42.63333333333333,34.56666666666667,290.41468941952724,0.007456428247193495,0.0017691800060371558,3.708332838350907
turbo_lunar_lander_12d,12,ts,logarithmic,decay_uniform_grid_a1_2,97,73,30,1.5671735737828125,1.5199622654747826,0.5283769025582152,0.09646798279861453,1.2814858916324525,1.8831531501115493,0.3456227262199396,2.580971614799596,0.6407077935728395,0.45898964263520553,0.5346842941713078,43.166666666666664,34.93333333333333,294.72483726395296,0.007051023840904236,0.0017414899698148171,3.859516145630429
turbo_lunar_lander_12d,12,ts,logarithmic,decay_uniform_grid_a1_2,98,74,30,1.5682726004782055,1.4923931838085056,0.5052907735964695,0.0922530515993407,1.2075636495327422,1.8567651670635277,0.38202424025447845,2.558923907341664,0.6404995078220893,0.4582035180352287,0.5338584920248265,43.766666666666666,35.46666666666667,298.93671781473483,0.006222255993634462,0.0017871618115653594,3.829706509023284
turbo_lunar_lander_12d,12,ts,logarithmic,decay_uniform_grid_a1_2,99,75,30,1.5673541461367075,1.556400546278497,0.4642092590578563,0.08475262752958242,1.2140314856772503,1.8024076742434665,0.36924110121874665,2.5583960188926,0.6424330358703959,0.45972494851838114,0.5353548872597832,44.2,36.03333333333333,303.3559343854586,0.008388043489928047,0.018354024039581418,3.9441583203927926
turbo_lunar_lander_12d,12,ts,logarithmic,decay_uniform_grid_a2_3,1,0,30,3.310651109298576,3.283904957447192,0.580644939743358,0.10601077713288837,3.052659635642117,3.600539664830276,2.2276699670828726,4.534419415344451,0.9999703333578658,0.9972378949702652,0.9997470325374905,0.0,0.0,0.8271250549703837,0.0,0.0013206070754677058,0.4503891004094233
turbo_lunar_lander_12d,12,ts,logarithmic,decay_uniform_grid_a2_3,10,0,30,2.22363944070666,2.237736932043511,0.389172751593094,0.07105289827129739,1.9972427935898305,2.560782715833177,1.4562514051970976,2.7919025174092806,0.9975692102752459,0.9785407233685759,0.9921383172057798,0.0,0.0,24.346342937229203,0.0,0.0013937309539566436,2.3899488515686245
turbo_lunar_lander_12d,12,ts,logarithmic,decay_uniform_grid_a2_3,100,76,30,1.7719057010816606,1.7393363846443513,0.6693641642006952,0.12220861730610424,1.3785092700142032,2.14957569503661,0.0,3.7355299373939292,0.6539901167273448,0.47239163945555884,0.5476591884281752,26.066666666666666,32.0,330.0403710079069,0.010405752807855606,0.0018019266581783691,3.953796603406469
turbo_lunar_lander_12d,12,ts,logarithmic,decay_uniform_grid_a2_3,101,77,30,1.7595019211282537,1.7608141344979602,0.6713565788166587,0.12257238078245963,1.3621763407398286,2.132306679496123,0.0,3.627702439738061,0.6533644727511759,0.4716898062356316,0.5470560650152948,26.366666666666667,32.4,334.37303126350355,0.010464749469732245,0.001774455327540636,3.897295225194345
turbo_lunar_lander_12d,12,ts,logarithmic,decay_uniform_grid_a2_3,102,78,30,1.560233138251435,1.598654582934366,0.6748001279981654,0.1232010839706562,1.314682184175482,1.9750721847845054,0.0,2.7964038750447058,0.6527479036091652,0.4709300189647044,0.5464094940222602,26.666666666666668,32.86666666666667,338.6465121735974,0.010400081099942327,0.0017653642067064841,3.8504082793835552
turbo_lunar_lander_12d,12,ts,logarithmic,decay_uniform_grid_a2_3,103,79,30,1.6012672062192088,1.6270437359674994,0.7438072982820961,0.13580001190202587,1.3666958988015419,1.9780408189172167,0.0,3.642491668492486,0.6518550538542272,0.4702306476890024,0.5455804000893285,26.933333333333334,33.166666666666664,343.0687652326499,0.010815895721316337,0.0018151024356484412,3.938510307390243
turbo_lunar_lander_12d,12,ts,logarithmic,decay_uniform_grid_a2_3,104,80,30,1.5999293456551007,1.6920466129599703,0.7684510139107195,0.14029931821887243,1.3050088229565868,1.9486228069348697,0.0,3.644828862075591,0.6542364358393304,0.4719624719474481,0.5475660757241383,27.266666666666666,33.7,347.5567354437119,0.010181556548923254,0.021159083597982922,3.9268225302298863
turbo_lunar_lander_12d,12,ts,logarithmic,decay_uniform_grid_a2_3,105,81,30,1.562840958873423,1.5781768933487073,0.7510569308992443,0.13712360767470497,1.342689134884456,1.8399679876113884,0.0,3.6246086308935253,0.6538449070418249,0.4711996466476231,0.546690085562772,27.5,34.0,351.9149825276807,0.01165352288323144,0.0018568021555741628,3.938944890536368
turbo_lunar_lander_12d,12,ts,logarithmic,decay_uniform_grid_a2_3,106,82,30,1.6534357941257112,1.596093763290268,0.6967432027675381,0.12720732298139217,1.3835400120981742,1.9433975752257078,0.0,3.647940175626924,0.6531635377755397,0.4705451093565738,0.5460068244171477,27.7,34.36666666666667,356.5352855948576,0.011833680809165041,0.001839383210365971,4.0703088626731185
turbo_lunar_lander_12d,12,ts,logarithmic,decay_uniform_grid_a2_3,107,83,30,1.6832082894193863,1.6604385139253997,0.7386457573556102,0.1348576477697184,1.4491519118590055,2.0411430627963725,0.0,3.657057827764289,0.6525160324472924,0.46979745440458714,0.5453019571238094,27.933333333333334,34.733333333333334,361.1654040409407,0.011608332038546602,0.0018379472972204288,4.166100330138579
turbo_lunar_lander_12d,12,ts,logarithmic,decay_uniform_grid_a2_3,108,84,30,1.6357646247648787,1.6978386428620007,0.6282904314478311,0.11470961398954344,1.4100472741801378,2.0105497441917564,0.0,2.599824124180598,0.6519777319530932,0.4690771156972067,0.5445036917414426,28.133333333333333,35.166666666666664,365.75256108776665,0.011977057096858819,0.0018518728204071522,4.053006804035976
turbo_lunar_lander_12d,12,ts,logarithmic,decay_uniform_grid_a2_3,109,85,30,1.5943804288017263,1.6630265924493233,0.5762132929766557,0.10520167283254914,1.3355705210210216,1.9514181974841092,0.0,2.4932836129179647,0.6540026645868662,0.4708772840133648,0.5466553207232446,28.566666666666666,35.6,370.06146137973604,0.008588047760228316,0.019746696933483084,3.9108609154820444
turbo_lunar_lander_12d,12,ts,logarithmic,decay_uniform_grid_a2_3,11,0,30,2.2039395465044658,2.2537721007319247,0.40585783873010195,0.07409916447092356,1.9774190634865962,2.5267119990292883,1.0662318150143433,2.775831557357914,0.9974193191914803,0.9770600576717418,0.9914932065434111,0.0,0.0,27.02833724579153,0.0,0.0013583407116432985,2.3306042610667648
turbo_lunar_lander_12d,12,ts,logarithmic,decay_uniform_grid_a2_3,110,86,30,1.595390363295427,1.6905638060638872,0.6188444111441112,0.11298501452321036,1.3063479338452968,1.985355126241299,0.0,2.6775107551226722,0.6535302538785653,0.47018222956851335,0.5458253885304621,28.7,36.1,374.4870382413268,0.012978028816481432,0.0020234426638732353,4.00787520276693
turbo_lunar_lander_12d,12,ts,logarithmic,decay_uniform_grid_a2_3,111,87,30,1.5772806448302314,1.655876741777603,0.5818631759998082,0.1062331956255645,1.2986800897825685,1.9075256031026055,0.0,2.5371612481603654,0.6531152994196278,0.46946791452514985,0.5450441912601579,28.966666666666665,36.43333333333333,378.7972605764245,0.010870568283523122,0.0018439905562748513,3.9250891109462827
turbo_lunar_lander_12d,12,ts,logarithmic,decay_uniform_grid_a2_3,112,88,30,1.5987659751179768,1.536482964686917,0.6084755293865961,0.11109192437831208,1.3780678971259421,1.9877113345321087,0.0,2.647639499055745,0.6521795433676992,0.46876165176346346,0.544393383002703,29.3,36.96666666666667,383.26004790117344,0.009993171303843458,0.0018235792871564628,3.959345259098336
turbo_lunar_lander_12d,12,ts,logarithmic,decay_uniform_grid_a2_3,113,89,30,1.589832761782336,1.6272676602275244,0.6449774214160814,0.11775622759703447,1.4206648439421807,2.0515460023872505,0.0,2.789938670829361,0.6508230497360507,0.4681124462275898,0.5438300334156307,29.366666666666667,37.36666666666667,387.78485073586927,0.013686295412480832,0.0018518696383883555,3.8579439015127717
turbo_lunar_lander_12d,12,ts,logarithmic,decay_uniform_grid_a2_3,114,90,30,1.5778002226896797,1.57174990121393,0.638333835925155,0.116543280385003,1.388365609919401,1.8746338982592994,0.0,2.7103303615650156,0.6506810833326739,0.46741365009994845,0.5431202902867031,29.533333333333335,37.53333333333333,392.3529865647045,0.012631814445679386,0.021986020946254334,3.956703642072777
turbo_lunar_lander_12d,12,ts,logarithmic,decay_uniform_grid_a2_3,115,91,30,1.585526878085769,1.6121221613825027,0.6569861898257445,0.11994871871231044,1.4212759612722006,1.8830163703123253,0.0,2.753340308046046,0.649894820099829,0.4667531451463326,0.5424807919399466,29.733333333333334,37.833333333333336,396.75074289045295,0.011718419784059127,0.0019212938379496336,3.8790011598262937
turbo_lunar_lander_12d,12,ts,logarithmic,decay_uniform_grid_a2_3,116,92,30,1.5524723136912342,1.5760869815489125,0.6763896152522476,0.12349128331196546,1.4040303509021517,1.9275949461762996,0.0,2.701389132176034,0.6494582780061352,0.46613955180333544,0.5419573612889192,30.0,38.3,401.2939305865827,0.011019514361396431,0.0018930347791562478,3.8884686132427304
turbo_lunar_lander_12d,12,ts,logarithmic,decay_uniform_grid_a2_3,117,93,30,1.5939784523526157,1.6163682167873312,0.6548011628768011,0.11954978919607945,1.4343208895248993,1.9259602104355302,0.0,2.9043355392340224,0.6487513722493207,0.4654737679568556,0.5413478363927161,30.2,38.766666666666666,405.6038972310411,0.012298620336999496,0.004744673985987902,3.8670356931320082
turbo_lunar_lander_12d,12,ts,logarithmic,decay_uniform_grid_a2_3,118,94,30,1.5960490754412648,1.6162654016838898,0.6880413449053028,0.12561858836694217,1.4338693381794698,1.8911174980920733,0.0,2.981559660047136,0.6473217959200548,0.4648097085486095,0.5405943960140536,30.5,39.13333333333333,410.1842935022122,0.010585157573223114,0.0019328396456936995,4.111034902635341
turbo_lunar_lander_12d,12,ts,logarithmic,decay_uniform_grid_a2_3,119,95,30,1.5700039757430082,1.5576899222565996,0.6859753749884476,0.12524139559141262,1.3332937989280187,1.9724689702797633,0.0,3.2889859165823156,0.6510974429443156,0.46794217874560035,0.5440824535106109,30.8,39.6,414.75110152742513,0.010445581004023551,0.024682326071585218,4.082085559827586
turbo_lunar_lander_12d,12,ts,logarithmic,decay_uniform_grid_a2_3,12,0,30,2.2106593718795478,2.2407115330443084,0.3965547873468668,0.07240066743884772,1.988724447039785,2.5380856481454894,1.0907761306781327,2.776769492091669,0.9971768750965188,0.9755870863831688,0.9906783619358783,0.0,0.0,29.61720892669012,0.0,0.0012895687483251094,2.240437544680511
turbo_lunar_lander_12d,12,ts,logarithmic,decay_uniform_grid_a2_3,120,96,30,1.5857640324718105,1.5433293229539513,0.6906147998331466,0.12608843480517645,1.2187568539304552,1.9692295626344156,0.0,3.2894987486659955,0.6506640953743386,0.4672474698341607,0.5433185083551312,30.966666666666665,40.06666666666667,419.1335130381864,0.012528025731444358,0.0018875493047138055,3.975849954613174
turbo_lunar_lander_12d,12,ts,logarithmic,decay_uniform_grid_a2_3,121,97,30,1.5745287181502217,1.578664120029754,0.697075439509117,0.12726798083399044,1.2638053547140584,1.9695962004704701,0.0,3.3391081561538187,0.6501289911290498,0.46662349697593974,0.5427892231813198,31.266666666666666,40.4,423.67902840618046,0.010835576911146443,0.0019548859447240828,4.019268031092361
turbo_lunar_lander_12d,12,ts,logarithmic,decay_uniform_grid_a2_3,122,98,30,1.5559601552542657,1.602743363169595,0.7174133431002988,0.1309811570237423,1.2403531746829939,1.8672095749744133,0.0,3.2956806853061558,0.64992448127384,0.4660626092709865,0.5422989481359611,31.4,40.7,428.0077322167189,0.013519851894428333,0.0021263182008018095,3.907645203607778
turbo_lunar_lander_12d,12,ts,logarithmic,decay_uniform_grid_a2_3,123,99,30,1.5709200926174531,1.5972031942501679,0.7026971543786703,0.12829436084929594,1.239824052182755,2.064153519840491,0.0,3.3505366306004127,0.6492093835633252,0.46546382230760486,0.5416169259303765,31.633333333333333,40.93333333333333,432.3592977607157,0.011411091142023603,0.0019188936954985063,3.926071012299508
turbo_lunar_lander_12d,12,ts,logarithmic,decay_uniform_grid_a2_3,124,100,30,1.5238008719653608,1.545265018179303,0.7301145165688656,0.13330006342891568,1.0243675283452307,1.87083138011048,0.0,3.3592570374702797,0.6495086695786334,0.4651886370028167,0.5414739342915352,31.866666666666667,41.333333333333336,437.1443479640875,0.011971164137745897,0.02570058883478244,4.185890190179149
turbo_lunar_lander_12d,12,ts,logarithmic,decay_uniform_grid_a2_3,125,101,30,1.5406757281728423,1.5366929846285877,0.7158478733637922,0.13069534266115018,1.21392570279605,1.981775385454851,0.0,3.2679176472413145,0.6467529912351544,0.4645762556543764,0.5407362378474679,32.166666666666664,41.733333333333334,441.79940106219925,0.01075689027396341,0.002004824997857213,4.178098532914494
turbo_lunar_lander_12d,12,ts,logarithmic,decay_uniform_grid_a2_3,126,102,30,1.5236572035114622,1.5396282230840912,0.7273517440651392,0.13279565248840036,1.2734184907609762,1.9253155608507768,0.0,3.315896084585052,0.6465155001780033,0.46400514365312845,0.5400956509000887,32.36666666666667,42.1,446.3748512201943,0.011962399864569307,0.0020907730329781772,3.9548215441095333
turbo_lunar_lander_12d,12,ts,logarithmic,decay_uniform_grid_a2_3,127,103,30,1.5634445851742886,1.562574506654479,0.7086317128106961,0.1293778580233136,1.3179915635335662,1.9661387972484574,0.0,3.2493889774933056,0.6463255852750923,0.463413985309375,0.5393900001396195,32.63333333333333,42.43333333333333,450.9030374885071,0.011017884779721498,0.0019355501979589462,4.052769357121239
turbo_lunar_lander_12d,12,ts,logarithmic,decay_uniform_grid_a2_3,128,104,30,1.5699478899034676,1.6201500616890612,0.7071542606169915,0.12910811339193778,1.3669779135792492,1.9532115931736647,0.0,3.296705355938621,0.6460259631609669,0.462773263688846,0.5386721958962776,32.8,42.86666666666667,455.5045702257504,0.012972496977696816,0.002130735494817297,4.179529998544604
turbo_lunar_lander_12d,12,ts,logarithmic,decay_uniform_grid_a2_3,129,105,30,1.603906203449067,1.6838799167490004,0.6778680084549765,0.12376119974729777,1.4474829620700382,1.9199630984757525,0.0,3.3024111361809108,0.6467353288306822,0.46339569021697924,0.5394090504030895,33.1,43.266666666666666,460.07745183616254,0.010668061068281531,0.02549490494032701,4.024223613614837
turbo_lunar_lander_12d,12,ts,logarithmic,decay_uniform_grid_a2_3,13,0,30,2.1624211766836634,2.169847667959323,0.4000469610745641,0.07303824821397663,1.8748445000298197,2.4402882454317654,1.1087561383423163,2.7763907585551406,0.997077015008267,0.9742330654319203,0.9901181193354852,0.0,0.0,32.199992178271835,0.0,0.0013433362357318402,2.2540554160717874
turbo_lunar_lander_12d,12,ts,logarithmic,decay_uniform_grid_a2_3,130,106,30,1.6329741294657463,1.7533683326728076,0.698960503427701,0.12761214484417294,1.3478390045218536,1.9807490460195158,0.0,3.3052226418305013,0.6464029929918645,0.46285156003367,0.5389018590202777,33.333333333333336,43.6,464.6867254554605,0.01206232892970244,0.0020141937304288147,4.0227111372320605
turbo_lunar_lander_12d,12,ts,logarithmic,decay_uniform_grid_a2_3,131,107,30,1.63639120207241,1.7269721161086333,0.6618150799270752,0.12083034939104785,1.4200031533266184,1.9894767858625748,0.0,3.282840807800095,0.6459078678438194,0.462335941027321,0.538425196835487,33.53333333333333,43.96666666666667,469.33720136308114,0.0118944245390594,0.001999138435348868,4.204983957639585
turbo_lunar_lander_12d,12,ts,logarithmic,decay_uniform_grid_a2_3,132,108,30,1.6449174383684413,1.8314902699487778,0.6965245569069941,0.12716740389141715,1.4440654222166973,2.005045228147673,0.0,3.2794813983587847,0.645768590013142,0.461736992302927,0.5376849639901978,33.666666666666664,44.233333333333334,473.7935117167265,0.012999539216980337,0.002060809855659803,4.019416946343457
turbo_lunar_lander_12d,12,ts,logarithmic,decay_uniform_grid_a2_3,133,109,30,1.6681674159587176,1.8122911729864926,0.7123205038909687,0.13005133605151,1.4599833208597113,2.0755247924609446,0.0,3.2673445048240257,0.6455691208647423,0.46120762945888055,0.5372452459216649,33.8,44.5,478.54165609454117,0.013052989635616541,0.002037828353544076,4.252371125419935
turbo_lunar_lander_12d,12,ts,logarithmic,decay_uniform_grid_a2_3,134,110,30,1.6722277124867355,1.7992155335882476,0.7182452439219424,0.1311330406389494,1.4639628122048018,2.140158625591992,0.0,3.306931139800629,0.6450899755165804,0.4605059157522027,0.5365621237672017,34.06666666666667,44.9,483.21993760888773,0.011137841610858838,0.026992882151777545,4.182616617018357
turbo_lunar_lander_12d,12,ts,logarithmic,decay_uniform_grid_a2_3,135,111,30,1.6757530203767554,1.8100554281500352,0.7362897599630166,0.13442750346393612,1.4545790495767978,2.1749580568827387,0.0,3.3477194220481925,0.6439218665430679,0.45993983075676936,0.5358598384622759,34.266666666666666,45.233333333333334,488.037119061267,0.012058362628643711,0.0021414887470503647,4.162295441857228
turbo_lunar_lander_12d,12,ts,logarithmic,decay_uniform_grid_a2_3,136,112,30,1.67378971649014,1.7963329137934005,0.7305502721112015,0.13337962114228077,1.4416613269686902,2.0325424480336314,0.0,3.2709098448256473,0.6434116395953067,0.45936805815385073,0.5352114628941649,34.43333333333333,45.6,492.8057819162806,0.013185205186406772,0.002231282632177075,4.1783747375632325
turbo_lunar_lander_12d,12,ts,logarithmic,decay_uniform_grid_a2_3,137,113,30,1.7080222498324675,1.799346178871374,0.6455796641781714,0.1178661815789981,1.4430011712427693,1.978837571451868,0.0,3.2946428324503705,0.6428736918701818,0.45882039545327535,0.5347410333616927,34.63333333333333,45.96666666666667,497.3975253636638,0.012585916773726542,0.002233324432745576,4.157741165238743
turbo_lunar_lander_12d,12,ts,logarithmic,decay_uniform_grid_a2_3,138,114,30,1.723012179374377,1.757104760636972,0.6286654030094374,0.114778074117115,1.4590523569480816,1.9887320158636983,0.0,3.2817825465800743,0.6422565182339762,0.4582623758148085,0.5340445977966833,34.9,46.233333333333334,502.01045289660493,0.011411578937744101,0.0021339004083226125,4.156512399669737
turbo_lunar_lander_12d,12,ts,logarithmic,decay_uniform_grid_a2_3,139,115,30,1.7192558142915524,1.706139426856648,0.6262624272070016,0.11433935276640396,1.4526229820900547,2.0768668327885114,0.0,3.3294103240473754,0.6389124540700257,0.4549152092787248,0.5304019145511764,35.166666666666664,46.63333333333333,506.5361980966913,0.011060060964276393,0.02940724420671662,4.09226641204829
turbo_lunar_lander_12d,12,ts,logarithmic,decay_uniform_grid_a2_3,14,0,30,2.154786439057285,2.1409700023643303,0.3714147224807916,0.06781074056408357,1.8546720315916845,2.392664409051791,1.3656806381213453,2.779667657065398,0.9966224269695563,0.9727196180071898,0.9893869242909837,0.0,0.0,34.86831631438496,0.0,0.0013111977061877648,2.3075346445819984
turbo_lunar_lander_12d,12,ts,logarithmic,decay_uniform_grid_a2_3,140,116,30,1.6853363167264415,1.736024302881642,0.65217293497063,0.11906994262592129,1.373422031819454,1.910961599975522,0.0,3.3233266128943724,0.6386172225535329,0.4544302078064634,0.5298864160606479,35.333333333333336,47.0,511.2024725591143,0.01302159515519937,0.0021714258007705213,4.110874718132739
turbo_lunar_lander_12d,12,ts,logarithmic,decay_uniform_grid_a2_3,141,117,30,1.7217886448109387,1.6877919160731965,0.5866658983254411,0.10711004874395878,1.4377434990090987,1.927848682371506,0.0,3.252561289985149,0.6381661175653895,0.4538394692163844,0.5292321980640097,35.53333333333333,47.3,515.6726168832121,0.012502859796707828,0.00214131367392838,4.027772707569723
turbo_lunar_lander_12d,12,ts,logarithmic,decay_uniform_grid_a2_3,142,118,30,1.7250793472653825,1.694591889561461,0.5890471080098,0.10754479616338315,1.4559584702598716,1.8992300460344516,0.0,3.2191650410347705,0.6373528544180479,0.453298119445156,0.5286694264822137,35.733333333333334,47.63333333333333,520.3050423083827,0.012224543110157053,0.0021788252983242274,4.038072286794583
turbo_lunar_lander_12d,12,ts,logarithmic,decay_uniform_grid_a2_3,143,119,30,1.8418768098518592,1.826820737999058,0.4709591757162946,0.08598498806795127,1.5329431274154115,2.0246108688477205,1.1527416246510325,3.271432845164206,0.6371735101709431,0.45281463306946806,0.5281606785004446,35.86666666666667,47.9,524.788063102588,0.013488734358300765,0.002206608730678757,3.9592908832710236
turbo_lunar_lander_12d,12,ts,logarithmic,decay_uniform_grid_a2_3,144,120,30,1.787503340503453,1.8259116233828796,0.46840852448579984,0.0855193049961945,1.463242327735073,1.9709238067158346,0.9831097830516402,3.258139375786122,0.6407096761837804,0.45577800054652157,0.5312672753112216,35.93333333333333,48.03333333333333,529.4544762648642,0.01449159262701869,0.0295335143028448,4.075392105414843
turbo_lunar_lander_12d,12,ts,logarithmic,decay_uniform_grid_a2_3,145,121,30,1.778209271294814,1.7579769377329764,0.4802664508823877,0.08768425625374354,1.398151993416314,1.927070572289506,1.141533153294208,3.2442061974425327,0.6405330985554187,0.45528136944365355,0.5307454158525914,36.1,48.13333333333333,533.9698946237098,0.012931400258094073,0.002258921507745981,4.0866231564277165
turbo_lunar_lander_12d,12,ts,logarithmic,decay_uniform_grid_a2_3,146,122,30,1.8047275704334795,1.7716043545459972,0.47821509005088275,0.08730973072007761,1.4736620253468475,1.9688232949191862,1.0826959230375013,3.223973469916424,0.6400992767376987,0.4547480321582496,0.5301697169455792,36.266666666666666,48.4,538.6150857276904,0.012713633462165792,0.002217928133904934,4.115527945524081
turbo_lunar_lander_12d,12,ts,logarithmic,decay_uniform_grid_a2_3,147,123,30,1.7994524444985416,1.7798127743706282,0.47735405455219976,0.08715252786493048,1.4801871819799568,1.9552613171496178,0.9483642454481824,3.2672028558895323,0.6395522973227992,0.4542454891715028,0.5295811714224702,36.333333333333336,48.56666666666667,543.5799501209209,0.014080642287929853,0.002170533314347267,4.270648108888418
turbo_lunar_lander_12d,12,ts,logarithmic,decay_uniform_grid_a2_3,148,124,30,1.7669434310965098,1.7334232047118996,0.5174370511528932,0.09447064833513137,1.4660636902886708,1.929544032413219,0.9358678318043785,3.2986651390896427,0.6392011726001355,0.45365704986135624,0.5288632149659835,36.53333333333333,48.833333333333336,548.3000774038956,0.012445813572655121,0.0022813381471981603,4.210093030023078
turbo_lunar_lander_12d,12,ts,logarithmic,decay_uniform_grid_a2_3,149,125,30,1.7432778049319004,1.6947115520724072,0.5074634047024525,0.09264971795463549,1.432761768389461,1.8967739464648739,0.7782949414480427,3.223867192472981,0.6390054611184143,0.4546923466527358,0.5298357793701248,36.63333333333333,49.13333333333333,552.7534751554175,0.013438819038371245,0.030289359499389927,4.0116716290979335
turbo_lunar_lander_12d,12,ts,logarithmic,decay_uniform_grid_a2_3,15,0,30,2.1347991880220576,2.1185131199386142,0.37296349748131596,0.06809350689884598,1.8408286933968911,2.307423651628433,1.290156542048358,2.78755737563226,0.9963141373461718,0.9712580647761323,0.9886452928854991,0.0,0.0,37.58941158858749,0.0,0.0013342723716050387,2.2988250905958316
turbo_lunar_lander_12d,12,ts,logarithmic,decay_uniform_grid_a2_3,150,126,30,1.7096883942045336,1.7023890734326672,0.5581332369276479,0.10190072131954939,1.4380772580578727,1.9395453091160981,0.34670961993288496,3.2289302015633217,0.6380102933867193,0.45419214684201314,0.5293212762375492,36.8,49.266666666666666,557.1898382897023,0.012877914713074763,0.0021639312772701183,4.011393236430982
turbo_lunar_lander_12d,12,ts,logarithmic,decay_uniform_grid_a2_3,151,127,30,1.7313554986722337,1.680279682847695,0.5694614477066469,0.103968960179493,1.41517112450215,2.016790839749228,0.35157604361850603,3.2507162026662977,0.637205269539599,0.453637173533266,0.5286639174916676,37.03333333333333,49.666666666666664,561.7378274623926,0.012509332317858935,0.002238704388340314,4.0956901142218465
turbo_lunar_lander_12d,12,ts,logarithmic,decay_uniform_grid_a2_3,152,128,30,1.7258680705625173,1.71599750560614,0.5589251617514285,0.10204530634949369,1.3790355806418104,2.027368979099074,0.35540461955860847,3.2526924861097903,0.6366214185505891,0.45311479868302956,0.5280698009760607,37.166666666666664,49.96666666666667,566.3139370063631,0.013299830816686153,0.002217701030895114,4.109222922722498
turbo_lunar_lander_12d,12,ts,logarithmic,decay_uniform_grid_a2_3,153,129,30,1.6490848179391693,1.6352438014683806,0.5792039366807028,0.10574768717193828,1.3691562502760275,2.0001960528613827,0.35831874054875357,3.1730818847485587,0.6364716541006658,0.4526683688189326,0.5276069162086346,37.46666666666667,50.333333333333336,571.0819787305779,0.010975847610582908,0.0024307284814616046,4.172662533229838
turbo_lunar_lander_12d,12,ts,logarithmic,decay_uniform_grid_a2_3,154,130,30,1.6119875457152142,1.6160644813185145,0.6112540681050944,0.1115992138226531,1.2458298308764642,1.8668468130902647,0.15866678246360744,3.306487132154075,0.6366440155111979,0.4529731170561424,0.5279132157445283,37.666666666666664,50.833333333333336,575.4815452670058,0.012299263306582967,0.03311230172403157,3.9983735240995886
turbo_lunar_lander_12d,12,ts,logarithmic,decay_uniform_grid_a2_3,155,131,30,1.561527287609691,1.562591570194435,0.6481411662792858,0.11833384573962384,1.1988026112216061,1.8655043470356247,0.09421289632289431,3.304353457040645,0.6357844700214811,0.45248901988986745,0.5273108496105944,37.8,51.1,580.0073821907863,0.013309411254401009,0.0023324583191424606,4.040018340044965
turbo_lunar_lander_12d,12,ts,logarithmic,decay_uniform_grid_a2_3,156,132,30,1.5676859438578499,1.5095107498366525,0.6359908632272375,0.11611551405224695,1.1821714511740424,1.9393441694631917,0.15816645763861303,3.263806831914556,0.6355199387387972,0.4519792966687431,0.5267990873224444,38.06666666666667,51.3,584.4705705817789,0.011758326071624954,0.002390264704202612,4.0724382904202985
turbo_lunar_lander_12d,12,ts,logarithmic,decay_uniform_grid_a2_3,157,133,30,1.6320009521341148,1.583269209614016,0.6571975796400852,0.11998731303555751,1.3463419950474071,1.943394653666949,0.0,3.3001269809457834,0.6349411691363723,0.45151097906910387,0.5262204054188792,38.266666666666666,51.56666666666667,589.0494011855063,0.012402279768139124,0.002371427215014895,4.049810218811035
turbo_lunar_lander_12d,12,ts,logarithmic,decay_uniform_grid_a2_3,158,134,30,1.6231705057027668,1.663803459207428,0.633292490544261,0.11562286085657295,1.3041261352237001,1.942884982210653,0.0,3.2534185236438633,0.6345662632133108,0.45105726178036154,0.5258062590090338,38.46666666666667,51.9,593.4686975173652,0.01321725631132722,0.0023467204843958217,3.983360963764911
turbo_lunar_lander_12d,12,ts,logarithmic,decay_uniform_grid_a2_3,159,135,30,1.6027539067702938,1.582648352388905,0.6464583473899129,0.11802660645098874,1.257722433776118,1.9604588473526838,0.0,3.329075540069201,0.6334529949279877,0.45015546260357364,0.5247639738003013,38.666666666666664,52.3,597.8679584442948,0.013242532747487228,0.033772768747682376,3.9764168677541116
turbo_lunar_lander_12d,12,ts,logarithmic,decay_uniform_grid_a2_3,16,0,30,2.1075148702959936,2.11749211157533,0.366120683037318,0.0668441856229127,1.881068205428724,2.2893746555309353,1.135735755309334,2.832314316644396,0.9960433785475872,0.9700005941429422,0.9879774141683791,0.0,0.0,40.31695900370057,0.0,0.001360060553997755,2.3713570844382046
turbo_lunar_lander_12d,12,ts,logarithmic,decay_uniform_grid_a2_3,160,136,30,1.6163107975712174,1.584811432165998,0.6334800171116063,0.11565709836692846,1.3296902685737815,1.9223714659954783,0.0,3.3122283208897514,0.6326820568613345,0.44970157970493585,0.5242759638257788,38.733333333333334,52.43333333333333,602.4219986505651,0.015592744449774425,0.002364027515674631,4.0440702400015045
turbo_lunar_lander_12d,12,ts,logarithmic,decay_uniform_grid_a2_3,161,137,30,1.68536329124367,1.6059524760952966,0.5327015112166618,0.09725754470348563,1.3938273708323405,1.9244200943159047,0.572461363226501,3.2593614999872855,0.6316711819056243,0.4491974106508541,0.5237348470901606,38.9,52.666666666666664,606.8889439352322,0.01423220398525397,0.0023546899668872357,4.069830006128177
turbo_lunar_lander_12d,12,ts,logarithmic,decay_uniform_grid_a2_3,162,138,30,1.6666193249155465,1.5523040517249778,0.5601785078081843,0.10227413498537546,1.410342714704493,1.9538526856046268,0.5418614745899197,3.3158797083768947,0.630519951161425,0.4487404815656812,0.5232935863972666,39.06666666666667,52.93333333333333,611.2446652041438,0.013886042187611263,0.002279770482952396,3.91148382917357
turbo_lunar_lander_12d,12,ts,logarithmic,decay_uniform_grid_a2_3,163,139,30,1.6270310890262096,1.6310261623086102,0.6339472894718479,0.1157424102376628,1.3070236725005975,1.8735458818270807,0.0,3.3519556317748345,0.6302134425342397,0.44828161607189326,0.5227148905588578,39.266666666666666,53.3,615.5565191466827,0.013095754322906335,0.002285738568753004,3.9035979272952925
turbo_lunar_lander_12d,12,ts,logarithmic,decay_uniform_grid_a2_3,164,140,30,1.6549002720711075,1.6094389805437097,0.5584451668825423,0.10195767167710179,1.3423301511129646,1.7791099599406544,0.38196257498766806,3.3078738879571654,0.6288975766401835,0.4470416967991326,0.5213833906652572,39.36666666666667,53.53333333333333,620.307740022863,0.014943731560682258,0.03466752297244966,4.090048774812991
turbo_lunar_lander_12d,12,ts,logarithmic,decay_uniform_grid_a2_3,165,141,30,1.6850194662863516,1.6421619195667732,0.5560304191822893,0.10151680108173103,1.348210212492221,1.9357361285991412,0.45506172379204557,3.3411047191618755,0.6287963333404541,0.44662139827397,0.5209722305592471,39.53333333333333,53.8,625.1286341777692,0.014151763853927453,0.0024961707647889854,4.18993370567138
turbo_lunar_lander_12d,12,ts,logarithmic,decay_uniform_grid_a2_3,166,142,30,1.6853812008135465,1.6865970373958856,0.5565536131410347,0.10161232279278277,1.3210380002908015,1.8979733001428853,0.38735153155686697,3.311096860035014,0.6275376612599871,0.4461729360807848,0.5204201287114799,39.8,54.233333333333334,630.1054183582465,0.012830024538561701,0.0024481404883166156,4.344620271632448
turbo_lunar_lander_12d,12,ts,logarithmic,decay_uniform_grid_a2_3,167,143,30,1.6962611172998654,1.6870856824589537,0.5689174101760283,0.1038696329702766,1.4285046984365712,1.9482412395880662,0.4412733606700041,3.3216779579134497,0.6270740568485882,0.4457141709869125,0.5198305332222088,39.93333333333333,54.5,634.9776382284549,0.015353946605076392,0.0025443695640812317,4.363720654432352
turbo_lunar_lander_12d,12,ts,logarithmic,decay_uniform_grid_a2_3,168,144,30,1.6827723022620402,1.6401919828846205,0.5661977758482329,0.1033730979471103,1.3445509908680204,1.9926465346617226,0.38666755545729137,3.2873257023231295,0.6266766580489326,0.44523036712918646,0.5193707666080486,40.13333333333333,54.766666666666666,639.639700117878,0.013702910160645843,0.0023969624812404315,4.228780018041531
turbo_lunar_lander_12d,12,ts,logarithmic,decay_uniform_grid_a2_3,169,145,30,1.681890548567881,1.688854601266121,0.5732264934503053,0.10465636034077319,1.3255332150379884,1.9160315095701574,0.45392096976455343,3.4263791523555858,0.6290566365163668,0.44708181004606357,0.5214230008784452,40.4,55.1,644.2716978816471,0.012470056271801392,0.03636878930653135,4.206783962560197
turbo_lunar_lander_12d,12,ts,logarithmic,decay_uniform_grid_a2_3,17,0,30,2.099757838105531,2.110022740220339,0.3828710086523443,0.0699023626845482,1.873366464527005,2.3150564028909124,1.0023537683350885,2.8299922076114465,0.9959122692309682,0.9688942266809756,0.9873643256895525,0.0,0.0,42.91450929239703,0.0,0.001323454345886906,2.245189331891015
turbo_lunar_lander_12d,12,ts,logarithmic,decay_uniform_grid_a2_3,170,146,30,1.6490751695522408,1.6948942777838694,0.6433392806233788,0.11745714537552358,1.2906474446338136,1.9289290493392313,0.0,3.4323461847786483,0.628428392344389,0.44664328035395273,0.5210181168588077,40.7,55.53333333333333,649.0601783057986,0.012481595079104105,0.002521657757461071,4.366913456811259
turbo_lunar_lander_12d,12,ts,logarithmic,decay_uniform_grid_a2_3,171,147,30,1.6770078942586144,1.6732272752177133,0.5709208837948185,0.10423541553506925,1.2993316136815756,1.9523473252908976,0.4635608454558633,3.416451105591162,0.6276366772463084,0.44616112020651005,0.5204723310770756,40.86666666666667,56.0,653.9447073595288,0.01409869221970439,0.002675116341561079,4.4410202285430085
turbo_lunar_lander_12d,12,ts,logarithmic,decay_uniform_grid_a2_3,172,148,30,1.6345967109782324,1.6489067456479973,0.5685785260328825,0.10380776147374936,1.2892004069076617,1.8521572282146745,0.4089318559724302,3.429699873851951,0.6274810138613153,0.4457406751609724,0.5201196821693567,41.0,56.233333333333334,659.0061657545467,0.014651599355662863,0.002632690407335758,4.460602823846663
turbo_lunar_lander_12d,12,ts,logarithmic,decay_uniform_grid_a2_3,173,149,30,1.67009051177696,1.6252168771523685,0.5304313562243921,0.09684307300405261,1.4370365919270114,1.931235656566268,0.5263328289399316,3.3967324093628255,0.6272503821103972,0.445330910683433,0.5195608141695497,41.06666666666667,56.43333333333333,663.7254442480082,0.0154081329703331,0.00249116577518483,4.284667894166584
turbo_lunar_lander_12d,12,ts,logarithmic,decay_uniform_grid_a2_3,174,150,30,1.697727599108934,1.6691433753320757,0.49395025297305195,0.09018256527957459,1.3499470293340354,1.93731671744934,0.8597436288494686,3.2200595773168605,0.6270862441489076,0.4451273057626376,0.5193736625750104,41.3,56.733333333333334,668.5506916375831,0.012885274458676576,0.03893140743797024,4.297025378529603
turbo_lunar_lander_12d,12,ts,logarithmic,decay_uniform_grid_a2_3,175,151,30,1.7028118381125241,1.7230504828567783,0.5015085951423737,0.09156252344740128,1.426430248409049,1.935544828788614,0.8768721980887004,3.237181585780524,0.6266041873176149,0.4446990514334698,0.5188572444503708,41.53333333333333,57.06666666666667,673.4636245236421,0.012598505429923534,0.002550373909374078,4.467380996684854
turbo_lunar_lander_12d,12,ts,logarithmic,decay_uniform_grid_a2_3,176,152,30,1.7298428100759786,1.8032121079468362,0.48505538348684774,0.08855859172502178,1.38911353114226,1.9313098104457462,0.9109523992293724,3.228720514084867,0.6261220789430574,0.4442496482047733,0.5182727716346128,41.766666666666666,57.333333333333336,678.6058315287344,0.01384195643477142,0.002651608719800909,4.652637254353612
turbo_lunar_lander_12d,12,ts,logarithmic,decay_uniform_grid_a2_3,177,153,30,1.6962452187863797,1.7226927425936358,0.5161563438757026,0.09423682424670528,1.4429503110001725,1.9701850995685946,0.8464944696110341,3.30539661006397,0.6257234396717652,0.44383205939449766,0.5178700852972008,41.9,57.63333333333333,683.5348402858557,0.0146901143870006,0.002580660550544659,4.419845434681823
turbo_lunar_lander_12d,12,ts,logarithmic,decay_uniform_grid_a2_3,178,154,30,1.695748187779127,1.6424484021980854,0.48102887083888984,0.08782345445656632,1.3956126405525517,1.8876159189408381,1.041215960931566,3.2980236357079464,0.6255306853122533,0.44346788944915505,0.5173608948419606,42.1,57.96666666666667,688.8134721010923,0.013795393441493312,0.002654920533920328,4.581108123622835
turbo_lunar_lander_12d,12,ts,logarithmic,decay_uniform_grid_a2_3,179,155,30,1.7668551958919338,1.6884096863081068,0.5503098610918533,0.10047237484584753,1.43003242683025,1.9724300168711697,0.9377175138638689,3.4699294194941688,0.6275062638619239,0.4451788277774163,0.5191986331169937,42.36666666666667,58.233333333333334,693.8443524704314,0.012761191216607888,0.0450221089956661,4.510829544486478
turbo_lunar_lander_12d,12,ts,logarithmic,decay_uniform_grid_a2_3,18,0,30,2.0920062495202365,2.111017479782991,0.33864160291830364,0.0618272149426874,1.8708896179771348,2.3034307913698533,1.2088720059724667,2.759462209735169,0.9957094485013225,0.9675855483758339,0.9866311169886459,0.0,0.0,45.54595552224976,0.0,0.0013645235759516558,2.2415623538040865
turbo_lunar_lander_12d,12,ts,logarithmic,decay_uniform_grid_a2_3,180,156,30,1.7733056473934725,1.6967739219442253,0.5626252308465491,0.10272084345206879,1.4189443036744724,1.9104742810916342,0.9647590642111918,3.5575959063734235,0.6271728061505024,0.444821380837532,0.5187989006043586,42.53333333333333,58.46666666666667,699.1883013171143,0.014584510292237004,0.0027719877505054074,4.690284627893319
turbo_lunar_lander_12d,12,ts,logarithmic,decay_uniform_grid_a2_3,181,157,30,1.8073586040154204,1.7154119723257168,0.5546799865166996,0.10127024693728591,1.4811459729404843,1.9850006471371309,1.0963953486075309,3.5832077901394133,0.6265760090663713,0.4444125543042334,0.5183722443259496,42.63333333333333,58.6,704.4340095629916,0.015514350558320681,0.002814157633110881,4.662882206231976
turbo_lunar_lander_12d,12,ts,logarithmic,decay_uniform_grid_a2_3,182,158,30,1.8164813619441877,1.6606582524948026,0.555743792682379,0.10146447048187114,1.4211770421077288,2.1541350407821436,1.0833665320385735,3.5793940785075637,0.6263713375576191,0.4440125153694042,0.5177796950661944,42.733333333333334,58.8,709.4653170232972,0.015070299354071419,0.0027380938331286113,4.528047492277498
turbo_lunar_lander_12d,12,ts,logarithmic,decay_uniform_grid_a2_3,183,159,30,1.8127174167988243,1.6159808199819183,0.5609943321879296,0.10242308345729184,1.4473888980428873,1.9762184199682336,1.1360552287988646,3.4924210034932495,0.6260945999238974,0.44356785923160785,0.517313326798291,42.93333333333333,59.03333333333333,714.5578216737912,0.013843814237043261,0.0027728198561817407,4.652935152888919
turbo_lunar_lander_12d,12,ts,logarithmic,decay_uniform_grid_a2_3,184,160,30,1.804768217461133,1.7022685366478247,0.5908149708923635,0.1078675622898352,1.414158448086552,2.097998799378036,0.9812546392567438,3.4690899811790805,0.6271144105716613,0.4444596034116755,0.5181877235814644,43.1,59.333333333333336,719.6847286812961,0.01433194954879582,0.04444724847562611,4.517108303696538
turbo_lunar_lander_12d,12,ts,logarithmic,decay_uniform_grid_a2_3,185,161,30,1.7684837859538727,1.6470540333401562,0.4942506420512083,0.09023740857095273,1.4218458550707922,2.0397115174595912,1.0106242382465624,2.9801484284605415,0.6268143898242792,0.44412951748274865,0.5178426394333442,43.2,59.53333333333333,724.9303959340167,0.0156568907511731,0.0028815804980695248,4.680898627530163
turbo_lunar_lander_12d,12,ts,logarithmic,decay_uniform_grid_a2_3,186,162,30,1.7923519998856072,1.7074725895053025,0.4804081521205382,0.0877101272419307,1.480549796813905,1.9845771055590289,1.060384238733092,3.0385854038792663,0.6266163143999456,0.4436989925304248,0.5174401273054475,43.266666666666666,59.7,729.9949262068762,0.016151009143019715,0.0028838259944071374,4.575403124094009
turbo_lunar_lander_12d,12,ts,logarithmic,decay_uniform_grid_a2_3,187,163,30,1.7869782614862004,1.7645736280512825,0.47542896202513485,0.08680105566414445,1.4555783554175252,2.028967482086393,1.0590195107964466,3.0660115566000976,0.6264509337357154,0.4433137265002948,0.5170120226944372,43.36666666666667,59.86666666666667,735.2681113407947,0.015523136888320247,0.002834023597339789,4.646653488542264
turbo_lunar_lander_12d,12,ts,logarithmic,decay_uniform_grid_a2_3,188,164,30,1.7401527707028501,1.6270891448466638,0.4862454446124729,0.08877586616612675,1.3948056959122423,1.9765677228321579,1.1481632735907947,3.084229277134114,0.6261580270911378,0.44295022445437093,0.5165957626041252,43.56666666666667,60.1,740.2595051948913,0.013676079859336217,0.0028928700058410564,4.553601151860009
turbo_lunar_lander_12d,12,ts,logarithmic,decay_uniform_grid_a2_3,189,165,30,1.7449228398236312,1.628367855960656,0.48022236386935,0.08767620710323229,1.4191425984333326,1.9917820654662115,1.0479511745109054,3.0258838643290114,0.6276495921934404,0.44409517436094903,0.5179667793983168,43.63333333333333,60.36666666666667,745.3721288256658,0.01614999775774777,0.0492241590594252,4.566525508991132
turbo_lunar_lander_12d,12,ts,logarithmic,decay_uniform_grid_a2_3,19,0,30,2.0804840658667922,2.12933069587867,0.3391846870726449,0.061926368090006165,1.870570543226884,2.277441225842643,1.1501422677106037,2.7184779824824505,0.9955179886383606,0.9663557325210144,0.9860669594507968,0.0,0.0,48.15084146307781,0.0,0.001302264661838611,2.24867963079984
turbo_lunar_lander_12d,12,ts,logarithmic,decay_uniform_grid_a2_3,190,166,30,1.7304777695285625,1.6160871453146937,0.47654065612225094,0.08700402230882306,1.3584345168728753,1.9666529123248844,0.9856186265334665,3.0095503526778637,0.6273760012245436,0.44372452773539994,0.5176890614701655,43.7,60.5,750.419620527591,0.01610140927756826,0.002813032269477844,4.578709495688478
turbo_lunar_lander_12d,12,ts,logarithmic,decay_uniform_grid_a2_3,191,167,30,1.6967051253726892,1.5721957868444645,0.5188229922668495,0.09472368540562727,1.3858005045365545,1.984904339258824,0.851013526789629,2.9394729648172992,0.6271552902362608,0.4433731787430534,0.5173317248235354,43.86666666666667,60.733333333333334,755.7964622676373,0.01438564721805354,0.002970762364566326,4.891031117876992
turbo_lunar_lander_12d,12,ts,logarithmic,decay_uniform_grid_a2_3,192,168,30,1.6967383472594966,1.6101647437562243,0.49725389856966895,0.09078572568466452,1.3882357522738218,1.9994861731443756,0.8731091868290222,2.915637101365842,0.6270001718444684,0.4429942589245,0.5168856575602345,44.13333333333333,61.03333333333333,760.9878779868595,0.012831183848902583,0.0029887371386090916,4.604216191591695
turbo_lunar_lander_12d,12,ts,logarithmic,decay_uniform_grid_a2_3,193,169,30,1.721065485951269,1.608838963414081,0.4841530099966717,0.08839384161973377,1.3847331357063584,1.9870526190271371,1.084781528941392,3.0135477178737093,0.6266372277112406,0.4425984071838599,0.5164905239825841,44.36666666666667,61.46666666666667,766.0754575909581,0.013577498743931453,0.002912041327605645,4.621446808753535
turbo_lunar_lander_12d,12,ts,logarithmic,decay_uniform_grid_a2_3,194,170,30,1.682077159825031,1.6196139095176638,0.4573508659787429,0.08350046199702651,1.3553717816776036,1.879869464733482,1.0902198243190742,2.802636533053504,0.6255644802363421,0.44154283540037736,0.515365967046825,44.56666666666667,61.833333333333336,771.1224610480015,0.013863512702907125,0.04994585808987419,4.498439515925323
turbo_lunar_lander_12d,12,ts,logarithmic,decay_uniform_grid_a2_3,195,171,30,1.7106225079142967,1.6922402673734185,0.46994915174953417,0.08580058376454609,1.3914377767382082,1.9213470914419295,0.9090594138834442,2.8099589905987647,0.6254757187849062,0.4411533939765934,0.5148887860450693,44.7,62.1,776.1530144267871,0.015418886750315627,0.0028544319483141106,4.598362574788431
turbo_lunar_lander_12d,12,ts,logarithmic,decay_uniform_grid_a2_3,196,172,30,1.7297429482026723,1.6336965223869688,0.49366148993440234,0.09012984460289389,1.407688453216823,1.9697902998983323,0.8728654959686459,2.8352360283322815,0.6252281556470903,0.44078671849786377,0.5144212141320527,44.86666666666667,62.4,780.9934788422659,0.01438324418850243,0.002849574837212761,4.370321772961566
turbo_lunar_lander_12d,12,ts,logarithmic,decay_uniform_grid_a2_3,197,173,30,1.723051828824532,1.6761417848080753,0.4867994345415158,0.08887701042638257,1.3213181118012869,1.9568164751924195,0.9765933029010907,2.8415054623572042,0.6245712976613841,0.44041764629137603,0.51406126560304,45.0,62.7,785.712963369349,0.014646717781821887,0.00277246901144584,4.303501678289225
turbo_lunar_lander_12d,12,ts,logarithmic,decay_uniform_grid_a2_3,198,174,30,1.7435344578048988,1.690484817569687,0.4807289058175503,0.08776868858701625,1.412402361003155,1.9171611581446864,0.8034354124536027,2.9145001284443506,0.6241500662534288,0.44010433081837824,0.5137645591945245,45.13333333333333,62.96666666666667,790.7784810165409,0.015459101600572466,0.0029014060584207375,4.3968742431762315
turbo_lunar_lander_12d,12,ts,logarithmic,decay_uniform_grid_a2_3,199,175,30,1.738193851787542,1.6741877062068617,0.4559050097525159,0.08323648597368857,1.4082650205487401,1.9524595080423364,0.9768088154196142,2.7466650536244788,0.6239761266187521,0.43985081462181175,0.5135187305481569,45.266666666666666,63.166666666666664,795.8805558374152,0.014393929314489165,0.05640081587868432,4.576319401990622
turbo_lunar_lander_12d,12,ts,logarithmic,decay_uniform_grid_a2_3,2,0,30,2.885570233135184,2.8293080899717786,0.4982639284972421,0.09097013107636022,2.517399148613383,3.238257766184881,1.8437588878566724,3.9886089859838023,0.9996801932678034,0.9944561142072189,0.9987245304408059,0.0,0.0,3.150905002343158,0.0,0.0013572553327927987,1.8973820141050965
turbo_lunar_lander_12d,12,ts,logarithmic,decay_uniform_grid_a2_3,20,0,30,2.061611883645981,2.104385787790042,0.34075255035328955,0.06221261945197055,1.8126988241714181,2.2639419317645997,1.110178421976981,2.7188176888560056,0.9951943940238099,0.9650347806448117,0.9853139315771867,0.0,0.0,50.84498882459787,0.0,0.0013542630864928167,2.2970576760203887
turbo_lunar_lander_12d,12,ts,logarithmic,decay_uniform_grid_a2_3,200,176,30,1.7285152983622691,1.6284538330273235,0.4437295230016202,0.08101355639299829,1.38615118646563,1.9497427396224913,1.1692061131161777,2.839853508759356,0.6231829505616286,0.4395051856934454,0.5130041157590897,45.4,63.43333333333333,801.0752223778516,0.01548638534732163,0.0030483377321312826,4.706312690520038
turbo_lunar_lander_12d,12,ts,logarithmic,decay_uniform_grid_a2_3,201,177,30,1.7462050178944806,1.5995306805891452,0.5202030474589738,0.09497564785873681,1.4491458602423082,1.9760362002987688,0.9053114462881207,2.916960090971874,0.6225885663712017,0.439172187736366,0.5127229922121663,45.56666666666667,63.666666666666664,806.138809859675,0.014573220054929455,0.0030219147137055796,4.627057265940433
turbo_lunar_lander_12d,12,ts,logarithmic,decay_uniform_grid_a2_3,202,178,30,1.747594087081505,1.7198057183271291,0.4978357606045811,0.09089195867195693,1.360681639992066,2.0172929395949164,1.0392746411684137,2.7615471620820236,0.622523946839019,0.438813796531307,0.5123600236010718,45.63333333333333,63.833333333333336,811.2330442484158,0.016450158258279165,0.0031191186513751744,4.57577690461961
turbo_lunar_lander_12d,12,ts,logarithmic,decay_uniform_grid_a2_3,203,179,30,1.7490594705083504,1.691002979348096,0.4576526407009752,0.08355555827124367,1.4508781022015398,2.023523165774284,1.052279517902553,2.7375689714883658,0.6223636520718817,0.4384255088711551,0.5120349681247605,45.8,64.0,816.2650287757473,0.014765550894662739,0.0030362569882224004,4.585674292578672
turbo_lunar_lander_12d,12,ts,logarithmic,decay_uniform_grid_a2_3,204,180,30,1.7554293510787526,1.6391545072570137,0.48141636173916613,0.08789420029220275,1.4941099588492426,2.1255463897022833,0.9870032236513828,2.7997069858658232,0.6221957813588338,0.43826301359359693,0.5119726371211555,46.03333333333333,64.4,821.4439029720767,0.012886689960335691,0.055745649989694356,4.582358943189805
turbo_lunar_lander_12d,12,ts,logarithmic,decay_uniform_grid_a2_3,205,181,30,1.718005031984389,1.6423013853579902,0.4566975338199704,0.08338118041005876,1.4201024063556584,1.9432817199532355,1.0002571291905806,2.697227058426874,0.6219771446277905,0.4379084712913926,0.5115476771708137,46.166666666666664,64.7,826.4417320274592,0.015172867104411125,0.0030634332913905384,4.480657294051101
turbo_lunar_lander_12d,12,ts,logarithmic,decay_uniform_grid_a2_3,206,182,30,1.6923479627848905,1.6062711999614123,0.4596812108983116,0.08392592282343161,1.2960657966567188,1.9374327831642868,0.9909001513442417,2.6465398673180713,0.6218047142829498,0.43760258739299396,0.5111846480220079,46.3,64.9,831.5489526252418,0.014587286037082474,0.003063824928055207,4.6052798257830245
turbo_lunar_lander_12d,12,ts,logarithmic,decay_uniform_grid_a2_3,207,183,30,1.7429327738435014,1.6375473871312713,0.43719790022770094,0.07982105068286827,1.4825203008367998,1.9484857103712137,0.976349194042174,2.7800630403772177,0.6214948997130015,0.4372651923962684,0.5108401569100748,46.53333333333333,65.2,836.606555225576,0.013176485585669676,0.002943779667839408,4.550701520824805
turbo_lunar_lander_12d,12,ts,logarithmic,decay_uniform_grid_a2_3,208,184,30,1.6961982785434062,1.6307681335009647,0.45209522919080586,0.08254091838942414,1.433180588599539,1.962680783049035,0.9697599000886992,2.7735469725998447,0.6213039904698594,0.436918532595628,0.510502168880792,46.63333333333333,65.53333333333333,841.7395707376767,0.01565972443980475,0.0030814103006074826,4.490046952711419
turbo_lunar_lander_12d,12,ts,logarithmic,decay_uniform_grid_a2_3,209,185,30,1.7064482013444755,1.660308696519878,0.45918856549097353,0.0838359784892815,1.423153947052356,1.9349268982496386,0.922149054439843,2.752907002561866,0.6204451112913288,0.4363330488654281,0.5099293033123968,46.8,65.73333333333333,846.7701502562501,0.014205321623012423,0.05913080838508904,4.459731733147055
turbo_lunar_lander_12d,12,ts,logarithmic,decay_uniform_grid_a2_3,21,0,30,2.0103557832540613,2.1196253294823966,0.45621493106484673,0.0832930696049603,1.8201512959423876,2.2685593450080273,0.35543964366029956,2.6623164610743437,0.9950198861468054,0.9639788771103057,0.9847182647098223,0.0,0.0,53.60741877613279,0.0,0.0013032937267174324,2.3560936396786323
turbo_lunar_lander_12d,12,ts,logarithmic,decay_uniform_grid_a2_3,210,186,30,1.6739098754766364,1.664452431990137,0.46092770206095485,0.08415349993260181,1.2845820342546965,1.9668773398428088,1.0731637362108457,2.75373317739816,0.6195980068818768,0.43596955908788443,0.5094998353804335,46.96666666666667,65.93333333333334,851.6910437837244,0.014168585961063703,0.0029505604257186254,4.382984637562186
turbo_lunar_lander_12d,12,ts,logarithmic,decay_uniform_grid_a2_3,211,187,30,1.6824778289105013,1.6227011501213664,0.4838162245756711,0.08833235329569346,1.3025245945934207,1.980294931205362,0.9520158148647782,2.7780092541266663,0.6186345752012965,0.4356097060135575,0.5090110418777397,47.2,66.26666666666667,856.5692906001583,0.012692830214897791,0.003011883950481812,4.4511943373363465
turbo_lunar_lander_12d,12,ts,logarithmic,decay_uniform_grid_a2_3,212,188,30,1.7292764327461714,1.6695236335953856,0.4633955220772393,0.08460406016286239,1.3946114504114577,2.0143819722495913,0.7740217951265462,2.7553249309038454,0.6174567268912876,0.43522652371349696,0.5085302419678788,47.36666666666667,66.6,861.6132295054693,0.014131715583304564,0.0030471780182172855,4.57241937322542
turbo_lunar_lander_12d,12,ts,logarithmic,decay_uniform_grid_a2_3,213,189,30,1.7173659921254063,1.6637847764468168,0.46698908174486564,0.08526015139342896,1.4378657706555509,1.941441994589065,0.8652964203936933,2.7310128289946842,0.6172933753186888,0.43490084338948853,0.5081980903130524,47.43333333333333,66.83333333333333,866.7738817028236,0.016161913750693202,0.003134599917878707,4.62186464726304
turbo_lunar_lander_12d,12,ts,logarithmic,decay_uniform_grid_a2_3,214,190,30,1.7000319269614337,1.6794741756269809,0.44278154953077853,0.08084048090836614,1.3564958365795814,1.9846229921382963,0.946266688958399,2.752647829276332,0.6201110182754123,0.4372878971652833,0.5106867478576033,47.56666666666667,67.03333333333333,872.0470833500847,0.015057043886433046,0.060242523749669395,4.663137252178664
turbo_lunar_lander_12d,12,ts,logarithmic,decay_uniform_grid_a2_3,215,191,30,1.6899706128482086,1.6459863387091593,0.4233479103207377,0.07729240005178072,1.454311502777129,1.8463180884092376,1.0171135715275992,2.729641871703845,0.6200033355557036,0.4369706241012803,0.5103568569514997,47.666666666666664,67.26666666666667,877.3327796484499,0.01519442453670005,0.0029847584664821625,4.600169720640406
turbo_lunar_lander_12d,12,ts,logarithmic,decay_uniform_grid_a2_3,216,192,30,1.7068487839315043,1.719388053038056,0.45509169099634655,0.08308799496395657,1.3659134851182309,1.8794956595534889,0.9063531907888736,2.7109867200387296,0.6198773328717986,0.43664944085677565,0.509955861001547,47.8,67.5,882.5560986905049,0.015183073794469237,0.0031639688027401765,4.712100684115042
turbo_lunar_lander_12d,12,ts,logarithmic,decay_uniform_grid_a2_3,217,193,30,1.7214027697044911,1.6888707682297666,0.44746410336900605,0.08169539436300934,1.3789214326862542,2.016706544929656,0.9561766111044263,2.7346557112893626,0.6194606647180941,0.4362998366496652,0.5095603615989651,47.93333333333333,67.76666666666667,887.6762783564783,0.015067757293581962,0.0031967539029816787,4.6397838426909095
turbo_lunar_lander_12d,12,ts,logarithmic,decay_uniform_grid_a2_3,218,194,30,1.670331434420097,1.6352253452814907,0.45537110439480544,0.08313900863769161,1.4311088499643747,1.903401809404581,0.9408023477642273,2.789908967045167,0.6190855992301425,0.43597684875030035,0.5091965426561161,48.1,68.06666666666666,892.8371253920564,0.014515493422125776,0.0030406621750444173,4.621488889989753
turbo_lunar_lander_12d,12,ts,logarithmic,decay_uniform_grid_a2_3,219,195,30,1.7027574127512237,1.5474731862099196,0.4499582341826717,0.08215075826568047,1.382863615012066,1.9577674250303319,1.1453563057343725,2.734536114209668,0.6189363933061641,0.435746301986496,0.5088368258767203,48.2,68.33333333333333,898.0587978623652,0.015169010249276955,0.060827184546117984,4.639405158394948
turbo_lunar_lander_12d,12,ts,logarithmic,decay_uniform_grid_a2_3,22,0,30,2.018812395918843,2.0954128147140247,0.4247300673108744,0.07754474623895116,1.8243497978773924,2.256515884138674,0.4386501698383287,2.6667800721842894,0.9947753131421503,0.9627320698773395,0.9839994741725716,0.0,0.0,56.33585586006132,0.0,0.0013002675492316484,2.3691901543488103
turbo_lunar_lander_12d,12,ts,logarithmic,decay_uniform_grid_a2_3,220,196,30,1.6791414682561914,1.620083003175024,0.48278860126204437,0.08814473580586293,1.39811154583319,1.8888154985892183,0.9102214218813456,2.748904874239139,0.6184732643097937,0.43540348040750215,0.5084994538254805,48.333333333333336,68.56666666666666,903.5105512082422,0.015282180765643716,0.0033250448604424795,4.8234828715057425
turbo_lunar_lander_12d,12,ts,logarithmic,decay_uniform_grid_a2_3,221,197,30,1.6849144593118799,1.6705139442421972,0.45474017361907765,0.08302381696499482,1.3873126360664902,1.9118231603693214,1.0115522761071336,2.739860067921791,0.6182972855902144,0.43512019394254836,0.5082105804836203,48.43333333333333,68.8,908.97777081565,0.015165525286768873,0.0033306307004143795,4.764925409248098
turbo_lunar_lander_12d,12,ts,logarithmic,decay_uniform_grid_a2_3,222,198,30,1.6681410664635288,1.6423516885018108,0.48700227284003367,0.08891404346359065,1.3529144738845769,1.895380787708611,0.8359227444047372,2.7691720148407675,0.6177093579775782,0.43480227682878714,0.5079063683953031,48.56666666666667,68.96666666666667,914.2544185748013,0.01516087477405866,0.0032150158503403267,4.8053650370799
turbo_lunar_lander_12d,12,ts,logarithmic,decay_uniform_grid_a2_3,223,199,30,1.6820614657361566,1.6569602452236474,0.4893543605313535,0.08934347395884602,1.3468041212023725,1.9541179544461404,0.8116442969513078,2.742649894369343,0.6175835828807782,0.4345084496971279,0.5076362461601971,48.666666666666664,69.2,919.7941838552865,0.01618962309633692,0.003329573152586818,4.939033400313929
turbo_lunar_lander_12d,12,ts,logarithmic,decay_uniform_grid_a2_3,224,200,30,1.6754579188569265,1.69188647944505,0.41160930688476716,0.07514923408661782,1.3435087179464797,1.8653838440513721,0.9529089942488722,2.6594567716005417,0.6182695807410877,0.4354594818929283,0.508676194855062,48.833333333333336,69.4,925.2839802359387,0.015052506079276403,0.065443801584964,4.9725811641352875
turbo_lunar_lander_12d,12,ts,logarithmic,decay_uniform_grid_a2_3,225,201,30,1.6356636447231796,1.6116092444428878,0.49793133935169587,0.09090940888389454,1.3450958021941006,1.8958769567528797,0.0,2.642943882925416,0.6182374924930788,0.43518571595823385,0.5083583740518947,48.86666666666667,69.6,930.9923236266244,0.017275203143556912,0.0033973904481778543,5.001793261974429
turbo_lunar_lander_12d,12,ts,logarithmic,decay_uniform_grid_a2_3,226,202,30,1.677215868299924,1.5964688370740276,0.44408904026878926,0.08107919496534531,1.4090044891128055,1.9227004238311372,0.8480787853974374,2.678616915377268,0.6169613040010168,0.4348571281404508,0.5079405966734482,48.96666666666667,69.73333333333333,936.3824124481374,0.015972981803740065,0.003372899799918135,4.866804067216193
turbo_lunar_lander_12d,12,ts,logarithmic,decay_uniform_grid_a2_3,227,203,30,1.637111992439675,1.5434624515831932,0.46790620371789576,0.08542759419096638,1.3021322962157724,1.923782182699696,0.864964977530051,2.669684022376229,0.6168341945743425,0.43450827253353524,0.507600414084952,49.1,69.9,941.7762115267882,0.01514045768417418,0.00332849247691532,4.948284342791885
turbo_lunar_lander_12d,12,ts,logarithmic,decay_uniform_grid_a2_3,228,204,30,1.6343502721409513,1.5954582281108927,0.46483964915738,0.08486772048876144,1.3299755977844578,1.9076195299849354,0.6279284716038944,2.6632423210707614,0.6161687380022073,0.43420509551326136,0.5072633483797307,49.2,70.06666666666666,947.2036949972467,0.015918728398780026,0.003332893069212635,4.970650390178586
turbo_lunar_lander_12d,12,ts,logarithmic,decay_uniform_grid_a2_3,229,205,30,1.6053434437549796,1.567527418715433,0.5186428178992326,0.09469079021715128,1.3364929541328499,1.9417136331034168,0.0,2.6500905008024223,0.6186497978584632,0.43622962089825407,0.5095084337203044,49.6,70.36666666666666,952.5916453324103,0.010876400691146652,0.06953476799341539,4.89130450488689
turbo_lunar_lander_12d,12,ts,logarithmic,decay_uniform_grid_a2_3,23,0,30,2.029291854648789,2.0924241953842992,0.4307785176434424,0.07864903713398352,1.8221556810613653,2.2998905622316252,0.4639975490151611,2.646881173905956,0.994474263862337,0.9616650611612246,0.9833508850634076,0.0,0.0,59.06746754117,0.0,0.0013721832229445377,2.3436623229955633
turbo_lunar_lander_12d,12,ts,logarithmic,decay_uniform_grid_a2_3,230,206,30,1.5983376374654794,1.6028171571827374,0.5448663923035844,0.0994785379637108,1.2267779964883565,1.8824788280312121,0.0,2.7400687931699066,0.618019532522396,0.4359006520039936,0.5091874180481575,49.766666666666666,70.66666666666667,957.8313223308728,0.014694980019703508,0.0033526754161963862,4.792181550400953
turbo_lunar_lander_12d,12,ts,logarithmic,decay_uniform_grid_a2_3,231,207,30,1.6804685486653808,1.5682173418714838,0.4630378685124752,0.08453876185446457,1.3879457729154967,1.9605182599824256,0.5690018688086953,2.7378731729646315,0.6177526224172124,0.43557754808425303,0.5087572077265446,49.96666666666667,71.03333333333333,963.2580563421517,0.014381015952676535,0.003388371877372265,4.786856326538449
turbo_lunar_lander_12d,12,ts,logarithmic,decay_uniform_grid_a2_3,232,208,30,1.672121900178633,1.6368811287776466,0.47002871718913236,0.08581511035990133,1.3183536801205746,1.942583547625874,0.9219703126646945,2.714757497290953,0.61749982873826,0.4352841952421998,0.5083610322971204,50.13333333333333,71.33333333333333,968.5371707933955,0.014711781792963544,0.0034039021314432225,4.88414947486793
turbo_lunar_lander_12d,12,ts,logarithmic,decay_uniform_grid_a2_3,233,209,30,1.6526994183668793,1.5923613941856503,0.49161019786326277,0.08975533162309568,1.3411747962885756,2.0131467781527457,0.5956947388035658,2.7285696622157243,0.6173427128512292,0.4349665001426755,0.5080147301820535,50.266666666666666,71.63333333333334,973.9559500023722,0.015376191399991513,0.0035810597085704408,4.9593422358700385
turbo_lunar_lander_12d,12,ts,logarithmic,decay_uniform_grid_a2_3,234,210,30,1.6434824285829017,1.6641819955661754,0.45260550634344227,0.08263408182511696,1.325092093095622,1.9051604960545505,0.7531788721458426,2.7227774031847174,0.6188883320990666,0.4363128566419372,0.5094304603479799,50.4,71.9,979.3466838504188,0.015515732159838081,0.0677535794985791,4.857333361435061
turbo_lunar_lander_12d,12,ts,logarithmic,decay_uniform_grid_a2_3,235,211,30,1.6574628967059444,1.5514669259645626,0.417874245554531,0.0762930501635565,1.3344886386213395,1.9411108737039615,0.9496612099128281,2.692608678636627,0.6186536265045811,0.4360047043231484,0.5090407706879202,50.53333333333333,72.16666666666667,984.6758118504503,0.015259981450314323,0.0032978654528657597,4.8991669519649195
turbo_lunar_lander_12d,12,ts,logarithmic,decay_uniform_grid_a2_3,236,212,30,1.6286028458853616,1.5881100466387457,0.4309272172740805,0.07867618584798125,1.317389079193302,1.929650153805482,0.7980943745082536,2.7195079901303596,0.618232472190354,0.4356729915380483,0.5087301478555936,50.666666666666664,72.43333333333334,990.1058258301733,0.015524997049942613,0.00338492199468116,5.013809592090547
turbo_lunar_lander_12d,12,ts,logarithmic,decay_uniform_grid_a2_3,237,213,30,1.6432294266851875,1.592596701633793,0.46578811704470824,0.08504088624108108,1.3013137293796175,2.1002170190104454,0.7214390710179333,2.7271015931194995,0.6179262765469076,0.43538473150268414,0.5084386643098929,50.733333333333334,72.56666666666666,995.6693961462937,0.0164303225154678,0.003498132852837443,5.062979085619251
turbo_lunar_lander_12d,12,ts,logarithmic,decay_uniform_grid_a2_3,238,214,30,1.637434101249385,1.5720883808465367,0.47400558091292205,0.08654118301644921,1.3455579869686323,1.9917627786493448,0.6511277282665784,2.7216760558371726,0.617662346781957,0.4351020167369706,0.5082542745071696,50.9,72.8,1001.2693427649016,0.014911519534265002,0.003390166178966562,5.047695945374047
turbo_lunar_lander_12d,12,ts,logarithmic,decay_uniform_grid_a2_3,239,215,30,1.5777735629871252,1.466914585102959,0.462648348705615,0.08446764559286045,1.2679731906030045,1.8427444724256712,0.7500527042878162,2.737651271319358,0.6200054117707592,0.4371187187048914,0.5104506911381683,51.03333333333333,73.1,1006.8894534540052,0.015469752857461572,0.07517575384117663,5.0323101651544375
turbo_lunar_lander_12d,12,ts,logarithmic,decay_uniform_grid_a2_3,24,0,30,1.9789134699739348,1.8978690382657675,0.6695397847580342,0.12224068108637631,1.7052837871157773,2.3542641825037984,0.0,3.869210107643327,0.7245680538849998,0.5573613631664515,0.6330507827136042,0.0,0.0,61.432571740386386,0.0,0.010284190143768987,1.9704357792778562
turbo_lunar_lander_12d,12,ts,logarithmic,decay_uniform_grid_a2_3,240,216,30,1.5932141943830984,1.4850439404815474,0.46625618034357585,0.0851263425167911,1.2954559211218502,1.876119317301507,0.5430041123373825,2.7190674098314807,0.6192028251820056,0.43680583533263445,0.5102522763212481,51.233333333333334,73.43333333333334,1012.202631657198,0.014335960336029529,0.003397026378661394,4.87806883721302
turbo_lunar_lander_12d,12,ts,logarithmic,decay_uniform_grid_a2_3,241,217,30,1.593916511690368,1.489136988820783,0.4542477562873942,0.08293391427157165,1.2975914325267355,1.8905654115389927,0.7433060497443154,2.705546637198381,0.6188939837948493,0.4365474897055369,0.5099412090676957,51.4,73.73333333333333,1017.7244455872259,0.014563026543085774,0.003433494875207543,4.898332321581742
turbo_lunar_lander_12d,12,ts,logarithmic,decay_uniform_grid_a2_3,242,218,30,1.6217442268856106,1.5199532528096311,0.475457714376812,0.08680630510134275,1.272588589603579,1.891914805592677,0.7117630676071958,2.6868690003257005,0.6186458788431725,0.4362722962551676,0.5095751054567792,51.53333333333333,74.03333333333333,1023.0670571919997,0.015172457462176681,0.00344896144233644,4.883687319839373
turbo_lunar_lander_12d,12,ts,logarithmic,decay_uniform_grid_a2_3,243,219,30,1.5975791495763905,1.5000885044868286,0.46767174865327477,0.0853847887484283,1.2365070174224844,1.8323195141601083,0.7472209378224728,2.658753395253412,0.6185279330637139,0.4359738276212079,0.5092387934082054,51.733333333333334,74.3,1028.718511657929,0.014728361771752437,0.003695600184922417,5.1738822121328365
turbo_lunar_lander_12d,12,ts,logarithmic,decay_uniform_grid_a2_3,244,220,30,1.5766731004050625,1.5168285217407271,0.5400158490350833,0.0985929539756065,1.308196566269071,1.913169860674806,0.0,2.6519883514814713,0.6182665765759257,0.43560550250051794,0.5087458667422757,51.766666666666666,74.46666666666667,1034.3374982861026,0.01757344799116254,0.0784306920133531,5.037051243552317
turbo_lunar_lander_12d,12,ts,logarithmic,decay_uniform_grid_a2_3,245,221,30,1.5451687834657502,1.4911007434592403,0.5467184454469326,0.09981667505848085,1.2322296817672553,1.8745914617832495,0.0,2.6927306791584913,0.6181380185273747,0.4353488043763533,0.5085219516690028,51.8,74.53333333333333,1039.8240598169,0.01774074660303692,0.003669648788248499,4.944209775313114
turbo_lunar_lander_12d,12,ts,logarithmic,decay_uniform_grid_a2_3,246,222,30,1.5815688660496883,1.5496666754597945,0.5510568640522091,0.10060875830315087,1.2456416160662678,1.8841064266783365,0.0,2.7186840321660046,0.6180166555606641,0.4350334894183924,0.5081045204261971,52.03333333333333,74.73333333333333,1045.2183889793232,0.013625096390023827,0.0035995980879912773,4.898538035402695
turbo_lunar_lander_12d,12,ts,logarithmic,decay_uniform_grid_a2_3,247,223,30,1.587702393202192,1.543863104686645,0.5636602751040736,0.10290981581468957,1.2406729412434265,1.8782719868692404,0.0,2.7485191151613564,0.6171354429606909,0.43473151271661775,0.5078446457976248,52.166666666666664,75.03333333333333,1050.5210867091857,0.01519355756851534,0.003487743344157934,4.863463661788653
turbo_lunar_lander_12d,12,ts,logarithmic,decay_uniform_grid_a2_3,248,224,30,1.5965486362904657,1.5386211150488145,0.5682755942632657,0.103752453952548,1.296294712057193,1.9161807108404065,0.0,2.7417197320605124,0.6165588967511441,0.4344490423167591,0.5076076255861663,52.233333333333334,75.23333333333333,1056.0285944050643,0.017360461611921587,0.003763143221537272,5.028839835819478
turbo_lunar_lander_12d,12,ts,logarithmic,decay_uniform_grid_a2_3,249,225,30,1.5927647806416045,1.5243515268358383,0.5676640160841965,0.10364079556442994,1.2572445140523025,1.8785999265032496,0.0,2.7872062370450132,0.6158771011491982,0.43358122279083955,0.5066546940259519,52.36666666666667,75.36666666666666,1061.568229229205,0.01617055501167973,0.07740435890542964,5.005101650937771
turbo_lunar_lander_12d,12,ts,logarithmic,decay_uniform_grid_a2_3,25,1,30,1.9939405455700683,1.8944525264642635,0.6731351025134742,0.12289709329839409,1.6408095613024856,2.4119413243273797,0.0,3.8899317486328018,0.7222836331653132,0.5538390552313377,0.629549085136992,0.43333333333333335,0.0,63.79426369839348,0.001101972892259558,0.0013567219953984021,1.9604849637951702
turbo_lunar_lander_12d,12,ts,logarithmic,decay_uniform_grid_a2_3,250,226,30,1.598233153876109,1.574034258869753,0.5701018297889396,0.10408587741679097,1.3914539989269592,1.8589181695146424,0.0,2.785703442997896,0.6156267295257815,0.4332611547026444,0.5061474519431676,52.5,75.63333333333334,1067.1196904005794,0.015473602370669444,0.0037261506542563437,5.128672558628023
turbo_lunar_lander_12d,12,ts,logarithmic,decay_uniform_grid_a2_3,251,227,30,1.5955836270305663,1.5499681881962544,0.5402425426393672,0.09863434237584265,1.3809805157733663,1.8613311592604895,0.0,2.7352257985852657,0.6155236146636235,0.432951540022244,0.5058447460182413,52.63333333333333,75.83333333333333,1072.5273803547336,0.016202538507059216,0.003945140726864338,4.929707965363438
turbo_lunar_lander_12d,12,ts,logarithmic,decay_uniform_grid_a2_3,252,228,30,1.6419222050984439,1.5791959868951195,0.4635930099008956,0.08464011634147878,1.3904913956599447,1.8156525209035652,0.5850465787578627,2.7722829396372974,0.6152108497691329,0.4326856819692345,0.5054732051717592,52.733333333333334,76.0,1077.9634410320161,0.01575254965573549,0.0037181093357503414,4.952211853489279
turbo_lunar_lander_12d,12,ts,logarithmic,decay_uniform_grid_a2_3,253,229,30,1.6215712490384944,1.5419749224784585,0.5130156732926731,0.09366341887203254,1.3824863909516854,1.7711795435881195,0.5565665847704526,3.130420432860081,0.6147925478037395,0.43239069603395286,0.5051862450525548,52.9,76.26666666666667,1083.5435577954631,0.015783587222297987,0.0037910732130209605,5.083306773177658
turbo_lunar_lander_12d,12,ts,logarithmic,decay_uniform_grid_a2_3,254,230,30,1.6192316820678774,1.5385914408243213,0.5750776410791753,0.10499433211197462,1.3950111306272297,1.9767120190887768,0.0,3.1514942814284463,0.6142223507639926,0.43224992909856214,0.5050801897158607,53.0,76.53333333333333,1089.0291454634164,0.01601384477689862,0.0816954672181358,4.829508511985963
turbo_lunar_lander_12d,12,ts,logarithmic,decay_uniform_grid_a2_3,255,231,30,1.615653337546605,1.5801441249327226,0.5625977298487119,0.102715822479779,1.3524195582680478,1.8919891997897254,0.0,3.037059681365503,0.6140801253155944,0.43198938813429133,0.5048174535798665,53.13333333333333,76.76666666666667,1094.513767508852,0.01597107240619759,0.0038161882975449165,4.942015811304251
turbo_lunar_lander_12d,12,ts,logarithmic,decay_uniform_grid_a2_3,256,232,30,1.6000602198827876,1.5371336323733447,0.5655011734197614,0.10324591632588138,1.3918574765220153,1.8110495898113528,0.0,3.21471571566149,0.6140269705087558,0.43175763649380516,0.5044645538791112,53.266666666666666,76.96666666666667,1100.2461303967207,0.016156759190683562,0.004515450851370891,5.040333007353668
turbo_lunar_lander_12d,12,ts,logarithmic,decay_uniform_grid_a2_3,257,233,30,1.5914512047584168,1.5541152556319056,0.5666846595403424,0.10346199034079356,1.3882238113996483,1.8130968588809033,0.0,3.2378266251291015,0.6129152233488122,0.4314458773312101,0.5040781398592568,53.46666666666667,77.23333333333333,1105.5966129062851,0.014947220295046767,0.0037838684860616923,4.932903438278784
turbo_lunar_lander_12d,12,ts,logarithmic,decay_uniform_grid_a2_3,258,234,30,1.6559529413356349,1.5846673780683567,0.5799635367271472,0.10588637053197812,1.4618387353726279,1.9472237267299608,0.0,3.287347866746055,0.6128473955867043,0.43120833175048107,0.5038205381085256,53.666666666666664,77.56666666666666,1111.110078047604,0.01455579763278365,0.003747944269950191,5.004875049646944
turbo_lunar_lander_12d,12,ts,logarithmic,decay_uniform_grid_a2_3,259,235,30,1.6497413930703175,1.6209936472396314,0.6052713855352724,0.11050693042335827,1.4299391460337378,2.029824164212109,0.0,3.2961177208198467,0.6128060121302299,0.431675418225215,0.5043736356964764,53.833333333333336,77.93333333333334,1116.8090734636721,0.015683366730809212,0.08958514939683179,5.0640091021545235
turbo_lunar_lander_12d,12,ts,logarithmic,decay_uniform_grid_a2_3,26,2,30,1.9999561470980038,1.9080040136391587,0.743510641119586,0.13574584996210845,1.5737814723447208,2.3959923002403354,0.0,3.864448006671237,0.7190501734891526,0.5503321820117998,0.6259691248984343,0.9333333333333333,0.5333333333333333,66.26321385588186,0.0010533126847197612,0.0013430078513920307,2.0985257283008347
turbo_lunar_lander_12d,12,ts,logarithmic,decay_uniform_grid_a2_3,260,236,30,1.6134977805822683,1.6288570909379536,0.5983475219104798,0.1092428116592288,1.3900107290164732,1.8755223062295294,0.0,3.2747204793021227,0.6126866436879935,0.4313818661569835,0.5041036118677104,54.166666666666664,78.36666666666666,1122.329787490191,0.012859017588198185,0.003885074673841397,4.924524295687054
turbo_lunar_lander_12d,12,ts,logarithmic,decay_uniform_grid_a2_3,261,237,30,1.6577284450762515,1.6337769705203167,0.5948261751147894,0.10859990463496275,1.4851650119536408,1.84919510667996,0.0,3.275457754774932,0.6122909288377867,0.4311040341215232,0.5037911872320805,54.4,78.66666666666667,1127.8706942846998,0.014510516092802088,0.0037960308448721967,5.013853654094661
turbo_lunar_lander_12d,12,ts,logarithmic,decay_uniform_grid_a2_3,262,238,30,1.665635266011173,1.5896143687104427,0.49525981395573654,0.09042165730978959,1.4536308861682967,1.8362171140072716,0.7741052250111786,3.2217210573597557,0.6121620729162525,0.4308325649768623,0.503461433950548,54.63333333333333,79.0,1133.4569776244307,0.01437068060040474,0.0038038829962412516,5.062079701727877
turbo_lunar_lander_12d,12,ts,logarithmic,decay_uniform_grid_a2_3,263,239,30,1.662467499239505,1.6237426774343433,0.5047061786085612,0.09214631964538009,1.412596138292928,1.8451038804928235,0.6968636567533917,3.1780122586552686,0.6120083154729099,0.4305686205049288,0.5032294274600663,54.86666666666667,79.4,1138.924445771783,0.014330563104401032,0.003932178004955252,4.903401598970716
turbo_lunar_lander_12d,12,ts,logarithmic,decay_uniform_grid_a2_3,264,240,30,1.6929410635927027,1.6286244025724923,0.4999136890726778,0.09127133477024317,1.4544164050874744,1.853306159261479,0.6139593130745504,3.229096998128999,0.6124249927107966,0.43115208514452447,0.5038240326166723,55.06666666666667,79.76666666666667,1144.3303198499295,0.014396204613149166,0.08311234517022967,4.833573182439432
turbo_lunar_lander_12d,12,ts,logarithmic,decay_uniform_grid_a2_3,265,241,30,1.683673024921209,1.6198114699212203,0.5057587946704233,0.09233850016587147,1.4566196251141181,1.9176327569956868,0.8845298187038357,3.2443822164839897,0.6122355171925905,0.4308415590675307,0.5035502336929696,55.333333333333336,80.03333333333333,1149.860499202041,0.013512764452025294,0.0038095516928782066,4.933122462468843
turbo_lunar_lander_12d,12,ts,logarithmic,decay_uniform_grid_a2_3,266,242,30,1.6837012474766722,1.6511658411707946,0.490409984397323,0.08953620362672345,1.3453667209389824,1.9025902571722015,0.8190534694814677,3.205384505260394,0.6120293679678678,0.43052803886099617,0.5031898082604943,55.36666666666667,80.33333333333333,1155.273953449307,0.01806927352833251,0.0039338103650758665,4.924239230699216
turbo_lunar_lander_12d,12,ts,logarithmic,decay_uniform_grid_a2_3,267,243,30,1.6738168052000308,1.6131483117750447,0.5199358019696676,0.09492685573110864,1.3256751052457871,1.9184528988298746,0.6432618506137464,3.2111367881935267,0.6119112050019758,0.4302826696780333,0.5028460775301947,55.4,80.4,1160.5738571037227,0.01754721221514046,0.003752943671618899,4.851846141073232
turbo_lunar_lander_12d,12,ts,logarithmic,decay_uniform_grid_a2_3,268,244,30,1.6850113847947135,1.6488613335915032,0.5053624070379523,0.092266130016598,1.430714728063105,1.9415138674154675,0.6544202281786846,3.17597288359721,0.6112821726255808,0.4299854443923757,0.5025366521111128,55.5,80.53333333333333,1165.97339540096,0.016376738095035155,0.003940924241517981,4.994223721356442
turbo_lunar_lander_12d,12,ts,logarithmic,decay_uniform_grid_a2_3,269,245,30,1.6876901608423152,1.6664335363458571,0.5281700024703678,0.09643020818352659,1.3635634025122727,1.9953767174917563,0.6891546499341819,3.186143826244748,0.6110568778066809,0.4295537927077111,0.5020412830156163,55.6,80.73333333333333,1171.352758328539,0.01634411624011894,0.08886491501082977,4.848658278118819
turbo_lunar_lander_12d,12,ts,logarithmic,decay_uniform_grid_a2_3,27,3,30,2.0295122476557497,1.9413242721348236,0.7365260657419078,0.1344706467991253,1.5649919719274008,2.550390533763176,0.0,3.703601055291636,0.715123909995944,0.5468608942490821,0.6220740164534249,1.4,0.9666666666666667,68.84348479473653,0.0010858112014830112,0.001330737831691901,2.103246050638457
turbo_lunar_lander_12d,12,ts,logarithmic,decay_uniform_grid_a2_3,270,246,30,1.683598428864792,1.6235421494515128,0.5196765161260322,0.09487951682930834,1.375961839275219,1.9412127311300056,0.676356008662341,3.3058777166553837,0.610727966292784,0.4292817271320002,0.5017786795775636,55.733333333333334,80.96666666666667,1176.726365302441,0.015549759846180677,0.003918579112117489,4.964631438053524
turbo_lunar_lander_12d,12,ts,logarithmic,decay_uniform_grid_a2_3,271,247,30,1.697375513850555,1.6546543421101154,0.5296345458355877,0.09669759599605174,1.38540417573524,1.982610538846604,0.7049604129259603,3.31238532894898,0.6103771402534652,0.4289814586238372,0.5014216816313461,55.833333333333336,81.2,1182.3452475946085,0.01670052212042113,0.004063719231635332,5.113668672647327
turbo_lunar_lander_12d,12,ts,logarithmic,decay_uniform_grid_a2_3,272,248,30,1.736947530839492,1.6613133011088648,0.5147844414915359,0.09398635028587086,1.461202657896632,2.0491180988623503,0.7114062885703325,3.338481684718199,0.6101356560935148,0.42873104005111506,0.500995525885897,55.9,81.36666666666666,1188.0664565348065,0.01771819026519855,0.004016585974022746,5.19504168444934
turbo_lunar_lander_12d,12,ts,logarithmic,decay_uniform_grid_a2_3,273,249,30,1.6918543011581355,1.6348041727853158,0.552818118812184,0.1009303179570014,1.3803538297358575,1.9832792223192925,0.648674550329045,3.3850145999648786,0.6095461502590284,0.4284576065910359,0.5007487776308639,55.96666666666667,81.5,1193.6598288490127,0.017464169207960366,0.003996276188020905,5.006764958115915
turbo_lunar_lander_12d,12,ts,logarithmic,decay_uniform_grid_a2_3,274,250,30,1.7027558810177896,1.6404209772062583,0.5137336612112589,0.09379450493170775,1.4053571832029672,1.9610914366981573,0.8294714583205569,3.3073875989362587,0.6084300952358139,0.42734902695822274,0.49941061704440853,56.13333333333333,81.66666666666667,1199.3119131520236,0.015628553026666245,0.10142987325477103,5.15569921930631
turbo_lunar_lander_12d,12,ts,logarithmic,decay_uniform_grid_a2_3,275,251,30,1.7060307902826302,1.6358407468833591,0.5220345656486091,0.09531003580105156,1.3797538063283181,1.8857559405689497,0.8237004360907274,3.3754774846004443,0.6079681394003966,0.4270807364481012,0.4990573803034347,56.333333333333336,82.03333333333333,1204.9224219278587,0.015538349204386273,0.00406873564546307,5.113060595048592
turbo_lunar_lander_12d,12,ts,logarithmic,decay_uniform_grid_a2_3,276,252,30,1.6886746264009687,1.6219862466743038,0.5338041532096125,0.09745885866761617,1.4532769528457083,1.9328606134006379,0.7477329862462525,3.3265478469319305,0.6079239444574804,0.42682113043333575,0.4987137916821905,56.43333333333333,82.26666666666667,1210.6227385395362,0.01731542022898793,0.004337676474824548,5.149194060172886
turbo_lunar_lander_12d,12,ts,logarithmic,decay_uniform_grid_a2_3,277,253,30,1.7056574049851143,1.6530756665039257,0.5225084590588156,0.09539655650459263,1.4240543476523118,2.0795727336657617,0.7331552233806764,3.394748639381017,0.6077545743108385,0.4265525814463367,0.49847621251287483,56.53333333333333,82.46666666666667,1216.5528071032372,0.016898231642941634,0.004074522682155172,5.2924418304425975
turbo_lunar_lander_12d,12,ts,logarithmic,decay_uniform_grid_a2_3,278,254,30,1.7052575199992215,1.6709646297679215,0.5175327877559937,0.09448812736749705,1.4109799712272806,2.0242070514227577,0.7611636094111034,3.4020025751914984,0.6074895965530863,0.4262853531346753,0.4980775971169859,56.6,82.56666666666666,1222.2199257916461,0.01795423049479723,0.004718615859746933,5.184602122365807
turbo_lunar_lander_12d,12,ts,logarithmic,decay_uniform_grid_a2_3,279,255,30,1.698307866571397,1.605606540189517,0.567508684640789,0.10361243605261523,1.4705765625024272,2.040859437235568,0.7327248308819607,3.411431891665189,0.608057873216788,0.42668597868469765,0.4985662872622871,56.666666666666664,82.7,1228.2724026655624,0.01832485554429392,0.10277147868958612,5.4326555078073095
turbo_lunar_lander_12d,12,ts,logarithmic,decay_uniform_grid_a2_3,28,4,30,1.9950144949478983,1.911141063583193,0.7188438678503138,0.1312423339152932,1.573632259090685,2.352962497481316,0.0,3.775284749281148,0.7125106820504477,0.5437912720554849,0.6189671833817341,1.8333333333333333,1.4666666666666666,71.32672079463178,0.001124310540035367,0.0014151323586702347,2.112972630436222
turbo_lunar_lander_12d,12,ts,logarithmic,decay_uniform_grid_a2_3,280,256,30,1.6881051134322278,1.5695097541005305,0.547756197637219,0.10000614181972092,1.426957220614412,2.0133916955594318,0.6985859146965561,3.418436624566079,0.6079057673714509,0.4264386600229265,0.4983575390460295,56.93333333333333,83.03333333333333,1234.0027374611082,0.014139731787145138,0.004373228130862117,5.148282809741795
turbo_lunar_lander_12d,12,ts,logarithmic,decay_uniform_grid_a2_3,281,257,30,1.6865530403001852,1.6151653593576074,0.5182882122050139,0.09462604837123681,1.3317714364534605,2.0287546816480244,0.9140858149886357,3.2159509035570126,0.607411856892105,0.4262095429508926,0.49815696201364995,57.03333333333333,83.33333333333333,1239.761408961114,0.017076515778899192,0.004257531138136983,5.158048410341143
turbo_lunar_lander_12d,12,ts,logarithmic,decay_uniform_grid_a2_3,282,258,30,1.6923771279650959,1.6225006579003334,0.5156136888682992,0.09413774945053928,1.4311254355977818,2.0367458007591583,0.8318467963740457,3.1927790377742404,0.6072038208153149,0.42592448329232224,0.4978726158337915,57.06666666666667,83.46666666666667,1245.277351750868,0.01859850692562759,0.004949218702192107,5.053811176680028
turbo_lunar_lander_12d,12,ts,logarithmic,decay_uniform_grid_a2_3,283,259,30,1.7005264426389248,1.6304120365039396,0.5015265884888047,0.09156580856797637,1.4449050862421833,2.0032161864028795,0.8262747756488966,3.278133884678695,0.6070883527762017,0.42566688886568044,0.49759456030591465,57.166666666666664,83.6,1250.971791434552,0.017346431982393065,0.0044754167863478266,5.226996207796037
turbo_lunar_lander_12d,12,ts,logarithmic,decay_uniform_grid_a2_3,284,260,30,1.6877993451652753,1.614867397059382,0.5125345340723169,0.0935755752706027,1.3534886084270468,2.0177688204947875,0.8156725970075509,3.173530672758704,0.6073344332982799,0.42561744996532475,0.49759525599488313,57.2,83.73333333333333,1256.8286578741702,0.01826346159602205,0.10493906725508471,5.194118875622128
turbo_lunar_lander_12d,12,ts,logarithmic,decay_uniform_grid_a2_3,285,261,30,1.679183578020086,1.6446774656507572,0.528400529817391,0.09647229652622206,1.3626092221897217,1.9811791359496211,0.5838977917765076,3.1571786389339587,0.6072296063521018,0.4253850351639453,0.49728785124794705,57.36666666666667,83.93333333333334,1262.8967431062367,0.01618049663181106,0.004470002433905999,5.5768030845715355
turbo_lunar_lander_12d,12,ts,logarithmic,decay_uniform_grid_a2_3,286,262,30,1.649800502443619,1.618537743663177,0.5928709056054784,0.10824292289621218,1.3775549942789382,2.021941310104959,0.0,3.140227427625602,0.6071791187406271,0.4251671307477795,0.49708933562841595,57.4,84.13333333333334,1268.7440250813806,0.018735372989128033,0.004515188311537107,5.217016133541862
turbo_lunar_lander_12d,12,ts,logarithmic,decay_uniform_grid_a2_3,287,263,30,1.6376374459664844,1.6357087447135006,0.5980984959045181,0.1091973459389386,1.267938045725327,2.009376001808749,0.0,3.1202164732275017,0.6070530877965207,0.4249257548607244,0.49686920404193236,57.46666666666667,84.23333333333333,1274.2971641929664,0.018066716473549606,0.004499301019435128,5.067473445118716
turbo_lunar_lander_12d,12,ts,logarithmic,decay_uniform_grid_a2_3,288,264,30,1.6986505348538545,1.6809535089988814,0.5038578589111128,0.09199143836729061,1.3450014832796187,2.043060665336171,0.822901598375025,3.118322895746524,0.6063460773590639,0.4246824246776383,0.49669084981330386,57.63333333333333,84.46666666666667,1280.0590805315258,0.01594445121785005,0.0043145802492896715,5.171217893622815
turbo_lunar_lander_12d,12,ts,logarithmic,decay_uniform_grid_a2_3,289,265,30,1.678788733321813,1.6063082607123143,0.48739865106712865,0.08898641189568525,1.3339629886123059,1.9613482641735007,0.944704624563498,3.2075116673260053,0.6062556391186757,0.4251518741964839,0.49713141449631887,57.7,84.63333333333334,1286.0004750956316,0.0178379545143495,0.10533786579035223,5.293569595941032
turbo_lunar_lander_12d,12,ts,logarithmic,decay_uniform_grid_a2_3,29,5,30,2.024125290824004,1.933813182906587,0.6910439443207506,0.12616678551060637,1.6406979011740699,2.364998795420844,0.0,3.802130522128933,0.7017677770847547,0.5307995129411671,0.6064883380317394,2.466666666666667,2.0,73.925099953264,0.000854332372546196,0.010827679528544347,2.1827042342629284
turbo_lunar_lander_12d,12,ts,logarithmic,decay_uniform_grid_a2_3,290,266,30,1.6792012980507844,1.5512406193004318,0.498344676191944,0.09098487352097848,1.343648116756574,2.0036762482555472,1.0005995050813685,3.229915863782665,0.60590800769163,0.42493671644165154,0.4968640807870958,57.733333333333334,84.73333333333333,1291.7724123178516,0.018493123756100734,0.004411802642668287,5.256959977171694
turbo_lunar_lander_12d,12,ts,logarithmic,decay_uniform_grid_a2_3,291,267,30,1.6828932530061325,1.619147596692214,0.49304134575315844,0.09001662228390293,1.344372607795552,1.9602440361890765,0.7264341300228574,3.1908531467594248,0.6055199507476755,0.4247189782893223,0.4965616989659028,57.8,84.83333333333333,1297.9086528138878,0.019162631422902147,0.0046390348424514135,5.63640358960256
turbo_lunar_lander_12d,12,ts,logarithmic,decay_uniform_grid_a2_3,292,268,30,1.6843096791931067,1.5708605970908058,0.49191658632836216,0.08981127024766045,1.406931683087241,1.9532554122789592,0.8598191974810847,3.218903229212482,0.6050139249814434,0.42447733151848943,0.4962894539187458,57.86666666666667,84.96666666666667,1303.8593451790357,0.018517532603194317,0.004637378205855688,5.492878836657231
turbo_lunar_lander_12d,12,ts,logarithmic,decay_uniform_grid_a2_3,293,269,30,1.6805413785974153,1.5492547709413396,0.4858842812615546,0.08870992706137938,1.4218411179698314,1.9318725496993094,0.8613758544570442,3.2451660116207766,0.6048988001385004,0.4242465781656798,0.49606417491532706,58.03333333333333,85.2,1310.079541814467,0.016629414834703007,0.004548606385166447,5.597099941736087
turbo_lunar_lander_12d,12,ts,logarithmic,decay_uniform_grid_a2_3,294,270,30,1.6817999806566766,1.5519499554390752,0.48936216731312004,0.08934489927567103,1.3573846418385533,1.949234133182548,0.8016578371800505,3.3125359970330783,0.6060414936484279,0.42513906969164594,0.49704871797362515,58.233333333333334,85.56666666666666,1316.2575605116629,0.01607707729563117,0.12032325124988953,5.538911217870191
turbo_lunar_lander_12d,12,ts,logarithmic,decay_uniform_grid_a2_3,295,271,30,1.6529937355683155,1.595596418222387,0.4971779923309394,0.09077186716492866,1.2835537665809578,1.977282515900065,0.8412412191211363,3.2689512170417543,0.6057735163291228,0.42489010043919345,0.49671323140379375,58.36666666666667,85.83333333333333,1322.135024666041,0.016794455129032333,0.004805290248865882,5.342426669194053
turbo_lunar_lander_12d,12,ts,logarithmic,decay_uniform_grid_a2_3,296,272,30,1.6426987502785666,1.5974645699830718,0.5244198714315647,0.09574553106234233,1.2976127823891548,1.9624714468873439,0.7908276842056206,3.246339212065905,0.6055477603913015,0.4246820473481287,0.4965099501969964,58.43333333333333,86.03333333333333,1328.2223352775134,0.018436639569699764,0.004503656427065531,5.403734963061288
turbo_lunar_lander_12d,12,ts,logarithmic,decay_uniform_grid_a2_3,297,273,30,1.6632967375898788,1.6178506460580027,0.5380569042277088,0.0982353012223043,1.349360917954423,1.9502283741885462,0.7321900354010713,3.267521760861552,0.6052993645578031,0.424441289662347,0.4961782785132137,58.6,86.26666666666667,1334.2944981734424,0.01657804340745012,0.004802455427125096,5.5440862046709904
turbo_lunar_lander_12d,12,ts,logarithmic,decay_uniform_grid_a2_3,298,274,30,1.6692296893183354,1.596202209522497,0.5168786288762286,0.09436869484261717,1.3367479989454631,1.9666703455834003,0.8090141242912638,3.30322419587762,0.605219341824368,0.42419410351410386,0.49593651350878243,58.733333333333334,86.43333333333334,1340.3177382218807,0.01808188031427562,0.004902002634480596,5.441056544706226
turbo_lunar_lander_12d,12,ts,logarithmic,decay_uniform_grid_a2_3,299,275,30,1.6811167607808755,1.651780436001005,0.4974572089317127,0.09082284490848648,1.3470179230575392,1.9522959530342718,0.8572127268084049,3.268063445276612,0.6047593632067892,0.4236662021378906,0.4954686103577954,58.9,86.73333333333333,1346.2730121820234,0.01620893171057105,0.11635476637942095,5.308129231724888
turbo_lunar_lander_12d,12,ts,logarithmic,decay_uniform_grid_a2_3,3,0,30,2.683683525413747,2.7044645277229673,0.4563391405767613,0.08331574705547107,2.3869223533663404,2.9571486715857542,1.810462903821802,3.5922050422052374,0.9994823997095069,0.9919775531518832,0.9979881802333577,0.0,0.0,5.563127315044403,0.0,0.0013235245986531177,1.97371344131728
turbo_lunar_lander_12d,12,ts,logarithmic,decay_uniform_grid_a2_3,30,6,30,1.9944371710754067,1.9589225981574339,0.6959036210419849,0.1270540370314073,1.6605660663264576,2.4086482212930616,0.0,3.5545737352448006,0.6978106110121771,0.5277795824434723,0.6034514999752497,2.933333333333333,2.566666666666667,76.56286779210592,0.0012611309221635262,0.001443109381943941,2.2383312983748813
turbo_lunar_lander_12d,12,ts,logarithmic,decay_uniform_grid_a2_3,300,276,30,1.712857350065461,1.6750448385136183,0.5173067383982789,0.09444685659005375,1.392706098866181,2.002488304893347,0.9104348626280658,3.4558001622762213,0.6046690703148369,0.4234382526254741,0.49524270226564504,58.96666666666667,86.96666666666667,1351.830957375979,0.018171036258960764,0.004653204480806986,5.130238216354822
turbo_lunar_lander_12d,12,ts,logarithmic,decay_uniform_grid_a2_3,301,277,30,1.6766806764901823,1.692565379328573,0.5367650502908697,0.09799944204156809,1.3629187290544382,2.049605477746065,0.7923554572102136,3.4544716647961593,0.6041061852002734,0.42319662217367066,0.49509181501842764,59.13333333333333,87.2,1357.4668742465167,0.015417178782323996,0.004500948404893279,5.090489852800966
turbo_lunar_lander_12d,12,ts,logarithmic,decay_uniform_grid_a2_3,302,278,30,1.6706999679195698,1.7133540865387609,0.5329039602815786,0.09729450667668589,1.3499014613891345,2.0127432079521395,0.8073040696251133,3.399263927920324,0.6039670439557845,0.4229874798826316,0.4948227932380711,59.2,87.36666666666666,1363.0637802048275,0.017955133458599448,0.004380314750596881,5.162321886125331
turbo_lunar_lander_12d,12,ts,logarithmic,decay_uniform_grid_a2_3,303,279,30,1.700750791447439,1.7067003832827394,0.5151706917361262,0.09405686960980553,1.4157624287485358,1.98666457370182,0.6878411792413335,3.422205219545706,0.6039198331388139,0.42276683528997083,0.49462460171073896,59.43333333333333,87.66666666666667,1368.53278547974,0.014921869694565734,0.00461177130540212,4.997439464197184
turbo_lunar_lander_12d,12,ts,logarithmic,decay_uniform_grid_a2_3,304,280,30,1.6813603598981106,1.5982671822308108,0.5273547517251085,0.09628136444245944,1.3640242322755476,2.012228817374079,0.7575717019874546,3.4195543668527764,0.6019868553777317,0.42086621621138404,0.4926149483571591,59.63333333333333,87.96666666666667,1374.1528907634472,0.015386039468770226,0.11763552638391654,5.016588187000404
turbo_lunar_lander_12d,12,ts,logarithmic,decay_uniform_grid_a2_3,305,281,30,1.6745515131187494,1.5854177031468804,0.5300223097499911,0.09676839167702016,1.3367731262439067,2.0482179711983517,0.831825472954373,3.4756412982648452,0.6019251687477623,0.42067171919958474,0.49247503123422,59.86666666666667,88.2,1379.696758319158,0.014730068622156978,0.004577981292580565,5.036530808359385
turbo_lunar_lander_12d,12,ts,logarithmic,decay_uniform_grid_a2_3,306,282,30,1.6823795803923625,1.5979840769623057,0.5448294336356169,0.09947179026499708,1.2929760475800445,2.0344199881219653,0.645218563208755,3.472910692753457,0.6011925118896989,0.420425582712525,0.49207668865738674,60.0,88.5,1385.3760459431137,0.0165767600449423,0.004584449529647827,5.09577067688418
turbo_lunar_lander_12d,12,ts,logarithmic,decay_uniform_grid_a2_3,307,283,30,1.6744359633075163,1.6053952597200314,0.5217573234466086,0.09525941853174222,1.3058925147409015,1.9192102630851882,0.7657744640923005,3.472910692753457,0.6011077991554014,0.4201892970567164,0.4917425693153296,60.333333333333336,88.83333333333333,1390.9674193403994,0.013629868828381101,0.004721742852901419,5.177422209425519
turbo_lunar_lander_12d,12,ts,logarithmic,decay_uniform_grid_a2_3,308,284,30,1.6991438781770865,1.6593946708394267,0.5424059278657906,0.09902932067220448,1.358612309318812,2.0229871860594058,0.6989774019991801,3.4605487695050576,0.6008351857387969,0.4199592091631617,0.4914616817246971,60.46666666666667,89.16666666666667,1396.5254243460017,0.017145996183777847,0.004852009766424695,5.11504955625472
turbo_lunar_lander_12d,12,ts,logarithmic,decay_uniform_grid_a2_3,309,285,30,1.6968557498466061,1.6496451082057684,0.5216008531974957,0.09523085110340301,1.4525344847447055,1.9202349765009132,0.6891041905975361,3.454358118603496,0.599028781963396,0.418158266551772,0.489477815189032,60.56666666666667,89.33333333333333,1402.1693287367777,0.017280695183823507,0.12324732569977641,5.122944850738471
turbo_lunar_lander_12d,12,ts,logarithmic,decay_uniform_grid_a2_3,31,7,30,1.9833430363002063,1.993923736867964,0.7209643750452916,0.13162948378997363,1.6308119123645926,2.417119827762385,0.0,3.322760719351188,0.695268293627413,0.5250484410323428,0.6007273484590868,3.7,2.933333333333333,79.08804982369766,0.0007795703752587239,0.001488359970971942,2.145641069005554
turbo_lunar_lander_12d,12,ts,logarithmic,decay_uniform_grid_a2_3,310,286,30,1.6563042586430656,1.6200338867478283,0.5320960698114892,0.09714700673186542,1.295350499035887,2.0141486669437025,0.7745473397867546,3.423612314171047,0.5988737231140587,0.4179290896914655,0.48929984053249564,60.7,89.56666666666666,1407.76058224005,0.016623819153755902,0.004562742325166861,5.193298242675762
turbo_lunar_lander_12d,12,ts,logarithmic,decay_uniform_grid_a2_3,311,287,30,1.6777769794877055,1.6056524531292067,0.5309236292775438,0.09693294935594032,1.3326071219901994,1.9933936342101517,0.8028953569494597,3.448135362776366,0.5988154965240948,0.41770679324887183,0.48911923673342783,60.86666666666667,89.86666666666666,1413.3143486852912,0.016844383052860696,0.004848853840182225,5.069598465257635
turbo_lunar_lander_12d,12,ts,logarithmic,decay_uniform_grid_a2_3,312,288,30,1.661005380552792,1.5999683012854606,0.530621712088022,0.09687782707087378,1.3017946040296928,1.9962188994674188,0.7405047465068264,3.385608366682499,0.5986555491746662,0.41746459858311163,0.4888102291069686,61.0,90.16666666666667,1418.8814747834733,0.01685480447486043,0.004932273427645365,5.090115895137812
turbo_lunar_lander_12d,12,ts,logarithmic,decay_uniform_grid_a2_3,313,289,30,1.663751580037438,1.6484701242545745,0.5447964767484443,0.0994657731881539,1.3043080308299893,1.9716558400498536,0.5271651855679791,3.394306299430132,0.5973627387933153,0.4172447022733053,0.48858370874850227,61.06666666666667,90.36666666666666,1424.567248306144,0.018530419763798513,0.004914763911316792,4.979620227171108
turbo_lunar_lander_12d,12,ts,logarithmic,decay_uniform_grid_a2_3,314,290,30,1.6881750981435455,1.7315585611056241,0.5258921069853111,0.09601432326992501,1.3847280750239106,1.9775802337194939,0.5714668854354845,3.432215677722171,0.5970702273113021,0.41733566041216696,0.48864840424582745,61.166666666666664,90.53333333333333,1430.1914398299684,0.017289227976774176,0.12258635143128534,4.968643180560321
turbo_lunar_lander_12d,12,ts,logarithmic,decay_uniform_grid_a2_3,315,291,30,1.6722099467648444,1.6640284239797674,0.5141193546182176,0.09386492259146519,1.2908894025457265,1.9820784819259962,0.7024825715488152,3.2678751892380022,0.5970070369105228,0.41711699931969,0.4884073214790187,61.3,90.76666666666667,1435.6195860821442,0.017032634792849423,0.0047648020554333925,5.001229548687116
turbo_lunar_lander_12d,12,ts,logarithmic,decay_uniform_grid_a2_3,316,292,30,1.6851645424352342,1.7179055206286573,0.4887611167653011,0.08923516296125727,1.3813992995210993,2.014758294957017,0.7818049620421856,3.239397229213349,0.5963977559114964,0.4169193466532848,0.4882738881349774,61.43333333333333,91.03333333333333,1441.2692523586875,0.01710495911538601,0.004783571263154348,5.1494742036021
turbo_lunar_lander_12d,12,ts,logarithmic,decay_uniform_grid_a2_3,317,293,30,1.6651147321713746,1.6283884280101817,0.5012869709805144,0.09152206059648846,1.2907306526798574,1.897139335764488,0.7226479960661625,3.3238938151805124,0.5962533882577983,0.41669535495142007,0.48802318016640367,61.53333333333333,91.26666666666667,1446.7905948730186,0.018010836793109775,0.004906626185402274,5.104426271701231
turbo_lunar_lander_12d,12,ts,logarithmic,decay_uniform_grid_a2_3,318,294,30,1.6977058300992964,1.654575146229559,0.5055836238532717,0.09230651849654796,1.3418729986542839,2.0277408406657558,0.7223853841596326,3.322844957941226,0.5961459960722547,0.4164774340595292,0.4877731402660364,61.63333333333333,91.46666666666667,1452.3505786049645,0.01739216473263999,0.004923020179073016,5.1070021565848345
turbo_lunar_lander_12d,12,ts,logarithmic,decay_uniform_grid_a2_3,319,295,30,1.7055022129911204,1.695824504138338,0.4793738851695012,0.087521296795409,1.3302490844721078,1.9941678177175248,0.8679790048629963,3.3033067757555488,0.5969633404064011,0.41704580859923834,0.48846881369586476,61.666666666666664,91.6,1458.1876216620517,0.018975908464441697,0.1315804222288231,5.209550828424593
turbo_lunar_lander_12d,12,ts,logarithmic,decay_uniform_grid_a2_3,32,8,30,1.8977751241764553,1.900758366397465,0.6607639560906315,0.12063844131239733,1.5053699562915275,2.3408111336078288,0.0,3.2844688872394405,0.6918036540752438,0.5222735829134195,0.5981787538611518,4.366666666666666,3.3,81.64409141965831,0.0009404278981188934,0.0014073521364480258,2.1364558286964894
turbo_lunar_lander_12d,12,ts,logarithmic,decay_uniform_grid_a2_3,320,296,30,1.682250419760436,1.7029351462955127,0.5007837886707791,0.09143019249596192,1.3536695225307764,1.9190218689789869,0.6338016233168726,3.294868055548749,0.5969500989560915,0.4168634826886636,0.4883103680218065,61.666666666666664,91.63333333333334,1463.861996062426,0.019870044151321053,0.005383519968017936,5.141269043708841
turbo_lunar_lander_12d,12,ts,logarithmic,decay_uniform_grid_a2_3,321,297,30,1.6467746866960198,1.6547079208134015,0.5368112777823485,0.09800788198818802,1.3381985847154165,1.9234053682721126,0.5792074129796427,3.322189778588971,0.5965418311009518,0.41666067691159786,0.4880883032149053,61.86666666666667,91.83333333333333,1469.8250883915462,0.016700141970068215,0.005326398974284529,5.441237722259635
turbo_lunar_lander_12d,12,ts,logarithmic,decay_uniform_grid_a2_3,322,298,30,1.6589631818595434,1.610188171759829,0.5282433743789197,0.0964436039999936,1.327736619011679,1.9785949802100455,0.5165763340638729,3.3178933664043333,0.5962164814780654,0.41644942810124636,0.4878175116911683,62.0,92.16666666666667,1475.7300597216624,0.01816787455851833,0.005532553993786374,5.261505493723477
turbo_lunar_lander_12d,12,ts,logarithmic,decay_uniform_grid_a2_3,323,299,30,1.6990042598425257,1.69897561565606,0.4997561262749778,0.09124256787073519,1.4581513428242503,1.9953463034024743,0.7247870965255829,3.303265741912041,0.5961086404204363,0.4162092151680414,0.4875574681876809,62.03333333333333,92.33333333333333,1481.4517156420432,0.01988070048391819,0.005389353695015113,5.231217943426842
turbo_lunar_lander_12d,12,ts,logarithmic,decay_uniform_grid_a2_3,324,300,30,1.6990074276506957,1.711460125664056,0.5047230558557174,0.09214940099503878,1.4286815781760533,2.008204412926427,0.7125300791521083,3.145449204528537,0.5957103455894525,0.4157919320428579,0.48709644931355467,62.2,92.53333333333333,1487.197793440738,0.016500459238886832,0.13775255397583047,5.148510728326316
turbo_lunar_lander_12d,12,ts,logarithmic,decay_uniform_grid_a2_3,325,301,30,1.6529563009162096,1.649536518486566,0.5786031089941818,0.10563799154624454,1.347478682448013,2.01310474015294,0.21688855092934656,3.145449204528537,0.5955861800148275,0.4155917787809168,0.48691343201245735,62.333333333333336,92.83333333333333,1493.036271702669,0.017659267814209064,0.0052665773158272105,5.335189679016669
turbo_lunar_lander_12d,12,ts,logarithmic,decay_uniform_grid_a2_3,326,302,30,1.6718131753338032,1.6938497372327326,0.594362392897487,0.10851522997423399,1.4568450539342972,1.9963498344287087,0.0,3.1871041699034834,0.5950704475184929,0.41539736592161003,0.48668695763189834,62.5,93.13333333333334,1499.221044917917,0.017662287006775537,0.005579393915832042,5.5401223212170105
turbo_lunar_lander_12d,12,ts,logarithmic,decay_uniform_grid_a2_3,327,303,30,1.6342328370704067,1.686940399866146,0.584378493157919,0.10669242760782353,1.429402385452699,1.9987690692735667,0.0,3.199422000278171,0.594955810497243,0.41521438181152687,0.4865308727887232,62.63333333333333,93.36666666666666,1505.0953206475979,0.01810184447094798,0.005373217553521196,5.412446222982059
turbo_lunar_lander_12d,12,ts,logarithmic,decay_uniform_grid_a2_3,328,304,30,1.6727935817576591,1.7129318464845,0.5787289490035609,0.1056609666835024,1.4203247800352325,2.004419934037343,0.0,3.2065292105227616,0.5945780910884504,0.4150322301957842,0.48638553569035803,62.733333333333334,93.53333333333333,1510.931460645531,0.01806289756981035,0.005395028352116545,5.393762077810242
turbo_lunar_lander_12d,12,ts,logarithmic,decay_uniform_grid_a2_3,329,305,30,1.6717856877347685,1.8474212108337724,0.6083044303677348,0.11106068611424633,1.451436050330674,1.9994348398618738,0.0,3.189775232571664,0.5950720151799087,0.41544587694638846,0.48683799484638973,62.766666666666666,93.66666666666667,1517.108160169609,0.020340760936960578,0.14992984966374934,5.492899472235392
turbo_lunar_lander_12d,12,ts,logarithmic,decay_uniform_grid_a2_3,33,9,30,1.8384852334949415,1.8350691830946921,0.6439446164671685,0.11756766407436027,1.5567033969306214,2.232896728981843,0.0,3.0684400162443835,0.690339180498343,0.5198561848716248,0.5956015537976953,4.833333333333333,3.8333333333333335,84.40902973935007,0.0014282940110812584,0.0013841984638323388,2.260481856732319
turbo_lunar_lander_12d,12,ts,logarithmic,decay_uniform_grid_a2_3,330,306,30,1.660815406284674,1.8322311139673377,0.6027227818245638,0.11004162117585946,1.3543409928699828,2.002866502253898,0.0,3.162936262337643,0.5950035186655674,0.4152158262512379,0.4865102690308967,62.93333333333333,93.8,1522.9739826525872,0.01670220031713446,0.005405775255834063,5.443974302041655
turbo_lunar_lander_12d,12,ts,logarithmic,decay_uniform_grid_a2_3,331,307,30,1.671587376322136,1.7702803000358431,0.5846500331023472,0.10674200379209921,1.4531762060228646,2.0105190647864974,0.0,3.1862456555811214,0.5948887238645428,0.41500167558870854,0.4862355250320884,63.1,94.06666666666666,1529.193613425487,0.01777745014987886,0.005593234021216631,5.583818849626308
turbo_lunar_lander_12d,12,ts,logarithmic,decay_uniform_grid_a2_3,332,308,30,1.679055860269621,1.7235037923340712,0.586440899618874,0.10706896978829336,1.434796041217165,1.9994864722664492,0.0,3.225660455073863,0.5940579883374274,0.41481766806362697,0.48610031764485506,63.233333333333334,94.36666666666666,1535.1224133126439,0.01839585431541006,0.005568544768417875,5.420401705910141
turbo_lunar_lander_12d,12,ts,logarithmic,decay_uniform_grid_a2_3,333,309,30,1.653577213279467,1.716774044714952,0.6220820363562923,0.11357612131036339,1.2952569601287642,2.0366964640619885,0.0,3.2573464762259645,0.5936608040170582,0.41461863358329915,0.4858321059727768,63.333333333333336,94.46666666666667,1540.9044466471455,0.018933224321032564,0.005622923420742154,5.254132486010591
turbo_lunar_lander_12d,12,ts,logarithmic,decay_uniform_grid_a2_3,334,310,30,1.649614200107473,1.7528434645680684,0.5956621477581874,0.10875253165971151,1.3572576881964222,1.9958705545615365,0.0,3.193365292695063,0.595661766081166,0.4165851410351596,0.48799182395124807,63.4,94.56666666666666,1546.7655489977294,0.018770230809847514,0.14936361011738578,5.240744417750587
turbo_lunar_lander_12d,12,ts,logarithmic,decay_uniform_grid_a2_3,335,311,30,1.6339054026185666,1.7504366020233033,0.6335748137062258,0.11567440577801105,1.3160908867306773,2.0084242044689042,0.0,3.2153829985591678,0.59547802404356,0.41635676383862547,0.4878077553150383,63.43333333333333,94.66666666666667,1552.6734414378027,0.019129730745529136,0.005429114246120055,5.340222300884004
turbo_lunar_lander_12d,12,ts,logarithmic,decay_uniform_grid_a2_3,336,312,30,1.6402175095794804,1.7465120920405113,0.6315983576979936,0.11531355593146925,1.394425064053861,1.993749870725597,0.0,3.2690062811562264,0.5952978920653348,0.41615463834257044,0.48759062083686827,63.56666666666667,94.83333333333333,1558.4664276194137,0.017882333742454647,0.005549329270919164,5.188077921777343
turbo_lunar_lander_12d,12,ts,logarithmic,decay_uniform_grid_a2_3,337,313,30,1.640626663001013,1.7454913712318882,0.6289969468994805,0.11483860547290821,1.35860754680277,2.0010687320272824,0.0,3.2757516591980433,0.5951448862079677,0.41595765972922366,0.4873943063762004,63.63333333333333,95.03333333333333,1564.5213474924055,0.019775794710343082,0.00558475631599625,5.405091142623375
turbo_lunar_lander_12d,12,ts,logarithmic,decay_uniform_grid_a2_3,338,314,30,1.6249042523632238,1.7661325557018044,0.6320135110783839,0.11538935222189069,1.3392599723874201,1.984427993188906,0.0,3.25964040450528,0.5950866084481129,0.4157679228925807,0.4872288124874275,63.8,95.26666666666667,1570.523688870296,0.018147026421502233,0.005879069057603677,5.429919349184881
turbo_lunar_lander_12d,12,ts,logarithmic,decay_uniform_grid_a2_3,339,315,30,1.5992512952280094,1.7532640083586633,0.6461889250557624,0.11797741688768544,1.4334636738824025,1.9781689561455138,0.0,3.2052274999496313,0.5944922782227041,0.41524388164935316,0.4866107947934586,63.86666666666667,95.43333333333334,1576.4911627916,0.019616918343429764,0.17494158808452387,5.294010217829297
turbo_lunar_lander_12d,12,ts,logarithmic,decay_uniform_grid_a2_3,34,10,30,1.8312622501889015,1.7746914987146183,0.6038464046547986,0.11024676569927523,1.545847226972646,2.1826855647536902,0.0,2.967629814298153,0.6888774719317302,0.5161445329333537,0.5921901914539693,5.266666666666667,4.4,87.21639922362131,0.0015712920731554428,0.011610182902465264,2.3690552904270588
turbo_lunar_lander_12d,12,ts,logarithmic,decay_uniform_grid_a2_3,340,316,30,1.6037412135927436,1.7005498858407844,0.6284615836707791,0.11474086196730202,1.3687082620600681,1.9816658274834151,0.0,3.1551707500796606,0.594328833467418,0.4150544782651041,0.4864456018282503,64.06666666666666,95.63333333333334,1582.3229326486587,0.017511421628296376,0.0057894611731171605,5.370126379312326
turbo_lunar_lander_12d,12,ts,logarithmic,decay_uniform_grid_a2_3,341,317,30,1.6054627159059778,1.7254828848014732,0.6162584746693057,0.11251288927670158,1.3244790649432003,1.9671116852581647,0.0,3.1510097364797263,0.5943048731792585,0.41485251541071494,0.48619266200371086,64.16666666666667,95.93333333333334,1588.10366261752,0.018047061407317717,0.005642601335421204,5.296077643505608
turbo_lunar_lander_12d,12,ts,logarithmic,decay_uniform_grid_a2_3,342,318,30,1.60959690331335,1.7355091300374241,0.6229659731724398,0.11373750535490115,1.351339895313008,1.9738381585363107,0.0,3.1546792292246404,0.594193393387703,0.4146552697707124,0.48603627546676553,64.3,96.1,1594.006206845818,0.017648521220932405,0.005765274493023753,5.455283604826158
turbo_lunar_lander_12d,12,ts,logarithmic,decay_uniform_grid_a2_3,343,319,30,1.5977358229030674,1.6970920634735016,0.6065025361286189,0.11073170674057886,1.35242476281866,1.94605669001196,0.0,3.257923874755604,0.5941677770408107,0.41447531481775507,0.48581342051384074,64.33333333333333,96.26666666666667,1600.3831835553672,0.01974632648440699,0.005899332898358504,5.686103133593376
turbo_lunar_lander_12d,12,ts,logarithmic,decay_uniform_grid_a2_3,344,320,30,1.5978311753571826,1.727444361674436,0.6076995467796937,0.11095024998563473,1.3113411820957221,1.9456274949614905,0.0,3.2113540086940118,0.5951073976050857,0.4151673714579292,0.48658822169173915,64.5,96.46666666666667,1606.9083308484717,0.01823682322477301,0.1858368152131637,5.7802355961253244
turbo_lunar_lander_12d,12,ts,logarithmic,decay_uniform_grid_a2_3,345,321,30,1.610000093390036,1.600691913885476,0.5209394436204834,0.09511009478837648,1.4288706413647108,1.8811945006871795,0.3910128158460242,3.2049358746720484,0.5950003566411414,0.4149862106389655,0.48632979993156294,64.6,96.73333333333333,1613.4799728250441,0.019102812527368465,0.006188168780257305,5.94832567977719
turbo_lunar_lander_12d,12,ts,logarithmic,decay_uniform_grid_a2_3,346,322,30,1.6319928429569073,1.64919824128085,0.5583769246358692,0.10194521240447589,1.4339076023281776,1.9646600666482006,0.32643447169260176,3.2048964613693283,0.5948471005405025,0.4148238971615452,0.4861733964339477,64.76666666666667,97.0,1619.8929538158234,0.01824687033270796,0.006026268703863025,5.743321994567911
turbo_lunar_lander_12d,12,ts,logarithmic,decay_uniform_grid_a2_3,347,323,30,1.632947196452539,1.713489960742978,0.5419810876175986,0.09895175580978087,1.4106525838793362,1.8910775375310085,0.3158714073293154,3.2430806803501993,0.5945386649899326,0.414621586526863,0.4859207599476619,65.03333333333333,97.43333333333334,1625.9331660532548,0.015296071240057548,0.005985314507658283,5.528660824615509
turbo_lunar_lander_12d,12,ts,logarithmic,decay_uniform_grid_a2_3,348,324,30,1.6613148266434725,1.7221910489982593,0.5198241664885592,0.09490647397403497,1.4157714951879172,1.9216000053313942,0.42434768140519075,3.199110686030095,0.5944265617997585,0.41442354315886415,0.48565786966425867,65.2,97.6,1631.9508881240151,0.017386506109808884,0.005884348554536701,5.518498859011258
turbo_lunar_lander_12d,12,ts,logarithmic,decay_uniform_grid_a2_3,349,325,30,1.6610908873404142,1.7651252424161683,0.5347315631721766,0.09762817978646662,1.4123002959793494,1.9311275694743748,0.25681224214614673,3.2634115642949,0.5945498045289129,0.4143074264461413,0.48561096457796293,65.46666666666667,97.83333333333333,1638.2677398750247,0.014954182148600618,0.18107962786840895,5.565759291561942
turbo_lunar_lander_12d,12,ts,logarithmic,decay_uniform_grid_a2_3,35,11,30,1.8662313985569767,1.8029266126610042,0.6066817948702531,0.11076443475938653,1.6471379513598672,2.2684053043021217,0.0,3.0486424405019124,0.6863151192646746,0.5137728791111996,0.5896213509935553,5.8,4.9,90.0257236255488,0.00133593223678569,0.0014064517958710591,2.4342460234028596
turbo_lunar_lander_12d,12,ts,logarithmic,decay_uniform_grid_a2_3,350,326,30,1.6466609963506478,1.6861800626802335,0.5328974933193995,0.09729332597633122,1.4268842560359936,1.937305037456168,0.3480961697896403,3.226975260270301,0.5944020924265246,0.41413269802863784,0.4854534854884089,65.56666666666666,98.13333333333334,1644.6477700802186,0.018599257168049613,0.005995402050515016,5.785202699651321
turbo_lunar_lander_12d,12,ts,logarithmic,decay_uniform_grid_a2_3,351,327,30,1.6481351856016382,1.7108800569500278,0.5139648186753712,0.09383670831751777,1.4351834678210063,1.9077286990576634,0.3503863861311385,3.16104323631944,0.5941616889088256,0.41396084010555223,0.48524048348558024,65.83333333333333,98.43333333333334,1650.897329905598,0.016191891891260943,0.006074568117037415,5.721428888151422
turbo_lunar_lander_12d,12,ts,logarithmic,decay_uniform_grid_a2_3,352,328,30,1.6378610534297182,1.6739898816417025,0.524798205568637,0.09581460510939192,1.43363455613236,1.8909375937092792,0.2809495316493196,3.2681289263169075,0.5939251538264838,0.41376495826513154,0.4850664613208264,66.03333333333333,98.83333333333333,1657.0707246104566,0.0169340124198546,0.0060893310544391475,5.688825732236728
turbo_lunar_lander_12d,12,ts,logarithmic,decay_uniform_grid_a2_3,353,329,30,1.634415934943816,1.6174738542969476,0.5342946119879349,0.09754840377975403,1.437402996994128,1.9064749059554886,0.2765592437138391,3.270125410345802,0.5938125234869805,0.41357028438795956,0.48485496924069715,66.13333333333334,99.13333333333334,1663.3166409741311,0.01870528534054756,0.006241444746653239,5.778890467435121
turbo_lunar_lander_12d,12,ts,logarithmic,decay_uniform_grid_a2_3,354,330,30,1.6151697907457707,1.6013728532264606,0.5691391930918267,0.10391012480556062,1.440809695147765,1.907324435061831,0.005736816601302763,3.21511266671005,0.5948858398234486,0.41435857964907774,0.48565710547772234,66.23333333333333,99.33333333333333,1669.7542024867919,0.018635076144710182,0.1999249417024354,5.73089806494924
turbo_lunar_lander_12d,12,ts,logarithmic,decay_uniform_grid_a2_3,355,331,30,1.6456436867026594,1.6591241231091387,0.5858442699677363,0.10696004061549183,1.4450703912861422,1.9741035025434104,0.010350389661667236,3.248130433904284,0.5947257880011438,0.4142050733906139,0.48555021687993155,66.26666666666667,99.46666666666667,1676.149590980898,0.020972132651756206,0.006388102130343517,5.756248125527054
turbo_lunar_lander_12d,12,ts,logarithmic,decay_uniform_grid_a2_3,356,332,30,1.616048159650407,1.5961671919315055,0.5896597426390506,0.10765664743203296,1.413099033650167,1.9343401715604802,0.003711299931745904,3.233494273030461,0.5944953892195609,0.4140145598837932,0.48528278267267333,66.36666666666666,99.6,1682.2163318782268,0.019161614992966255,0.006089248228818178,5.6205255475671345
turbo_lunar_lander_12d,12,ts,logarithmic,decay_uniform_grid_a2_3,357,333,30,1.6796258008394633,1.6847552921942646,0.5049632479693652,0.09219325387463202,1.4831098554913797,1.8931864209432534,0.0,3.216540272283103,0.5939967048876048,0.4138314430267879,0.48512970214483114,66.46666666666667,99.8,1688.2959782860862,0.018200092095260818,0.005901124964778622,5.62841302161105
turbo_lunar_lander_12d,12,ts,logarithmic,decay_uniform_grid_a2_3,358,334,30,1.6624250982615012,1.6447128099056108,0.5110463052115984,0.0933038630980208,1.48281388039413,1.8796087404764417,0.0,3.2357084271096994,0.5939532063429834,0.41366350690676484,0.4849523831894725,66.63333333333334,100.06666666666666,1694.4251707666865,0.017204370986049374,0.005991937996198734,5.626097294036299
turbo_lunar_lander_12d,12,ts,logarithmic,decay_uniform_grid_a2_3,359,335,30,1.6780226167292158,1.6850624462489394,0.49585086133392,0.09052956730365137,1.4498172910902245,1.904635183469248,0.33126727290085034,3.2083375358260176,0.594125657982228,0.41373632510606967,0.4850208156071631,66.8,100.4,1700.8174644570176,0.017356545990332962,0.21108952344705662,5.517553710006178
turbo_lunar_lander_12d,12,ts,logarithmic,decay_uniform_grid_a2_3,36,12,30,1.8733865105348957,1.8859378148278276,0.6529155752705219,0.11920552957404235,1.5958346812217732,2.2664623480765975,0.0,3.045612926281857,0.6844043972881172,0.511372619510612,0.587018720451893,6.2,5.566666666666666,92.71524350691276,0.0017467479687184096,0.001432953200613459,2.2808854115971675
turbo_lunar_lander_12d,12,ts,logarithmic,decay_uniform_grid_a2_3,360,336,30,1.6950659813930373,1.6660649611292009,0.4959913783785123,0.09055522208866378,1.4983887912287477,1.9039894632579626,0.13772371085671975,3.220612139279322,0.593605452904997,0.41354031285681025,0.48483104218115464,66.86666666666666,100.63333333333334,1706.557430445015,0.019748169742524625,0.0060803443659096955,5.346614286939924
turbo_lunar_lander_12d,12,ts,logarithmic,decay_uniform_grid_a2_3,361,337,30,1.6710740342925874,1.6266028706320175,0.5060757377339423,0.09239636578764952,1.4572889927518304,1.9636682595148092,0.13573588856690466,3.189228850244046,0.5935739358671099,0.41336974947947763,0.48464803832466585,67.03333333333333,100.86666666666666,1712.6545234414593,0.016955687229832015,0.006115776362518469,5.568760547492032
turbo_lunar_lander_12d,12,ts,logarithmic,decay_uniform_grid_a2_3,362,338,30,1.7002293932165766,1.7029344071541936,0.50796665951452,0.09274159929221627,1.4628938594133185,1.9557213030766403,0.15383144503969537,3.2544501721092036,0.5935350508035787,0.41317962549364484,0.484504758553801,67.16666666666667,101.1,1718.9219646928366,0.01799951526336372,0.006118242101122936,5.586667059594765
turbo_lunar_lander_12d,12,ts,logarithmic,decay_uniform_grid_a2_3,363,339,30,1.6900682358095926,1.6279917283132355,0.5283285803577243,0.09645916041220215,1.4537296292753996,2.0255797693549598,0.19785026391543137,3.2602549986229854,0.5934592782747081,0.4129857594439334,0.4842410749109301,67.3,101.36666666666666,1724.7303643479167,0.01809182359526555,0.0060450395258764425,5.416504386253655
turbo_lunar_lander_12d,12,ts,logarithmic,decay_uniform_grid_a2_3,364,340,30,1.708818869939327,1.6543782401416083,0.5250893710729002,0.09586776441427602,1.4597150358988764,1.9767854773070055,0.12625103799714554,3.1682052281779702,0.5933818746077448,0.4131472248187226,0.4844042012735209,67.53333333333333,101.6,1730.8797948691529,0.015819016098976135,0.2086417298919211,5.501288451844205
turbo_lunar_lander_12d,12,ts,logarithmic,decay_uniform_grid_a2_3,365,341,30,1.6823447868781582,1.6936760391156098,0.5313262815692358,0.09700646327027061,1.4332155111196692,1.9888957474005315,0.036222305631239626,3.180899038805717,0.5932113329042473,0.41294934749203643,0.4842498590758035,67.63333333333334,101.86666666666666,1736.9960253071815,0.0180556933550785,0.0059928004319469135,5.666726228812089
turbo_lunar_lander_12d,12,ts,logarithmic,decay_uniform_grid_a2_3,366,342,30,1.709268195428013,1.634272277258366,0.48852489198138094,0.089192034413659,1.4815977233923174,1.9823350292014534,0.2804954147494758,3.1910096559503662,0.592939917224513,0.41275597351113896,0.4841315587291366,67.7,102.03333333333333,1743.1890112222484,0.019241345782453814,0.006320416694507003,5.59402519975168
turbo_lunar_lander_12d,12,ts,logarithmic,decay_uniform_grid_a2_3,367,343,30,1.6811785410441094,1.6218652598188665,0.5146088922100023,0.09395429951872093,1.4522260537515392,1.9793338151988051,0.2022022643198398,3.1969883063233397,0.5925875191833799,0.4125623932595668,0.48390208229912485,67.76666666666667,102.16666666666667,1749.421326564035,0.019226043485105038,0.0060007399568955105,5.723553613387049
turbo_lunar_lander_12d,12,ts,logarithmic,decay_uniform_grid_a2_3,368,344,30,1.662897081276097,1.6232831221464838,0.5191783622243479,0.09478856678628778,1.4110575269033732,1.9709286322885649,0.20220901539877478,3.208922427676579,0.5925411778424409,0.4123929469840648,0.4837435565905777,67.9,102.23333333333333,1755.4342951067567,0.0176130795540909,0.006317936458314458,5.519307751643161
turbo_lunar_lander_12d,12,ts,logarithmic,decay_uniform_grid_a2_3,369,345,30,1.6697805037806859,1.5930952010578834,0.5174779595621382,0.09447811715464308,1.4041412420466446,1.9891427917835625,0.274632580733128,3.2210915853883555,0.5924114983203901,0.4122656371952251,0.4836774949849748,67.96666666666667,102.43333333333334,1761.697574280544,0.01877876129001379,0.213598966691643,5.442648669751361
turbo_lunar_lander_12d,12,ts,logarithmic,decay_uniform_grid_a2_3,37,13,30,1.841141527509721,1.8287132384034726,0.6506397066868128,0.11879001472030408,1.6115661423488443,2.203874356343605,0.0,3.0167332041014676,0.6821459389814468,0.5091226735087748,0.5846846102819884,6.7,6.066666666666666,95.36547762951814,0.0014826871609936157,0.0013957480589548747,2.287851227680221
turbo_lunar_lander_12d,12,ts,logarithmic,decay_uniform_grid_a2_3,370,346,30,1.66259403167666,1.5839989656301172,0.5161513230455346,0.09423590757272512,1.4134912094880479,1.9901047990076675,0.29604751195449497,3.1989112975416747,0.5923335324803121,0.41207040669514045,0.4834229395873543,68.06666666666666,102.53333333333333,1767.868144671324,0.01801258373695115,0.006393130278835694,5.555222204948465
turbo_lunar_lander_12d,12,ts,logarithmic,decay_uniform_grid_a2_3,371,347,30,1.6659712769771693,1.5943712551916962,0.5300677909161932,0.09677669536391033,1.3644656465639122,2.0046499929066353,0.3007295763739457,3.296486402001565,0.5922543851498987,0.41189289459218453,0.4831462687001867,68.13333333333334,102.7,1773.9510169471303,0.019232821526626746,0.00656764330342412,5.544979908503592
turbo_lunar_lander_12d,12,ts,logarithmic,decay_uniform_grid_a2_3,372,348,30,1.680153618860485,1.645186027983598,0.525441384766078,0.09593203302771076,1.402775191099149,2.0107940599618117,0.24627288220052268,3.19282100352988,0.592165409731462,0.41168606669718966,0.4829078366438792,68.26666666666667,102.9,1779.8052663395647,0.017834426493694384,0.006943718592325846,5.405182240437716
turbo_lunar_lander_12d,12,ts,logarithmic,decay_uniform_grid_a2_3,373,349,30,1.6414575415488355,1.587732383876029,0.5280567603175078,0.09640953308966596,1.3551422165126883,2.022741177415456,0.12741203981063043,3.0668117754037714,0.5920814360486878,0.4115233035313807,0.48281669179368436,68.33333333333333,103.03333333333333,1785.9954217564314,0.019310547721882662,0.006379250359411041,5.556113199470564
turbo_lunar_lander_12d,12,ts,logarithmic,decay_uniform_grid_a2_3,374,350,30,1.6664254763702144,1.671873042079109,0.5185509102657213,0.09467401025579092,1.4046339874594227,1.9692939332702282,0.11859031365839945,3.0828285830230775,0.5915161799038106,0.4110410966405688,0.4823312787327437,68.43333333333334,103.13333333333334,1792.1616119822177,0.01827253297281762,0.21836076287242273,5.429751629180585
turbo_lunar_lander_12d,12,ts,logarithmic,decay_uniform_grid_a2_3,375,351,30,1.650287940967253,1.6726070071547916,0.529273745728927,0.09663172321032897,1.3318638229754092,1.9741241792828277,0.07916250202341235,3.09685782459181,0.5914437393630158,0.4108616408207606,0.48210957767352264,68.53333333333333,103.33333333333333,1798.0140372818646,0.0186905928576986,0.00659956675954163,5.357429442834109
turbo_lunar_lander_12d,12,ts,logarithmic,decay_uniform_grid_a2_3,376,352,30,1.675262615453176,1.641386397619935,0.5204362724182704,0.09501822871579681,1.4298235341654155,2.0138553915534687,0.06627873652295335,3.0450586160251625,0.5912635001119292,0.4106669092500181,0.48192140243213166,68.66666666666667,103.5,1803.6993970287654,0.017519264342263342,0.006227512517943979,5.20032660602592
turbo_lunar_lander_12d,12,ts,logarithmic,decay_uniform_grid_a2_3,377,353,30,1.6723704245930413,1.6034396605416648,0.4961916918691138,0.09059179416112212,1.4070191477078542,1.9741543733746756,0.2401211520914288,3.021493716851756,0.5911948985280173,0.4104844607360915,0.48173063001926525,68.8,103.76666666666667,1809.3753068948165,0.017557522002607583,0.006194336572661996,5.256489740451798
turbo_lunar_lander_12d,12,ts,logarithmic,decay_uniform_grid_a2_3,378,354,30,1.6646606111730842,1.5556216077149108,0.5260975844626051,0.09605183815304941,1.4154963246719283,2.02170239948026,0.19327612619842482,3.1299553698018876,0.5906510029676638,0.410287348228912,0.48155939181374413,68.93333333333334,103.96666666666667,1815.4393451232309,0.017864323609198134,0.006819548085331917,5.451758046634495
turbo_lunar_lander_12d,12,ts,logarithmic,decay_uniform_grid_a2_3,379,355,30,1.6881100909820637,1.5869229934375109,0.4996880190217492,0.09123013324442752,1.4313266746453288,2.031226266747513,0.22324430550623076,3.0738448962482776,0.5902784412773115,0.40982234842935267,0.48105015671343904,68.96666666666667,104.13333333333334,1821.714818689491,0.019597643163676064,0.22664775930655498,5.368083763075992
turbo_lunar_lander_12d,12,ts,logarithmic,decay_uniform_grid_a2_3,38,14,30,1.8521918721392565,1.8331629049068563,0.6501370682520187,0.11869824591730213,1.5287448342699546,2.3166966397609396,0.0,2.9833643904864697,0.6799860928592533,0.5069757243748007,0.5823679846677552,7.266666666666667,6.6,98.19461492334182,0.0013214167828361192,0.0013889084104448557,2.396259624293695
turbo_lunar_lander_12d,12,ts,logarithmic,decay_uniform_grid_a2_3,380,356,30,1.6923561531788023,1.6296939291769312,0.495207906036465,0.09041218026369019,1.44629763434266,2.0001530315428457,0.4117793807200032,3.085887448814767,0.5901931820659585,0.4096471626971798,0.48087876072502894,69.03333333333333,104.23333333333333,1827.7147526881192,0.01921758704508344,0.006665087693060438,5.48170610346521
turbo_lunar_lander_12d,12,ts,logarithmic,decay_uniform_grid_a2_3,381,357,30,1.6766254502774909,1.59874656580314,0.4939882333027941,0.09018949950735503,1.430389289930535,1.9847112937771918,0.2458679626734177,3.066813638341924,0.5900424581577041,0.4094634550714653,0.48065165363834245,69.06666666666666,104.33333333333333,1833.6446442824633,0.019885511541118225,0.006585705590744813,5.420427395713826
turbo_lunar_lander_12d,12,ts,logarithmic,decay_uniform_grid_a2_3,382,358,30,1.6531453843651855,1.6175045029942283,0.5492214231551797,0.10027365417572737,1.3250883693450684,2.028331407896749,0.13940101407317562,3.2041204030674892,0.5899303490205126,0.4092919498848937,0.48051739581924163,69.16666666666667,104.46666666666667,1839.629048585364,0.018576432034994164,0.006789298060660561,5.423595126143967
turbo_lunar_lander_12d,12,ts,logarithmic,decay_uniform_grid_a2_3,383,359,30,1.6793727705642343,1.6765337113780963,0.5383441429829552,0.09828774360418369,1.385588781374163,1.9674356995546483,0.215810524834537,3.199869656137132,0.5899002249063858,0.4091285417642992,0.480305869993767,69.33333333333333,104.66666666666667,1845.3735865160822,0.018753733408326905,0.006613278497631351,5.222287530296793
turbo_lunar_lander_12d,12,ts,logarithmic,decay_uniform_grid_a2_3,384,360,30,1.6631715381529613,1.586440047910691,0.5423365720051134,0.09901665808240846,1.3673568377398937,1.983389585782704,0.17983570369758795,3.1617135337608224,0.5904629242235029,0.40946652927578686,0.4807869420569116,69.43333333333334,104.93333333333334,1851.5498110337182,0.018448652668545642,0.26143525177612903,5.4556499225397905
turbo_lunar_lander_12d,12,ts,logarithmic,decay_uniform_grid_a2_3,385,361,30,1.6796410641435273,1.6452351273733736,0.5148832178495816,0.0940043842990208,1.4297804651436237,2.002440568362511,0.2750725641159386,3.146377370558784,0.5904145529744197,0.40929982155395006,0.4805811628445896,69.5,105.1,1857.5296068827001,0.01963174684594075,0.006673152511939407,5.361168194174145
turbo_lunar_lander_12d,12,ts,logarithmic,decay_uniform_grid_a2_3,386,362,30,1.6886296575320792,1.6729204192001508,0.5042365423431439,0.09206057618658291,1.4281129642371186,1.9764534528894142,0.2795892832846778,3.1599335472572805,0.5901745994386352,0.40912649115148775,0.48038469234836706,69.53333333333333,105.2,1863.649616861126,0.019993744883686305,0.00672587282024324,5.408177868152658
turbo_lunar_lander_12d,12,ts,logarithmic,decay_uniform_grid_a2_3,387,363,30,1.688667095953871,1.6679024090561712,0.531646382051427,0.09706490535519208,1.4390954308014419,2.034126310897813,0.2192054648647186,3.2169177778835376,0.5901377290022792,0.4089640210574812,0.4800631579074556,69.7,105.33333333333333,1869.4697202416291,0.01778906915957729,0.0068397234659641985,5.3315233096014705
turbo_lunar_lander_12d,12,ts,logarithmic,decay_uniform_grid_a2_3,388,364,30,1.693275121244633,1.6652684104751065,0.5275483640383692,0.09631671305292067,1.380886786640363,2.0137590750525205,0.2842033159974071,3.2347978060683316,0.5898544300194823,0.40879184544042996,0.47986128387434035,69.8,105.53333333333333,1875.459792636723,0.018461538944393396,0.006431512488052249,5.35449008140713
turbo_lunar_lander_12d,12,ts,logarithmic,decay_uniform_grid_a2_3,389,365,30,1.6838769070814779,1.6162299734227326,0.5208997446701132,0.09510284678483415,1.4046042913040548,1.9748531890252283,0.17927241425028395,3.1860959013414663,0.5909282753026576,0.40967631533610976,0.4807715042162022,69.96666666666667,105.73333333333333,1882.029263936511,0.017610724720483025,0.256534872436896,5.620456889256214
turbo_lunar_lander_12d,12,ts,logarithmic,decay_uniform_grid_a2_3,39,15,30,1.851065520598288,1.834436660379628,0.6306356280953193,0.11513778635808168,1.5537140425437095,2.2453020715925125,0.0,3.03609466831384,0.6923826118635042,0.5191033840668647,0.5946436013902985,7.733333333333333,6.966666666666667,101.02319421963766,0.001611994703610738,0.011301825040330489,2.4109189451361694
turbo_lunar_lander_12d,12,ts,logarithmic,decay_uniform_grid_a2_3,390,366,30,1.6637476140435048,1.635836985909351,0.4898308694399758,0.08943047218488089,1.3882558899737043,1.9288404983996994,0.196114127908547,2.9662248346868134,0.5905235298412441,0.409497519478966,0.48054587348458,70.13333333333334,106.0,1887.995512340342,0.017796618087838095,0.006957189071302613,5.492979612403238
turbo_lunar_lander_12d,12,ts,logarithmic,decay_uniform_grid_a2_3,391,367,30,1.6817999132102033,1.61773728929769,0.4893239450544085,0.089337920877906,1.4646956433710487,2.004724211445349,0.17001388358168668,2.8755481075726275,0.5896221552861206,0.40933781001566827,0.48033853159573,70.2,106.16666666666667,1894.1661011177737,0.019818632941072185,0.0074184011047085125,5.692798107536509
turbo_lunar_lander_12d,12,ts,logarithmic,decay_uniform_grid_a2_3,392,368,30,1.6634450566256715,1.6306974666699694,0.5021317412842706,0.09167629384691436,1.3924601203750218,1.9432762256772174,0.1126677422183342,2.9071485233760406,0.5895062439087957,0.40917697300113876,0.4801675357294226,70.36666666666666,106.4,1900.7841697816737,0.01791562675498426,0.0070918754674494265,6.007676409836859
turbo_lunar_lander_12d,12,ts,logarithmic,decay_uniform_grid_a2_3,393,369,30,1.6466618555218457,1.6419464730846953,0.5137957650313302,0.09380584348609453,1.3881179089987867,1.9687811665741584,0.12214586287182327,2.8194892264067986,0.5892012336018829,0.40900537195857595,0.4800135670920216,70.43333333333334,106.63333333333334,1907.5375514742918,0.02047758235906561,0.007071798946708441,6.0465968517431365
turbo_lunar_lander_12d,12,ts,logarithmic,decay_uniform_grid_a2_3,394,370,30,1.6872146158467487,1.7020680457491006,0.4835578169044344,0.08828517472550389,1.4496220871326224,1.9565753667076748,0.14573478370060888,2.8294171114815203,0.589322521225112,0.40902292773040727,0.48004515817158094,70.53333333333333,106.8,1914.6141316955598,0.020695472182706,0.2778361038149645,6.22360776741989
turbo_lunar_lander_12d,12,ts,logarithmic,decay_uniform_grid_a2_3,395,371,30,1.6801526073157005,1.7348729600921398,0.48423698046415103,0.08840917245946799,1.442841627802717,1.8284754193635369,0.11593273288415729,2.806503329006789,0.5892800044952797,0.40885188482812757,0.47982481950292927,70.7,107.0,1921.3855089625345,0.019336899587263662,0.0074619642148415245,6.19421779854844
turbo_lunar_lander_12d,12,ts,logarithmic,decay_uniform_grid_a2_3,396,372,30,1.7112955277668946,1.7234557441231249,0.4834299383559617,0.08826182740363071,1.4708614808799736,2.0204829833458957,0.21132392581909842,2.8953590576136516,0.5891656574345171,0.40864475969356995,0.4796043459069208,70.86666666666666,107.13333333333334,1927.8381242603064,0.018882500752806664,0.007380182389169931,5.964053428250676
turbo_lunar_lander_12d,12,ts,logarithmic,decay_uniform_grid_a2_3,397,373,30,1.6727646376378729,1.7824176244985823,0.574048891290578,0.10480650895689349,1.3972503270245349,2.019347637402671,0.0,2.9041338999229045,0.5891398399581245,0.4084914645641962,0.47941357673838775,70.9,107.33333333333333,1934.1603843166492,0.022170261526480318,0.007441789951796333,5.815063977676133
turbo_lunar_lander_12d,12,ts,logarithmic,decay_uniform_grid_a2_3,398,374,30,1.6533998614514929,1.6930364074062476,0.5595889519859536,0.10216649731112737,1.4604398083023957,1.997189862443778,0.0,2.8614514079462623,0.5891075964316907,0.4083194152473605,0.4792487113924686,71.0,107.46666666666667,1940.5830198470658,0.020329507533460855,0.007623803817356626,5.943894348743682
turbo_lunar_lander_12d,12,ts,logarithmic,decay_uniform_grid_a2_3,399,375,30,1.6196868585910842,1.6174765155372266,0.5693579395164888,0.10395006225594765,1.484192631713124,2.014446692328719,0.0,2.904194527084393,0.5896697924016953,0.4090764042874218,0.4800941124322796,71.1,107.66666666666667,1947.0580747919778,0.020142689114436507,0.2699707680071394,5.736736523810153
turbo_lunar_lander_12d,12,ts,logarithmic,decay_uniform_grid_a2_3,4,0,30,2.595645094133169,2.564495860183216,0.4117674774771014,0.07517811195373629,2.343690395189023,2.806821168018637,1.789051247974039,3.44375256820605,0.9990418345947157,0.9894573972412446,0.9968310059885063,0.0,0.0,7.879190877933676,0.0,0.0012979892392953236,1.98592885681428
turbo_lunar_lander_12d,12,ts,logarithmic,decay_uniform_grid_a2_3,40,16,30,1.800958945217533,1.6660726572530726,0.6318892184653896,0.11536665959926794,1.4991003595127697,2.2300368284261287,0.0,2.979084131590055,0.6898620476469325,0.5172038477265206,0.5924229688051842,8.0,7.366666666666666,104.078516589369,0.002693132683634758,0.0014328798123945793,2.6513988830614834
turbo_lunar_lander_12d,12,ts,logarithmic,decay_uniform_grid_a2_3,400,376,30,1.6341372230161184,1.7044484501268626,0.5550676344511727,0.10134102144331299,1.4129832095389405,1.9690711546995805,0.0,2.888371066703657,0.5895718165277029,0.4089316328356657,0.47999371410621666,71.16666666666667,107.83333333333333,1953.2746431106546,0.02003631320161124,0.0072568462540706,5.689237896120176
turbo_lunar_lander_12d,12,ts,logarithmic,decay_uniform_grid_a2_3,41,17,30,1.857346586850542,1.7488042405694046,0.6692158534601172,0.12218153959339263,1.4802813141986588,2.34682392840543,0.0,3.0886346897934325,0.6887981567126393,0.5153767748198197,0.5906100525796929,8.4,7.833333333333333,107.14010470202193,0.001988077039519946,0.0014638280185560386,2.6752731263016662
turbo_lunar_lander_12d,12,ts,logarithmic,decay_uniform_grid_a2_3,42,18,30,1.8610635084026497,1.9151187224412163,0.6506581794793622,0.11879338737536389,1.527374344671177,2.3005171412744647,0.0,3.0145972391573372,0.685655795012497,0.5133837240966466,0.5885227668347376,8.8,8.3,110.1715879561069,0.002045265305787325,0.0014674520120024682,2.6482730490465958
turbo_lunar_lander_12d,12,ts,logarithmic,decay_uniform_grid_a2_3,43,19,30,1.876849760479256,1.7669995852403306,0.6475062452058461,0.11821792554157108,1.5296890317064529,2.340835829473925,0.0,2.9808195219156453,0.6849769371592733,0.5114122477422688,0.586509600410309,9.266666666666667,8.9,113.1864278763067,0.0018343712358425061,0.0014399006962776185,2.5824251618391525
turbo_lunar_lander_12d,12,ts,logarithmic,decay_uniform_grid_a2_3,44,20,30,1.8623709420496717,1.785869007452443,0.6268574009229321,0.1144479796081832,1.5080748786570446,2.335973245368163,0.0,2.8045491465551757,0.6827986330805049,0.5075243287078406,0.5828441625662322,9.733333333333333,9.433333333333334,116.33179932832718,0.0018751307390630246,0.011779806638757388,2.760351161425933
turbo_lunar_lander_12d,12,ts,logarithmic,decay_uniform_grid_a2_3,45,21,30,1.8551880756805845,1.8495186109124468,0.6574376064372992,0.12003113573263746,1.4638133124607537,2.3847891941823174,0.0,2.8638887934755157,0.6821447585554664,0.5056517508119073,0.5811176802905309,10.2,10.033333333333333,119.38962994723892,0.0019798469108839828,0.0014701553154736757,2.641477272364621
turbo_lunar_lander_12d,12,ts,logarithmic,decay_uniform_grid_a2_3,46,22,30,1.8332933007546015,1.8201911929666836,0.64109018168337,0.117046517967689,1.4794268110984943,2.317013488685465,0.0,2.852612795335845,0.6794997633028014,0.5036325666287118,0.5792933094391258,10.533333333333333,10.566666666666666,122.69240879526673,0.002531175936261813,0.006248890142887831,2.753582932970797
turbo_lunar_lander_12d,12,ts,logarithmic,decay_uniform_grid_a2_3,47,23,30,1.856297834878044,1.7957140352748602,0.6575965630927445,0.12006015711458845,1.492762411039394,2.294394954008545,0.0,2.8657691952878377,0.6786248005191926,0.5020003334619046,0.5775097492161875,11.0,10.966666666666667,125.84911274908421,0.0019887279719114303,0.0014768747457613548,2.797175714125236
turbo_lunar_lander_12d,12,ts,logarithmic,decay_uniform_grid_a2_3,48,24,30,1.830882130166215,1.7260658900761805,0.6518224883740537,0.11900596012387268,1.5094976450987756,2.3106864132707057,0.0,3.0742605945076806,0.6761218939091967,0.5003338866874388,0.5757071021971131,11.333333333333334,11.5,129.20716260362727,0.002855269160742561,0.0015697416383773088,2.8993371102493257
turbo_lunar_lander_12d,12,ts,logarithmic,decay_uniform_grid_a2_3,49,25,30,1.798918831676891,1.7830974472919898,0.6135384852854909,0.1120162894294716,1.5097903021193138,2.244078065642107,0.08141838269004298,2.9983802899156835,0.6745414037395273,0.4980562163827035,0.5733065930605898,11.7,11.866666666666667,132.58086514030583,0.002802214010929068,0.0130265850884219,2.885254389870291
turbo_lunar_lander_12d,12,ts,logarithmic,decay_uniform_grid_a2_3,5,0,30,2.5186555437315987,2.4763517558143135,0.40486694848409394,0.07391825349100675,2.3297896836775625,2.7074990324575405,1.8046623785139477,3.4967428332889448,0.9988791369565952,0.9872952692566848,0.996150874403876,0.0,0.0,10.443809805468966,0.0,0.0013698978660007318,2.170904164140423
turbo_lunar_lander_12d,12,ts,logarithmic,decay_uniform_grid_a2_3,50,26,30,1.7540382188784533,1.6969502944345876,0.62205523867885,0.1135712287462221,1.4745144876470428,2.2462617791221993,0.14629218602965155,2.8568098316251582,0.6725293089337102,0.4965394511781667,0.5718433865575778,12.133333333333333,12.4,135.78348480930242,0.002382180498292049,0.001474321773275733,2.7951661128085106
turbo_lunar_lander_12d,12,ts,logarithmic,decay_uniform_grid_a2_3,51,27,30,1.8019105620606264,1.8307305024190796,0.5810692612414883,0.10608824728494182,1.5681009286244731,2.2110562983297486,0.23626845787632322,3.0618535465975816,0.6709726574734259,0.495100370605979,0.5703772697522941,12.5,12.8,139.0070236057664,0.0027692793558041257,0.0015144615278889736,2.818491294560954
turbo_lunar_lander_12d,12,ts,logarithmic,decay_uniform_grid_a2_3,52,28,30,1.7581630291473003,1.7508632022627215,0.5264324989733787,0.09611298489717825,1.4524881422255487,2.0835642779954187,0.3199164454737278,2.8825875513519135,0.6694699728640756,0.4935590024816733,0.5688714668887022,12.966666666666667,13.433333333333334,142.40389559900697,0.0024309970283259946,0.0015472007139275472,2.9510816130942357
turbo_lunar_lander_12d,12,ts,logarithmic,decay_uniform_grid_a2_3,53,29,30,1.8516817750161685,1.8641816680236392,0.6296724302374196,0.11496193129337758,1.5219431092930757,2.196006862937713,0.07647479554220316,3.419622284676337,0.6677541920370724,0.4920285518518258,0.567246684471917,13.333333333333334,13.733333333333333,145.7458531162236,0.003079911818106969,0.0015517052883903186,2.8525048580486327
turbo_lunar_lander_12d,12,ts,logarithmic,decay_uniform_grid_a2_3,54,30,30,1.900191084600537,1.8667615869370016,0.5627246715558568,0.10273899875860949,1.5566738270438536,2.1950159380016387,0.6974702157800667,3.2050136922286216,0.674036566009166,0.4973176668599705,0.5732841378659475,13.6,14.233333333333333,149.05036720611776,0.003470645301664869,0.013354792756338914,2.8928967733867466
turbo_lunar_lander_12d,12,ts,logarithmic,decay_uniform_grid_a2_3,55,31,30,1.903605804067833,1.802423245778029,0.5552868018573374,0.10138103575405508,1.4857807226565982,2.303567627530021,0.8966084141673933,3.1412092320582055,0.672578108491449,0.4959082797313048,0.571951541950461,14.033333333333333,14.733333333333333,152.35812858624072,0.002689486462622881,0.0015294230232636133,2.8465252661922325
turbo_lunar_lander_12d,12,ts,logarithmic,decay_uniform_grid_a2_3,56,32,30,1.8803442759184577,1.7953211839050978,0.5528076098789926,0.10092839929707999,1.5279138442470908,2.2215643877135296,0.7013679484916153,3.149662673172613,0.6714194528705831,0.49444544624877007,0.5704509190368451,14.433333333333334,15.166666666666666,155.44060374481293,0.002809959603473544,0.0015079006707916657,2.737734351136411
turbo_lunar_lander_12d,12,ts,logarithmic,decay_uniform_grid_a2_3,57,33,30,1.907069332089571,1.9143964109641174,0.5487960075371271,0.10019598426561989,1.5992840599720137,2.214401007961866,0.7031579405753956,3.2618861644074695,0.6691181817896622,0.4931467176465759,0.5690695143983594,14.866666666666667,15.733333333333333,158.74258218246203,0.002919996374597152,0.0015191728093971808,2.870990604581311
turbo_lunar_lander_12d,12,ts,logarithmic,decay_uniform_grid_a2_3,58,34,30,1.8871044830154822,1.8214936169660718,0.6057094743941522,0.11058691414009167,1.4110022195415934,2.220322055501028,0.7327201097720288,3.3323877108614752,0.6676873619932042,0.4918016965941297,0.5679053580082096,15.433333333333334,16.066666666666666,162.1377098579736,0.0022164471602688232,0.0015075345678875844,2.8871947381335
turbo_lunar_lander_12d,12,ts,logarithmic,decay_uniform_grid_a2_3,59,35,30,1.7980082711115315,1.6943848727973596,0.6624414271994689,0.12094470423435513,1.4592948545835944,2.2747675673739853,0.0,3.1653386005829214,0.6647482569276357,0.4885470192419225,0.564580402692988,15.566666666666666,16.633333333333333,165.6138911828709,0.0048389646224677564,0.013523507382099826,2.9546027863398194
turbo_lunar_lander_12d,12,ts,logarithmic,decay_uniform_grid_a2_3,6,0,30,2.3084718727678397,2.36476569851388,0.4032448147561484,0.07362209374631151,2.054919774827458,2.6530246449068597,1.370461264376363,2.9507006614595364,0.9986889384325536,0.9852275100876212,0.995148893418597,0.0,0.0,13.153663067442055,0.0,0.0013294376277675232,2.288539896765724
turbo_lunar_lander_12d,12,ts,logarithmic,decay_uniform_grid_a2_3,60,36,30,1.7739700657801867,1.6743113191164734,0.6487543783128074,0.11844580242738831,1.441412943091405,2.1430738591952396,0.0,3.180653356615016,0.66412442663324,0.4872297876075168,0.5632766836488629,15.866666666666667,16.933333333333334,168.9889798094208,0.004854326803858082,0.0016115718055516482,2.961856472523262
turbo_lunar_lander_12d,12,ts,logarithmic,decay_uniform_grid_a2_3,61,37,30,1.7767684789807139,1.646656744045863,0.6313031029729682,0.1152596500404338,1.3970908655014886,2.2171318099874826,0.0,3.3243989373295406,0.6633198307956452,0.4859265896555412,0.561573075081314,16.066666666666666,17.3,172.44670811722366,0.004993721237406134,0.0014812573790550232,3.037934623503437
turbo_lunar_lander_12d,12,ts,logarithmic,decay_uniform_grid_a2_3,62,38,30,1.7374516441016499,1.639815511032638,0.6213000356343614,0.11343334816523443,1.394640336732111,2.1029038651227845,0.0,3.0192679527405146,0.6618498778493485,0.484643319808578,0.5601968397536157,16.3,17.6,175.7738077929709,0.004953828779980541,0.001496445139249166,2.9483854594795655
turbo_lunar_lander_12d,12,ts,logarithmic,decay_uniform_grid_a2_3,63,39,30,1.7230981825312006,1.6596094282913239,0.5959453130035777,0.10880423032384542,1.388665602716685,2.0660982835691994,0.0,2.9135375041513574,0.6603963752480158,0.4833580320666903,0.558774421988322,16.566666666666666,17.966666666666665,179.29088822601673,0.004776649782434106,0.0015137659075359503,3.08923710345601
turbo_lunar_lander_12d,12,ts,logarithmic,decay_uniform_grid_a2_3,64,40,30,1.787031518016487,1.8181578503708087,0.6015207865613732,0.10982216786930482,1.4589573079834888,2.061792880729855,0.0,3.018743142425985,0.6596824089977652,0.48292014828040586,0.5583840265973526,16.933333333333334,18.6,182.9053407630883,0.004305603836352627,0.013369381784771879,3.035950840932007
turbo_lunar_lander_12d,12,ts,logarithmic,decay_uniform_grid_a2_3,65,41,30,1.7245904011855502,1.733100784021702,0.6934083593426332,0.12659846665820276,1.423071174281453,2.1057562431489343,0.0,3.15553650792903,0.6578153922653128,0.48178266512882273,0.5572228399184874,17.233333333333334,19.066666666666666,186.34180061412044,0.004754585524400075,0.0015234453293184438,3.0297294182237238
turbo_lunar_lander_12d,12,ts,logarithmic,decay_uniform_grid_a2_3,66,42,30,1.8344027494728328,1.927092243849031,0.5625080320215567,0.10269944597201498,1.5783745674074918,2.0809625297231555,0.0,3.0615262830424625,0.6558585884312429,0.48044091249372634,0.5557373223250288,17.566666666666666,19.5,189.86391625287942,0.004658224635447065,0.0015227671402196089,3.1044647147568565
turbo_lunar_lander_12d,12,ts,logarithmic,decay_uniform_grid_a2_3,67,43,30,1.721457475116663,1.715984635407042,0.6342084159936786,0.11579008519978598,1.5026275214659535,2.093739433342105,0.0,3.0763724938098855,0.6552635429468234,0.47936318722568544,0.5546324369076304,17.733333333333334,19.866666666666667,193.4219081892011,0.006073751129830877,0.0015564046800136567,3.141732549186175
turbo_lunar_lander_12d,12,ts,logarithmic,decay_uniform_grid_a2_3,68,44,30,1.686514526925263,1.7426532793183251,0.605991904175828,0.1106384785275367,1.4640444291494015,2.0301181265851467,0.0,2.67565923096396,0.6535840065546344,0.47826202472677615,0.5534065657383419,18.0,20.233333333333334,197.00968121086868,0.005453015941505631,0.001580362565194567,3.1649634917111444
turbo_lunar_lander_12d,12,ts,logarithmic,decay_uniform_grid_a2_3,69,45,30,1.6395430532700908,1.686705844230271,0.6158571376210599,0.11243961549187266,1.3967591680752949,2.015608943499131,0.0,2.7879298362112324,0.6528805999478533,0.4765044174613265,0.5517050574378619,18.3,20.6,200.74331005799274,0.005062166275456548,0.014098826857904593,3.2474469615301738
turbo_lunar_lander_12d,12,ts,logarithmic,decay_uniform_grid_a2_3,7,0,30,2.2751123220801306,2.3498772115953983,0.4162612493480644,0.07599855869440583,2.0168504798675264,2.650432691357252,1.226591411538858,2.8418783410367388,0.9984683090997225,0.9834494317198244,0.9943849095892785,0.0,0.0,15.831534265804414,0.0,0.0013464128909011681,2.300626426562667
turbo_lunar_lander_12d,12,ts,logarithmic,decay_uniform_grid_a2_3,70,46,30,1.6131809914866728,1.6786007811580186,0.6142385363437879,0.11214410068148314,1.3835346056348132,2.019295443457867,0.0,2.751559884248805,0.6521464662171835,0.4754267925322822,0.5505910490820867,18.633333333333333,21.033333333333335,204.4045438824532,0.005200779220710198,0.0015475739104052384,3.2551477926317602
turbo_lunar_lander_12d,12,ts,logarithmic,decay_uniform_grid_a2_3,71,47,30,1.5956829178892384,1.6389956368889822,0.6049017243551238,0.1104394398343578,1.3693396027267577,1.939244255103446,0.0,2.6707389909263917,0.6515097532217775,0.47437306153475767,0.5493839339591808,18.866666666666667,21.333333333333332,208.2976281346598,0.006222303677350283,0.001555299044897159,3.4579840373092643
turbo_lunar_lander_12d,12,ts,logarithmic,decay_uniform_grid_a2_3,72,48,30,1.570605021763476,1.611489164848038,0.5288591031128328,0.09655602017228304,1.4291930138346773,1.9450693603220093,0.0,2.4186936991204915,0.651001602665258,0.4732403425437142,0.5482011839398085,19.166666666666668,21.6,212.24139368726563,0.005930426809936762,0.001607483004530271,3.5348130420781674
turbo_lunar_lander_12d,12,ts,logarithmic,decay_uniform_grid_a2_3,73,49,30,1.6082736118253431,1.724569077143007,0.6170346320987807,0.11265459558746782,1.4051367366545358,1.9986389138242528,0.0,2.536042478526156,0.6504713004527092,0.4722532167138764,0.5471776303035962,19.4,22.066666666666666,216.3938114798783,0.007046209570641319,0.001724048936739564,3.6888417022768407
turbo_lunar_lander_12d,12,ts,logarithmic,decay_uniform_grid_a2_3,74,50,30,1.6158103751561836,1.7584118824915027,0.6575300993034507,0.12004802254237062,1.349265555165588,2.0458110091602917,0.0,2.7154987583388746,0.6526613646925727,0.473789938228879,0.5491117126249531,19.733333333333334,22.433333333333334,220.51569481804034,0.00541509537336727,0.01528611034154892,3.6184675393936536
turbo_lunar_lander_12d,12,ts,logarithmic,decay_uniform_grid_a2_3,75,51,30,1.5647970114661582,1.6001291236699744,0.6358886272481544,0.1160968484016028,1.3721317000404922,1.9907941840614796,0.0,2.4435313667708365,0.6512643016679985,0.47272804083336933,0.5480590961930185,20.066666666666666,22.833333333333332,224.47250766037033,0.00560629703104496,0.0030858838309844334,3.455133708116288
turbo_lunar_lander_12d,12,ts,logarithmic,decay_uniform_grid_a2_3,76,52,30,1.5770203900155204,1.6542226738472163,0.6333542241410564,0.11563413181774654,1.3398853571076892,1.974497954562784,0.0,2.557562284174724,0.6509884631948873,0.47184139020064586,0.546996914584138,20.266666666666666,23.3,228.46833384217072,0.006861006716887156,0.0016089609824120998,3.555722777560974
turbo_lunar_lander_12d,12,ts,logarithmic,decay_uniform_grid_a2_3,77,53,30,1.584978194335594,1.7097809177210062,0.633906959562034,0.11573504703721373,1.3281826504960335,2.013761305701038,0.0,2.50234975901796,0.6504152520081803,0.47079301559164694,0.5459873911367087,20.566666666666666,23.666666666666668,232.3938159220231,0.006102603704979022,0.0016280088728914657,3.5280083941761404
turbo_lunar_lander_12d,12,ts,logarithmic,decay_uniform_grid_a2_3,78,54,30,1.5886297410485166,1.5765196752493567,0.5918690401197826,0.10806000812084503,1.2930321679255186,1.9270915934494934,0.0,2.7922938751441535,0.6484102093463595,0.4696980620956015,0.5447841982006956,20.8,24.066666666666666,236.64529358977452,0.006954712777708968,0.0017026906367391347,3.816194547805935
turbo_lunar_lander_12d,12,ts,logarithmic,decay_uniform_grid_a2_3,79,55,30,1.503003916698879,1.4956607416491938,0.7086624313011385,0.1293834664266962,1.294836675518324,1.9746437339887062,0.0,2.7748333132850096,0.6499957135394008,0.47074957287240937,0.54577133309999,21.1,24.533333333333335,240.69989914991893,0.006605508892486493,0.016707920283079148,3.561543975103026
turbo_lunar_lander_12d,12,ts,logarithmic,decay_uniform_grid_a2_3,8,0,30,2.2239840506496247,2.22600281822161,0.4200166296630616,0.07668419419791743,1.9900331339095296,2.6590745569009444,1.1804013694844409,2.828253016420003,0.998126022348572,0.9816567420505923,0.9934316337672878,0.0,0.0,18.702338973712177,0.0,0.0013538661412894725,2.4759866890187063
turbo_lunar_lander_12d,12,ts,logarithmic,decay_uniform_grid_a2_3,80,56,30,1.6344970663960818,1.756908643319639,0.6832662952941314,0.12474678757186057,1.3553395272227087,2.078076401042521,0.0,2.8932476428373564,0.6492188295994107,0.46980361640450086,0.5448465081279911,21.266666666666666,24.866666666666667,244.78780819590514,0.007743683519462744,0.0016318889800459146,3.6320233930212757
turbo_lunar_lander_12d,12,ts,logarithmic,decay_uniform_grid_a2_3,81,57,30,1.5804145970330872,1.6795882330925553,0.6790841854218493,0.12398324226685592,1.3438420016876655,2.006278552068122,0.0,2.93450071472632,0.6488563116955433,0.46895543877907975,0.5440951985881625,21.533333333333335,25.166666666666668,248.8187423249241,0.006831993209198117,0.0016565145614246526,3.6497582904373607
turbo_lunar_lander_12d,12,ts,logarithmic,decay_uniform_grid_a2_3,82,58,30,1.569450855746265,1.612452646418736,0.6432338060335221,0.11743788843815423,1.3215400491537839,2.039994619550738,0.0,2.72532618553457,0.6475521186895413,0.46811946047070624,0.5433332139895561,21.8,25.433333333333334,252.9462298427398,0.006574625118325154,0.0016113682029147943,3.6672744874687244
turbo_lunar_lander_12d,12,ts,logarithmic,decay_uniform_grid_a2_3,83,59,30,1.6457619727944006,1.708260570692663,0.6510436892879696,0.11886377151480182,1.344689178835274,2.1516712822684014,0.0,2.850573375375114,0.6464094131120899,0.4671977809168663,0.5421253092925926,22.066666666666666,25.9,257.06493429920323,0.006817121198400855,0.0016309119140108426,3.5948710445314647
turbo_lunar_lander_12d,12,ts,logarithmic,decay_uniform_grid_a2_3,84,60,30,1.7070760328889565,1.809457125444559,0.729447689802243,0.13317831807490652,1.4152505538291154,2.0259494367549036,0.0,3.557342911990837,0.6555395835289985,0.4757439960676241,0.5510221190913928,22.233333333333334,26.266666666666666,261.16636627479454,0.00794895007275045,0.016143341284866133,3.6024693039711564
turbo_lunar_lander_12d,12,ts,logarithmic,decay_uniform_grid_a2_3,85,61,30,1.7335517014926876,1.8156682568246376,0.679344437461681,0.12403075757114011,1.3509654626533756,2.1279696875132226,0.057736870680612284,3.530448220490085,0.6544368390301573,0.4747809448019262,0.5499845228894472,22.366666666666667,26.566666666666666,265.1372747479317,0.008116731870298583,0.001654537363598744,3.518421111209318
turbo_lunar_lander_12d,12,ts,logarithmic,decay_uniform_grid_a2_3,86,62,30,1.6782361673351536,1.6926075214511747,0.6946449472309246,0.12682423568512105,1.3445103972848873,2.004522099232619,0.0,3.435061155317994,0.6536693303852122,0.47391695070932716,0.5490600725394579,22.566666666666666,26.9,269.27938990043475,0.007917327092339594,0.0016077353619039058,3.6301652513910083
turbo_lunar_lander_12d,12,ts,logarithmic,decay_uniform_grid_a2_3,87,63,30,1.6870870621920488,1.7029179926163496,0.5882785736059853,0.10740448162032047,1.3900212911641527,1.9656406506239275,0.09736267745585825,2.9254475189199836,0.6534518193483925,0.47303425072800115,0.5482289414885394,22.8,27.266666666666666,273.70308044884973,0.0077282195445150135,0.001695244526490569,3.835075141629204
turbo_lunar_lander_12d,12,ts,logarithmic,decay_uniform_grid_a2_3,88,64,30,1.7747818973733434,1.8265232860212781,0.6440893328770344,0.11759408555506852,1.4452252944036084,2.067091065915758,0.027717190660196955,3.0425120657978577,0.6527835502717441,0.4721423307931573,0.5472897099341542,23.033333333333335,27.733333333333334,278.01994276585367,0.010882827717189987,0.0017331070266664028,3.7751893523925295
turbo_lunar_lander_12d,12,ts,logarithmic,decay_uniform_grid_a2_3,89,65,30,1.7310089483859747,1.7860640150062417,0.6291386280698598,0.11486447279723835,1.3665069150171087,2.114552504547215,0.0748586548448682,2.962131597289911,0.6572368885537314,0.4765448029748674,0.5519806692056257,23.133333333333333,28.0,282.145535749523,0.01304400721564889,0.01708371260513862,3.6967432816668104
turbo_lunar_lander_12d,12,ts,logarithmic,decay_uniform_grid_a2_3,9,0,30,2.226785806187293,2.2321246182726253,0.40263022331401005,0.07350988521414191,2.026735734028776,2.5956853505895654,1.2068822227109028,2.830434890547302,0.9978353826675902,0.9800721250901048,0.992844278903608,0.0,0.0,21.600094086909667,0.0,0.001358968314404289,2.476140935253352
turbo_lunar_lander_12d,12,ts,logarithmic,decay_uniform_grid_a2_3,90,66,30,1.740251382935566,1.7427337129318077,0.6395221407284163,0.11676023416698231,1.403390608757669,2.1131423537168676,0.09660659529808613,3.005601561714673,0.6565078568709608,0.4756791850689933,0.5511442400831901,23.366666666666667,28.333333333333332,286.2759883400829,0.01124005182646215,0.0017171080068995555,3.6526930573085945
turbo_lunar_lander_12d,12,ts,logarithmic,decay_uniform_grid_a2_3,91,67,30,1.7032517247169594,1.7305782511428252,0.616869693802756,0.11262448211235808,1.2877550249850864,2.176350762005703,0.05557222038748577,2.8971396606130235,0.6552575486163346,0.47470165872950315,0.5502288993474681,23.566666666666666,28.766666666666666,290.3419352482539,0.011518264220406612,0.0016497830860316754,3.687678720119099
turbo_lunar_lander_12d,12,ts,logarithmic,decay_uniform_grid_a2_3,92,68,30,1.7196177719527783,1.7420461455705156,0.6405929124390093,0.11695572944025903,1.3267050718877271,2.17307938278163,0.0,2.9962512742167835,0.6547675793434341,0.4738873990885543,0.5493587899832311,23.9,29.033333333333335,294.58387319152246,0.00959261244473358,0.0016728149261325599,3.791282882882903
turbo_lunar_lander_12d,12,ts,logarithmic,decay_uniform_grid_a2_3,93,69,30,1.8083133080510827,1.7461132616802377,0.6928594547193132,0.12649825084349903,1.4156267484092155,2.1865061439642837,0.07424501010697515,3.4880416489523114,0.6541170347376848,0.47315353433873586,0.548494997621239,24.133333333333333,29.4,299.0515921784099,0.011606237851083279,0.001790928328409791,3.952588249106581
turbo_lunar_lander_12d,12,ts,logarithmic,decay_uniform_grid_a2_3,94,70,30,1.7437593263550137,1.732084410780932,0.6617356125555836,0.12081584070039732,1.3471119261651552,2.2080783625182567,0.08460715542334585,2.9090646234343254,0.65460698980586,0.4729521999309699,0.5482803744598267,24.366666666666667,29.8,303.6050182135776,0.01135197221301496,0.019685847451910377,4.09796685623005
turbo_lunar_lander_12d,12,ts,logarithmic,decay_uniform_grid_a2_3,95,71,30,1.746649172445951,1.697030942170787,0.6520905927157401,0.11905490905577494,1.384682609769113,2.271479469055054,0.08618475486068866,2.942309759947889,0.6542063846997251,0.47214991559420294,0.5475160635101736,24.733333333333334,30.2,308.19554112129845,0.009253573169310888,0.0018611294217407703,4.14836830861556
turbo_lunar_lander_12d,12,ts,logarithmic,decay_uniform_grid_a2_3,96,72,30,1.743853390461309,1.6953588142562652,0.7122247531564814,0.13003385443911786,1.3499864745628933,2.0126539998855635,0.009988313744804245,3.560926692334238,0.6525605383457982,0.4713271271050889,0.5463633169476793,24.9,30.533333333333335,312.5492769208737,0.012816807736332219,0.00182864791713655,3.9412738748981306
turbo_lunar_lander_12d,12,ts,logarithmic,decay_uniform_grid_a2_3,97,73,30,1.7833111324856916,1.7387258883497225,0.6784505264415363,0.12386755249442818,1.40433312918934,2.076830739726869,0.0,3.4426859507646093,0.651721927112699,0.4705789535484565,0.5457181616720883,25.2,30.866666666666667,316.86846475244187,0.010358861119796833,0.0017198503017425537,3.857065287310009
turbo_lunar_lander_12d,12,ts,logarithmic,decay_uniform_grid_a2_3,98,74,30,1.765773916883154,1.7312149966870694,0.6603174363637547,0.1205569183368035,1.407392552669724,2.1048268483368706,0.05781228585267706,3.3898715236160237,0.6512370772487405,0.46983789487035843,0.5449051319684827,25.6,31.233333333333334,321.24694106704555,0.008951538288965822,0.001774709050854047,3.970124289455513
turbo_lunar_lander_12d,12,ts,logarithmic,decay_uniform_grid_a2_3,99,75,30,1.7769766721574607,1.7102677271499709,0.6852927137186929,0.12511675926588603,1.3590976747006287,2.0836329514170244,0.0,3.606326973451436,0.6543289626246148,0.4731408001737985,0.5483649987837178,25.766666666666666,31.733333333333334,325.6460652501633,0.012245849892497062,0.020042940337831775,3.988408226768176
turbo_lunar_lander_12d,12,ts,logarithmic,fixed_p020,1,0,30,3.310651109298576,3.283904957447192,0.580644939743358,0.10601077713288837,3.052659635642117,3.600539664830276,2.2276699670828726,4.534419415344451,0.9999703333578658,0.9972378949702652,0.9997470325374905,0.0,0.0,0.7119785958280166,0.0,0.0011859174507359664,0.3848491526674479
turbo_lunar_lander_12d,12,ts,logarithmic,fixed_p020,10,0,30,2.22363944070666,2.237736932043511,0.389172751593094,0.07105289827129739,1.9972427935898305,2.560782715833177,1.4562514051970976,2.7919025174092806,0.9975692102752459,0.9785407233685759,0.9921383172057798,0.0,0.0,21.152035382312413,0.0,0.001212570055698355,1.9895410497517636
turbo_lunar_lander_12d,12,ts,logarithmic,fixed_p020,100,76,30,1.5030477652923788,1.5355327247779933,0.5816563495340106,0.10619543445196236,1.1983301926238907,1.8738141475563435,0.0,2.6450105330483495,0.6828540381008827,0.4996517347285285,0.5779005029154383,15.2,24.366666666666667,307.95393046593915,0.01117002038906018,0.00158224287442863,3.593152339430526
turbo_lunar_lander_12d,12,ts,logarithmic,fixed_p020,101,77,30,1.4768030463590922,1.465808273461806,0.6022035054237558,0.10994681470975856,1.1315648072860052,1.8697477805899454,0.0,2.6583317635541803,0.6816449888675906,0.49891137995847273,0.5771057628506928,15.433333333333334,24.733333333333334,311.9349946573997,0.010619453620165586,0.001616087214400371,3.6145040836495657
turbo_lunar_lander_12d,12,ts,logarithmic,fixed_p020,102,78,30,1.493390720836188,1.483190147448771,0.5849262992067649,0.1067924428511871,1.2630274592503352,1.8890145329543893,0.0,2.6605559644109,0.6810325264005463,0.49812670745178506,0.576251034927553,15.666666666666666,25.066666666666666,315.9991832242968,0.010714960129310688,0.001587716971213619,3.576707409710313
turbo_lunar_lander_12d,12,ts,logarithmic,fixed_p020,103,79,30,1.5002205067843246,1.6238543240522523,0.6125946247582239,0.11184396486216398,1.1926332644570956,1.8957890372329258,0.0,2.6615630219066277,0.6802238972709012,0.4973667893173865,0.5754460422100236,15.866666666666667,25.3,320.00560389864256,0.011226754526918133,0.0016825107702364524,3.5527079969799766
turbo_lunar_lander_12d,12,ts,logarithmic,fixed_p020,104,80,30,1.5196403160473768,1.6495317233026512,0.6139684189447911,0.11209478421728143,1.1451556796326638,1.895324689490277,0.0,2.665897718953235,0.6765710772752603,0.49364761930992795,0.5715943898158967,16.1,25.733333333333334,323.88236299037624,0.010566882090643048,0.017570430459454656,3.5219183140744765
turbo_lunar_lander_12d,12,ts,logarithmic,fixed_p020,105,81,30,1.480538443286071,1.5428544029387303,0.5914389303390009,0.10798148117779911,1.0915989799299384,1.9072457616272698,0.0,2.664435392805747,0.6762369526211374,0.49289244319223685,0.5708309155798937,16.3,26.033333333333335,327.8623665558019,0.011085697542876005,0.0017025809735059737,3.6314399362541736
turbo_lunar_lander_12d,12,ts,logarithmic,fixed_p020,106,82,30,1.5395266867682253,1.6815636456980796,0.5958914216960621,0.10879439116225219,1.1746470866765626,1.9084856314050327,0.0,2.6605340277746086,0.6753828725791879,0.49216859779274696,0.5700719687862807,16.466666666666665,26.333333333333332,331.9834103969702,0.011500160209834576,0.0017114301367352406,3.6637080313172192
turbo_lunar_lander_12d,12,ts,logarithmic,fixed_p020,107,83,30,1.5449339262968556,1.6011733890673459,0.6095969341811507,0.11129666394566942,1.1762990342970383,1.9777676293712625,0.0,2.651730410953895,0.6751896163641902,0.4914305926746902,0.5692454868689297,16.666666666666668,26.7,336.04297387750506,0.011216808420916399,0.0017183921920756499,3.7005198763373
turbo_lunar_lander_12d,12,ts,logarithmic,fixed_p020,108,84,30,1.4855837976767319,1.520256399380095,0.6278824678407661,0.1146351303661332,1.1654662752664047,1.9564726633204925,0.0,2.6615145701199197,0.6747223618555139,0.4907433697770687,0.5685837587822599,16.866666666666667,27.1,340.0840981746248,0.011283303362627823,0.0016945580020546914,3.665159736433998
turbo_lunar_lander_12d,12,ts,logarithmic,fixed_p020,109,85,30,1.4627910648936366,1.5411166857389254,0.6505249987513034,0.11876907201236964,0.9925514883478388,1.9818215969182802,0.0,2.6477426633043417,0.6755596627720871,0.49111690482370135,0.5690401771739435,17.266666666666666,27.5,344.1125574041158,0.008212435307602088,0.01824011099524796,3.67293983111158
turbo_lunar_lander_12d,12,ts,logarithmic,fixed_p020,11,0,30,2.2039395465044658,2.2537721007319247,0.40585783873010195,0.07409916447092356,1.9774190634865962,2.5267119990292883,1.0662318150143433,2.775831557357914,0.9974193191914803,0.9770600576717418,0.9914932065434111,0.0,0.0,23.481974997728443,0.0,0.0012294206613053878,2.022498411498964
turbo_lunar_lander_12d,12,ts,logarithmic,fixed_p020,110,86,30,1.4812786527898834,1.476038010356062,0.6523188914359844,0.11909659050875072,1.0990637569090653,2.0497955174289286,0.0,2.6479753402822506,0.6751041990723097,0.49035079945237386,0.5682062211830393,17.4,27.966666666666665,348.03939278339965,0.012188729302336773,0.001677083953594168,3.571791614529987
turbo_lunar_lander_12d,12,ts,logarithmic,fixed_p020,111,87,30,1.4975594172011073,1.57485547869507,0.6401040662940264,0.11686647875334018,1.1095541711155072,2.0390768603090863,0.0,2.6448831080942137,0.6736834015913529,0.4896330782599407,0.5673020689321693,17.666666666666668,28.3,351.9716002913192,0.01020204018180569,0.0016695527204622824,3.565926507782812
turbo_lunar_lander_12d,12,ts,logarithmic,fixed_p020,112,88,30,1.4914551359207533,1.519017224488446,0.649321111042426,0.1185492731940845,1.1667538293452395,1.98401561078394,0.0,2.651770176564274,0.6723985240764804,0.4888985034740932,0.5665107385399257,17.966666666666665,28.866666666666667,355.95498414315904,0.009805317238594095,0.001677996168533961,3.542508556088433
turbo_lunar_lander_12d,12,ts,logarithmic,fixed_p020,113,89,30,1.5479368048829678,1.4926588384678623,0.5882748432190684,0.10740380054796626,1.2133352463284837,2.03021942703446,0.0,2.65779035322824,0.6702955654421904,0.48826561653463535,0.5656986012461371,18.033333333333335,29.233333333333334,360.1203198723495,0.012727912003174423,0.0016838318823526302,3.648808753242095
turbo_lunar_lander_12d,12,ts,logarithmic,fixed_p020,114,90,30,1.4667642700537151,1.5000961123727645,0.7033864110259749,0.12842020132050896,0.9792149769764117,1.9611612288508868,0.0,2.8211406645571886,0.6682967947757934,0.486300244088015,0.5638153455932823,18.2,29.4,364.14807949985067,0.01147718746215105,0.019088831714664897,3.61366387361971
turbo_lunar_lander_12d,12,ts,logarithmic,fixed_p020,115,91,30,1.4611386343069888,1.5607607445679972,0.6571455188977174,0.11997780808790576,1.0608960453373881,1.9474271562392662,0.0,2.6636819394927302,0.6674441638054324,0.4856017112898542,0.5630710230134587,18.4,29.7,368.1615344379718,0.011078500871857007,0.0017243667505681514,3.602121700703477
turbo_lunar_lander_12d,12,ts,logarithmic,fixed_p020,116,92,30,1.4279855794974108,1.525140863775381,0.6856559600271983,0.125183078664919,0.9669489984482128,1.9168760637218125,0.0,2.664063299757772,0.6662866455843777,0.48484888380999436,0.5624153604821565,18.633333333333333,30.133333333333333,372.0754273087252,0.010558848657334844,0.0017085990402847528,3.5935862839377175
turbo_lunar_lander_12d,12,ts,logarithmic,fixed_p020,117,93,30,1.449096172130011,1.5230809453003538,0.6771813556009725,0.12363583466152667,1.0710908320732992,1.983697369636726,0.0,2.637939008056936,0.665750396020096,0.48420945064252063,0.561639855710733,18.833333333333332,30.566666666666666,376.02049209424297,0.011063988289485375,0.0017011228948831559,3.560895588605975
turbo_lunar_lander_12d,12,ts,logarithmic,fixed_p020,118,94,30,1.4218053856641717,1.532481331894737,0.690513728865098,0.12606998185547344,1.0849612824096861,1.8609110978601606,0.0,2.6345856719705756,0.6652324886666571,0.48352832984469823,0.5608962241131555,19.133333333333333,30.933333333333334,379.9891582475199,0.009792616839210193,0.0017926104366779328,3.5669038032492
turbo_lunar_lander_12d,12,ts,logarithmic,fixed_p020,119,95,30,1.4548718464821149,1.4661960016777673,0.6268634696384467,0.11444908759897736,1.1127472434380254,1.919601475128534,0.0,2.624633721401061,0.664957268531498,0.48289359018628714,0.5601535363231578,19.4,31.433333333333334,383.9829493468938,0.010319503381227453,0.019304102504005036,3.607790871585409
turbo_lunar_lander_12d,12,ts,logarithmic,fixed_p020,12,0,30,2.2106593718795478,2.2407115330443084,0.3965547873468668,0.07240066743884772,1.988724447039785,2.5380856481454894,1.0907761306781327,2.776769492091669,0.9971768750965188,0.9755870863831688,0.9906783619358783,0.0,0.0,25.790012557121614,0.0,0.0011624729881683986,2.0064248575052868
turbo_lunar_lander_12d,12,ts,logarithmic,fixed_p020,120,96,30,1.434089162088601,1.5021934438251445,0.6382705324887741,0.11653172281164519,1.0052743800836184,1.7474025279376024,0.0,2.567637196462769,0.6646610725176892,0.4822146228718529,0.5594357590873333,19.566666666666666,31.866666666666667,387.9899931675444,0.011558477953076362,0.0017603219176332155,3.6056542452114324
turbo_lunar_lander_12d,12,ts,logarithmic,fixed_p020,121,97,30,1.4295478335632856,1.431334099303656,0.6132281921888362,0.11195963791997962,1.0695247578352836,1.8073561702510514,0.0,2.5722257967249713,0.6641132063131112,0.4815442959490973,0.5587346345385577,19.866666666666667,32.2,391.97536205622987,0.00972716415611406,0.0018111645244061948,3.601972880943989
turbo_lunar_lander_12d,12,ts,logarithmic,fixed_p020,122,98,30,1.4193465856643344,1.4067416863317344,0.6019904631513091,0.10990791869031816,1.11129898726952,1.8172908526694938,0.0,2.574319529989282,0.6637715620149015,0.4809616659455195,0.5580760819060218,20.0,32.5,395.96707423520274,0.012171216619511446,0.0017708089202642442,3.626270000543445
turbo_lunar_lander_12d,12,ts,logarithmic,fixed_p020,123,99,30,1.453069376882332,1.5134372522745516,0.5917217805338035,0.10803312232182849,1.227371435374768,1.7264012705996004,0.0,2.5664361449922084,0.6631659954926328,0.4803903914415057,0.5574731766593423,20.233333333333334,32.733333333333334,400.02492512447446,0.010625937099878987,0.0017616388077537218,3.6815909578154487
turbo_lunar_lander_12d,12,ts,logarithmic,fixed_p020,124,100,30,1.4801062821926478,1.4424986971041522,0.5606128468775157,0.10235343408733498,1.2354785230304537,1.8414075148394806,0.0,2.5619801630476258,0.6627285934046788,0.4797009616457981,0.5566861480604769,20.466666666666665,33.13333333333333,404.31704542194495,0.010706095381950338,0.02037622594895462,3.691976851085201
turbo_lunar_lander_12d,12,ts,logarithmic,fixed_p020,125,101,30,1.5070919443765143,1.4400265292574272,0.622691208069212,0.11368734033988344,1.2512240287335876,1.86631863978806,0.0,2.885320544216491,0.6618829479603551,0.479059342995934,0.5560361204764211,20.733333333333334,33.5,408.36327869305387,0.010234581011657914,0.0017553021665662528,3.6743775780467938
turbo_lunar_lander_12d,12,ts,logarithmic,fixed_p020,126,102,30,1.4782141696913023,1.569113941841978,0.6058369714118541,0.11061019180429497,1.0818688212544918,1.9501911755035686,0.0,2.5640401098810615,0.6611200696580133,0.47843009334367714,0.5555506732329102,20.933333333333334,33.833333333333336,412.41258513409025,0.011188933827603857,0.0018409752752631902,3.6731472723030794
turbo_lunar_lander_12d,12,ts,logarithmic,fixed_p020,127,103,30,1.462471109706797,1.5217765119135251,0.6070996164104655,0.11084071818691515,1.0533740958989612,1.9303900374773124,0.0,2.5552985016374308,0.6606403002095066,0.4778101552679815,0.554775899977589,21.2,34.166666666666664,416.5431642331649,0.010341633049150308,0.001799503667280078,3.7406627642922103
turbo_lunar_lander_12d,12,ts,logarithmic,fixed_p020,128,104,30,1.4263904107906689,1.4477951029713543,0.6142324871954584,0.1121429962631519,1.154868237626507,1.8460320603636706,0.0,2.5632923068543496,0.66041629849675,0.47721193532327205,0.5540746224517843,21.366666666666667,34.6,420.6023321822441,0.011716631054878236,0.0018435136259843906,3.6477463833522052
turbo_lunar_lander_12d,12,ts,logarithmic,fixed_p020,129,105,30,1.4337063260795118,1.5015997963853356,0.6195626452446066,0.11311614552934729,1.1017074943198315,1.84461428162047,0.0,2.5507692019099464,0.6579784222571605,0.47635680699463445,0.5532197924386021,21.6,34.93333333333333,424.6601873130072,0.010756521470223863,0.021606091254701216,3.5992684004673112
turbo_lunar_lander_12d,12,ts,logarithmic,fixed_p020,13,0,30,2.1624211766836634,2.169847667959323,0.4000469610745641,0.07303824821397663,1.8748445000298197,2.4402882454317654,1.1087561383423163,2.7763907585551406,0.997077015008267,0.9742330654319203,0.9901181193354852,0.0,0.0,28.08573690466583,0.0,0.0011683633861442407,2.005058081417034
turbo_lunar_lander_12d,12,ts,logarithmic,fixed_p020,130,106,30,1.4953826996509503,1.5269215780327916,0.6473201975641246,0.11818395804485725,1.1285046047955847,1.8905837856781453,0.0,2.80216586135096,0.6573944323192463,0.4758135367397429,0.5526178482184307,21.833333333333332,35.266666666666666,428.7896307245518,0.010940367495641113,0.0018266798928380013,3.64504406331107
turbo_lunar_lander_12d,12,ts,logarithmic,fixed_p020,131,107,30,1.5074371094998118,1.4818947574144532,0.573618829227921,0.10472799072594532,1.1882204849298539,1.9045740585336524,0.0,2.558087987259421,0.65618641465395,0.4752185195823937,0.5519666114343689,22.033333333333335,35.63333333333333,432.848618352972,0.011233352574830253,0.0018443838382760684,3.67564100845096
turbo_lunar_lander_12d,12,ts,logarithmic,fixed_p020,132,108,30,1.4809914791536127,1.448669281028741,0.5654760240984816,0.10324132470902443,1.1444242616565825,1.8635634070234937,0.0,2.5319403362593023,0.6559894669933093,0.47469555840040994,0.5513762423824384,22.166666666666668,35.9,436.98832689762736,0.012174341532712182,0.0018208473765601715,3.6816757261287423
turbo_lunar_lander_12d,12,ts,logarithmic,fixed_p020,133,109,30,1.4896352054923585,1.4763262763670015,0.5609026585433144,0.1024063462162637,1.2238376724805178,1.8840483989076637,0.0,2.556492229229905,0.6552554554886616,0.47416699739530244,0.5508661532680031,22.3,36.166666666666664,441.0801705674734,0.012566116188342373,0.001865720252195994,3.6546891844365748
turbo_lunar_lander_12d,12,ts,logarithmic,fixed_p020,134,110,30,1.4637292643089037,1.426570345406033,0.6156360331873899,0.11239924752991085,1.1612827287158556,1.8986988250272407,0.0,2.5493612838577517,0.656275454479206,0.4749141717246148,0.5516266407537097,22.566666666666666,36.56666666666667,445.04496517555475,0.010432353150099516,0.023479777372752628,3.572480755268286
turbo_lunar_lander_12d,12,ts,logarithmic,fixed_p020,135,111,30,1.4137661718145482,1.4063537881459962,0.6282232314514304,0.11469734500491247,1.2123717098628934,1.7433619188547902,0.0,2.5417255514627977,0.6556801430764579,0.4743540924812239,0.5510408528742194,22.766666666666666,36.9,449.09131226831425,0.01129403207451105,0.001853919324154655,3.5619163685633493
turbo_lunar_lander_12d,12,ts,logarithmic,fixed_p020,136,112,30,1.4330943231308402,1.4872827897194516,0.6388650844321551,0.11664027264864461,1.0717902605972396,1.8186732062260558,0.0,2.594732811164946,0.6549992091986968,0.4738151435084975,0.5504943243199457,22.933333333333334,37.266666666666666,453.00196003575496,0.012005837991212805,0.0018804950484385093,3.5502289982667814
turbo_lunar_lander_12d,12,ts,logarithmic,fixed_p020,137,113,30,1.428769670833237,1.4074946274457385,0.6350859285439894,0.11595029633921901,1.1023360226354155,1.7865540688428176,0.0,2.5846950011013305,0.6546036453160293,0.4732592457184236,0.5499447927091269,23.133333333333333,37.63333333333333,456.94913448168273,0.011264926210666696,0.001875931148727735,3.560526501759887
turbo_lunar_lander_12d,12,ts,logarithmic,fixed_p020,138,114,30,1.420933042259204,1.4506564521825385,0.6046451104023105,0.11039258875084901,1.101217447841356,1.7982323680840435,0.0,2.5931172385122196,0.6543496048855777,0.4726834993275964,0.5494833799302786,23.4,37.9,460.97168653372984,0.010507120424881578,0.0019106372259557248,3.620319114206359
turbo_lunar_lander_12d,12,ts,logarithmic,fixed_p020,139,115,30,1.4256945653844098,1.4399711639358288,0.6405072795889354,0.11694009509237606,1.1372031398518212,1.8324571347536573,0.0,2.598337588733499,0.6578461626324669,0.4758904366630959,0.5527546462260372,23.666666666666668,38.3,464.93656336179316,0.010616461094468833,0.023940801403174797,3.5187837705016136
turbo_lunar_lander_12d,12,ts,logarithmic,fixed_p020,14,0,30,2.154786439057285,2.1409700023643303,0.3714147224807916,0.06781074056408357,1.8546720315916845,2.392664409051791,1.3656806381213453,2.779667657065398,0.9966224269695563,0.9727196180071898,0.9893869242909837,0.0,0.0,30.43074206681922,0.0,0.001182903132090966,2.0343952134717256
turbo_lunar_lander_12d,12,ts,logarithmic,fixed_p020,140,116,30,1.4251707653114976,1.484858277322106,0.620569091714469,0.11329989667416897,1.1829058287387033,1.7780930111596545,0.0,2.6043202767915155,0.6575180130017159,0.4753460781139326,0.5522100192036071,23.833333333333332,38.666666666666664,468.9739136500439,0.011777376430109144,0.0019045128642270963,3.5686073266435416
turbo_lunar_lander_12d,12,ts,logarithmic,fixed_p020,141,117,30,1.4678967511817178,1.5865915466452571,0.624440598226253,0.11400673382351306,1.2563808138848407,1.8537326709392872,0.0,2.597908404350894,0.6573281011929963,0.4747880062316854,0.551679011335808,24.033333333333335,38.96666666666667,473.12581939225396,0.011321926520516475,0.0019609260372817515,3.6295147102170935
turbo_lunar_lander_12d,12,ts,logarithmic,fixed_p020,142,118,30,1.4556970824242268,1.553772676895143,0.6239462232495798,0.11391647371464973,1.2851818992669404,1.839365444889027,0.0,2.584377909471266,0.6571587409015114,0.47428183359050474,0.5511418919256255,24.233333333333334,39.3,477.1832471809505,0.011464939561362068,0.0019239909946918488,3.6644723831055064
turbo_lunar_lander_12d,12,ts,logarithmic,fixed_p020,143,119,30,1.447487710053673,1.58758790620789,0.628840162047286,0.11480998060616752,1.0925938393850163,1.8178905257121778,0.0,2.5785913996106795,0.6566459906085977,0.47367565384824334,0.550473277852371,24.366666666666667,39.56666666666667,481.16351921887446,0.01224109938678642,0.001929939848681291,3.6539361877522123
turbo_lunar_lander_12d,12,ts,logarithmic,fixed_p020,144,120,30,1.5002527358993285,1.6636226407811416,0.6398125736540364,0.1168132597219171,1.2207134183859536,1.8784689156102035,0.0,2.5721374223026223,0.6635716007305399,0.4795774577125188,0.5568197771528172,24.433333333333334,39.7,485.34357378451773,0.013234179063389698,0.025436077375585835,3.747850786537553
turbo_lunar_lander_12d,12,ts,logarithmic,fixed_p020,145,121,30,1.535650059566403,1.7557169460660913,0.6140594181851748,0.11211139832950609,1.190848831376906,1.9243048155344136,0.0,2.575712834886414,0.6618170385922404,0.4790283813822334,0.5562240611199647,24.6,39.8,489.47184704363656,0.012028745111698906,0.0019808015941331783,3.667082767545556
turbo_lunar_lander_12d,12,ts,logarithmic,fixed_p020,146,122,30,1.5245586206210981,1.6694970788471792,0.599256459144946,0.10940876013478663,1.0952503098856705,1.8845575780473336,0.0,2.5791825824436634,0.6614276025166738,0.47849061853670605,0.5556468518734086,24.766666666666666,40.06666666666667,493.52237244985685,0.011760247483228644,0.001979443430900574,3.6984057751328994
turbo_lunar_lander_12d,12,ts,logarithmic,fixed_p020,147,123,30,1.5149714567191672,1.5943150425591825,0.5938739363366053,0.10842605041531522,1.222546077176848,1.8278466531252866,0.0,2.5638331548108786,0.6609214013158388,0.47794516426786443,0.5551340193958807,24.833333333333332,40.233333333333334,497.6515870455497,0.013253161466370027,0.002031231485307217,3.7138472005414465
turbo_lunar_lander_12d,12,ts,logarithmic,fixed_p020,148,124,30,1.490630148472998,1.5622742871593296,0.6065174164661222,0.11073442350608347,1.1926304640779566,1.819404652112875,0.0,2.5603721216745123,0.6600874586782244,0.47739153859147676,0.5545587031188479,25.033333333333335,40.5,501.6537448202415,0.011417232733219863,0.002007195074111223,3.645570098639776
turbo_lunar_lander_12d,12,ts,logarithmic,fixed_p020,149,125,30,1.4636959640894567,1.5719152624044954,0.5972525044139968,0.10904288973133328,1.1689394893765563,1.8187882591783493,0.0,2.5662795950660975,0.6562787995236677,0.47350086910665856,0.5504539534966981,25.133333333333333,40.8,505.74458041026566,0.012832194411506256,0.027655853843316435,3.687091840027521
turbo_lunar_lander_12d,12,ts,logarithmic,fixed_p020,15,0,30,2.1347991880220576,2.1185131199386142,0.37296349748131596,0.06809350689884598,1.8408286933968911,2.307423651628433,1.290156542048358,2.78755737563226,0.9963141373461718,0.9712580647761323,0.9886452928854991,0.0,0.0,32.77509170578172,0.0,0.001191921376933654,1.9852070697428037
turbo_lunar_lander_12d,12,ts,logarithmic,fixed_p020,150,126,30,1.5588357089227027,1.6181264915242548,0.6447809134274924,0.11772035031100775,1.2979027731057258,1.9999608694433446,0.0,2.7772417575688455,0.6558510716657245,0.47298691681041155,0.5499305256420431,25.3,40.93333333333333,509.89716569852703,0.011843009448299805,0.002007930384327968,3.6839602584019304
turbo_lunar_lander_12d,12,ts,logarithmic,fixed_p020,151,127,30,1.5412929946439098,1.556905700994191,0.6060889920854355,0.11065620427358772,1.298594202775819,2.0301665234646595,0.0,2.556027610166041,0.6554636905781398,0.472485143807086,0.5495238507586327,25.566666666666666,41.3,514.1301110256463,0.010433119147395094,0.0020099840747813385,3.7529847794367623
turbo_lunar_lander_12d,12,ts,logarithmic,fixed_p020,152,128,30,1.5448358183080868,1.687088866246493,0.6171632869568588,0.11267808464343515,1.231805753474807,1.9732390997105194,0.0,2.5547216211550827,0.6550970755185598,0.4719488163727202,0.5489443307491162,25.7,41.63333333333333,518.3727860734954,0.01229338888078928,0.0020336080032090347,3.8204433772712947
turbo_lunar_lander_12d,12,ts,logarithmic,fixed_p020,153,129,30,1.5520310780131008,1.7132234337026226,0.6161793240959059,0.11249843842520474,1.3918128914156433,1.9234153865190793,0.0,2.56913098560452,0.6541090252509186,0.47138755976710534,0.5484388190978471,26.0,42.0,522.4777658618987,0.010165737305457393,0.0021295163314789534,3.699369287940984
turbo_lunar_lander_12d,12,ts,logarithmic,fixed_p020,154,130,30,1.5172436968974206,1.5703851663755382,0.6033818885637829,0.11016195705215077,1.215639746004562,1.9288005528748058,0.0,2.56337515598271,0.6538384036198137,0.47088328366826043,0.5480062867802606,26.2,42.5,526.747043712639,0.011596232109392682,0.02850053672057887,3.7395079565389704
turbo_lunar_lander_12d,12,ts,logarithmic,fixed_p020,155,131,30,1.499638683852186,1.5467120238036167,0.6469037737969711,0.11810792981460681,1.1677072841910818,1.8548368721485158,0.0,2.8123012754820134,0.6536624671389736,0.47038481503902024,0.5474720329523662,26.333333333333332,42.766666666666666,530.9595758203883,0.012669468314076464,0.0021250328825165826,3.740298054087907
turbo_lunar_lander_12d,12,ts,logarithmic,fixed_p020,156,132,30,1.5088600373647643,1.515155859608261,0.6308951284896959,0.11518516443130887,1.2807897758304072,1.9150602781988357,0.0,2.846023029072258,0.6528561018944605,0.46990807396303136,0.5468967805412742,26.633333333333333,43.0,535.1653194478092,0.010326431505382061,0.002121825298915307,3.775429833540693
turbo_lunar_lander_12d,12,ts,logarithmic,fixed_p020,157,133,30,1.5081105121486151,1.5348733803270975,0.5954996322186896,0.10872286051740217,1.350038380900087,1.8779166751861138,0.0,2.839334128971673,0.6524391493157052,0.46940153888230396,0.5463166756895595,26.866666666666667,43.333333333333336,539.3790011580257,0.01129868336332341,0.002195279657219847,3.7810197937923173
turbo_lunar_lander_12d,12,ts,logarithmic,fixed_p020,158,134,30,1.509361130270201,1.5663944544665531,0.6131392525553709,0.11194339983881124,1.1586469241325026,1.9451807591171935,0.0,2.846826886606467,0.651939084767704,0.46896466346588483,0.5457826377988275,27.066666666666666,43.7,543.6272837363493,0.012353020254522562,0.0021037292977174123,3.87165958386225
turbo_lunar_lander_12d,12,ts,logarithmic,fixed_p020,159,135,30,1.522275959542332,1.5109486931559397,0.6031343264197524,0.11011675859526082,1.3183950270984164,1.9101197548992703,0.0,2.810555678732971,0.6509110878220739,0.46764475850197645,0.5444215545571762,27.266666666666666,44.1,547.9335348357137,0.012301913633321723,0.030420644364009302,3.870243834766249
turbo_lunar_lander_12d,12,ts,logarithmic,fixed_p020,16,0,30,2.1075148702959936,2.11749211157533,0.366120683037318,0.0668441856229127,1.881068205428724,2.2893746555309353,1.135735755309334,2.832314316644396,0.9960433785475872,0.9700005941429422,0.9879774141683791,0.0,0.0,35.03460189259301,0.0,0.0011690644857784112,1.968428074227025
turbo_lunar_lander_12d,12,ts,logarithmic,fixed_p020,160,136,30,1.5120217958618236,1.493149295625313,0.6125310383283967,0.11183235562150813,1.2498686795534255,1.9625584662740179,0.0,2.8393275924384436,0.6505523879783177,0.4671512664478387,0.5438295628588435,27.333333333333332,44.233333333333334,552.2183830087073,0.014916117303073406,0.0021725856699049474,3.901352636454006
turbo_lunar_lander_12d,12,ts,logarithmic,fixed_p020,161,137,30,1.5330914061248329,1.5408239709298774,0.5938946556969915,0.10842983323566875,1.2686800153082862,1.9769224383488795,0.0,2.8427746441253476,0.6502979526867811,0.46670735792054696,0.5433427564376323,27.5,44.46666666666667,556.6250172027542,0.013233369930336874,0.0021793917597581944,3.830205538434287
turbo_lunar_lander_12d,12,ts,logarithmic,fixed_p020,162,138,30,1.5000889550918532,1.4365553345251483,0.5942957717579141,0.10850306667391707,1.210443577432391,1.896784080097392,0.0,2.836637976368928,0.6500677581841514,0.46624624836214085,0.5428486248864475,27.666666666666668,44.733333333333334,560.8870516779522,0.013043124011407297,0.0021402414112041395,3.881631339279314
turbo_lunar_lander_12d,12,ts,logarithmic,fixed_p020,163,139,30,1.5990873083104404,1.6755955143154866,0.6112667082674615,0.1116015215900061,1.3436530724873519,1.932094288129785,0.0,2.8393917124067114,0.6496493625180956,0.4657903496526652,0.5424558603699986,27.866666666666667,45.1,565.1547864782468,0.012462153518572449,0.0022090635262429713,3.789288137992844
turbo_lunar_lander_12d,12,ts,logarithmic,fixed_p020,164,140,30,1.528170106214581,1.4530627613590017,0.6153591221172083,0.11234869071672372,1.2525029161626582,1.905563203377448,0.0,2.827498332516555,0.6462347059543195,0.4629516003307626,0.5392821196344425,28.033333333333335,45.4,569.3539081930649,0.013091362205644448,0.03342423744810124,3.757787992650022
turbo_lunar_lander_12d,12,ts,logarithmic,fixed_p020,165,141,30,1.560198103417355,1.5692330694133596,0.6146865463695314,0.1122258957471792,1.3214620204742709,1.9159135786403723,0.0,2.8309981242233997,0.6460775324080134,0.46253391456222653,0.538738462765361,28.2,45.733333333333334,573.6311957415504,0.013055962432796756,0.0021530000027269124,3.820992647778864
turbo_lunar_lander_12d,12,ts,logarithmic,fixed_p020,166,142,30,1.5897036456761136,1.5886172219999208,0.6270553634801904,0.11448412246090048,1.3136161711822827,1.9230812812473637,0.0,2.836568006273412,0.6459106777585417,0.4620605899489201,0.5381213384015165,28.5,46.2,578.0200008394507,0.010927324493726095,0.0021674840400616327,3.826969794385756
turbo_lunar_lander_12d,12,ts,logarithmic,fixed_p020,167,143,30,1.5999746395642298,1.6927539242400953,0.6408456801827003,0.11700187830526879,1.2766834836650733,1.9963018464125726,0.0,2.855310966150288,0.645710405429361,0.46158163569554755,0.5374617791882197,28.7,46.5,582.2736591153933,0.012630198073262969,0.00219913125038147,3.7946245112611603
turbo_lunar_lander_12d,12,ts,logarithmic,fixed_p020,168,144,30,1.5933308153591972,1.6844847884783924,0.6478665827126168,0.11828371386849557,1.2705887149393407,1.9610059483898439,0.0,2.84794423556945,0.6454772944516268,0.4611273239029456,0.5370696385698217,28.966666666666665,46.766666666666666,586.4878761559725,0.011551903172706565,0.00219332844329377,3.8282762978381166
turbo_lunar_lander_12d,12,ts,logarithmic,fixed_p020,169,145,30,1.5932486907867855,1.7121518415740242,0.6382420675205042,0.11652652584323848,1.3272844480556518,1.9135249425448455,0.0,2.8465702688138212,0.6450785646188513,0.4604757657977196,0.5364985975808404,29.233333333333334,47.1,590.660313553301,0.011782257910817861,0.033067417315517864,3.8045746811976033
turbo_lunar_lander_12d,12,ts,logarithmic,fixed_p020,17,0,30,2.099757838105531,2.110022740220339,0.3828710086523443,0.0699023626845482,1.873366464527005,2.3150564028909124,1.0023537683350885,2.8299922076114465,0.9959122692309682,0.9688942266809756,0.9873643256895525,0.0,0.0,37.29791703931987,0.0,0.0011927495865772168,1.9677586893551051
turbo_lunar_lander_12d,12,ts,logarithmic,fixed_p020,170,146,30,1.5623608713870614,1.6360331457236303,0.6413408234367689,0.11709227868175208,1.226748783629576,1.8881686971253284,0.0,2.8643972383357204,0.6447983097887012,0.4600205069372388,0.5360034893646334,29.533333333333335,47.53333333333333,594.9540188684904,0.011278044944629074,0.0022834411511818567,3.829049125329281
turbo_lunar_lander_12d,12,ts,logarithmic,fixed_p020,171,147,30,1.5820719147656965,1.7116628109564371,0.6499872555444167,0.11867089398418396,1.2334949811596256,1.9781118241882076,0.0,2.8564223332680747,0.6443681953992552,0.4596160854375995,0.5356393789533915,29.7,48.0,599.1890826932465,0.013211888493970037,0.002284011011943221,3.814298937547331
turbo_lunar_lander_12d,12,ts,logarithmic,fixed_p020,172,148,30,1.5894890726548496,1.6698341497915545,0.5947146494614639,0.10857954292960713,1.2374847761563024,1.9566995264469107,0.0,2.6065216231892716,0.644217025588684,0.4591593300378899,0.5352250263235405,29.833333333333332,48.233333333333334,603.5614463584653,0.013175466284155845,0.0022624149763335786,3.8438376030729464
turbo_lunar_lander_12d,12,ts,logarithmic,fixed_p020,173,149,30,1.5981059517864353,1.6904482596483392,0.6051715951429556,0.11048871127372686,1.303766912698205,2.0046837196873337,0.0,2.635625422051782,0.6434648051891823,0.4587108430129473,0.5347230227625008,30.033333333333335,48.43333333333333,607.7780530867323,0.012375664617866277,0.002343055217837294,3.885637458243097
turbo_lunar_lander_12d,12,ts,logarithmic,fixed_p020,174,150,30,1.577374691245022,1.6611411420212807,0.6074839898445582,0.11091089485370126,1.3067573339043967,1.8802758575271146,0.0,2.623873425796856,0.6442761461743618,0.45927429161345035,0.5353673163417142,30.3,48.833333333333336,612.177484186599,0.011479867808520793,0.03466328652575612,3.922070251063754
turbo_lunar_lander_12d,12,ts,logarithmic,fixed_p020,175,151,30,1.5468407667908968,1.5671330281369595,0.6088125011933502,0.11115344673157958,1.292803599271446,1.9021987423447297,0.0,2.615062668868063,0.6437542243370926,0.458820154279331,0.5348567208085125,30.533333333333335,49.2,616.3861966665213,0.011899513689180215,0.0023163844365626574,3.85716530890204
turbo_lunar_lander_12d,12,ts,logarithmic,fixed_p020,176,152,30,1.5342887929168085,1.6425774497820687,0.6020905334699405,0.10992618894726854,1.2261820549749765,1.874918092073675,0.0,2.597473264103926,0.6434553689727298,0.458402288476691,0.5344888099201491,30.766666666666666,49.46666666666667,620.6699499813529,0.01187230364109079,0.002329096710309386,3.830993055133149
turbo_lunar_lander_12d,12,ts,logarithmic,fixed_p020,177,153,30,1.569554572564301,1.6216846685195399,0.5934544159765216,0.10834945682713171,1.2477004031116896,1.9571706706048893,0.0,2.604668547632752,0.6431737421328283,0.4579428224088259,0.5340163668792113,30.9,49.766666666666666,624.9166308420245,0.013231265544891357,0.002333733718842268,3.874640230694786
turbo_lunar_lander_12d,12,ts,logarithmic,fixed_p020,178,154,30,1.586530289140242,1.6876824785874214,0.5938059663101157,0.10841364084306769,1.280126786181911,1.8863687970593732,0.0,2.586666091222134,0.642494121353265,0.45748642492532304,0.5333424824602712,31.133333333333333,50.13333333333333,629.2220312757728,0.011804718958834807,0.002336877786243955,3.88937883588175
turbo_lunar_lander_12d,12,ts,logarithmic,fixed_p020,179,155,30,1.5529290715962172,1.6907701505159058,0.5952098463598166,0.1086699531001519,1.2655743746037451,1.8672335465673404,0.0,2.537803060086234,0.6408211673601201,0.4562865981211623,0.5322141463052946,31.433333333333334,50.4,633.5666080525921,0.01107512906504174,0.03751140530221164,3.9469400183608134
turbo_lunar_lander_12d,12,ts,logarithmic,fixed_p020,18,0,30,2.0920062495202365,2.111017479782991,0.33864160291830364,0.0618272149426874,1.8708896179771348,2.3034307913698533,1.2088720059724667,2.759462209735169,0.9957094485013225,0.9675855483758339,0.9866311169886459,0.0,0.0,39.60087298845562,0.0,0.0012328419213493665,1.9692411580123008
turbo_lunar_lander_12d,12,ts,logarithmic,fixed_p020,180,156,30,1.56715202825127,1.6968875744911056,0.5866021853742837,0.10709841640377406,1.2939452438156926,1.8485077523535667,0.0,2.5071735693982893,0.6404226047968928,0.45588489465022,0.5316945390893925,31.6,50.666666666666664,637.7789751408001,0.012977828504517674,0.0023438273929059505,3.855481364314134
turbo_lunar_lander_12d,12,ts,logarithmic,fixed_p020,181,157,30,1.5662802737688668,1.6620958240066903,0.6086863904577963,0.11113042216671076,1.3261053489448043,1.8972451670499204,0.0,2.52212997018102,0.6398056808890077,0.455460363262776,0.5312590528759483,31.7,50.8,642.073807519845,0.014006649345780412,0.002340934332460165,3.836909956065938
turbo_lunar_lander_12d,12,ts,logarithmic,fixed_p020,182,158,30,1.5414339972471893,1.5282555892432852,0.6023562320938741,0.10997469865721071,1.3490318397808965,1.8116359541112486,0.0,2.518506180554918,0.6395753886216122,0.4549961307204718,0.530777315252264,31.8,51.0,646.3222160475174,0.014103892088557283,0.0024155872408300636,3.8298240817462403
turbo_lunar_lander_12d,12,ts,logarithmic,fixed_p020,183,159,30,1.5288699431930486,1.6257314607709534,0.6044109252344616,0.11034983258449435,1.2134122367911506,1.8131553092019947,0.0,2.524850892782555,0.6389531180705844,0.45454674593606187,0.5303042294314579,32.03333333333333,51.266666666666666,650.5870842660312,0.012032938081150253,0.0023962668298433223,3.845627301170801
turbo_lunar_lander_12d,12,ts,logarithmic,fixed_p020,184,160,30,1.5603742840024775,1.6670763731157192,0.6154250792959136,0.11236073279492582,1.3465624716504738,1.8072239997456703,0.0,2.67554886968702,0.6388315244743478,0.45440630935143267,0.5302228243149725,32.233333333333334,51.63333333333333,654.9298163402825,0.012401509921376903,0.038046161628638706,3.856651288177818
turbo_lunar_lander_12d,12,ts,logarithmic,fixed_p020,185,161,30,1.567104610690382,1.654683641651768,0.6044535437600509,0.1103576136271053,1.2985702501352452,1.8852392609577258,0.0,2.643343346950453,0.6387505892271265,0.4539990176317039,0.5297444030226752,32.43333333333333,51.9,659.1761104979242,0.012437886480862895,0.002376049291342497,3.8898360615751395
turbo_lunar_lander_12d,12,ts,logarithmic,fixed_p020,186,162,30,1.5902447087521556,1.6597123873260382,0.5977023847605979,0.10912502626933716,1.3325233803963177,1.9206705471239993,0.0,2.476365819142699,0.6384683215937801,0.453601360722978,0.5293719060900269,32.5,52.166666666666664,663.4984347720009,0.014478861850996812,0.0024260003740588826,3.908338945762565
turbo_lunar_lander_12d,12,ts,logarithmic,fixed_p020,187,163,30,1.55395285362426,1.6438600798072318,0.6050010718716798,0.11045757812630777,1.2356153000064996,1.92301504853568,0.0,2.4810081370787307,0.6379540050891505,0.4532118799131544,0.5288334783609411,32.6,52.333333333333336,667.8067989860351,0.01381692534002165,0.0024465845276912053,3.950698866384725
turbo_lunar_lander_12d,12,ts,logarithmic,fixed_p020,188,164,30,1.5564656115458815,1.653247985830109,0.5946726273765842,0.10857187078167312,1.29579182868417,1.9182755259886983,0.0,2.4706593697877834,0.6378268286677524,0.4528700321400408,0.5284816475028866,32.833333333333336,52.6,672.289959165221,0.012148816138505936,0.0025046078798671564,3.9223696496648093
turbo_lunar_lander_12d,12,ts,logarithmic,fixed_p020,189,165,30,1.544966994178101,1.690889526666413,0.6088399574396878,0.11115845953340076,1.2078296547166691,1.8674951291116286,0.0,2.473385652644698,0.6379390433738297,0.4527502073682738,0.5283321708773534,32.96666666666667,52.96666666666667,676.6286524315675,0.013499975530430674,0.039369521957511706,3.853393072774634
turbo_lunar_lander_12d,12,ts,logarithmic,fixed_p020,19,0,30,2.0804840658667922,2.12933069587867,0.3391846870726449,0.061926368090006165,1.870570543226884,2.277441225842643,1.1501422677106037,2.7184779824824505,0.9955179886383606,0.9663557325210144,0.9860669594507968,0.0,0.0,41.91883848652554,0.0,0.0012050598859786987,2.0154822231270373
turbo_lunar_lander_12d,12,ts,logarithmic,fixed_p020,190,166,30,1.5788032367311524,1.697203730330271,0.5940532917861522,0.10845879609049132,1.3702867222665278,1.9580817194924383,0.0,2.481409438262115,0.6378825428002964,0.4524020151343198,0.5279278772406043,33.06666666666667,53.2,680.8813890240931,0.014220457539583247,0.0024986004456877707,3.8957235858775676
turbo_lunar_lander_12d,12,ts,logarithmic,fixed_p020,191,167,30,1.5308873793211013,1.7083972466883313,0.5935413180134831,0.10836532289577736,1.1748652392092833,1.8135708094901295,0.0,2.472664205552181,0.6375869537651695,0.4519861244747442,0.5274134708489454,33.233333333333334,53.4,685.1631389707327,0.01298362563053767,0.00250345670307676,3.8625127061735838
turbo_lunar_lander_12d,12,ts,logarithmic,fixed_p020,192,168,30,1.548086911830314,1.6193610770591496,0.5619998601871589,0.10260666691308548,1.266613516730903,1.9036479474710517,0.0,2.474767989130739,0.6367181007610726,0.45162026724077614,0.527107293720735,33.5,53.7,689.5139296613013,0.011639056137452523,0.002668618643656373,3.91490462878719
turbo_lunar_lander_12d,12,ts,logarithmic,fixed_p020,193,169,30,1.5319700928079523,1.7119916758674356,0.6308623249694321,0.11517917535530418,1.131359400768136,1.895801020064785,0.0,2.555317712858637,0.6362788725249856,0.4512955009478777,0.5267633442592392,33.9,54.166666666666664,693.8812476903665,0.00963290644188722,0.0025570296837637823,3.904097087184588
turbo_lunar_lander_12d,12,ts,logarithmic,fixed_p020,194,170,30,1.5493348613685174,1.597199439867673,0.6009426012256907,0.10971660615238082,1.3410142445633726,1.836557171564849,0.0,2.5601933220476223,0.6351699419533091,0.45043765585774176,0.5257776964197771,34.13333333333333,54.6,698.2652517576081,0.011980395888288815,0.0422611384652555,3.9025576988856
turbo_lunar_lander_12d,12,ts,logarithmic,fixed_p020,195,171,30,1.54789304177469,1.6425782252610146,0.6044078027011086,0.11034926249050968,1.2691796681547869,1.7986543572586735,0.0,2.5732441093598677,0.6350081769381399,0.4500641383891781,0.5253204582027475,34.266666666666666,54.9,702.5131689757419,0.013700227811932563,0.0025422656753410896,3.891968957039838
turbo_lunar_lander_12d,12,ts,logarithmic,fixed_p020,196,172,30,1.570645234744519,1.6754929128277487,0.6233276881246388,0.11380354516780324,1.3527182096086072,1.862785170800784,0.0,2.631161822666987,0.6343587511142427,0.44966337863308803,0.5248299193850846,34.46666666666667,55.233333333333334,706.8044313563345,0.012421364942565561,0.0025214480391393106,3.8850854518512885
turbo_lunar_lander_12d,12,ts,logarithmic,fixed_p020,197,173,30,1.5912880607187412,1.708974751372644,0.5942809529180656,0.1085003611362967,1.230044935151429,1.8658226685093378,0.0,2.6137717765488437,0.6341978846127109,0.44927716730506906,0.5243845493454632,34.63333333333333,55.6,711.1208160536364,0.01288431528955698,0.002505847532302141,3.8757411206451553
turbo_lunar_lander_12d,12,ts,logarithmic,fixed_p020,198,174,30,1.5832539846723706,1.710498357211083,0.610234514794689,0.1114130697070904,1.2519278492092063,1.8507535057878208,0.0,2.65169443436251,0.6338455497998586,0.44887664705821245,0.5240305364225358,34.8,55.93333333333333,715.3738748748942,0.012921572212750714,0.002539211216693123,3.8744884940174718
turbo_lunar_lander_12d,12,ts,logarithmic,fixed_p020,199,175,30,1.6023903857183857,1.6820662095697339,0.6143466674989561,0.11216384263910137,1.317344502432022,1.931997851116925,0.0,2.6164593240693765,0.6364976530987063,0.45156512357224543,0.5269735626769605,35.03333333333333,56.2,719.6781412549627,0.011834588507190347,0.043662023218348625,3.885009889568513
turbo_lunar_lander_12d,12,ts,logarithmic,fixed_p020,2,0,30,2.885570233135184,2.8293080899717786,0.4982639284972421,0.09097013107636022,2.517399148613383,3.238257766184881,1.8437588878566724,3.9886089859838023,0.9996801932678034,0.9944561142072189,0.9987245304408059,0.0,0.0,2.765449539354692,0.0,0.0011730146904786428,1.6955775403572868
turbo_lunar_lander_12d,12,ts,logarithmic,fixed_p020,20,0,30,2.061611883645981,2.104385787790042,0.34075255035328955,0.06221261945197055,1.8126988241714181,2.2639419317645997,1.110178421976981,2.7188176888560056,0.9951943940238099,0.9650347806448117,0.9853139315771867,0.0,0.0,44.31073414144727,0.0,0.0012420838698744773,2.063343196983139
turbo_lunar_lander_12d,12,ts,logarithmic,fixed_p020,200,176,30,1.5833213770239338,1.6534581102901225,0.6120283427499115,0.1117405763855433,1.29708356232385,1.8671243087775633,0.0,2.6333875989182864,0.636421396591088,0.45119785814546415,0.5265870635283598,35.233333333333334,56.56666666666667,724.03102865528,0.01264611833418409,0.002557053385923306,3.9956031842467685
turbo_lunar_lander_12d,12,ts,logarithmic,fixed_p020,201,177,30,1.572006919874131,1.6392366535979739,0.6359225800118199,0.11610304729978588,1.2809660744068951,1.9381475704775704,0.0,2.634338538410514,0.6363092508684375,0.4508047162527348,0.5261198257029746,35.4,56.8,728.3549737128119,0.01309871687553823,0.002629648040359219,3.9909725826388844
turbo_lunar_lander_12d,12,ts,logarithmic,fixed_p020,202,178,30,1.558057344223335,1.6175651396718407,0.6300923004546445,0.11503858875644381,1.2214135947689924,1.9280753700364865,0.0,2.6604580862131617,0.6360370704514124,0.4504409879348686,0.5257539323901104,35.5,57.0,732.7451401179967,0.014108335040509701,0.0026144059064487617,3.9200448038987816
turbo_lunar_lander_12d,12,ts,logarithmic,fixed_p020,203,179,30,1.5817155725905208,1.60193207841166,0.6272986801096416,0.11452854579642266,1.326680996922668,1.9365656337878472,0.0,2.7140385401375355,0.635703973204599,0.4500259402821731,0.5253144968993307,35.7,57.166666666666664,737.0169927134955,0.012269505315149825,0.0025559600597868364,3.903658170765266
turbo_lunar_lander_12d,12,ts,logarithmic,fixed_p020,204,180,30,1.5839415225505475,1.6470066012922286,0.6482196111977241,0.11834816775674062,1.263952097523525,1.9343129186849721,0.0,2.716758095014346,0.6352396672478181,0.4494250549762745,0.5246042879812806,35.96666666666667,57.63333333333333,741.3783669371157,0.011395201118042072,0.045466226153075696,3.890584616192306
turbo_lunar_lander_12d,12,ts,logarithmic,fixed_p020,205,181,30,1.5950117256146943,1.6649038945038448,0.629084523669905,0.11485459473046652,1.2292748177082187,1.990235695111919,0.0,2.7029620596238573,0.6350912215569363,0.4490865610706487,0.5241815903447624,36.233333333333334,58.03333333333333,745.5774870839435,0.011325459166740378,0.0027206742204725744,3.876375349362691
turbo_lunar_lander_12d,12,ts,logarithmic,fixed_p020,206,182,30,1.5850593475516919,1.5704631006137673,0.6477890449161163,0.11826955746842806,1.277434938341666,1.948173657887376,0.0,2.7075294171268443,0.6348033358451375,0.4486977464730609,0.5237422021153374,36.36666666666667,58.36666666666667,749.8376797670498,0.013452544249594212,0.002628453044841687,3.9201522147748618
turbo_lunar_lander_12d,12,ts,logarithmic,fixed_p020,207,183,30,1.574883010346097,1.5892500150817597,0.6400780749078355,0.11686173339716766,1.2971818421387682,1.8669618259438898,0.0,2.7101821436256004,0.6342434878356044,0.44834403640234555,0.5234399805404535,36.63333333333333,58.7,754.1384394105058,0.011633192872007687,0.0026400755004336437,3.9190913286991416
turbo_lunar_lander_12d,12,ts,logarithmic,fixed_p020,208,184,30,1.6050979009967141,1.5626642155080184,0.6467672254675126,0.11808299961452881,1.2977820555948287,1.9101122085075521,0.0,2.7098995341102197,0.6338176683871442,0.4479955379623347,0.5230035163636733,36.8,59.06666666666667,758.4424095057107,0.01292988530670603,0.002671853049347798,3.926764465837429
turbo_lunar_lander_12d,12,ts,logarithmic,fixed_p020,209,185,30,1.626940940927728,1.7340075546537346,0.67365864463951,0.12299267857580543,1.3243102344044912,1.8992425025680129,0.0,2.7068739975126395,0.6330412004019671,0.4471937938207182,0.5221695345853605,37.03333333333333,59.333333333333336,762.6673160061085,0.012050100819518168,0.04738953815152248,3.8281893129926177
turbo_lunar_lander_12d,12,ts,logarithmic,fixed_p020,21,0,30,2.0103557832540613,2.1196253294823966,0.45621493106484673,0.0832930696049603,1.8201512959423876,2.2685593450080273,0.35543964366029956,2.6623164610743437,0.9950198861468054,0.9639788771103057,0.9847182647098223,0.0,0.0,46.75211652199117,0.0,0.0012211727754523358,2.0927640423799554
turbo_lunar_lander_12d,12,ts,logarithmic,fixed_p020,210,186,30,1.5874983593406227,1.6629789343111971,0.7311078128183303,0.1334814136829547,1.2451490237913028,2.0831133628287937,0.0,2.7076106115102574,0.6324057925861248,0.44686949216466976,0.5217560269638852,37.233333333333334,59.63333333333333,766.9361741238429,0.012521501195927461,0.002685160282999277,3.8529776270811755
turbo_lunar_lander_12d,12,ts,logarithmic,fixed_p020,211,187,30,1.62047096553406,1.655047298867701,0.7196396194539203,0.13138761761644857,1.363848619212968,2.105303463788587,0.0,2.7053959791095386,0.6322797860322193,0.4465256397732315,0.521235500940334,37.53333333333333,60.0,771.2737657009934,0.010996893917520841,0.002760854285831253,3.930118554054449
turbo_lunar_lander_12d,12,ts,logarithmic,fixed_p020,212,188,30,1.5891413842914546,1.6684290060973863,0.7180124548916667,0.13109053937127546,1.2832252365405645,1.9806896278419792,0.0,2.71074701860978,0.631743192162561,0.44617329597587135,0.5208955840100791,37.766666666666666,60.4,775.5466640598606,0.012206101867680749,0.0027341824024915695,3.919781460116307
turbo_lunar_lander_12d,12,ts,logarithmic,fixed_p020,213,189,30,1.586424960743094,1.6803892431387841,0.7318238740783767,0.1336121479845157,1.2506339566838742,2.0856883635325145,0.0,2.700393336582122,0.6316288542717875,0.44583519962007245,0.5205592816669478,37.833333333333336,60.7,779.9794301626117,0.01495807571336627,0.0028065174041936795,4.012830536564191
turbo_lunar_lander_12d,12,ts,logarithmic,fixed_p020,214,190,30,1.5919764877405318,1.6048709976572164,0.6511714640848213,0.11888709989430725,1.3031694014134723,2.0429870890226915,0.0,2.552646864393053,0.6302653068948131,0.4445303793046968,0.5191591271917966,38.0,60.93333333333333,784.6761903133244,0.013377211630965273,0.053952297863240045,4.10475251218304
turbo_lunar_lander_12d,12,ts,logarithmic,fixed_p020,215,191,30,1.5568359738036188,1.5925233555127876,0.6749298905129661,0.12322477525614786,1.2761372082162261,1.8807409561559199,0.0,2.552115228131928,0.6299367186062084,0.4441901080109871,0.5188993355399335,38.1,61.2,789.0372782449393,0.014217633272831638,0.0028578427775452536,3.9977324010649076
turbo_lunar_lander_12d,12,ts,logarithmic,fixed_p020,216,192,30,1.536995202588939,1.60682167178126,0.6827720508477105,0.12465655129445177,1.2239737430616946,1.9543920872192493,0.0,2.5506418263816633,0.6297355972509519,0.44385524458020925,0.5184624418479471,38.233333333333334,61.43333333333333,793.4441756813632,0.013732899430518348,0.0029836940579116345,3.9962952335209896
turbo_lunar_lander_12d,12,ts,logarithmic,fixed_p020,217,193,30,1.575819804806532,1.721757717117883,0.639431160472149,0.11674362352076724,1.3047743216126308,1.8719735875017247,0.0,2.5409546045118976,0.6294156191713838,0.44351418634786,0.5180632778508,38.43333333333333,61.766666666666666,797.8874177249304,0.012737625138834118,0.002865650411695242,3.992234199400991
turbo_lunar_lander_12d,12,ts,logarithmic,fixed_p020,218,194,30,1.558145085652715,1.6220636260680033,0.6464538477490476,0.1180257849327212,1.2984054670507477,1.9462946350944894,0.0,2.547263035797411,0.62900206836587,0.4431595891983788,0.5177356430589622,38.6,62.06666666666667,802.4102377932209,0.013505435672899087,0.002878531611834963,4.04511429159902
turbo_lunar_lander_12d,12,ts,logarithmic,fixed_p020,219,195,30,1.493105426772356,1.575054332574469,0.7030966747634274,0.12836730295826748,1.190523780316554,1.988284052122622,0.0,2.5495606537030087,0.626720850559383,0.440971520452857,0.515484801375717,38.833333333333336,62.46666666666667,807.0133200873465,0.012501597140605251,0.05458362361726662,4.054362012554581
turbo_lunar_lander_12d,12,ts,logarithmic,fixed_p020,22,0,30,2.018812395918843,2.0954128147140247,0.4247300673108744,0.07754474623895116,1.8243497978773924,2.256515884138674,0.4386501698383287,2.6667800721842894,0.9947753131421503,0.9627320698773395,0.9839994741725716,0.0,0.0,49.17272771464971,0.0,0.0012187860595683257,2.117178304726258
turbo_lunar_lander_12d,12,ts,logarithmic,fixed_p020,220,196,30,1.5075524314557753,1.6813291695871997,0.7049059677647388,0.12869763315491897,1.1208813097167616,1.905411047408521,0.0,2.5476312725300074,0.6265178213279579,0.440627509762536,0.5150707617862892,39.1,62.766666666666666,811.524726129556,0.012092582245046894,0.0029222961825629075,4.131551288735742
turbo_lunar_lander_12d,12,ts,logarithmic,fixed_p020,221,197,30,1.49877837049306,1.6434770060621795,0.736413403486313,0.13445007757953573,1.0327875204808452,1.9974613469219742,0.0,2.5417431290259977,0.6261599470751374,0.44032596544366315,0.5147458876355964,39.2,62.93333333333333,816.0235710307645,0.014431119694684942,0.0029016859208544094,4.093662082636729
turbo_lunar_lander_12d,12,ts,logarithmic,fixed_p020,222,198,30,1.47836910964229,1.5622420933340722,0.7161658687967797,0.13075340041842715,1.0647850005216022,2.002935940656777,0.0,2.575144798503695,0.625947076408273,0.44001691245042773,0.5144139975919239,39.333333333333336,63.1,820.3683077641919,0.0141101802388827,0.0029352151167889437,3.9794143474660815
turbo_lunar_lander_12d,12,ts,logarithmic,fixed_p020,223,199,30,1.5352149881248744,1.6431346305082344,0.6783205607341227,0.12384382411121068,1.2262819310728115,1.9986458716423918,0.0,2.5671570616666157,0.6253597908192096,0.43970329661896534,0.5141461429879403,39.46666666666667,63.36666666666667,824.9163551323581,0.014193428168073296,0.003002909943461418,4.068917265487835
turbo_lunar_lander_12d,12,ts,logarithmic,fixed_p020,224,200,30,1.5609140836170425,1.6625632499610181,0.7113160011661689,0.1298679397843606,1.2841077172335096,2.0790863545336498,0.0,2.5843757797863764,0.62492235626016,0.43906501674293785,0.5134811453679977,39.666666666666664,63.56666666666667,829.3428999315016,0.012999623082578182,0.05618441910482943,3.989388707202549
turbo_lunar_lander_12d,12,ts,logarithmic,fixed_p020,225,201,30,1.489010478965653,1.6547557692830663,0.7694652324799559,0.14048448834840954,1.1309530666395038,1.9986842916380905,0.0,2.5684559503326057,0.6247741551520256,0.43877998809637037,0.5131654059144397,39.9,63.93333333333333,833.6931528696635,0.012550160940736532,0.002896173841630419,3.969370748816679
turbo_lunar_lander_12d,12,ts,logarithmic,fixed_p020,226,202,30,1.5346340930371873,1.6112051385446358,0.6977479147606072,0.12739075745552547,1.2850791492872697,1.9885061996265627,0.0,2.5789191430482625,0.6246166031748424,0.43847039426847534,0.5129162526324935,40.06666666666667,64.26666666666667,838.1843735485338,0.013557550093779961,0.0030254979152232408,4.092327954837431
turbo_lunar_lander_12d,12,ts,logarithmic,fixed_p020,227,203,30,1.5356889376915235,1.6205238961969686,0.6745979671597159,0.12316417462016854,1.2342094859094626,1.8760208303043913,0.0,2.588444721173576,0.624513456579433,0.43815265786637086,0.5124037119569175,40.2,64.5,842.5877547755993,0.01418481372917692,0.0029366520699113607,4.01861812826246
turbo_lunar_lander_12d,12,ts,logarithmic,fixed_p020,228,204,30,1.519884371082624,1.6058416940211069,0.7410820199325551,0.13530244642618452,1.1776903702233241,2.045884232708861,0.0,2.5855029795372353,0.6237984032431501,0.4378473226535906,0.5120881763733184,40.36666666666667,64.66666666666667,847.0454240844585,0.013386406640832623,0.002954928840820988,4.023524918981518
turbo_lunar_lander_12d,12,ts,logarithmic,fixed_p020,229,205,30,1.5361458619410797,1.624308041768417,0.7369976413102032,0.13455674432456652,1.327767860539997,2.0337881921154377,0.0,2.5850020094460238,0.623960072079825,0.4378010509961963,0.511999787350589,40.766666666666666,65.03333333333333,851.481267199417,0.009700816947345932,0.05730961076915264,4.022562229617809
turbo_lunar_lander_12d,12,ts,logarithmic,fixed_p020,23,0,30,2.029291854648789,2.0924241953842992,0.4307785176434424,0.07864903713398352,1.8221556810613653,2.2998905622316252,0.4639975490151611,2.646881173905956,0.994474263862337,0.9616650611612246,0.9833508850634076,0.0,0.0,51.52647652694335,0.0,0.0012426039048780999,2.029910966459041
turbo_lunar_lander_12d,12,ts,logarithmic,fixed_p020,230,206,30,1.494795707822515,1.621802084447628,0.7365187578737544,0.134469312571047,1.1037750889193036,1.9410559728835841,0.0,2.579612165721082,0.6237994302611906,0.43750122048039297,0.5117224468466753,40.96666666666667,65.3,855.9413608197123,0.012898171972483396,0.0030218922222654027,4.008046567657342
turbo_lunar_lander_12d,12,ts,logarithmic,fixed_p020,231,207,30,1.5096206804885202,1.6491604889621718,0.7424682437345588,0.13555553510822052,1.1379815197831797,2.0796181716890514,0.0,2.5821223191404554,0.6236491114833813,0.4372175973504077,0.5114017771323695,41.166666666666664,65.7,860.4708074920655,0.013256572963049015,0.0030698833987116815,4.090807208636154
turbo_lunar_lander_12d,12,ts,logarithmic,fixed_p020,232,208,30,1.4798120021438843,1.6123633443373326,0.746816636604047,0.1363494393960583,1.0578500971832523,1.9591879232160103,0.0,2.5826916020522104,0.6235457922745378,0.4369040816025888,0.5110692489073905,41.333333333333336,66.0,864.9502012087963,0.01336165793860952,0.003015612019225955,4.063372774934396
turbo_lunar_lander_12d,12,ts,logarithmic,fixed_p020,233,209,30,1.48459154781935,1.626380125491938,0.7325168985086974,0.13373867635564532,1.0139372064543652,1.9906013742872637,0.0,2.5781511197888682,0.6228535089907772,0.4365907435165346,0.5105723708996154,41.56666666666667,66.4,869.502936796875,0.012322898488491774,0.0029817772563546898,4.077610957964013
turbo_lunar_lander_12d,12,ts,logarithmic,fixed_p020,234,210,30,1.4800573142320756,1.6545923612953146,0.7552325410046064,0.13788596629005606,0.9953406524241024,2.0668115036080765,0.0,2.5755186792298463,0.6235817584924525,0.4369457136002194,0.5109743899615709,41.766666666666666,66.63333333333334,873.9643543563162,0.013400552685682972,0.05969650290595988,3.994244122753541
turbo_lunar_lander_12d,12,ts,logarithmic,fixed_p020,235,211,30,1.471593868248554,1.6308970331589325,0.7632304936608217,0.13934618598461193,1.0217134273564028,2.0364430446879105,0.0,2.5790669578231507,0.6234245201081967,0.4366320250053759,0.5105486187095362,41.93333333333333,66.86666666666666,878.3319680893638,0.013478054758161306,0.003053688971946637,4.031197871097053
turbo_lunar_lander_12d,12,ts,logarithmic,fixed_p020,236,212,30,1.5518647331021769,1.6557204596794208,0.6951913550304853,0.1269239956442598,1.3667328161572532,2.009577509649276,0.0,2.5862512004129306,0.6230692514502384,0.43631828629255626,0.5102417829319991,42.06666666666667,67.16666666666667,882.9326259666433,0.014059414978449543,0.0032373501919209955,4.130025628147026
turbo_lunar_lander_12d,12,ts,logarithmic,fixed_p020,237,213,30,1.5480723778583803,1.6072369903695871,0.6957517863906099,0.12702631594355096,1.3613160598337006,2.0369920700799047,0.0,2.5905298595018125,0.6229697450444487,0.43602778616221977,0.5099324418563344,42.233333333333334,67.4,887.4228241913175,0.013580469119672974,0.003107032940412561,4.128296338239064
turbo_lunar_lander_12d,12,ts,logarithmic,fixed_p020,238,214,30,1.5556454051582933,1.6577696954134071,0.6920405091831736,0.1263487325289951,1.3598514131167283,1.9950536120303046,0.0,2.584152403269761,0.6227861494376465,0.4356911861434242,0.5095449640085399,42.46666666666667,67.73333333333333,891.9335385158348,0.012394642426321904,0.0031689300512274107,4.1216322852609055
turbo_lunar_lander_12d,12,ts,logarithmic,fixed_p020,239,215,30,1.552424109368708,1.6509697249670303,0.7182363395079234,0.13113141492280952,1.3401061885092957,2.0925138733409976,0.0,2.5842982054825114,0.6213785973955124,0.4344963840366932,0.5083440027211426,42.666666666666664,68.16666666666667,896.5855797212105,0.013083367965494593,0.06266832478965322,4.138123967094968
turbo_lunar_lander_12d,12,ts,logarithmic,fixed_p020,24,0,30,1.9789134699739348,1.8978690382657675,0.6695397847580342,0.12224068108637631,1.7052837871157773,2.3542641825037984,0.0,3.869210107643327,0.7245680538849998,0.5573613631664515,0.6330507827136042,0.0,0.0,53.54568470750625,0.0,0.009356601318965355,1.7029565087209144
turbo_lunar_lander_12d,12,ts,logarithmic,fixed_p020,240,216,30,1.5639681894545245,1.6676615144839406,0.7043323483680821,0.12859290506059518,1.3432814461644875,2.0653293664877586,0.0,2.5821787061559163,0.6212598824866606,0.43418339125197586,0.5079559550092604,42.93333333333333,68.56666666666666,901.161569672559,0.012168574705719947,0.003162156976759434,4.139011516747996
turbo_lunar_lander_12d,12,ts,logarithmic,fixed_p020,241,217,30,1.54982240046715,1.6407827445525967,0.6921566129230056,0.1263699300747673,1.347778124880483,2.0646541375842657,0.0,2.5794707621041515,0.6208522650705637,0.43392446204274904,0.5076582865310201,43.166666666666664,69.0,905.7226970149515,0.01269371237916251,0.0031355586523811024,4.17976443838949
turbo_lunar_lander_12d,12,ts,logarithmic,fixed_p020,242,218,30,1.565163070388678,1.6452459711919787,0.7014890503617719,0.12807379224200666,1.3427070113559796,2.0305966720781905,0.0,2.5772558570910795,0.6208076841454571,0.43362057940451776,0.5072796559342562,43.3,69.36666666666666,910.3141909621811,0.01443041693419218,0.003254972848420342,4.259264170890674
turbo_lunar_lander_12d,12,ts,logarithmic,fixed_p020,243,219,30,1.5695279392376436,1.6345065058158785,0.698016839471326,0.12743985616563588,1.282815688456275,2.0578508072387915,0.0,2.581399706613028,0.6203621251645761,0.4332969163359905,0.5070342094243775,43.56666666666667,69.7,914.9200340822805,0.012258139904588461,0.0032454753294587136,4.20372291325281
turbo_lunar_lander_12d,12,ts,logarithmic,fixed_p020,244,220,30,1.569740559186218,1.5917741141524373,0.6983958440979717,0.12750905262677345,1.3080455138358842,2.1196801440317383,0.0,2.5839064353531933,0.6199463433050009,0.43275085259354557,0.5064314520198944,43.733333333333334,70.06666666666666,919.6079964403218,0.013681857008486986,0.06477680260625979,4.170824563425655
turbo_lunar_lander_12d,12,ts,logarithmic,fixed_p020,245,221,30,1.568232050296131,1.6524173872962615,0.6937852153448223,0.1266672708359795,1.3291011685381737,2.0924007969433367,0.0,2.566020449823034,0.6198827797533741,0.432485297170002,0.5061892180225359,43.766666666666666,70.26666666666667,924.1384176864755,0.015702770572776595,0.0032027081275979676,4.136951225685577
turbo_lunar_lander_12d,12,ts,logarithmic,fixed_p020,246,222,30,1.566091539194857,1.627979254139321,0.7157734804796323,0.13068176044089277,1.3006897397860262,2.109812853790922,0.0,2.5818619186053486,0.619562715589957,0.4322037450583586,0.5058793272573553,44.0,70.46666666666667,928.6739594088247,0.012648556691904863,0.0032117970132579405,4.16910100504756
turbo_lunar_lander_12d,12,ts,logarithmic,fixed_p020,247,223,30,1.535748972746216,1.5939145397752394,0.7025609602903674,0.1282694953245085,1.231983619651949,2.058124032793419,0.0,2.590104552048217,0.6192439398428552,0.43195506820820806,0.5056341779411359,44.166666666666664,70.8,933.2808503315008,0.013838690674553315,0.0032445076076934734,4.114695329157015
turbo_lunar_lander_12d,12,ts,logarithmic,fixed_p020,248,224,30,1.5347245981003452,1.6146858458071562,0.6850232026646798,0.12506755350462603,1.3681395635502998,2.0188352645869534,0.0,2.5749227076575707,0.6189722506740971,0.4316553618778948,0.5053221711867956,44.333333333333336,71.13333333333334,937.926341884397,0.014051078523819645,0.0033315303890655438,4.190304375455404
turbo_lunar_lander_12d,12,ts,logarithmic,fixed_p020,249,225,30,1.5352675931775523,1.5401210812743362,0.6827577792931095,0.1246539456769899,1.3169356788304414,2.012659818744461,0.0,2.5853772818271135,0.620523336213502,0.43294588397398986,0.5067024068576156,44.56666666666667,71.46666666666667,942.5898803361691,0.012605656730011105,0.0668954368835936,4.24267063230897
turbo_lunar_lander_12d,12,ts,logarithmic,fixed_p020,25,1,30,2.0105057611601724,2.0072499788553464,0.6822000478407478,0.12455211831116036,1.5716146414310395,2.412342708730665,0.0,3.8899317486328018,0.7220262853621756,0.5538332890204056,0.6296635658992559,0.23333333333333334,0.0,55.593079698054744,0.0012944868455330532,0.0011884001704553762,1.713055793242529
turbo_lunar_lander_12d,12,ts,logarithmic,fixed_p020,250,226,30,1.5514585861157333,1.583391650249332,0.6853884356575841,0.12513423562094564,1.2837475242225433,2.039025375170131,0.0,2.5816733163361105,0.6204665807867741,0.4326816335199822,0.5064920535769303,44.733333333333334,71.8,947.2733159168623,0.014111328078433872,0.0034434480282167592,4.326041289015363
turbo_lunar_lander_12d,12,ts,logarithmic,fixed_p020,251,227,30,1.585507846510035,1.5757585016249842,0.6058322286178959,0.11060932589254947,1.3793395004096505,1.9650459877075033,0.0,2.5741789598710887,0.618904210124301,0.432361956678762,0.5060803981331966,44.93333333333333,72.1,951.9438614478024,0.013703017216175794,0.0034977464471012353,4.292036216768126
turbo_lunar_lander_12d,12,ts,logarithmic,fixed_p020,252,228,30,1.599374171055402,1.5983379592825862,0.6145542919324242,0.11220174950100129,1.3638145424818844,1.9919564704150237,0.0,2.568940667070171,0.6188205899075737,0.43209441927245934,0.5056284284759063,45.06666666666667,72.36666666666666,956.6343210101593,0.014657779457047581,0.0034042894995460907,4.23742285881502
turbo_lunar_lander_12d,12,ts,logarithmic,fixed_p020,253,229,30,1.5757663102375543,1.569097081028733,0.6136403164130528,0.11203488116467888,1.2988143918215496,2.0235383055378855,0.0,2.5489251207370227,0.6185557448902587,0.43177978404472045,0.5051372735314021,45.3,72.73333333333333,961.2531864520784,0.012695146771147848,0.00332117872312665,4.23719407231547
turbo_lunar_lander_12d,12,ts,logarithmic,fixed_p020,254,230,30,1.6187144853018292,1.6109120976940168,0.6029845806714335,0.11008941888717923,1.4184167605451352,2.0475653911649365,0.0,2.555712223372109,0.6184531905645236,0.43169519269924167,0.5050815248669752,45.4,73.06666666666666,966.0859150468682,0.015249355525399248,0.07324430687973897,4.280348362959922
turbo_lunar_lander_12d,12,ts,logarithmic,fixed_p020,255,231,30,1.591438745457361,1.6001036657797638,0.6218541975417934,0.11353452382430462,1.3436526516391751,2.0343724269118306,0.0,2.5552682767835133,0.6178252314597411,0.43142056606303075,0.5047299974439321,45.56666666666667,73.26666666666667,970.7426678024854,0.01415397278033197,0.0034532192628830673,4.277539055872087
turbo_lunar_lander_12d,12,ts,logarithmic,fixed_p020,256,232,30,1.60818471816073,1.6403932456707393,0.6254442265284446,0.1141899704436667,1.3330559455770725,2.0914913164658535,0.0,2.557179885932172,0.6170334947694199,0.4311319617747992,0.5043318101738442,45.7,73.5,975.4303413383508,0.014697918792565663,0.003993185004219413,4.268292436671133
turbo_lunar_lander_12d,12,ts,logarithmic,fixed_p020,257,233,30,1.627646324398891,1.589229613264571,0.6128630445398011,0.11189297138524747,1.3888828694995856,2.0877440170813326,0.0,2.560091030693497,0.6165719680431762,0.4308557170591092,0.504034857756801,45.96666666666667,73.83333333333333,980.2023568188927,0.012502324534580112,0.0035316433447102704,4.2831067230397215
turbo_lunar_lander_12d,12,ts,logarithmic,fixed_p020,258,234,30,1.6020590063710578,1.5919035909578358,0.6194912141187188,0.11310310404969504,1.3610569922562867,2.002135046464618,0.0,2.5597613692204995,0.6161111377364766,0.43056911944981213,0.5036585065811954,46.233333333333334,74.16666666666667,984.9259826570438,0.012281367896745603,0.0033521969802677632,4.341946836343656
turbo_lunar_lander_12d,12,ts,logarithmic,fixed_p020,259,235,30,1.5994434696120208,1.59570391143545,0.6026867246909009,0.11003503807403739,1.3233990929086057,2.024916141808969,0.0,2.5522080981638817,0.6155364476639356,0.43002563703430596,0.5030538586197184,46.43333333333333,74.5,989.6589897204811,0.013842975270623963,0.07778960873062411,4.270673381661376
turbo_lunar_lander_12d,12,ts,logarithmic,fixed_p020,26,2,30,1.9920811456144543,1.9339601140214684,0.7275712252535321,0.1328357240876773,1.5737814723447208,2.4470795090595256,0.0,3.864448006671237,0.7180562326475518,0.5502000408978722,0.6258138458410392,0.4666666666666667,0.3333333333333333,57.68077643752719,0.001358746395756801,0.0012777562408397595,1.7878384131162117
turbo_lunar_lander_12d,12,ts,logarithmic,fixed_p020,260,236,30,1.5751061123459453,1.5839206996207587,0.6068963030503121,0.11080359841571576,1.3436525834848574,1.989980070732189,0.0,2.5537286230393894,0.6153578344725157,0.4297266906570966,0.5027900002132697,46.86666666666667,75.06666666666666,994.3541036401565,0.009685320562372606,0.003387168406819304,4.260753863615294
turbo_lunar_lander_12d,12,ts,logarithmic,fixed_p020,261,237,30,1.5885280934960309,1.675580539968277,0.6055264949195541,0.11055350681149238,1.3486474317693171,1.9358769361442172,0.0,2.5539759501513033,0.6152316102055243,0.4294713746612657,0.5024668413743437,47.1,75.46666666666667,999.1305166081836,0.01309000439941883,0.003498501687621077,4.215078502458831
turbo_lunar_lander_12d,12,ts,logarithmic,fixed_p020,262,238,30,1.5862910027069148,1.6353578067530221,0.6044118081459507,0.11034999378134064,1.3862592950829915,1.9327828942129588,0.0,2.555627389172523,0.6148153520384783,0.42917281794599044,0.50200848842626,47.46666666666667,75.86666666666666,1003.6690129717812,0.01109726340509951,0.0034839927684515715,4.1803733331151305
turbo_lunar_lander_12d,12,ts,logarithmic,fixed_p020,263,239,30,1.5918200500789201,1.6382020588151338,0.6094939102273347,0.11127785443117996,1.3478036348437943,1.9747033130680933,0.0,2.568963191546307,0.6145847544830062,0.42891315895418347,0.5017168627685229,47.8,76.3,1008.2291210224541,0.011345294428368409,0.003391336494435867,4.131691356018806
turbo_lunar_lander_12d,12,ts,logarithmic,fixed_p020,264,240,30,1.5775740835609688,1.5637222339922279,0.6103809731697358,0.1114398092256733,1.3691701493041353,1.963011104074247,0.0,2.5731138826020814,0.6147574490998094,0.4289291649714914,0.5018303326689176,48.1,76.86666666666666,1012.7795259355878,0.011898895058160027,0.0748801408490787,4.127312895546978
turbo_lunar_lander_12d,12,ts,logarithmic,fixed_p020,265,241,30,1.646733012237008,1.7309854847306463,0.6000620748008917,0.1095558447572669,1.4267285902776379,1.979859215540945,0.0,2.5646096685014195,0.6146050104627236,0.4286762950804891,0.5015746860792716,48.4,77.26666666666667,1017.4648093009057,0.011678351182490587,0.0034684219397604467,4.20699589868697
turbo_lunar_lander_12d,12,ts,logarithmic,fixed_p020,266,242,30,1.6316635356041156,1.6909187452877834,0.6071244445215391,0.11084525115908025,1.3610780447699282,1.9922333904517893,0.0,2.5656739911557973,0.6144139489777186,0.42842200007999925,0.5011932981860768,48.46666666666667,77.56666666666666,1022.0676474571072,0.01587602620323499,0.0034953726921230555,4.186990247728924
turbo_lunar_lander_12d,12,ts,logarithmic,fixed_p020,267,243,30,1.625524088371663,1.7358106585228432,0.6022612285857982,0.10995735346907229,1.3270347063797758,1.981890155975425,0.0,2.563661842420019,0.6143206911991622,0.42819711090373047,0.5009646951487949,48.53333333333333,77.7,1026.7420379431762,0.015747524239122866,0.003553320545082291,4.153166748102134
turbo_lunar_lander_12d,12,ts,logarithmic,fixed_p020,268,244,30,1.6719300631679839,1.78515393831217,0.5997193119404045,0.10949326510707895,1.4144182141510229,2.051571708837857,0.0,2.5291466929594857,0.6142781566050071,0.4279467766276486,0.5006702030070717,48.733333333333334,77.96666666666667,1031.4271976652865,0.013686029737194379,0.003543314849957824,4.224018535654371
turbo_lunar_lander_12d,12,ts,logarithmic,fixed_p020,269,245,30,1.639380266143501,1.6118127364909483,0.5995591044102913,0.10946401534770388,1.3897166007336825,2.0744137321524794,0.0,2.5340304445868913,0.61386975449502,0.4275931168103818,0.5002342579120129,48.96666666666667,78.33333333333333,1036.1160381715433,0.013382140298684437,0.07799545869541664,4.279215944356595
turbo_lunar_lander_12d,12,ts,logarithmic,fixed_p020,27,3,30,1.9861635814225376,1.9683400648596787,0.709669819678557,0.1295673895395231,1.514414174251425,2.3443913191830634,0.0008090579645636531,3.703601055291636,0.7153805979414444,0.5468192799063283,0.6220539685433989,0.7,0.6666666666666666,59.952537950190404,0.0013219407604386408,0.001267983919630448,1.8444857253382603
turbo_lunar_lander_12d,12,ts,logarithmic,fixed_p020,270,246,30,1.683288915258921,1.7309276764771373,0.5806151034263591,0.10600532979160399,1.463665386377191,2.0609400669491618,0.0,2.5465739254817805,0.6138194633154314,0.4273350822920277,0.5000517004008572,49.13333333333333,78.6,1040.9921736105655,0.014357551777114471,0.003721368219703436,4.327871676084275
turbo_lunar_lander_12d,12,ts,logarithmic,fixed_p020,271,247,30,1.6651829420242457,1.6976632688292157,0.5809071617273143,0.10605865209811724,1.4151292300652891,2.0312138064532492,0.0,2.5448212768242926,0.6137121200945193,0.42706609586840066,0.49984212802482053,49.3,78.86666666666666,1045.6725968546855,0.014471363897124926,0.0037279104348272086,4.29663466840672
turbo_lunar_lander_12d,12,ts,logarithmic,fixed_p020,272,248,30,1.6095978421415955,1.6387821473412632,0.6016471923080007,0.1098452462955802,1.324394739643878,2.0153367953695773,0.0,2.5542053051835034,0.6135378121710722,0.4268258782488584,0.49957487976776566,49.43333333333333,79.16666666666667,1050.3726146936106,0.015056644318004448,0.0036577523065110047,4.196386623615399
turbo_lunar_lander_12d,12,ts,logarithmic,fixed_p020,273,249,30,1.6054069918884648,1.5845478649510376,0.5976305292077588,0.10911190730027985,1.3667240572871324,2.04908498813343,0.0,2.546610423904605,0.6133355310291948,0.4265876889651297,0.4993657821543863,49.53333333333333,79.33333333333333,1055.1058872181302,0.015274682035669684,0.0035976023102800053,4.2760020526746905
turbo_lunar_lander_12d,12,ts,logarithmic,fixed_p020,274,250,30,1.6343395628622182,1.6147019308498356,0.6016010064069518,0.10983681394229915,1.3796463509818728,2.006617549890501,0.0,2.6028603906313648,0.6136331522482227,0.4267351610294693,0.4993558874885192,49.766666666666666,79.6,1060.0827043947763,0.013624285565068324,0.08253755038604141,4.378855018643662
turbo_lunar_lander_12d,12,ts,logarithmic,fixed_p020,275,251,30,1.583811369480613,1.5272772911465806,0.5983967195363935,0.10925179387572502,1.4162736051669254,1.9041487126445573,0.0,2.5918739492472227,0.6134759287477699,0.42646904839637567,0.4992033942269926,50.0,80.0,1065.0803933509935,0.014070450700819493,0.003939411044120789,4.475932848577698
turbo_lunar_lander_12d,12,ts,logarithmic,fixed_p020,276,252,30,1.664669548670659,1.7255145767790343,0.6038714533721926,0.11025133894845966,1.4471189015323214,2.00881639782385,0.0,2.5989246997829434,0.6131766044479583,0.4262107338049973,0.4988763732037791,50.1,80.26666666666667,1069.9947536951552,0.01608005437689523,0.003893080400303006,4.438693640194833
turbo_lunar_lander_12d,12,ts,logarithmic,fixed_p020,277,253,30,1.6587600820742565,1.6934711467613128,0.6047428834302816,0.11041043958182746,1.4563959631298278,1.991671936406633,0.0,2.5987168435861108,0.6131046131320327,0.42596616829278944,0.49858686102322763,50.3,80.5,1074.7248886008435,0.01395829045213759,0.0036853679145375886,4.330590396126111
turbo_lunar_lander_12d,12,ts,logarithmic,fixed_p020,278,254,30,1.6316970234162755,1.7054793082598456,0.6064131775759132,0.1107153921755712,1.3847611144213694,2.0352420615632147,0.0,2.5976754850693764,0.612888364940428,0.4257042312345281,0.4984010142796055,50.4,80.66666666666667,1079.4584676393617,0.015366316322858136,0.0037286958812425535,4.270569310725356
turbo_lunar_lander_12d,12,ts,logarithmic,fixed_p020,279,255,30,1.6356289998957896,1.6516436266713708,0.5911556916586523,0.10792976910633749,1.418243404792853,2.024326015172857,0.0,2.614289268381081,0.6137501426881833,0.4263169846040772,0.4991030665471184,50.46666666666667,80.83333333333333,1084.1936058841957,0.015982730174437167,0.08500922042876483,4.247123275961106
turbo_lunar_lander_12d,12,ts,logarithmic,fixed_p020,28,4,30,1.9406116532865214,1.9158272201197968,0.7160217763621295,0.1307270928594859,1.477116929201068,2.3255023858852546,0.0,3.775284749281148,0.711995502833757,0.5438226071766734,0.6188830787658905,0.8,1.0,62.163724981077635,0.0015678241072843472,0.0012627067510038615,1.8966109239806732
turbo_lunar_lander_12d,12,ts,logarithmic,fixed_p020,280,256,30,1.6260322780273209,1.6645966872697258,0.6233920620528283,0.11381529818533144,1.4048312469407294,2.0695802716439107,0.0,2.5691235798492125,0.613625337104089,0.4260665868328123,0.49873390859264294,50.8,81.23333333333333,1089.040336991567,0.012013252172619105,0.0037642555932203927,4.392165642837062
turbo_lunar_lander_12d,12,ts,logarithmic,fixed_p020,281,257,30,1.6154084089817182,1.7015247419896293,0.604645861375836,0.110392725859229,1.38451373034588,2.008101067319339,0.0,2.5625144875150694,0.6132450028382105,0.42583481463381906,0.49841874035331407,50.93333333333333,81.63333333333334,1093.885563382382,0.015315059293061494,0.003905040522416433,4.484021226797874
turbo_lunar_lander_12d,12,ts,logarithmic,fixed_p020,282,258,30,1.6171583679849646,1.648208568154034,0.6034962600014485,0.11018283832426536,1.3994505692051336,2.0148872819975385,0.0,2.560476265623309,0.6131155415756749,0.42559318543832975,0.49809804833103627,51.03333333333333,81.8,1098.733055281515,0.017112602138270934,0.00391831857462724,4.44204338217775
turbo_lunar_lander_12d,12,ts,logarithmic,fixed_p020,283,259,30,1.6009289548879728,1.648596014957315,0.5970631917207755,0.10900832612050015,1.3149115309985935,2.0263418015042136,0.0,2.5633786951111213,0.6127219630612839,0.42534728006399275,0.49783906173339115,51.266666666666666,82.13333333333334,1103.5184239500356,0.013117488628874222,0.003730859312539299,4.310941174129645
turbo_lunar_lander_12d,12,ts,logarithmic,fixed_p020,284,260,30,1.5703743725767318,1.6488639484282575,0.605978635724053,0.11063605605075658,1.3013459798527964,1.9392424451076513,0.0,2.5579669463744903,0.6145455601535562,0.4270147228055336,0.4996028884209675,51.3,82.4,1108.2503456834083,0.017025279253721236,0.08762824724738796,4.316317190012584
turbo_lunar_lander_12d,12,ts,logarithmic,fixed_p020,285,261,30,1.5787453093815675,1.6642217601530458,0.6319442421307527,0.11537670550017327,1.268072123069298,1.9906600867544064,0.0,2.559324084060867,0.6137388580409412,0.4267608100099746,0.49914697820985554,51.46666666666667,82.6,1112.9435152762414,0.014646641009797652,0.0037765885703265668,4.26872240412049
turbo_lunar_lander_12d,12,ts,logarithmic,fixed_p020,286,262,30,1.5938753130111225,1.629503472255142,0.6250014992795924,0.11410913987666052,1.3449960281787945,1.9745031234791135,0.0,2.575589076977484,0.613571301339484,0.426516244642088,0.49891278142026646,51.56666666666667,82.86666666666666,1117.7608484915147,0.01550958485653003,0.003833743759120504,4.315411102445796
turbo_lunar_lander_12d,12,ts,logarithmic,fixed_p020,287,263,30,1.5742853680472566,1.585889590987867,0.5999391758420713,0.10953340657992029,1.416238597266113,1.9613829502946822,0.0,2.581060958704245,0.6133472694537082,0.4262615757166049,0.4986476993628385,51.766666666666666,83.1,1122.4534257725968,0.013825026107951999,0.003983670643841227,4.295847315123925
turbo_lunar_lander_12d,12,ts,logarithmic,fixed_p020,288,264,30,1.6256702959465281,1.7227875792470642,0.6136689696131268,0.11204011249935396,1.3931453285836684,1.9762537622430891,0.0,2.8327051210620064,0.6131040275930109,0.4260177680444796,0.49837305282926464,51.93333333333333,83.46666666666667,1127.1689332289466,0.014511400150756042,0.003985057584941387,4.291963868308812
turbo_lunar_lander_12d,12,ts,logarithmic,fixed_p020,289,265,30,1.6581647408697067,1.7567544330629947,0.59106426016022,0.10791307607495151,1.3872039659630124,1.9455402091709695,0.0,2.7797755752840683,0.6147068844507431,0.4273267932508815,0.49984637061243015,52.06666666666667,83.7,1132.0847265474033,0.014837988450502356,0.08914824676079054,4.3923950445372615
turbo_lunar_lander_12d,12,ts,logarithmic,fixed_p020,29,5,30,2.0183576349716033,2.050689357070345,0.6589263843395415,0.12030294814602857,1.5959848763855327,2.3424654737371404,0.0,3.5675250696626417,0.7008423092644572,0.53036871542472,0.6061401762613421,1.0,1.3,64.35146551273452,0.0013874057214707137,0.009741773596033454,1.856609996346136
turbo_lunar_lander_12d,12,ts,logarithmic,fixed_p020,290,266,30,1.6674370472827946,1.7630234795548498,0.5669058574411261,0.10350237536743756,1.4498188466378357,1.8727098459385492,0.0,2.7530835020601385,0.614618327891891,0.4270625669939752,0.4994969651705442,52.233333333333334,83.93333333333334,1136.883671241145,0.014459419359142581,0.0038447978595892588,4.388322564462821
turbo_lunar_lander_12d,12,ts,logarithmic,fixed_p020,291,267,30,1.649777816325168,1.6840062029219238,0.5708212582046805,0.10421722647406147,1.4324422263305345,1.8764508762347796,0.0,2.738230571556726,0.6144074915503085,0.426809376733625,0.4992178123351045,52.4,84.26666666666667,1141.632525252287,0.014574992237612605,0.0039839246310293674,4.3937717485707255
turbo_lunar_lander_12d,12,ts,logarithmic,fixed_p020,292,268,30,1.6706573670914981,1.7387349869392672,0.5759610091167054,0.1051556123122194,1.4462080374317634,1.9693988303133785,0.0,2.7448205947436013,0.6142941049910142,0.42659148915354766,0.4990698672860866,52.56666666666667,84.53333333333333,1146.63310397168,0.014675479521974922,0.004015710360060136,4.359876817076778
turbo_lunar_lander_12d,12,ts,logarithmic,fixed_p020,293,269,30,1.6477698263290805,1.6933114602438364,0.6029981058571457,0.11009188823694892,1.425816580299836,2.021472539745396,0.0,2.8056302792357384,0.6137146935284661,0.42634817364323635,0.498840388283163,52.733333333333334,84.86666666666666,1151.501545187536,0.014535359758883714,0.003918214701116085,4.375141469979038
turbo_lunar_lander_12d,12,ts,logarithmic,fixed_p020,294,270,30,1.6271453232382216,1.6607561930772992,0.5891084879839285,0.10755600256218624,1.4105282193075266,1.9032537005411099,0.0,2.8181542344296466,0.6138938155403864,0.42642116798907687,0.49875546899682927,53.0,85.23333333333333,1156.426649353948,0.013023943485071262,0.09475755104795099,4.405139978602529
turbo_lunar_lander_12d,12,ts,logarithmic,fixed_p020,295,271,30,1.6193206106339466,1.6096996114122897,0.5986135357427937,0.10929137891808438,1.3998512145147284,1.9510815757924465,0.0,2.821456284475179,0.613743508611861,0.42618380684524004,0.4984086827657065,53.2,85.63333333333334,1161.1573742267055,0.014068440161645412,0.003982576277727882,4.401047339709476
turbo_lunar_lander_12d,12,ts,logarithmic,fixed_p020,296,272,30,1.6441055203644988,1.6810281298659455,0.6177781196426647,0.11279033722047094,1.421332546209674,2.086264265885827,0.0,2.830758379412796,0.6134155840815854,0.42598971296315646,0.4982089937259994,53.266666666666666,85.9,1166.011115105357,0.016452256605649987,0.004079725872725248,4.352217333732794
turbo_lunar_lander_12d,12,ts,logarithmic,fixed_p020,297,273,30,1.6606843296285594,1.6731702270989257,0.6079094855377789,0.11098857938346735,1.4564600276124136,2.037237798362545,0.0,2.8771176931399296,0.6129278748642756,0.42577335262079796,0.49795620278930064,53.53333333333333,86.16666666666667,1170.8863917380882,0.012957521233086784,0.003990479574228326,4.382424393389374
turbo_lunar_lander_12d,12,ts,logarithmic,fixed_p020,298,274,30,1.6662295794419744,1.7152909981311297,0.603875474194149,0.11025207304675474,1.4472308169782724,2.050044548678849,0.0,2.876922392248896,0.6126403193233594,0.42550686064112503,0.49770626183661576,53.7,86.46666666666667,1175.750463617826,0.014547948368514578,0.003965529551108678,4.353027787866692
turbo_lunar_lander_12d,12,ts,logarithmic,fixed_p020,299,275,30,1.6313237286367424,1.6787186593263432,0.6113317056490761,0.11161338843403579,1.3814418069379335,2.0544290855232203,0.0,2.8464346734331576,0.612288666285335,0.4259607339176442,0.4982348585262695,53.93333333333333,86.8,1180.5701351330306,0.013588462335367998,0.0963204715711375,4.374448403095205
turbo_lunar_lander_12d,12,ts,logarithmic,fixed_p020,3,0,30,2.683683525413747,2.7044645277229673,0.4563391405767613,0.08331574705547107,2.3869223533663404,2.9571486715857542,1.810462903821802,3.5922050422052374,0.9994823997095069,0.9919775531518832,0.9979881802333577,0.0,0.0,4.951336834486574,0.0,0.0011895978512863317,1.797983657879134
turbo_lunar_lander_12d,12,ts,logarithmic,fixed_p020,30,6,30,1.9994029666505067,1.9869302973665377,0.7765322555438173,0.1417747443305716,1.6494159584661001,2.434383313297567,0.0,3.6201903082452045,0.6981645868509914,0.5273673126908589,0.603408581800942,1.1333333333333333,1.6333333333333333,66.59045266529235,0.0016118169762194157,0.001290465829273065,1.8762336722419908
turbo_lunar_lander_12d,12,ts,logarithmic,fixed_p020,300,276,30,1.6656257314668146,1.6877526783384962,0.6038841771882479,0.11025366198881668,1.4496736586181722,2.021783850719817,0.0,2.8439718060647947,0.6121998328950596,0.42572740643506574,0.4979885152008141,54.06666666666667,87.1,1185.3949425950336,0.01573459173863133,0.004148496563235919,4.3672374772994464
turbo_lunar_lander_12d,12,ts,logarithmic,fixed_p020,301,277,30,1.6600490924319777,1.6616505994338064,0.5978888314550471,0.10915906662277787,1.4385448529263005,2.0435433120611,0.0,2.823306934145658,0.6120491742299298,0.425513438268371,0.4977380685904569,54.233333333333334,87.4,1190.2495963648273,0.01464691481863459,0.0041451429482549425,4.383860660437494
turbo_lunar_lander_12d,12,ts,logarithmic,fixed_p020,302,278,30,1.6662714756832417,1.642734219412096,0.6131541382678592,0.11194611758564937,1.4399201625277822,2.037949540980339,0.0,2.8668572910599055,0.6119641434616335,0.42526814813490577,0.49744641179469706,54.333333333333336,87.6,1195.0077408898776,0.015827237799142798,0.004131949475655953,4.345129976002499
turbo_lunar_lander_12d,12,ts,logarithmic,fixed_p020,303,279,30,1.6625535254815398,1.6661978706361604,0.6125486413250231,0.11183556947428544,1.444509230187553,2.0519359642083366,0.0,2.881536405473695,0.6118379520415523,0.4250591591336075,0.4972504926818532,54.6,87.96666666666667,1199.8173632250478,0.01287345055801173,0.0040779260142395895,4.351590605716532
turbo_lunar_lander_12d,12,ts,logarithmic,fixed_p020,304,280,30,1.6784174071733464,1.7725051637981961,0.595843686663982,0.10878567597763436,1.43304337193746,2.023373784023478,0.0,2.752235611739758,0.6112569905718707,0.42437612773778793,0.4965341417342202,54.9,88.4,1204.7794525357583,0.012527314309651653,0.10090927751734853,4.411157566510762
turbo_lunar_lander_12d,12,ts,logarithmic,fixed_p020,305,281,30,1.6662206655444582,1.7154771158734092,0.6066747360793135,0.11076314600637777,1.453266445524639,2.0519475252294024,0.0,2.744059927348051,0.6110650304624456,0.42413336621722203,0.49622275425350443,55.266666666666666,88.8,1209.5164406722722,0.011309652092556159,0.004234620928764343,4.393536638856555
turbo_lunar_lander_12d,12,ts,logarithmic,fixed_p020,306,282,30,1.6568716562667314,1.7296291586425079,0.596010715344498,0.10881617110299066,1.4255225998449947,2.058028485190568,0.0,2.7464491422451727,0.6107742459689487,0.42389864606299343,0.4959940334127411,55.43333333333333,89.2,1214.2278925799299,0.014660152109960715,0.004214666209494075,4.36308527784422
turbo_lunar_lander_12d,12,ts,logarithmic,fixed_p020,307,283,30,1.6572928556535278,1.7441826103864824,0.5973244025840552,0.10905601648119471,1.4219307542098791,1.9926173680329957,0.0,2.7578642221255363,0.6106819121686191,0.4236620904936893,0.49557255892929303,55.86666666666667,89.6,1218.9879976481975,0.010312279670809705,0.004219237389042974,4.361601364566013
turbo_lunar_lander_12d,12,ts,logarithmic,fixed_p020,308,284,30,1.6692883800553384,1.7802583052317595,0.6029084732292647,0.11007552363288928,1.4779094251211349,1.9707598494785799,0.0,2.780733903778961,0.6096375639965008,0.42338631979435415,0.4952118468004167,56.06666666666667,90.1,1223.7738750008712,0.014311262670283516,0.004220707404116789,4.356182017487784
turbo_lunar_lander_12d,12,ts,logarithmic,fixed_p020,309,285,30,1.6617462873256146,1.7815490670783956,0.6002535790259834,0.109590808485247,1.4313075383490719,1.9812777245478914,0.0,2.7747276500273714,0.6082220508527805,0.42207978685975933,0.49375937541076526,56.166666666666664,90.33333333333333,1228.7829898541793,0.015932358102872968,0.10425348182519277,4.390856644557789
turbo_lunar_lander_12d,12,ts,logarithmic,fixed_p020,31,7,30,1.9604086162337255,1.8883869837973517,0.7721379166750292,0.14097245148931928,1.612720331874518,2.456266732578767,0.0,3.471804476426711,0.695521916738144,0.5246612866662865,0.6005660602290477,1.2666666666666666,1.8333333333333333,68.77270337645896,0.0016414992821713289,0.0012623174116015434,1.8734078148224702
turbo_lunar_lander_12d,12,ts,logarithmic,fixed_p020,310,286,30,1.6491210218644086,1.72595947184618,0.5993078507398294,0.10941814291338124,1.3503182274495535,1.9780097854266687,0.0,2.7726317919088332,0.6081404699657097,0.42186015054593573,0.49358964961790047,56.43333333333333,90.7,1233.5640026409335,0.013203642579416435,0.004248616239055991,4.397113359890257
turbo_lunar_lander_12d,12,ts,logarithmic,fixed_p020,311,287,30,1.6366633235670134,1.6563996738117668,0.5930560991472723,0.10827673445632711,1.3908135259595282,1.9983270360927068,0.0,2.7975466639050492,0.6079467499037481,0.4216306033496366,0.4933134008967834,56.6,91.13333333333334,1238.272444775685,0.014903790301953752,0.004334693945323428,4.359904672872896
turbo_lunar_lander_12d,12,ts,logarithmic,fixed_p020,312,288,30,1.6342402890816399,1.7296725614900694,0.6070471896096645,0.11083114640644298,1.4242008519177112,1.9402849032085747,0.0,2.7928975155198836,0.6073844503509271,0.42139276978950435,0.4930728792552571,56.86666666666667,91.56666666666666,1243.127195531968,0.013200183492153883,0.004229957144707442,4.397064792535578
turbo_lunar_lander_12d,12,ts,logarithmic,fixed_p020,313,289,30,1.6707310698133158,1.7247426047685865,0.5926419097084551,0.10820111415675358,1.4940152845767394,1.9540297875426944,0.0,2.792759491355128,0.6071800116437603,0.4211367357824496,0.4927296229277047,57.06666666666667,91.9,1248.005578869131,0.014550192778309186,0.004288234158108631,4.407026081035535
turbo_lunar_lander_12d,12,ts,logarithmic,fixed_p020,314,290,30,1.6996392621711298,1.769651518551401,0.5723278435513244,0.104492290067116,1.5726806424654058,1.9680946155833723,0.0,2.7448615439414,0.6080334334589662,0.42193859582321,0.4934931605301145,57.3,92.26666666666667,1253.010114563893,0.013947081612423062,0.10756396511569619,4.422312045656144
turbo_lunar_lander_12d,12,ts,logarithmic,fixed_p020,315,291,30,1.672867648301154,1.779360880790786,0.5873365930062695,0.10723250027925493,1.4717759363176932,1.9538166883207522,0.0,2.7505984468848834,0.6079361143790168,0.4217379852187799,0.4933399259834645,57.5,92.63333333333334,1257.8371865062354,0.014428432285785674,0.004527029053618511,4.416555433223645
turbo_lunar_lander_12d,12,ts,logarithmic,fixed_p020,316,292,30,1.6512995496885228,1.7621996517568133,0.5888589478228272,0.10751044297044003,1.4350790775791662,1.9526606823820343,0.0,2.688273778318457,0.6078977092976472,0.4214880895742987,0.49299599911319564,57.7,93.03333333333333,1262.6425687061003,0.014307714502016703,0.004422174409652749,4.430880438707148
turbo_lunar_lander_12d,12,ts,logarithmic,fixed_p020,317,293,30,1.6915470667738062,1.7986509715779797,0.6039163922789126,0.11025954363276638,1.4767952566930078,2.043755331618853,0.0,2.7197669725505595,0.6075101133650448,0.4212572217621501,0.49282564246977056,57.9,93.43333333333334,1267.5979126136285,0.014423984615132213,0.004573405984168251,4.444194348885988
turbo_lunar_lander_12d,12,ts,logarithmic,fixed_p020,318,294,30,1.7144840449850303,1.8066330517907487,0.6035371575750631,0.11019030516547067,1.5352113987225264,2.052083582260363,0.0,2.7213587933435,0.6074673912184159,0.42105225140822594,0.49265298332516794,58.13333333333333,93.8,1272.5794986279216,0.013976635799432794,0.0044345975698282325,4.431599542420979
turbo_lunar_lander_12d,12,ts,logarithmic,fixed_p020,319,295,30,1.648350380183448,1.7118602378658268,0.6072101980307618,0.11086090753620909,1.472739268243223,2.028649806624859,0.0,2.6017921109447766,0.6085648941003278,0.42195328782789476,0.49362022777068215,58.233333333333334,94.13333333333334,1277.5422352347834,0.01633491786196828,0.1114842710395654,4.453414105887835
turbo_lunar_lander_12d,12,ts,logarithmic,fixed_p020,32,8,30,2.0123652360432307,2.0327147532695964,0.7512917076950361,0.1371664718570496,1.6348578472637447,2.4571846038354748,0.0,3.420076072103387,0.6931898767552594,0.5222145921520932,0.5981474227125158,1.5666666666666667,2.2666666666666666,71.04134535758446,0.0014701274378846089,0.0012883499109496673,1.9005172652502855
turbo_lunar_lander_12d,12,ts,logarithmic,fixed_p020,320,296,30,1.6927015448372973,1.7796741609436775,0.5844788669293826,0.10671075326742768,1.4878712014020272,2.0570525859103066,0.0,2.6046988400305677,0.6083180983756595,0.4217454760448983,0.49338685904261165,58.233333333333334,94.23333333333333,1282.4619772038423,0.0180980881365637,0.004977592422316472,4.4805107029931
turbo_lunar_lander_12d,12,ts,logarithmic,fixed_p020,321,297,30,1.6852256980583846,1.6966371215566283,0.5876603611796608,0.10729161198991115,1.4753068355151853,2.0756739839740455,0.0,2.5998261903297726,0.6082252086371075,0.42152968224450504,0.49315149961118715,58.5,94.5,1287.32566123507,0.013541203737258912,0.0045207229598114886,4.476620238445078
turbo_lunar_lander_12d,12,ts,logarithmic,fixed_p020,322,298,30,1.6611207551815368,1.7426128619637127,0.6031697325100877,0.11012322283337739,1.457570454529669,2.0280460841655854,0.0,2.5984306925761045,0.6081605383844192,0.4213380232497682,0.4929284608410384,58.733333333333334,95.0,1292.3134326155607,0.014074566122144461,0.004478220222517848,4.569285003716747
turbo_lunar_lander_12d,12,ts,logarithmic,fixed_p020,323,299,30,1.6693438667984943,1.7834243572722643,0.6033604583744993,0.11015804445279001,1.4618395656132988,2.0186306203452222,0.0,2.599987998347821,0.6080411642742941,0.4211098833304986,0.4928407571251643,58.86666666666667,95.3,1297.2365142012015,0.016188924526795746,0.0046826132417966924,4.500319875435283
turbo_lunar_lander_12d,12,ts,logarithmic,fixed_p020,324,300,30,1.659412122701405,1.7324637636147138,0.5912246266376227,0.10794235485399854,1.4793679187894369,2.012636385071675,0.0,2.5976244688771244,0.6088108993750544,0.4217849562317653,0.49360658579136235,59.1,95.66666666666667,1302.3183600426808,0.014088647533208131,0.1135868839143465,4.536185120791197
turbo_lunar_lander_12d,12,ts,logarithmic,fixed_p020,325,301,30,1.669434238651664,1.7712563528192236,0.6059213448539036,0.11062559621678326,1.5205135460172556,2.016479499164043,0.0,2.5994219842724964,0.6087362677253483,0.42156614630472955,0.49329016921278585,59.333333333333336,96.0,1307.1944630889843,0.013952796906232834,0.004537716352691253,4.523417403999095
turbo_lunar_lander_12d,12,ts,logarithmic,fixed_p020,326,302,30,1.6585026326806016,1.7272194342436493,0.60503933027965,0.11046456312399426,1.4599497773131032,1.9956807696607934,0.0,2.5952523135681806,0.6085679867303758,0.4213592991566658,0.49313307664523803,59.56666666666667,96.46666666666667,1312.132004079471,0.014073083937789003,0.004635400278493762,4.4837815168934565
turbo_lunar_lander_12d,12,ts,logarithmic,fixed_p020,327,303,30,1.6457376715298928,1.6982408591415872,0.599643610584216,0.10947944399360622,1.4610843907724358,1.9865785186275082,0.0,2.599043632937096,0.6085339252070636,0.42115587650389263,0.4928169158879455,59.733333333333334,96.73333333333333,1316.98102629416,0.015047464907790223,0.004674961588655909,4.4816725968072815
turbo_lunar_lander_12d,12,ts,logarithmic,fixed_p020,328,304,30,1.649199596741712,1.6852161165665849,0.586273074404404,0.1070383292363989,1.4822378701430252,1.9955773218782435,0.0,2.599043632937096,0.608493416564592,0.42096170069983574,0.49260295417518835,59.9,97.0,1321.9043782427907,0.015289422714461882,0.004619353823363781,4.486701701193427
turbo_lunar_lander_12d,12,ts,logarithmic,fixed_p020,329,305,30,1.6534429556107473,1.677730305165901,0.5841613745725452,0.10665278735886927,1.4749462621900924,1.985491895262399,0.0,2.5912353313688277,0.6097164967754216,0.4219020355851529,0.49349041053469295,60.0,97.26666666666667,1326.9629130552369,0.016406969726085664,0.11759056258015335,4.52348486375995
turbo_lunar_lander_12d,12,ts,logarithmic,fixed_p020,33,9,30,1.992894207664965,1.9954471151736295,0.6332212412235179,0.11560985256984697,1.620825772136714,2.4736248658004416,0.0,3.2269266711021944,0.6915262231030058,0.5195698340258667,0.595257685814085,1.7,2.6333333333333333,73.48605509442277,0.001993100376178821,0.001311605159814159,2.080813297846665
turbo_lunar_lander_12d,12,ts,logarithmic,fixed_p020,330,306,30,1.663007174855398,1.7697422862769498,0.5945228891018354,0.10854453243807251,1.4886938336733597,1.93707585247909,0.0,2.6024161110327775,0.6096511110546453,0.42170087316776245,0.49334280605716646,60.2,97.43333333333334,1331.8616135765953,0.01470894004839162,0.004694454651325941,4.566539031779394
turbo_lunar_lander_12d,12,ts,logarithmic,fixed_p020,331,307,30,1.6570031269977321,1.6911400595424069,0.5869748819333828,0.1071664611746151,1.5305030430682196,2.008692094125179,0.0,2.594790779454665,0.6091512864338369,0.4214775838952495,0.49317229221552034,60.4,97.7,1336.947975701435,0.014711817043522995,0.004826935303087036,4.540420263897007
turbo_lunar_lander_12d,12,ts,logarithmic,fixed_p020,332,308,30,1.645217774413415,1.6230415809876266,0.5962399070467261,0.10885801559142512,1.47883840511846,2.014795793382811,0.0,2.6058265297261003,0.6090978162778237,0.42125686923625566,0.4928726049512974,60.666666666666664,98.1,1341.785624647839,0.013556080296014746,0.00470796125009656,4.489892343292013
turbo_lunar_lander_12d,12,ts,logarithmic,fixed_p020,333,309,30,1.6462978844577336,1.7270592077128843,0.6067550685121521,0.11077781263489941,1.4506596504089624,2.0024065694325626,0.0,2.60401309919314,0.6089898547462185,0.42105400915278274,0.49266824527894015,60.8,98.36666666666666,1346.8006072476971,0.016088720426584283,0.005054955324158073,4.5016237960507475
turbo_lunar_lander_12d,12,ts,logarithmic,fixed_p020,334,310,30,1.6363280925305577,1.6661257253621222,0.6130481737373802,0.11192677119776977,1.4262113220820172,2.0101399678738634,0.0,2.600226895816979,0.6088383294951675,0.4207803346927631,0.4922934656845765,60.86666666666667,98.5,1351.7714807901841,0.017085791068772473,0.12087637543057402,4.480720459483564
turbo_lunar_lander_12d,12,ts,logarithmic,fixed_p020,335,311,30,1.6584256963140358,1.6767483663833576,0.6115981327435434,0.11166203114389255,1.4711654345097371,2.029655291964867,0.0,2.605872214368073,0.607967295470376,0.4205622093548502,0.4919649139674379,61.0,98.7,1356.7994636389117,0.016139152195925512,0.005027824873104691,4.483418370767807
turbo_lunar_lander_12d,12,ts,logarithmic,fixed_p020,336,312,30,1.6492866498260144,1.7141335154604382,0.6295049071960822,0.1149313459104968,1.4432619670892268,2.042658296650118,0.0,2.590939282605669,0.6078821104397616,0.4203671139989162,0.4918052446293363,61.166666666666664,99.0,1361.6754231375176,0.015530313178896905,0.00479466177833577,4.4489667896491785
turbo_lunar_lander_12d,12,ts,logarithmic,fixed_p020,337,313,30,1.677156564397968,1.7493205407585157,0.6094285141754444,0.11126591480024926,1.4630442160320796,2.106855164490922,0.0,2.588467108184431,0.6078058801532603,0.42015014969629777,0.49159247096174546,61.266666666666666,99.26666666666667,1366.472315930513,0.0166210886867096,0.004918789196138581,4.457124075169364
turbo_lunar_lander_12d,12,ts,logarithmic,fixed_p020,338,314,30,1.6088927164430018,1.661978782505697,0.6316878003559686,0.11532988585192797,1.3943112639172028,2.055373323688263,0.0,2.5881292483132636,0.6077224649096764,0.4199221373350126,0.49141009014424036,61.5,99.53333333333333,1371.4316712551906,0.01415181706349055,0.004818883538246155,4.493783517057697
turbo_lunar_lander_12d,12,ts,logarithmic,fixed_p020,339,315,30,1.639752630121671,1.5853996423479977,0.5921905372643388,0.10811870520026068,1.452028337646927,2.030883104581735,0.0,2.591028802090562,0.607179233068632,0.41930825013671996,0.490782016938464,61.666666666666664,99.86666666666666,1376.4161588647403,0.01551050040870905,0.13936644272568324,4.466075620163853
turbo_lunar_lander_12d,12,ts,logarithmic,fixed_p020,34,10,30,1.9721417497454474,1.9566907808368719,0.7327953777734285,0.13378951948067555,1.6408690609154584,2.5273903222534786,0.0,3.1028763771637906,0.683314839625517,0.5090231329745794,0.5851068802536958,1.8333333333333333,2.9,76.00645490082292,0.0019523157893369595,0.009999528698002299,2.1357177850635103
turbo_lunar_lander_12d,12,ts,logarithmic,fixed_p020,340,316,30,1.6418103036747165,1.7469019499862046,0.5877539374984007,0.10730869661011852,1.4392922557663599,2.0232495368079753,0.0,2.5869896966793693,0.6070883631669937,0.41906627806294483,0.4905858692569496,61.9,100.2,1381.2657557392959,0.014427712575222055,0.004894063683847586,4.493662177895506
turbo_lunar_lander_12d,12,ts,logarithmic,fixed_p020,341,317,30,1.620752548316806,1.6193417365536185,0.5803240795950851,0.10595219635255054,1.4442449541518936,2.0229213348587423,0.0,2.5915493059281562,0.6069742204700864,0.41888303468286314,0.4904413205695187,62.06666666666667,100.53333333333333,1386.1557607401317,0.015590642113238573,0.00500676198862493,4.472929703521853
turbo_lunar_lander_12d,12,ts,logarithmic,fixed_p020,342,318,30,1.608455321023902,1.7050930025670445,0.5736846211813127,0.10474000263827032,1.3550184165290962,2.008476104347973,0.0,2.583623991546111,0.6069080075364812,0.41868178589898214,0.4902711005197312,62.233333333333334,100.73333333333333,1391.1654880650497,0.015813093120232224,0.004959195650493105,4.5364411091431975
turbo_lunar_lander_12d,12,ts,logarithmic,fixed_p020,343,319,30,1.622282071445603,1.7191465764679386,0.5576089461552681,0.1018049993586413,1.439744648673218,1.9926761206862396,0.0,2.5900101988181463,0.6068605288467068,0.4184957211251298,0.490110110884978,62.333333333333336,101.0,1396.1029436648357,0.016392128076404333,0.005002522639309366,4.519094393526514
turbo_lunar_lander_12d,12,ts,logarithmic,fixed_p020,344,320,30,1.6151809651224884,1.6858450012670176,0.5743131213530838,0.10485475054542862,1.4275151853856503,2.007189794340074,0.0,2.5918325593602045,0.608297291938236,0.4198761050332662,0.49169712764746787,62.56666666666667,101.26666666666667,1401.160580127795,0.014038829055304328,0.1411273443760971,4.540084542008117
turbo_lunar_lander_12d,12,ts,logarithmic,fixed_p020,345,321,30,1.6070845015684898,1.694263703152143,0.6009531023864516,0.10971852339325708,1.3943212201156774,2.041721399925873,0.0,2.5891289616133557,0.6082319021317424,0.4196749507096894,0.49146500422133776,62.733333333333334,101.53333333333333,1406.1679496823033,0.01564589855261147,0.005066094283635417,4.592955603947242
turbo_lunar_lander_12d,12,ts,logarithmic,fixed_p020,346,322,30,1.6014280751659948,1.669259976414096,0.5651485256815022,0.10318153195218215,1.4105956198797789,1.9727177986860156,0.0,2.5882844100729296,0.6081907997053866,0.4194840179048892,0.491343412056552,63.0,101.9,1411.085654786105,0.013796462118625641,0.004997528530657292,4.4949807819289465
turbo_lunar_lander_12d,12,ts,logarithmic,fixed_p020,347,323,30,1.6130274501040596,1.6605020972495967,0.5664080018521337,0.10341147978861384,1.4137122781882283,2.0171377212016566,0.0,2.5803639339527216,0.6080648893302277,0.419293983798532,0.4911682376480647,63.333333333333336,102.43333333333334,1416.1054888398542,0.012471685574079553,0.005004930154730876,4.4626174101450795
turbo_lunar_lander_12d,12,ts,logarithmic,fixed_p020,348,324,30,1.5817742820206009,1.6547108583209784,0.5643685977072702,0.10303913723727676,1.3601727328352768,1.917430654297785,0.0,2.5848215024324235,0.6080296963021045,0.41908746209387726,0.4910066839519332,63.56666666666667,102.66666666666667,1421.0673964478542,0.014174709220727284,0.005113609476635853,4.487919926519195
turbo_lunar_lander_12d,12,ts,logarithmic,fixed_p020,349,325,30,1.5780940747860548,1.632876369783849,0.589235681712361,0.10757922485359812,1.4085678290453902,1.9541692474838368,0.0,2.580806799743858,0.6076363316283132,0.4185532416075282,0.49040060706510297,63.86666666666667,102.93333333333334,1426.1622613407205,0.012886943963045875,0.14361533930835624,4.536531604127958
turbo_lunar_lander_12d,12,ts,logarithmic,fixed_p020,35,11,30,1.9235406367827872,1.9310985648527184,0.7924572846203662,0.1446822435486221,1.5677242778722786,2.53201657991067,0.0,3.09223941945368,0.6822071725326799,0.5065430631147699,0.5827884875957949,2.2,3.3333333333333335,78.75647796993144,0.0015682595937202375,0.0013547018946458895,2.3219886874469617
turbo_lunar_lander_12d,12,ts,logarithmic,fixed_p020,350,326,30,1.5621440242977216,1.5554215143433372,0.573620197073011,0.104728240459149,1.380849069995477,1.9139600292175478,0.0,2.582867175787305,0.6075890658534873,0.4183648011128646,0.49025822614461073,64.1,103.33333333333333,1431.1382314544637,0.014203532350560029,0.005296669822807114,4.492815790232271
turbo_lunar_lander_12d,12,ts,logarithmic,fixed_p020,351,327,30,1.5823593931234115,1.7066076323469634,0.5799094048311537,0.10587648744513942,1.4343696936744217,1.8945963626587798,0.0,2.5847706978394287,0.6075382730276214,0.41817158927779036,0.4901021921978378,64.4,103.8,1436.0124435270516,0.013142598839476705,0.005165766039863229,4.515965305703381
turbo_lunar_lander_12d,12,ts,logarithmic,fixed_p020,352,328,30,1.5727561779156278,1.6686741370340359,0.5814609938308671,0.10615976754351272,1.3247915107441741,1.9603015025953627,0.0,2.5388612923479945,0.6073938228560246,0.4179698226216093,0.48986625948335916,64.66666666666667,104.3,1441.0156478840702,0.013664837166046103,0.005364629502097765,4.508754151842246
turbo_lunar_lander_12d,12,ts,logarithmic,fixed_p020,353,329,30,1.5614220447304408,1.681677109432302,0.5834522520275591,0.10652331988756114,1.393315269720178,1.9510256601076,0.0,2.5377380898939914,0.6072999608692976,0.41778361264422764,0.4896684624585142,64.86666666666666,104.76666666666667,1445.8833352634372,0.014821699835980933,0.005397930539523562,4.413266317499802
turbo_lunar_lander_12d,12,ts,logarithmic,fixed_p020,354,330,30,1.5848214785758352,1.6877512145445517,0.5772543845412246,0.10539174927733005,1.3614857534576201,1.9105150239464246,0.0,2.54588833900649,0.605404202879979,0.4163576139595236,0.4879591842241546,64.96666666666667,105.06666666666666,1450.9244631276001,0.016820752465476593,0.16782697077530126,4.500156732850398
turbo_lunar_lander_12d,12,ts,logarithmic,fixed_p020,355,331,30,1.567896823389951,1.647782273786052,0.5725634263059971,0.10453530139674715,1.3494722101386953,1.9413943556237592,0.0,2.551020660937846,0.6052401483822439,0.41613836077679545,0.4876861604694786,65.13333333333334,105.33333333333333,1455.7133299614459,0.01584033677354455,0.005333588784560561,4.4554318400255095
turbo_lunar_lander_12d,12,ts,logarithmic,fixed_p020,356,332,30,1.5650667381704757,1.6208625150286315,0.574487367065514,0.10488656331451081,1.3742085725395783,1.9184232622155655,0.0,2.55364076938886,0.6051233926113053,0.41593549774376354,0.4875373412310806,65.33333333333333,105.63333333333334,1460.5399149111006,0.014954445355882248,0.005218254231537382,4.449438966996968
turbo_lunar_lander_12d,12,ts,logarithmic,fixed_p020,357,333,30,1.557049238039295,1.6294547377314519,0.5788033974560902,0.10567455904910963,1.4156388368258626,1.8473524910029868,0.0,2.551020660937846,0.604844180103939,0.4157286381273666,0.4872700920362973,65.43333333333334,105.93333333333334,1465.483675084527,0.01656719014669458,0.0054796243707338965,4.463737269335737
turbo_lunar_lander_12d,12,ts,logarithmic,fixed_p020,358,334,30,1.5541556678067374,1.5998764412476936,0.5819027120901298,0.10624041389506607,1.4251314219885995,1.9214692956159536,0.0,2.550484462297601,0.6037995769291505,0.41553386081878485,0.4870821553669597,65.6,106.2,1470.4476827832093,0.01556829762024184,0.005431277646372716,4.489931157417596
turbo_lunar_lander_12d,12,ts,logarithmic,fixed_p020,359,335,30,1.5766327592556213,1.7139651444005484,0.5793648960757273,0.10577707420243737,1.369933477211363,1.874433068905707,0.0,2.5460128282359524,0.6036448595472989,0.41541183653635744,0.48686826701465813,65.93333333333334,106.56666666666666,1475.5099950411357,0.012688764821117122,0.1783478677738458,4.481971125444398
turbo_lunar_lander_12d,12,ts,logarithmic,fixed_p020,36,12,30,1.9536526611189151,1.9814015433778234,0.6757859836989828,0.12338107577258378,1.5971539911345374,2.495919880020778,0.0,3.0790557575119615,0.6795394496665909,0.5045094885300282,0.5809476971227086,2.3666666666666667,3.8,81.48768858487408,0.002126532063509027,0.001342144872372349,2.3561480334959923
turbo_lunar_lander_12d,12,ts,logarithmic,fixed_p020,360,336,30,1.5567007563710087,1.6769085507022607,0.578816508263619,0.10567695274411983,1.3940005672761053,1.9561459163016197,0.0,2.538711386697275,0.603595563755413,0.4152217341687121,0.48668546874609164,66.06666666666666,106.9,1480.3905106371424,0.016245179949328302,0.005351332404340307,4.440876763919368
turbo_lunar_lander_12d,12,ts,logarithmic,fixed_p020,361,337,30,1.575939132032317,1.7073424493227933,0.5904482083878391,0.10780060092417683,1.431934648360412,1.9448801752458478,0.0,2.5377489705563314,0.6035294068378507,0.4150392427967476,0.48644861505579123,66.26666666666667,107.23333333333333,1485.226645327049,0.015018626969928542,0.0053591143029431505,4.451155716677507
turbo_lunar_lander_12d,12,ts,logarithmic,fixed_p020,362,338,30,1.591290230498011,1.716145718058718,0.5918065231952482,0.10804859414424725,1.4215230913717898,1.97672731484305,0.0,2.5386514913145253,0.6034486861279386,0.41484988064245876,0.48622728096648377,66.4,107.5,1490.0983900349277,0.016298726589108508,0.00549041583823661,4.477695770779004
turbo_lunar_lander_12d,12,ts,logarithmic,fixed_p020,363,339,30,1.586172520514814,1.686790872387598,0.5799954413697089,0.1058921954961182,1.4532381894603328,1.961487684751766,0.0,2.542193737795444,0.6032271932337504,0.41465557110565215,0.48603770538585794,66.6,107.76666666666667,1494.958414194531,0.01514392343039314,0.005512660229578614,4.471110131281118
turbo_lunar_lander_12d,12,ts,logarithmic,fixed_p020,364,340,30,1.5958831169743897,1.737603591435366,0.5866856687397541,0.1071136583112556,1.4514937149496536,1.926279687187032,0.0,2.5401723282093926,0.604125932352692,0.4154621060826454,0.48688399329727816,66.9,108.06666666666666,1500.046935687835,0.013137249338130156,0.17862458989645044,4.4861127748774985
turbo_lunar_lander_12d,12,ts,logarithmic,fixed_p020,365,341,30,1.5824692115529462,1.6663210887775382,0.5724191098424223,0.10450895293590738,1.4349799815433788,1.9084276285863537,0.0,2.550242891040845,0.6040841856786455,0.41528011670370424,0.4867097387284395,67.13333333333334,108.46666666666667,1504.9968583479524,0.014233671190838019,0.005665639710302154,4.571755027150115
turbo_lunar_lander_12d,12,ts,logarithmic,fixed_p020,366,342,30,1.627006810905962,1.7402505502366858,0.5746465686858533,0.1049156294207279,1.5024139074275582,1.942018443799798,0.0,2.54622022098689,0.6040599958519385,0.415060520220644,0.48641502948759846,67.33333333333333,108.7,1510.011154059476,0.015042795396099488,0.005590498012801011,4.544168282191579
turbo_lunar_lander_12d,12,ts,logarithmic,fixed_p020,367,343,30,1.6657869137529029,1.7172695164618446,0.5409516556210096,0.09876380810113107,1.5400623187946545,1.9810620779409966,0.0,2.5359971525966283,0.6039489838953005,0.41487820647327495,0.4861921339199093,67.5,109.06666666666666,1515.180803531253,0.01616111779585481,0.005770240956917405,4.497427373224249
turbo_lunar_lander_12d,12,ts,logarithmic,fixed_p020,368,344,30,1.6360080193284299,1.6687522298183637,0.5392802672389668,0.09845865572806545,1.4477940276877004,1.9525955070846095,0.0,2.5399210826640033,0.6039042632074388,0.41472443707913015,0.4860967808614759,67.7,109.3,1520.3324987361518,0.015184298669919372,0.005778628308326006,4.542043394253899
turbo_lunar_lander_12d,12,ts,logarithmic,fixed_p020,369,345,30,1.6397867399813317,1.7250820138451362,0.5449177071787642,0.09948790673526799,1.4449148880288805,1.9521655255131103,0.0,2.5412180431038105,0.6042247145501001,0.4149643343236169,0.4864246475276552,67.83333333333333,109.56666666666666,1525.4139129751206,0.016380270229031643,0.18203789417942365,4.509698672080413
turbo_lunar_lander_12d,12,ts,logarithmic,fixed_p020,37,13,30,2.0018040935257186,2.1130251476763533,0.6414608780904285,0.11711419756239969,1.6431843146910459,2.4708845932465624,0.0,3.051440076382911,0.6768108959332716,0.5024860752232829,0.5789412353907925,2.466666666666667,4.066666666666666,84.18445037916923,0.0022926426492631434,0.0013028723498185477,2.367392375692725
turbo_lunar_lander_12d,12,ts,logarithmic,fixed_p020,370,346,30,1.6262303409129453,1.6756378209025795,0.5384251313125468,0.09830252998252101,1.456174205353896,1.929462036629976,0.0,2.5413209394741196,0.6041929458297425,0.4147737569202233,0.4861923011015718,67.93333333333334,109.73333333333333,1530.4455440251622,0.016759808206309876,0.005650335441653927,4.519362897596633
turbo_lunar_lander_12d,12,ts,logarithmic,fixed_p020,371,347,30,1.6137507393777617,1.650585151352437,0.5344495431262335,0.09757669020618939,1.44195503182067,1.936742789441708,0.0,2.541861344154324,0.6037663095877259,0.4146191401669899,0.48604409313537805,68.03333333333333,109.93333333333334,1535.3965122932102,0.016819563244159022,0.0057046904073407255,4.47730980219009
turbo_lunar_lander_12d,12,ts,logarithmic,fixed_p020,372,348,30,1.6362981962814753,1.6704713493747085,0.5380029077137307,0.09822544285272682,1.48553638090062,1.91168360728243,0.0,2.539353526026098,0.603708695349924,0.41444534590227294,0.48587114768818823,68.23333333333333,110.23333333333333,1540.346716975126,0.01504641380161047,0.005762092070654035,4.53669846978349
turbo_lunar_lander_12d,12,ts,logarithmic,fixed_p020,373,349,30,1.6499694082083196,1.664314490619088,0.5379587110880836,0.09821737368978263,1.474299588280979,1.9597916886990034,0.0,2.537903918582866,0.6036530632636754,0.4142788674718819,0.4857125293924264,68.33333333333333,110.46666666666667,1545.3045928011493,0.017050762133051952,0.00578347067348659,4.531097962629671
turbo_lunar_lander_12d,12,ts,logarithmic,fixed_p020,374,350,30,1.6575480328581425,1.7323119394110946,0.546330304643012,0.0997458105672157,1.4711768693756961,1.9443296292199295,0.0,2.5550177278762183,0.60347645354364,0.4139793027130118,0.48542324594420155,68.43333333333334,110.6,1550.4371267055938,0.017001549790923793,0.20506461751647292,4.484106498553107
turbo_lunar_lander_12d,12,ts,logarithmic,fixed_p020,375,351,30,1.652895434844467,1.7215829819545228,0.5487565246728099,0.10018877571381274,1.4511873857936404,1.9471726311455868,0.0,2.5462490762111223,0.6034244014272936,0.4137873671253974,0.485207349178966,68.7,110.9,1555.3222601043526,0.01366394612317284,0.005733048636466264,4.54976711870792
turbo_lunar_lander_12d,12,ts,logarithmic,fixed_p020,376,352,30,1.6161083291896674,1.6137718768625982,0.5427937435505884,0.09910012580511052,1.4279959396007504,1.9450543308254946,0.0,2.560025234633777,0.6031594691980863,0.41359880139541466,0.48507274329154715,68.9,111.3,1560.537667440266,0.015466293382147948,0.006202342469866077,4.646347783940533
turbo_lunar_lander_12d,12,ts,logarithmic,fixed_p020,377,353,30,1.65262014010893,1.650013356107015,0.5488170212134014,0.10019982082045707,1.479002873168532,1.9617435445203268,0.0,2.5431231443907105,0.6029740052052603,0.4134083187669859,0.4848097173630124,69.13333333333334,111.6,1565.4577329121685,0.0152418439121296,0.006286481100444993,4.576639050291851
turbo_lunar_lander_12d,12,ts,logarithmic,fixed_p020,378,354,30,1.6542425995300065,1.6616054978024013,0.5512701057284269,0.10064769072857244,1.5126156167484068,1.9915795092203914,0.0,2.5501790060270433,0.6028336773536266,0.41321898500312404,0.4845325847895293,69.4,111.83333333333333,1570.3700081113725,0.01444459157064557,0.006059255544096231,4.4593719318974765
turbo_lunar_lander_12d,12,ts,logarithmic,fixed_p020,379,355,30,1.601789902541754,1.673533464931961,0.5411017454510173,0.09879121062964685,1.3870810386384196,1.896958575122592,0.0,2.5390734603449947,0.6036834699247191,0.4138875176239374,0.4853097560132463,69.46666666666667,112.16666666666667,1575.556817380727,0.017874362800891202,0.20871979350534578,4.525609900554021
turbo_lunar_lander_12d,12,ts,logarithmic,fixed_p020,38,14,30,1.9032947054478613,1.8338093306946832,0.6074721420166201,0.11090873174616156,1.5703467567403775,2.4047934455790747,0.0,2.8675742855386597,0.6747959568745903,0.5003078744549657,0.5765363162071651,2.8666666666666667,4.566666666666666,87.1426981622974,0.0015828129680206379,0.0013171269403149685,2.5583992168617744
turbo_lunar_lander_12d,12,ts,logarithmic,fixed_p020,380,356,30,1.6193280525070652,1.6579745408564246,0.5467672693704032,0.09982558904655778,1.4477932556711421,1.9486133518910063,0.0,2.5361001589454624,0.6036245745606948,0.41371764809904754,0.4851698138248535,69.76666666666667,112.53333333333333,1580.5250500039817,0.013543557468801736,0.006600576887528102,4.544700425025075
turbo_lunar_lander_12d,12,ts,logarithmic,fixed_p020,381,357,30,1.6520283883944928,1.7117507656467437,0.5469754271900642,0.09986359329100758,1.540900551333321,1.9779791869711902,0.0,2.5319627539119383,0.6035076165458795,0.4135382884623233,0.48501820484400804,69.86666666666666,112.93333333333334,1585.4639906154325,0.01740350588224828,0.006039672717452049,4.483726127849271
turbo_lunar_lander_12d,12,ts,logarithmic,fixed_p020,382,358,30,1.6443458506214255,1.7448497633367226,0.5587079901167479,0.10200565641510541,1.4572479340257967,2.027447310193539,0.0,2.5291142527151416,0.603263548751075,0.41336879148770256,0.48486208973544287,70.1,113.2,1590.6048606158079,0.01489940918982029,0.006341203736762206,4.5157375869496414
turbo_lunar_lander_12d,12,ts,logarithmic,fixed_p020,383,359,30,1.633183481509623,1.6394924251371932,0.549717069408083,0.10036414638681337,1.429001118583448,2.0119788027440153,0.0,2.5283206516998074,0.6030777706425041,0.41318829308723765,0.48465528090181187,70.33333333333333,113.53333333333333,1595.6923862819249,0.014886278612539171,0.006421446039651831,4.508403881856551
turbo_lunar_lander_12d,12,ts,logarithmic,fixed_p020,384,360,30,1.64863562221054,1.6763725705275008,0.5523630285559181,0.10084723022398219,1.450465272603572,2.0309016260063935,0.0,2.515771512230879,0.6050486361444772,0.41526936458483915,0.48684634139729616,70.46666666666667,113.9,1601.0516247139312,0.01663903988276919,0.2227942371275276,4.579631413969522
turbo_lunar_lander_12d,12,ts,logarithmic,fixed_p020,385,361,30,1.6448719409885308,1.6605773956583514,0.5477069939598113,0.09999715849837813,1.4439240947693088,2.0187006561075673,0.0,2.5108013508137814,0.6050167971098265,0.4151117124148161,0.4866145197044194,70.56666666666666,114.13333333333334,1605.9619294526367,0.017171513102948666,0.00625120570572714,4.525062447708721
turbo_lunar_lander_12d,12,ts,logarithmic,fixed_p020,386,362,30,1.6446131534254258,1.6595236118879768,0.5575437176049624,0.10179309030917603,1.4370559101985028,2.0237737213650746,0.0,2.5108013508137814,0.6049000752506895,0.4149211526878514,0.4863916672228973,70.63333333333334,114.3,1611.0740874941616,0.01781779780673484,0.006106415561710795,4.644273934109758
turbo_lunar_lander_12d,12,ts,logarithmic,fixed_p020,387,363,30,1.6491592770855767,1.6717526903424482,0.5548832684630502,0.10130736097313585,1.474391874692357,2.017568347600383,0.0,2.5349076034873823,0.6048184501201204,0.41474769522915156,0.48619246881750233,70.9,114.56666666666666,1616.3236797437537,0.014708078481877844,0.006364335026592016,4.67996797968323
turbo_lunar_lander_12d,12,ts,logarithmic,fixed_p020,388,364,30,1.6531943661204889,1.719528933962784,0.5621464894711304,0.10263343763522617,1.421979277153222,2.00244095931295,0.0,2.535828554476287,0.6040763159361915,0.41457610311312487,0.4858587425398989,71.1,114.83333333333333,1621.3774474195825,0.015765007693941395,0.006301001723234852,4.636674381730457
turbo_lunar_lander_12d,12,ts,logarithmic,fixed_p020,389,365,30,1.6818141706652625,1.7626462759192445,0.5538060900341726,0.10111069599848443,1.5306655587829314,1.9763379991222332,0.0,2.537025756231554,0.6039422916405994,0.41467991822648853,0.48595468146261717,71.3,115.1,1626.624817409925,0.015589762370412548,0.20758247869089247,4.594786332159614
turbo_lunar_lander_12d,12,ts,logarithmic,fixed_p020,39,15,30,1.7465388201335215,1.7986893679728575,0.6975036185354772,0.12734615527111978,1.3334427017001806,2.1633035837357273,0.0,2.7963221037840023,0.6827755153807101,0.507342035088832,0.5840315660712249,3.033333333333333,4.866666666666666,90.14688687394373,0.002260592021048069,0.010651664047812422,2.532865035238986
turbo_lunar_lander_12d,12,ts,logarithmic,fixed_p020,390,366,30,1.6478014196554662,1.7129656402201532,0.5783097497352844,0.10558443171839417,1.4142155126426201,2.0105154061601844,0.0,2.534393666926175,0.6038081361079397,0.4145026237410259,0.4858294528576529,71.6,115.53333333333333,1631.5118721341403,0.013329682825133204,0.006128754001110792,4.482367953285575
turbo_lunar_lander_12d,12,ts,logarithmic,fixed_p020,391,367,30,1.658746620274257,1.7598499043130054,0.5617045474493644,0.10255275043041592,1.4836049295649174,1.9711892279385306,0.0,2.5336561270805813,0.6037494185509567,0.4143370951298623,0.4856833403216689,71.73333333333333,115.83333333333333,1636.4680275798464,0.01649130233563483,0.006061348101745049,4.486733140144497
turbo_lunar_lander_12d,12,ts,logarithmic,fixed_p020,392,368,30,1.648199454084612,1.7394590190639114,0.5617311939372412,0.10255761539124542,1.4398142346826928,1.9370887336992897,0.0,2.5358690541595594,0.6037021782382913,0.4141569743246793,0.485592669939224,71.93333333333334,116.16666666666667,1641.4653936116956,0.015236558439210058,0.006305211456492543,4.510185434141507
turbo_lunar_lander_12d,12,ts,logarithmic,fixed_p020,393,369,30,1.6594388450928652,1.7889084386470908,0.5786416023571156,0.10564501944064224,1.4034402800696373,1.9901307839266986,0.0,2.536113805214026,0.6036301557339477,0.41396615144470233,0.48536316480986075,72.06666666666666,116.43333333333334,1646.5010862894976,0.016696333947281043,0.006235404933492342,4.480716223611186
turbo_lunar_lander_12d,12,ts,logarithmic,fixed_p020,394,370,30,1.6536972747641272,1.7150738457726122,0.5638955021615555,0.1029527622031957,1.4331656192833386,1.999154038323832,0.0,2.541947153015406,0.6033179659781135,0.41354312241348695,0.48492658671928246,72.2,116.7,1651.630679895729,0.017149570723995568,0.21193007500842215,4.480783424402277
turbo_lunar_lander_12d,12,ts,logarithmic,fixed_p020,395,371,30,1.6686103540912742,1.715545707759953,0.5722199390414386,0.10447258948907567,1.4611907972570877,1.9481933289979894,0.0,2.5419085335189067,0.6030984267596824,0.4133875178055935,0.4847754917758181,72.4,116.96666666666667,1656.5240624536916,0.01591511828203996,0.006293409271165729,4.477785916347057
turbo_lunar_lander_12d,12,ts,logarithmic,fixed_p020,396,372,30,1.6671495828002962,1.6637222936651437,0.5825639416937262,0.10636113735159272,1.4664157349016158,2.0326675820784073,0.0,2.55070471966083,0.6030192214126738,0.41322423282233106,0.4846527194140246,72.63333333333334,117.13333333333334,1661.3849554672993,0.015271801439424356,0.006276896456256509,4.468078891886398
turbo_lunar_lander_12d,12,ts,logarithmic,fixed_p020,397,373,30,1.6534828917432336,1.636111043379711,0.5878024803044613,0.10731755927341319,1.4261448878507532,2.0541300419350574,0.0,2.5434517914314463,0.6028882956940732,0.41305689059535255,0.4843693921198503,72.73333333333333,117.33333333333333,1666.257659573884,0.01791684826215108,0.006361729139462114,4.481045849264289
turbo_lunar_lander_12d,12,ts,logarithmic,fixed_p020,398,374,30,1.6780762135541327,1.7605870107485082,0.5745543874496849,0.10489879950658518,1.4388327838636732,1.9672041014404504,0.0,2.543189669581578,0.6027671325651648,0.41286648488347855,0.48426807676836986,72.96666666666667,117.6,1671.2099000964313,0.01521192331177493,0.006426241792117556,4.570192728486533
turbo_lunar_lander_12d,12,ts,logarithmic,fixed_p020,399,375,30,1.6228989861089285,1.6231038520363137,0.5755925679756313,0.10508834447085964,1.4244963937977757,1.9608084357466937,0.0,2.5424815217575554,0.6026159588678784,0.4130209354934099,0.4844550606766686,73.1,117.9,1676.4038508431986,0.017819470927740135,0.2229363172625502,4.420614992283905
turbo_lunar_lander_12d,12,ts,logarithmic,fixed_p020,4,0,30,2.595645094133169,2.564495860183216,0.4117674774771014,0.07517811195373629,2.343690395189023,2.806821168018637,1.789051247974039,3.44375256820605,0.9990418345947157,0.9894573972412446,0.9968310059885063,0.0,0.0,7.067855735309422,0.0,0.0011862825291852157,1.8293103945907205
turbo_lunar_lander_12d,12,ts,logarithmic,fixed_p020,40,16,30,1.7673203126173473,1.9335343600298665,0.6187953116409279,0.11297605022139177,1.3991282937873508,2.1497729930386424,0.0,2.789129607423323,0.6810009627338025,0.5053864002726102,0.582321730404651,3.2,5.066666666666666,93.21962577477098,0.0028472645053019127,0.001392734128360947,2.705527823464945
turbo_lunar_lander_12d,12,ts,logarithmic,fixed_p020,400,376,30,1.6333510778795455,1.6524660333584271,0.58144094715004,0.10615610753708202,1.4476429082693423,1.9592033532011233,0.0,2.5416574726871026,0.6023369587605572,0.41283369080754023,0.48427024081783965,73.26666666666667,118.13333333333334,1681.366747533499,0.01690507313857476,0.006446543040995797,4.569995920391133
turbo_lunar_lander_12d,12,ts,logarithmic,fixed_p020,41,17,30,1.6992351539215989,1.7866850652559014,0.6547989902577924,0.11954939253193281,1.284482972233035,2.103997723478442,0.0,2.8273164417854573,0.6785563911118084,0.5033322459153875,0.5802314395375583,3.5,5.466666666666667,96.19896077173762,0.0021139704156666996,0.0013390776856491962,2.640107573910306
turbo_lunar_lander_12d,12,ts,logarithmic,fixed_p020,42,18,30,1.76844038534981,1.8664331779809196,0.5714718754336033,0.10433601238492231,1.3460585890909682,2.065148841443987,0.0,2.750898023860157,0.6776859600791255,0.501525698778769,0.5785723267095886,3.7666666666666666,5.833333333333333,99.17021061688041,0.00224609657501181,0.0013537129076818626,2.588573545822874
turbo_lunar_lander_12d,12,ts,logarithmic,fixed_p020,43,19,30,1.7628359001800318,1.8788870829329,0.6369388797121373,0.11628859739013572,1.3520876836678744,2.200175420399171,0.0,2.8436594180477,0.6759775101564173,0.49968274157073156,0.576562881564512,4.0,6.266666666666667,101.96520414476593,0.0024418659508228303,0.0013355955947190524,2.443088340650623
turbo_lunar_lander_12d,12,ts,logarithmic,fixed_p020,44,20,30,1.7864700723943219,1.8742262512617296,0.5929377535760707,0.10825512761001779,1.3882387397983087,2.201997116133424,0.0,2.825165345746682,0.6835681572032243,0.5067928754373606,0.5834474140264414,4.2,6.7,105.07543557814012,0.0025381770295401416,0.01132055885779361,2.6347088008808592
turbo_lunar_lander_12d,12,ts,logarithmic,fixed_p020,45,21,30,1.6885636031905433,1.7870901565156663,0.648016493508958,0.11831108371008545,1.3992186925208736,2.1744155591005945,0.0,2.729566872073904,0.6821346311266329,0.5050122799650107,0.5817733384897672,4.366666666666666,7.0,108.07618145608964,0.002679517880703012,0.001343267240251104,2.5459285965189338
turbo_lunar_lander_12d,12,ts,logarithmic,fixed_p020,46,22,30,1.6971967947670155,1.7704150028402807,0.6410289804555821,0.11703534420335353,1.2892032053294515,2.179437168780387,0.0,2.694186645448695,0.6814014172455481,0.5032744622419975,0.5801380581475166,4.6,7.4,111.02351666525938,0.0025131963814298314,0.001334369151542584,2.562896249551947
turbo_lunar_lander_12d,12,ts,logarithmic,fixed_p020,47,23,30,1.7462069958486348,1.8996209386009557,0.6927188893362106,0.12647258723312246,1.340831906272681,2.331798718088847,0.0,2.741443816780455,0.6799536279215984,0.5014877354431085,0.5781927373358975,4.833333333333333,7.733333333333333,114.25753371962347,0.0025763101565341156,0.0014263444890578588,2.8758055162926515
turbo_lunar_lander_12d,12,ts,logarithmic,fixed_p020,48,24,30,1.7965237442345463,1.7707992417456644,0.6377437371056204,0.11643554357346424,1.4651496392284304,2.3754526355139416,0.0,2.73060141859424,0.6781068701798761,0.49983432566920455,0.5766159583745571,5.033333333333333,8.166666666666666,117.66983405703989,0.002945116969446341,0.00136830381428202,3.0611226211146763
turbo_lunar_lander_12d,12,ts,logarithmic,fixed_p020,49,25,30,1.7056891803513186,1.667092995127184,0.6999289129029181,0.12778895141566565,1.4088067906084871,2.1237621294009097,0.0,2.8496386419259343,0.6791015093835449,0.49983623427951895,0.5766048121754929,5.2,8.4,121.14520707006255,0.0032607742274800935,0.010895011837904651,2.958801730489358
turbo_lunar_lander_12d,12,ts,logarithmic,fixed_p020,5,0,30,2.5186555437315987,2.4763517558143135,0.40486694848409394,0.07391825349100675,2.3297896836775625,2.7074990324575405,1.8046623785139477,3.4967428332889448,0.9988791369565952,0.9872952692566848,0.996150874403876,0.0,0.0,9.414192673610524,0.0,0.0012461812080194552,1.9972961210024853
turbo_lunar_lander_12d,12,ts,logarithmic,fixed_p020,50,26,30,1.7100903989269425,1.6264735795918548,0.6418456038720824,0.11718443855875492,1.294913079771692,2.1509552105172594,0.0,2.8251016077936777,0.6765158440654954,0.4983352522597607,0.5750712191468623,5.5,8.8,124.49349959023918,0.0025844091859956583,0.0013557590233782928,2.9757239383645357
turbo_lunar_lander_12d,12,ts,logarithmic,fixed_p020,51,27,30,1.651412943410009,1.5107583834703275,0.6701435340723387,0.12235091012588394,1.1858378303097021,2.2519047969185797,0.0,2.8227871058197738,0.6753001782938338,0.4969779229895345,0.5738599193840513,5.633333333333334,9.033333333333333,127.841634623815,0.0033138280113538107,0.0013568362842003505,2.919424453796819
turbo_lunar_lander_12d,12,ts,logarithmic,fixed_p020,52,28,30,1.6606275716330907,1.485276561984975,0.6458557260251415,0.11791658334594879,1.3083617215803507,2.243086388675446,0.0,2.8069866315453735,0.6739911355455249,0.4955334021956431,0.5723237000285184,5.8,9.333333333333334,131.17553897335503,0.0031999287350724143,0.0013241059146821498,3.003033984545618
turbo_lunar_lander_12d,12,ts,logarithmic,fixed_p020,53,29,30,1.6946379548566215,1.5290975051433888,0.6572413894579526,0.11999531157738624,1.3106185017369323,2.3251971342899522,0.0,2.7949824127303957,0.6720834238470631,0.49410976964991915,0.5706944101341905,6.066666666666666,9.566666666666666,134.719597894062,0.00296733258292079,0.001325996918603778,3.104342749156058
turbo_lunar_lander_12d,12,ts,logarithmic,fixed_p020,54,30,30,1.6702097181239717,1.5806657347854665,0.5974837039551771,0.10908510079932972,1.2877281755443748,2.035378710225182,0.0,2.769369918387567,0.6866847470212787,0.5092687025547089,0.5865499104839139,6.2,9.9,138.33396390552323,0.003523351407299439,0.011316242394968867,3.22422432351547
turbo_lunar_lander_12d,12,ts,logarithmic,fixed_p020,55,31,30,1.6021704171794544,1.5264774339704403,0.646691434732977,0.11806916218287712,1.2414848997886208,1.8955526305119001,0.0,2.7808511994316416,0.6860018220052136,0.5078890920357046,0.5850412922585441,6.466666666666667,10.233333333333333,141.8186694469303,0.0031887742690742014,0.0014072096130500237,3.1075489465147257
turbo_lunar_lander_12d,12,ts,logarithmic,fixed_p020,56,32,30,1.6059218849938424,1.581864568760213,0.5908755535680846,0.1078786231225307,1.180082514720129,2.026238716736238,0.0,2.7022660864948413,0.6841965622260463,0.506536357565386,0.5836855945854164,6.633333333333334,10.6,145.30200803883685,0.0034770638837168613,0.001341442298144102,3.0797815395363917
turbo_lunar_lander_12d,12,ts,logarithmic,fixed_p020,57,33,30,1.6058540207797518,1.505952308707987,0.6334277428483706,0.11564755443587807,1.209730265869311,1.9879393335006035,0.0,2.9290242596100726,0.6831298744897741,0.505182665759936,0.582461451006669,6.8,10.933333333333334,148.75917888921686,0.003557402702669303,0.0013603382278233767,3.1139409026751914
turbo_lunar_lander_12d,12,ts,logarithmic,fixed_p020,58,34,30,1.6655407538769313,1.5942206483489048,0.5817355208405557,0.10620988908879633,1.2970217476736308,1.912815716663805,0.0,2.735033955652111,0.6820810347260144,0.5038093892396447,0.5811351351311292,7.233333333333333,11.4,152.17271359291237,0.0024859608616679906,0.0013489550134787958,3.0618847944773733
turbo_lunar_lander_12d,12,ts,logarithmic,fixed_p020,59,35,30,1.6320643207865995,1.6443741797574738,0.6414615435790583,0.11711431906344445,1.1609124262071524,2.0852065753986873,0.0,2.976069600239229,0.6828843062044918,0.5037096232157945,0.5814039711534953,7.3,11.833333333333334,155.7526485511257,0.004622202444200714,0.012358595058321953,3.1219856831089903
turbo_lunar_lander_12d,12,ts,logarithmic,fixed_p020,6,0,30,2.3084718727678397,2.36476569851388,0.4032448147561484,0.07362209374631151,2.054919774827458,2.6530246449068597,1.370461264376363,2.9507006614595364,0.9986889384325536,0.9852275100876212,0.995148893418597,0.0,0.0,11.785526630437623,0.0,0.0012340478754291932,2.0079029730365923
turbo_lunar_lander_12d,12,ts,logarithmic,fixed_p020,60,36,30,1.6744204136044527,1.6569296177934563,0.617230535922145,0.11269036256852052,1.3146919556737724,2.078342442297376,0.0,2.8823285858484664,0.682114407819348,0.5023839574963183,0.579915891431275,7.5,12.033333333333333,159.29278167899076,0.0051382895869513355,0.0015453387362261612,3.178450796737646
turbo_lunar_lander_12d,12,ts,logarithmic,fixed_p020,61,37,30,1.674195346813375,1.6914290429763845,0.6259440571527561,0.11428122661295582,1.172032570954473,2.0269105034232524,0.0,3.06420078322081,0.6806406756672025,0.5011146471996681,0.5786395001511834,7.633333333333334,12.3,162.95529939401894,0.005231965410833557,0.0014883560438950856,3.2728324859092632
turbo_lunar_lander_12d,12,ts,logarithmic,fixed_p020,62,38,30,1.673280534828721,1.6184778636367063,0.6089767913922857,0.11118344188089091,1.221450363091502,2.0299396106366343,0.0,3.0387453483602545,0.677436921589552,0.4999402684015412,0.5775974937148168,7.766666666666667,12.566666666666666,166.49466175409034,0.005352966782326499,0.0014490079289923112,3.1905654441720497
turbo_lunar_lander_12d,12,ts,logarithmic,fixed_p020,63,39,30,1.6811213007113044,1.6035813103000511,0.6376608127095125,0.11642040371935897,1.23584539604108,2.0758822456611457,0.0,3.2273714690939648,0.6761887479254511,0.49872296841877695,0.5763371372935114,7.966666666666667,12.9,170.02822486230482,0.005127343907952308,0.0014818199289341769,3.1797101493148756
turbo_lunar_lander_12d,12,ts,logarithmic,fixed_p020,64,40,30,1.6556855027201185,1.6671495637631537,0.5918998383037136,0.10806563107420143,1.2730797422594233,1.9673812345254826,0.0,2.848856451596682,0.6739957496241283,0.4961077761962326,0.5738736737618352,8.2,13.333333333333334,173.69167703638473,0.004879938097049793,0.012713952828198672,3.191516415293639
turbo_lunar_lander_12d,12,ts,logarithmic,fixed_p020,65,41,30,1.6997111505412772,1.7716865905259875,0.5798551811793521,0.10586658760605873,1.2851625844646797,1.9887874909081438,0.0,2.8884563360518962,0.6734838138425174,0.49497543402880695,0.5725966617106738,8.466666666666667,13.633333333333333,177.43789324105407,0.004582622398932775,0.0014264754485338927,3.2580710034507017
turbo_lunar_lander_12d,12,ts,logarithmic,fixed_p020,66,42,30,1.6938003433063682,1.7198474754795114,0.6214410899898232,0.11345910104934134,1.3818049194444266,2.129803455598796,0.0,2.931632514749403,0.672579551625184,0.49385048000716797,0.5714189831021578,8.666666666666666,14.033333333333333,181.15496938649255,0.0052152149068812525,0.0014093813020735978,3.1718092834266525
turbo_lunar_lander_12d,12,ts,logarithmic,fixed_p020,67,43,30,1.715563298730998,1.7061087380867652,0.6255964236110731,0.11421775770211409,1.4361256770807607,2.040668164747709,0.0,3.042711480375846,0.6710197476179931,0.49263861818044263,0.5701665021870242,8.733333333333333,14.3,184.84438943436058,0.0062530384243776405,0.001444536509613196,3.22709452410539
turbo_lunar_lander_12d,12,ts,logarithmic,fixed_p020,68,44,30,1.7245005907455895,1.764962842681436,0.6082905257874819,0.11105814749682726,1.2460540846195,2.079765768224637,0.0,2.847637480679607,0.6703322443202695,0.49150184882555054,0.5689370518504778,8.9,14.533333333333333,188.45681706912194,0.005705395434051752,0.0014527801889926196,3.201536122026543
turbo_lunar_lander_12d,12,ts,logarithmic,fixed_p020,69,45,30,1.7107412535927886,1.7350357859592864,0.5779983496391314,0.10552757809937009,1.3874785534417997,2.0350852426169994,0.0,2.7974791957842404,0.6766186997503508,0.4968539106167656,0.57454438528818,9.166666666666666,14.833333333333334,192.06052256898644,0.005154885863885283,0.012793967717637618,3.2310315769786637
turbo_lunar_lander_12d,12,ts,logarithmic,fixed_p020,7,0,30,2.2751123220801306,2.3498772115953983,0.4162612493480644,0.07599855869440583,2.0168504798675264,2.650432691357252,1.226591411538858,2.8418783410367388,0.9984683090997225,0.9834494317198244,0.9943849095892785,0.0,0.0,14.147938272605339,0.0,0.0012208555359393357,2.039105755680551
turbo_lunar_lander_12d,12,ts,logarithmic,fixed_p020,70,46,30,1.58323689586058,1.5355889332298776,0.6228115466084342,0.11370931105070652,1.19481054514306,1.9076858365602216,0.0,2.807334886201973,0.6750068760405277,0.49572505684021145,0.5732332984330591,9.466666666666667,15.2,195.68149574678392,0.004888813135524591,0.0014429619846244653,3.23165933531709
turbo_lunar_lander_12d,12,ts,logarithmic,fixed_p020,71,47,30,1.5943834328369253,1.5712650161844015,0.6203177846340209,0.11325401448856158,1.2928634808382666,1.8951365733968815,0.0,2.8394969185638392,0.6744242358919299,0.4946404572502253,0.5720775872036576,9.633333333333333,15.466666666666667,199.2543018799275,0.005941661276544134,0.0014334694948047399,3.244301037893941
turbo_lunar_lander_12d,12,ts,logarithmic,fixed_p020,72,48,30,1.5980138477723396,1.5749001729434107,0.616651593416501,0.11258466261190726,1.288083597341054,1.969851852485832,0.0,2.7831183286326597,0.6729804814825304,0.49351526199093904,0.5708760804456838,9.866666666666667,15.733333333333333,202.8684581429232,0.005505397232870261,0.001454994718854626,3.240766354293252
turbo_lunar_lander_12d,12,ts,logarithmic,fixed_p020,73,49,30,1.6068173053609522,1.7195556492581905,0.5964080835442416,0.10888872027853559,1.1677606038476795,1.9588832447596747,0.0,2.8270414620295012,0.6723783222471608,0.4923419998543191,0.5697357021719405,10.1,16.133333333333333,206.48274381407538,0.006192744352544347,0.0014102721897264322,3.2199299565982074
turbo_lunar_lander_12d,12,ts,logarithmic,fixed_p020,74,50,30,1.57960171497931,1.5701102907056756,0.6457188835599103,0.11789159944427154,1.1938360699155925,1.9004273903442508,0.0,3.0121133270159426,0.677180293442413,0.49937921828515736,0.5771273577747504,10.266666666666667,16.466666666666665,210.09658961721385,0.006019682018086314,0.013077565313627323,3.1817068497650327
turbo_lunar_lander_12d,12,ts,logarithmic,fixed_p020,75,51,30,1.5472720992110418,1.595492660384307,0.6208760674934616,0.11335594252708964,1.2099371313356515,1.9343667210501068,0.0,2.740077345716882,0.6763554896296895,0.4983638793898046,0.5760388232041276,10.5,16.866666666666667,213.6629543111194,0.006023207555214564,0.0014553142711520195,3.215961169777438
turbo_lunar_lander_12d,12,ts,logarithmic,fixed_p020,76,52,30,1.4181434372401798,1.446662937747494,0.6429854200704872,0.11739253957318027,1.0854178384194872,1.7785329220096249,0.0,2.732303968803336,0.6757881608987238,0.497257756018996,0.5746906119193463,10.633333333333333,17.166666666666668,217.18107445381273,0.006857241767769058,0.0014375191802779832,3.0966957830513517
turbo_lunar_lander_12d,12,ts,logarithmic,fixed_p020,77,53,30,1.4171454052048533,1.472529929090496,0.5989543012732752,0.10935359390737269,1.166799846898864,1.718574157597874,0.0,2.6812707397589506,0.6748231973405583,0.4962997055085687,0.5738148304418405,10.833333333333334,17.366666666666667,220.59830127543148,0.006375277880579233,0.001424743685250481,3.062374912450711
turbo_lunar_lander_12d,12,ts,logarithmic,fixed_p020,78,54,30,1.5328799718565875,1.5097891817505016,0.5909433339228444,0.10789099806561657,1.2754427574061897,1.8493255026396693,0.0,2.715807649147856,0.6741256219192727,0.4953928620915396,0.5729321545632012,11.0,17.666666666666668,224.27151127960533,0.00664474720445772,0.0014606325111041465,3.1719619740732012
turbo_lunar_lander_12d,12,ts,logarithmic,fixed_p020,79,55,30,1.5089593628572993,1.5275475204067026,0.585918958167934,0.10697367675283442,1.2949127621559346,1.8458399994344075,0.0,2.6993801941367686,0.6892719821813479,0.5094944313590598,0.5877862195805116,11.166666666666666,17.933333333333334,227.8232738641867,0.00691443191220363,0.014206106991817553,3.1454780854129543
turbo_lunar_lander_12d,12,ts,logarithmic,fixed_p020,8,0,30,2.2239840506496247,2.22600281822161,0.4200166296630616,0.07668419419791743,1.9900331339095296,2.6590745569009444,1.1804013694844409,2.828253016420003,0.998126022348572,0.9816567420505923,0.9934316337672878,0.0,0.0,16.565238327300175,0.0,0.001241471820200483,2.083609535964206
turbo_lunar_lander_12d,12,ts,logarithmic,fixed_p020,80,56,30,1.5328177107453103,1.5707361588631108,0.5710681332307456,0.1042622994809483,1.26647305847994,1.807729060937839,0.0,2.673155264957242,0.6885565439242775,0.5085044432972906,0.5867030450917705,11.266666666666667,18.2,231.43055521335143,0.007462803227826953,0.0014563971819976965,3.158951466313253
turbo_lunar_lander_12d,12,ts,logarithmic,fixed_p020,81,57,30,1.5361215400944415,1.5632164969533442,0.5829416034183926,0.10643008863349476,1.2840603499405387,1.8400800433612248,0.0,2.6893537482608427,0.6880554209881145,0.5074367018164913,0.5853168607475869,11.4,18.366666666666667,234.97333971246456,0.0074903830109785,0.0015212735626846552,3.1917584465350957
turbo_lunar_lander_12d,12,ts,logarithmic,fixed_p020,82,58,30,1.5405696303975678,1.5254836019767457,0.5910710507853422,0.1079143158678045,1.2912997149506373,1.877570013708289,0.0,2.702807510145058,0.68729887014023,0.5064285719989977,0.5841900788911547,11.6,18.633333333333333,238.5098849060014,0.006864795476819078,0.0014653781894594432,3.2237145443446935
turbo_lunar_lander_12d,12,ts,logarithmic,fixed_p020,83,59,30,1.5884569513862565,1.550785703625883,0.585434785750836,0.10688527936797895,1.3514014810963122,1.9268937295444728,0.0,2.6973784921274304,0.6863248736489284,0.5054251287326498,0.5830167778025375,11.833333333333334,19.0,242.01817587609403,0.006856609415262937,0.0014722846758862336,3.181314011539022
turbo_lunar_lander_12d,12,ts,logarithmic,fixed_p020,84,60,30,1.571196159466884,1.6138305901701397,0.5928925188730817,0.10824686892094809,1.2928002523818711,1.9278853322520981,0.0,2.705704736012262,0.685407216627222,0.5042481120721863,0.5818667216397689,11.966666666666667,19.3,245.561390815846,0.007867320269967119,0.013892508779341976,3.1488772358124453
turbo_lunar_lander_12d,12,ts,logarithmic,fixed_p020,85,61,30,1.5442615123751937,1.6001332820208745,0.5758207664149156,0.10513000761512081,1.2957135301901967,1.889872016968222,0.0,2.6715991582349483,0.6832546669710371,0.503306578599041,0.581015353357699,12.1,19.566666666666666,249.31130942064337,0.007877615109706918,0.0014842367731034757,3.294710651040077
turbo_lunar_lander_12d,12,ts,logarithmic,fixed_p020,86,62,30,1.5951747451054168,1.6827400854566261,0.6084647406091636,0.11108995462605618,1.2516251993147742,1.9519368365711123,0.0,2.69801558240394,0.6829846712108332,0.5023929762309685,0.5800873304264013,12.3,19.9,253.13673701202498,0.007696521530548731,0.0015443871263414622,3.3470644230643907
turbo_lunar_lander_12d,12,ts,logarithmic,fixed_p020,87,63,30,1.5956964808898955,1.6520112995566718,0.5933501379912388,0.10833041835886818,1.339391716922318,1.9630901196796664,0.0,2.670403568741183,0.6817439783612607,0.5014564968750838,0.5793078087911526,12.5,20.233333333333334,256.9857059535415,0.007617890213926633,0.0015617154849072298,3.518950801792865
turbo_lunar_lander_12d,12,ts,logarithmic,fixed_p020,88,64,30,1.6025609648746473,1.7117493094117622,0.594448159569853,0.10853088875461299,1.3335824196023474,1.995450186364078,0.0,2.7094172803603196,0.6814171597408178,0.5006204551524304,0.5785196012274443,12.666666666666666,20.6,260.87253964459524,0.01178805371746421,0.0015437754026303688,3.4339917897712438
turbo_lunar_lander_12d,12,ts,logarithmic,fixed_p020,89,65,30,1.5179732406886983,1.545070742716781,0.6200997604553916,0.11321420890165598,1.242929323391536,1.9022158756103598,0.0,2.7059169927359323,0.6842566226288963,0.5031969775286591,0.581211719192864,12.7,20.8,264.7904451855458,0.013250508687148492,0.015167104499414562,3.4434950169951963
turbo_lunar_lander_12d,12,ts,logarithmic,fixed_p020,9,0,30,2.226785806187293,2.2321246182726253,0.40263022331401005,0.07350988521414191,2.026735734028776,2.5956853505895654,1.2068822227109028,2.830434890547302,0.9978353826675902,0.9800721250901048,0.992844278903608,0.0,0.0,18.87575765110863,0.0,0.0011916050997873148,1.9746033806353807
turbo_lunar_lander_12d,12,ts,logarithmic,fixed_p020,90,66,30,1.4947725370506384,1.5466014821501832,0.6371660325393161,0.11633006963261804,1.2027710536936662,1.9177600175205645,0.0,2.701130338632077,0.6835015814764446,0.5022707385695757,0.580396961335311,12.866666666666667,21.0,268.9163430371011,0.01134761618450284,0.0015772756189107895,3.5297430804154524
turbo_lunar_lander_12d,12,ts,logarithmic,fixed_p020,91,67,30,1.5412474322610306,1.6385141707861404,0.643166749133693,0.1174256455792633,1.2376887181491782,1.901704635404743,0.0,2.708991619839722,0.6827800613618825,0.5013979040735624,0.5794837496652381,13.0,21.3,272.8652331886503,0.011993916798382997,0.0015447162557393312,3.5110800804104656
turbo_lunar_lander_12d,12,ts,logarithmic,fixed_p020,92,68,30,1.6185905858038907,1.5686312113249836,0.6184828797751145,0.11291900822786197,1.3769671885035168,2.059441396236097,0.0,2.7150962918001236,0.6823281980509097,0.500626134960163,0.578555368016833,13.333333333333334,21.5,276.73302341111315,0.009491506855313976,0.001590927519525091,3.4542528533376755
turbo_lunar_lander_12d,12,ts,logarithmic,fixed_p020,93,69,30,1.5404098824057681,1.5265443305191437,0.6890909229729885,0.12581021422812022,1.2599951562408056,1.9813855599630343,0.0,2.724508956434353,0.681233015441785,0.4997479614687038,0.5776537425441605,13.533333333333333,21.833333333333332,280.51350651035705,0.010954862103487055,0.0015983169122288623,3.386361973437791
turbo_lunar_lander_12d,12,ts,logarithmic,fixed_p020,94,70,30,1.4940658473117807,1.548970199324895,0.6569103838104325,0.11993487849078346,1.1978078925007343,1.897799173156972,0.0,2.6540397044990605,0.68571739956502,0.5046384273713398,0.5830414513119558,13.733333333333333,22.166666666666668,284.50433733374814,0.011126323385785024,0.015838740719482304,3.5405019072815778
turbo_lunar_lander_12d,12,ts,logarithmic,fixed_p020,95,71,30,1.4709086610382074,1.4459151557532,0.6640912083184746,0.12124591167896365,1.1306686867460738,1.8495599223333308,0.0,2.6597376540466593,0.6853030682598275,0.5037287987992795,0.5821378997283173,14.1,22.6,288.44485691219256,0.008796552894636989,0.0015609982578704755,3.547490803928425
turbo_lunar_lander_12d,12,ts,logarithmic,fixed_p020,96,72,30,1.5103227624912177,1.5423822392765791,0.67931053383535,0.12402456764416586,1.101775996519538,1.9898914689015554,0.0,2.6654283338781406,0.684740307451216,0.5029725538235446,0.5813354461349296,14.266666666666667,22.933333333333334,292.3184959574292,0.011674056729922692,0.0015686833765357732,3.4904171008771905
turbo_lunar_lander_12d,12,ts,logarithmic,fixed_p020,97,73,30,1.4921290402179888,1.5644038294116223,0.6695957911389362,0.12225090640577106,1.0865205418044317,1.9517434846667951,0.0,2.652265178828744,0.6842429135389911,0.5021788580699389,0.5804514501875807,14.533333333333333,23.3,296.19356985248936,0.01013499499919514,0.0015572207514196635,3.5057213097500304
turbo_lunar_lander_12d,12,ts,logarithmic,fixed_p020,98,74,30,1.4778651952677249,1.5838158496197468,0.6832382688521939,0.12474167066704196,1.0978046981932599,1.918799370491331,0.0,2.663547882269281,0.6837439324463035,0.5014184700731786,0.5795097911978649,14.833333333333334,23.666666666666668,300.0291136083969,0.009658464727302392,0.0015718667302280665,3.4844043339292208
turbo_lunar_lander_12d,12,ts,logarithmic,fixed_p020,99,75,30,1.4640524169638354,1.579441452703347,0.6263413697020335,0.11435376562816217,1.0793144665158896,1.8750082983445737,0.0,2.674133014902341,0.6832025902886901,0.5003189235933723,0.5784997599932872,15.0,24.133333333333333,303.9708664335621,0.011320264699558416,0.01677585590320329,3.556970761809498
turbo_lunar_lander_12d,12,ts,logarithmic,standard,1,0,30,3.310651109298576,3.283904957447192,0.580644939743358,0.10601077713288837,3.052659635642117,3.600539664830276,2.2276699670828726,4.534419415344451,0.9999703333578658,0.9972378949702652,0.9997470325374905,0.0,0.0,0.7264899276352177,0.0,0.006364711575830976,0.3805060353285323
turbo_lunar_lander_12d,12,ts,logarithmic,standard,10,0,30,2.22363944070666,2.237736932043511,0.389172751593094,0.07105289827129739,1.9972427935898305,2.560782715833177,1.4562514051970976,2.7919025174092806,0.9975692102752459,0.9785407233685759,0.9921383172057798,0.0,0.0,19.788347055452565,0.0,0.0011566413876911005,1.8900687055041392
turbo_lunar_lander_12d,12,ts,logarithmic,standard,100,76,30,1.7555224025674334,1.5658222290552999,0.5528909471116561,0.10094361452448326,1.4059328544931031,2.1780065363122287,0.7945364507136343,2.8589520063973053,0.6832836646981844,0.5012180192821368,0.5779678259546098,0.0,0.0,280.6402948096239,0.013166929626216491,0.0015138922724872827,3.192980753009518
turbo_lunar_lander_12d,12,ts,logarithmic,standard,101,77,30,1.7120121998089848,1.6284870484679463,0.4609633673245412,0.08416001148906367,1.410770968906522,1.966478001579199,0.9212238761731486,2.648585820116125,0.6821395764059885,0.5005373362328368,0.5773166865749692,0.0,0.0,284.3870527418175,0.013151667996620138,0.0015377212160577376,3.237927916273475
turbo_lunar_lander_12d,12,ts,logarithmic,standard,102,78,30,1.717596036592581,1.625885317454565,0.5005839039256836,0.09139369870136527,1.4099873776897,1.956521085603882,0.861777062073873,2.894257365589187,0.6814727485717796,0.4997614525028552,0.5766376057972461,0.0,0.0,287.9299181812598,0.013274380300814907,0.0015680068327734867,3.2095024320917824
turbo_lunar_lander_12d,12,ts,logarithmic,standard,103,79,30,1.7180086216498736,1.6308966877186293,0.4939668202221198,0.09018559003158469,1.3660654232595886,1.966578456119152,0.8475328635891499,2.814310760726406,0.6805638006599661,0.499063822426911,0.5759500906654561,0.0,0.0,291.56273675949,0.01320128037283818,0.0015537964956214032,3.207418771755571
turbo_lunar_lander_12d,12,ts,logarithmic,standard,104,80,30,1.7330273821665092,1.6697300364169536,0.5009999065862472,0.09146965004842286,1.4076323281150147,1.9581168085006224,1.0035163121904254,2.8681825914656263,0.6802352045781613,0.4983641891016514,0.5752270683679963,0.0,0.0,295.3690147351008,0.013178463994214932,0.015427136591946085,3.2924006991864494
turbo_lunar_lander_12d,12,ts,logarithmic,standard,105,81,30,1.693059777188993,1.596342233758441,0.4900979722204396,0.08947923825755834,1.3707639110915533,2.0168132073353577,0.9745675505916029,2.852218639470431,0.6794285454970111,0.4977019327717566,0.5743945580107762,0.0,0.0,299.1152859678492,0.013197862124070526,0.0015689956645170847,3.353017401602119
turbo_lunar_lander_12d,12,ts,logarithmic,standard,106,82,30,1.6883217294896276,1.6293804649903287,0.5029576981857303,0.09182709225573323,1.2854864282423093,2.0121774622453317,0.9731435352937836,2.861706515097991,0.6790825496191581,0.49691223610007496,0.5736069367997128,0.0,0.0,302.88613382329544,0.013267161014179388,0.0015700921726723512,3.3379300627547006
turbo_lunar_lander_12d,12,ts,logarithmic,standard,107,83,30,1.7189079549400286,1.6133728203736983,0.5106470757004931,0.0932309740950694,1.4008456300788565,2.1000211257066232,0.8368967702789658,2.7533857713364887,0.6788863883965011,0.49630747818349724,0.5730405345898453,0.0,0.0,306.7353580833568,0.01323187501790623,0.0016151523993661006,3.3110863004190225
turbo_lunar_lander_12d,12,ts,logarithmic,standard,108,84,30,1.710499772522516,1.6517958837809,0.49323615063494813,0.09005218862659238,1.3388706687022653,2.065646924760891,0.8167933949969406,2.7478160312987785,0.6782039323306083,0.49560145940441475,0.5722583201272695,0.0,0.0,310.41446754404654,0.013279693977286419,0.001608723277846972,3.3460726202931257
turbo_lunar_lander_12d,12,ts,logarithmic,standard,109,85,30,1.7419130491488253,1.6319913487675295,0.504742252305079,0.09215290577115189,1.4239824628533468,2.0591709372960847,0.9791419608663394,2.690090155316368,0.6810041763165162,0.4976546439711973,0.5747395670996995,0.0,0.0,314.2797810663314,0.01329235361578564,0.016265999448175233,3.423631035272653
turbo_lunar_lander_12d,12,ts,logarithmic,standard,11,0,30,2.2039395465044658,2.2537721007319247,0.40585783873010195,0.07409916447092356,1.9774190634865962,2.5267119990292883,1.0662318150143433,2.775831557357914,0.9974193191914803,0.9770600576717418,0.9914932065434111,0.0,0.0,22.01883282822867,0.0,0.001172330789268017,1.929159895485888
turbo_lunar_lander_12d,12,ts,logarithmic,standard,110,86,30,1.7219866843965048,1.6767562944821353,0.5565823623038604,0.10161757164777913,1.2980620175363058,2.00693841198915,0.8495098853836789,3.0527649110367427,0.6799965105209279,0.4968954926957616,0.5739275986458152,0.0,0.0,318.0257302747729,0.013288202912857134,0.001594060007482767,3.4307614872697743
turbo_lunar_lander_12d,12,ts,logarithmic,standard,111,87,30,1.7837956440594664,1.7046525258434602,0.503675500977364,0.09195814451600587,1.4757318059305549,1.993699201314144,0.9311657797977217,3.048368263748152,0.6794815287359356,0.4962254590404067,0.5731410757857295,0.0,0.0,321.8879646165607,0.013251027915005882,0.0016141990820566813,3.408709840600689
turbo_lunar_lander_12d,12,ts,logarithmic,standard,112,88,30,1.7333846076228523,1.6612077865735206,0.5297260178866812,0.09671429643130679,1.3869300179682602,2.0369361865882327,0.8565656477553747,2.971595231276413,0.6783560972447149,0.4954502587142896,0.572171866495249,0.0,0.0,325.80212359970125,0.013329996246223648,0.001624567418669661,3.4937440725353857
turbo_lunar_lander_12d,12,ts,logarithmic,standard,113,89,30,1.7259727965590224,1.6020559755021568,0.5579753555324727,0.10187189625236676,1.4333416303053637,1.9931782663438562,0.7110262434470207,3.0883509238214346,0.6774926662056366,0.4947181935564459,0.5713487355960097,0.0,0.0,329.7063620023429,0.013182641891762614,0.0016268455889075994,3.5063059129596996
turbo_lunar_lander_12d,12,ts,logarithmic,standard,114,90,30,1.768053417629979,1.6180033026103144,0.5409941123890931,0.09877155961099712,1.393347768361695,2.0608108932658524,0.9754759173981358,3.1127164713165607,0.6766589114400852,0.4939184258601536,0.5707177700573142,0.0,0.0,333.7326819010079,0.013223748126377662,0.01757776738765339,3.5284474359670033
turbo_lunar_lander_12d,12,ts,logarithmic,standard,115,91,30,1.724800539318586,1.6211814637923747,0.5259885618020589,0.09603193342956261,1.3110474995673678,1.963177391966895,1.0505682831745808,2.9921408873710638,0.6760438168745357,0.4932383137818505,0.570060653679951,0.0,0.0,337.6957335704472,0.013294069810460012,0.0016698429205765327,3.5434738491506628
turbo_lunar_lander_12d,12,ts,logarithmic,standard,116,92,30,1.6737131494977275,1.6043778591126983,0.5162301585747534,0.09425030090528713,1.2901951256843232,1.9069868795272016,1.0390994506215359,3.0080694410297455,0.6752983268097943,0.4925632304211406,0.5694767251916046,0.0,0.0,341.59311321984666,0.013290795699382822,0.00167098268866539,3.5764155563587945
turbo_lunar_lander_12d,12,ts,logarithmic,standard,117,93,30,1.6384138389121214,1.5812819573826595,0.5639766807967949,0.10296758332643173,1.323543807749577,1.9180747616295712,0.7651991997296383,2.9952243186746825,0.6746659190324208,0.49192795944803586,0.5689411105169951,0.0,0.0,345.5208056039332,0.013316655873010556,0.0016620493493974208,3.5467981189644586
turbo_lunar_lander_12d,12,ts,logarithmic,standard,118,94,30,1.5811076455160817,1.5389068980947012,0.6223067431804121,0.11361714697582864,1.2444690417536535,1.9082822264388999,0.0,3.00954507069396,0.6742457739959439,0.49124865048007965,0.5681955036875196,0.0,0.0,349.5221552771206,0.01337414930264155,0.001680106840406855,3.613689316762611
turbo_lunar_lander_12d,12,ts,logarithmic,standard,119,95,30,1.6269214322796308,1.5989873834824082,0.608344858584462,0.11106806726300003,1.2574057868267507,1.945556330411685,0.0,3.0801498083605696,0.6729036062666762,0.48960272981442526,0.5667025419411117,0.0,0.0,353.501330291961,0.013344199536368251,0.019248006958514453,3.613862057030201
turbo_lunar_lander_12d,12,ts,logarithmic,standard,12,0,30,2.2106593718795478,2.2407115330443084,0.3965547873468668,0.07240066743884772,1.988724447039785,2.5380856481454894,1.0907761306781327,2.776769492091669,0.9971768750965188,0.9755870863831688,0.9906783619358783,0.0,0.0,24.253110813815148,0.0,0.001171167241409421,1.9324664044193924
turbo_lunar_lander_12d,12,ts,logarithmic,standard,120,96,30,1.6064351503769414,1.5357242976484007,0.6162563908467658,0.11251250882449793,1.212040262285514,2.008192891478004,0.0,3.007441952488335,0.6720808685429351,0.4889072847952726,0.565960962976446,0.0,0.0,357.50089518468207,0.013400566934918364,0.0016731129959225654,3.657234316940109
turbo_lunar_lander_12d,12,ts,logarithmic,standard,121,97,30,1.613292168545365,1.5738276648634506,0.6136868091240533,0.11204336953353705,1.3313718511119723,1.9315923687472123,0.0,3.0183347571135637,0.6719519635242683,0.48826761069368524,0.565267887608789,0.0,0.0,361.51649883484157,0.013380610027040045,0.001689037246008714,3.617554431098203
turbo_lunar_lander_12d,12,ts,logarithmic,standard,122,98,30,1.64347891553667,1.5983643436878319,0.6211225025091268,0.11340093519943596,1.3063134346954097,2.0176760753483403,0.0,2.9891559869865296,0.6714530331774927,0.48764086927792144,0.5644842011766172,0.0,0.0,365.59424406513574,0.013328254766141375,0.001697233288238446,3.655433337856084
turbo_lunar_lander_12d,12,ts,logarithmic,standard,123,99,30,1.6674344224884339,1.6136771794322087,0.5954538448757788,0.10871450093054867,1.3693683212082934,1.9806167793193978,0.0,2.968385088195686,0.6705559245142031,0.4870324742435477,0.5639642383770734,0.0,0.0,369.72589982580394,0.013331000072260698,0.001711439744879802,3.6930094495881347
turbo_lunar_lander_12d,12,ts,logarithmic,standard,124,100,30,1.6761566637914223,1.6075311937218864,0.614746103167194,0.1122367692810234,1.3597571745632266,2.0330512796071303,0.0,3.0308742360096987,0.6709287149863724,0.4870353803361775,0.5640147789197666,0.0,0.0,373.8153486672634,0.013435587116206685,0.01999017515530189,3.6433849592382708
turbo_lunar_lander_12d,12,ts,logarithmic,standard,125,101,30,1.672624455520578,1.6135668160331371,0.6075131069082111,0.11091621087789161,1.3246747139162587,2.052086577805054,0.0,3.08920798204675,0.6705923898068621,0.4864312706307127,0.5634818326369022,0.0,0.0,377.95583116449416,0.013376523911332091,0.0017137518463035426,3.6895786496189733
turbo_lunar_lander_12d,12,ts,logarithmic,standard,126,102,30,1.7303433766554732,1.6371653004048374,0.5321489006305776,0.09715665227564749,1.4568246794248156,1.9653215616406063,0.8767709054785968,3.0263855418514405,0.670457564883899,0.4858749646747388,0.5628687484057088,0.0,0.0,382.0936202856557,0.013340808854748806,0.001727064186707139,3.7103994079710296
turbo_lunar_lander_12d,12,ts,logarithmic,standard,127,103,30,1.6467294024561558,1.5877590560252528,0.56178907423501,0.10256818283948643,1.267457203102569,1.8415021338995177,0.6941669814731484,2.993262254745215,0.6692771900180591,0.4852110517442789,0.5620535397294508,0.0,0.0,386.25335318287836,0.01342451705907782,0.0017298121936619281,3.7342319761713347
turbo_lunar_lander_12d,12,ts,logarithmic,standard,128,104,30,1.6189105604092167,1.6358467711336888,0.6169140668231591,0.11263258348043122,1.2422135045624543,1.8338888999545315,0.0,3.026131545235213,0.6689939816942213,0.4846983962308029,0.5616396989936143,0.0,0.0,390.307334619031,0.013569391643007597,0.0018175957103570303,3.709482599546512
turbo_lunar_lander_12d,12,ts,logarithmic,standard,129,105,30,1.6778174452254997,1.5721808530999217,0.5246121123046561,0.09578062928323122,1.390143690515854,1.793404673161646,0.7797180041470819,2.9601770560495146,0.6689164869168637,0.4845178454461741,0.5614678842340006,0.0,0.0,394.44102358243737,0.013437571035077174,0.020240104710683226,3.741145062400028
turbo_lunar_lander_12d,12,ts,logarithmic,standard,13,0,30,2.1624211766836634,2.169847667959323,0.4000469610745641,0.07303824821397663,1.8748445000298197,2.4402882454317654,1.1087561383423163,2.7763907585551406,0.997077015008267,0.9742330654319203,0.9901181193354852,0.0,0.0,26.470395869001127,0.0,0.0011312615902473529,1.9241976553884645
turbo_lunar_lander_12d,12,ts,logarithmic,standard,130,106,30,1.6086060400146642,1.5965200044157202,0.6003968696805686,0.10961696965984566,1.323564874656442,1.8302376586249731,0.19592818618171015,2.969035984498001,0.6686086272931967,0.48389156612614787,0.560707343933594,0.0,0.0,398.48957286475536,0.013449953744808833,0.001751643248523275,3.6863411580833296
turbo_lunar_lander_12d,12,ts,logarithmic,standard,131,107,30,1.6522819003982412,1.5964759554630317,0.5357839048720435,0.09782031021554011,1.3487079472244816,1.927904047019191,0.6775216108298514,3.004769244990885,0.668493754559476,0.48332072732930215,0.5600577493908154,0.0,0.0,402.6166412512617,0.013447889918461442,0.0017592914868146182,3.7099709111265837
turbo_lunar_lander_12d,12,ts,logarithmic,standard,132,108,30,1.6696546742311196,1.5793102580961873,0.5641028779096567,0.10299062366156722,1.359759684550295,1.8022220995851752,0.6948021929158512,3.0243368621831115,0.6681632021080277,0.4827209004969365,0.5593901858154013,0.0,0.0,406.7045308265214,0.013509386265650392,0.0018015050639708836,3.7194530993234367
turbo_lunar_lander_12d,12,ts,logarithmic,standard,133,109,30,1.6647032713862278,1.5789721363296119,0.574097450517662,0.10481537461824313,1.352081494795773,1.9072384350471516,0.618254793826643,3.0642755742015817,0.6674864585172258,0.4821639629656554,0.5587705220737793,0.0,0.0,410.82905033344093,0.013430486153811216,0.0017594710923731327,3.740999185340479
turbo_lunar_lander_12d,12,ts,logarithmic,standard,134,110,30,1.718451672598302,1.6393593206086665,0.6303205081481139,0.11508025359028028,1.404140408400693,2.055550778129968,0.07054126505596447,3.083524632150941,0.6662315453921878,0.480302545535528,0.5569194885074165,0.0,0.0,415.09093278440025,0.013641322776675225,0.022320629516616463,3.771441784578686
turbo_lunar_lander_12d,12,ts,logarithmic,standard,135,111,30,1.6913007000940854,1.6280020752030255,0.6341421431537515,0.11577798548999331,1.2877345551262562,1.9966632633996637,0.10493417901738744,3.0765546976539486,0.6657483414022516,0.4798043183306195,0.5564229962018394,0.0,0.0,419.23288315959894,0.013541016681119799,0.0018016659499456484,3.784368588309735
turbo_lunar_lander_12d,12,ts,logarithmic,standard,136,112,30,1.6576418076030481,1.5992970004844564,0.6509434133236265,0.11884546371225303,1.3112639423725487,1.9753539266673306,0.024363818784624902,2.9976553261198036,0.6647184114588327,0.47921051164084755,0.5558118688550252,0.0,0.0,423.34887438335767,0.013570629572495819,0.0018345436391731104,3.7678583683290827
turbo_lunar_lander_12d,12,ts,logarithmic,standard,137,113,30,1.7041779155961574,1.5963553390092882,0.6215763703935936,0.11348379975891916,1.4161566665849177,1.991667106579392,0.11718220437562188,3.0216641112713596,0.663966943667092,0.4787419927995401,0.5552035217478639,0.0,0.0,427.57898613088764,0.013507471031819781,0.0018188548739999533,3.7443341748633734
turbo_lunar_lander_12d,12,ts,logarithmic,standard,138,114,30,1.6703353517318869,1.5663114814821104,0.6376051746452926,0.1164102456450826,1.3327769353996808,1.9408760353531016,0.05416477155678634,2.966183784044386,0.6633806229255855,0.4780720515783299,0.5543455904943553,0.0,0.0,431.74015571485893,0.013550652268653115,0.0018473010044544936,3.752645720914006
turbo_lunar_lander_12d,12,ts,logarithmic,standard,139,115,30,1.690622387079278,1.6791233986361964,0.6637258669523453,0.12117920977649072,1.4250281935619986,1.926238438855145,0.0,3.0620058260580016,0.6618818843610424,0.47646324399216267,0.5528034920884312,0.0,0.0,435.89589210897685,0.013564897933974862,0.02291003696930905,3.740276750844593
turbo_lunar_lander_12d,12,ts,logarithmic,standard,14,0,30,2.154786439057285,2.1409700023643303,0.3714147224807916,0.06781074056408357,1.8546720315916845,2.392664409051791,1.3656806381213453,2.779667657065398,0.9966224269695563,0.9727196180071898,0.9893869242909837,0.0,0.0,28.697547064876805,0.0,0.0011487099342048167,1.919951138816153
turbo_lunar_lander_12d,12,ts,logarithmic,standard,140,116,30,1.6765631816169275,1.6380278427485342,0.624545427654098,0.11402587297095343,1.3884564944364717,2.0213637520812044,0.0,3.0418171747943097,0.6613802601265671,0.4758841064850002,0.5522190081200173,0.0,0.0,440.1742586319645,0.013569993510221442,0.001881177102526029,3.7844590284551183
turbo_lunar_lander_12d,12,ts,logarithmic,standard,141,117,30,1.6111086442303355,1.5145433522973635,0.6937304297185685,0.12665726839487074,1.3085357727864715,1.9661972028140084,0.0,3.0728485473986007,0.6612385206148238,0.47533981126990266,0.5517082931713494,0.0,0.0,444.26688395120823,0.013625507134323318,0.00189525179254512,3.7194001144884776
turbo_lunar_lander_12d,12,ts,logarithmic,standard,142,118,30,1.601920010977015,1.583916284182176,0.700794697118074,0.12794702126385657,1.3283719990408358,1.9704139881454883,0.0,3.0343184437775133,0.660912300904385,0.47475398927190293,0.5510088464736239,0.0,0.0,448.4250411566347,0.013542951658988993,0.00186500937367479,3.7539961943092446
turbo_lunar_lander_12d,12,ts,logarithmic,standard,143,119,30,1.6277153459050104,1.6639588561094172,0.6985380672387685,0.12753501890091132,1.2151523844709562,1.9517793077583034,0.0,3.051789132689184,0.6605886840552049,0.47420744629281436,0.5503549607276547,0.0,0.0,452.53558451596956,0.013608554036666949,0.0018546390812844038,3.765569849545136
turbo_lunar_lander_12d,12,ts,logarithmic,standard,144,120,30,1.6173223066665487,1.6355689728733809,0.7050134209737586,0.12871725133707113,1.2210653904395823,2.0039690180836907,0.0,3.0067112853723934,0.6627317074958554,0.4764830932298642,0.5527225613489244,0.0,0.0,456.83501017803013,0.01370798700178663,0.0241629920899868,3.73383030865031
turbo_lunar_lander_12d,12,ts,logarithmic,standard,145,121,30,1.6295970922969383,1.5899926419713533,0.7271795780615948,0.13276421942047475,1.2126973111872887,2.0630938280994497,0.0,3.141418085642486,0.6623904493906206,0.47597159894777646,0.5521948963603122,0.0,0.0,460.930117112662,0.013932217502345641,0.0019027952725688617,3.746193698545297
turbo_lunar_lander_12d,12,ts,logarithmic,standard,146,122,30,1.66722910861195,1.677670953615456,0.6875191498453157,0.12552324902901796,1.3147732841117177,2.074628084546248,0.0,3.0691561500102322,0.6620428221775385,0.4754427823792505,0.551565665669614,0.0,0.0,465.077690149347,0.01380302927767237,0.0018807978524516026,3.7780571569843837
turbo_lunar_lander_12d,12,ts,logarithmic,standard,147,123,30,1.6497272033460668,1.6642979470060038,0.6813141948874486,0.12439038442944217,1.169612160769231,2.060955424907698,0.0,3.0146898113864595,0.6616881374324471,0.4749431915733824,0.5509943655419884,0.0,0.0,469.19370633407186,0.01426093044380347,0.0019196301388243835,3.730380225631719
turbo_lunar_lander_12d,12,ts,logarithmic,standard,148,124,30,1.6544629780386757,1.669232131464335,0.7252572180454927,0.13241324610565305,1.2279374437594446,2.061324632556719,0.0,3.0620218786923674,0.6614112770176024,0.474407170006597,0.5505153150796186,0.0,0.0,473.35541291531797,0.014224099383379022,0.0019384321756660938,3.7804813174996523
turbo_lunar_lander_12d,12,ts,logarithmic,standard,149,125,30,1.6024616465642387,1.6066322852180244,0.7145453980723541,0.1304575442952456,1.164831604751189,2.008841556161479,0.0,3.012354191405617,0.6625004464127888,0.475108442855747,0.5513908196677856,0.0,0.0,477.52743951164496,0.014290744438767433,0.025518062198534606,3.7338773398815346
turbo_lunar_lander_12d,12,ts,logarithmic,standard,15,0,30,2.1347991880220576,2.1185131199386142,0.37296349748131596,0.06809350689884598,1.8408286933968911,2.307423651628433,1.290156542048358,2.78755737563226,0.9963141373461718,0.9712580647761323,0.9886452928854991,0.0,0.0,30.921254952577875,0.0,0.001156479896356662,1.8758128022154172
turbo_lunar_lander_12d,12,ts,logarithmic,standard,150,126,30,1.6360362889041318,1.5514296513272687,0.6940909073511151,0.1267230823051447,1.282524190743913,2.003208964552989,0.0,3.1076062556454236,0.6619387018804075,0.47455271167994645,0.5507070188163089,0.0,0.0,481.74495717603713,0.01430018087849021,0.0019860567059367894,3.7740948204882443
turbo_lunar_lander_12d,12,ts,logarithmic,standard,151,127,30,1.6132250851280263,1.6357626426686531,0.7085604532889517,0.12936484787414812,1.1545923036626708,1.9466289939573747,0.0,3.0473871938692865,0.661524826888223,0.47408126307490067,0.5502589821530968,0.0,0.0,485.96498255576006,0.014277924209212263,0.0019643877788136405,3.7569058175819614
turbo_lunar_lander_12d,12,ts,logarithmic,standard,152,128,30,1.60981042051685,1.6018041306114126,0.7025265408124828,0.12826321121635684,1.1725861987088244,2.0180729865856306,0.0,2.9998715737328627,0.6601276240435335,0.4735250600362942,0.549642034113072,0.0,0.0,490.11915872236716,0.014315745063746969,0.0019281502347439528,3.8021819030710806
turbo_lunar_lander_12d,12,ts,logarithmic,standard,153,129,30,1.6090349556545318,1.588115885805924,0.714524747407744,0.13045377401696745,1.1308413760271465,2.0493409181843205,0.0,2.9184189345337077,0.6593811380153967,0.47296030811400336,0.5490102346489131,0.0,0.0,494.2949371663543,0.014427839079871774,0.0019880448623249927,3.773137668101117
turbo_lunar_lander_12d,12,ts,logarithmic,standard,154,130,30,1.5730254042382457,1.6353818174797214,0.7012890748253516,0.1280372818712578,1.1268335115636043,1.8315321044526403,0.0,2.8769375995554896,0.6558406887000034,0.4694692941552491,0.5454047055818931,0.0,0.0,498.49973227134905,0.014477535818393032,0.026680612036337457,3.77193433943515
turbo_lunar_lander_12d,12,ts,logarithmic,standard,155,131,30,1.5890898918574712,1.7075944098459857,0.7387382917633463,0.13487454216387254,1.205406466047097,1.883110263806242,0.0,3.0978145716727408,0.6551804826960403,0.4689737252277028,0.5447869571575872,0.0,0.0,502.69654937802505,0.014362791553139687,0.0020387344217548766,3.7353152028284966
turbo_lunar_lander_12d,12,ts,logarithmic,standard,156,132,30,1.6012023317158963,1.5713452532449723,0.7282756582039009,0.13296433536006627,1.1999259560776225,2.004608563101869,0.0,3.0738399192671926,0.6545426288887771,0.46851794816367537,0.5442838602924217,0.0,0.0,506.82876000305015,0.014535476717477043,0.0020179569566001494,3.6960996959668893
turbo_lunar_lander_12d,12,ts,logarithmic,standard,157,133,30,1.6097622614132665,1.4811807429079236,0.7022525640868027,0.12821319013872803,1.270331350775065,1.8793280628250262,0.0,2.997026600388629,0.6541961567575678,0.46806822562353084,0.5438540987135472,0.0,0.0,510.9045670969101,0.014631958616276582,0.0020041202505429586,3.691431967619186
turbo_lunar_lander_12d,12,ts,logarithmic,standard,158,134,30,1.6823759411658392,1.623238478130979,0.6089791775707629,0.11118387753548366,1.3247120425982257,1.9583927056359307,0.0,2.8845136674835916,0.6540307854382205,0.4676073946003238,0.5432967376787268,0.0,0.0,515.1519461534141,0.014945983917762836,0.002053189774354299,3.774161698110402
turbo_lunar_lander_12d,12,ts,logarithmic,standard,159,135,30,1.6193815053946536,1.6376833087927007,0.6786816174760512,0.12390974375190852,1.2487526781919365,1.8749265522882637,0.0,2.892669795836568,0.6554252772582502,0.4685575393202799,0.5444096517819234,0.0,0.0,519.2305646200043,0.015032832169284423,0.028423963704456885,3.6990874535248923
turbo_lunar_lander_12d,12,ts,logarithmic,standard,16,0,30,2.1075148702959936,2.11749211157533,0.366120683037318,0.0668441856229127,1.881068205428724,2.2893746555309353,1.135735755309334,2.832314316644396,0.9960433785475872,0.9700005941429422,0.9879774141683791,0.0,0.0,33.105759015570705,0.0,0.0011152282201995452,1.8945205049123615
turbo_lunar_lander_12d,12,ts,logarithmic,standard,160,136,30,1.6837007698584763,1.637462700763943,0.6198849185330919,0.11317498431260888,1.3239228416742348,1.986888227716998,0.0,2.949284449192474,0.6548498269526319,0.46804959137873675,0.5438118994689197,0.0,0.0,523.3114876891797,0.015116095822304488,0.002045349885399143,3.7451586587664982
turbo_lunar_lander_12d,12,ts,logarithmic,standard,161,137,30,1.7101147524134739,1.6940227313770313,0.5632341018312296,0.10283200757637541,1.4244180083941522,1.9280920171544542,0.0,2.7217784184198996,0.6546836531953377,0.46764711325972264,0.5433567403346564,0.0,0.0,527.5337475002433,0.014922480176513394,0.00203391647276779,3.7951682842181373
turbo_lunar_lander_12d,12,ts,logarithmic,standard,162,138,30,1.6196802307347857,1.6530951359397572,0.6734650262034291,0.12295732884747529,1.2472847321127463,1.9524194321443118,0.0,2.8269936595698235,0.6538061481700762,0.4671292039380442,0.5427801707557741,0.0,0.0,531.6154960174579,0.015011926957716545,0.0020361734398951135,3.749909376647944
turbo_lunar_lander_12d,12,ts,logarithmic,standard,163,139,30,1.5731602299400327,1.6663424021096382,0.669607976099604,0.12225313106504442,1.2679991397910353,1.8214200091336266,0.0,2.739466815859735,0.6529410876212723,0.4666147105832327,0.5422621291265256,0.0,0.0,535.760906173087,0.015037218170861403,0.0020544887986034153,3.7598011893375465
turbo_lunar_lander_12d,12,ts,logarithmic,standard,164,140,30,1.6177765671920257,1.6969858570083123,0.672526751217674,0.12278602405586167,1.2500347808405121,2.0955795973482623,0.0,2.753299783936344,0.6547500943501124,0.4678988541753047,0.5438193716277219,0.0,0.0,540.0428987055551,0.01513969583126406,0.029077337170019747,3.759403904915477
turbo_lunar_lander_12d,12,ts,logarithmic,standard,165,141,30,1.6217919605753428,1.671386940311511,0.6568786904560543,0.11992909210241147,1.2623186165214721,2.1022808878812023,0.0,2.7364473522840473,0.6544139770968117,0.46744739247288736,0.5433061112384785,0.0,0.0,544.1747267429562,0.014997307723388077,0.002117733114088575,3.7222497262371084
turbo_lunar_lander_12d,12,ts,logarithmic,standard,166,142,30,1.6041677379781338,1.6344934278660161,0.6627398127787143,0.12099918173855079,1.268612495719088,1.9164078733151548,0.0,2.7879737067468984,0.6538629064073531,0.4670168004787484,0.5428209522834923,0.0,0.0,548.4087665053084,0.015184867583836118,0.002124864902968208,3.691518778555716
turbo_lunar_lander_12d,12,ts,logarithmic,standard,167,143,30,1.577231856342449,1.5583994817719495,0.664222657130182,0.12126991083874011,1.1814200799501773,1.9985833731707447,0.0,2.7922731074032763,0.6536733482199719,0.4665650050993074,0.5424182979840896,0.0,0.0,552.6030506102213,0.015067987035339077,0.0021355724427849056,3.764146913665657
turbo_lunar_lander_12d,12,ts,logarithmic,standard,168,144,30,1.5891061431919875,1.6240093915902314,0.6665783851748449,0.12170000596854325,1.2346148603164269,1.9321181643907177,0.0,2.802965749264725,0.6528490485201496,0.46615995975517754,0.5418706092659212,0.0,0.0,556.6945951328613,0.015196860767900944,0.002119706058874726,3.702381897562494
turbo_lunar_lander_12d,12,ts,logarithmic,standard,169,145,30,1.5515690797195913,1.5619360102688356,0.664682304663241,0.12135383061285944,1.2031547097100805,1.939576104590107,0.0,2.9052843774416774,0.6517274004267425,0.465024907177282,0.5407236165858967,0.0,0.0,560.8529899329102,0.015143387609471877,0.03068031600366036,3.7584865569137036
turbo_lunar_lander_12d,12,ts,logarithmic,standard,17,0,30,2.099757838105531,2.110022740220339,0.3828710086523443,0.0699023626845482,1.873366464527005,2.3150564028909124,1.0023537683350885,2.8299922076114465,0.9959122692309682,0.9688942266809756,0.9873643256895525,0.0,0.0,35.292322019751495,0.0,0.0011822599607209364,1.8895256657774249
turbo_lunar_lander_12d,12,ts,logarithmic,standard,170,146,30,1.5530515130721514,1.6140084382321738,0.6544602014366542,0.11948753843874348,1.248180220418524,1.9590243858671084,0.0,2.768689576766476,0.6515604639465369,0.4645664712416367,0.5403680181362606,0.0,0.0,564.9448981668335,0.015214923536404967,0.00213315620397528,3.7460102468108136
turbo_lunar_lander_12d,12,ts,logarithmic,standard,171,147,30,1.5511647908235557,1.5766692419645896,0.666017132415717,0.1215975357029978,1.2439322003025337,1.9739873892963025,0.0,2.884521275868725,0.6508308753185307,0.46411779011531346,0.5399759274220973,0.0,0.0,569.0594514298874,0.015199942809219161,0.002192109745616714,3.763743346789852
turbo_lunar_lander_12d,12,ts,logarithmic,standard,172,148,30,1.5186089597169385,1.5583091591851965,0.6892322939222514,0.12583602491408263,1.2080909952548917,1.8869103947573982,0.0,2.5888527157228,0.6505900298085462,0.46374117482859656,0.539580156726391,0.0,0.0,573.3888004074183,0.014542647606382767,0.0021772135049104692,3.8012082499141493
turbo_lunar_lander_12d,12,ts,logarithmic,standard,173,149,30,1.5384952144228357,1.5884001193234416,0.7051938437005486,0.12875019186952094,1.1907914934916795,1.9921918993935797,0.0,2.685554237609198,0.6504357566374402,0.4633064454791916,0.5392276684197395,0.0,0.0,577.7603039791962,0.014712709343681733,0.002241338960205515,3.877168749071037
turbo_lunar_lander_12d,12,ts,logarithmic,standard,174,150,30,1.5181727004536993,1.6027400912969607,0.6923889030094722,0.12641234024818152,1.1630030729753627,2.030071812464975,0.0,2.591391533613986,0.6551432076176031,0.4674043941158861,0.5435665510416194,0.0,0.0,582.1220413555701,0.014704887972523768,0.032441257452592256,3.821180919992427
turbo_lunar_lander_12d,12,ts,logarithmic,standard,175,151,30,1.5179619553296793,1.5516838540557711,0.6919909956507833,0.1263396926361311,1.2572476237560988,1.827133630113679,0.0,2.753388037383856,0.6549487001012682,0.46703797594611324,0.5432111800965017,0.0,0.0,586.5100289456701,0.014740683231502771,0.0022334344840298096,3.9279381195548924
turbo_lunar_lander_12d,12,ts,logarithmic,standard,176,152,30,1.5024090213248675,1.5574157775419861,0.7060495592245682,0.12890642343462524,1.260933240682101,1.8462879356497701,0.0,2.7773900351170533,0.6546644984887995,0.46661681988048076,0.5425016724987092,0.0,0.0,590.8492882348287,0.014717897881443303,0.002202960569411516,3.9280692821834235
turbo_lunar_lander_12d,12,ts,logarithmic,standard,177,153,30,1.5154099822119949,1.5872127685919766,0.7184554198172128,0.13117141333191054,1.2751005188941786,1.9980055827082206,0.0,2.599396665212181,0.6541459921920586,0.4661799919903404,0.5419514935093235,0.0,0.0,595.4007119018739,0.014730518187085788,0.0022473193239420652,3.946461771444107
turbo_lunar_lander_12d,12,ts,logarithmic,standard,178,154,30,1.4790065029457156,1.615901940322718,0.72518448897395,0.1323999676546296,1.063587527653512,1.9545480958465262,0.0,2.5186035146435,0.6538945110077635,0.46572179129663394,0.5412471953661557,0.0,0.0,599.8263103694345,0.014794513412440816,0.0022440468426793815,3.984007485257462
turbo_lunar_lander_12d,12,ts,logarithmic,standard,179,155,30,1.588150226766436,1.6467955476004459,0.7219211186697665,0.13180416047826501,1.2547752797771086,2.125020986440422,0.0,2.619233823131971,0.6596712575746718,0.470452325318548,0.5465314991419283,0.0,0.0,604.2538700537135,0.014715941234802207,0.033065034992372,4.009007583061854
turbo_lunar_lander_12d,12,ts,logarithmic,standard,18,0,30,2.0920062495202365,2.111017479782991,0.33864160291830364,0.0618272149426874,1.8708896179771348,2.3034307913698533,1.2088720059724667,2.759462209735169,0.9957094485013225,0.9675855483758339,0.9866311169886459,0.0,0.0,37.49281626441516,0.0,0.0011535994398097196,1.8681259440879028
turbo_lunar_lander_12d,12,ts,logarithmic,standard,180,156,30,1.528534515808286,1.6148580686784364,0.71330507466955,0.13023109325980645,1.283377163120581,1.951304287799608,0.0,2.5906812974068156,0.6593462774457683,0.4700513522822028,0.5461959286324665,0.0,0.0,608.7563926458514,0.014767488495757182,0.00224433404703935,4.012150859242926
turbo_lunar_lander_12d,12,ts,logarithmic,standard,181,157,30,1.5801701750826027,1.7179527644301071,0.7064458427315409,0.12897877457327064,1.2256354635439877,1.995792049292943,0.0,2.620626342572465,0.6589801809594545,0.46961867035454996,0.5456956269390965,0.0,0.0,613.1804725213598,0.01475777846450607,0.0022721538475404183,3.994723781757057
turbo_lunar_lander_12d,12,ts,logarithmic,standard,182,158,30,1.5349946165222663,1.597144031789191,0.7120575253955995,0.13000332296682585,1.1705761438200701,1.9670542157421502,0.0,2.6606362100174756,0.6583786207944334,0.46920681537878256,0.5451757730447452,0.0,0.0,617.6190921571106,0.014788268320262431,0.0022892465038845938,4.0100210536581775
turbo_lunar_lander_12d,12,ts,logarithmic,standard,183,159,30,1.562972822572793,1.7014353978231382,0.7041564314097878,0.12856078716516,1.2435190478766611,2.03152383955315,0.0,2.5499169741000394,0.6577865404098602,0.46879208976140474,0.5448228562105798,0.0,0.0,622.0488770403279,0.014822207779313127,0.0023203895272066195,4.045686883634577
turbo_lunar_lander_12d,12,ts,logarithmic,standard,184,160,30,1.5576187702238982,1.7017219412969884,0.6852637820787936,0.12511147709528656,1.2652528971478498,1.9635482012830214,0.0,2.5884774157553796,0.6552305239833612,0.46621938077431496,0.542184514640877,0.0,0.0,626.6312370497889,0.014711372243861357,0.03412318259167175,4.046558780844013
turbo_lunar_lander_12d,12,ts,logarithmic,standard,185,161,30,1.5874226993035156,1.6854829101101492,0.6975651037366838,0.12735738088167098,1.256158454419746,2.0822539836590015,0.0,2.595706433050915,0.6546561103900465,0.46579992148410965,0.5417797428581731,0.0,0.0,631.0875369517909,0.014913290552794934,0.002344408926243583,4.0307272435631605
turbo_lunar_lander_12d,12,ts,logarithmic,standard,186,162,30,1.5540990468459834,1.6257786707755442,0.6885705881179472,0.12571521451559947,1.264051981402506,1.9587243868623008,0.0,2.5950761221591123,0.6540219359125866,0.4654454588298455,0.5412776330438319,0.0,0.0,635.5746347285963,0.0164462899013112,0.0023531013789276282,4.037685216249277
turbo_lunar_lander_12d,12,ts,logarithmic,standard,187,163,30,1.5214894846680518,1.5398339186421903,0.6698618191005847,0.1222994762442784,1.319225816067526,1.9098346583849009,0.0,2.5673140628971076,0.6539251972256075,0.4650635678322578,0.5408223505531191,0.0,0.0,640.1444774677045,0.014863091195002199,0.002357819288348158,4.082343137062465
turbo_lunar_lander_12d,12,ts,logarithmic,standard,188,164,30,1.5224902339970234,1.5506862602431917,0.6944323263874005,0.12678541660772308,1.2868022217085608,1.9717759275445763,0.0,2.576576516116222,0.6531536879961389,0.464672409198546,0.5404238575351068,0.0,0.0,644.5577211237822,0.014919691424195965,0.0024042276199907064,4.043875799654051
turbo_lunar_lander_12d,12,ts,logarithmic,standard,189,165,30,1.5796594586395252,1.5120008028908192,0.7258302113226828,0.132517859886725,1.3176761454372106,1.9398765812746008,0.0,3.162489307113137,0.6558586766397833,0.4667930701347,0.542741740015664,0.0,0.0,649.1240977941081,0.014807070186361671,0.03717856528237462,3.9943495830055324
turbo_lunar_lander_12d,12,ts,logarithmic,standard,19,0,30,2.0804840658667922,2.12933069587867,0.3391846870726449,0.061926368090006165,1.870570543226884,2.277441225842643,1.1501422677106037,2.7184779824824505,0.9955179886383606,0.9663557325210144,0.9860669594507968,0.0,0.0,39.707050397945565,0.0,0.001141466588402788,1.913583475863561
turbo_lunar_lander_12d,12,ts,logarithmic,standard,190,166,30,1.578156183455511,1.5173179888696378,0.7232125161544811,0.13203993632262623,1.3739448985647513,1.9489152927638917,0.0,2.9749943317479257,0.6557543042941485,0.4664340972298033,0.5423174606865941,0.0,0.0,653.5636578888942,0.014960445215304692,0.002393035590648651,4.046716304666673
turbo_lunar_lander_12d,12,ts,logarithmic,standard,191,167,30,1.5887209165824951,1.5601626637088764,0.7337497845965539,0.1339637695293631,1.3699523852508069,2.0392725782140104,0.0,3.01058959768305,0.6555913381189207,0.46600246904128845,0.5418485183353372,0.0,0.0,657.9598300216254,0.014927557638535897,0.0024917086120694876,4.002363984224697
turbo_lunar_lander_12d,12,ts,logarithmic,standard,192,168,30,1.5513622484255347,1.5579990871353933,0.7374945948806766,0.13464747521809353,1.2293397980379122,1.8786727253025792,0.0,3.097207740555975,0.6552805873057218,0.4655854262288798,0.5413244539124329,0.0,0.0,662.4005016079639,0.01491711507551372,0.002555341102803747,4.061386990640313
turbo_lunar_lander_12d,12,ts,logarithmic,standard,193,169,30,1.5584742881562765,1.654904955285375,0.7333812774864404,0.1338964896437597,1.2522140478158015,1.9327048947599714,0.0,2.984538090879529,0.6550903034681544,0.4651764500852074,0.5407716385452765,0.0,0.0,666.8417218035087,0.014997308297703663,0.002428744888554017,4.071434610135232
turbo_lunar_lander_12d,12,ts,logarithmic,standard,194,170,30,1.5452938876040923,1.5847699201325658,0.7741715724249677,0.14134374453213308,1.3228641716134903,1.9884375265249123,0.0,3.166321894127266,0.6537368283897007,0.4638274393742617,0.5392305784746839,0.0,0.0,671.3546404014652,0.014902344935884078,0.03869533015725513,4.004853861468534
turbo_lunar_lander_12d,12,ts,logarithmic,standard,195,171,30,1.5745339288190707,1.6075889064443667,0.7626801027992334,0.13924569882116636,1.3867577322654034,1.9521829452368114,0.0,3.058903594849216,0.6535902421137386,0.4634423384328795,0.5387870414525172,0.0,0.0,675.733253246344,0.014901597859958808,0.0024443870255102715,4.002134579125171
turbo_lunar_lander_12d,12,ts,logarithmic,standard,196,172,30,1.5840285587812908,1.6146573143926621,0.755916252670087,0.13801079439072714,1.307133288391965,1.9896411821181874,0.0,2.9086699569906935,0.6533566483703926,0.4630719755212566,0.5384543680639741,0.0,0.0,680.1819091784923,0.015192203270271421,0.0024645215055594844,3.971382718797152
turbo_lunar_lander_12d,12,ts,logarithmic,standard,197,173,30,1.6030187229475905,1.5999824779413103,0.7508840369779376,0.13709204170778658,1.3449212590383388,2.0394266719109613,0.0,3.0271109771053943,0.6529985202759706,0.4626733541489806,0.5379130792951179,0.0,0.0,684.5330873596326,0.014950566024829944,0.0024707709283878407,3.9701785150604945
turbo_lunar_lander_12d,12,ts,logarithmic,standard,198,174,30,1.562163376580468,1.6262992188050152,0.7991626304735826,0.14590646660851556,1.2777993836122792,1.9863593356777915,0.0,3.1175657449727625,0.6529176766442368,0.4622947459819692,0.5375534635235929,0.0,0.0,688.9372361513941,0.014946542385344704,0.002458194519082705,3.993875311066707
turbo_lunar_lander_12d,12,ts,logarithmic,standard,199,175,30,1.5065767354915591,1.610646834931381,0.7831966590605364,0.14299149237671288,1.165734457623786,1.9365803919534614,0.0,3.1001507022314643,0.6521397141557397,0.4621547384534615,0.5374156564353308,0.0,0.0,693.3794995231553,0.014984286421289046,0.04001024481840432,3.939105586133276
turbo_lunar_lander_12d,12,ts,logarithmic,standard,2,0,30,2.885570233135184,2.8293080899717786,0.4982639284972421,0.09097013107636022,2.517399148613383,3.238257766184881,1.8437588878566724,3.9886089859838023,0.9996801932678034,0.9944561142072189,0.9987245304408059,0.0,0.0,2.642865402949974,0.0,0.0016688617567221324,1.5679199003924926
turbo_lunar_lander_12d,12,ts,logarithmic,standard,20,0,30,2.061611883645981,2.104385787790042,0.34075255035328955,0.06221261945197055,1.8126988241714181,2.2639419317645997,1.110178421976981,2.7188176888560056,0.9951943940238099,0.9650347806448117,0.9853139315771867,0.0,0.0,41.988865393043184,0.0,0.0012004337118317683,1.9566690539630751
turbo_lunar_lander_12d,12,ts,logarithmic,standard,200,176,30,1.496832750321056,1.4697014166106457,0.7597782095627079,0.13871588802612747,1.264561479278973,1.8935258773857857,0.0,3.1106874739809003,0.6519315935442965,0.4618003358263551,0.5369752069646396,0.0,0.0,697.7530790622346,0.014997429943953951,0.002496586988369624,3.9543745945518216
turbo_lunar_lander_12d,12,ts,logarithmic,standard,201,177,30,1.5347279837570085,1.4428839878875395,0.7082338634197969,0.12930522099468522,1.2357316464281394,1.9415347913527823,0.0,3.157394157661349,0.651669002608189,0.46143788879199726,0.5365960042461279,0.0,0.0,702.1695943414234,0.014963272974515955,0.0025456090457737445,4.028801299507419
turbo_lunar_lander_12d,12,ts,logarithmic,standard,202,178,30,1.5492569436382797,1.528446040673524,0.7094774559568346,0.12953226888964545,1.2224631621760635,1.965645677603643,0.0,3.097028256157748,0.6509948617969133,0.4610583573345387,0.5362001510083728,0.0,0.0,706.6554484244591,0.015039801380286615,0.0025150935786465802,4.065654423677673
turbo_lunar_lander_12d,12,ts,logarithmic,standard,203,179,30,1.5197487554391194,1.5955815559223683,0.7426760640305327,0.13559347772955796,1.1846812297555402,1.925337545935501,0.0,2.9291614612787606,0.6497090747541806,0.4606823366184026,0.5357666479003065,0.0,0.0,711.0433878747281,0.014935604653631647,0.0025367950865377983,3.9912849384360016
turbo_lunar_lander_12d,12,ts,logarithmic,standard,204,180,30,1.5365677979365764,1.515004026123878,0.7451689121818365,0.13604860745119265,1.365149247163064,1.9373055928037737,0.0,3.149164154644052,0.6491558929036738,0.46006444489060144,0.5350352085006622,0.0,0.0,715.4082305274128,0.014887510472908616,0.04149683450038234,3.986210475318755
turbo_lunar_lander_12d,12,ts,logarithmic,standard,205,181,30,1.560059561984616,1.487792394325697,0.7957729658055698,0.14528760134149926,1.2609947968069573,1.9685539826010776,0.0,3.132790654809379,0.648955188768435,0.4597117588759609,0.534786957104168,0.0,0.0,719.843063048025,0.01503897310855488,0.0026191215651730697,3.9020311407434445
turbo_lunar_lander_12d,12,ts,logarithmic,standard,206,182,30,1.5671471577293565,1.5360203035169109,0.7892703946705173,0.14410039971068253,1.1742344854956286,1.9601101563370564,0.0,3.1449044913135946,0.6488442424730733,0.45936871156277365,0.5344621120265868,0.0,0.0,724.0888238011083,0.014982379615927736,0.0025612175930291416,3.8882775354975214
turbo_lunar_lander_12d,12,ts,logarithmic,standard,207,183,30,1.5485319691652168,1.5557594650985285,0.7952094384199491,0.14518471578787379,1.1933178171217254,1.9960716046248166,0.0,3.179726399710038,0.648132584639257,0.45895917245162315,0.5339306976319428,0.0,0.0,728.3268056776064,0.015102158673107624,0.002583742684995135,3.8334584396487723
turbo_lunar_lander_12d,12,ts,logarithmic,standard,208,184,30,1.5556511927437078,1.4910906344845634,0.7941017825214137,0.14498248641401332,1.3174819512857903,1.9470942404554439,0.0,3.1770507698984787,0.6474610030150978,0.4585958565898197,0.5334772819099309,0.0,0.0,732.6413400874939,0.015090762885908287,0.0025878590531647205,3.864048735362788
turbo_lunar_lander_12d,12,ts,logarithmic,standard,209,185,30,1.5299385096210214,1.5267067361848041,0.7771734504131226,0.14189180996179662,1.0804939735892634,1.9797577327482316,0.0,3.111912667003169,0.6476464058939483,0.45849218367492756,0.5334923148869596,0.0,0.0,737.0406077455108,0.015088318102061748,0.04342673762391011,3.878518597393607
turbo_lunar_lander_12d,12,ts,logarithmic,standard,21,0,30,2.0103557832540613,2.1196253294823966,0.45621493106484673,0.0832930696049603,1.8201512959423876,2.2685593450080273,0.35543964366029956,2.6623164610743437,0.9950198861468054,0.9639788771103057,0.9847182647098223,0.0,0.0,44.31248520482332,0.0,0.00117910192348063,1.9829060461993018
turbo_lunar_lander_12d,12,ts,logarithmic,standard,210,186,30,1.6190701634057578,1.6050081825513272,0.7406354916404693,0.13522092188680462,1.252922281057263,1.9754327062140031,0.0,3.1005238875766308,0.6474712625569657,0.45815005365258776,0.5331517322782519,0.0,0.0,741.4209689822824,0.015206969001640876,0.0026523720628271502,3.9549954871957502
turbo_lunar_lander_12d,12,ts,logarithmic,standard,211,187,30,1.5770634287010694,1.5979648170775282,0.7861206930412046,0.14352534550008741,1.1994833686986899,1.9525709983923356,0.0,3.0542462507455834,0.6471672150289153,0.45779146416336186,0.5325859872678418,0.0,0.0,745.794366242721,0.015316719204808276,0.0026963737327605486,3.9806798529811203
turbo_lunar_lander_12d,12,ts,logarithmic,standard,212,188,30,1.5837282326389288,1.6525165719700528,0.7924941006999654,0.14468896521438057,1.2519227438827012,2.028008650728534,0.0,3.1654443330532507,0.646961375035993,0.4574261154813561,0.532128750043666,0.0,0.0,750.2040976986599,0.015299196805184085,0.002680713233227531,3.964956473543619
turbo_lunar_lander_12d,12,ts,logarithmic,standard,213,189,30,1.576889424682403,1.547450669871183,0.777602499007536,0.14197014315960532,1.2440978931754572,1.9492301280672764,0.0,3.189375187153165,0.64655659736459,0.45709407477058306,0.5317335665169791,0.0,0.0,754.5802695773232,0.015132303986077508,0.0026912334685524303,3.9851822262319425
turbo_lunar_lander_12d,12,ts,logarithmic,standard,214,190,30,1.5536359769929353,1.5786315326068685,0.7795169722887919,0.1423196765602336,1.2266526346175193,1.9587643462706135,0.0,3.161254034455144,0.6482738428800656,0.4585079903525865,0.5332288372881951,0.0,0.0,758.9621951350632,0.015172257631396254,0.045596845416973036,3.9896168891650934
turbo_lunar_lander_12d,12,ts,logarithmic,standard,215,191,30,1.5305362192122982,1.5373599686458492,0.8291996062582819,0.1513904430073543,1.1886758528408852,1.9114448343609263,0.0,3.1520537411657097,0.6469516001587929,0.4581937606538243,0.5328527001527528,0.0,0.0,763.3420102840445,0.015386225624630849,0.0027401703720291454,3.8679037278828523
turbo_lunar_lander_12d,12,ts,logarithmic,standard,216,192,30,1.5844855638708923,1.585200045538075,0.765674940393344,0.13979247885661933,1.348597354500102,1.8786155320822462,0.0,3.1307665219490515,0.6468827354229848,0.4578821068990386,0.5326148394162645,0.0,0.0,767.771820851136,0.015249293111264706,0.002699490822851658,3.9389724124533436
turbo_lunar_lander_12d,12,ts,logarithmic,standard,217,193,30,1.5559960641290995,1.5427248224130425,0.7459037049013799,0.13618276163372084,1.2492012767311067,1.8140237683822262,0.0,3.1023796006889786,0.6465171513132906,0.45754556429580806,0.5322324657979574,0.0,0.0,772.1557701978522,0.015296109036232035,0.0027295939003427823,3.9564352286203452
turbo_lunar_lander_12d,12,ts,logarithmic,standard,218,194,30,1.5829223603231029,1.6413729537440616,0.7298754410203857,0.1332564144052989,1.36659749600383,1.8196115738586487,0.0,3.1961320107425206,0.6464493222794973,0.4572172773505658,0.5319694497796107,0.0,0.0,776.6212178454268,0.015203706656272213,0.002703436929732561,4.029714265450214
turbo_lunar_lander_12d,12,ts,logarithmic,standard,219,195,30,1.5563280952216971,1.5937675382996712,0.7269501783769966,0.13272233695982844,1.349539310739533,1.8093000098215573,0.0,3.18988740896355,0.6463806425969556,0.45672749207117935,0.531543080421066,0.0,0.0,781.1649915235428,0.015296825890739758,0.04856980399539073,4.028566242350887
turbo_lunar_lander_12d,12,ts,logarithmic,standard,22,0,30,2.018812395918843,2.0954128147140247,0.4247300673108744,0.07754474623895116,1.8243497978773924,2.256515884138674,0.4386501698383287,2.6667800721842894,0.9947753131421503,0.9627320698773395,0.9839994741725716,0.0,0.0,46.61548046440196,0.0,0.0012033764117707808,2.000363492996742
turbo_lunar_lander_12d,12,ts,logarithmic,standard,220,196,30,1.578187733092499,1.612835229074609,0.7163392582681225,0.13078505685998992,1.4132448841505643,1.7950374168977623,0.0,3.169152265136468,0.643751447734484,0.45637566789057876,0.5311995246835073,0.0,0.0,785.5548791496549,0.015436838505168755,0.002760612405836582,3.9914440042339265
turbo_lunar_lander_12d,12,ts,logarithmic,standard,221,197,30,1.5603624793900794,1.498696913266366,0.7199886511635828,0.1314513417966708,1.4096384745716155,1.8320568035291285,0.0,3.156891258526314,0.6433143331094651,0.4560062384307785,0.5308952484549543,0.0,0.0,789.9955856612884,0.015448691245789329,0.002827478696902593,4.012351947495093
turbo_lunar_lander_12d,12,ts,logarithmic,standard,222,198,30,1.5440650167201266,1.502947549755175,0.7368174637187369,0.13452384854749885,1.3482229577565796,1.8267725692503047,0.0,3.083260284236068,0.6432026592532829,0.45568982593835733,0.5304986489072676,0.0,0.0,794.4555465469447,0.015448856307193637,0.002809116197749972,4.005571182180817
turbo_lunar_lander_12d,12,ts,logarithmic,standard,223,199,30,1.5383198646892096,1.5119511111624808,0.7269905002169654,0.1327296986869321,1.3262611472232355,1.8318813514050547,0.0,3.1090288366348364,0.6426964625531659,0.45534158371116074,0.5299898791673677,0.0,0.0,798.8209125434514,0.01541159067613383,0.0027854041817287605,3.985773053423812
turbo_lunar_lander_12d,12,ts,logarithmic,standard,224,200,30,1.5118959408897408,1.4824609315346406,0.7384662024291393,0.1348248656752053,1.2512034729475512,1.8630935795600099,0.0,3.0942960778328557,0.6408590054217311,0.4538884707337736,0.5283575398649326,0.0,0.0,803.2808015322468,0.01541351101671656,0.051146874716505406,3.979741496685892
turbo_lunar_lander_12d,12,ts,logarithmic,standard,225,201,30,1.4883705920980879,1.536106075214374,0.7935505825373889,0.14488185152569769,1.2410607764134078,1.8418826543012778,0.0,3.222016992897746,0.6399486758158702,0.4535942669874848,0.5280059205926433,0.0,0.0,807.6586964645113,0.01546864858828485,0.0028282217215746643,3.962666591644908
turbo_lunar_lander_12d,12,ts,logarithmic,standard,226,202,30,1.489621711376099,1.606529513745424,0.8034059255693958,0.14668118275589154,1.2195749736256456,1.8659868734577092,0.0,3.255355486243435,0.639664095372832,0.45330393345405223,0.5276557616943326,0.0,0.0,812.0373660134306,0.01550582063694795,0.002818941061074535,3.9426868440738567
turbo_lunar_lander_12d,12,ts,logarithmic,standard,227,203,30,1.5387114263433073,1.7165502519841824,0.8213554815967895,0.14995830833369364,1.2541128901145226,1.9338018764523253,0.0,3.191041612420669,0.639536368809772,0.45298565896,0.5272518639370302,0.0,0.0,816.397759172755,0.015381037925059597,0.0028222876445700724,3.933425251285856
turbo_lunar_lander_12d,12,ts,logarithmic,standard,228,204,30,1.506354695915254,1.643253957262286,0.8079640181367124,0.14751337279533017,1.190109488242934,1.92113059057194,0.0,3.132450758292082,0.6392799032731927,0.4526901166870258,0.5268353968740068,0.0,0.0,820.8141845584227,0.015559228137135506,0.002885111700743437,3.946240711212158
turbo_lunar_lander_12d,12,ts,logarithmic,standard,229,205,30,1.4865547636930463,1.5556618508936317,0.805914188742695,0.14713912686261668,1.2423373750410023,1.9353025111217954,0.0,3.0764397311484055,0.6371359665674684,0.4524237647931559,0.5266734409967293,0.0,0.0,825.1506000379876,0.01547256694175303,0.05196070324939986,3.957224918793266
turbo_lunar_lander_12d,12,ts,logarithmic,standard,23,0,30,2.029291854648789,2.0924241953842992,0.4307785176434424,0.07864903713398352,1.8221556810613653,2.2998905622316252,0.4639975490151611,2.646881173905956,0.994474263862337,0.9616650611612246,0.9833508850634076,0.0,0.0,48.8868177231246,0.0,0.0011386922715852657,1.9497480307395259
turbo_lunar_lander_12d,12,ts,logarithmic,standard,230,206,30,1.467417393512032,1.511374232006218,0.8062110662171037,0.14719332902579962,1.186336857395725,1.9089163754111005,0.0,3.0485239017129997,0.6368062959279589,0.4520621953974438,0.5261953496960502,0.0,0.0,829.5682013251043,0.015645152982324363,0.002928143072252472,4.001929133897647
turbo_lunar_lander_12d,12,ts,logarithmic,standard,231,207,30,1.5183785345796623,1.5944385359337372,0.8064313879936907,0.14723355409478173,1.2394007921304069,1.9389396805614019,0.0,3.1018954268124093,0.636663480673087,0.4517376485459759,0.5258006865018346,0.0,0.0,833.9770482858798,0.015646636439487337,0.0029273280563453835,3.9789224583189933
turbo_lunar_lander_12d,12,ts,logarithmic,standard,232,208,30,1.58086505794355,1.6662127622952692,0.7554433954855764,0.13792446287524884,1.263609188716917,1.9402404545715237,0.0,3.1090298798918066,0.6359966441538009,0.45144118707077596,0.5254099106608611,0.0,0.0,838.5226181483207,0.015601092747723063,0.002893177435422937,4.0222399648434175
turbo_lunar_lander_12d,12,ts,logarithmic,standard,233,209,30,1.4802669541266742,1.6281584360473869,0.78323249443915,0.14299803499178734,1.17056374986843,1.887285271981981,0.0,3.109431920930275,0.6356793661411645,0.4511118668766541,0.5250012908691771,0.0,0.0,842.8153471030761,0.015587557308996717,0.0029437920389076074,3.923755501024425
turbo_lunar_lander_12d,12,ts,logarithmic,standard,234,210,30,1.501316917505592,1.621940530623315,0.8026836301360551,0.14654931025521697,1.2297207615505148,1.9978859473815487,0.0,3.0875973654314386,0.6350367803864518,0.4511482624337988,0.5249422485430785,0.0,0.0,847.1590566948522,0.015459232140953343,0.05440769931301474,3.9014686317648737
turbo_lunar_lander_12d,12,ts,logarithmic,standard,235,211,30,1.5250991688270927,1.5489700046822399,0.7789227090960593,0.1422111794416487,1.2685134371566265,1.9183767138371834,0.0,3.129360336373763,0.6346623535844031,0.45081731606423336,0.5244823213112174,0.0,0.0,851.4397033987722,0.015717901615425946,0.003058095493664344,3.9200717167928816
turbo_lunar_lander_12d,12,ts,logarithmic,standard,236,212,30,1.5180241001130175,1.5938767846683595,0.7951618239548128,0.1451760226156676,1.1274677747522608,1.9255692735706293,0.0,3.1258677817557303,0.6346031257807067,0.450521755397052,0.5242140311002246,0.0,0.0,855.7869299161404,0.015720682110016544,0.002989206106091539,3.917911801968391
turbo_lunar_lander_12d,12,ts,logarithmic,standard,237,213,30,1.487930917414406,1.4645895374889433,0.7841847305858193,0.14317188873098818,1.2562754727780172,1.9423538556190174,0.0,3.07792978971106,0.6336461321716034,0.45020477603476505,0.5239809674495015,0.0,0.0,860.1050868743876,0.01562836264880995,0.0030377745162695645,3.908511208075409
turbo_lunar_lander_12d,12,ts,logarithmic,standard,238,214,30,1.503513187089052,1.4447678254632021,0.743087875485827,0.13566866387072588,1.1726128459177758,1.8547836169631777,0.0,3.0995803243554607,0.6333919752841181,0.44989888947136886,0.5236177426072172,0.0,0.0,864.4599200176696,0.015664022229611874,0.0029942217593391736,3.927539459274461
turbo_lunar_lander_12d,12,ts,logarithmic,standard,239,215,30,1.5566902608995272,1.4595946113684741,0.7890505569842768,0.1440602630241013,1.30852215138279,2.0130789521813393,0.0,3.121257838906227,0.6343206703296939,0.45090514164139356,0.5245025623633169,0.0,0.0,868.9481389959033,0.01565282273416718,0.05690575611467163,3.963045662548393
turbo_lunar_lander_12d,12,ts,logarithmic,standard,24,0,30,1.9789134699739348,1.8978690382657675,0.6695397847580342,0.12224068108637631,1.7052837871157773,2.3542641825037984,0.0,3.869210107643327,0.7245680538849998,0.5573613631664515,0.6330507827136042,0.0,0.0,50.84324175103878,0.0,0.008986579688886802,1.6425479164657493
turbo_lunar_lander_12d,12,ts,logarithmic,standard,240,216,30,1.581319497351456,1.4923401308560043,0.7474794454202195,0.1364704511760353,1.2319475082059796,2.003878427970542,0.0,3.120955252369093,0.6341174746582546,0.45062354456177445,0.5242136250049544,0.0,0.0,873.3869917071735,0.0158656631441166,0.0030441750151415665,4.07197889117524
turbo_lunar_lander_12d,12,ts,logarithmic,standard,241,217,30,1.609869587993282,1.518114009488995,0.7235669216946338,0.13210464162557503,1.2392513333566793,1.8889705852783487,0.0,3.148370766678158,0.6340154118839615,0.45032702154882537,0.5238665995979511,0.0,0.0,877.7981731290463,0.015758362241710226,0.00312129616116484,4.044984691403807
turbo_lunar_lander_12d,12,ts,logarithmic,standard,242,218,30,1.6248996006721517,1.6269704011216573,0.721571901098707,0.1317404023645495,1.3885304409711363,1.928526494350533,0.0,3.14488610209356,0.6339440700474456,0.4500587285285379,0.52361318812733,0.0,0.0,882.3293430080482,0.015978081912423173,0.0030611371000607806,3.9889643541382003
turbo_lunar_lander_12d,12,ts,logarithmic,standard,243,219,30,1.6192010961064065,1.597583957716223,0.7235106822178653,0.13209437374889224,1.3005926601946571,1.943655426725885,0.0,3.178775951911277,0.6333915789860834,0.4497133071589014,0.5231858047495392,0.0,0.0,886.7076445062955,0.015944508370012045,0.0031472472473978996,4.01859794909445
turbo_lunar_lander_12d,12,ts,logarithmic,standard,244,220,30,1.630165375573076,1.580610269021967,0.7164816404649214,0.13081105217364788,1.276950035262596,2.058491626023314,0.0,2.9932134920771656,0.6333173122661729,0.4494464851517248,0.5229287561646744,0.0,0.0,891.2479452111603,0.01580923181027174,0.05813120879853765,4.032054009614512
turbo_lunar_lander_12d,12,ts,logarithmic,standard,245,221,30,1.6202509489346053,1.6109365465391694,0.6935094961793402,0.12661693163382248,1.3268588209717902,1.869548240336008,0.0,3.0814908847967573,0.6329432247982608,0.4491871676712856,0.5227080665194429,0.0,0.0,895.8582593755176,0.015813985839486122,0.0031526200007647278,4.051878915851315
turbo_lunar_lander_12d,12,ts,logarithmic,standard,246,222,30,1.5812281564730226,1.5741723676847572,0.684802705183473,0.12502729635651602,1.2195190283868795,1.9379859204230905,0.0,3.007265696930818,0.6328880115062783,0.448927754786931,0.5224987184001308,0.0,0.0,900.4538172046343,0.01600037255945305,0.0031904735136777163,4.054163465198751
turbo_lunar_lander_12d,12,ts,logarithmic,standard,247,223,30,1.608986704638947,1.604394211677555,0.6630491203109735,0.12105565330942566,1.2600854782289725,1.8800021256522572,0.0,3.006684116427486,0.6327530009113952,0.448622517262094,0.5222761824908112,0.0,0.0,904.917882957977,0.01599089226995905,0.0031982301579167446,4.060723200316231
turbo_lunar_lander_12d,12,ts,logarithmic,standard,248,224,30,1.5467644740911193,1.5389141442928913,0.7154804918598611,0.1306282682821791,1.2839773591034072,1.910620239363197,0.0,3.018827984215095,0.6326417182826679,0.4483530430572214,0.5219444722339092,0.0,0.0,909.3305056580808,0.015927367269371946,0.003206055797636509,3.9442018123188367
turbo_lunar_lander_12d,12,ts,logarithmic,standard,249,225,30,1.5173970953042586,1.5561816067120282,0.7337802680026839,0.13396933501241876,1.1380951929636285,1.9797160632644788,0.0,3.0370339190476656,0.6369673991969165,0.4524057176448662,0.5263666423366531,0.0,0.0,913.7565290474954,0.016047750320285558,0.06040225323910515,3.9421315336755165
turbo_lunar_lander_12d,12,ts,logarithmic,standard,25,1,30,1.9996320275296537,1.9914296972275654,0.6677139106709993,0.12190732361149859,1.5716146414310395,2.412342708730665,0.0,3.705090409730844,0.7215272724691312,0.5538951005954018,0.6298244307959775,0.0,0.0,52.819728281814605,0.0016641300482054552,0.0011550474756707749,1.6454889104546357
turbo_lunar_lander_12d,12,ts,logarithmic,standard,250,226,30,1.524788092103909,1.5579999980727783,0.6691745121277368,0.12217399173329194,1.3242270495574409,1.8345106963488003,0.0,2.9292078148837986,0.6368809536887842,0.4521124392306556,0.526074839499205,0.0,0.0,918.151482614316,0.01609392181659738,0.003243379310394327,3.985564810053135
turbo_lunar_lander_12d,12,ts,logarithmic,standard,251,227,30,1.4995971347199404,1.5867300967770475,0.6927614625070502,0.1264803599951269,1.228214719050165,1.7969941097942321,0.0,2.8885507957311694,0.6368415214888918,0.45182770242889475,0.5259069016076502,0.0,0.0,922.6272975655894,0.015789813113709292,0.0032674589349577826,3.9654064986544353
turbo_lunar_lander_12d,12,ts,logarithmic,standard,252,228,30,1.5165061388816248,1.5902295852951305,0.6809276003774591,0.12431980225153254,1.2706047805911327,1.804887679872964,0.0,3.005924660696347,0.6366155992903095,0.45153122281044794,0.525602371849084,0.0,0.0,927.0294018668588,0.01599070387892425,0.0032042122446000578,3.995154901066174
turbo_lunar_lander_12d,12,ts,logarithmic,standard,253,229,30,1.504905753381381,1.5994411433537836,0.6995009631828134,0.1277108188439392,1.2305423716553656,1.8829089013106357,0.0,3.012052046200707,0.6364554356516181,0.45126931287411004,0.5252483283786921,0.0,0.0,931.429449599438,0.0161155350971967,0.003260074354087313,3.998507449713846
turbo_lunar_lander_12d,12,ts,logarithmic,standard,254,230,30,1.5367031800160729,1.5876285030551913,0.643023364945023,0.11739946732775526,1.3486292439936611,1.8927856956204392,0.0,2.5938930754224145,0.6373595257742447,0.45185842543988103,0.5258983657084968,0.0,0.0,936.1192000779789,0.016087201268722612,0.06227676030248404,4.070778163413828
turbo_lunar_lander_12d,12,ts,logarithmic,standard,255,231,30,1.5042583299569647,1.592504232326582,0.6328930441263323,0.11554993225203489,1.2692613905248291,1.8190278151739845,0.0,2.520468978528556,0.6369314950078019,0.45161489358936074,0.5256424849307674,0.0,0.0,940.6791387864079,0.015962709207087755,0.0033359564530352753,4.078125714914252
turbo_lunar_lander_12d,12,ts,logarithmic,standard,256,232,30,1.5282435706319357,1.5939389253073906,0.6373963632284899,0.11637212207066677,1.3581794619934195,1.8165417833312638,0.0,2.5333362858881343,0.6368160981265533,0.45130469165205855,0.5253937724316399,0.0,0.0,945.078917944214,0.01621556282043457,0.0037960051869352657,4.049511534705137
turbo_lunar_lander_12d,12,ts,logarithmic,standard,257,233,30,1.531306615418502,1.6272882088916045,0.6408143111616968,0.11699615113179863,1.2765501608395118,1.8608908261659516,0.0,2.5223165829725405,0.6367403742141491,0.45100982150200664,0.525057050646106,0.0,0.0,949.538165095433,0.016100649427001675,0.0032923168192307154,4.045112624578178
turbo_lunar_lander_12d,12,ts,logarithmic,standard,258,234,30,1.5206471261552184,1.5741315393028577,0.6391372384778203,0.11668996095195368,1.4035269818589826,1.884642825562259,0.0,2.549024745148918,0.6366852940117774,0.45069342851625754,0.5247139219994307,0.0,0.0,953.934246317794,0.016172430648778876,0.003254646590600411,4.070205456887682
turbo_lunar_lander_12d,12,ts,logarithmic,standard,259,235,30,1.503841090935008,1.5952178582947596,0.6502334608005785,0.11871584470837601,1.2548392280739233,1.8815721857856647,0.0,2.576616910357595,0.6356369370820351,0.4495549933013202,0.5234129478467321,0.0,0.0,958.5104705508332,0.015995509441321096,0.06484801885671913,4.044425028578067
turbo_lunar_lander_12d,12,ts,logarithmic,standard,26,2,30,2.030457020488419,2.0461855928924058,0.6840212614288257,0.12488462489923541,1.5845982079145877,2.5348448909175367,0.0,3.2564819931525375,0.7190081420750265,0.5504051894893848,0.6259803219650729,0.0,0.0,54.88142411457375,0.00157561629700164,0.0011599861085414887,1.6851769683416933
turbo_lunar_lander_12d,12,ts,logarithmic,standard,260,236,30,1.5069853701274867,1.6120605912900623,0.6391828479100609,0.11669828805691139,1.2989759741603206,1.8107912657126228,0.0,2.51990067934576,0.6354529605361738,0.4492905056443474,0.523236220642496,0.0,0.0,962.9609368665299,0.016133982222527266,0.003372993366792798,4.072274630873775
turbo_lunar_lander_12d,12,ts,logarithmic,standard,261,237,30,1.5252326520192268,1.576459068078436,0.6332029491708492,0.11560651291322374,1.4125822478370398,1.8872779301852232,0.0,2.516317937238288,0.63529915495365,0.44904846153226,0.5228364762834049,0.0,0.0,967.4887816051021,0.016172610440601906,0.0033595321079095204,4.088083202190076
turbo_lunar_lander_12d,12,ts,logarithmic,standard,262,238,30,1.5629444722346426,1.5955157659674821,0.6644125829075804,0.12130458638291772,1.3720212587018268,1.9999236371289006,0.0,2.528518277630429,0.6350940723697196,0.44879536004565596,0.5225965085045036,0.0,0.0,972.112275594178,0.01602562776145836,0.0032800003575781983,4.1615340499828255
turbo_lunar_lander_12d,12,ts,logarithmic,standard,263,239,30,1.5560825702145569,1.6404113372714224,0.65525597404525,0.1196328259748677,1.2967038305049239,1.9282942385086788,0.0,2.5264909620631477,0.6347103858314622,0.4484874220408757,0.5222000105964565,0.0,0.0,976.659519486595,0.01639291678244869,0.0033461610786616803,4.1591153264200935
turbo_lunar_lander_12d,12,ts,logarithmic,standard,264,240,30,1.592899650107964,1.6633420263091128,0.6819286662255966,0.12450257103372352,1.3562768720476557,1.9562291387146384,0.0,2.6596045656045533,0.6360015037880441,0.44957558408624654,0.5234173611089914,0.0,0.0,981.395543356783,0.016317526157945395,0.06628668516253432,4.165032293600961
turbo_lunar_lander_12d,12,ts,logarithmic,standard,265,241,30,1.6126674598785131,1.6402477289406816,0.6666467065745657,0.12171247969247238,1.3797993621808256,1.9632723616573462,0.0,2.540882680188475,0.6355924613349141,0.4493288606303122,0.5231250906190246,0.0,0.0,986.0670754993179,0.016187209372098246,0.0034141200439383587,4.169818888884038
turbo_lunar_lander_12d,12,ts,logarithmic,standard,266,242,30,1.6159927599107162,1.6321004417720135,0.6690082848144091,0.12214364291689758,1.4206737492473756,2.0014968728557077,0.0,2.552026730983957,0.6355084141434838,0.4490709206132395,0.5228773422596074,0.0,0.0,990.6425411733488,0.016420999138305584,0.0034504239447414875,4.149963558775683
turbo_lunar_lander_12d,12,ts,logarithmic,standard,267,243,30,1.6368179227134905,1.6386028824428522,0.6831461363651176,0.12472484965322506,1.5274653804470368,2.0409582409279317,0.0,2.6529319285005717,0.6351352202637982,0.44881888143132953,0.5225434498723807,0.0,0.0,995.317656193239,0.016264122538268568,0.003397952066734433,4.187805258467173
turbo_lunar_lander_12d,12,ts,logarithmic,standard,268,244,30,1.6437030792486942,1.6517701271568708,0.6905939516562813,0.12608462846625915,1.429942310577805,1.943993128839891,0.0,2.856441795507577,0.6345545725006997,0.44850803446999027,0.5220973158241111,0.0,0.0,1000.0141714226299,0.016211669674764076,0.0033929708258559304,4.185569019429385
turbo_lunar_lander_12d,12,ts,logarithmic,standard,269,245,30,1.6521569678032781,1.6446076042920916,0.7052400571335242,0.1287586292494211,1.3827240880475395,2.093188003173169,0.0,2.7359529144186587,0.6338848614869033,0.44777219974452787,0.5213466507359479,0.0,0.0,1004.7126918252558,0.01626232100340227,0.06934402439122399,4.175069520141308
turbo_lunar_lander_12d,12,ts,logarithmic,standard,27,3,30,1.98232117999451,2.0143677067475148,0.6613836457145998,0.12075158064096378,1.560420127499132,2.435247357509786,0.10430812005020562,3.2606018514069905,0.7158183296144321,0.5472002594197197,0.6227125144512845,0.0,0.0,56.92106603815531,0.0015721863446136316,0.001194265220935146,1.7185496722968916
turbo_lunar_lander_12d,12,ts,logarithmic,standard,270,246,30,1.6709758057531883,1.6878140935187762,0.6960920851570154,0.12708844571376812,1.4301353524146954,2.116308472037921,0.0,2.5976791908779195,0.633674109694202,0.44748780723629916,0.5209361310775864,0.0,0.0,1009.3965711372749,0.016289512331907948,0.0034266910205284756,4.160373977882167
turbo_lunar_lander_12d,12,ts,logarithmic,standard,271,247,30,1.6635933158318652,1.7828231643373575,0.7074533402554671,0.12916271761343232,1.4835539218633627,2.0217960331434295,0.0,2.645052229543698,0.6335167926070115,0.4472205097999425,0.5207264498654126,0.0,0.0,1013.8642970259301,0.016473376906166473,0.0034998535178601743,4.107937360337625
turbo_lunar_lander_12d,12,ts,logarithmic,standard,272,248,30,1.6859853246449612,1.7942936508918101,0.7219975931392157,0.13181812274226187,1.4213701278328945,2.1095759924004875,0.0,2.8697644813248413,0.6334326929345845,0.4469808978208812,0.5205017729341354,0.0,0.0,1018.3865330385355,0.016488256072625516,0.003468695112193624,4.080834540414314
turbo_lunar_lander_12d,12,ts,logarithmic,standard,273,249,30,1.6716104615549425,1.7020604385299418,0.7076635357744527,0.12920109388917728,1.5224564513745569,2.1146834577238915,0.0,2.7567641863586023,0.6330530980937229,0.4467087688468533,0.5202369312967392,0.0,0.0,1022.8926826119267,0.01626298758201301,0.0034715824450055758,4.0730650918247795
turbo_lunar_lander_12d,12,ts,logarithmic,standard,274,250,30,1.6574024120830229,1.7242608423229715,0.7244446324031971,0.13226488894358968,1.3334760286478626,2.1136015940874686,0.0,2.7903817491552174,0.6325104076050043,0.44615625923148783,0.5196033040858429,0.0,0.0,1027.498997124595,0.01646201837187012,0.0720962148004522,4.084739917470142
turbo_lunar_lander_12d,12,ts,logarithmic,standard,275,251,30,1.6455908344332377,1.6968493303653904,0.7121488348508369,0.13001999371627485,1.3157745688618838,2.0378096299054986,0.0,2.6705056974982777,0.6321682552718362,0.4458791609037483,0.519222544572935,0.0,0.0,1031.9145072606236,0.016474380809813737,0.003577132678280274,4.073456238862127
turbo_lunar_lander_12d,12,ts,logarithmic,standard,276,252,30,1.6946557674541383,1.7917263951908142,0.7084318805429278,0.12934137380972224,1.5693119044145605,2.0311196880280384,0.0,2.7379485245273756,0.6319744777511611,0.44561794294252344,0.5189671784604645,0.0,0.0,1036.530841194621,0.01645588610942165,0.0035317349092413982,4.142740155942738
turbo_lunar_lander_12d,12,ts,logarithmic,standard,277,253,30,1.6772532475399655,1.766055409911129,0.723071328453125,0.1320141590930012,1.466997572102093,2.1154863243395354,0.0,2.762908648332488,0.6314404524215058,0.445334934582943,0.5185497002422161,0.0,0.0,1041.111601974132,0.016492127099384864,0.0036556821626921496,4.16486447059239
turbo_lunar_lander_12d,12,ts,logarithmic,standard,278,254,30,1.6928145959170482,1.8542316021971834,0.704954890880901,0.1287065652530208,1.5195722698927785,2.0333746122556122,0.0,2.6627175773712826,0.6311750470730556,0.44511076640895403,0.5183199264146026,0.0,0.0,1045.6865648951227,0.01678581239345173,0.0036306805132577816,4.14734409924907
turbo_lunar_lander_12d,12,ts,logarithmic,standard,279,255,30,1.6750704948047241,1.7794766343800559,0.734714806980725,0.13413995770546572,1.4083473324546913,2.0844400585397986,0.0,2.8298370883201756,0.632044594745364,0.44581610845369357,0.5191052840594228,0.0,0.0,1050.5572497632045,0.01663668444380164,0.07563785784877837,4.162444070338582
turbo_lunar_lander_12d,12,ts,logarithmic,standard,28,4,30,1.9194522368104858,1.8619506474623202,0.6713687442438958,0.12257460187543279,1.4585225644432858,2.334113713942298,0.0493154455592395,3.276562946726587,0.7117729283278867,0.544181881859985,0.6194964327142057,0.0,0.0,58.9513564722923,0.0015707674901932478,0.0011581816555311282,1.7153685727311918
turbo_lunar_lander_12d,12,ts,logarithmic,standard,280,256,30,1.6924117489367494,1.7887079957371295,0.7228964470664394,0.13198223026620937,1.4654352449421728,1.991949799807101,0.0,2.800647303679053,0.6319369119665231,0.4455588860920118,0.51882703384409,0.0,0.0,1055.2776541539001,0.0166118069862326,0.0035262449954946836,4.139220473729074
turbo_lunar_lander_12d,12,ts,logarithmic,standard,281,257,30,1.660392398028144,1.8210059479764764,0.7233860103920395,0.13207161189179553,1.3588333996723052,1.948640831751723,0.0,2.711869525253777,0.6312069838846361,0.4453240564471018,0.5185207959414488,0.0,0.0,1059.8244296906362,0.016769896742577353,0.0037010062330712873,4.17397667717499
turbo_lunar_lander_12d,12,ts,logarithmic,standard,282,258,30,1.6685301667074055,1.689028484292618,0.7258881655108121,0.13252844082543844,1.4057877941570442,2.0625266187225177,0.0,2.884830721615438,0.6309297928883301,0.4450959186416263,0.5182957373659746,0.0,0.0,1064.4988677827487,0.016653407582392296,0.0036402291307846705,4.146077395339186
turbo_lunar_lander_12d,12,ts,logarithmic,standard,283,259,30,1.6454739820746507,1.6939143556288516,0.706218871914417,0.12893733556112594,1.4515230941451982,1.9871620288339513,0.0,2.668514385051729,0.6305237022073581,0.44484788797064106,0.5180663076072245,0.0,0.0,1069.0639172668723,0.016579936988030872,0.0037402083786825338,4.167041724982361
turbo_lunar_lander_12d,12,ts,logarithmic,standard,284,260,30,1.6669535370438853,1.7119610132396887,0.7028289095014247,0.12831841593356244,1.4361178816040001,1.996290035947729,0.0,2.7236540171627657,0.6319576228318612,0.44599022282388184,0.5193224975662244,0.0,0.0,1073.8416040212537,0.01670243392388026,0.07667404362000525,4.177187927393243
turbo_lunar_lander_12d,12,ts,logarithmic,standard,285,261,30,1.6437693192018175,1.7055530964935297,0.7052565168663996,0.1287616343717499,1.4102867252856304,1.9518950082185522,0.0,2.782309260386227,0.6317961178948853,0.44575273910946883,0.519026850440382,0.0,0.0,1078.3874938348308,0.016645526280626655,0.0037440336775034664,4.162873413305109
turbo_lunar_lander_12d,12,ts,logarithmic,standard,286,262,30,1.60976313364219,1.6609674119574023,0.7210019334908605,0.1316363409925946,1.443333710596198,1.9544114643146626,0.0,2.775078454955973,0.6309636580758898,0.44551211058997825,0.5187091842309821,0.0,0.0,1082.8131607301689,0.016591027239337565,0.003694204241037369,4.039220432471484
turbo_lunar_lander_12d,12,ts,logarithmic,standard,287,263,30,1.6744084818588438,1.736777961159045,0.7046382316808201,0.12864875145737883,1.4431775929161523,2.075839700951107,0.0,2.8016016682431397,0.630536128267586,0.44527847368796186,0.5184622031746225,0.0,0.0,1087.4104868830182,0.016751561065514883,0.0037430381402373315,4.161486655070136
turbo_lunar_lander_12d,12,ts,logarithmic,standard,288,264,30,1.6830756803711637,1.7633467400846452,0.7012350664387341,0.12802742133404285,1.5134322493843928,2.0675349160959042,0.0,2.8720233063120673,0.6293680283038003,0.4450147572859947,0.5180605804200529,0.0,0.0,1091.9648640497433,0.01667472906410694,0.003785697262113293,4.139175405725837
turbo_lunar_lander_12d,12,ts,logarithmic,standard,289,265,30,1.6083103173509896,1.6836057456785931,0.7254311057760513,0.1324449935164865,1.422808977033048,1.9650305883814483,0.0,2.734834475577001,0.6285356673331156,0.4441149171429578,0.5170752536850662,0.0,0.0,1096.6139602872543,0.016829416326557597,0.07891420074738562,4.088498955654601
turbo_lunar_lander_12d,12,ts,logarithmic,standard,29,5,30,1.9936377783678734,1.9372540785156809,0.6401674409213528,0.1168780493243269,1.6370464430738378,2.358820365877718,0.0,3.3247600318108512,0.7170201773868651,0.5467608628354488,0.6232705975256346,0.0,0.0,61.014756608195604,0.001585539368291696,0.008960401033982634,1.6967818444905183
turbo_lunar_lander_12d,12,ts,logarithmic,standard,290,266,30,1.6610424195265179,1.8204041778675666,0.6972327322675184,0.1272966984312933,1.4642044380842174,1.9820479616036883,0.0,2.737556634366328,0.6281787320579091,0.4437991760448438,0.5166625395567027,0.0,0.0,1101.209674208099,0.01679206710929672,0.0037646515294909475,4.187089509796351
turbo_lunar_lander_12d,12,ts,logarithmic,standard,291,267,30,1.6892475536373466,1.7667539716414107,0.6968553904555755,0.12722780555719632,1.4613519462589752,2.058836708699006,0.0,2.8568442709184714,0.6278475352292373,0.4435653565154416,0.5165213374606236,0.0,0.0,1105.828307964156,0.016742049266273776,0.003807056586568554,4.224436623230576
turbo_lunar_lander_12d,12,ts,logarithmic,standard,292,268,30,1.6125261393287889,1.765421814984594,0.7270431234936567,0.13273930633883,1.363567930768515,2.013147841164707,0.0,2.7331693312364003,0.627634972154791,0.4433081826769413,0.5163521508701637,0.0,0.0,1110.3116011905017,0.01684605555298428,0.0038154537944744033,4.107849027899404
turbo_lunar_lander_12d,12,ts,logarithmic,standard,293,269,30,1.6790061254075335,1.8389928451372168,0.7092441488663507,0.1294896730375508,1.484712732034581,2.032353066813925,0.0,2.883874567177875,0.6275154538308,0.44305686732025806,0.5161194739276993,0.0,0.0,1114.9037047339448,0.016841142422830066,0.003882064530625939,4.209361033607275
turbo_lunar_lander_12d,12,ts,logarithmic,standard,294,270,30,1.6608630160373823,1.8253331312266536,0.6997953757913761,0.1277645709862471,1.438779364988593,1.9509957911779436,0.0,2.734642368716903,0.6274137702227817,0.44299801336130806,0.5160069568865253,0.0,0.0,1119.6337932941815,0.016881223162636162,0.08218866294870773,4.231923103937879
turbo_lunar_lander_12d,12,ts,logarithmic,standard,295,271,30,1.6655642666568875,1.8020623849356516,0.7053697725271373,0.1287823119318003,1.4277966412863692,2.0704579197085082,0.0,2.73105910481659,0.6272995187290408,0.4427415400068832,0.5157198660065402,0.0,0.0,1124.3590014686963,0.016864922068392237,0.003832372215886911,4.186851323954761
turbo_lunar_lander_12d,12,ts,logarithmic,standard,296,272,30,1.6307711734607022,1.7850244592247897,0.7336671861788147,0.13394868919049308,1.40943238539267,2.054625616893047,0.0,2.732799059402822,0.6265962469232923,0.4424919148725928,0.515498107435832,0.0,0.0,1128.9153079959874,0.016886197915300726,0.003870214568451047,4.138199249934405
turbo_lunar_lander_12d,12,ts,logarithmic,standard,297,273,30,1.695191353085456,1.8311252156100446,0.712208573850262,0.1300309005154575,1.484592891651154,2.1648483944587453,0.0,2.822733020260274,0.6262239325709716,0.4422652779853775,0.5153183938172038,0.0,0.0,1133.7280011008804,0.017062812314058342,0.003900205452616016,4.21063437309737
turbo_lunar_lander_12d,12,ts,logarithmic,standard,298,274,30,1.695753175753897,1.824624047630842,0.7098999263180986,0.12960940107189264,1.4721831253315234,2.072782228552269,0.0,2.858634417722076,0.6260945311970707,0.44200283593276,0.5150499127677143,0.0,0.0,1138.3225831844688,0.016942650297035775,0.003932915395125747,4.233961625971521
turbo_lunar_lander_12d,12,ts,logarithmic,standard,299,275,30,1.6666583329018403,1.8221713457500037,0.7153811833639692,0.13061013711439512,1.3758694429161262,2.0955952818425443,0.0,2.734103687616059,0.6256998011472291,0.44145048407549364,0.5145285989673427,0.0,0.0,1143.0160806810018,0.017045067359382906,0.0873102722534289,4.1577895716608815
turbo_lunar_lander_12d,12,ts,logarithmic,standard,3,0,30,2.683683525413747,2.7044645277229673,0.4563391405767613,0.08331574705547107,2.3869223533663404,2.9571486715857542,1.810462903821802,3.5922050422052374,0.9994823997095069,0.9919775531518832,0.9979881802333577,0.0,0.0,4.662443670832242,0.0,0.0011825711311151583,1.6443816016428172
turbo_lunar_lander_12d,12,ts,logarithmic,standard,30,6,30,2.011258354232848,2.026272263123694,0.6179629294470745,0.11282407872004539,1.6296459274774935,2.441328313556073,0.0,3.2391754880500647,0.7145741108817639,0.5437249639348161,0.6206618863351581,0.0,0.0,63.02833874275287,0.0016454756104697784,0.001165542829160889,1.677206270257011
turbo_lunar_lander_12d,12,ts,logarithmic,standard,300,276,30,1.6909719039833178,1.8393298860366816,0.7153044024145265,0.130596118895063,1.5456999206267228,2.1009530238410195,0.0,2.734103687616059,0.6255498564032661,0.44122612420927365,0.5143144584385482,0.0,0.0,1147.5340792958625,0.0169776293138663,0.00392555259168148,4.16767913394918
turbo_lunar_lander_12d,12,ts,logarithmic,standard,301,277,30,1.6381061705768005,1.8388914226613955,0.7610658578534614,0.1389509793644537,1.2885180542600132,2.1811529085260206,0.0,2.748828075041165,0.6255053425765925,0.4409811979131265,0.5140190863505063,0.0,0.0,1152.1904489915507,0.016957811762889227,0.003888729199146231,4.144837282209967
turbo_lunar_lander_12d,12,ts,logarithmic,standard,302,278,30,1.6525118527144034,1.798947808612347,0.7468231794053151,0.13635063394267288,1.2719770696764245,2.1567438481048335,0.0,2.882471925873952,0.6253495484071306,0.44073851346049625,0.5138464166996627,0.0,0.0,1156.6964871889445,0.016996061196550727,0.0039903840826203425,4.164957691015055
turbo_lunar_lander_12d,12,ts,logarithmic,standard,303,279,30,1.6788936391077385,1.8303598705860789,0.7888293832865342,0.1440198824163078,1.3873364888043387,2.135946684913069,0.0,2.981830632899453,0.6252122679016036,0.440512252957401,0.5135807194397372,0.0,0.0,1161.3419311731122,0.017283613809073964,0.004012835149963697,4.134434809768573
turbo_lunar_lander_12d,12,ts,logarithmic,standard,304,280,30,1.6737037085130226,1.836756252628419,0.7874547700936383,0.14376891353177673,1.3919357123457081,2.2192344160943804,0.0,2.971183738114422,0.6247037913398091,0.4400495772912226,0.5131060387291598,0.0,0.0,1165.9410407729913,0.017229442639897268,0.08811230307134489,4.138899540714919
turbo_lunar_lander_12d,12,ts,logarithmic,standard,305,281,30,1.6514297801035813,1.8192468625348295,0.7760378203972939,0.14168447323624686,1.2637718972070155,2.06678838209763,0.0,2.9022008652760074,0.6246179905365733,0.43977254850928754,0.5129211598034907,0.0,0.0,1170.41970614347,0.017021448568751416,0.0040585079696029425,4.135373402635256
turbo_lunar_lander_12d,12,ts,logarithmic,standard,306,282,30,1.673020116977592,1.8784676795284438,0.7713637508289507,0.1408311087902702,1.3054371291975249,2.072963474446323,0.0,2.9656805819358825,0.6244187165631014,0.439553880263513,0.5126205645975256,0.0,0.0,1175.0384872167372,0.01709566479548812,0.004076417923594515,4.165044208134835
turbo_lunar_lander_12d,12,ts,logarithmic,standard,307,283,30,1.6733330105287165,1.807836556839457,0.7913701858193809,0.14448376737010996,1.403231840168358,2.1878858631757936,0.0,3.03645756893223,0.6242004784654533,0.4392762863930002,0.5122534616965295,0.0,0.0,1179.5641028879677,0.017229671636596323,0.004143673942113916,4.150919649501642
turbo_lunar_lander_12d,12,ts,logarithmic,standard,308,284,30,1.6482592484531564,1.7194993255447792,0.7767215361150143,0.1418093020767523,1.3621781182404944,2.084883570319733,0.0,2.974400138697568,0.6237034735380674,0.439057695828326,0.5119257262038864,0.0,0.0,1184.1404196717156,0.017165817646309735,0.004110827203840017,4.174683615627388
turbo_lunar_lander_12d,12,ts,logarithmic,standard,309,285,30,1.6060156780735002,1.749213990792613,0.8167305842804488,0.149113921471592,1.4020972096038231,2.0677127173502168,0.0,3.0340494738916894,0.6234999355921009,0.43874961722780165,0.5115712784117795,0.0,0.0,1188.7122876618212,0.01713907552572588,0.09087739184809228,4.082236294789861
turbo_lunar_lander_12d,12,ts,logarithmic,standard,31,7,30,1.9346751752756677,1.9318229992731526,0.5732836396257234,0.10466679375722374,1.614880425968574,2.3291840024197645,0.0,2.830035972403014,0.7108731105903343,0.5408269222322407,0.617645994007644,0.0,0.0,65.09392085025708,0.001732779045899709,0.0011587365219990413,1.7502211473882199
turbo_lunar_lander_12d,12,ts,logarithmic,standard,310,286,30,1.62893282036215,1.839416569722504,0.8329654980820184,0.15207799764101587,1.4293784420162168,2.1443637670819164,0.0,2.965458376291692,0.6234500339444621,0.4385487495190045,0.5114136888852905,0.0,0.0,1193.3094953803036,0.01728224861435592,0.004172292041281859,4.081000312510878
turbo_lunar_lander_12d,12,ts,logarithmic,standard,311,287,30,1.6293605618895302,1.851237910517832,0.8423042206280225,0.15378300730659206,1.3403055351283557,2.1401096899642638,0.0,3.0503191134359278,0.623367705598639,0.4383488428331226,0.5112626510054095,0.0,0.0,1197.8188618403549,0.017352715600281954,0.004171498135353128,4.114865893715372
turbo_lunar_lander_12d,12,ts,logarithmic,standard,312,288,30,1.6063831851194772,1.8106077268793428,0.8524080601789684,0.15562770758641403,1.1294091382309386,2.1627471649833483,0.0,3.0193069939654533,0.6233078838364915,0.43813528707173993,0.5111165807920953,0.0,0.0,1202.4135873582059,0.017474629823118447,0.004184679423148433,4.1475146191660315
turbo_lunar_lander_12d,12,ts,logarithmic,standard,313,289,30,1.546299693557643,1.6750998180157706,0.8396946440089232,0.15330656597998582,1.1402735182393053,2.0673621408897978,0.0,3.0200398909942923,0.6232184871689592,0.4379226763164213,0.5107006039661228,0.0,0.0,1206.9670172797205,0.017144360595072308,0.004171981088196238,4.11987025498723
turbo_lunar_lander_12d,12,ts,logarithmic,standard,314,290,30,1.6019491541238484,1.8110223503031642,0.8336908053816504,0.15221042003072643,1.1118816026294556,2.133333781782514,0.0,3.021363459086971,0.6250134829579965,0.43940639755322836,0.5122521299302667,0.0,0.0,1211.7114913015625,0.017329494608566164,0.09399524407150844,4.182665269278611
turbo_lunar_lander_12d,12,ts,logarithmic,standard,315,291,30,1.565319730289901,1.7297503459587542,0.8457534875314366,0.1544127544032107,1.259134776790779,2.078908354541391,0.0,3.0229512687580353,0.6246308646732325,0.4391868312134314,0.5119602998952343,0.0,0.0,1216.3814861761562,0.017271047240744034,0.0043067316369464,4.158544142389049
turbo_lunar_lander_12d,12,ts,logarithmic,standard,316,292,30,1.5566484120458672,1.7379811099879754,0.8515751392232561,0.1554756377210599,1.1711238933111767,2.1133509657837277,0.0,2.9876821514856893,0.6244352672815328,0.4389312419911265,0.5116333843045603,0.0,0.0,1220.9099926707956,0.017419156587372222,0.00431984169408679,4.190747270422677
turbo_lunar_lander_12d,12,ts,logarithmic,standard,317,293,30,1.5169756946018154,1.7257334675933034,0.8738740328026711,0.15954684006134415,0.9451115065115355,2.10235731947696,0.0,2.959125062864707,0.6243996927740919,0.4387106460210534,0.5113991977674559,0.0,0.0,1225.3959115704367,0.017280583968386054,0.004272240058829387,4.099902168102562
turbo_lunar_lander_12d,12,ts,logarithmic,standard,318,294,30,1.582423267907197,1.822791487466737,0.8488190843457614,0.15497245324568457,1.2892619550690219,2.122243957713649,0.0,2.975119843334193,0.6240275801314868,0.43845984023504847,0.5112141220555906,0.0,0.0,1230.0007854248397,0.017263035662472247,0.004300155692423383,4.1179697831782205
turbo_lunar_lander_12d,12,ts,logarithmic,standard,319,295,30,1.5700798437497234,1.7756814800675187,0.8638162225151137,0.1577105435368099,1.3354250011811302,2.1267085039065927,0.0,2.9926041314226417,0.6237616256158397,0.4380915726853429,0.510848989500134,0.0,0.0,1234.6636963455007,0.01728880130685866,0.1000928600008289,4.13756540720351
turbo_lunar_lander_12d,12,ts,logarithmic,standard,32,8,30,1.9271670085804962,1.8735938066664066,0.5838965686112063,0.10660444062607353,1.6069163633975416,2.4209360378905522,0.0,2.8499845124600798,0.7082298942556285,0.5381922424082085,0.6148273971239195,0.0,0.0,67.213395059295,0.0021194843420137962,0.0012026671941081683,1.7864670832020542
turbo_lunar_lander_12d,12,ts,logarithmic,standard,320,296,30,1.5340757100002251,1.7217954495467476,0.8430825044900692,0.15392510184905378,1.253400801171877,2.0526490221579934,0.0,3.0076634286888337,0.6235811338692959,0.43784896144909186,0.5105335255162499,0.0,0.0,1239.1354237616529,0.017359727217505377,0.004658168352519473,4.0895334702606005
turbo_lunar_lander_12d,12,ts,logarithmic,standard,321,297,30,1.5619796689882741,1.7693019048101881,0.8583657385114118,0.15671542585742704,1.2765492105324676,2.098726174001704,0.0,3.0188097693609244,0.6235408198438475,0.437630856924479,0.5103136709231524,0.0,0.0,1243.6655591742601,0.017465444964667162,0.004344830708578229,4.166527225635946
turbo_lunar_lander_12d,12,ts,logarithmic,standard,322,298,30,1.583705334416038,1.8651882200991416,0.8764747396350023,0.16002166199385268,1.1619629334108885,2.169243589076237,0.0,3.0194131365975716,0.6234376910429037,0.4374195394479281,0.5100688730671986,0.0,0.0,1248.248116632163,0.017547054154177507,0.004321780893951655,4.16467345856751
turbo_lunar_lander_12d,12,ts,logarithmic,standard,323,299,30,1.5837505253944397,1.7145684668467998,0.8089578248665392,0.1476948162499057,1.27308939841052,2.065207779619,0.0,2.996365143258438,0.6233422815745352,0.4371849238309085,0.509757826139501,0.0,0.0,1252.947660944735,0.01750878638898333,0.004338933527469635,4.164586409227923
turbo_lunar_lander_12d,12,ts,logarithmic,standard,324,300,30,1.6139038742433207,1.777518801469037,0.8130628808924278,0.1484442935116396,1.2283040670730578,2.038299552351951,0.0,2.9753887682765687,0.6232085417924385,0.4368933663667994,0.5094406393812119,0.0,0.0,1257.710237693414,0.01746230775800844,0.09825840208989879,4.147949239021788
turbo_lunar_lander_12d,12,ts,logarithmic,standard,325,301,30,1.605952450682952,1.810768144951231,0.8133480599827521,0.14849635985187273,1.1611437263650568,2.0327908477053143,0.0,2.99129549048276,0.6231539143405995,0.436660502254519,0.5091548655597972,0.0,0.0,1262.2388206621322,0.017600371735170484,0.004431412741541863,4.170385994343087
turbo_lunar_lander_12d,12,ts,logarithmic,standard,326,302,30,1.5976684016143325,1.8205404089190274,0.8196057033070804,0.14963884398705815,1.1108661312538284,2.0417295531852697,0.0,3.038971616061284,0.6230272131276241,0.4364493478362585,0.5089441663115052,0.0,0.0,1266.712571715455,0.01755982542720934,0.004484493983909488,4.139515833354865
turbo_lunar_lander_12d,12,ts,logarithmic,standard,327,303,30,1.6125064244474345,1.7872950680891821,0.815300259969561,0.14885278117505157,1.2221276606543303,2.061057273290701,0.0,3.0086859049578614,0.6229798664613959,0.43622865804679833,0.508661592304171,0.0,0.0,1271.3434912053867,0.017464566805089513,0.004422441155960162,4.134735160817702
turbo_lunar_lander_12d,12,ts,logarithmic,standard,328,304,30,1.5999518920654625,1.8067185309479523,0.815356611608455,0.14886306952964312,1.2599838009200945,2.0995729380632713,0.0,3.0092451053035587,0.6228720772791806,0.43603852607922655,0.5084369976334335,0.0,0.0,1275.8852845150823,0.01754820588976145,0.004415095675115784,4.104489215649664
turbo_lunar_lander_12d,12,ts,logarithmic,standard,329,305,30,1.6710267804224717,1.8674939649870614,0.783064038019438,0.14296727919810975,1.3520270827351115,2.095697151028352,0.0,3.085917713937315,0.6208411305125506,0.43451814299090247,0.5067367588635416,0.0,0.0,1280.6825672358896,0.01765567047211031,0.11172169361573954,4.178544394671917
turbo_lunar_lander_12d,12,ts,logarithmic,standard,33,9,30,1.9393508174722143,2.0548059017299067,0.5730144969358771,0.1046176552497516,1.5980730271748789,2.3995103579568444,0.0,2.761984125549449,0.7050039328267109,0.5357729794601886,0.6123627503009473,0.0,0.0,69.36787446307329,0.00212064137061437,0.0012264865916222333,1.8011660698335619
turbo_lunar_lander_12d,12,ts,logarithmic,standard,330,306,30,1.6779038828046269,1.857247902341197,0.7594974133924243,0.13866462189395234,1.4032173743342917,2.103626677988151,0.0,3.042372144968133,0.6206162938051971,0.4342910216630524,0.5064993509442831,0.0,0.0,1285.3787799083939,0.017442207457497715,0.004486987522492806,4.241791867526869
turbo_lunar_lander_12d,12,ts,logarithmic,standard,331,307,30,1.7041945315555844,1.8121964556662107,0.734458304517429,0.13409312697706477,1.4188309139013562,2.1109011720378925,0.0,3.0111858150686346,0.6205114193090201,0.43406912614188886,0.5062443202692728,0.0,0.0,1290.088196729015,0.017593500499303142,0.00463882132122914,4.315964459457124
turbo_lunar_lander_12d,12,ts,logarithmic,standard,332,308,30,1.6876095800038606,1.7805220555339223,0.7154188918733515,0.13061702171479467,1.4436638660319034,2.079735698390298,0.0,2.997911195160426,0.6202330799779504,0.43387494489203143,0.5060883320509936,0.0,0.0,1294.781364232162,0.017514273679504793,0.004522951335335771,4.32696294086054
turbo_lunar_lander_12d,12,ts,logarithmic,standard,333,309,30,1.7158436648621114,1.8156666496197444,0.7301134741504182,0.13329987311021635,1.4465118437036144,2.094538353089241,0.0,3.079325602629384,0.6201724050545656,0.4336722401825044,0.5057491996110154,0.0,0.0,1299.5303567715766,0.017656052485108376,0.004579147370532155,4.297024094546214
turbo_lunar_lander_12d,12,ts,logarithmic,standard,334,310,30,1.6718254283747738,1.7931384609964502,0.7476470745641375,0.13650105593050835,1.3482865636329975,2.090899092901549,0.0,3.021481136315177,0.6185587109651123,0.43269721957107243,0.5046632602557654,0.0,0.0,1304.285853523637,0.0177658307676514,0.11406381459285815,4.290959595966464
turbo_lunar_lander_12d,12,ts,logarithmic,standard,335,311,30,1.6885379717982942,1.8391411563632625,0.7502703697715216,0.1369800019172015,1.3786672768997268,2.087799786201488,0.0,3.0122250167170703,0.6185109018033284,0.4325028767908277,0.50449567042414,0.0,0.0,1309.054156147223,0.017563464461515348,0.004582069162279367,4.275739775567005
turbo_lunar_lander_12d,12,ts,logarithmic,standard,336,312,30,1.6322716259814647,1.84384751020105,0.7841866986146541,0.1431722480422504,1.2257122471732989,2.1144376070629116,0.0,3.066226721573338,0.6184177501993688,0.4322898566560978,0.5041991233471772,0.0,0.0,1313.750120937731,0.01792128252175947,0.004792259152357777,4.243475600983947
turbo_lunar_lander_12d,12,ts,logarithmic,standard,337,313,30,1.7004040957487692,1.8363250943437461,0.7294552866173719,0.13317970505724364,1.4913046918380748,2.1447935993814484,0.0,3.025488857690731,0.6179391673823774,0.4321024338751942,0.5039839498270468,0.0,0.0,1318.6321688108146,0.017766697518527507,0.004636922478675842,4.289256708805139
turbo_lunar_lander_12d,12,ts,logarithmic,standard,338,314,30,1.6861474958250795,1.8445099834289156,0.7285496925409322,0.1330143669560406,1.404101512618304,2.1724247660022216,0.0,2.987325511030197,0.6179006349211231,0.4319182958206038,0.5037652443104194,0.0,0.0,1323.3822620054862,0.017783318630730113,0.004665316874161362,4.297023009027665
turbo_lunar_lander_12d,12,ts,logarithmic,standard,339,315,30,1.6624186188576815,1.8073527374331124,0.7361517940053883,0.13440231444154918,1.3362926082778412,2.1256122481379784,0.0,2.9719556886888507,0.6175722197474015,0.43146427309498453,0.5033461551826716,0.0,0.0,1328.3229893220898,0.017756392946466804,0.12344772190166016,4.308177094332253
turbo_lunar_lander_12d,12,ts,logarithmic,standard,34,10,30,1.9558781280796544,1.9141400498528904,0.41319295594142874,0.07543836752378626,1.5950921773698972,2.2934042049855936,1.3129976331255033,2.9719030074854875,0.7020923816259632,0.531071303224478,0.6076287206742127,0.0,0.0,71.46343800549705,0.00212254673242569,0.00891708442941308,1.7808436032074193
turbo_lunar_lander_12d,12,ts,logarithmic,standard,340,316,30,1.6191066891536674,1.7946628311455306,0.7899169542258451,0.14421844479509036,1.298155020451548,2.1136552810338154,0.0,2.9870451575349404,0.6175422412676065,0.43123870659730357,0.5031223995531613,0.0,0.0,1332.906492307658,0.0178478611788402,0.004693938450266917,4.20719224854062
turbo_lunar_lander_12d,12,ts,logarithmic,standard,341,317,30,1.6644123702879254,1.8183096066053692,0.8058030479985336,0.14711883543173832,1.4443461907053354,2.2363543300308364,0.0,3.061615946405011,0.6171238067364503,0.4309980772779814,0.5028664083812457,0.0,0.0,1337.5800912318286,0.017746740176031988,0.0048155403385559716,4.216631351209556
turbo_lunar_lander_12d,12,ts,logarithmic,standard,342,318,30,1.6489746941356944,1.836785812942873,0.8089179424785573,0.14768753475539076,1.2910449135902398,2.2205405272180467,0.0,3.0195653660319772,0.6169891950590468,0.4307868512815651,0.5026884390906409,0.0,0.0,1342.238020211629,0.0177473491212974,0.004856562164301674,4.232173643851032
turbo_lunar_lander_12d,12,ts,logarithmic,standard,343,319,30,1.739727892159206,1.8649217528066986,0.750680581550864,0.13705489599883489,1.5423716586011516,2.2148960429413305,0.0,3.0967110198978376,0.6168445991515836,0.4306006706815922,0.5024118151727196,0.0,0.0,1347.290756236855,0.017601715214550496,0.004792381062482794,4.372913234479104
turbo_lunar_lander_12d,12,ts,logarithmic,standard,344,320,30,1.7454666104970908,1.8685228699078382,0.7552055882297037,0.13788104540912224,1.5501459143830743,2.258415082182716,0.0,3.0409489200609423,0.6178837207271625,0.4314979611974264,0.5034318094991134,0.0,0.0,1352.195809724834,0.01764969971651832,0.13568405280821025,4.346922979829833
turbo_lunar_lander_12d,12,ts,logarithmic,standard,345,321,30,1.7270476745219434,1.876944845424817,0.7659745592154276,0.1398471815191221,1.5379878430019303,2.25583921274997,0.0,3.039872538321754,0.6173891540647963,0.4312733916953555,0.5031861076125659,0.0,0.0,1357.0026340606157,0.017480525327846407,0.0048847470432519914,4.374592680530623
turbo_lunar_lander_12d,12,ts,logarithmic,standard,346,322,30,1.7036704993329872,1.8122697988683836,0.763955314521934,0.13947851956320576,1.4275461307252773,2.2443220019063523,0.0,3.065186250481283,0.6171251772527688,0.43105897785931574,0.5029813414737832,0.0,0.0,1361.7788392293887,0.017653140627468627,0.004824908667554458,4.372167624998838
turbo_lunar_lander_12d,12,ts,logarithmic,standard,347,323,30,1.6409432483478217,1.802145644805226,0.7791234114294688,0.14224782250676615,1.31502767146536,2.2334442135895376,0.0,3.0237421517143543,0.6170323765897388,0.4308561611991245,0.5027343548512333,0.0,0.0,1366.4961668037188,0.017571866527820626,0.004837871203199029,4.343712206603959
turbo_lunar_lander_12d,12,ts,logarithmic,standard,348,324,30,1.7203463541482782,1.8741099912473176,0.767750252296353,0.14017137723766498,1.5887968985827978,2.253553664697119,0.0,3.0583116511672284,0.6169109160903398,0.43065343319138416,0.5024809823646863,0.0,0.0,1371.2143217816795,0.01771036027930677,0.004967117635533214,4.332689239115765
turbo_lunar_lander_12d,12,ts,logarithmic,standard,349,325,30,1.728772039200979,1.85073385071211,0.7462695309042396,0.13624955201835023,1.5732315879548084,2.218529555396702,0.0,3.0243884770683898,0.616093837562298,0.42976687043085343,0.5015990270323696,0.0,0.0,1376.1421656818284,0.01776156239211559,0.14238370922394097,4.346311200860267
turbo_lunar_lander_12d,12,ts,logarithmic,standard,35,11,30,1.9757938896529128,1.8763103713819609,0.4906315267967865,0.08957665154993345,1.6170821918255487,2.4443185450471194,1.1741741725648431,2.979961715313192,0.7005199753919661,0.5288248570520735,0.6053398340695445,0.0,0.0,73.70938858046817,0.0021404519211500883,0.0011784170599033435,1.8646648295378934
turbo_lunar_lander_12d,12,ts,logarithmic,standard,350,326,30,1.7780674801408152,1.891361819937448,0.6802373331430723,0.12419377727320575,1.5696364993620415,2.236445405925957,0.0,3.0332460817129228,0.6160630519166882,0.42959602881796954,0.5014125880973821,0.0,0.0,1381.0301370540633,0.017745970205093425,0.004983009661858281,4.377647740937149
turbo_lunar_lander_12d,12,ts,logarithmic,standard,351,327,30,1.7525834829622506,1.8430745620888596,0.6976649234740923,0.1273756053889586,1.5109483381375857,2.2320537933947406,0.0,3.0178794093771195,0.6154646478264386,0.4293866199066027,0.5011360147484283,0.0,0.0,1385.818371743569,0.0179119901265949,0.004907017620280385,4.367638734728098
turbo_lunar_lander_12d,12,ts,logarithmic,standard,352,328,30,1.7533994954077339,1.8381559233887557,0.695121359970587,0.12691121635318636,1.538360184061342,2.2311674673287785,0.0,3.0521444254156336,0.6154383896264043,0.42918080398300607,0.5008570765081811,0.0,0.0,1390.6457116430004,0.01816887450404465,0.005012753590320548,4.375850643667703
turbo_lunar_lander_12d,12,ts,logarithmic,standard,353,329,30,1.7732786143734782,1.8724401237307764,0.7024426515436982,0.1282478952014082,1.5640491080363366,2.287791359521232,0.0,3.0500398197609,0.6152401974301867,0.4289710757969741,0.5005637591602707,0.0,0.0,1395.4268512329243,0.01776153330380718,0.004986174590885639,4.366601141371453
turbo_lunar_lander_12d,12,ts,logarithmic,standard,354,330,30,1.7445857200159258,1.8337621948629068,0.7027187332424277,0.1282983005927777,1.4870874343446088,2.230537419337128,0.0,3.0692598477594997,0.6143436827451099,0.42800788948573765,0.49949113614336127,0.0,0.0,1400.3187329823152,0.017969659389927985,0.14673935842389862,4.38291237509499
turbo_lunar_lander_12d,12,ts,logarithmic,standard,355,331,30,1.7449663578198564,1.8683303581586734,0.7118241406536482,0.12996071293757774,1.514441049964677,2.2311501455975145,0.0,3.104587130610838,0.6143062156519735,0.4278063672302725,0.4992033148073142,0.0,0.0,1405.245068849111,0.01803282086427013,0.0049865459402402244,4.4160174756931765
turbo_lunar_lander_12d,12,ts,logarithmic,standard,356,332,30,1.7416362228248345,1.8563071594107616,0.7154824165840161,0.13062861968712466,1.595964587569166,2.220555194095256,0.0,3.0945727038442543,0.6142660180017872,0.4276283192211138,0.499039713352292,0.0,0.0,1410.1209354893615,0.018172816062966984,0.005183830671012401,4.404559023911133
turbo_lunar_lander_12d,12,ts,logarithmic,standard,357,333,30,1.7443190650998133,1.8361108978470342,0.6958888992409825,0.12705134921057526,1.5519198881344314,2.200883106620513,0.0,2.973899787082378,0.6140755858347339,0.4274602797895308,0.4989063082967037,0.0,0.0,1414.991921512146,0.017853841573620837,0.005128265544772148,4.375015627437581
turbo_lunar_lander_12d,12,ts,logarithmic,standard,358,334,30,1.7551753533674295,1.862905626531262,0.6857666445560331,0.12520328680265555,1.5611962326203932,2.180654839105035,0.0,3.0381433220383736,0.6135224207121601,0.4272724434399096,0.49864856371663807,0.0,0.0,1419.7803019466965,0.018206327750037114,0.005047211252773801,4.392419075438132
turbo_lunar_lander_12d,12,ts,logarithmic,standard,359,335,30,1.7157097751942572,1.775116876291312,0.6912876190581365,0.12621127422739317,1.474496180920891,2.129412251836574,0.0,3.0817283098117723,0.6130635829506833,0.42670854524123697,0.49803824234960153,0.0,0.0,1424.6798146872627,0.018055684134985008,0.15417060682860514,4.3920432300151635
turbo_lunar_lander_12d,12,ts,logarithmic,standard,36,12,30,1.9152714491704903,1.9248082792269585,0.6078531054304143,0.11097828583126795,1.5366362954196258,2.4257363300432933,0.4667045578563449,3.130868190766658,0.6979932851022486,0.5265389856743204,0.6029024416832812,0.0,0.0,76.23855035694626,0.002228819066658616,0.0011903987421343725,2.1684029071436575
turbo_lunar_lander_12d,12,ts,logarithmic,standard,360,336,30,1.7093043181765497,1.7255968222444562,0.7128883354656974,0.13015500743895753,1.4993389741864243,2.1763802427130363,0.0,3.0658360619274077,0.6130068598056084,0.42653690999878763,0.4978882695783801,0.0,0.0,1429.6029209204794,0.018066220823675393,0.0051204417211314045,4.430299163144082
turbo_lunar_lander_12d,12,ts,logarithmic,standard,361,337,30,1.7219976705673747,1.7559521497312485,0.68283619235372,0.12466826187768969,1.5390468660317278,2.155704860997483,0.0,3.0371971266243745,0.6128952106249541,0.42634408881012903,0.49769703093303636,0.0,0.0,1434.5199972525083,0.01806501050790151,0.005129653494805098,4.374001388158649
turbo_lunar_lander_12d,12,ts,logarithmic,standard,362,338,30,1.710819440180916,1.8317309634543122,0.6845849931142982,0.12498754775273999,1.4814079035510073,2.1382296714885722,0.0,3.038327075759249,0.6127628597560716,0.4261585313544895,0.4975632748736516,0.0,0.0,1439.4698087384459,0.018070005889361102,0.0053150073625147344,4.445361457718536
turbo_lunar_lander_12d,12,ts,logarithmic,standard,363,339,30,1.734160709970518,1.8151425691027663,0.6766891354701754,0.12354596797189477,1.4763537421865451,2.1137390375629392,0.0,3.016678207960405,0.6124871230665542,0.42596390957620506,0.4973138005091787,0.0,0.0,1444.3495756983757,0.01825604660746952,0.0053609909334530435,4.3864555315425
turbo_lunar_lander_12d,12,ts,logarithmic,standard,364,340,30,1.7075441294995597,1.7987661612066104,0.6833971027073903,0.1247706696288375,1.4805818708001333,2.183579604493395,0.0,3.0561434745664515,0.6123584230020238,0.4259112222661142,0.4972368564593161,0.0,0.0,1449.3780215690379,0.018116005028908453,0.15294333964896697,4.373307907984903
turbo_lunar_lander_12d,12,ts,logarithmic,standard,365,341,30,1.7390450227996854,1.822474001291526,0.6823142830476318,0.12457297471105089,1.554486687354505,2.1791817769609847,0.0,3.0408645183736365,0.61221329697406,0.4257219408916681,0.4968959744143612,0.0,0.0,1454.2314681876917,0.018407933103541534,0.005315442864472667,4.325543241606405
turbo_lunar_lander_12d,12,ts,logarithmic,standard,366,342,30,1.72613360014387,1.7950358571671599,0.6652109730024652,0.12145035180447009,1.5114737590624057,2.13179408037584,0.0,2.985623616774003,0.6121217428006829,0.4255699360281517,0.4966563866153832,0.0,0.0,1459.0927203678061,0.018026191104824344,0.005260284338146448,4.386626315939551
turbo_lunar_lander_12d,12,ts,logarithmic,standard,367,343,30,1.7412866613443734,1.8322617262575391,0.665695468373632,0.12153880815240171,1.584913116765858,2.1120732578842216,0.0,3.0104537856144487,0.6118785091798035,0.4254001117181766,0.49652162161757235,0.0,0.0,1463.8699957852562,0.018293762455383937,0.005293604591861368,4.364399137177194
turbo_lunar_lander_12d,12,ts,logarithmic,standard,368,344,30,1.7300698806564794,1.8310657358211477,0.6794174989568611,0.12404409671413849,1.5270652221622887,2.1233454909657072,0.0,3.027969076283635,0.6118476263764931,0.42522466310432183,0.49636366584452224,0.0,0.0,1468.7172850462453,0.018226937313253682,0.005443901972224315,4.363440818929424
turbo_lunar_lander_12d,12,ts,logarithmic,standard,369,345,30,1.712100359772348,1.8169469676330876,0.7040970260831895,0.12854994128602207,1.4554747815250972,2.0999938034949266,0.0,3.0395649115550505,0.6119738785133868,0.4252922333806403,0.49645690479657106,0.0,0.0,1473.650241048603,0.01810582441588243,0.16388396313413978,4.349654886266217
turbo_lunar_lander_12d,12,ts,logarithmic,standard,37,13,30,1.9405187700141333,1.9324103487589697,0.6067339852271413,0.11077396337130384,1.5011947636664953,2.4665681700340887,0.7480811258244551,3.156214225571727,0.6954133258598094,0.5244067374009025,0.6010104684005633,0.0,0.0,78.71593832649911,0.0023272471812864144,0.0011967008157322803,2.059897565189749
turbo_lunar_lander_12d,12,ts,logarithmic,standard,370,346,30,1.7108428050209885,1.8006360717362035,0.7071604588722662,0.12910924503334817,1.4417985570971437,2.117798143550292,0.0,3.0408440099266247,0.6118134414735393,0.42511138844044666,0.496270405113517,0.0,0.0,1478.4641023584331,0.01832973592293759,0.005460285597170393,4.394716897032534
turbo_lunar_lander_12d,12,ts,logarithmic,standard,371,347,30,1.73531088204416,1.8733788515049343,0.6998691664058777,0.127778043247612,1.5013779920425725,2.1525067968002882,0.0,3.0408440099266247,0.6116406093358618,0.42491929346963936,0.4959843157754101,0.0,0.0,1483.2833655801137,0.018254863237962125,0.005584563765053948,4.3310047185979785
turbo_lunar_lander_12d,12,ts,logarithmic,standard,372,348,30,1.7052011177332356,1.7710069658989394,0.6933207345507051,0.12658246863315753,1.4437209564986802,2.166934083337444,0.0,2.97850150337218,0.6116079080014,0.42470381869023544,0.49576749197381587,0.0,0.0,1488.094541701038,0.018322583567351104,0.005496069137006998,4.333218207660441
turbo_lunar_lander_12d,12,ts,logarithmic,standard,373,349,30,1.7020011947519251,1.8376787489028852,0.6983183123590957,0.12749489733267177,1.5103642121008922,2.139188492564784,0.0,2.9965050827586674,0.6115608016906279,0.424497932545384,0.49555507587268194,0.0,0.0,1493.086530166259,0.01826561929968496,0.005512480034182469,4.343636336131022
turbo_lunar_lander_12d,12,ts,logarithmic,standard,374,350,30,1.726856621512131,1.779676398472051,0.6922353954564092,0.1263843137316615,1.6440130903583494,2.1369661920170957,0.0,3.0434499450803525,0.6108680494895964,0.423928459840307,0.49495414594271087,0.0,0.0,1498.0477661765801,0.018081110902130604,0.173280380681778,4.298546368054425
turbo_lunar_lander_12d,12,ts,logarithmic,standard,375,351,30,1.714836466194589,1.761706190453761,0.6959113082549383,0.12705544051805362,1.5981856430407553,2.1299159409468347,0.0,3.0062176748987435,0.6102484541694876,0.42372933924828377,0.49477318266934134,0.0,0.0,1502.7690637339217,0.018293581980591018,0.005486242286860943,4.326937418896705
turbo_lunar_lander_12d,12,ts,logarithmic,standard,376,352,30,1.6910929705730813,1.747278564145633,0.7042949409916168,0.12858607543929282,1.556245626405207,2.139255196983956,0.0,3.0040844047884576,0.6102231868641829,0.4235401580449176,0.49459727116688923,0.0,0.0,1507.4891526415167,0.018394233503689367,0.005646663686881463,4.315484565574055
turbo_lunar_lander_12d,12,ts,logarithmic,standard,377,353,30,1.6775364889977031,1.7643287882905292,0.7087789690317339,0.12940474320797873,1.4905273851521794,2.124627998714321,0.0,3.0103527603607434,0.6101611123368005,0.42334586754493564,0.49438040936439914,0.0,0.0,1512.1709448606862,0.018226934658984343,0.005667829078932604,4.307105495966971
turbo_lunar_lander_12d,12,ts,logarithmic,standard,378,354,30,1.708227683821357,1.813385495551005,0.6985949205409347,0.12754539884626637,1.521275666830912,2.121111552589292,0.0,3.0255713717185255,0.6100840954561269,0.4231678334741135,0.4941910090227635,0.0,0.0,1516.9005182574658,0.018306785263121128,0.005570740873614947,4.317451701064905
turbo_lunar_lander_12d,12,ts,logarithmic,standard,379,355,30,1.7023723387346839,1.803150388218036,0.7088319415370279,0.12941441462000444,1.4816878821178496,2.1361099220930413,0.0,3.1188563180638718,0.609494222138017,0.4226497079844326,0.4936442733943462,0.0,0.0,1521.9509133801641,0.018303278492142756,0.1766503248674174,4.351276981038973
turbo_lunar_lander_12d,12,ts,logarithmic,standard,38,14,30,1.7842956854460126,1.792598908779011,0.5439069568354036,0.09930336981424641,1.3774177531216654,2.128127971766008,0.6267840314804869,2.7868620001645783,0.6936860074960008,0.5220903221629984,0.5983709081808885,0.0,0.0,81.2553511527367,0.0023913131095468997,0.0012409893640627464,2.127971518008659
turbo_lunar_lander_12d,12,ts,logarithmic,standard,380,356,30,1.6833126130239264,1.7983661688561692,0.7120518829474183,0.13000229280144304,1.5126964735216035,2.1185515840778826,0.0,3.0329095780446877,0.6093640504364647,0.42247822363541737,0.4934967986168804,0.0,0.0,1526.7316456466137,0.01854050421776871,0.005831734867145618,4.34717288739048
turbo_lunar_lander_12d,12,ts,logarithmic,standard,381,357,30,1.6857311326491775,1.7676228469751543,0.706002861518364,0.12889789763893464,1.4946550557542906,2.11321360019277,0.0,3.0223899936699037,0.6092982119511152,0.42229185448061857,0.4932787548602356,0.0,0.0,1531.4007348128905,0.018317929996798436,0.005742939965178569,4.319712976769854
turbo_lunar_lander_12d,12,ts,logarithmic,standard,382,358,30,1.6744140263491758,1.7761720344724252,0.70158502064384,0.1280913139381196,1.51143914540669,2.080993610185812,0.0,3.011728748473863,0.6091877654480468,0.4220870494604822,0.4930393017822924,0.0,0.0,1536.1059405965887,0.018316164333373307,0.005599129479378462,4.345171007731309
turbo_lunar_lander_12d,12,ts,logarithmic,standard,383,359,30,1.682213404379686,1.7792712168119298,0.7091341314876103,0.12946958670419956,1.5352748854120457,2.101262860817876,0.0,3.0177997047918153,0.6090290758181841,0.4218897600383363,0.4928694435825124,0.0,0.0,1540.8725952177929,0.018412165421371657,0.005828230595216155,4.331689085578546
turbo_lunar_lander_12d,12,ts,logarithmic,standard,384,360,30,1.710757060008028,1.8220786975372105,0.7067680726462782,0.1290376054376055,1.5058216248563916,2.142931257771119,0.0,3.0504815548804665,0.6077303109365759,0.4207262162100418,0.4915640534156663,0.0,0.0,1545.9236465482352,0.018684287477905553,0.19357569677134354,4.3423607358243315
turbo_lunar_lander_12d,12,ts,logarithmic,standard,385,361,30,1.6184803090506528,1.816216169586868,0.7502678023967159,0.1369795331808366,1.4348605482127683,2.15042413441748,0.0,2.5839233514586564,0.6075074742244141,0.42056135004027345,0.4914003921275195,0.0,0.0,1550.7732384459737,0.018528918176889418,0.005803299959128102,4.314045700291172
turbo_lunar_lander_12d,12,ts,logarithmic,standard,386,362,30,1.6573721060421414,1.7954647650211408,0.74058309506028,0.13521135562383604,1.47696299039511,2.1698116160677374,0.0,2.582824744509089,0.6074367799854893,0.42039137237854607,0.49115380523483354,0.0,0.0,1555.6356520005813,0.01839176972086231,0.005842186075945695,4.341615417227149
turbo_lunar_lander_12d,12,ts,logarithmic,standard,387,363,30,1.629504844140598,1.8033140816725006,0.7482083513950875,0.1366035305909471,1.4634741599002778,2.151786545475115,0.0,2.5768091466844467,0.6068818914871353,0.42021570481876297,0.4910396738800513,0.0,0.0,1560.4108713506566,0.018456034688279034,0.005906385307510694,4.341370293420429
turbo_lunar_lander_12d,12,ts,logarithmic,standard,388,364,30,1.578352228944499,1.8120528917319423,0.8098261353289923,0.14785334732564012,1.3028217905242536,2.1762174843425575,0.0,2.5753539421182783,0.60684532401543,0.4200421778771959,0.49093096020642163,0.0,0.0,1565.3158482305396,0.01853139167651534,0.005981772439554334,4.300674652975673
turbo_lunar_lander_12d,12,ts,logarithmic,standard,389,365,30,1.570974085213302,1.8207337738307299,0.8111868406344102,0.14810177698893826,1.2766396830744076,2.1953066688385228,0.0,2.579640080087896,0.6084806236123368,0.42148031700234356,0.49249940699780914,0.0,0.0,1570.300303110201,0.01865193705695371,0.18531148314165571,4.291455849120394
turbo_lunar_lander_12d,12,ts,logarithmic,standard,39,15,30,1.721035098900642,1.693444287218484,0.5849684257908352,0.10680013407797574,1.4814167459574574,2.0394391185277803,0.15460401452414407,2.6728828988539304,0.7088720279476652,0.5371060865094728,0.6143452908317868,0.0,0.0,83.68042253896904,0.0024354154864947002,0.00943686617538333,2.105796883425986
turbo_lunar_lander_12d,12,ts,logarithmic,standard,390,366,30,1.527032254436086,1.7581646444065524,0.79072290479728,0.14436559056449338,1.2285845065455498,2.1048609153814306,0.0,2.5802725988500126,0.608302673342502,0.42131447961987967,0.492313580639073,0.0,0.0,1574.9677424988245,0.018476975212494532,0.005863775095591942,4.302879221954694
turbo_lunar_lander_12d,12,ts,logarithmic,standard,391,367,30,1.5610162979951332,1.8266424726137884,0.7941431150017968,0.14499003265796778,1.24945505024898,2.12152640952577,0.0,2.5802062541224835,0.6082445016173103,0.4211410391343723,0.4921787867846057,0.0,0.0,1579.6946308224772,0.018592740672950945,0.0058359751788278425,4.3108040203650795
turbo_lunar_lander_12d,12,ts,logarithmic,standard,392,368,30,1.5619908476079563,1.80564831105637,0.7974428679581145,0.1455924823674243,1.2155067965951922,2.149472166776851,0.0,2.582644775305109,0.6081261266464195,0.4209574978102301,0.4919825425966024,0.0,0.0,1584.5135117579407,0.018703289330005646,0.005851133726537228,4.324769763912385
turbo_lunar_lander_12d,12,ts,logarithmic,standard,393,369,30,1.5404990193431414,1.7551291303755505,0.7901857207918042,0.14426751463205004,1.221098933548731,2.107117748870724,0.0,2.585127812610585,0.6080763929443421,0.4207842749196385,0.4918293193039856,0.0,0.0,1589.4334491371953,0.018581625012060007,0.0060662864707410336,4.302127649324635
turbo_lunar_lander_12d,12,ts,logarithmic,standard,394,370,30,1.5827528688732448,1.8218811217224045,0.802422154027896,0.1465015714676545,1.2868835980378113,2.155694115198658,0.0,2.5869973015673953,0.6065871723913141,0.4202752164359105,0.4912966087318572,0.0,0.0,1594.3975732068066,0.018944213430707655,0.188698713031287,4.2809886301402
turbo_lunar_lander_12d,12,ts,logarithmic,standard,395,371,30,1.5537299941727172,1.8286080481262688,0.7892998797205004,0.1441057829196775,1.2585781251754717,2.1236314209384175,0.0,2.5812243996941664,0.6064247310137557,0.42008322589392494,0.49107666935648303,0.0,0.0,1599.115856061969,0.018819713623573382,0.0060737621504813434,4.287638950487599
turbo_lunar_lander_12d,12,ts,logarithmic,standard,396,372,30,1.5519688438458237,1.7488364791537414,0.7789953228899896,0.14222443684595593,1.3133672168933046,2.1251684814782483,0.0,2.5812243996941664,0.6062634975173443,0.41990159436301144,0.4908817199556085,0.0,0.0,1603.759417266228,0.01890248026077946,0.006058622493098179,4.3076937359602505
turbo_lunar_lander_12d,12,ts,logarithmic,standard,397,373,30,1.5435335177226124,1.7295398739824157,0.792100079534485,0.1446170271208912,1.2854372590953789,2.100344177269384,0.0,2.581824247435449,0.6060922166710879,0.41974605586983754,0.4907686434031412,0.0,0.0,1608.5264610148656,0.01901263150696953,0.006040200653175513,4.340317848573128
turbo_lunar_lander_12d,12,ts,logarithmic,standard,398,374,30,1.5343240693582978,1.7814316115097957,0.7932268201332734,0.1448227408683623,1.2341713195259119,2.1045404023993335,0.0,2.5826474526334664,0.6059756010657494,0.4195581852109218,0.4905561565451401,0.0,0.0,1613.2218580591182,0.019056725005308788,0.0062516801214466495,4.325503900228068
turbo_lunar_lander_12d,12,ts,logarithmic,standard,399,375,30,1.5503542718197751,1.760378715619232,0.7774850985944881,0.14194870887477642,1.4096198017821397,2.110454314929296,0.0,2.5838681521230678,0.6060073549810507,0.41957357081908186,0.49061136104718034,0.0,0.0,1618.133326105463,0.01905463179573417,0.1955716584653904,4.319373327897241
turbo_lunar_lander_12d,12,ts,logarithmic,standard,4,0,30,2.595645094133169,2.564495860183216,0.4117674774771014,0.07517811195373629,2.343690395189023,2.806821168018637,1.789051247974039,3.44375256820605,0.9990418345947157,0.9894573972412446,0.9968310059885063,0.0,0.0,6.633632071657727,0.0,0.0013093747043361266,1.686533525896569
turbo_lunar_lander_12d,12,ts,logarithmic,standard,40,16,30,1.7209214914015654,1.6902723789305338,0.6071699840909507,0.11085356550888885,1.4216528655894927,2.1118440629471245,0.3456849651706779,2.741674049027099,0.7070676748690109,0.535012021334328,0.6122860381794887,0.0,0.0,86.23679402011136,0.003045457974076271,0.0012591246360292038,2.1098923704586925
turbo_lunar_lander_12d,12,ts,logarithmic,standard,400,376,30,1.5635420384735923,1.7977965147491357,0.7743345079882474,0.14137349235994245,1.3760913558378396,2.1020889694410205,0.0,2.5838681521230678,0.6058600304393611,0.41939247133496516,0.4903773630323779,0.0,0.0,1622.8711354944544,0.0191319541229556,0.006130338863780101,4.298521368019283
turbo_lunar_lander_12d,12,ts,logarithmic,standard,41,17,30,1.7265802090619828,1.6382875039733853,0.5673977357671479,0.10359217965234091,1.4318216658266416,2.094549674904145,0.43418610608010644,2.726553136746196,0.7059618490868841,0.5330549554218914,0.6101540728727451,0.0,0.0,88.72415304540966,0.0026481953915208577,0.0012818153481930494,2.166937120584771
turbo_lunar_lander_12d,12,ts,logarithmic,standard,42,18,30,1.7043810710486424,1.6830243097785682,0.5536468376955002,0.10108162063240898,1.410856199999889,2.0426755930084597,0.2969255034847216,2.7076670070585207,0.7046521090370349,0.5312085821017822,0.6080461439283221,0.0,0.0,91.2847271321807,0.0027196685473124186,0.001224892974520723,2.2169365454620373
turbo_lunar_lander_12d,12,ts,logarithmic,standard,43,19,30,1.7667401258030762,1.7277128694849546,0.5822825020114996,0.10630975373074852,1.4880044637426857,2.1249167114261054,0.3283386666160748,2.7191600854050275,0.7036321191802151,0.5293287849642818,0.6061380985076789,0.0,0.0,93.92641018245679,0.0027953933148334425,0.0012293436409284671,2.211694235835845
turbo_lunar_lander_12d,12,ts,logarithmic,standard,44,20,30,1.7820283130471237,1.7536451289025514,0.5802134881653837,0.10593200521231246,1.3561060930124869,2.201651165977386,0.7395166358299072,2.7661307463662586,0.7005955915176042,0.5271132824599655,0.6035247767174912,0.0,0.0,96.64184340496237,0.0029741614125669003,0.009683678842460115,2.2528380758749944
turbo_lunar_lander_12d,12,ts,logarithmic,standard,45,21,30,1.8854683327364243,1.9398116260284914,0.7038253198087938,0.128500334734188,1.3942136403518135,2.2907514028980716,0.572369089320008,4.042386620121205,0.6993500265556513,0.5252733812460282,0.6018478370982094,0.0,0.0,99.44258544134597,0.0029990766818324727,0.0012843918520957232,2.4036057635986556
turbo_lunar_lander_12d,12,ts,logarithmic,standard,46,22,30,1.946493863451034,1.869348148371264,0.6609024805198032,0.1206637322972716,1.4624528425108752,2.163704298882316,0.8750624156638553,3.949793209485393,0.6972543535438572,0.5234616754278061,0.5998276967432863,0.0,0.0,102.26418989480784,0.0030500422387073436,0.001246715725089113,2.4570682912599295
turbo_lunar_lander_12d,12,ts,logarithmic,standard,47,23,30,1.8684297497131737,2.0192868134450315,0.6039631827792117,0.11026808637026331,1.5159567846489326,2.2450040040858785,0.0,2.997447269117947,0.6954702234976508,0.5218084256212303,0.5979399778470399,0.0,0.0,105.17491495171562,0.0031288788343469304,0.0012446732260286808,2.5101195341597
turbo_lunar_lander_12d,12,ts,logarithmic,standard,48,24,30,1.847939354091271,1.8686238133137283,0.6714137374385716,0.12258281647131884,1.490503450502528,2.233037402716138,0.0,3.794318396260622,0.6942862160427477,0.5201297736539591,0.5961991711150824,0.0,0.0,107.97861995489026,0.0032202948971341056,0.0012608730234205724,2.4958929184358567
turbo_lunar_lander_12d,12,ts,logarithmic,standard,49,25,30,1.668192087255661,1.7305185002099044,0.5752926018884151,0.10503357840670803,1.354259151102354,1.948021137282187,0.07724414648216116,2.8459832308613935,0.7040014014305885,0.5272984350931932,0.604943006322758,0.0,0.0,111.06151827573777,0.003639763919636607,0.009843467315658928,2.6651572633224228
turbo_lunar_lander_12d,12,ts,logarithmic,standard,5,0,30,2.5186555437315987,2.4763517558143135,0.40486694848409394,0.07391825349100675,2.3297896836775625,2.7074990324575405,1.8046623785139477,3.4967428332889448,0.9988791369565952,0.9872952692566848,0.996150874403876,0.0,0.0,8.7585702285481,0.0,0.0012636112670103708,1.7975533905594299
turbo_lunar_lander_12d,12,ts,logarithmic,standard,50,26,30,1.7902229205492912,1.7686414007063527,0.5328899559193813,0.09729194984165958,1.4673656464391382,2.18248081846635,0.9881071986455594,3.0501494380055822,0.7023384108200006,0.5257510389523777,0.6032832944559323,0.0,0.0,114.24992874848346,0.0034357170729587476,0.0013003343250602485,2.631646791224678
turbo_lunar_lander_12d,12,ts,logarithmic,standard,51,27,30,1.7983614465114326,1.6993652456824977,0.5421287718631314,0.09897871914066968,1.397408904557071,2.208682709512636,0.9676775894081695,3.0703824053738726,0.70136636292872,0.524282993062953,0.6017719341587917,0.0,0.0,117.24992278316059,0.003454048652201891,0.0012407917529344559,2.6652052234858274
turbo_lunar_lander_12d,12,ts,logarithmic,standard,52,28,30,1.7350094843243997,1.729137882808574,0.5875514750625829,0.10727173219573691,1.361393254602892,2.1610974136193515,0.3985974546863229,2.9137134021109445,0.6992577980441336,0.5227417883344131,0.6000418015642814,0.0,0.0,120.41192237857419,0.0035341669184466204,0.0012680747546255588,2.6871548923663795
turbo_lunar_lander_12d,12,ts,logarithmic,standard,53,29,30,1.763633184828014,1.8117253700200684,0.639459860982728,0.11674886349311925,1.3403111301969888,2.1668706121401473,0.0,2.9359944661971182,0.6979665275999033,0.5214592195539071,0.5984597559975088,0.0,0.0,123.57525619377071,0.0036454164888709783,0.0012750411871820689,2.7120186725476136
turbo_lunar_lander_12d,12,ts,logarithmic,standard,54,30,30,1.7631197949562236,1.7636714784583183,0.81005783248661,0.14789564924555249,1.2634921372739152,2.2218338844202306,0.0,3.7310056059174457,0.6984620551501417,0.5227244363198535,0.5995569401665777,0.0,0.0,126.70148745742627,0.0037842861842364074,0.010160999977961183,2.6809280167954666
turbo_lunar_lander_12d,12,ts,logarithmic,standard,55,31,30,1.759245996867674,1.744260640815482,0.7706519071192743,0.14070114450453422,1.3134426539461044,2.13132313418432,0.0,3.503606047099957,0.6969515831275006,0.5213898596242127,0.5982899085226728,0.0,0.0,129.71897777581276,0.003815886036803325,0.0012853683903813363,2.709147054127728
turbo_lunar_lander_12d,12,ts,logarithmic,standard,56,32,30,1.7502351377266356,1.6947632653274227,0.8395063056797377,0.15327218026287323,1.293052182451587,2.177610960622096,0.0,4.151002494140676,0.6958952091040788,0.5199528247095521,0.5967945614632028,0.0,0.0,132.7704379654179,0.0039699759023884935,0.0012898138569047053,2.7173319888301193
turbo_lunar_lander_12d,12,ts,logarithmic,standard,57,33,30,1.7583265584601047,1.7090486177698105,0.8699216864120594,0.1588252436369401,1.24043525760879,2.075696461696099,0.0,4.570312617559553,0.6946502602493039,0.518586446211433,0.5952490442312334,0.0,0.0,135.79851278063532,0.004430275643244386,0.0012903332244604826,2.6538714775349943
turbo_lunar_lander_12d,12,ts,logarithmic,standard,58,34,30,1.7595439621234483,1.6716055951304358,0.8398014065172476,0.15332605805802083,1.366661910548629,2.1366004187400893,0.0,4.455175467898542,0.6940466105722174,0.5173108643164103,0.5938743600381716,0.0,0.0,138.79578908213105,0.0045645590871572495,0.001320434920489788,2.648209006059915
turbo_lunar_lander_12d,12,ts,logarithmic,standard,59,35,30,1.7533585723703071,1.7881145135087146,0.8142408393777076,0.14865935832303706,1.374563554040286,2.112926110382765,0.0,4.5230030330866136,0.6941423411798979,0.5184814977310802,0.5948533634178762,0.0,0.0,141.8944966127475,0.004864155501127243,0.010604908705378573,2.758068404253572
turbo_lunar_lander_12d,12,ts,logarithmic,standard,6,0,30,2.3084718727678397,2.36476569851388,0.4032448147561484,0.07362209374631151,2.054919774827458,2.6530246449068597,1.370461264376363,2.9507006614595364,0.9986889384325536,0.9852275100876212,0.995148893418597,0.0,0.0,10.968858859470735,0.0,0.0011795000173151493,1.8600252983781198
turbo_lunar_lander_12d,12,ts,logarithmic,standard,60,36,30,1.7414407757436845,1.7726626911851289,0.7957421504187023,0.14528197524733075,1.3562247755229495,2.0278094044781905,0.0,4.445877238205303,0.6920746164283216,0.5173492257343756,0.5938785305837964,0.0,0.0,144.99522933278544,0.005914595738674203,0.0012982746275762716,2.778711004415527
turbo_lunar_lander_12d,12,ts,logarithmic,standard,61,37,30,1.7512660091288568,1.7014321692199694,0.7342684527769662,0.1340584649501204,1.4283574961774566,2.002069609604962,0.0,4.59264991303194,0.6917418729653106,0.5162396985012769,0.5926993637065389,0.0,0.0,148.18126641325654,0.0054230522364377975,0.0013217929285019637,2.827265515985588
turbo_lunar_lander_12d,12,ts,logarithmic,standard,62,38,30,1.6753880541100081,1.7086684183722232,0.5267692620853511,0.09617446914816588,1.4241100111278544,2.0621385538196586,0.0,2.5061821962909487,0.6903467049940083,0.5149720224161817,0.5914586080734158,0.0,0.0,151.50974892908707,0.005468660639598966,0.001335124485194683,2.8475715689516314
turbo_lunar_lander_12d,12,ts,logarithmic,standard,63,39,30,1.6919990045486302,1.7384845087099103,0.5439930573661198,0.09931908954854189,1.3105756763948468,2.0702430433685253,0.0,2.599083679461826,0.6897811697130204,0.5137510451096153,0.590189949224072,0.0,0.0,154.69576298828858,0.005688693995277087,0.0013114016968756915,2.8642860282057274
turbo_lunar_lander_12d,12,ts,logarithmic,standard,64,40,30,1.690915973742363,1.5736232908309518,0.4356194224845688,0.07953286139405716,1.3835498277702891,2.0339228174347515,0.8778252997148035,2.5963256701744495,0.6967538386777554,0.5196962149421533,0.5965030100959541,0.0,0.0,157.9776635686246,0.005796451789016525,0.010899189192180832,2.8716131537842253
turbo_lunar_lander_12d,12,ts,logarithmic,standard,65,41,30,1.6313559535572062,1.6579052407755226,0.5625308617711098,0.10270361409495245,1.2720534220120372,2.011420354456065,0.0,2.934739702143125,0.6961901078325136,0.5184289893941206,0.5952823429684826,0.0,0.0,161.26665425472893,0.005892601034914454,0.0013194678351283074,2.8391377920750527
turbo_lunar_lander_12d,12,ts,logarithmic,standard,66,42,30,1.7802489069384753,1.687587446402261,0.4898094730164499,0.08942656575027585,1.4846412036016283,2.2107870000374454,0.7815604059150056,2.967299839675466,0.6957667516739571,0.5172993850559642,0.5940493325496198,0.0,0.0,164.51639636155838,0.006142979208379984,0.0013653396007915338,2.8398131235037
turbo_lunar_lander_12d,12,ts,logarithmic,standard,67,43,30,1.745299768270164,1.7289966788394957,0.49472210465739763,0.09032348547242942,1.352583908272945,2.1205210947102886,0.9727680156151235,3.076518882199476,0.6953717347910083,0.5160681049210638,0.5928979089056539,0.0,0.0,167.71968373470008,0.006096876272931695,0.0013474696005384126,2.8254039048062016
turbo_lunar_lander_12d,12,ts,logarithmic,standard,68,44,30,1.7077160579979889,1.6693204574826583,0.5067947885750471,0.09252764590953824,1.395584050429799,2.125291157345784,0.8227934426965877,2.943943050069319,0.6947732361135561,0.5149196999477201,0.5917291877317178,0.0,0.0,170.78987859909734,0.006302256137132645,0.0013596176945914825,2.7456973356970895
turbo_lunar_lander_12d,12,ts,logarithmic,standard,69,45,30,1.6799802334782945,1.6762773059122429,0.48992564688062823,0.08944777609894353,1.3351229288644206,2.056236915546128,0.831069091326196,2.914514290503857,0.6935070320470641,0.512423528634788,0.5890993571115993,0.0,0.0,173.85704090025587,0.006389040065308412,0.011321274920677145,2.734672618548696
turbo_lunar_lander_12d,12,ts,logarithmic,standard,7,0,30,2.2751123220801306,2.3498772115953983,0.4162612493480644,0.07599855869440583,2.0168504798675264,2.650432691357252,1.226591411538858,2.8418783410367388,0.9984683090997225,0.9834494317198244,0.9943849095892785,0.0,0.0,13.151217986426007,0.0,0.001193046336993575,1.8723292250651866
turbo_lunar_lander_12d,12,ts,logarithmic,standard,70,46,30,1.7087335546663016,1.738622474032245,0.5376234029058475,0.09815615507140706,1.345353831649867,2.04601902974387,0.4947241581916071,2.949790325069424,0.6923502541277942,0.5113761668349378,0.5880486954787564,0.0,0.0,176.99450398337407,0.006570114040126403,0.0013787347512940566,2.735509821524223
turbo_lunar_lander_12d,12,ts,logarithmic,standard,71,47,30,1.6757385041054842,1.6869081160731865,0.4943194929627898,0.09024997897007873,1.3509961311693433,1.9201784280290104,0.5818712769913106,2.9262029008131685,0.690663784322788,0.5103146219304402,0.5870058571555925,0.0,0.0,180.11250830851495,0.0067173023397723835,0.0013711629124979177,2.7542045458219944
turbo_lunar_lander_12d,12,ts,logarithmic,standard,72,48,30,1.698192038003023,1.7164426295397202,0.49123854322793964,0.08968747708063973,1.4404146407554306,1.9245887414009484,0.6524981222161597,2.899900446013649,0.6896435549155276,0.509302376612355,0.5859402108883714,0.0,0.0,183.25637871980047,0.00685336774525543,0.0013570206705480815,2.7556684935310236
turbo_lunar_lander_12d,12,ts,logarithmic,standard,73,49,30,1.6882801691827654,1.6849037977100547,0.5249696378334582,0.0958459042155675,1.4265868169105365,1.9060447633268962,0.5342641594445827,2.72128600706325,0.6891075949001144,0.5082745050585279,0.5849824252013314,0.0,0.0,186.28517332348662,0.007624095988770326,0.0013610701076686381,2.7126400407403706
turbo_lunar_lander_12d,12,ts,logarithmic,standard,74,50,30,1.604553213163442,1.6409372568207141,0.5240451913086559,0.09567712414395368,1.339160379867819,1.9189147893808822,0.3984950020617495,2.8848389183833874,0.688407667521442,0.5076477558433232,0.5843008027301877,0.0,0.0,189.45323973144406,0.00697283761886259,0.012179662644242247,2.854865621263161
turbo_lunar_lander_12d,12,ts,logarithmic,standard,75,51,30,1.5772828612282102,1.6211723886185032,0.5526685350464577,0.1009030078227598,1.2820585886435927,1.9380442624227578,0.2243977660461458,2.780442944776368,0.6877167240467138,0.5066127593482528,0.5832428484023786,0.0,0.0,192.69462494311543,0.007118680545439323,0.0013668127047518888,2.8645234329625966
turbo_lunar_lander_12d,12,ts,logarithmic,standard,76,52,30,1.6653490896914325,1.7255313480652719,0.5936999286792964,0.10839428110895298,1.2433892793590238,2.013546878640525,0.20610994053172527,2.938795669640304,0.6872096934739921,0.5056426955362758,0.5822490104699765,0.0,0.0,196.02371881290648,0.00728040070583423,0.0013898984839518865,2.898355032612259
turbo_lunar_lander_12d,12,ts,logarithmic,standard,77,53,30,1.7018101648525763,1.72018890982016,0.49929856891290425,0.09115902970788178,1.3775244723156823,2.0299768936886986,0.7650848250451747,2.8752663710509316,0.6867605571001665,0.504626104367192,0.581137598326156,0.0,0.0,199.19423027688947,0.007393752038478851,0.0014046246651560068,2.852633239872133
turbo_lunar_lander_12d,12,ts,logarithmic,standard,78,54,30,1.6285884810223805,1.6524882921668769,0.5824779633094609,0.10634543991808608,1.2964475239763003,2.029249448572729,0.0,2.815367641195584,0.6862826047769717,0.5035531459771085,0.5800001761440213,0.0,0.0,202.53220116452624,0.00752410584439834,0.0013718082879980405,2.9179097613474974
turbo_lunar_lander_12d,12,ts,logarithmic,standard,79,55,30,1.6813058656626862,1.659121685769609,0.4775202562433254,0.08718287200337214,1.4811529379441901,2.0301614761997335,0.6259014080246823,2.5644546087507263,0.6888390309649994,0.5060107508646123,0.5827180430553365,0.0,0.0,205.80140629024245,0.007740272985150416,0.012765616985658805,2.8987894668864707
turbo_lunar_lander_12d,12,ts,logarithmic,standard,8,0,30,2.2239840506496247,2.22600281822161,0.4200166296630616,0.07668419419791743,1.9900331339095296,2.6590745569009444,1.1804013694844409,2.828253016420003,0.998126022348572,0.9816567420505923,0.9934316337672878,0.0,0.0,15.395162963711966,0.0,0.00117540725817283,1.9203998623571048
turbo_lunar_lander_12d,12,ts,logarithmic,standard,80,56,30,1.6550688162224925,1.619656199071326,0.5196739299601025,0.0948790446621693,1.3389002969338843,2.1032173964914285,0.6915772566739848,2.575335827427401,0.6883075408950645,0.5051282386228888,0.5819627022117115,0.0,0.0,209.07529561308522,0.007899066992104053,0.0013955218717455864,2.8875621115012717
turbo_lunar_lander_12d,12,ts,logarithmic,standard,81,57,30,1.667407416790899,1.6136350713280239,0.49052097430692443,0.08955646751910484,1.3041912343488304,2.031887355724963,0.7106408445617387,2.529954302254633,0.6876512226060315,0.5042992646345967,0.5811624362312643,0.0,0.0,212.43131919872636,0.007969024296229085,0.001433810389911135,2.9397157640662046
turbo_lunar_lander_12d,12,ts,logarithmic,standard,82,58,30,1.6625945563846132,1.5871769337224,0.474719375102083,0.08667150340938906,1.3155105034223888,2.122665640827647,0.8012030526800473,2.6035567963187,0.6873380660210062,0.5034100537308063,0.5801858591264863,0.0,0.0,215.7736314651401,0.008081187587231397,0.0014353780852009853,2.9966891321353613
turbo_lunar_lander_12d,12,ts,logarithmic,standard,83,59,30,1.6234838093891901,1.6005195485630594,0.4790365365950896,0.0874597056540932,1.1824296009394728,2.029598921088881,0.7948318838986423,2.6389303289428194,0.6863879382452235,0.5024752268794851,0.579185207850919,0.0,0.0,219.36196872748744,0.008277886174619197,0.001430575471992294,3.0803753859673937
turbo_lunar_lander_12d,12,ts,logarithmic,standard,84,60,30,1.6550306684421234,1.5745816472122103,0.4301917845027253,0.07854191480851466,1.4077908904771876,2.0088541297566613,0.7765949195068516,2.3779458485970735,0.6904924540093101,0.5075711061004314,0.5845191873698746,0.0,0.0,222.7361039830682,0.008421044113735359,0.013054754569505651,3.009316660106803
turbo_lunar_lander_12d,12,ts,logarithmic,standard,85,61,30,1.6436907600610928,1.6574350809745497,0.48132331139849605,0.08787721170201324,1.284940133220815,1.9988579052427808,0.7157603631017164,2.3724923240520246,0.6891890742786494,0.5066857451209693,0.5836842667921468,0.0,0.0,226.24900003817552,0.00867638853378594,0.0014801437966525555,3.1681556640968966
turbo_lunar_lander_12d,12,ts,logarithmic,standard,86,62,30,1.7130248457656276,1.590997447486369,0.5274867346119895,0.0963054611105759,1.4006013968333277,2.20995176206318,0.860459414381542,2.6990730493515516,0.687525935085586,0.5058996681170889,0.5827644359774271,0.0,0.0,229.74611892128985,0.008797593756268422,0.0014669960209478935,3.1206221802315364
turbo_lunar_lander_12d,12,ts,logarithmic,standard,87,63,30,1.6777942766692884,1.587231000690036,0.5363366212580438,0.0979212219597118,1.2881611432093796,2.2154140322984843,0.6832719492530872,2.6059291100452935,0.6871279913764756,0.5050109558556181,0.5819195468266426,0.0,0.0,233.19985445709898,0.008864087099209429,0.0015723645531882842,3.103179535626744
turbo_lunar_lander_12d,12,ts,logarithmic,standard,88,64,30,1.691402058149715,1.632300009991945,0.5013530664104608,0.09153412791579833,1.2587250563730632,1.9845846838163181,0.9509301735202091,2.7027810071740492,0.6859677680492476,0.5041315801639314,0.5809845271764137,0.0,0.0,236.88062085690908,0.013091335957869887,0.0014971304995318254,3.277985404571518
turbo_lunar_lander_12d,12,ts,logarithmic,standard,89,65,30,1.6990591494134153,1.6783986107851132,0.49550426441044765,0.09046628765253548,1.3847419065080766,2.0567286998924263,0.8146811547009285,2.6610245852322643,0.6947437787658136,0.512377135834129,0.58970518506589,0.0,0.0,240.5371266879762,0.013073048259442051,0.013829870615154505,3.256968892039731
turbo_lunar_lander_12d,12,ts,logarithmic,standard,9,0,30,2.226785806187293,2.2321246182726253,0.40263022331401005,0.07350988521414191,2.026735734028776,2.5956853505895654,1.2068822227109028,2.830434890547302,0.9978353826675902,0.9800721250901048,0.992844278903608,0.0,0.0,17.61165121550051,0.0,0.0012202749804904065,1.8880814017883192
turbo_lunar_lander_12d,12,ts,logarithmic,standard,90,66,30,1.6926272723268052,1.666570837581003,0.49182517064070275,0.08979458010291348,1.3737678741008361,2.0559923232932173,0.9071422043323407,2.7239673329767227,0.6944067478358158,0.5115555680953642,0.5887973808646311,0.0,0.0,244.25712404806788,0.013058919692412019,0.0014634232657651106,3.266552404081449
turbo_lunar_lander_12d,12,ts,logarithmic,standard,91,67,30,1.6003941241321558,1.5611434336649808,0.5254714034320419,0.09593751366120896,1.1723267393826284,1.9642041754769877,0.7155634587179784,2.731225566166085,0.6933183037759088,0.5106350887357679,0.5878186355925481,0.0,0.0,248.03038264160665,0.013052323134616017,0.0015006088030834993,3.266670642529304
turbo_lunar_lander_12d,12,ts,logarithmic,standard,92,68,30,1.5965816150520167,1.5971321221859676,0.565401133575916,0.10322765163284026,1.2654253547715089,1.9208616980584976,0.0,2.8305221395426776,0.6925579305110833,0.509724622343193,0.5868616445615902,0.0,0.0,251.60573570301446,0.013098034091914694,0.001501296740025282,3.2637576640738795
turbo_lunar_lander_12d,12,ts,logarithmic,standard,93,69,30,1.6200514177950678,1.5724711703665468,0.4874371470360278,0.08899344026586495,1.3233716167925562,1.8517601440530274,0.7576615762261685,2.655606850002324,0.6918644183301317,0.5088692662580966,0.5860682031483027,0.0,0.0,255.40174802273202,0.013062672829255462,0.0014832047435144582,3.348797410198798
turbo_lunar_lander_12d,12,ts,logarithmic,standard,94,70,30,1.6224048682380492,1.5564348518543425,0.48985634082657237,0.08943512260255085,1.3356928347519208,1.8353433303838083,0.9022766894045084,2.8106737179426737,0.6897833903047285,0.5066272840298528,0.5838202389352923,0.0,0.0,259.0806438740343,0.013098014425486327,0.014209235987315575,3.3165455852945644
turbo_lunar_lander_12d,12,ts,logarithmic,standard,95,71,30,1.6994860448039482,1.5927664021465282,0.526649082392668,0.09615252743862036,1.3205316175920725,2.083538502217344,0.9678533754050185,2.8539022302867583,0.6892436506002023,0.5057886591999394,0.5828480054102488,0.0,0.0,262.7723767998784,0.013176252335930864,0.0015457971642414729,3.270018807658926
turbo_lunar_lander_12d,12,ts,logarithmic,standard,96,72,30,1.6226471134640315,1.5801155480604634,0.527421620412266,0.09629357293857509,1.180896927214064,1.8528506975158063,0.9520457214219049,2.6753169507249406,0.6882749734645086,0.5050013590916186,0.581971988713715,0.0,0.0,266.3408770787219,0.013138444256037473,0.0014941729915638766,3.2049121652108927
turbo_lunar_lander_12d,12,ts,logarithmic,standard,97,73,30,1.6331249690660021,1.5255773904568533,0.5204270985429849,0.09501655380298558,1.3122220424206874,1.9169702594581761,0.7215710639142918,2.66737344355107,0.6872426139492911,0.5041774303180442,0.5809412769721496,0.0,0.0,269.9307616520673,0.013134411613767346,0.001535153497631351,3.181616066892942
turbo_lunar_lander_12d,12,ts,logarithmic,standard,98,74,30,1.6042872592516166,1.627037008648859,0.5919136188261985,0.1080681470418745,1.2366588613316596,2.064199367203431,0.0,2.6213022538461015,0.6866460756333503,0.5035253314004503,0.580466713904905,0.0,0.0,273.4283560679915,0.01309855046371619,0.001521888142451644,3.086002544593066
turbo_lunar_lander_12d,12,ts,logarithmic,standard,99,75,30,1.728662718914035,1.6439114796660035,0.5068687400439686,0.09254114753876791,1.3607614316854706,2.0829838672338092,0.8400015298095436,2.692372480193349,0.6846131781504223,0.5019697066807194,0.578756372271548,0.0,0.0,277.0098035262277,0.013162843029325208,0.01477332344899575,3.169279333918045
