objective,dimension,acquisition,beta_mode,policy,iteration,bo_iteration,n_seeds,mean_inference_regret,median_inference_regret,std_inference_regret,sem_inference_regret,q25_inference_regret,q75_inference_regret,min_inference_regret,max_inference_regret,mean_max_posterior_std,mean_mean_posterior_std,mean_q90_posterior_std,mean_cumulative_pe_calls,mean_cumulative_mode_transitions,mean_cumulative_wall_time_seconds,mean_selection_time_seconds,mean_gp_fit_time_seconds,mean_recommendation_time_seconds
turbo_lunar_lander_12d,12,ucb,constant,decay_uniform_grid_a1,1,0,30,3.310651109298576,3.283904957447192,0.580644939743358,0.10601077713288837,3.052659635642117,3.600539664830276,2.2276699670828726,4.534419415344451,0.9999703333578658,0.9972378949702652,0.9997470325374905,0.0,0.0,0.8782297977867226,0.0,0.0013728305387000243,0.46997477939973276
turbo_lunar_lander_12d,12,ucb,constant,decay_uniform_grid_a1,10,0,30,2.22363944070666,2.237736932043511,0.389172751593094,0.07105289827129739,1.9972427935898305,2.560782715833177,1.4562514051970976,2.7919025174092806,0.9975692102752459,0.9785407233685759,0.9921383172057798,0.0,0.0,26.801559229117508,0.0,0.0014524897560477257,2.658673283504322
turbo_lunar_lander_12d,12,ucb,constant,decay_uniform_grid_a1,100,76,30,0.6946128149418427,0.7290896374536847,0.6121911132400455,0.11177029407525749,0.0,1.1130315216663629,0.0,1.805403294794866,0.855283863511716,0.7371670588895705,0.7936069788099835,9.666666666666666,15.733333333333333,468.18375282011306,0.9337697072575489,0.0017783686984330417,3.164154193038121
turbo_lunar_lander_12d,12,ucb,constant,decay_uniform_grid_a1,101,77,30,0.7149589116530012,0.6906289999173709,0.622440135058834,0.11364150088942852,0.0,1.1381480079627737,0.0,1.7949914865244447,0.8550550919594146,0.7368672329155643,0.7933343807414566,9.766666666666667,15.933333333333334,473.7129767284884,0.9367819918940464,0.0017565513029694558,3.206991710405176
turbo_lunar_lander_12d,12,ucb,constant,decay_uniform_grid_a1,102,78,30,0.7343872359556868,0.8313702988067612,0.6333954161276175,0.11564165241115587,0.0,1.1169910731012882,0.0,1.819033434198477,0.8548792251348538,0.7367179157143544,0.7931839317894389,9.8,16.066666666666666,479.3462957613481,1.0404685541211316,0.0017383877187967301,3.3144855696552744
turbo_lunar_lander_12d,12,ucb,constant,decay_uniform_grid_a1,103,79,30,0.6784048450582013,0.6616789650408064,0.5979166174794951,0.10916413963356905,0.0,1.099084961760181,0.0,1.8389976759020636,0.8547959804307281,0.7365621010326354,0.7930491192091443,9.866666666666667,16.166666666666668,485.22827822764714,0.9481204727509369,0.0018310495652258396,3.3714022845340272
turbo_lunar_lander_12d,12,ucb,constant,decay_uniform_grid_a1,104,80,30,0.7140902081250394,0.7579738692965236,0.6070011252095134,0.11082273623608942,0.0,1.128344487968374,0.0,1.8328874391764174,0.855185110080477,0.7371916055632617,0.7934651348702987,9.9,16.266666666666666,490.9193775766684,1.0974857052788138,0.02163509982638061,3.2967485994721453
turbo_lunar_lander_12d,12,ucb,constant,decay_uniform_grid_a1,105,81,30,0.706883250886663,0.7740169207158044,0.6101629765857901,0.11140000867684458,0.0,1.1074801792473363,0.0,1.8387489984085064,0.8551301491563916,0.7369202829181788,0.7931961505114302,9.966666666666667,16.366666666666667,496.4193372164698,1.0963565081978837,0.001814608679463466,3.1070897112755724
turbo_lunar_lander_12d,12,ucb,constant,decay_uniform_grid_a1,106,82,30,0.6614869169070335,0.7116830674048693,0.5938568560809664,0.1084229320015481,0.0,1.066200731098161,0.0,1.807148820296228,0.8551201021164753,0.7368358633714277,0.7931671649438763,10.0,16.466666666666665,502.1719403951429,1.0398942382695775,0.0018183968650798002,3.2146328896284104
turbo_lunar_lander_12d,12,ucb,constant,decay_uniform_grid_a1,107,83,30,0.7070607940489904,0.7146433773067846,0.6239709409902754,0.1139209865360329,0.0,1.096880768343701,0.0,1.8742668706687617,0.8550692702012107,0.7366055938603596,0.7928943364354558,10.1,16.6,507.5417280365092,0.9682084135555973,0.001819137204438448,3.1847021003564198
turbo_lunar_lander_12d,12,ucb,constant,decay_uniform_grid_a1,108,84,30,0.7450717773711181,0.8958041298756093,0.6235164989435615,0.11383801714934491,0.0,1.1256375673498034,0.0,1.903907083174772,0.8550115509967638,0.7363927502659805,0.7927626254727612,10.2,16.8,513.0116455461209,0.9657240154842536,0.0018546831794083118,3.180060305725783
turbo_lunar_lander_12d,12,ucb,constant,decay_uniform_grid_a1,109,85,30,0.7138025442974916,0.7141869317983864,0.5963139814054481,0.10887153965716004,0.0,1.146757248587202,0.0,1.9161618414081878,0.8611893702477171,0.745133005665233,0.8002122930511064,10.3,16.933333333333334,518.3730786069917,0.9334991192600379,0.024370103018979232,3.2481233049494525
turbo_lunar_lander_12d,12,ucb,constant,decay_uniform_grid_a1,11,0,30,2.2039395465044658,2.2537721007319247,0.40585783873010195,0.07409916447092356,1.9774190634865962,2.5267119990292883,1.0662318150143433,2.775831557357914,0.9974193191914803,0.9770600576717418,0.9914932065434111,0.0,0.0,29.929244618862867,0.0,0.0014990369944522777,2.7241804353892802
turbo_lunar_lander_12d,12,ucb,constant,decay_uniform_grid_a1,110,86,30,0.6545122530857134,0.610405362477017,0.6056879180573769,0.11058297850945531,0.0,1.136019157986199,0.0,1.9067312249395518,0.8611710929194973,0.7450501255101071,0.8001444466280695,10.3,17.033333333333335,523.9914589277779,1.0073996598521868,0.0018327592251201471,3.1837532602095355
turbo_lunar_lander_12d,12,ucb,constant,decay_uniform_grid_a1,111,87,30,0.666909250682772,0.6401675130151885,0.6075712980134096,0.11092683507154605,0.0,1.0653963826419603,0.0,1.8792458426708658,0.8609839266774965,0.7447628565235004,0.7998509502058744,10.433333333333334,17.166666666666668,529.2515956701711,0.874637861813729,0.001896810345351696,3.280568152278041
turbo_lunar_lander_12d,12,ucb,constant,decay_uniform_grid_a1,112,88,30,0.703477734805741,0.7740319754085779,0.6155212218120928,0.11237828593654137,0.0,1.0819296002409635,0.0,1.8891474807367572,0.8608374431046139,0.7446500200865631,0.7997691454474452,10.533333333333333,17.4,535.0820515157034,0.9940233774793644,0.0018856198992580175,3.278497727867216
turbo_lunar_lander_12d,12,ucb,constant,decay_uniform_grid_a1,113,89,30,0.6941359272446782,0.740313464673578,0.591721063427217,0.1080329913966773,0.0,1.0755664124715374,0.0,1.864830484719897,0.8606743894209714,0.7445446659903577,0.7996404370996627,10.533333333333333,17.5,540.586534269092,1.0644028999377042,0.001961705693975091,3.2937065723352132
turbo_lunar_lander_12d,12,ucb,constant,decay_uniform_grid_a1,114,90,30,0.710242994047778,0.7180475040006259,0.6146079033124449,0.11221153755506005,0.0,1.0960365529208442,0.0,1.8799290379732965,0.8631943030853939,0.7480841520382656,0.8027199672620972,10.533333333333333,17.5,546.4113471296306,1.0961061336720983,0.02676911943902572,3.3979513242685546
turbo_lunar_lander_12d,12,ucb,constant,decay_uniform_grid_a1,115,91,30,0.6702451614014492,0.6993633346950675,0.5878457383394587,0.10732545707393368,0.0,1.1010293372011273,0.0,1.8410741869873184,0.8631085042338181,0.7479983285911681,0.8026619529169478,10.533333333333333,17.5,552.4594519791193,1.0908036396217844,0.0019135985368241867,3.2697120972909035
turbo_lunar_lander_12d,12,ucb,constant,decay_uniform_grid_a1,116,92,30,0.6654626913524496,0.6708642165904686,0.5624860351900165,0.10269542991840556,0.0,1.0634750624616527,0.0,1.8364798525312072,0.8627970940800916,0.7477761003477597,0.8024360738005513,10.633333333333333,17.6,557.8347824933318,0.9132494290669759,0.0020136911422014236,3.326665805699304
turbo_lunar_lander_12d,12,ucb,constant,decay_uniform_grid_a1,117,93,30,0.6785440288547783,0.7566454651143711,0.584577098664732,0.10672868784653226,0.0,1.130022192072151,0.0,1.8457843351895777,0.8620553772815434,0.7475607722423085,0.8022880449955828,10.7,17.766666666666666,563.4454615655045,0.9912967559105407,0.0019754911462465923,3.3274483951274307
turbo_lunar_lander_12d,12,ucb,constant,decay_uniform_grid_a1,118,94,30,0.65333629096098,0.7380552021020523,0.5735492285116958,0.10471528343184698,0.0,1.0683412232904452,0.0,1.8458134008473062,0.8617940574898699,0.7474451903461117,0.8022244225077287,10.733333333333333,17.866666666666667,569.3239541789361,1.004105889905865,0.0020290789970507225,3.441506638455515
turbo_lunar_lander_12d,12,ucb,constant,decay_uniform_grid_a1,119,95,30,0.6567226857620657,0.6644402722323195,0.584220857198528,0.1066636473508794,0.0,1.1167684483833342,0.0,1.8648294974986257,0.8582762117722412,0.7438099996926361,0.7983620738309163,10.766666666666667,17.933333333333334,575.1338535122107,1.0077560433962693,0.028486267756670715,3.406767202882717
turbo_lunar_lander_12d,12,ucb,constant,decay_uniform_grid_a1,12,0,30,2.2106593718795478,2.2407115330443084,0.3965547873468668,0.07240066743884772,1.988724447039785,2.5380856481454894,1.0907761306781327,2.776769492091669,0.9971768750965188,0.9755870863831688,0.9906783619358783,0.0,0.0,32.97866527726874,0.0,0.0014669574952373902,2.6517165541648864
turbo_lunar_lander_12d,12,ucb,constant,decay_uniform_grid_a1,120,96,30,0.6934499386971285,0.8236799271360147,0.6043154517513324,0.1103324015910432,0.0,1.112083680330302,0.0,1.8381286629039946,0.8579933109372513,0.7436038021626923,0.798102082949789,10.866666666666667,18.066666666666666,580.9695777658994,0.9766417019379635,0.001997970510274172,3.541759967338294
turbo_lunar_lander_12d,12,ucb,constant,decay_uniform_grid_a1,121,97,30,0.7330598685596329,0.8213569202262176,0.636182064286279,0.11615042242993225,0.0,1.2628860170305893,0.0,1.8949944765450002,0.8579750487497985,0.7435215214216837,0.7980341546591596,10.9,18.2,587.2494404354132,1.091347579828774,0.0021463153728594384,3.615767814964056
turbo_lunar_lander_12d,12,ucb,constant,decay_uniform_grid_a1,122,98,30,0.7767437952648469,0.8148623617499949,0.6446847130740346,0.11770278660979815,0.0,1.1875698433882929,0.0,1.8949944765450002,0.8576662216847758,0.7433399027000681,0.7978895702951129,10.966666666666667,18.3,592.979697255635,1.0889162810364117,0.0021344077462951343,3.5838365329584727
turbo_lunar_lander_12d,12,ucb,constant,decay_uniform_grid_a1,123,99,30,0.7119027995116887,0.7840719344942733,0.6046101580080955,0.11038620734593221,0.0,1.14445363798581,0.0,1.8185221154522115,0.8574487388930145,0.743119425948698,0.7976728752659513,11.033333333333333,18.433333333333334,599.1815947213676,1.0778393881861121,0.0021682834097494683,3.603537121679013
turbo_lunar_lander_12d,12,ucb,constant,decay_uniform_grid_a1,124,100,30,0.6792838922637462,0.6903300442228774,0.5990568500622782,0.10937231666903327,0.0,1.0228456349988537,0.0,1.8793757181771333,0.8660885913372504,0.7558256304331952,0.8087162530730025,11.066666666666666,18.533333333333335,605.1978748958247,1.0542228780065974,0.032462109345942736,3.5076642567291856
turbo_lunar_lander_12d,12,ucb,constant,decay_uniform_grid_a1,125,101,30,0.6235858053184858,0.6052122063171202,0.5891017401305576,0.10755477057835092,0.0,1.099954149551079,0.0,1.8627848482368508,0.8660698414989502,0.7557269599165617,0.8086368894420642,11.166666666666666,18.666666666666668,611.1073674527773,1.0402086993368964,0.0021153003132591643,3.357334661716595
turbo_lunar_lander_12d,12,ucb,constant,decay_uniform_grid_a1,126,102,30,0.6517154409093425,0.6806006842162564,0.5717030901980108,0.10437822623228704,0.0,1.053421348134533,0.0,1.8568909531054176,0.8660588516932249,0.7556516101218891,0.8085758793840018,11.166666666666666,18.766666666666666,617.127781966965,1.0948190919589251,0.0020812888784954944,3.440785442789396
turbo_lunar_lander_12d,12,ucb,constant,decay_uniform_grid_a1,127,103,30,0.6567151381158195,0.6660961536869046,0.5761455633961091,0.1051893071595239,0.0,1.0172542675044873,0.0,1.7284213279079865,0.865984210404875,0.7555520603121663,0.8085230394056125,11.2,18.8,623.3444591787334,1.126257196472337,0.0020857826030502716,3.3946305164135993
turbo_lunar_lander_12d,12,ucb,constant,decay_uniform_grid_a1,128,104,30,0.6350876984436263,0.6313979090142503,0.5594884350865309,0.10214814552005261,0.0,1.044546198115609,0.0,1.7356836883841904,0.8659662246267545,0.7553747172609516,0.8082350485413972,11.233333333333333,18.866666666666667,629.1561999420014,1.0562807500362397,0.0021348821154485147,3.379399185612177
turbo_lunar_lander_12d,12,ucb,constant,decay_uniform_grid_a1,129,105,30,0.6534742526932266,0.7210670461332678,0.5686728347819034,0.10382497981681899,0.0,1.0555117582031186,0.0,1.731604073803174,0.8622854787696916,0.749866239788007,0.8036514086746043,11.233333333333333,18.9,635.2231061005655,1.0733393451354156,0.031147363828495145,3.443144874693826
turbo_lunar_lander_12d,12,ucb,constant,decay_uniform_grid_a1,13,0,30,2.1624211766836634,2.169847667959323,0.4000469610745641,0.07303824821397663,1.8748445000298197,2.4402882454317654,1.1087561383423163,2.7763907585551406,0.997077015008267,0.9742330654319203,0.9901181193354852,0.0,0.0,36.036714358736454,0.0,0.0014600031388302644,2.675782355867947
turbo_lunar_lander_12d,12,ucb,constant,decay_uniform_grid_a1,130,106,30,0.6200074711380918,0.5271141622398391,0.5642665654133528,0.10302050877428591,0.0,0.966878241402205,0.0,1.8541218007594005,0.8621582501260732,0.749742177479228,0.803492488644552,11.3,18.966666666666665,641.0666943812278,1.0524283807724715,0.0021087630496670804,3.286510719700406
turbo_lunar_lander_12d,12,ucb,constant,decay_uniform_grid_a1,131,107,30,0.6069887279607367,0.47589585473396634,0.5917077467146703,0.1080305601087261,0.0,0.9904247088716366,0.0,1.8837410563353814,0.8619817415900728,0.7494315265423627,0.8031822429854386,11.433333333333334,19.166666666666668,646.6610405441219,0.9317913421895355,0.002059151449551185,3.3501112738624217
turbo_lunar_lander_12d,12,ucb,constant,decay_uniform_grid_a1,132,108,30,0.6130171461205476,0.47708280479294407,0.6142734765588123,0.11215047986279411,0.0,0.9459867787494941,0.0,1.9958939240762543,0.8619610869267197,0.7493654635493727,0.8031205517737745,11.433333333333334,19.3,652.6016326058345,1.133144548969964,0.002152991108596325,3.5286847427176933
turbo_lunar_lander_12d,12,ucb,constant,decay_uniform_grid_a1,133,109,30,0.6308470954542365,0.5997529278648522,0.6027020200039183,0.11003783060335863,0.0,0.9359488364656456,0.0,2.0687351036539954,0.8619335348711651,0.7493008281718093,0.8030740038991188,11.433333333333334,19.3,658.878616715502,1.2544578263070434,0.0022326724914213023,3.4755269134106737
turbo_lunar_lander_12d,12,ucb,constant,decay_uniform_grid_a1,134,110,30,0.6289909527183991,0.6050338835223522,0.6123785104652498,0.11180450797107692,0.0,0.9891920878752253,0.0,2.1775588821231002,0.8588890319095762,0.744506276712736,0.7990789729515039,11.533333333333333,19.4,664.9855542260223,1.0694187159805248,0.03560429896848897,3.513118031232928
turbo_lunar_lander_12d,12,ucb,constant,decay_uniform_grid_a1,135,111,30,0.6209873172394992,0.5810756981204445,0.5918452569883105,0.1080556659349799,0.0,0.9351454139048831,0.0,1.7912961564382557,0.8588664531753135,0.7444409483704003,0.7990243637231152,11.533333333333333,19.5,671.1644082099665,1.1767764204957833,0.0022091173566877844,3.4155400385614483
turbo_lunar_lander_12d,12,ucb,constant,decay_uniform_grid_a1,136,112,30,0.6458104991015072,0.5966248432239506,0.6010735840220448,0.10974052022978358,0.0,0.9744614495205168,0.0,1.7909786581476332,0.8587815393085592,0.7443621168997996,0.7989231577884611,11.533333333333333,19.5,677.3921080477226,1.1783965278261652,0.0021842179354280233,3.352998893568292
turbo_lunar_lander_12d,12,ucb,constant,decay_uniform_grid_a1,137,113,30,0.5949248917408549,0.5490471060302873,0.5585562594932992,0.10197795432006303,0.0,0.910540828657006,0.0,1.7915506576682632,0.8587548789790954,0.7443096489092188,0.7988569542410696,11.533333333333333,19.5,683.475595590348,1.1288055571261792,0.002193072329585751,3.3689927839674056
turbo_lunar_lander_12d,12,ucb,constant,decay_uniform_grid_a1,138,114,30,0.6150962797832853,0.6318609091979346,0.5755578123736863,0.10508199899513133,0.0,0.9307864233888687,0.0,1.791494666875374,0.8586846962762533,0.7441643099094853,0.7987050426329045,11.6,19.566666666666666,689.2261477268767,1.0096961007919163,0.0021574567848195634,3.3540067591238767
turbo_lunar_lander_12d,12,ucb,constant,decay_uniform_grid_a1,139,115,30,0.6507937047919801,0.7104458238281918,0.5852565818638659,0.10685274393840274,0.0,1.0456750244705573,0.0,1.788651527902017,0.8585498500500351,0.7434863218642355,0.7983007165824849,11.6,19.633333333333333,695.3521586786645,1.0316858185765645,0.03812455475951235,3.2752892282480994
turbo_lunar_lander_12d,12,ucb,constant,decay_uniform_grid_a1,14,0,30,2.154786439057285,2.1409700023643303,0.3714147224807916,0.06781074056408357,1.8546720315916845,2.392664409051791,1.3656806381213453,2.779667657065398,0.9966224269695563,0.9727196180071898,0.9893869242909837,0.0,0.0,39.06086119686564,0.0,0.0014786962264527878,2.6347962994438907
turbo_lunar_lander_12d,12,ucb,constant,decay_uniform_grid_a1,140,116,30,0.632044296184968,0.5538001849080028,0.5976756178720634,0.10912013932645563,0.0,1.0733469748864448,0.0,1.7861089184271222,0.8583781324743658,0.7433921418199618,0.7982451214976946,11.666666666666666,19.7,701.3407592354187,1.0515553236939013,0.0022060728011031945,3.340809345819677
turbo_lunar_lander_12d,12,ucb,constant,decay_uniform_grid_a1,141,117,30,0.6229218780884008,0.6546357877833084,0.5712680850191143,0.10429880551591598,0.0,0.9980523350494658,0.0,1.7913450068066703,0.8583354040558697,0.7433091397863214,0.798141656858978,11.666666666666666,19.766666666666666,706.9709400486512,1.0084054241888225,0.002161691663786769,3.3727681494007506
turbo_lunar_lander_12d,12,ucb,constant,decay_uniform_grid_a1,142,118,30,0.6406901855766125,0.6401148560739152,0.589372988801474,0.10760429358360232,0.0,1.0457829681403212,0.0,1.7861089184271222,0.858057332728045,0.7431637348419745,0.7980036158292841,11.7,19.8,712.72871640649,1.0525349013507366,0.0021942094434052707,3.475024616733814
turbo_lunar_lander_12d,12,ucb,constant,decay_uniform_grid_a1,143,119,30,0.6210036755112635,0.5741799615178768,0.58294743928661,0.10643115411238319,0.0,0.9610964526822661,0.0,1.7874723485485977,0.858044574080628,0.7430902473904073,0.7979549148347174,11.7,19.833333333333332,718.6319987901796,1.043886057008058,0.0022506052317718666,3.41407285068805
turbo_lunar_lander_12d,12,ucb,constant,decay_uniform_grid_a1,144,120,30,0.6157396264515749,0.6586169504245792,0.5972097840071608,0.10903509008783667,0.0,0.9501733615570285,0.0,1.993016074847081,0.8550751320073268,0.7385082006915586,0.7940611838254764,11.7,19.833333333333332,724.9407251803049,1.105133247251312,0.03963080585623781,3.4629323658999054
turbo_lunar_lander_12d,12,ucb,constant,decay_uniform_grid_a1,145,121,30,0.5944149393026266,0.5490306034057723,0.5938709316927681,0.10842550184491291,0.0,1.0239500171487395,0.0,1.9056432622294281,0.8546881881864995,0.7383445217781102,0.7939347579025627,11.833333333333334,19.966666666666665,730.6918466174044,0.8574082244342814,0.0023858576702574887,3.5373882089275868
turbo_lunar_lander_12d,12,ucb,constant,decay_uniform_grid_a1,146,122,30,0.556564580495792,0.5258177914241968,0.5431915870557769,0.09917276175916007,0.0,0.8531333604537263,0.0,1.8093368796396687,0.854474516962781,0.7382147819308235,0.7938491820604054,11.9,20.1,736.6599530332256,0.9931761492043734,0.002331812974686424,3.4083534632033357
turbo_lunar_lander_12d,12,ucb,constant,decay_uniform_grid_a1,147,123,30,0.5607731485121452,0.5754619897413893,0.5252275045532454,0.09589298402198662,0.0,0.9122808621721967,0.0,1.7481406873993652,0.8544139796557496,0.7381568286976533,0.793795469676885,11.933333333333334,20.2,742.6034890484685,1.0265810423220196,0.002291516571616133,3.366597255629798
turbo_lunar_lander_12d,12,ucb,constant,decay_uniform_grid_a1,148,124,30,0.5312020674535547,0.5124789292598683,0.5570077512217211,0.10169523668312079,0.0,0.9394595364169269,0.0,2.021782288918985,0.854380049413438,0.7380559513172661,0.7937125446425167,11.966666666666667,20.266666666666666,748.6351987750114,1.0176767650836458,0.00235015496922036,3.370859377194817
turbo_lunar_lander_12d,12,ucb,constant,decay_uniform_grid_a1,149,125,30,0.5491161578924425,0.5382466005443903,0.5515673885966192,0.10070196690619536,0.0,0.8802636458270092,0.0,1.9516020259531641,0.8559031695702787,0.7385440848384663,0.7948624419535953,11.966666666666667,20.3,754.9460119678018,1.031497479478518,0.04072224809788168,3.4528301981277765
turbo_lunar_lander_12d,12,ucb,constant,decay_uniform_grid_a1,15,0,30,2.1347991880220576,2.1185131199386142,0.37296349748131596,0.06809350689884598,1.8408286933968911,2.307423651628433,1.290156542048358,2.78755737563226,0.9963141373461718,0.9712580647761323,0.9886452928854991,0.0,0.0,42.11447430984117,0.0,0.001482983554402987,2.594909541402012
turbo_lunar_lander_12d,12,ucb,constant,decay_uniform_grid_a1,150,126,30,0.5471476468086968,0.6156037597866972,0.539227949667968,0.09844910389013549,0.0,0.8832332818434606,0.0,1.872000530875087,0.8557887216127921,0.7384167899816095,0.7947342491562972,12.0,20.333333333333332,760.9091407529854,0.9854056671882669,0.0024492982930193344,3.4104754225506135
turbo_lunar_lander_12d,12,ucb,constant,decay_uniform_grid_a1,151,127,30,0.5218333346659916,0.5245118196080651,0.5227185865142736,0.09543492035369446,0.0,0.8676294241079472,0.0,1.7165690306362267,0.8557787680653544,0.7383627864608837,0.7946926709785905,12.0,20.366666666666667,766.9921117585462,1.05343754645437,0.002401419620340069,3.342253781451533
turbo_lunar_lander_12d,12,ucb,constant,decay_uniform_grid_a1,152,128,30,0.4871550981942206,0.3876642080838607,0.517325807434338,0.09445033810378689,0.0,0.8324682902530796,0.0,1.7150530285651548,0.8555711014736872,0.7380994337216517,0.7945126692712351,12.133333333333333,20.5,772.4715004130733,0.8118402827065438,0.0023411937213192384,3.40451551056467
turbo_lunar_lander_12d,12,ucb,constant,decay_uniform_grid_a1,153,129,30,0.49538604112626533,0.5742340651137611,0.5073351539174361,0.0926263026719784,0.0,0.868712248611957,0.0,1.6305901134163514,0.8555532085808789,0.7379650072223182,0.7943779807008926,12.166666666666666,20.666666666666668,778.2416910033984,1.0089238268323242,0.002364047756418586,3.332130495086312
turbo_lunar_lander_12d,12,ucb,constant,decay_uniform_grid_a1,154,130,30,0.5055181378609327,0.4427428851818128,0.5275102038978788,0.09630974599633928,0.0,0.8091635876230148,0.0,1.7256405995517201,0.8628235125239697,0.7507533405290601,0.8050434117494637,12.2,20.733333333333334,783.9753871523154,0.9782858322840184,0.041082621955623226,3.26341354502365
turbo_lunar_lander_12d,12,ucb,constant,decay_uniform_grid_a1,155,131,30,0.5226573147584793,0.4978999912185267,0.5207323782292063,0.09507228999314944,0.0,0.8381796977299167,0.0,1.6773405475442102,0.8628008160877169,0.750585418772497,0.8048609396288996,12.266666666666667,20.833333333333332,789.760822989714,0.9617315939627588,0.002487721232076486,3.2981852939662835
turbo_lunar_lander_12d,12,ucb,constant,decay_uniform_grid_a1,156,132,30,0.5196900748323511,0.41232867469346235,0.5379410850611631,0.09821415563226812,0.0,0.8138470511368401,0.0,1.8703274074792018,0.8627217857908919,0.7505094170312324,0.8047778195343152,12.3,20.866666666666667,795.7599251493501,0.9950738658352445,0.002648054948076606,3.2854672527095925
turbo_lunar_lander_12d,12,ucb,constant,decay_uniform_grid_a1,157,133,30,0.55079820710797,0.5117725150437817,0.5585359524356649,0.10197424677554873,0.0,0.9639179476296325,0.0,1.8784885065268717,0.8626670706245783,0.7503719155175426,0.8046291156357175,12.333333333333334,20.933333333333334,801.6518940044101,0.9855411188521733,0.0025949297783275445,3.3137557982932777
turbo_lunar_lander_12d,12,ucb,constant,decay_uniform_grid_a1,158,134,30,0.507313659690533,0.4552586096035517,0.5422092437891168,0.09899341123703906,0.0,0.9417428694581047,0.0,1.6590036023917634,0.8625852016439018,0.7503188595231621,0.8046075628913577,12.366666666666667,21.0,807.6152093105484,1.0003661918453872,0.0024836769793182612,3.2799088423295566
turbo_lunar_lander_12d,12,ucb,constant,decay_uniform_grid_a1,159,135,30,0.5171356527536373,0.5055993696124829,0.5356252121316927,0.0977913370176726,0.0,0.901622437280839,0.0,1.74152348048214,0.8624573223614262,0.7497340219947904,0.8044203759526051,12.4,21.066666666666666,813.4808246586938,1.0012412469834089,0.04624932194128632,3.4012051524749647
turbo_lunar_lander_12d,12,ucb,constant,decay_uniform_grid_a1,16,0,30,2.1075148702959936,2.11749211157533,0.366120683037318,0.0668441856229127,1.881068205428724,2.2893746555309353,1.135735755309334,2.832314316644396,0.9960433785475872,0.9700005941429422,0.9879774141683791,0.0,0.0,45.02295553376898,0.0,0.001459915703162551,2.532328029613321
turbo_lunar_lander_12d,12,ucb,constant,decay_uniform_grid_a1,160,136,30,0.49679216491253386,0.37956511074070465,0.5408912108793055,0.09875277245162643,0.0,0.8738198640811596,0.0,1.737099519155366,0.8624497233192874,0.7496432471012048,0.8042991266358392,12.433333333333334,21.133333333333333,819.4515424157182,0.9656482505767295,0.0025101405568420886,3.410563170071691
turbo_lunar_lander_12d,12,ucb,constant,decay_uniform_grid_a1,161,137,30,0.46316504028827665,0.431528536308286,0.506715011600516,0.09251308069336485,0.0,0.7632327260093449,0.0,1.759893894722568,0.8624457882331559,0.7496035386876204,0.8042323545853474,12.433333333333334,21.166666666666668,825.2327561108551,1.0031435266292343,0.0025223840648929277,3.4424651391183336
turbo_lunar_lander_12d,12,ucb,constant,decay_uniform_grid_a1,162,138,30,0.4828575118361059,0.48644881319385536,0.546315229535306,0.09974305824169988,0.0,0.8245910626754027,0.0,1.8034677158032262,0.8623947719594927,0.7495593858164239,0.8041733720918613,12.433333333333334,21.166666666666668,831.6749696472659,1.0840014612612625,0.0025714787344137827,3.6374092382068435
turbo_lunar_lander_12d,12,ucb,constant,decay_uniform_grid_a1,163,139,30,0.5049378571187035,0.5112318578127867,0.5464924077007859,0.09977540640101012,0.0,0.9075187138792115,0.0,1.7165212281321076,0.8623760607655471,0.7494970981090827,0.8041119190354992,12.433333333333334,21.166666666666668,837.8715316281654,1.075690455827862,0.002611720049753785,3.484404229729747
turbo_lunar_lander_12d,12,ucb,constant,decay_uniform_grid_a1,164,140,30,0.4997881462391067,0.4133853248668199,0.5493683609884141,0.10030048123099851,0.0,0.966581684143685,0.0,1.7015319133353577,0.8604240429186805,0.7454145377687641,0.8009904761340602,12.466666666666667,21.2,844.2662185636659,1.0702743030308435,0.045953552983701226,3.5604904213920237
turbo_lunar_lander_12d,12,ucb,constant,decay_uniform_grid_a1,165,141,30,0.501126520394115,0.49479912145691063,0.5435607633772459,0.09924016382548186,0.0,0.9120650134958211,0.0,1.702099310738233,0.8603843479331118,0.7452727951141126,0.8008622352973361,12.533333333333333,21.3,850.6506752261427,1.0320679263832668,0.0027369351281474035,3.7492087102650355
turbo_lunar_lander_12d,12,ucb,constant,decay_uniform_grid_a1,166,142,30,0.4933641217773979,0.4164443980332,0.5498171167850568,0.1003824124552093,0.0,0.8871789284146538,0.0,1.715169299537089,0.8603400869704957,0.7450493717461384,0.8005913182547225,12.633333333333333,21.466666666666665,857.1171730735184,0.9912746061415721,0.002736333974947532,3.7119342995031426
turbo_lunar_lander_12d,12,ucb,constant,decay_uniform_grid_a1,167,143,30,0.4814314478805207,0.4650437942382959,0.5384362033425262,0.09830455144938004,0.0,0.7786052647531542,0.0,1.701179975218575,0.8603001970362233,0.7450205314842763,0.800575048423903,12.633333333333333,21.566666666666666,863.7048897286877,1.1479456691692274,0.00280748155588905,3.7149770362457883
turbo_lunar_lander_12d,12,ucb,constant,decay_uniform_grid_a1,168,144,30,0.4798110154436633,0.40552469628554877,0.5406642442996674,0.09871133421313726,0.0,0.8369614893246183,0.0,1.7069997368464873,0.8602861369590986,0.7449567486737357,0.8005373758126075,12.666666666666666,21.6,870.1615197871967,1.0779142320311317,0.002815447561442852,3.6356079792759073
turbo_lunar_lander_12d,12,ucb,constant,decay_uniform_grid_a1,169,145,30,0.498769298317158,0.42271253326318503,0.5449140381330366,0.09948723686223147,0.0,0.8867662678755437,0.0,1.7049449345659506,0.8594455895495862,0.7441612569523262,0.7997076421142062,12.7,21.666666666666668,876.4374698267784,1.040039194903026,0.05134725850075483,3.504938273349156
turbo_lunar_lander_12d,12,ucb,constant,decay_uniform_grid_a1,17,0,30,2.099757838105531,2.110022740220339,0.3828710086523443,0.0699023626845482,1.873366464527005,2.3150564028909124,1.0023537683350885,2.8299922076114465,0.9959122692309682,0.9688942266809756,0.9873643256895525,0.0,0.0,47.929934680834414,0.0,0.0014404355082660914,2.5258037423094115
turbo_lunar_lander_12d,12,ucb,constant,decay_uniform_grid_a1,170,146,30,0.46248734888632254,0.31488864469548383,0.5342636201203349,0.09754274546475945,0.0,0.8606928279981525,0.0,1.7060399877478445,0.8594347495208624,0.7441281369956747,0.7996801584975967,12.7,21.7,882.9973394294269,1.1012994436081498,0.0028096773972113927,3.7283952495704096
turbo_lunar_lander_12d,12,ucb,constant,decay_uniform_grid_a1,171,147,30,0.48848398959097233,0.4242351443868343,0.5481191307966596,0.10007240404581835,0.0,0.8554120446908573,0.0,1.723850803012966,0.8594278614805528,0.7440793237374755,0.7996385835593808,12.733333333333333,21.733333333333334,889.3069552865811,1.0863103602081536,0.0027406957155714433,3.6405937920324503
turbo_lunar_lander_12d,12,ucb,constant,decay_uniform_grid_a1,172,148,30,0.4623716140151887,0.46633007134074145,0.5023744431684105,0.09172060494581184,0.0,0.7670849156308115,0.0,1.647654390624054,0.8593193466233277,0.7440352620917198,0.7995949582007331,12.733333333333333,21.766666666666666,895.9237948389414,1.1044602152270575,0.002931130196278294,3.7735362293819588
turbo_lunar_lander_12d,12,ucb,constant,decay_uniform_grid_a1,173,149,30,0.45769545304589027,0.3579669371379113,0.5212467349838729,0.09516619825886147,0.0,0.7913559099578313,0.0,1.7346327041356187,0.85921213149352,0.7439867294045773,0.7995646750182742,12.733333333333333,21.766666666666666,902.4347145678165,1.181262727562959,0.002927671776463588,3.756083337403834
turbo_lunar_lander_12d,12,ucb,constant,decay_uniform_grid_a1,174,150,30,0.4694684468548153,0.40875983808243477,0.5199043293254089,0.09492110963870702,0.0,0.8301065972411537,0.0,1.7374688263174967,0.8594439532772217,0.7438329137082602,0.7995919004284787,12.766666666666667,21.8,909.268866537325,1.1174467359359066,0.05651062383937339,3.8102593035281944
turbo_lunar_lander_12d,12,ucb,constant,decay_uniform_grid_a1,175,151,30,0.45212819181571445,0.20699452146936737,0.5349773665430321,0.09767305713677607,0.0,0.7674262445328708,0.0,1.7333553022109416,0.859426313441522,0.74378324177212,0.7995672251147808,12.8,21.866666666666667,915.7430913826296,1.1561820768906423,0.0030067782538632554,3.7413493250496686
turbo_lunar_lander_12d,12,ucb,constant,decay_uniform_grid_a1,176,152,30,0.4725799148504708,0.3175962593209155,0.5443675835358305,0.09938746835905074,0.0,0.752294977586691,0.0,1.7535793384850702,0.859143466157691,0.74360214814694,0.7993100119467378,12.866666666666667,21.966666666666665,922.0614613737756,1.018459352524951,0.00293217352591455,3.816970455444728
turbo_lunar_lander_12d,12,ucb,constant,decay_uniform_grid_a1,177,153,30,0.47236696806347184,0.30480129034013526,0.5460042190270995,0.09968627575137794,0.0,0.76985140316047,0.0,1.7802954494531502,0.8591326839095903,0.7435633193865494,0.7992548222274753,12.866666666666667,22.033333333333335,928.6471928329362,1.1345699750352651,0.0029567389748990534,3.7651306132475537
turbo_lunar_lander_12d,12,ucb,constant,decay_uniform_grid_a1,178,154,30,0.48865862586974984,0.4049584387903937,0.5494352143740525,0.10031268693345174,0.0,0.9692672858438507,0.0,1.7379888121732587,0.859086809258605,0.7435125889185434,0.7992003659823899,12.866666666666667,22.033333333333335,935.2688895168715,1.1898788491263985,0.0030330084729939697,3.683624836492042
turbo_lunar_lander_12d,12,ucb,constant,decay_uniform_grid_a1,179,155,30,0.4754558222959842,0.3623023188851008,0.536063456022965,0.09787134903931885,0.0,0.8229600211242738,0.0,1.688685548915105,0.8594488988319802,0.7450994393997762,0.8002992637222166,12.9,22.066666666666666,941.6776306293594,1.133849585785841,0.060018578482170896,3.435198596678674
turbo_lunar_lander_12d,12,ucb,constant,decay_uniform_grid_a1,18,0,30,2.0920062495202365,2.111017479782991,0.33864160291830364,0.0618272149426874,1.8708896179771348,2.3034307913698533,1.2088720059724667,2.759462209735169,0.9957094485013225,0.9675855483758339,0.9866311169886459,0.0,0.0,50.90400513309675,0.0,0.0014487097350259623,2.540782612406959
turbo_lunar_lander_12d,12,ucb,constant,decay_uniform_grid_a1,180,156,30,0.46370593667825155,0.4037143648044359,0.5263737194574621,0.09610225327491599,0.0,0.7318694348023049,0.0,1.6948753245913397,0.8594426339934211,0.7450027567425496,0.8001890619974106,12.933333333333334,22.133333333333333,947.3146837674547,0.9886314519991477,0.0028853212638447682,3.349718238910039
turbo_lunar_lander_12d,12,ucb,constant,decay_uniform_grid_a1,181,157,30,0.4883195061584074,0.3554429922823321,0.5407287846001134,0.09872311760594474,0.0,0.91440029916046,0.0,1.759893894722568,0.8593815804279732,0.7448745068884529,0.8000063941862412,13.0,22.233333333333334,953.1736994193091,0.9471102136032035,0.0028982455686976513,3.3502427909833687
turbo_lunar_lander_12d,12,ucb,constant,decay_uniform_grid_a1,182,158,30,0.49481312667480737,0.5248955248966216,0.5269511479972103,0.09620767682043845,0.0,0.8602145005191786,0.0,1.6491975796603748,0.8593470424441069,0.744764208061167,0.7998705107472333,13.066666666666666,22.366666666666667,959.0268267462185,1.0196023194119335,0.002917316990594069,3.363514659817641
turbo_lunar_lander_12d,12,ucb,constant,decay_uniform_grid_a1,183,159,30,0.47441095448753423,0.4422715618051517,0.5240446295215465,0.09567702157612958,0.0,0.8783525502433067,0.0,1.6883225383968972,0.85933407941371,0.7446396183286387,0.7997027658668483,13.1,22.466666666666665,964.778347992152,1.01713695069775,0.0029340993302563825,3.3923597363444666
turbo_lunar_lander_12d,12,ucb,constant,decay_uniform_grid_a1,184,160,30,0.46364098364228623,0.39772272122476204,0.5277136586291294,0.09634689157825164,0.0,0.8305172109210681,0.0,1.7044202092171266,0.8576065275347484,0.7413375243310077,0.7971290922517034,13.133333333333333,22.533333333333335,971.2071094134977,1.0862806766138722,0.06029376150108874,3.4160740283317863
turbo_lunar_lander_12d,12,ucb,constant,decay_uniform_grid_a1,185,161,30,0.5093623369877561,0.47309864280252256,0.5504363219647079,0.10049546333674896,0.0,0.8880298792220077,0.0,1.6970633431972781,0.8575981928027635,0.741322736596156,0.7971109377238945,13.133333333333333,22.566666666666666,977.5128116338514,1.0953246222808957,0.0030107497548063594,3.5107509669847787
turbo_lunar_lander_12d,12,ucb,constant,decay_uniform_grid_a1,186,162,30,0.4669138879056586,0.3591205915744301,0.5217817997989825,0.09526388728184909,0.0,0.8769463635649664,0.0,1.6574218478151406,0.8575469430368758,0.7412866136537796,0.7970877025176217,13.133333333333333,22.566666666666666,983.8061122341392,1.0984161987900734,0.0030304313947757083,3.499976010574028
turbo_lunar_lander_12d,12,ucb,constant,decay_uniform_grid_a1,187,163,30,0.45730451024535673,0.34077354938371296,0.5246685968123542,0.0957909418962365,0.0,0.8544069197437172,0.0,1.6718151439543025,0.8574501280716017,0.741176199941204,0.7969700910050521,13.166666666666666,22.6,990.1189252877919,1.0056609739083797,0.003054772379497687,3.534617138436685
turbo_lunar_lander_12d,12,ucb,constant,decay_uniform_grid_a1,188,164,30,0.4700213845084436,0.455750219573273,0.5228857338274951,0.0954654371383204,0.0,0.8598306334181687,0.0,1.6574218478151406,0.8574093924530515,0.7411026235462352,0.7969111121288925,13.233333333333333,22.633333333333333,996.418345355289,0.9894090970046818,0.0030766670436908803,3.5016753610844416
turbo_lunar_lander_12d,12,ucb,constant,decay_uniform_grid_a1,189,165,30,0.45987223498091495,0.36237212597392743,0.5163969180387668,0.09428074687865966,0.0,0.8419783371814622,0.0,1.5600243073380238,0.8549215248450632,0.7367690484842446,0.7933739860494841,13.233333333333333,22.7,1002.9320541334029,1.0652712545978527,0.06731827867527802,3.63262475275745
turbo_lunar_lander_12d,12,ucb,constant,decay_uniform_grid_a1,19,0,30,2.0804840658667922,2.12933069587867,0.3391846870726449,0.061926368090006165,1.870570543226884,2.277441225842643,1.1501422677106037,2.7184779824824505,0.9955179886383606,0.9663557325210144,0.9860669594507968,0.0,0.0,53.88167765429243,0.0,0.0014342911696682374,2.5972282972652465
turbo_lunar_lander_12d,12,ucb,constant,decay_uniform_grid_a1,190,166,30,0.4639110070199109,0.3850200988825383,0.5214786059768056,0.09520853191661492,0.0,0.8745127073077796,0.0,1.6764213268880677,0.8549162810765379,0.7367343475288439,0.7933146597184529,13.233333333333333,22.7,1009.6218808897305,1.1254383478779346,0.003157593247791131,3.7113253648703295
turbo_lunar_lander_12d,12,ucb,constant,decay_uniform_grid_a1,191,167,30,0.48173587132476664,0.43895757188155504,0.5369621235134217,0.0980354225247254,0.0,0.8501334739898876,0.0,1.8936836607568295,0.8548769491145285,0.7366517437476214,0.7932547650915157,13.266666666666667,22.733333333333334,1016.031812382505,1.0842194941515724,0.0030907487496733667,3.5510768107138575
turbo_lunar_lander_12d,12,ucb,constant,decay_uniform_grid_a1,192,168,30,0.5056368205086491,0.5359623819326194,0.5555460506748738,0.1014283678958455,0.0,0.8961970351738098,0.0,1.8936836607568295,0.8547109484794138,0.7366086625976084,0.7931744625275637,13.3,22.8,1022.4130175946435,1.1042465938720851,0.0032550934546937546,3.5697224502296496
turbo_lunar_lander_12d,12,ucb,constant,decay_uniform_grid_a1,193,169,30,0.5119371369429597,0.5444265392112706,0.5553415424956538,0.1013910299815278,0.0,0.8945879871112923,0.0,1.689629945106566,0.8545971305618594,0.7365532177337661,0.7931408707160154,13.3,22.833333333333332,1028.9852792672193,1.1374795254319907,0.003257215488702059,3.6771703174492965
turbo_lunar_lander_12d,12,ucb,constant,decay_uniform_grid_a1,194,170,30,0.4710932348684652,0.4166135806900443,0.5393003786185918,0.0984623275468265,0.0,0.8259666755929576,0.0,1.8926777647169593,0.8530552647063956,0.7335163090081885,0.7907521319845758,13.3,22.833333333333332,1035.5087848279315,1.1118416481185704,0.07045663294071952,3.574215861114984
turbo_lunar_lander_12d,12,ucb,constant,decay_uniform_grid_a1,195,171,30,0.46123133798201715,0.31048789989049475,0.5386592699151842,0.0983452776472701,0.0,0.8225024394575553,0.0,1.8926777647169593,0.8530432996232433,0.7334824243834785,0.7907027979084067,13.3,22.833333333333332,1041.7951169783714,1.0812112489870438,0.0030895288567990065,3.5136592597390215
turbo_lunar_lander_12d,12,ucb,constant,decay_uniform_grid_a1,196,172,30,0.45116647087923567,0.40726930638472547,0.5085523813793956,0.09284853698482173,0.0,0.8137530966287029,0.0,1.6685133196404984,0.8530405049816031,0.7334313937359386,0.790665505762897,13.333333333333334,22.866666666666667,1048.3212783816737,1.13487335552151,0.0031560809661944707,3.680572934014102
turbo_lunar_lander_12d,12,ucb,constant,decay_uniform_grid_a1,197,173,30,0.4771171813566923,0.36322250382801835,0.551034835270914,0.10060473641634098,0.0,0.8226801947802616,0.0,2.076098390656637,0.8530097864431732,0.7333537557084304,0.7905519221446848,13.366666666666667,22.933333333333334,1055.0067306496978,1.1448056229079764,0.003128286451101303,3.517772240595271
turbo_lunar_lander_12d,12,ucb,constant,decay_uniform_grid_a1,198,174,30,0.44050428609892617,0.2977149363364787,0.5434429533316649,0.09921865475232672,0.0,0.7406935946498938,0.0,2.072691040094094,0.8529568317316991,0.7332638439111198,0.7904720019835405,13.4,23.0,1061.1315209450045,1.0842555161720762,0.003108237109457453,3.460019957755382
turbo_lunar_lander_12d,12,ucb,constant,decay_uniform_grid_a1,199,175,30,0.4695693288920238,0.41719845334673933,0.5473006199285867,0.09992296509048279,0.0,0.8277132959148986,0.0,2.1188950652101255,0.8524305444225023,0.7318324119657647,0.7893440418281191,13.4,23.033333333333335,1067.0384391246519,1.0263855645122628,0.06592482222865025,3.2888698000460863
turbo_lunar_lander_12d,12,ucb,constant,decay_uniform_grid_a1,2,0,30,2.885570233135184,2.8293080899717786,0.4982639284972421,0.09097013107636022,2.517399148613383,3.238257766184881,1.8437588878566724,3.9886089859838023,0.9996801932678034,0.9944561142072189,0.9987245304408059,0.0,0.0,3.439627480879426,0.0,0.0013981294507781664,2.1276999559408676
turbo_lunar_lander_12d,12,ucb,constant,decay_uniform_grid_a1,20,0,30,2.061611883645981,2.104385787790042,0.34075255035328955,0.06221261945197055,1.8126988241714181,2.2639419317645997,1.110178421976981,2.7188176888560056,0.9951943940238099,0.9650347806448117,0.9853139315771867,0.0,0.0,56.88620003823501,0.0,0.0015075425306955972,2.588750863960013
turbo_lunar_lander_12d,12,ucb,constant,decay_uniform_grid_a1,200,176,30,0.46880675474069033,0.4541636794533003,0.5383571696071625,0.0982901219294925,0.0,0.8299993585334959,0.0,2.072691040094094,0.8524242894780212,0.7317822330071192,0.7893264724102995,13.433333333333334,23.066666666666666,1073.1841074658403,1.0572281829702357,0.003094515499348442,3.3547380505905795
turbo_lunar_lander_12d,12,ucb,constant,decay_uniform_grid_a1,201,177,30,0.4518797590502264,0.3285099889746623,0.5181945850437595,0.09460895446849875,0.0,0.7881700671758612,0.0,1.9796965227279657,0.8524153872208547,0.731733799550687,0.7892742221572452,13.466666666666667,23.133333333333333,1078.924891869165,0.9950124862603843,0.0030153506435453893,3.3195017320259166
turbo_lunar_lander_12d,12,ucb,constant,decay_uniform_grid_a1,202,178,30,0.4706079901081066,0.33556279578997883,0.5355664071664418,0.09778060074901887,0.0,0.9170836578760397,0.0,1.9807013105736988,0.8523566630316195,0.7316789599440443,0.7892233866812249,13.466666666666667,23.166666666666668,1084.8452049577297,1.0382399733023098,0.002968812951197227,3.318653895255799
turbo_lunar_lander_12d,12,ucb,constant,decay_uniform_grid_a1,203,179,30,0.44426741797123853,0.3519743751686347,0.5113629675788096,0.09336167747189898,0.0,0.7036594024277288,0.0,1.6685133196404984,0.8523523493252065,0.7316123732891681,0.789174361352566,13.5,23.2,1090.8549155773594,1.0633962999563664,0.0030364260077476502,3.2794151986793927
turbo_lunar_lander_12d,12,ucb,constant,decay_uniform_grid_a1,204,180,30,0.4340084771472855,0.3473098263148362,0.5011802754387996,0.09150258074482764,0.0,0.7727041735410436,0.0,1.9759549886908419,0.8508142175578403,0.7292228942600468,0.7870647438163559,13.533333333333333,23.266666666666666,1097.0990706035711,1.0269922090228647,0.07260161302983761,3.463439388278251
turbo_lunar_lander_12d,12,ucb,constant,decay_uniform_grid_a1,205,181,30,0.44384474259854984,0.3543175489608843,0.5036706614023202,0.09195726093453245,0.0,0.8243731295809538,0.0,1.7900961071986259,0.8508015452476002,0.72918942669868,0.787042784422612,13.533333333333333,23.3,1103.3147765888211,1.078639837866649,0.0031783340809245905,3.559948670507098
turbo_lunar_lander_12d,12,ucb,constant,decay_uniform_grid_a1,206,182,30,0.4374641767919099,0.3294386826577752,0.48132195325781635,0.0878769637405844,0.0,0.7851745101188579,0.0,1.7900961071986259,0.85078986487798,0.7291239551048841,0.786997230196122,13.566666666666666,23.333333333333332,1109.3935385356658,1.0196621920292577,0.003099837914730112,3.5410663810713836
turbo_lunar_lander_12d,12,ucb,constant,decay_uniform_grid_a1,207,183,30,0.41979729648127273,0.3418581229676033,0.4863050331058792,0.08878674548679553,0.0,0.7599907936448804,0.0,1.8979522879129092,0.850753411887458,0.729069882714662,0.7869725402240904,13.6,23.4,1115.5353078876,1.0526994042564184,0.003101062774658203,3.313473768159747
turbo_lunar_lander_12d,12,ucb,constant,decay_uniform_grid_a1,208,184,30,0.4168401444142925,0.2605198041777551,0.4814672614208809,0.0879034932601511,0.0,0.7998810936201022,0.0,1.8518201424890601,0.8507415265276373,0.7289821353124563,0.7869159900620163,13.633333333333333,23.466666666666665,1121.600888221742,1.004900863021612,0.003092411905527115,3.5156243173250306
turbo_lunar_lander_12d,12,ucb,constant,decay_uniform_grid_a1,209,185,30,0.4216797840322633,0.4159961514204822,0.4738179680657926,0.08650692975363235,0.0,0.7143324728292724,0.0,1.8608184995558688,0.8520790313426401,0.7295844286504661,0.7878446730456066,13.666666666666666,23.533333333333335,1128.172744319945,1.0441640453413128,0.0764276721359541,3.6400007768844564
turbo_lunar_lander_12d,12,ucb,constant,decay_uniform_grid_a1,21,0,30,2.0103557832540613,2.1196253294823966,0.45621493106484673,0.0832930696049603,1.8201512959423876,2.2685593450080273,0.35543964366029956,2.6623164610743437,0.9950198861468054,0.9639788771103057,0.9847182647098223,0.0,0.0,59.85624925528342,0.0,0.0014185683180888494,2.55274676795428
turbo_lunar_lander_12d,12,ucb,constant,decay_uniform_grid_a1,210,186,30,0.4357082210630276,0.39708325609245143,0.5022206355288965,0.09169252364125237,0.0,0.7452923133149849,0.0,2.0263275355586474,0.8520729562808024,0.7295370772557125,0.7877769520338741,13.7,23.6,1134.4925378559467,1.0119861267041415,0.0032543772521118324,3.6007137511235974
turbo_lunar_lander_12d,12,ucb,constant,decay_uniform_grid_a1,211,187,30,0.4362499062026455,0.3714129844909462,0.5089665986501466,0.0929241623657879,0.0,0.8117846732540606,0.0,2.031763385601028,0.8520562685367532,0.7295001216166294,0.7877183911195428,13.7,23.633333333333333,1141.07489825096,1.1476793250845125,0.0034894440323114395,3.6381045899043483
turbo_lunar_lander_12d,12,ucb,constant,decay_uniform_grid_a1,212,188,30,0.4791479232219616,0.42746384962008277,0.52928733846593,0.09663420489322055,0.0,0.8482076020545992,0.0,1.7900961071986259,0.8520383113793283,0.7294649304026424,0.7876907260143794,13.7,23.633333333333333,1147.7508894808125,1.0951350931388637,0.003394816443324089,3.717211709730327
turbo_lunar_lander_12d,12,ucb,constant,decay_uniform_grid_a1,213,189,30,0.42391619935043084,0.4154596782677019,0.5076938436718155,0.09269179016185158,0.0,0.7087364273569173,0.0,2.0771701338137305,0.8518896555539686,0.729431861052621,0.787659896150537,13.7,23.633333333333333,1154.4500604186828,1.1416406182417025,0.003376579936593771,3.5509316111449154
turbo_lunar_lander_12d,12,ucb,constant,decay_uniform_grid_a1,214,190,30,0.4014446324077657,0.4549594334938253,0.4336250935108397,0.07916874840539131,0.0,0.6950702602941436,0.0,1.5618717580658086,0.8483105767627819,0.7246039664800235,0.7833942473904573,13.733333333333333,23.666666666666668,1160.8815413250898,1.0539471961868305,0.0763714785532405,3.6554545685028037
turbo_lunar_lander_12d,12,ucb,constant,decay_uniform_grid_a1,215,191,30,0.4538345175167629,0.4427131816371459,0.5054238234315122,0.09227734306464912,0.0,0.7392948174312652,0.0,1.7900961071986259,0.8483093844000111,0.7245806577970886,0.7833837839525303,13.733333333333333,23.7,1167.4996555886696,1.109238607591639,0.003430435558160146,3.6462915734853594
turbo_lunar_lander_12d,12,ucb,constant,decay_uniform_grid_a1,216,192,30,0.44512855996029616,0.40872364366977265,0.4815269883628887,0.08791439785796058,0.0,0.8124637954345473,0.0,1.5667813532166872,0.8482886134971186,0.7245392312502966,0.7832938412791791,13.766666666666667,23.733333333333334,1173.8717492637536,1.0627072686019043,0.003357120044529438,3.5598070158157498
turbo_lunar_lander_12d,12,ucb,constant,decay_uniform_grid_a1,217,193,30,0.40330478448429347,0.32733762436840863,0.45894747722140616,0.08379196199475085,0.0,0.6713415640527958,0.0,1.5667813532166872,0.8482861217376568,0.7244907292130688,0.7832031585853733,13.766666666666667,23.766666666666666,1180.2069827475584,1.0352232395360867,0.0033242627047002315,3.5645963236223905
turbo_lunar_lander_12d,12,ucb,constant,decay_uniform_grid_a1,218,194,30,0.40714418618914316,0.33504891030491446,0.4624266330586181,0.08442716603912309,0.0,0.6566675356131272,0.0,1.5624335708324903,0.8482610090299086,0.7243939372549263,0.7831298379814555,13.833333333333334,23.833333333333332,1186.269582883548,0.9827794590964913,0.003387069624538223,3.5266665055106086
turbo_lunar_lander_12d,12,ucb,constant,decay_uniform_grid_a1,219,195,30,0.44542662484586903,0.40132767124340085,0.5014806665238545,0.09155742440261364,0.0,0.7633312487841826,0.0,1.7900961071986259,0.8473345887276954,0.7235478492311614,0.7821985817093444,13.833333333333334,23.9,1192.5751672904319,1.1013623407421014,0.07810368093972404,3.3421183475137997
turbo_lunar_lander_12d,12,ucb,constant,decay_uniform_grid_a1,22,0,30,2.018812395918843,2.0954128147140247,0.4247300673108744,0.07754474623895116,1.8243497978773924,2.256515884138674,0.4386501698383287,2.6667800721842894,0.9947753131421503,0.9627320698773395,0.9839994741725716,0.0,0.0,62.87992901766362,0.0,0.0014173411143322786,2.6525040458422153
turbo_lunar_lander_12d,12,ucb,constant,decay_uniform_grid_a1,220,196,30,0.427515476183241,0.4547401311895122,0.46945656400791835,0.08571064995866826,0.0,0.7168311255418597,0.0,1.640133228211672,0.8473133933885325,0.7234922040580655,0.7820953721595998,13.866666666666667,23.933333333333334,1198.306020583678,0.9158034427712362,0.0033679868715504806,3.282457033886264
turbo_lunar_lander_12d,12,ucb,constant,decay_uniform_grid_a1,221,197,30,0.4428153729838795,0.4190107232487079,0.49485295731508905,0.09034737578987179,0.0,0.7731261393831261,0.0,1.7900961071986259,0.8472188478674023,0.7234770113557548,0.7820507193305343,13.866666666666667,23.966666666666665,1204.5440866921563,1.0585009292544176,0.0032597359735518695,3.371961487457156
turbo_lunar_lander_12d,12,ucb,constant,decay_uniform_grid_a1,222,198,30,0.44662242444885963,0.3689491038131031,0.4962169604191443,0.09059640754607116,0.0,0.7888094102010802,0.0,1.7900961071986259,0.8472155545224944,0.7234451682267308,0.7820234921116295,13.866666666666667,23.966666666666665,1210.6615139355106,1.0686554972703257,0.0032798874812821547,3.3196002748484412
turbo_lunar_lander_12d,12,ucb,constant,decay_uniform_grid_a1,223,199,30,0.43101222309484083,0.449504518847893,0.4754376382190467,0.08680263971318405,0.0,0.7466312424372183,0.0,1.7900961071986259,0.8472081205680165,0.7233712692668736,0.7819364761491711,13.9,24.0,1216.5476642133667,0.9452681436358641,0.003306011591727535,3.3180448587207745
turbo_lunar_lander_12d,12,ucb,constant,decay_uniform_grid_a1,224,200,30,0.4494887616467541,0.45963728933370307,0.5056624079512527,0.09232090243909359,0.0,0.7822281982846196,0.0,1.7900961071986259,0.8456091296521197,0.7203177393276419,0.779466587083847,13.966666666666667,24.1,1222.2357582061397,0.9114452727294217,0.07602877599808076,3.329431141773239
turbo_lunar_lander_12d,12,ucb,constant,decay_uniform_grid_a1,225,201,30,0.4497739084094728,0.36584461564821447,0.5073400561588344,0.09262719769471045,0.0,0.8012609002123858,0.0,1.7900961071986259,0.8455971228481266,0.7202874861829929,0.7794346872705209,13.966666666666667,24.166666666666668,1228.1160458769184,1.0149782727938146,0.0032370082568377256,3.2901569603321454
turbo_lunar_lander_12d,12,ucb,constant,decay_uniform_grid_a1,226,202,30,0.4223103078788458,0.3503212524855057,0.48391875110238347,0.08835107199283447,0.0,0.6744161101936903,0.0,1.7900961071986259,0.8455752569432932,0.7202304998574911,0.779311894415536,13.966666666666667,24.166666666666668,1233.93881029482,1.0239054896092663,0.0032076758177330095,3.324069993539403
turbo_lunar_lander_12d,12,ucb,constant,decay_uniform_grid_a1,227,203,30,0.43552135252457036,0.5068359725331771,0.47969760624255064,0.08758039990675866,0.0,0.7277422128614772,0.0,1.7900961071986259,0.8455580929120488,0.7201837701034093,0.7792454484579535,14.0,24.2,1240.057389907958,1.00622190424862,0.0033546634949743748,3.374222127798324
turbo_lunar_lander_12d,12,ucb,constant,decay_uniform_grid_a1,228,204,30,0.44568387641302015,0.457469707668996,0.4747900873631948,0.0866844136428901,0.0,0.8503569666870177,0.0,1.6195239715433734,0.8455542770640291,0.7201544510144041,0.7792247172315455,14.033333333333333,24.266666666666666,1246.3148440051823,0.9894331871376684,0.0033766462312390406,3.516580135142431
turbo_lunar_lander_12d,12,ucb,constant,decay_uniform_grid_a1,229,205,30,0.4181609630308716,0.283704305013073,0.47221842284188453,0.08621489408667098,0.0,0.8177599883594504,0.0,1.6701374864451854,0.8439537426746799,0.7174386316880205,0.7769936482958198,14.066666666666666,24.333333333333332,1252.5021324796137,0.9990146131875615,0.08178971577435731,3.4818963510139533
turbo_lunar_lander_12d,12,ucb,constant,decay_uniform_grid_a1,23,0,30,2.029291854648789,2.0924241953842992,0.4307785176434424,0.07864903713398352,1.8221556810613653,2.2998905622316252,0.4639975490151611,2.646881173905956,0.994474263862337,0.9616650611612246,0.9833508850634076,0.0,0.0,65.81609258996323,0.0,0.0014534895463536182,2.537135161366314
turbo_lunar_lander_12d,12,ucb,constant,decay_uniform_grid_a1,230,206,30,0.45427170068843054,0.5193416150154048,0.4950135452306331,0.09037669499780719,0.0,0.764134283479884,0.0,1.7900961071986259,0.8439491047917098,0.7174077115211458,0.7769310859479093,14.066666666666666,24.366666666666667,1258.5627420938729,1.0268523507130642,0.003340802170957128,3.3694812166970225
turbo_lunar_lander_12d,12,ucb,constant,decay_uniform_grid_a1,231,207,30,0.4202510997353064,0.3235709773840729,0.46843398476724946,0.0855239533863513,0.0,0.7282846223784434,0.0,1.6710670434551487,0.8439357651321477,0.717313574259932,0.7767985884230948,14.1,24.4,1264.2876636381573,0.9849747074302286,0.0034493807858477035,3.4046676112494123
turbo_lunar_lander_12d,12,ucb,constant,decay_uniform_grid_a1,232,208,30,0.4015406569471748,0.22120542944967236,0.45358514370145725,0.08281293831817015,0.0,0.7327259806930358,0.0,1.455033373952745,0.8437950840599715,0.7172840073609195,0.7767406498353437,14.133333333333333,24.466666666666665,1270.3313912124063,0.9722541974857449,0.0035036302637308837,3.4230726001784206
turbo_lunar_lander_12d,12,ucb,constant,decay_uniform_grid_a1,233,209,30,0.41383177752506023,0.22201912025178783,0.4726228969685521,0.08628874062103865,0.0,0.7544547235228665,0.0,1.5032321133944595,0.8437255110517966,0.7171772922900921,0.776663349439346,14.2,24.566666666666666,1276.6748526048382,1.0185664598209163,0.0035103370280315477,3.4356293169471126
turbo_lunar_lander_12d,12,ucb,constant,decay_uniform_grid_a1,234,210,30,0.4125810734514164,0.2133546656814146,0.47801519251100466,0.08727323458948394,0.0,0.7607421027313093,0.0,1.5078412625044502,0.8442863226480803,0.7167643977330111,0.7766567139734705,14.233333333333333,24.666666666666668,1283.1085501196173,1.0587666565862794,0.08574665597019096,3.581020837711791
turbo_lunar_lander_12d,12,ucb,constant,decay_uniform_grid_a1,235,211,30,0.38385359933639196,0.06373321974329926,0.45635751430297733,0.08331910162357573,0.0,0.7759401438913514,0.0,1.3236201974145185,0.844284407617829,0.7166936407006431,0.7765343549434249,14.266666666666667,24.733333333333334,1289.394037499729,1.0200552112422883,0.0036297369127472243,3.5735014291790623
turbo_lunar_lander_12d,12,ucb,constant,decay_uniform_grid_a1,236,212,30,0.3640611202440886,0.15656812051682722,0.4372474841165294,0.07983010342100166,0.0,0.7554151766627721,0.0,1.4816386450285002,0.8442782688787823,0.7166611091900364,0.776500814381024,14.266666666666667,24.766666666666666,1295.622988122143,1.0510979743829618,0.003665527453025182,3.4645038421421
turbo_lunar_lander_12d,12,ucb,constant,decay_uniform_grid_a1,237,213,30,0.39464689594174573,0.19140173969772156,0.4520492459891622,0.08253252304382196,0.0,0.8098807602833127,0.0,1.417573306489421,0.8442570235522845,0.7166123043963591,0.7764520872804935,14.266666666666667,24.766666666666666,1301.8059438130508,1.0285285970506568,0.003492980993663271,3.3926890487161776
turbo_lunar_lander_12d,12,ucb,constant,decay_uniform_grid_a1,238,214,30,0.417680508589773,0.2222813491927792,0.48204262327596215,0.0880085394824031,0.0,0.7849993360645784,0.0,1.6429384621196979,0.8442522237862925,0.7165379506589044,0.7764065246473756,14.3,24.8,1307.9081140191295,0.9993254574015736,0.0036070480787505706,3.420285418877999
turbo_lunar_lander_12d,12,ucb,constant,decay_uniform_grid_a1,239,215,30,0.3777452308632994,0.1948459674308809,0.44461685939788625,0.08117556111310836,0.0,0.6924139671291405,0.0,1.4254685294806317,0.8474602433168379,0.7188086623246281,0.7791297144439491,14.3,24.833333333333332,1314.199336496787,1.096399136679247,0.09033100791275502,3.37636796530957
turbo_lunar_lander_12d,12,ucb,constant,decay_uniform_grid_a1,24,0,30,1.9789134699739348,1.8978690382657675,0.6695397847580342,0.12224068108637631,1.7052837871157773,2.3542641825037984,0.0,3.869210107643327,0.7245680538849998,0.5573613631664515,0.6330507827136042,0.0,0.0,68.28189091295935,0.0,0.01169990364772578,2.068846637646978
turbo_lunar_lander_12d,12,ucb,constant,decay_uniform_grid_a1,240,216,30,0.38111893068909475,0.18653060291386836,0.44156888302586117,0.0806190793085414,0.0,0.7136387308472103,0.0,1.4519649071679104,0.8474399128358086,0.7187372107352803,0.779059242252388,14.333333333333334,24.866666666666667,1320.2163757340672,1.0458459756647547,0.003581954212859273,3.3491450200943897
turbo_lunar_lander_12d,12,ucb,constant,decay_uniform_grid_a1,241,217,30,0.400631611911906,0.19414714136775724,0.46310614554204005,0.08455122747754862,0.0,0.7648020986516355,0.0,1.4167744184975155,0.8474304053641472,0.7186972505991385,0.7789629813657286,14.333333333333334,24.9,1326.6481837557008,1.051678891138484,0.0036782951870312293,3.4082012683463594
turbo_lunar_lander_12d,12,ucb,constant,decay_uniform_grid_a1,242,218,30,0.38169757909215457,0.09816412712703582,0.445099438512855,0.08126366760212479,0.0,0.7741767093491598,0.0,1.4082122124003387,0.8473588524028678,0.7185534008863285,0.7788389037835747,14.4,24.966666666666665,1333.0165224279897,1.030712903290987,0.003673410043120384,3.538807972908641
turbo_lunar_lander_12d,12,ucb,constant,decay_uniform_grid_a1,243,219,30,0.37768121657696213,0.09709537629536158,0.4427403082425638,0.08083295131374753,0.0,0.778860661302165,0.0,1.4135892323736547,0.8471827239641907,0.718420114333311,0.7785802214144488,14.433333333333334,25.066666666666666,1338.9376197005156,0.98672599188673,0.003794797758261363,3.330550201609731
turbo_lunar_lander_12d,12,ucb,constant,decay_uniform_grid_a1,244,220,30,0.35846363311535007,0.0,0.43465258810597207,0.07935634239454752,0.0,0.7911702101744538,0.0,1.3257373836402726,0.8474594784682812,0.7191042117423183,0.7790598705737107,14.433333333333334,25.1,1345.3336948733931,1.0325592092393587,0.09291513313849767,3.4789090026014793
turbo_lunar_lander_12d,12,ucb,constant,decay_uniform_grid_a1,245,221,30,0.36063623950266704,0.10183174737530032,0.4326362791651468,0.07898821643128441,0.0,0.7204561208083891,0.0,1.2809724978326398,0.8474566826243285,0.719061533451803,0.7789991408866132,14.433333333333334,25.1,1351.2875400017015,0.9799008349577586,0.003703624941408634,3.343808718537912
turbo_lunar_lander_12d,12,ucb,constant,decay_uniform_grid_a1,246,222,30,0.36051659532777,0.10183174737530032,0.41958293899738364,0.07660501347772702,0.0,0.7229884397196339,0.0,1.3272434739617014,0.8473952644394807,0.7189728467131061,0.7789455649136003,14.466666666666667,25.133333333333333,1357.2416618881903,1.0243502163949112,0.003791817200059692,3.3597244966775177
turbo_lunar_lander_12d,12,ucb,constant,decay_uniform_grid_a1,247,223,30,0.3708661469168655,0.10679939569837948,0.42510569970999545,0.07761332701839395,0.0,0.7589540708322167,0.0,1.1849623273542325,0.8473874256053245,0.7189510767839793,0.7789345427076797,14.466666666666667,25.166666666666668,1363.5288607963362,1.0544220587704332,0.003822597054143747,3.453631276063
turbo_lunar_lander_12d,12,ucb,constant,decay_uniform_grid_a1,248,224,30,0.3691142128191746,0.10679939569837948,0.40564430004389446,0.07406017781914495,0.0,0.7108693757920008,0.0,1.1710399257644544,0.8473676779985332,0.7189206207230174,0.7789191186474544,14.466666666666667,25.166666666666668,1369.6555957647818,1.0764045844475427,0.003950124528879921,3.4523812130559235
turbo_lunar_lander_12d,12,ucb,constant,decay_uniform_grid_a1,249,225,30,0.35034551083912174,0.15570734269191477,0.37474860356539424,0.06841942118877578,0.0,0.6913618154036315,0.0,1.0461505137942955,0.8484835789840663,0.7198355649024523,0.7799311173286676,14.5,25.2,1375.8675368514223,1.0305371979872386,0.09830321666474144,3.427419224071006
turbo_lunar_lander_12d,12,ucb,constant,decay_uniform_grid_a1,25,1,30,2.0830883404774188,1.9866005137529372,0.8945796894328583,0.16332715846278079,1.661994888979635,2.611746768913672,0.0,3.8899317486328018,0.7220841040998228,0.5550082169586948,0.6304786058314196,0.36666666666666664,0.0,72.10793823145019,0.7301497893407941,0.0014093679065505663,2.100902758942296
turbo_lunar_lander_12d,12,ucb,constant,decay_uniform_grid_a1,250,226,30,0.37271896606526256,0.139224544797671,0.4224901907819011,0.07713580260530281,0.0,0.7084801045850088,0.0,1.1394594153141486,0.8484795931631688,0.7197435091091883,0.7798654567421157,14.533333333333333,25.266666666666666,1382.2014349062151,1.0460488432707886,0.004039474809542298,3.4185917346427837
turbo_lunar_lander_12d,12,ucb,constant,decay_uniform_grid_a1,251,227,30,0.3327414588654956,0.11539615928493219,0.37364701758640806,0.06821830002553507,0.0,0.6976844272974295,0.0,0.9460043078598692,0.8484736673275546,0.7197140251548997,0.7798386489896042,14.566666666666666,25.333333333333332,1388.0347598698922,0.977619778426985,0.003915983314315478,3.2781504133871446
turbo_lunar_lander_12d,12,ucb,constant,decay_uniform_grid_a1,252,228,30,0.3740668498286786,0.17777945800834694,0.4048645267365993,0.07391781134242963,0.0,0.758814394327971,0.0,1.0082222700588537,0.8477141025134812,0.7196208454227849,0.7797069595269285,14.633333333333333,25.433333333333334,1393.8480419738994,0.9614057512488217,0.00380293526686728,3.2744105683950084
turbo_lunar_lander_12d,12,ucb,constant,decay_uniform_grid_a1,253,229,30,0.39802759224522255,0.30861502111948436,0.44663169062026425,0.08154341728312908,0.0,0.7833899595905217,0.0,1.6680072148374698,0.8476342843977404,0.719552413882764,0.779672634744132,14.666666666666666,25.533333333333335,1399.6357936670693,1.002486517575259,0.0037667556200176476,3.191622683017825
turbo_lunar_lander_12d,12,ucb,constant,decay_uniform_grid_a1,254,230,30,0.3702854094433198,0.43161032198817617,0.3775490511165617,0.06893071062040396,0.0,0.6575414904735098,0.0,1.040228071600708,0.8493277559003982,0.721638546742263,0.781668394647484,14.666666666666666,25.566666666666666,1405.319460313674,0.9602643178620686,0.09706081370823086,3.2369864959580203
turbo_lunar_lander_12d,12,ucb,constant,decay_uniform_grid_a1,255,231,30,0.38399586144376546,0.4395210557783761,0.39536759628987217,0.07218391699818627,0.0,0.7334673257684241,0.0,1.1013100519686305,0.8493000585131376,0.7215626968113753,0.781616189005169,14.7,25.6,1411.2782335392976,1.0560342605691404,0.0038927344450106222,3.3559593626608453
turbo_lunar_lander_12d,12,ucb,constant,decay_uniform_grid_a1,256,232,30,0.37245926954645636,0.25466331506864937,0.39615415308744,0.07232752196511524,0.0,0.721883055885379,0.0,1.0292553313476378,0.8492970584303502,0.721550718735077,0.7816114536740197,14.7,25.633333333333333,1417.1665166207124,1.0167708107580742,0.004315585844839613,3.237596001367395
turbo_lunar_lander_12d,12,ucb,constant,decay_uniform_grid_a1,257,233,30,0.32762156014696014,0.2179866039795142,0.3470952675832396,0.06337063588621066,0.0,0.6703083185203922,0.0,0.9157088733677028,0.8492149882761999,0.7214328990578949,0.7815727828885599,14.766666666666667,25.7,1422.9292999895445,0.9651994961624344,0.0036956749856472014,3.296283565197761
turbo_lunar_lander_12d,12,ucb,constant,decay_uniform_grid_a1,258,234,30,0.3251169731482157,0.35757199359642966,0.3237822449802179,0.059114279765109724,0.0,0.5784192539097435,0.0,0.9157088733677028,0.8492123705174021,0.721426011563755,0.7815462481388463,14.766666666666667,25.766666666666666,1429.0174816808974,1.0106398915095876,0.0038347866696616015,3.2720754562566676
turbo_lunar_lander_12d,12,ucb,constant,decay_uniform_grid_a1,259,235,30,0.3087028693317123,0.1512561946429386,0.3513746146764104,0.06415193419765193,0.0,0.5403163503846601,0.0,1.1450475378716272,0.8480165382990555,0.7202027749662357,0.7802267125506628,14.8,25.8,1434.7525038755189,0.8991414209051679,0.10485352006119987,3.346184740557025
turbo_lunar_lander_12d,12,ucb,constant,decay_uniform_grid_a1,26,2,30,1.9506502201928209,1.8779288685374556,0.8206681069054792,0.14983281145906405,1.5365130028219802,2.414343475274142,0.0,3.864448006671237,0.7198398988428552,0.5527880782570881,0.6282525045833458,0.7333333333333333,0.4666666666666667,75.94847530387342,0.8541939152715107,0.0014455607781807581,1.9350885986505697
turbo_lunar_lander_12d,12,ucb,constant,decay_uniform_grid_a1,260,236,30,0.34170083357561293,0.24022939831824575,0.37408939504711625,0.06829906673025564,0.0,0.6091609789232175,0.0,1.1430355118150042,0.8478324050972407,0.720004759223369,0.7800533465265823,14.9,25.866666666666667,1440.634336378115,0.8938115974888206,0.003994695097208023,3.4673070581940313
turbo_lunar_lander_12d,12,ucb,constant,decay_uniform_grid_a1,261,237,30,0.33560050128510893,0.1715274078596698,0.3732052873927836,0.06813765149507532,0.0,0.5990526464074466,0.0,1.1426499935592291,0.8477877901700137,0.7199424822482109,0.7800290381886467,14.933333333333334,26.0,1446.7025510864332,1.0555784501756231,0.003996253432705999,3.3082154996848354
turbo_lunar_lander_12d,12,ucb,constant,decay_uniform_grid_a1,262,238,30,0.3239448640188781,0.19652062392072467,0.3518832114583595,0.06424479084103461,0.0,0.6421246987831234,0.0,1.0082051339913454,0.8477734158010596,0.7199179264556733,0.7799965953142374,14.933333333333334,26.033333333333335,1452.8263714581574,1.0566332701438417,0.0039342499027649564,3.3933835103952634
turbo_lunar_lander_12d,12,ucb,constant,decay_uniform_grid_a1,263,239,30,0.3375305987124882,0.1591930916218558,0.3746353423536892,0.06839874261526205,0.0,0.6809867381424064,0.0,1.1397373845281313,0.8477583464339472,0.7198784845098162,0.7799649102241794,14.966666666666667,26.066666666666666,1459.0464355268982,1.1190109276367972,0.003959196712821722,3.405825708527118
turbo_lunar_lander_12d,12,ucb,constant,decay_uniform_grid_a1,264,240,30,0.3226521219625573,0.09203724308295336,0.35511574524891903,0.06483496806603033,0.0,0.6607616031114103,0.0,1.0322189599338876,0.8474703792046806,0.7188075794799241,0.7791901059029055,15.0,26.066666666666666,1465.4389047756015,1.0610445125028491,0.10821544040615359,3.459843070867161
turbo_lunar_lander_12d,12,ucb,constant,decay_uniform_grid_a1,265,241,30,0.3202135809512218,0.15850095610065895,0.3497172067586735,0.06384933429647455,0.0,0.5899251316969676,0.0,0.9793893307684027,0.847465301389773,0.7187796802153105,0.7791281118770301,15.0,26.1,1471.7419916037936,1.0523997612607976,0.004211389288927118,3.6433788592151055
turbo_lunar_lander_12d,12,ucb,constant,decay_uniform_grid_a1,266,242,30,0.3399188430819896,0.20942579002544492,0.37772642306985693,0.0689630941603668,0.0,0.5557260868114287,0.0,1.0963786964106117,0.8474644655691184,0.7187746714588709,0.7791248269761761,15.0,26.1,1478.2836013949632,1.122217515328278,0.004131169384345412,3.5232878249138593
turbo_lunar_lander_12d,12,ucb,constant,decay_uniform_grid_a1,267,243,30,0.3131944317007113,0.0616229374387095,0.3533286519789943,0.06450869096726251,0.0,0.626724650479763,0.0,0.9536281804252114,0.8474583888532611,0.718727637302575,0.7790803091012112,15.033333333333333,26.133333333333333,1484.3857649622018,1.0483433455073585,0.004085854192574819,3.3494981803620854
turbo_lunar_lander_12d,12,ucb,constant,decay_uniform_grid_a1,268,244,30,0.3114501848858914,0.1075653639122851,0.36308894547524523,0.06629066860585171,0.0,0.5640828682272143,0.0,1.0433528888105768,0.8474427374985326,0.7186727146424376,0.7790261254572688,15.066666666666666,26.2,1490.542892045264,1.0381548169689874,0.004216475148374836,3.518144084404533
turbo_lunar_lander_12d,12,ucb,constant,decay_uniform_grid_a1,269,245,30,0.35016046160609426,0.04725163828080059,0.3982545554203379,0.07271100121097013,0.0,0.7245535391769132,0.0,1.0778150968315938,0.847025349348789,0.7173968475635432,0.7781071782913564,15.066666666666666,26.233333333333334,1496.770511446676,1.0382866335722307,0.11543199441706141,3.431410288376113
turbo_lunar_lander_12d,12,ucb,constant,decay_uniform_grid_a1,27,3,30,1.8501522871963911,1.9042955932913752,0.6828790963273065,0.12467609503573633,1.66459334080293,2.268606478612268,0.0,3.003165016127082,0.7183750941454085,0.5508267833333128,0.6259408783346955,1.0333333333333334,1.0,79.59392796267444,1.0055521274295947,0.0014109795602659384,1.8627703462572147
turbo_lunar_lander_12d,12,ucb,constant,decay_uniform_grid_a1,270,246,30,0.3331161141079997,0.02135877174709222,0.3813285960668868,0.06962075796253656,0.0,0.7048202592467414,0.0,1.0514988060655668,0.8470105424294364,0.7173486538325039,0.7780680861812925,15.1,26.266666666666666,1502.9190324402725,1.0562948882735024,0.004317971831187606,3.4857318978601444
turbo_lunar_lander_12d,12,ucb,constant,decay_uniform_grid_a1,271,247,30,0.36188123350980617,0.15135788058921373,0.394036012057738,0.07194080409113358,0.0,0.7134518179619683,0.0,1.046891996418173,0.8469838710937769,0.7172905392549365,0.7779937402496525,15.133333333333333,26.333333333333332,1508.934759635587,1.0422414186100164,0.004200504611556729,3.4489944642875345
turbo_lunar_lander_12d,12,ucb,constant,decay_uniform_grid_a1,272,248,30,0.32756789043312956,0.08555010039413713,0.37209836943510527,0.067935556850166,0.0,0.6269237013989832,0.0,1.046891996418173,0.8469752189278785,0.7172530955905773,0.7779724528654338,15.133333333333333,26.366666666666667,1514.920862877369,1.0075597489097465,0.004250682129835089,3.463365144546454
turbo_lunar_lander_12d,12,ucb,constant,decay_uniform_grid_a1,273,249,30,0.3213681240632235,0.08696184362079873,0.3627461057396499,0.06622807492025348,0.0,0.6317352456064356,0.0,1.0360274926995343,0.8469483514533306,0.7171827576655885,0.7778919618016116,15.166666666666666,26.4,1521.1441828285344,1.0066373109817506,0.004246897126237551,3.5194245505922783
turbo_lunar_lander_12d,12,ucb,constant,decay_uniform_grid_a1,274,250,30,0.340877508421287,0.1952227561554204,0.3799706619730385,0.06937283425093455,0.0,0.6691820390651921,0.0,1.068760842588408,0.847604703856775,0.7175757005369579,0.7784897049982951,15.166666666666666,26.433333333333334,1527.5258870854973,1.0944360247347504,0.12725501987151802,3.5029051619737097
turbo_lunar_lander_12d,12,ucb,constant,decay_uniform_grid_a1,275,251,30,0.32726265173421404,0.04998295793179153,0.3760855878036874,0.06866351999755646,0.0,0.6366934288239231,0.0,1.0435315172912194,0.8476007734259338,0.7175437887291711,0.7784396638641222,15.166666666666666,26.433333333333334,1533.985822086595,1.015150068467483,0.004386139598985513,3.5582461254981657
turbo_lunar_lander_12d,12,ucb,constant,decay_uniform_grid_a1,276,252,30,0.3374465355605633,0.09808870450098173,0.3843820539369048,0.07017824054713673,0.0,0.6535189366111112,0.0,1.064441336839813,0.8475880126857446,0.7175067372744253,0.7783859438397407,15.166666666666666,26.433333333333334,1540.2148244869275,1.0950705109940222,0.004442833488186201,3.4603526609484105
turbo_lunar_lander_12d,12,ucb,constant,decay_uniform_grid_a1,277,253,30,0.32358093161801205,0.12821609297835312,0.3655772289432634,0.06674496493415195,0.0,0.6836771645700099,0.0,0.9923231240900894,0.8475826479595353,0.7174936273979992,0.7783727766672718,15.166666666666666,26.433333333333334,1546.3138347930897,1.0344439511187375,0.004492397264887889,3.4210740237652013
turbo_lunar_lander_12d,12,ucb,constant,decay_uniform_grid_a1,278,254,30,0.31268905052522145,0.1341551477638636,0.3493583018922238,0.06378380753269024,0.0,0.5894499031961509,0.0,0.9085159644499694,0.8475736499117582,0.7174728347238434,0.7783571674574413,15.166666666666666,26.433333333333334,1552.5940932517872,1.053046338368828,0.0045553052177031835,3.498801550346737
turbo_lunar_lander_12d,12,ucb,constant,decay_uniform_grid_a1,279,255,30,0.3448036684631722,0.2123835186959121,0.3695229616632052,0.06746535387301807,0.0,0.7091875552136395,0.0,0.9774624299429866,0.84577357432715,0.715126661554519,0.7761922649071166,15.2,26.466666666666665,1559.0621821923182,1.0699698829092086,0.12721877961109082,3.523706204816699
turbo_lunar_lander_12d,12,ucb,constant,decay_uniform_grid_a1,28,4,30,1.7611004826056345,1.8983678745019072,0.6457024903950127,0.1178886064755371,1.4919270132620563,2.1831638760165477,0.0,2.638988165270164,0.7161611771191656,0.5487190513198702,0.6234286834197532,1.3333333333333333,1.4,83.23976170566554,1.046925362975647,0.0014410723776866992,1.9445262597408146
turbo_lunar_lander_12d,12,ucb,constant,decay_uniform_grid_a1,280,256,30,0.33171660743755604,0.15410268040398623,0.3788113048072516,0.06916116556029896,0.0,0.6314711981929031,0.0,1.1465527951893026,0.8457362995894763,0.7150700758375902,0.7761553380112243,15.233333333333333,26.533333333333335,1565.3918222671996,1.0998529439947258,0.004461331929390629,3.504731904482469
turbo_lunar_lander_12d,12,ucb,constant,decay_uniform_grid_a1,281,257,30,0.31364453195808767,0.08593358476079693,0.3551038144223558,0.0648327898050842,0.0,0.5701760976954398,0.0,0.9966283939116574,0.8457324084869087,0.7150558705778003,0.7761527419573198,15.233333333333333,26.566666666666666,1571.4547211798374,1.043978390423581,0.004456450169285139,3.3686662819546958
turbo_lunar_lander_12d,12,ucb,constant,decay_uniform_grid_a1,282,258,30,0.3297428572264034,0.1634392365099414,0.3750046215111906,0.06846616345678871,0.0,0.6225738738393949,0.0,1.1655190293077333,0.8456295865492577,0.7149636125415383,0.7760516708405423,15.266666666666667,26.6,1577.6513186898549,1.0400531565925728,0.004639822368820508,3.6455645489506425
turbo_lunar_lander_12d,12,ucb,constant,decay_uniform_grid_a1,283,259,30,0.3201735957845508,0.16853361880351214,0.3438413713487129,0.0627765584304002,0.0,0.6307651225256199,0.0,0.8904807380710944,0.8456266766905124,0.7149401647704925,0.7760271077915726,15.266666666666667,26.633333333333333,1583.8856259180388,1.062850602172936,0.0046681280247867106,3.604346114831666
turbo_lunar_lander_12d,12,ucb,constant,decay_uniform_grid_a1,284,260,30,0.28825639009760196,0.07918228156463991,0.34579272843545533,0.06313282586178566,0.0,0.4478993027526606,0.0,1.081390745838597,0.8458898946950117,0.7145913764608288,0.7759055151963536,15.266666666666667,26.633333333333333,1590.5434840370435,1.1810089415249725,0.14006555362915,3.5795199440947423
turbo_lunar_lander_12d,12,ucb,constant,decay_uniform_grid_a1,285,261,30,0.36431326527823854,0.1011710545039527,0.40177158487959813,0.07335312000105247,0.0,0.689095185294035,0.0,1.1093833968269686,0.8458195126027319,0.714527917904683,0.7758790852529427,15.3,26.666666666666668,1597.1459094848174,1.144401808315888,0.004665614090239008,3.581072519983475
turbo_lunar_lander_12d,12,ucb,constant,decay_uniform_grid_a1,286,262,30,0.33195377579594015,0.13740717965491966,0.37052218207339166,0.06764778572587762,0.0,0.648769587395871,0.0,1.0152519237519027,0.8458181649472998,0.714513672291412,0.7758606177287024,15.333333333333334,26.733333333333334,1603.3732947278613,1.0170330609039715,0.004539424537991484,3.480174889803554
turbo_lunar_lander_12d,12,ucb,constant,decay_uniform_grid_a1,287,263,30,0.31827101874979097,0.14951694275374927,0.34864300996631414,0.0636532136916829,0.0,0.5992527912882757,0.0,0.9335188689516176,0.8458163670044218,0.7145057959618433,0.7758566059481482,15.333333333333334,26.766666666666666,1609.775997579408,1.1103484677616506,0.004590168781578541,3.5247074263636025
turbo_lunar_lander_12d,12,ucb,constant,decay_uniform_grid_a1,288,264,30,0.314990853504728,0.1995462249706892,0.34301729335537684,0.06262610306170227,0.0,0.5868605406505802,0.0,0.9491505405232405,0.8458141394563263,0.7144903154520221,0.7758435350604387,15.333333333333334,26.766666666666666,1616.2314276887569,1.102286389361446,0.004549509519711137,3.496017052885145
turbo_lunar_lander_12d,12,ucb,constant,decay_uniform_grid_a1,289,265,30,0.32723980172231865,0.20552726267351473,0.34977269779735626,0.06385946552768318,0.0,0.6299456843983096,0.0,0.9953186877452824,0.8435532217303959,0.711687467753896,0.7731470298490876,15.333333333333334,26.766666666666666,1622.4445603930546,1.022904430065925,0.1310810743831098,3.454178454556192
turbo_lunar_lander_12d,12,ucb,constant,decay_uniform_grid_a1,29,5,30,1.778940918091725,1.9079864370106965,0.6353725273851413,0.11600262188930359,1.6334733099491556,2.170376033995335,0.0,2.466599924765422,0.7693349296581198,0.6108995220365036,0.6836896940367632,1.7333333333333334,1.9,86.96985866078175,0.8865819371305406,0.010757919338842233,2.026826530105124
turbo_lunar_lander_12d,12,ucb,constant,decay_uniform_grid_a1,290,266,30,0.3449275297131098,0.19577836883447142,0.38865067665254877,0.07095758086408245,0.0,0.5996674563085336,0.0,1.176751810684643,0.8435476014034803,0.7116810247060333,0.773144656062676,15.333333333333334,26.766666666666666,1628.8229229892759,1.0847181773589303,0.004552981723099947,3.3322590795656044
turbo_lunar_lander_12d,12,ucb,constant,decay_uniform_grid_a1,291,267,30,0.32781010256110804,0.17095478853992518,0.36828376786014494,0.0672391090733325,0.0,0.6276185013437483,0.0,1.1171707427275979,0.843546712987451,0.711665800498638,0.7731422104748078,15.333333333333334,26.766666666666666,1634.861073836886,1.0747456590334574,0.004571214442451795,3.401750994970401
turbo_lunar_lander_12d,12,ucb,constant,decay_uniform_grid_a1,292,268,30,0.3402707325114972,0.1625654655231572,0.3848792070700859,0.07026900787566262,0.0,0.6602502606529286,0.0,1.075998938636755,0.843538684351918,0.7116219228673814,0.7730868412747686,15.333333333333334,26.766666666666666,1641.3684522516871,1.106169269559905,0.004752467867607872,3.6169466888687265
turbo_lunar_lander_12d,12,ucb,constant,decay_uniform_grid_a1,293,269,30,0.31861454059954836,0.06006662482128844,0.365070864889427,0.06665251592928664,0.0,0.5861583106800665,0.0,1.0753569637316134,0.8432199530708469,0.711594656145795,0.7730578398053789,15.333333333333334,26.766666666666666,1647.6859006879852,1.102956674542899,0.004796396257976691,3.474246835056692
turbo_lunar_lander_12d,12,ucb,constant,decay_uniform_grid_a1,294,270,30,0.28838232633537003,0.07944796833379297,0.3396342182703227,0.062008440882429655,0.0,0.571785178473098,0.0,1.0887050410976924,0.8482218758984345,0.7171617612399852,0.7784648480586182,15.333333333333334,26.766666666666666,1654.435083163716,1.1765549114750078,0.1501315856197228,3.600275667058304
turbo_lunar_lander_12d,12,ucb,constant,decay_uniform_grid_a1,295,271,30,0.2932111911447817,0.0895548469525147,0.3275670563011363,0.05980528861056571,0.0,0.6010194891284555,0.0,0.8427558038776026,0.8482210856006184,0.7171499956049205,0.7784628585809009,15.333333333333334,26.766666666666666,1660.7322886802256,1.0410639488603919,0.004787318098048369,3.522788532652582
turbo_lunar_lander_12d,12,ucb,constant,decay_uniform_grid_a1,296,272,30,0.302899832062454,0.0895548469525147,0.3482069054485128,0.06357359226440633,0.0,0.6206126238905689,0.0,0.9873222672310871,0.8481983658257604,0.7171034083402962,0.7783923616644863,15.366666666666667,26.8,1666.8278268258398,1.0443712793290616,0.004664575758700569,3.428628471757596
turbo_lunar_lander_12d,12,ucb,constant,decay_uniform_grid_a1,297,273,30,0.2742525425624946,0.01925924697045489,0.3451890844061809,0.06302261604460668,0.0,0.6084408153742966,0.0,1.0004687914186703,0.8481748581800281,0.7170492230223411,0.7783613090529642,15.4,26.866666666666667,1672.8871109536537,0.9821016190573573,0.004659480834379792,3.3968415413207063
turbo_lunar_lander_12d,12,ucb,constant,decay_uniform_grid_a1,298,274,30,0.30415019412488536,0.019058653153974037,0.3604548284702177,0.06580974683826453,0.0,0.583097851668074,0.0,0.9964268747623912,0.8481720286795701,0.717034298908308,0.7783530266510169,15.4,26.9,1679.0102759678848,1.0814637277740986,0.004699436295777559,3.412435885875796
turbo_lunar_lander_12d,12,ucb,constant,decay_uniform_grid_a1,299,275,30,0.29076554969986007,0.05855528418239753,0.33443250746489245,0.06105874276717881,0.0,0.5937856604783955,0.0,0.9355381426185088,0.8471814981421943,0.7150782954957319,0.7768009358005574,15.433333333333334,26.933333333333334,1685.235281954597,1.0332618326414376,0.14129848359152675,3.3510812133395422
turbo_lunar_lander_12d,12,ucb,constant,decay_uniform_grid_a1,3,0,30,2.683683525413747,2.7044645277229673,0.4563391405767613,0.08331574705547107,2.3869223533663404,2.9571486715857542,1.810462903821802,3.5922050422052374,0.9994823997095069,0.9919775531518832,0.9979881802333577,0.0,0.0,6.175202085279549,0.0,0.0014602487130711476,2.2331909948028623
turbo_lunar_lander_12d,12,ucb,constant,decay_uniform_grid_a1,30,6,30,1.7773602481294837,1.7886632007830623,0.5698217853083166,0.10403474852374363,1.551419936107591,2.250852898162225,0.0,2.4861812727976424,0.7680617696615049,0.6094310782599609,0.6820824279188328,1.9333333333333333,2.3666666666666667,91.68740068958141,1.3174998659950992,0.0014753265927235286,2.3485008467454462
turbo_lunar_lander_12d,12,ucb,constant,decay_uniform_grid_a1,300,276,30,0.2846030360602194,0.0022849762528356354,0.32641902463956496,0.05959568766464145,0.0,0.6164332003299361,0.0,0.8871799749789111,0.8471795321805333,0.71507213002146,0.7767984354715292,15.433333333333334,26.966666666666665,1691.4457403781514,1.0490133348697175,0.004831863800063729,3.4696056541210663
turbo_lunar_lander_12d,12,ucb,constant,decay_uniform_grid_a1,301,277,30,0.30027545833349173,0.008680376952873159,0.34417559753264937,0.06283757950381715,0.0,0.6408537352058383,0.0,0.8872243879570536,0.8471738562325252,0.7150353150385125,0.7767296385560548,15.466666666666667,27.0,1697.7498872364872,1.1268726291445395,0.004960238964607318,3.488317607731248
turbo_lunar_lander_12d,12,ucb,constant,decay_uniform_grid_a1,302,278,30,0.305690137682126,0.014306540038592108,0.34213871535291174,0.06246569739820962,0.0,0.6418406561379725,0.0,0.8766777183080006,0.8471693867490228,0.7150165681260495,0.7767192784128117,15.466666666666667,27.033333333333335,1704.0873454632238,1.1529564587399364,0.004928574400643508,3.4115464755954843
turbo_lunar_lander_12d,12,ucb,constant,decay_uniform_grid_a1,303,279,30,0.2781968386613777,0.009020015813851034,0.33012421122824903,0.06027215908943741,0.0,0.608441631017304,0.0,0.8703996196643071,0.8471491649951151,0.7149977269308297,0.7767177446071423,15.5,27.066666666666666,1710.3818982777652,1.0518070825065176,0.005035625693077843,3.5264177879784255
turbo_lunar_lander_12d,12,ucb,constant,decay_uniform_grid_a1,304,280,30,0.2879892901996796,0.0,0.3330171010904241,0.060800326100734506,0.0,0.5595327325224373,0.0,0.948133833570576,0.8504961829280704,0.721389314521405,0.7819785964168603,15.566666666666666,27.166666666666668,1716.6700496658527,1.072435318554441,0.14206300096896787,3.3557089175252863
turbo_lunar_lander_12d,12,ucb,constant,decay_uniform_grid_a1,305,281,30,0.3099726669215057,0.0,0.36042365111269725,0.06580405465759875,0.0,0.6557943402939372,0.0,0.9705270319811579,0.8504844085119748,0.7213581645059227,0.7819462251528254,15.566666666666666,27.233333333333334,1722.6173874937463,1.0477844441620012,0.004961129076158007,3.3777712816372514
turbo_lunar_lander_12d,12,ucb,constant,decay_uniform_grid_a1,306,282,30,0.2927408308838231,0.0,0.3510280627392834,0.0640886627598814,0.0,0.6002185515196816,0.0,0.9419228818731888,0.8504811684702545,0.7213511338730526,0.7819453804125013,15.566666666666666,27.233333333333334,1728.8731710467953,1.0897178683274735,0.004978851151342193,3.3039301115553825
turbo_lunar_lander_12d,12,ucb,constant,decay_uniform_grid_a1,307,283,30,0.2904120223617325,0.0,0.34880113194340095,0.06368208268291216,0.0,0.5925833466182268,0.0,0.921165181925538,0.8504407859322604,0.7212876725261899,0.781913650628388,15.6,27.266666666666666,1734.8886044590733,0.9824139528286954,0.004989959516872962,3.425182337422545
turbo_lunar_lander_12d,12,ucb,constant,decay_uniform_grid_a1,308,284,30,0.28426926051718493,0.0,0.3347219561209526,0.061111588619900056,0.0,0.584351345509531,0.0,0.921165181925538,0.8501047942071696,0.7212163641715978,0.7818078826402556,15.633333333333333,27.333333333333332,1740.9693308728436,0.9759354592145731,0.005043133581057191,3.4284163198899478
turbo_lunar_lander_12d,12,ucb,constant,decay_uniform_grid_a1,309,285,30,0.2739022741809498,0.0,0.3334691833199106,0.060882864645713505,0.0,0.5519958810135963,0.0,0.9763782855838021,0.8492111280278469,0.7208194331675674,0.7811836567556443,15.666666666666666,27.4,1747.2579268026786,1.0408144599447648,0.14494877021449307,3.4536372321968276
turbo_lunar_lander_12d,12,ucb,constant,decay_uniform_grid_a1,31,7,30,1.8228986911942082,1.8600225358713312,0.5281816525302866,0.09643233518373119,1.6512768824116513,2.2010383784096845,0.0,2.6449515113807074,0.7654579241779812,0.6079339688275179,0.6806057080859748,2.2333333333333334,2.6666666666666665,96.28470152878823,1.2280302114008614,0.0015426965430378914,2.5094077354917923
turbo_lunar_lander_12d,12,ucb,constant,decay_uniform_grid_a1,310,286,30,0.270039166373896,0.0,0.3181484931682538,0.05808570211484361,0.0,0.4974890990070413,0.0,0.9724876698636904,0.8490858512055549,0.7207860688258015,0.7811143609101716,15.666666666666666,27.433333333333334,1753.2916275495818,1.0238555636256934,0.004994440979013841,3.4035613665046793
turbo_lunar_lander_12d,12,ucb,constant,decay_uniform_grid_a1,311,287,30,0.2891684250020162,0.0,0.3308564618042219,0.06040584914217291,0.0,0.6070379162417774,0.0,0.9013373829960949,0.8490848816705472,0.7207802283676481,0.7811014022209944,15.666666666666666,27.433333333333334,1759.4876877333813,1.03110670975099,0.0051804786237577595,3.470062189331899
turbo_lunar_lander_12d,12,ucb,constant,decay_uniform_grid_a1,312,288,30,0.3072801699965561,0.03509663410246866,0.3663884492510713,0.06689307282138283,0.0,0.6453768531860506,0.0,1.09327120645578,0.8490730195337868,0.720722643983068,0.7810847345205036,15.7,27.466666666666665,1765.4194017254902,1.0093645109484592,0.005108044544855753,3.377852943322311
turbo_lunar_lander_12d,12,ucb,constant,decay_uniform_grid_a1,313,289,30,0.2909616229328805,0.0,0.34075451006301255,0.0622129772443777,0.0,0.6720284320811473,0.0,0.867354021460623,0.8490719081141384,0.7207153212190209,0.781075625481357,15.7,27.5,1771.4300228732639,1.0505255993145208,0.005166261317208409,3.3284066201498113
turbo_lunar_lander_12d,12,ucb,constant,decay_uniform_grid_a1,314,290,30,0.29224613143895045,0.0,0.34446974955536325,0.06289128406987587,0.0,0.6079910847340138,0.0,0.9638914308023943,0.8495029195437234,0.720807633655052,0.7813147912634768,15.7,27.5,1777.4168754692967,1.0152874005337555,0.15132953299519916,3.24566888473928
turbo_lunar_lander_12d,12,ucb,constant,decay_uniform_grid_a1,315,291,30,0.29556613458896497,0.0,0.3386951620425627,0.06183699345619304,0.0,0.6585624055866308,0.0,0.8977460127930925,0.8494460919306491,0.7207857279817004,0.7812902411358427,15.7,27.5,1783.2759110460524,0.9942243501078337,0.0051180457696318625,3.3023013713924834
turbo_lunar_lander_12d,12,ucb,constant,decay_uniform_grid_a1,316,292,30,0.2796608328019326,0.0,0.3301209926833527,0.06027157146622339,0.0,0.5694464396390371,0.0,1.1216684159392456,0.8494355538301775,0.720749906077274,0.7812321908342793,15.733333333333333,27.533333333333335,1789.1302132489004,1.0180372099081676,0.005064046910653512,3.2875837037650246
turbo_lunar_lander_12d,12,ucb,constant,decay_uniform_grid_a1,317,293,30,0.3074935857418946,0.0,0.3576484302642707,0.06529737097068479,0.0,0.6080867003802211,0.0,0.9731661460762993,0.8494213463001168,0.7206905573107008,0.7811558794729822,15.766666666666667,27.6,1795.0412673180767,1.011994694483777,0.004947134697188934,3.2351254696802547
turbo_lunar_lander_12d,12,ucb,constant,decay_uniform_grid_a1,318,294,30,0.29299376541780003,0.0,0.33463025917326084,0.061094847124331664,0.0,0.6538525312555024,0.0,0.8792086631694291,0.8493692625222443,0.7206322886678033,0.7811298764652468,15.8,27.666666666666668,1800.8233010426475,1.0093694274313747,0.004991467716172338,3.267442803209027
turbo_lunar_lander_12d,12,ucb,constant,decay_uniform_grid_a1,319,295,30,0.3035026633950358,0.0,0.35410889626708264,0.06465114343291269,0.0,0.6458542618834124,0.0,0.883229005082123,0.8505139519242887,0.7221731708552696,0.7825095263377642,15.833333333333334,27.733333333333334,1806.6283028882308,0.9329283883484701,0.15033334507606924,3.2617247890525807
turbo_lunar_lander_12d,12,ucb,constant,decay_uniform_grid_a1,32,8,30,1.7208838311534775,1.8770191997938577,0.623656317153181,0.1138635443451311,1.4135937715914386,2.1585626059970644,0.0,2.4859259508034754,0.764004921029171,0.6064060833065351,0.6788811682360655,2.6,3.1333333333333333,100.94586340626702,1.1023411709349602,0.0015312488190829753,2.3752133765568337
turbo_lunar_lander_12d,12,ucb,constant,decay_uniform_grid_a1,320,296,30,0.3009840237053883,0.0,0.35513130991328024,0.06483780977195387,0.0,0.5759943655656867,0.0,0.9203178057994725,0.8505129611981718,0.7221689101087366,0.7825076544738458,15.833333333333334,27.766666666666666,1812.6341965279696,1.0896974624289821,0.005403754627332091,3.1852184986229988
turbo_lunar_lander_12d,12,ucb,constant,decay_uniform_grid_a1,321,297,30,0.28824631772036624,0.0,0.335584073269318,0.0612689889563573,0.0,0.588386207736322,0.0,0.8539980521798447,0.8504613209700749,0.7220548508038511,0.782394764510236,15.866666666666667,27.8,1818.1840936661697,0.9736803861645361,0.004933271758879225,3.123510204271103
turbo_lunar_lander_12d,12,ucb,constant,decay_uniform_grid_a1,322,298,30,0.2956129511333323,0.0,0.34863244354735357,0.06365128453634399,0.0,0.6249843534133761,0.0,1.0318563248531567,0.8504080083686766,0.7220429269957204,0.7823794391464924,15.866666666666667,27.833333333333332,1823.9192258339065,0.9776119092324128,0.004899771464988589,3.186143439495936
turbo_lunar_lander_12d,12,ucb,constant,decay_uniform_grid_a1,323,299,30,0.2726903484882267,0.0,0.3460386925783096,0.0631777325649119,0.0,0.5750066640951188,0.0,1.0161719783075984,0.8504057784556268,0.7220290738168129,0.782352030421537,15.866666666666667,27.833333333333332,1829.6273282821135,1.0253495503682644,0.004919418987507622,3.1491849104097733
turbo_lunar_lander_12d,12,ucb,constant,decay_uniform_grid_a1,324,300,30,0.2937581799058051,0.0,0.3722686853107916,0.06796665213250422,0.0,0.6161935290289766,0.0,1.0695071011314812,0.8495714638715695,0.7202508675824286,0.7809862992313948,15.9,27.866666666666667,1835.3595357136955,0.9356249185589453,0.14270378132350742,3.2259056370550145
turbo_lunar_lander_12d,12,ucb,constant,decay_uniform_grid_a1,325,301,30,0.2953758992228123,0.0,0.3535914820365415,0.06455667695103218,0.0,0.6302969399305907,0.0,1.0062372109801565,0.8495680518025684,0.7202317045036783,0.7809834215638785,15.933333333333334,27.933333333333334,1841.1088170012615,0.9731669225419561,0.005151611985638738,3.2497093610620746
turbo_lunar_lander_12d,12,ucb,constant,decay_uniform_grid_a1,326,302,30,0.27475409824667557,0.0,0.33154238131703084,0.06053108033877238,0.0,0.6273552595826032,0.0,0.8714563672936062,0.8495610692088813,0.7202029071360003,0.7809660274775596,15.933333333333334,27.966666666666665,1846.8788590375023,1.0107912063753852,0.005194842504958312,3.313301585537071
turbo_lunar_lander_12d,12,ucb,constant,decay_uniform_grid_a1,327,303,30,0.31361855694054075,0.0,0.3559018426857007,0.06497848916553776,0.0,0.6667261045310249,0.0,0.9760836874899823,0.8495600502967307,0.7201858354962558,0.7809459342073045,15.933333333333334,27.966666666666665,1852.7538471180635,1.032269424588109,0.00530722535525759,3.3148559127002954
turbo_lunar_lander_12d,12,ucb,constant,decay_uniform_grid_a1,328,304,30,0.27523587016584805,0.0,0.32783818172119694,0.05985478911339246,0.0,0.5408671600063018,0.0,0.976780407066691,0.849558731249477,0.7201811095067697,0.7809414271536054,15.933333333333334,27.966666666666665,1858.6121398560704,1.0504397774270424,0.0051270729551712675,3.2663036932392666
turbo_lunar_lander_12d,12,ucb,constant,decay_uniform_grid_a1,329,305,30,0.30163664471660173,0.0,0.35269978468668695,0.0643938760333712,0.0,0.6220698663360897,0.0,0.8735143839560526,0.8485702464004318,0.7183225569201798,0.779460182362098,15.933333333333334,27.966666666666665,1864.8370562137259,1.0314818835817277,0.15954416582050424,3.3226265074529997
turbo_lunar_lander_12d,12,ucb,constant,decay_uniform_grid_a1,33,9,30,1.6868115471010734,1.8690147625294427,0.6799233936372008,0.1241364600235198,1.4548795350006698,2.223328471245792,0.0,2.5060904806304487,0.7625333236591793,0.6052185487311296,0.6775922198318849,2.8,3.566666666666667,105.75406312644482,1.4319287552808722,0.001534497815494736,2.511041492410004
turbo_lunar_lander_12d,12,ucb,constant,decay_uniform_grid_a1,330,306,30,0.2895800539041468,0.0,0.341290674321489,0.062310866997342895,0.0,0.5765588192950857,0.0,1.014412092954738,0.8485237076909391,0.718264092804038,0.7794231443054855,15.966666666666667,28.0,1870.8890507122346,1.005128028585265,0.005561902436117331,3.427801455107207
turbo_lunar_lander_12d,12,ucb,constant,decay_uniform_grid_a1,331,307,30,0.27516071268269554,0.0,0.32020429710815584,0.05846103884540773,0.0,0.5471252520013848,0.0,0.8931200595288415,0.8485196006303422,0.7182539004652093,0.7794048530151957,15.966666666666667,28.033333333333335,1877.1577325693486,1.0545895000609258,0.005534593435004354,3.574687568626056
turbo_lunar_lander_12d,12,ucb,constant,decay_uniform_grid_a1,332,308,30,0.2695739509296685,0.0,0.31981074478582777,0.05838918635057518,0.0,0.4901686334257795,0.0,1.0072954893867978,0.8484396977152197,0.7182127106058863,0.7793309172221637,16.0,28.066666666666666,1883.6978814156416,1.076360382232815,0.005760149393851558,3.6694384521183867
turbo_lunar_lander_12d,12,ucb,constant,decay_uniform_grid_a1,333,309,30,0.2759416773047096,0.0,0.31496241314992823,0.057504006149492484,0.0,0.5606171512624066,0.0,0.8065855872991565,0.8484116720402421,0.7181633595928989,0.7792101676117694,16.033333333333335,28.133333333333333,1890.045769074761,1.0822196113566558,0.005714886309579015,3.613947262909884
turbo_lunar_lander_12d,12,ucb,constant,decay_uniform_grid_a1,334,310,30,0.28191010891731505,0.0,0.31954604246532287,0.058340858539920354,0.0,0.5967848147284947,0.0,0.8916432504768907,0.8475618401511807,0.7170026420744723,0.7781656176260037,16.1,28.233333333333334,1896.6543622267898,1.0723601627008368,0.18096524629121025,3.595031932989756
turbo_lunar_lander_12d,12,ucb,constant,decay_uniform_grid_a1,335,311,30,0.26276177027871517,0.0,0.30573430006808877,0.05581919091678182,0.0,0.5493472076029804,0.0,0.8235322692371729,0.847559277226706,0.7169852043903762,0.7781297256735253,16.1,28.3,1903.0553333325931,1.189074190147221,0.005846452650924524,3.6139471942093224
turbo_lunar_lander_12d,12,ucb,constant,decay_uniform_grid_a1,336,312,30,0.2626832525547678,0.0,0.32339729852608384,0.05904399847965611,0.0,0.4886778332465763,0.0,0.9465022917656083,0.8475211595558737,0.7168868779798541,0.7780255754901119,16.166666666666668,28.366666666666667,1909.3413759249108,1.0468739895926167,0.00594462330142657,3.6010501408639053
turbo_lunar_lander_12d,12,ucb,constant,decay_uniform_grid_a1,337,313,30,0.2426467682699596,0.0,0.2925715002509555,0.0534160034568589,0.0,0.46698875363975,0.0,0.8745437650677996,0.8475169235023347,0.7168684461976735,0.7780095473085595,16.166666666666668,28.433333333333334,1915.67227861636,1.1135382713594784,0.005911043255279461,3.5055662226397546
turbo_lunar_lander_12d,12,ucb,constant,decay_uniform_grid_a1,338,314,30,0.2618052919051768,0.0,0.32674742523754796,0.059655645136445945,0.0,0.48052055298322255,0.0,0.984211024506886,0.8474681342161621,0.7168106681304921,0.7779319228012671,16.2,28.466666666666665,1921.9853802743212,1.093201973910133,0.005871059047058225,3.600871558611592
turbo_lunar_lander_12d,12,ucb,constant,decay_uniform_grid_a1,339,315,30,0.27634752895888737,0.0,0.3224067115383511,0.058863142866872005,0.0,0.5717296602794519,0.0,0.9247751857899102,0.8460009524787548,0.7147482542918071,0.7760682105582478,16.233333333333334,28.533333333333335,1928.291059727765,1.0371576130390168,0.18358064348188538,3.582273917722826
turbo_lunar_lander_12d,12,ucb,constant,decay_uniform_grid_a1,34,10,30,1.706123252115009,1.8265721977173066,0.6593961367286161,0.12038871280600794,1.4112245340183422,2.215423348449759,0.0,2.4664984565225696,0.7758704649979128,0.6308016015062994,0.6968718539498391,2.933333333333333,3.8333333333333335,111.02838590471075,1.5650186898962906,0.011220117363457878,2.488046038337052
turbo_lunar_lander_12d,12,ucb,constant,decay_uniform_grid_a1,340,316,30,0.28010642590685636,0.0,0.32703754530684953,0.05970861357189309,0.0,0.5414622763534199,0.0,0.9286728946703977,0.8459538546966637,0.7146908504246275,0.7760460828295579,16.266666666666666,28.6,1934.6954878246256,1.0650699869263918,0.005854078552996119,3.6133923798489076
turbo_lunar_lander_12d,12,ucb,constant,decay_uniform_grid_a1,341,317,30,0.27426345743914843,0.0,0.3301829570145513,0.06028288455354279,0.0,0.5628555539468737,0.0,0.9329528779029226,0.8458519386377059,0.7146176101831663,0.77592976827211,16.3,28.666666666666668,1940.9931184079499,1.111353924140955,0.005969426361843944,3.525003694013382
turbo_lunar_lander_12d,12,ucb,constant,decay_uniform_grid_a1,342,318,30,0.256039434818779,0.0,0.30623720214921774,0.055911007854798696,0.0,0.5648697344107898,0.0,0.8485924291577631,0.8458508484228557,0.7146139078113216,0.7759283474013048,16.3,28.7,1947.542106822009,1.1887888232090822,0.005925854962940017,3.572544906847179
turbo_lunar_lander_12d,12,ucb,constant,decay_uniform_grid_a1,343,319,30,0.28306392902547467,0.0,0.32686696300624213,0.05967746964724182,0.0,0.6495950514608455,0.0,0.7910597402770567,0.8458503088802759,0.7146115178824317,0.7759262823051841,16.3,28.7,1953.9662023854287,1.1651860870576154,0.005810836174835761,3.5129523005957406
turbo_lunar_lander_12d,12,ucb,constant,decay_uniform_grid_a1,344,320,30,0.2698398639522337,0.0,0.31853892639740816,0.05815698514377942,0.0,0.6069085762055884,0.0,0.8010932687007348,0.8471599610679494,0.7185886609968996,0.7785247462428827,16.3,28.7,1960.2734729314377,1.134842034848407,0.19408586939486364,3.3276876943185925
turbo_lunar_lander_12d,12,ucb,constant,decay_uniform_grid_a1,345,321,30,0.24983230795679198,0.0,0.3098895338362642,0.05657782933896078,0.0,0.4891484136982878,0.0,0.8203978379367429,0.847159549876494,0.7185718270159644,0.7785108827136185,16.3,28.7,1966.4610493961256,1.0716699530525753,0.005934566787133614,3.4455255527670183
turbo_lunar_lander_12d,12,ucb,constant,decay_uniform_grid_a1,346,322,30,0.26075985217504366,0.0,0.3118509879845509,0.056935940233137014,0.0,0.5124409516023628,0.0,0.8114157170299714,0.8471515491417734,0.7184802959080181,0.7784015639531489,16.366666666666667,28.766666666666666,1972.5037878409648,1.1000786092908432,0.006175455714886387,3.3930424106462547
turbo_lunar_lander_12d,12,ucb,constant,decay_uniform_grid_a1,347,323,30,0.25193111168856036,0.0,0.30122950845147856,0.05499673225502263,0.0,0.5173904386562325,0.0,0.7744501169332187,0.8470721466229871,0.7183904161796774,0.7783407019508272,16.433333333333334,28.9,1978.411103582382,1.0796166670663903,0.006187508006890615,3.3735968122103563
turbo_lunar_lander_12d,12,ucb,constant,decay_uniform_grid_a1,348,324,30,0.2560563061781302,0.0,0.2936983320464894,0.05362173385450155,0.0,0.5153285314000973,0.0,0.7867890689289379,0.8470717221531358,0.7183822622474291,0.7783391695656142,16.433333333333334,28.966666666666665,1984.643678534124,1.1266963254194706,0.006350987233842412,3.5170565734306973
turbo_lunar_lander_12d,12,ucb,constant,decay_uniform_grid_a1,349,325,30,0.27849706993506673,0.0,0.31620040676516153,0.0577300318258627,0.0,0.5630129251904963,0.0,0.7670960529344877,0.8468653280328952,0.7173455771983703,0.7776255411905021,16.5,29.033333333333335,1991.215083564647,1.0513255652505904,0.2152107503420363,3.5242223342259726
turbo_lunar_lander_12d,12,ucb,constant,decay_uniform_grid_a1,35,11,30,1.637061968734752,1.877369329213785,0.7328495954575126,0.13379941823020505,1.2987373715606776,2.206070677721113,0.0,2.438333900249376,0.7750202315391539,0.6293575748813262,0.6957561968088014,3.3333333333333335,4.3,115.65789963467978,1.0764027366104225,0.0015580357052385808,2.39184125669611
turbo_lunar_lander_12d,12,ucb,constant,decay_uniform_grid_a1,350,326,30,0.2709229706012587,0.0,0.3180227339801335,0.058062741733461265,0.0,0.5315391985804321,0.0,0.8415803315790924,0.846858010998515,0.717315149350431,0.7776175815304623,16.533333333333335,29.066666666666666,1997.649342070163,1.0401583843864501,0.006472863846768936,3.6303370697268593
turbo_lunar_lander_12d,12,ucb,constant,decay_uniform_grid_a1,351,327,30,0.28878948210478617,0.0,0.331636416267199,0.06054824869323937,0.0,0.6369501877282358,0.0,0.8496047609674056,0.8468565244444383,0.7173136907579486,0.7776169372606699,16.533333333333335,29.1,2003.9896288775683,1.1306131371607384,0.00621482222341001,3.4113531385703633
turbo_lunar_lander_12d,12,ucb,constant,decay_uniform_grid_a1,352,328,30,0.2892282841924192,0.0,0.34176494362799886,0.06239745632984549,0.0,0.626873276011354,0.0,1.0237438311253313,0.8465999651219072,0.7172182146661407,0.7775722833640639,16.6,29.166666666666668,2010.3420676473684,1.054262342241903,0.0061673302513857685,3.637037081969902
turbo_lunar_lander_12d,12,ucb,constant,decay_uniform_grid_a1,353,329,30,0.2893451046434333,0.0,0.34370975624390576,0.06275252890979643,0.0,0.6089192333914262,0.0,0.8645921495356024,0.8460189134502145,0.7171292806955628,0.7774974517971391,16.666666666666668,29.3,2016.5621103405488,1.1179762970500937,0.006260440296803911,3.527927249499286
turbo_lunar_lander_12d,12,ucb,constant,decay_uniform_grid_a1,354,330,30,0.2786099783460573,0.0,0.32797386581605303,0.05987956152654158,0.0,0.5823936313001039,0.0,0.8541313321699726,0.8450950745265402,0.7154026557487028,0.7760981277038621,16.666666666666668,29.366666666666667,2023.1680799396242,1.1374739385520418,0.24148459895513952,3.4693259426547836
turbo_lunar_lander_12d,12,ucb,constant,decay_uniform_grid_a1,355,331,30,0.27319548806396554,0.0,0.31922853127545964,0.05828288919293755,0.0,0.5457684610819774,0.0,0.8355113316548224,0.8450742886611297,0.7153663802781914,0.7760829622774108,16.7,29.4,2029.3365610746978,1.0757022030651568,0.0062181359312186634,3.4623014490430553
turbo_lunar_lander_12d,12,ucb,constant,decay_uniform_grid_a1,356,332,30,0.27967893072132716,0.0,0.3240151316789722,0.059156798864526614,0.0,0.5834644910477116,0.0,0.9776049616622751,0.8449101454402632,0.7153094854985157,0.776000303666887,16.7,29.433333333333334,2035.4931118394559,1.126592742310216,0.006062767468392849,3.43777575828135
turbo_lunar_lander_12d,12,ucb,constant,decay_uniform_grid_a1,357,333,30,0.26526486854111486,0.0,0.31371023855139313,0.0572753913916416,0.0,0.5765367128524082,0.0,0.8091722515480204,0.8448995257285448,0.7152974649891125,0.7759895710248779,16.7,29.433333333333334,2041.7524644828711,1.087167866077895,0.0061512736758838095,3.4802790632781884
turbo_lunar_lander_12d,12,ucb,constant,decay_uniform_grid_a1,358,334,30,0.26049718487319456,0.0,0.31358619792555037,0.05725274477536789,0.0,0.546278792718542,0.0,0.9260141954441665,0.844891788936285,0.7152570355688753,0.7759543367567558,16.733333333333334,29.466666666666665,2047.9630955747173,1.088694662305837,0.006268034658084313,3.481411056763803
turbo_lunar_lander_12d,12,ucb,constant,decay_uniform_grid_a1,359,335,30,0.26939543612659633,0.0,0.3321314782441776,0.06063863423062413,0.0,0.5928388131583889,0.0,0.9007133610347136,0.8449876029866973,0.715193774566533,0.7760118640120243,16.733333333333334,29.5,2054.730053066307,1.1871100041394433,0.26361276853519183,3.6595896317934
turbo_lunar_lander_12d,12,ucb,constant,decay_uniform_grid_a1,36,12,30,1.6658674874964041,1.9080384432516555,0.7268925620166619,0.13271181769974955,1.4976074704267277,2.2166764254931746,0.0,2.4409810764555457,0.7743961331013666,0.628311785180808,0.6944783703077243,3.5,4.8,120.00746228743034,1.2394413366137693,0.0014679337851703166,2.1946318050380795
turbo_lunar_lander_12d,12,ucb,constant,decay_uniform_grid_a1,360,336,30,0.27602304589186866,0.0,0.316846020406763,0.0578479042108421,0.0,0.5499329913739948,0.0,0.8118165323217552,0.8449872164378704,0.7151921900914995,0.7760116690336109,16.733333333333334,29.5,2061.1487221880507,1.1037861309479922,0.006425409857183695,3.5599187773186713
turbo_lunar_lander_12d,12,ucb,constant,decay_uniform_grid_a1,361,337,30,0.28291534361722664,0.0,0.3402696168920159,0.062124448268466005,0.0,0.5947950095959322,0.0,0.9587051419835726,0.8449732186179546,0.7151279507828076,0.775948684296814,16.833333333333332,29.6,2067.276652440832,1.0626661030575633,0.006492490895713369,3.5269022901076825
turbo_lunar_lander_12d,12,ucb,constant,decay_uniform_grid_a1,362,338,30,0.31110933673557295,0.0,0.3597670072492413,0.0656841684388447,0.0,0.6880211580731332,0.0,0.9876910495346889,0.8449729825197408,0.715124474746491,0.7759458667611144,16.833333333333332,29.7,2073.883674891712,1.1098008844225358,0.006456374609842897,3.5814856444175045
turbo_lunar_lander_12d,12,ucb,constant,decay_uniform_grid_a1,363,339,30,0.29356679846803,0.0,0.34719164847790235,0.06338823254958376,0.0,0.6822642426609524,0.0,0.9008370774502286,0.8449720665069176,0.7150943705647566,0.7759232558045271,16.866666666666667,29.733333333333334,2080.3070824267807,1.1226753333428254,0.006627468469863136,3.620790489250794
turbo_lunar_lander_12d,12,ucb,constant,decay_uniform_grid_a1,364,340,30,0.28617687665618835,0.0,0.3438725783036828,0.06278225601479621,0.0,0.5284286494369437,0.0,1.0907538930793639,0.844362395274355,0.71369673979976,0.7748885848817324,16.866666666666667,29.766666666666666,2087.154561868838,1.2382389104769875,0.24184264882157247,3.6459268543403596
turbo_lunar_lander_12d,12,ucb,constant,decay_uniform_grid_a1,365,341,30,0.29784220875588246,0.0,0.3461363842723515,0.06319556854641444,0.0,0.6392808304219166,0.0,0.9801047125958711,0.8442299747966387,0.7136511961454863,0.7747580331073911,16.9,29.8,2093.622390278103,1.1675883436575532,0.00675012837164104,3.6107511415922393
turbo_lunar_lander_12d,12,ucb,constant,decay_uniform_grid_a1,366,342,30,0.30348799691241946,0.0,0.3698762811892126,0.0675298608978185,0.0,0.6768325765950809,0.0,1.1404324605938414,0.8442276728141536,0.7136406304518245,0.7747223334592158,16.9,29.833333333333332,2100.4080275403335,1.2096507225651294,0.0066247191435347,3.6495036508732785
turbo_lunar_lander_12d,12,ucb,constant,decay_uniform_grid_a1,367,343,30,0.29539751379179946,0.0,0.34437274621399466,0.06287357376380222,0.0,0.6000743767856358,0.0,1.0006127335574928,0.8441767910992671,0.7136246702919214,0.7746920758082847,16.9,29.833333333333332,2106.8023930445934,1.139854641755422,0.006556472523758809,3.574115196817244
turbo_lunar_lander_12d,12,ucb,constant,decay_uniform_grid_a1,368,344,30,0.2723311282457834,0.0,0.31679669781591724,0.05783889917897515,0.0,0.5554959559441274,0.0,0.8959185085289729,0.8441762487700671,0.7136074007148903,0.7746790924064181,16.933333333333334,29.866666666666667,2113.375845308695,1.1640970897860825,0.006692791761209568,3.6217344669469944
turbo_lunar_lander_12d,12,ucb,constant,decay_uniform_grid_a1,369,345,30,0.2535282204939375,0.0,0.30816768131770444,0.056263463517256695,0.0,0.5970892694689454,0.0,0.8675720990674096,0.8486003881346164,0.7195275801294971,0.7802170142841939,16.933333333333334,29.9,2120.0009304502823,1.1294273597343514,0.26350558393945295,3.454134519972528
turbo_lunar_lander_12d,12,ucb,constant,decay_uniform_grid_a1,37,13,30,1.5750375565786043,1.7095982889123036,0.6903405523617803,0.12603836429637444,1.3967147046743733,2.0797563621647672,0.0,2.4056479913901505,0.773479633583626,0.6271704541028077,0.6934320629805671,3.6,5.066666666666666,124.40280933758865,1.4560153231179962,0.0014629347870747248,2.1677838858372223
turbo_lunar_lander_12d,12,ucb,constant,decay_uniform_grid_a1,370,346,30,0.2950957248788049,0.0,0.34639001967494376,0.06324187582354167,0.0,0.6023167076227747,0.0,0.9789764741379201,0.8485919318483238,0.7194796608977156,0.780140468690436,16.966666666666665,29.933333333333334,2126.2968599137075,1.0687166622684647,0.00663354139154156,3.5739410827557245
turbo_lunar_lander_12d,12,ucb,constant,decay_uniform_grid_a1,371,347,30,0.2447203236844529,0.0,0.2895137396865317,0.052857735311330686,0.0,0.5378306044081931,0.0,0.7253379142137988,0.8485910032508055,0.7194768133133711,0.7801401847400921,16.966666666666665,29.966666666666665,2132.9258362836827,1.143118860029305,0.007024921057745814,3.534396991599351
turbo_lunar_lander_12d,12,ucb,constant,decay_uniform_grid_a1,372,348,30,0.2734883710138648,0.0,0.3268026335470272,0.05966572474860045,0.0,0.587103092931861,0.0,0.8375467184770209,0.848590515281461,0.7194681103404214,0.7801386099013523,16.966666666666665,29.966666666666665,2139.0645962501567,1.096173618423442,0.0067434627717981735,3.41900642082716
turbo_lunar_lander_12d,12,ucb,constant,decay_uniform_grid_a1,373,349,30,0.2750355035195111,0.0,0.31781940081325294,0.05802561834606479,0.0,0.5697600672295493,0.0,0.8316019914051924,0.8484566637920546,0.7194317581047507,0.7801163777736309,16.966666666666665,29.966666666666665,2145.4464058868275,1.130073782801628,0.006899074822043379,3.556770710181445
turbo_lunar_lander_12d,12,ucb,constant,decay_uniform_grid_a1,374,350,30,0.2679149578643718,0.0,0.32660702396193364,0.05963001148786046,0.0,0.5518892261698125,0.0,0.8554580450565585,0.8474507792506675,0.7180816989948752,0.778854789540154,16.966666666666665,29.966666666666665,2152.2195253766454,1.2182713366889706,0.27613279591314493,3.4448730886758616
turbo_lunar_lander_12d,12,ucb,constant,decay_uniform_grid_a1,375,351,30,0.25532263458678023,0.0,0.31475411751166904,0.05746597674292432,0.0,0.5479526633136935,0.0,0.8973660652913042,0.8474505528472166,0.7180794863478417,0.7788529914122699,16.966666666666665,29.966666666666665,2158.471642630097,1.1137882128823549,0.006955651349077622,3.393861610194047
turbo_lunar_lander_12d,12,ucb,constant,decay_uniform_grid_a1,376,352,30,0.2318109779189788,0.0,0.3071355587411143,0.05607502457815377,0.0,0.4842845887924876,0.0,0.9095885136948054,0.8474436061621934,0.7180274299749484,0.7787835418739432,17.0,30.0,2164.4498189959363,1.1236212405531356,0.007032771750042836,3.285291438068574
turbo_lunar_lander_12d,12,ucb,constant,decay_uniform_grid_a1,377,353,30,0.26014859283360287,0.0,0.3126513976648619,0.05708207437885429,0.0,0.5730991912863969,0.0,0.8275470808610697,0.8474398456130775,0.7179975573686922,0.7787492243446769,17.033333333333335,30.066666666666666,2170.3081913856167,1.0135552355398734,0.007055116724222899,3.29551244910496
turbo_lunar_lander_12d,12,ucb,constant,decay_uniform_grid_a1,378,354,30,0.2416461709569288,0.0,0.28750854262706455,0.05249163809075962,0.0,0.5330093966017975,0.0,0.7528848439645057,0.8474382425072626,0.7179559862964457,0.7786938481789074,17.066666666666666,30.133333333333333,2176.390244666844,1.0791335077335438,0.007177758744607369,3.3732582717978707
turbo_lunar_lander_12d,12,ucb,constant,decay_uniform_grid_a1,379,355,30,0.260583638111742,0.0,0.3027860729349111,0.05528092074828509,0.0,0.5246395403358345,0.0,0.820589090058881,0.8474580778099867,0.7177813090005116,0.7785566546504775,17.066666666666666,30.166666666666668,2182.6896288966914,1.0540720539788404,0.2713870641309768,3.3220195999834687
turbo_lunar_lander_12d,12,ucb,constant,decay_uniform_grid_a1,38,14,30,1.5828174256800547,1.6786723290536503,0.6840793271678798,0.12489522620426813,1.327019971934511,2.0664204961383,0.0,2.5653467964469447,0.7712480250929563,0.6256081409419495,0.691650377234197,4.0,5.566666666666666,127.95243152566255,0.8310802574114253,0.0014663309634973605,2.17217987049371
turbo_lunar_lander_12d,12,ucb,constant,decay_uniform_grid_a1,380,356,30,0.2242907406012695,0.0,0.2808240796542128,0.05127122770574664,0.0,0.460396427646412,0.0,0.7661437343088944,0.8474562195938948,0.7177749598974764,0.7785453758766668,17.066666666666666,30.166666666666668,2188.768018777001,1.0844896966591477,0.007284244832893212,3.301771073245133
turbo_lunar_lander_12d,12,ucb,constant,decay_uniform_grid_a1,381,357,30,0.2475569229889392,0.0,0.3155146789686856,0.057604835631716644,0.0,0.5353164674215544,0.0,0.9664361802014665,0.847441985222994,0.7177676978856837,0.7785445152684246,17.066666666666666,30.166666666666668,2194.6861789505774,1.042520993001138,0.007185356769089897,3.289123835383604
turbo_lunar_lander_12d,12,ucb,constant,decay_uniform_grid_a1,382,358,30,0.2666882505114346,0.0,0.33441580712415486,0.061055693716065486,0.0,0.5453413023774697,0.0,0.9853257398892992,0.8474371737705285,0.7177588905647291,0.778522718472193,17.066666666666666,30.166666666666668,2200.7893030483588,1.0952383543830364,0.007426193046073119,3.3473566020062813
turbo_lunar_lander_12d,12,ucb,constant,decay_uniform_grid_a1,383,359,30,0.2626715785550218,0.0,0.32138879346745014,0.05867729730383047,0.0,0.5526623290993335,0.0,0.9183775564215624,0.8472214079402175,0.7176259280512525,0.7782804344031302,17.133333333333333,30.233333333333334,2206.8797259908015,1.060720525821671,0.007110961992293596,3.4567310402790707
turbo_lunar_lander_12d,12,ucb,constant,decay_uniform_grid_a1,384,360,30,0.256320586045228,0.0,0.32750568512281913,0.05979408381765071,0.0,0.6015265674077279,0.0,0.8924000752275649,0.8464732311678271,0.7164927451375974,0.7772255771336508,17.133333333333333,30.3,2213.327656281165,1.166813032577435,0.3107309916832795,3.3769665536781153
turbo_lunar_lander_12d,12,ucb,constant,decay_uniform_grid_a1,385,361,30,0.2622944347998307,0.0,0.3475898437118892,0.06346093272023232,0.0,0.5828300097643941,0.0,0.9306150304268153,0.8464628404568414,0.7164836506687117,0.777223483869357,17.133333333333333,30.3,2219.509548403059,1.1055497829491894,0.007234961617117127,3.422335656111439
turbo_lunar_lander_12d,12,ucb,constant,decay_uniform_grid_a1,386,362,30,0.24144302129168355,0.0,0.31498415940912755,0.057507976455060755,0.0,0.5422099109944629,0.0,0.8972286059391676,0.8464588967641541,0.7164747924035769,0.7772203167069768,17.133333333333333,30.3,2225.6571344496374,1.101951682086413,0.007571990601718426,3.38006453110526
turbo_lunar_lander_12d,12,ucb,constant,decay_uniform_grid_a1,387,363,30,0.2549641939301458,0.0,0.31612037912618834,0.05771542084483287,0.0,0.5233143640325182,0.0,0.8444198751266774,0.8464500239886648,0.7164478737798201,0.777196804586813,17.133333333333333,30.3,2231.6875737689434,1.0968671068238716,0.007463002018630505,3.401680468767881
turbo_lunar_lander_12d,12,ucb,constant,decay_uniform_grid_a1,388,364,30,0.27465759092702424,0.0,0.3372946359552725,0.061581293546065265,0.0,0.676113064270339,0.0,0.8171894848973023,0.8463809776864202,0.7163684471964041,0.7770898478156915,17.166666666666668,30.333333333333332,2237.6894753019483,1.050096538833653,0.007526700959230462,3.354827984329313
turbo_lunar_lander_12d,12,ucb,constant,decay_uniform_grid_a1,389,365,30,0.26492545685002544,0.0,0.3481090690626435,0.0635557298659112,0.0,0.5492959655013123,0.0,0.9438132567990165,0.8455093007131492,0.714786692579853,0.7758065786217666,17.2,30.4,2244.0064031134048,1.0416772202122957,0.26496334304101765,3.40338098158439
turbo_lunar_lander_12d,12,ucb,constant,decay_uniform_grid_a1,39,15,30,1.609922285661187,1.7731392981559932,0.7334139580721468,0.13390245627508765,1.281623234301309,2.149173834369968,0.0,2.5568597434323,0.7859948978591298,0.6543415627870616,0.7142686877666519,4.166666666666667,5.866666666666666,132.28358346788835,1.2611368916618326,0.011241045997788508,2.200011200426767
turbo_lunar_lander_12d,12,ucb,constant,decay_uniform_grid_a1,390,366,30,0.2645743127700577,0.0,0.33747384820932386,0.06161401307744036,0.0,0.5407267899462549,0.0,0.9116730035380072,0.8454881876419869,0.7147271408833052,0.7757591787371997,17.233333333333334,30.466666666666665,2249.85573938742,1.0908981759101153,0.007476994426300129,3.2094328637545306
turbo_lunar_lander_12d,12,ucb,constant,decay_uniform_grid_a1,391,367,30,0.23910298307572145,0.0,0.3113344325215571,0.05684163054004228,0.0,0.5075177302003369,0.0,0.8680395159864209,0.8454859691071394,0.7147197398059049,0.7757552708667685,17.233333333333334,30.5,2255.8714656656607,1.121334340578566,0.007486532706146439,3.3723038772897174
turbo_lunar_lander_12d,12,ucb,constant,decay_uniform_grid_a1,392,368,30,0.2576709410617081,0.0,0.3168105646852191,0.057841430911348024,0.0,0.5590655766700825,0.0,0.7929247667745303,0.8454835685017262,0.7147050435890187,0.7757346090721566,17.233333333333334,30.5,2262.0541725473477,1.0868928571852545,0.007681744359433651,3.4292238373464596
turbo_lunar_lander_12d,12,ucb,constant,decay_uniform_grid_a1,393,369,30,0.2595483602863954,0.0,0.31484769754838593,0.05748306204193832,0.0,0.5992054143572645,0.0,0.8015520561709606,0.8454824472456643,0.7146986640330304,0.7757267037312985,17.233333333333334,30.5,2268.326687471693,1.126344816433266,0.007660257800792655,3.3883467719424516
turbo_lunar_lander_12d,12,ucb,constant,decay_uniform_grid_a1,394,370,30,0.2748476223436497,0.0,0.3313907591863361,0.06050339805170621,0.0,0.587855744491824,0.0,0.8315686265668272,0.8449864248533784,0.713578975239918,0.774803460679263,17.266666666666666,30.533333333333335,2274.617926635174,1.1328575843634705,0.27718398432868224,3.2915219543501735
turbo_lunar_lander_12d,12,ucb,constant,decay_uniform_grid_a1,395,371,30,0.2753199948868161,0.0,0.341080860905961,0.062272560483825595,0.0,0.6226314251578979,0.0,0.9539401655312967,0.8449807242744339,0.7135396601933585,0.7747438049772184,17.3,30.6,2280.6827151277103,1.038733445480466,0.007800390121216575,3.39780992991291
turbo_lunar_lander_12d,12,ucb,constant,decay_uniform_grid_a1,396,372,30,0.25645070120846636,0.0,0.31581104334977517,0.05765894411730458,0.0,0.5771742536548716,0.0,0.8369164040554355,0.8449797385254729,0.7134693450191917,0.7747167829918868,17.333333333333332,30.666666666666668,2286.9253034343324,1.1120483302821715,0.007674923880646626,3.3159062383385995
turbo_lunar_lander_12d,12,ucb,constant,decay_uniform_grid_a1,397,373,30,0.2536264023187648,0.0,0.30550183514552015,0.05577674882280865,0.0,0.5641794861918465,0.0,0.7865058311486799,0.8449780735496474,0.7134594115883921,0.7747105836642623,17.333333333333332,30.7,2292.86809892746,1.061627184196065,0.007595852405453722,3.2675364853348583
turbo_lunar_lander_12d,12,ucb,constant,decay_uniform_grid_a1,398,374,30,0.2671336954866386,0.0,0.33310086622621593,0.06081561945220307,0.0,0.5972865408271164,0.0,0.9227721514583311,0.84497588486526,0.7134334025100905,0.7746933575563207,17.366666666666667,30.733333333333334,2299.040999690723,1.0435526370381316,0.007722327734033267,3.301389312992493
turbo_lunar_lander_12d,12,ucb,constant,decay_uniform_grid_a1,399,375,30,0.2613716965519672,0.0,0.3216094717349302,0.058717587458847136,0.0,0.543021928555007,0.0,0.8555214860539353,0.8440795455838946,0.7137787369605196,0.7742313065690762,17.366666666666667,30.766666666666666,2305.345069768404,1.0892338107650479,0.29587285763894516,3.344885433729117
turbo_lunar_lander_12d,12,ucb,constant,decay_uniform_grid_a1,4,0,30,2.595645094133169,2.564495860183216,0.4117674774771014,0.07517811195373629,2.343690395189023,2.806821168018637,1.789051247974039,3.44375256820605,0.9990418345947157,0.9894573972412446,0.9968310059885063,0.0,0.0,8.809705324145034,0.0,0.0013986720703542232,2.264708894568806
turbo_lunar_lander_12d,12,ucb,constant,decay_uniform_grid_a1,40,16,30,1.5793372601254139,1.7005913205808234,0.723867151283264,0.13215945579828278,1.304226345153567,2.1101952085775872,0.0,2.6736583301088293,0.7857250163158176,0.653634793736806,0.7136108925730628,4.266666666666667,6.066666666666666,136.58532879829096,1.3549300314548114,0.0014407181336234013,2.173492031606535
turbo_lunar_lander_12d,12,ucb,constant,decay_uniform_grid_a1,400,376,30,0.27152802365046025,0.0,0.33653046587523033,0.06144177581586206,0.0,0.6282317300758362,0.0,1.0167338669236936,0.8440784166101655,0.7137344679263519,0.77420559351517,17.4,30.8,2311.396296133225,1.0649883051402866,0.007764495847125848,3.2425365743692964
turbo_lunar_lander_12d,12,ucb,constant,decay_uniform_grid_a1,41,17,30,1.5322863887677545,1.59108322224168,0.6968352839088846,0.12722413462080426,1.3565487249286128,1.956517517165516,0.0,2.4561156902418926,0.7852103352779245,0.6526481796009608,0.7125588557927585,4.533333333333333,6.366666666666666,140.76553139385456,1.1021126359701157,0.0015121458719174067,2.388567807292566
turbo_lunar_lander_12d,12,ucb,constant,decay_uniform_grid_a1,42,18,30,1.5382378354274524,1.6039717132622724,0.6885858273805748,0.12571799681156642,1.278730140607594,2.057425387253884,0.0,2.4538216876508514,0.7835866441473877,0.651916715904856,0.7117181686205333,4.733333333333333,6.7,145.21225889842026,1.2249051613577953,0.0015091290542234978,2.2753545543334135
turbo_lunar_lander_12d,12,ucb,constant,decay_uniform_grid_a1,43,19,30,1.4601482541579,1.5483555016824595,0.7545314014027689,0.13775795629809387,1.091925475402034,2.03019158681516,0.0,2.437446071574259,0.7826516676933234,0.6511150333200985,0.71084219253893,4.933333333333334,7.1,149.78957546820553,1.2288250058423729,0.001505617331713438,2.3243275278247895
turbo_lunar_lander_12d,12,ucb,constant,decay_uniform_grid_a1,44,20,30,1.4563829072191017,1.4675579216533106,0.667898017591265,0.1219409367825727,1.1054403814754972,1.941211776720698,0.0,2.4335864574191826,0.7869158416964102,0.6519546504665589,0.7136230823920402,5.033333333333333,7.4,154.90115672500494,1.2926698008396973,0.011511946252236763,2.444187663542107
turbo_lunar_lander_12d,12,ucb,constant,decay_uniform_grid_a1,45,21,30,1.4500904541724253,1.5206319190249729,0.6611117981367413,0.12070194829076501,1.1079995852051079,1.884710851366741,0.0,2.4530431411042146,0.786330294790398,0.6513229133169605,0.7129376367777396,5.166666666666667,7.633333333333334,159.94206412305746,1.3500180343321213,0.0015117983954648178,2.524415769521147
turbo_lunar_lander_12d,12,ucb,constant,decay_uniform_grid_a1,46,22,30,1.415342120971225,1.5146747831252698,0.6553674772697836,0.1196531835853049,1.1105963657561948,1.8665535949766054,0.0,2.4108300661766817,0.7859844657974822,0.6505455522306295,0.7122598961908958,5.3,7.9,165.33297793183786,1.4013212061021476,0.0015349762824674448,2.6965380690215777
turbo_lunar_lander_12d,12,ucb,constant,decay_uniform_grid_a1,47,23,30,1.335265144036025,1.507593637475342,0.7317994419427707,0.13360768730724923,1.0435264138339426,1.8758967469127836,0.0,2.3998033269572083,0.7857152921869633,0.6497742329541208,0.7115542233513253,5.5,8.1,170.27863859444236,1.361317994321386,0.001620027500515183,2.6104091642890124
turbo_lunar_lander_12d,12,ucb,constant,decay_uniform_grid_a1,48,24,30,1.360030897845955,1.4982263706197276,0.6999985256137827,0.12780166089967554,1.0957282644432222,1.8143647759589339,0.0,2.3968121479036504,0.7848854738807611,0.6489834447482554,0.7106620701440337,5.666666666666667,8.466666666666667,175.64969038298975,1.414532368661215,0.0015970032817373672,2.7342339358758183
turbo_lunar_lander_12d,12,ucb,constant,decay_uniform_grid_a1,49,25,30,1.354146812630701,1.4695839446223276,0.7068448881421773,0.1290516299642288,1.0264307406939341,1.856146332143401,0.0,2.397216581527965,0.8011886891961874,0.6761797665339423,0.7340358311267846,5.766666666666667,8.666666666666666,181.29388225550454,1.618458562484011,0.013114594326665004,2.9118507972918453
turbo_lunar_lander_12d,12,ucb,constant,decay_uniform_grid_a1,5,0,30,2.5186555437315987,2.4763517558143135,0.40486694848409394,0.07391825349100675,2.3297896836775625,2.7074990324575405,1.8046623785139477,3.4967428332889448,0.9988791369565952,0.9872952692566848,0.996150874403876,0.0,0.0,11.67523544264647,0.0,0.0014159617324670155,2.444332136136169
turbo_lunar_lander_12d,12,ucb,constant,decay_uniform_grid_a1,50,26,30,1.2784054241444396,1.433451840599834,0.7504693776430501,0.13701633561732057,0.8974878199618557,1.8302319509843308,0.0,2.405114039997862,0.8006537277597829,0.6756687938320523,0.7337337455761551,5.866666666666666,8.866666666666667,186.73125825345826,1.5146578456430386,0.0016104932098339002,2.763355887883032
turbo_lunar_lander_12d,12,ucb,constant,decay_uniform_grid_a1,51,27,30,1.2548070969353315,1.401748983140994,0.7372821335415313,0.13460868526207764,0.8084742145863416,1.7686833022853579,0.0,2.385824593574984,0.800451530545331,0.6752869648586094,0.73337187195591,5.9,9.0,192.72607514575745,1.6314890814634662,0.0016218290819476047,2.9687676693623266
turbo_lunar_lander_12d,12,ucb,constant,decay_uniform_grid_a1,52,28,30,1.2591155477465783,1.3412572087388628,0.7399560911170027,0.1350968808893768,0.9093099537385989,1.831768448623037,0.0,2.376760930517399,0.8003381193957453,0.6747620919857747,0.7328568079242216,6.033333333333333,9.166666666666666,198.48106814837084,1.4420103941112756,0.0016482815922548373,2.837018314097077
turbo_lunar_lander_12d,12,ucb,constant,decay_uniform_grid_a1,53,29,30,1.2404466278791404,1.3658799436421907,0.7680340659124654,0.1402231942775556,0.811904620453777,1.8205129283677364,0.0,2.6439764679968922,0.7994801290071628,0.674258800035765,0.7323540936235091,6.166666666666667,9.366666666666667,204.15423630496176,1.619281581401204,0.0016156642387310663,2.880530882021412
turbo_lunar_lander_12d,12,ucb,constant,decay_uniform_grid_a1,54,30,30,1.2150106708790676,1.4555392558526457,0.7529094931320116,0.13746183771606124,0.6051249805940727,1.7417300250397312,0.0,2.339144148039537,0.8096995464813832,0.6862151103168944,0.7441948410228348,6.233333333333333,9.5,210.26119576406975,1.7328851694551608,0.014065561490133405,2.9482021500977376
turbo_lunar_lander_12d,12,ucb,constant,decay_uniform_grid_a1,55,31,30,1.1980494349281687,1.3763362636790308,0.724573106509112,0.13228834499887798,0.8061672294753143,1.7409046596616704,0.0,2.330731467194242,0.809481036896668,0.6857911758477144,0.7438495431962024,6.366666666666666,9.633333333333333,215.8761023823948,1.3712822594369452,0.0016072458898027738,2.8770699594325078
turbo_lunar_lander_12d,12,ucb,constant,decay_uniform_grid_a1,56,32,30,1.2009295611861501,1.3832686989360434,0.7303855015110922,0.13334953828411625,0.7469270842786546,1.7439181100623538,0.0,2.3277640545630645,0.8092029043323269,0.6854889565813276,0.7436384885702201,6.4,9.8,221.94865981683446,1.6218567763920873,0.0015897683333605528,2.9412014783670504
turbo_lunar_lander_12d,12,ucb,constant,decay_uniform_grid_a1,57,33,30,1.130178467635427,1.2911790351909667,0.7346502101404059,0.13412816398993693,0.6058044616632801,1.7465403614432913,0.0,2.3289747997834045,0.8089106129838984,0.6851251537806083,0.7432535804242129,6.533333333333333,9.966666666666667,227.48019613916986,1.4299424461399515,0.001585720976193746,2.8787216312251984
turbo_lunar_lander_12d,12,ucb,constant,decay_uniform_grid_a1,58,34,30,1.0698065926284457,1.3407033795255376,0.7625705773212019,0.13922570229618658,0.4125233686083863,1.7530149428365633,0.0,2.282305516030416,0.8085334865381045,0.68463002447424,0.7427986295001768,6.733333333333333,10.233333333333333,233.0320631936658,1.2160112374151746,0.001598382197941343,3.0106356343099225
turbo_lunar_lander_12d,12,ucb,constant,decay_uniform_grid_a1,59,35,30,1.153858746755358,1.2647694774604936,0.7030897208473129,0.1283660333526945,0.8177790675131384,1.639171229784384,0.0,2.275269101119835,0.8273457312193894,0.7096312806293875,0.7655403462282325,6.8,10.433333333333334,238.88503464167007,1.3366316461159538,0.013754944736137985,2.98197061784255
turbo_lunar_lander_12d,12,ucb,constant,decay_uniform_grid_a1,6,0,30,2.3084718727678397,2.36476569851388,0.4032448147561484,0.07362209374631151,2.054919774827458,2.6530246449068597,1.370461264376363,2.9507006614595364,0.9986889384325536,0.9852275100876212,0.995148893418597,0.0,0.0,14.67108352247936,0.0,0.0014553297000626723,2.5432482143553594
turbo_lunar_lander_12d,12,ucb,constant,decay_uniform_grid_a1,60,36,30,1.098014626862016,1.1586658049643082,0.7116422496501379,0.12992750433570113,0.694150591433919,1.6409646904549235,0.0,2.2919538524608534,0.8272729311860707,0.7093550777249533,0.7652747618533217,6.866666666666666,10.5,244.44438196021753,1.339296038929994,0.0016397599906971057,3.0968241735206297
turbo_lunar_lander_12d,12,ucb,constant,decay_uniform_grid_a1,61,37,30,1.0589215544413508,1.1477316076558848,0.7259010199235122,0.13253078770937154,0.4209071755725849,1.6400169212077444,0.0,2.257922848957633,0.8271244805016114,0.7091256285392636,0.7650543434075535,6.933333333333334,10.633333333333333,250.7114986334617,1.464505468448624,0.0017013434475908677,3.23634837033848
turbo_lunar_lander_12d,12,ucb,constant,decay_uniform_grid_a1,62,38,30,1.0449094984867073,1.1640663851658342,0.7435075893548235,0.13574529278864159,0.3340056822425198,1.6813460723918974,0.0,2.2434330853570668,0.8268493297298503,0.7087735997448499,0.7647615860609532,7.0,10.766666666666667,256.35483243066506,1.4821945455080519,0.0017022336833178997,3.1459762257523836
turbo_lunar_lander_12d,12,ucb,constant,decay_uniform_grid_a1,63,39,30,1.0472414565030383,1.1297457906149517,0.7301544984286794,0.13330736308441934,0.3432071502351151,1.5609266178345478,0.0,2.2769092131404096,0.8266482732326327,0.7085073290382264,0.7644533547672542,7.066666666666666,10.9,262.06008071783,1.2878744086561105,0.0016026198243101438,3.1367480382633706
turbo_lunar_lander_12d,12,ucb,constant,decay_uniform_grid_a1,64,40,30,1.056775005828023,1.0447150100580636,0.7165832590981569,0.13082960511287653,0.5360872204378186,1.6632449802525155,0.0,2.279639769994199,0.821752753238009,0.7054639707842078,0.7600552398181749,7.166666666666667,11.066666666666666,267.6945737209947,1.2460137192470333,0.013265155535191298,3.0073574470356106
turbo_lunar_lander_12d,12,ucb,constant,decay_uniform_grid_a1,65,41,30,0.9883021807957856,1.0403959898485868,0.7349816712088775,0.13418868022464917,0.16360460043207187,1.6692826523323183,0.0,2.2357749299167455,0.8217246660158567,0.705078496152198,0.759622699770694,7.266666666666667,11.2,273.33376807111006,1.2218452844923984,0.0015642678209890923,2.939995281212032
turbo_lunar_lander_12d,12,ucb,constant,decay_uniform_grid_a1,66,42,30,0.9842580023839617,1.004010462611338,0.7480873740606347,0.1365814432526049,0.1543297579290615,1.6826518920687983,0.0,2.2357749299167455,0.8214304319160729,0.7047597482674646,0.7593798340133925,7.333333333333333,11.366666666666667,278.7540240569816,1.2875449567412336,0.0015661535474161307,2.88766975174658
turbo_lunar_lander_12d,12,ucb,constant,decay_uniform_grid_a1,67,43,30,0.9570698020050256,0.9696907843615138,0.7399934752776097,0.13510370627206278,0.20295742637170455,1.6503559539559025,0.0,2.234398165516616,0.8209730802026541,0.704566162308842,0.7592086859282446,7.333333333333333,11.433333333333334,284.5084319718182,1.3052648624094825,0.001639686586956183,2.9851334541880834
turbo_lunar_lander_12d,12,ucb,constant,decay_uniform_grid_a1,68,44,30,0.9643065383890999,1.0092464069238387,0.7659841424051342,0.1398489311621805,0.04907939120190985,1.5445045676480216,0.0,2.2850032693008897,0.8207816850326886,0.7041867457388871,0.7588383393149941,7.4,11.5,290.20189140674967,1.3758569124930848,0.001587821931267778,2.913729935279116
turbo_lunar_lander_12d,12,ucb,constant,decay_uniform_grid_a1,69,45,30,1.0029911493325343,1.100941377993995,0.7476066824463086,0.13649368137248158,0.11288455638446582,1.591319467064438,0.0,2.2363015696574817,0.8347704636517448,0.7189526928974234,0.7737776156427938,7.566666666666666,11.733333333333333,295.35379165088136,1.0518712458200752,0.014326557144522667,2.921566532179713
turbo_lunar_lander_12d,12,ucb,constant,decay_uniform_grid_a1,7,0,30,2.2751123220801306,2.3498772115953983,0.4162612493480644,0.07599855869440583,2.0168504798675264,2.650432691357252,1.226591411538858,2.8418783410367388,0.9984683090997225,0.9834494317198244,0.9943849095892785,0.0,0.0,17.609000142353278,0.0,0.001410004465530316,2.528291293466464
turbo_lunar_lander_12d,12,ucb,constant,decay_uniform_grid_a1,70,46,30,0.9973652407338361,1.203260514351446,0.735423264848137,0.13426930382380692,0.09589299148107322,1.6198901908919443,0.0,2.257662481914065,0.8344848400268796,0.7183737620269268,0.7730462597846443,7.766666666666667,12.033333333333333,300.1866305697088,0.9503832605512191,0.0016236631044497093,2.915213120759775
turbo_lunar_lander_12d,12,ucb,constant,decay_uniform_grid_a1,71,47,30,0.9929557682252695,1.1165379279427332,0.7187746146458698,0.13122969006787533,0.14311462175349526,1.560800411763954,0.0,2.272256642055283,0.8341290438085899,0.718101292257616,0.7727898190395435,7.833333333333333,12.3,305.366591450898,1.1845895641172925,0.0016883450715492168,2.9728479977231475
turbo_lunar_lander_12d,12,ucb,constant,decay_uniform_grid_a1,72,48,30,1.0067972258432132,1.1570777332053437,0.7393183455192417,0.1349804450060957,0.1673121530284884,1.5439880488479036,0.0,2.3805398679828245,0.8340453764954595,0.7178634067333578,0.7726256382391122,7.866666666666666,12.4,310.85699973548765,1.225400870743518,0.0015820142192145188,3.0116046926627558
turbo_lunar_lander_12d,12,ucb,constant,decay_uniform_grid_a1,73,49,30,0.9872092456069619,1.1231410063290552,0.7535889629025634,0.13758589135621926,0.07634635332815931,1.551553223765186,0.0,2.40630529707564,0.8339794581885698,0.7176338296139392,0.7724033778242849,7.9,12.466666666666667,316.6224533550441,1.215521219993631,0.0016885963889459769,3.1165288905302684
turbo_lunar_lander_12d,12,ucb,constant,decay_uniform_grid_a1,74,50,30,0.9457437166055579,1.0943298181572436,0.698041720356334,0.12744439877295907,0.18716395659897966,1.5398800164932385,0.0,2.153343301548488,0.8344103261954089,0.7166286088788715,0.7723620301641635,7.966666666666667,12.566666666666666,322.1669844104598,1.2587356729122499,0.015064539729307096,3.0448558186646553
turbo_lunar_lander_12d,12,ucb,constant,decay_uniform_grid_a1,75,51,30,0.9157449559185245,0.9453499942952329,0.6837562868231087,0.12483624737632967,0.14927565321786823,1.5525808169481128,0.0,2.1314864893489633,0.834277277220705,0.7164533748840924,0.7722524313956725,8.033333333333333,12.7,328.07188274754833,1.1452489868427316,0.0016832301082710425,3.208133546045671
turbo_lunar_lander_12d,12,ucb,constant,decay_uniform_grid_a1,76,52,30,0.9118041753327052,0.9935592965143272,0.6762207803377122,0.12346045841490362,0.19189496598050226,1.3582383007206822,0.0,2.0791915160861203,0.8342174903975852,0.7162694734058452,0.772019999531467,8.033333333333333,12.766666666666667,334.276697883072,1.3046596798424919,0.0016970939158151546,3.36581945233047
turbo_lunar_lander_12d,12,ucb,constant,decay_uniform_grid_a1,77,53,30,0.9301757134272918,1.065038145991573,0.6710037563144684,0.12250796450137796,0.19289117264172667,1.474190936910214,0.0,1.9949957584333111,0.8341034226051701,0.7159702873994076,0.7717006905015711,8.166666666666666,12.9,339.8513568225472,1.0761556490479658,0.0016531154047697782,3.182770926924422
turbo_lunar_lander_12d,12,ucb,constant,decay_uniform_grid_a1,78,54,30,0.9081596045568735,1.0650255894200171,0.6640450567559705,0.12123748559501445,0.11380554964623435,1.4015946498062704,0.0,2.0267134089898606,0.8340148744721283,0.7157890216172356,0.7715716806025269,8.233333333333333,13.033333333333333,345.60873402212746,1.0892021279782056,0.0016647815704345704,3.1406491396172593
turbo_lunar_lander_12d,12,ucb,constant,decay_uniform_grid_a1,79,55,30,0.8594739672880212,0.903597593909591,0.6479961894404401,0.11830737671130666,0.2811557443938315,1.3614281489593185,0.0,2.2085461539793543,0.8336188288862842,0.7142674341332137,0.7706305137673463,8.3,13.166666666666666,351.03414389090614,1.0153375749010594,0.01492720873405536,3.0614964245508114
turbo_lunar_lander_12d,12,ucb,constant,decay_uniform_grid_a1,8,0,30,2.2239840506496247,2.22600281822161,0.4200166296630616,0.07668419419791743,1.9900331339095296,2.6590745569009444,1.1804013694844409,2.828253016420003,0.998126022348572,0.9816567420505923,0.9934316337672878,0.0,0.0,20.678432675264776,0.0,0.0014907960935185353,2.6525545740965755
turbo_lunar_lander_12d,12,ucb,constant,decay_uniform_grid_a1,80,56,30,0.9379740257208627,1.1075863400063886,0.7343436433551054,0.13407219280870664,0.12147638674492467,1.448604106254168,0.0,2.6029894186426015,0.8334896110225886,0.7140160373047776,0.7703214431658305,8.4,13.333333333333334,356.773766367898,1.0473922348426035,0.0016688610271861156,3.2682735960154483
turbo_lunar_lander_12d,12,ucb,constant,decay_uniform_grid_a1,81,57,30,0.9539500701163545,1.17357164796196,0.6718190189602034,0.12265681041516475,0.15314265970654267,1.472673565776538,0.0,2.0186261152965903,0.8328916672817982,0.713794204004444,0.7700949468120679,8.466666666666667,13.5,362.68655713053107,1.1794411798318227,0.0016857442911714315,3.323565420353164
turbo_lunar_lander_12d,12,ucb,constant,decay_uniform_grid_a1,82,58,30,0.8974353167180505,1.0253657590577474,0.6675892426663625,0.12188456245205236,0.11758697686940522,1.430947070328136,0.0,2.11872080875806,0.832719043536447,0.7135770608763178,0.7698690572020346,8.5,13.6,368.52807891126724,1.323689310795938,0.0016721531438330809,3.273244210348154
turbo_lunar_lander_12d,12,ucb,constant,decay_uniform_grid_a1,83,59,30,0.8498405684831333,0.9678839021900543,0.6418860729863618,0.11719182717434594,0.07352290503098802,1.3876015458804465,0.0,1.8578233986774335,0.8322168824234584,0.7133169049927731,0.7695399625752964,8.533333333333333,13.666666666666666,374.36201754117695,1.2385301628460488,0.001696203105772535,3.3135731203947216
turbo_lunar_lander_12d,12,ucb,constant,decay_uniform_grid_a1,84,60,30,0.8148862402068082,0.8988049725186241,0.6359959779005543,0.11611644785956357,0.0019014691849328913,1.3273397217929497,0.0,1.8743015168543549,0.8420068863499857,0.7234824676471251,0.7797143428911372,8.6,13.766666666666667,380.1908706284594,1.1465189178474247,0.01765791301925977,3.338534517508621
turbo_lunar_lander_12d,12,ucb,constant,decay_uniform_grid_a1,85,61,30,0.8301523631061113,0.9566901684274043,0.6529911726993227,0.11921933171305688,0.0,1.2919023845535913,0.0,1.8890494974478795,0.8419617718563605,0.7232773299138363,0.779529421562944,8.666666666666666,13.9,386.0259508729447,1.1371248505854359,0.001753039906422297,3.359212274570018
turbo_lunar_lander_12d,12,ucb,constant,decay_uniform_grid_a1,86,62,30,0.8068711970024797,0.9552536411243843,0.6471997867913702,0.11816197414605585,0.0,1.289713926970736,0.0,1.8322721861299993,0.8413848974142492,0.7230191779678595,0.7792561538679207,8.766666666666667,14.066666666666666,391.8526336183461,1.1178654685461273,0.0017327933882673582,3.360231084531794
turbo_lunar_lander_12d,12,ucb,constant,decay_uniform_grid_a1,87,63,30,0.8369602919813341,0.9616509306016544,0.6489671065821374,0.11848464111796533,0.0,1.351908764266873,0.0,1.8543060529939444,0.8413077746070422,0.7228000042755909,0.7789791017212421,8.833333333333334,14.233333333333333,397.7394181445241,1.1842054339746635,0.0017402641319980224,3.229002331973364
turbo_lunar_lander_12d,12,ucb,constant,decay_uniform_grid_a1,88,64,30,0.804724001921368,0.9708661090330085,0.6263701092857284,0.11435901273425653,0.0032872227216609318,1.2532869954611365,0.0,1.821217155991857,0.841184530193724,0.7225578115425624,0.7787937244141374,8.933333333333334,14.4,403.21664682401655,1.0589986354578287,0.0017047307298829158,3.2106381045964856
turbo_lunar_lander_12d,12,ucb,constant,decay_uniform_grid_a1,89,65,30,0.8119304650896273,0.9009138308611565,0.6195734924023995,0.11311812594034994,0.02148022249915127,1.2155561031690172,0.0,1.846222355626994,0.8493232873521056,0.7303252027677637,0.7870854837426389,8.933333333333334,14.5,409.05354531932,1.147122748879095,0.018397042962412038,3.3299372815837462
turbo_lunar_lander_12d,12,ucb,constant,decay_uniform_grid_a1,9,0,30,2.226785806187293,2.2321246182726253,0.40263022331401005,0.07350988521414191,2.026735734028776,2.5956853505895654,1.2068822227109028,2.830434890547302,0.9978353826675902,0.9800721250901048,0.992844278903608,0.0,0.0,23.75991860907525,0.0,0.0014766238474597535,2.6564359022614856
turbo_lunar_lander_12d,12,ucb,constant,decay_uniform_grid_a1,90,66,30,0.8394105847283946,0.899287361459243,0.6419972664372,0.11721212822810291,0.02148022249915127,1.274183486001608,0.0,1.8786806494619073,0.8492653387146005,0.730111080299914,0.7868030739334865,9.0,14.566666666666666,414.9954043468305,1.0293046733519684,0.0017457774995515744,3.3206513717304915
turbo_lunar_lander_12d,12,ucb,constant,decay_uniform_grid_a1,91,67,30,0.8474867667198793,0.9278169237266584,0.6451122658398671,0.11778084670792155,0.0,1.2904613241004492,0.0,1.825173158804958,0.8490131689116273,0.7299540957383089,0.7866747975983385,9.033333333333333,14.666666666666666,420.644551088692,1.0492856164462865,0.001743473702420791,3.2974847255895536
turbo_lunar_lander_12d,12,ucb,constant,decay_uniform_grid_a1,92,68,30,0.8204398089889434,0.8591366592924088,0.6415603136152451,0.11713235192238616,0.0,1.317006007487687,0.0,1.8387862350224609,0.8489138941770827,0.7297555272978264,0.7864711292833605,9.133333333333333,14.733333333333333,426.2167540361173,1.0286045676562936,0.0016856955209126076,3.0908717507030814
turbo_lunar_lander_12d,12,ucb,constant,decay_uniform_grid_a1,93,69,30,0.7902829127106945,0.8626689312180251,0.6184980328526504,0.11292177478865598,0.021261954807549888,1.2571087424514795,0.0,1.8051988951471194,0.8488873296794702,0.7296342620826588,0.7863606476165492,9.133333333333333,14.833333333333334,431.2631757067827,0.9979153923379879,0.0016247987747192382,2.925488794222474
turbo_lunar_lander_12d,12,ucb,constant,decay_uniform_grid_a1,94,70,30,0.7467353112311527,0.8237218421333631,0.6164025748671164,0.11253919825299553,0.0057214178120291725,1.1721613119878802,0.0,1.8462238574010734,0.8562965535344252,0.7397407076734225,0.7955691498105837,9.233333333333333,14.933333333333334,436.26917547333676,0.9234967040208478,0.017832771874964237,2.873340199328959
turbo_lunar_lander_12d,12,ucb,constant,decay_uniform_grid_a1,95,71,30,0.7550860691432574,0.8133585524732866,0.5927966558695402,0.1082293668111248,0.019757417581269088,1.1546877272351157,0.0,1.8606430355029522,0.8562101722332466,0.7395968652303052,0.7954097910999564,9.3,15.033333333333333,441.4870354884925,0.9029479226718347,0.0017030319664627313,2.949844562324385
turbo_lunar_lander_12d,12,ucb,constant,decay_uniform_grid_a1,96,72,30,0.7580591585599491,0.8434826470868831,0.5830797392338302,0.10645530866753293,0.012597138653809792,1.1810687228360215,0.0,1.7932506705064273,0.8561908713522055,0.7394721985499453,0.7952778861462264,9.333333333333334,15.133333333333333,446.87206508807526,0.9637578141875565,0.0017034264436612526,3.0146632958513995
turbo_lunar_lander_12d,12,ucb,constant,decay_uniform_grid_a1,97,73,30,0.7380901124806079,0.8226977098072041,0.621738938613552,0.11351348051932073,0.0,1.145369657534688,0.0,1.8106074418321207,0.8560104354353434,0.7391317227082123,0.795045515196218,9.466666666666667,15.3,452.04615181816433,0.8882107168746491,0.001722068153321743,3.0185602055086442
turbo_lunar_lander_12d,12,ucb,constant,decay_uniform_grid_a1,98,74,30,0.7402051366362916,0.7784425297333898,0.6334374647752106,0.11564932940875564,0.0,1.1735502981508696,0.0,1.9458124846850116,0.8559980634064683,0.7389516659301292,0.7948999327262043,9.566666666666666,15.533333333333333,457.19583102700614,0.846241854224354,0.0016890249525507292,3.001633085186283
turbo_lunar_lander_12d,12,ucb,constant,decay_uniform_grid_a1,99,75,30,0.7553429229280634,0.787805881235322,0.6568960696413818,0.11993226509302311,0.008028593357416014,1.1915271162323249,0.0,2.4679430259202775,0.8553912611023033,0.7373690019887713,0.793819246754657,9.566666666666666,15.633333333333333,462.6777164679797,0.9748673204643031,0.019824128691107036,3.223825934622437
turbo_lunar_lander_12d,12,ucb,constant,decay_uniform_grid_a1_2,1,0,30,3.310651109298576,3.283904957447192,0.580644939743358,0.10601077713288837,3.052659635642117,3.600539664830276,2.2276699670828726,4.534419415344451,0.9999703333578658,0.9972378949702652,0.9997470325374905,0.0,0.0,0.7037947379828741,0.0,0.00392517118404309,0.3788308714982122
turbo_lunar_lander_12d,12,ucb,constant,decay_uniform_grid_a1_2,10,0,30,2.22363944070666,2.237736932043511,0.389172751593094,0.07105289827129739,1.9972427935898305,2.560782715833177,1.4562514051970976,2.7919025174092806,0.9975692102752459,0.9785407233685759,0.9921383172057798,0.0,0.0,20.50701867008271,0.0,0.0011501823707173269,2.00402942141518
turbo_lunar_lander_12d,12,ucb,constant,decay_uniform_grid_a1_2,100,76,30,0.6651819391177978,0.6318339110444151,0.7258130083610227,0.13251471907000595,0.0,0.9652020663681666,0.0,2.6657279481951384,0.8396255542890947,0.7234342849948585,0.7781199507581035,44.766666666666666,36.5,337.07465557695053,0.8442509564881523,0.0016750713965545097,3.0235552603844553
turbo_lunar_lander_12d,12,ucb,constant,decay_uniform_grid_a1_2,101,77,30,0.6866286914399294,0.7940309339111474,0.7140126607737077,0.13036028021668125,0.0,1.0271748632266078,0.0,2.5755980591976964,0.8393716219456009,0.7230383218646012,0.7777116961371242,45.3,36.86666666666667,341.73975526134797,0.7513435488411536,0.0016642695758491755,2.973982079063232
turbo_lunar_lander_12d,12,ucb,constant,decay_uniform_grid_a1_2,102,78,30,0.6949544402667651,0.716591341293686,0.7402351211170807,0.1351478245644646,0.0,1.063771303663412,0.0,2.6731721403647386,0.8391956496630394,0.722608521104772,0.7774028088929777,45.9,37.46666666666667,346.194224586493,0.7111919566523284,0.001715853763744235,3.0097256954293696
turbo_lunar_lander_12d,12,ucb,constant,decay_uniform_grid_a1_2,103,79,30,0.7051375461420526,0.7674410439702148,0.7514440398021172,0.13719428376747647,0.0,1.0573916569786088,0.0,2.676430552140765,0.8389374007524424,0.7222528244426171,0.7770141000126783,46.43333333333333,37.8,350.9040263932819,0.8032085433912773,0.0017794175539165736,2.933023029115672
turbo_lunar_lander_12d,12,ucb,constant,decay_uniform_grid_a1_2,104,80,30,0.7140148882944762,0.7982001746082211,0.7506924073481882,0.1370570550841532,0.0,0.9851166670264964,0.0,2.653010363908934,0.8412113562365071,0.7279389409145283,0.7813292973949064,46.93333333333333,38.3,355.39724957823444,0.720694005737702,0.021130382005746167,2.7844607373233883
turbo_lunar_lander_12d,12,ucb,constant,decay_uniform_grid_a1_2,105,81,30,0.7047553323517157,0.7477006751004022,0.7482187405760319,0.13660542738719952,0.0,1.0333025444106279,0.0,2.6437322232406233,0.8410262417117834,0.7276246696058735,0.7811039907962932,47.43333333333333,38.7,359.9613331386664,0.9153260991753389,0.001680598376939694,2.873400355456397
turbo_lunar_lander_12d,12,ucb,constant,decay_uniform_grid_a1_2,106,82,30,0.6717188507824574,0.5406431959159853,0.7500094371993499,0.1369323623652794,0.0,0.9775344770127208,0.0,2.6955869912350923,0.8408642495879237,0.7272480640166131,0.7807744125527527,47.93333333333333,39.03333333333333,364.54202445059394,0.8232644311152398,0.0017695292520026366,2.8894772405115265
turbo_lunar_lander_12d,12,ucb,constant,decay_uniform_grid_a1_2,107,83,30,0.6348840523442104,0.585791727006703,0.7073057739128805,0.1291357758085779,0.0,0.9784110064970232,0.0,2.701293217913083,0.8404576519182031,0.7268620524963195,0.7804262441669748,48.46666666666667,39.53333333333333,369.38371300200623,0.7943230830753844,0.0017726947398235401,2.9752662108745427
turbo_lunar_lander_12d,12,ucb,constant,decay_uniform_grid_a1_2,108,84,30,0.6873013938676306,0.6739955479703477,0.7312054081044154,0.13349923206285302,0.0,1.0792820182804097,0.0,2.6147149860933405,0.8403581064687633,0.7263750327584219,0.7799621040165424,48.93333333333333,40.06666666666667,374.4996837116778,0.9223196226172149,0.0018879447287569442,2.964273729889343
turbo_lunar_lander_12d,12,ucb,constant,decay_uniform_grid_a1_2,109,85,30,0.7151420824452742,0.8129081456438968,0.7464446510424031,0.13628152443499875,0.0,1.1722865459704546,0.0,2.6998164065909904,0.844679210590342,0.732649058130066,0.785512148703303,49.46666666666667,40.6,379.0665377485876,0.7274332960601896,0.022888435889035462,2.831063919933513
turbo_lunar_lander_12d,12,ucb,constant,decay_uniform_grid_a1_2,11,0,30,2.2039395465044658,2.2537721007319247,0.40585783873010195,0.07409916447092356,1.9774190634865962,2.5267119990292883,1.0662318150143433,2.775831557357914,0.9974193191914803,0.9770600576717418,0.9914932065434111,0.0,0.0,22.914446560867752,0.0,0.0011730099407335122,2.0856339283753185
turbo_lunar_lander_12d,12,ucb,constant,decay_uniform_grid_a1_2,110,86,30,0.6915833478398544,0.7454715508961298,0.7454823115815548,0.13610582609143743,0.0,0.9858466500398586,0.0,2.6973441152410182,0.8444210009337214,0.7322484703770322,0.7851367815157765,49.96666666666667,41.166666666666664,383.50934777519046,0.8035405673862746,0.0016909679553161064,2.7999332735470186
turbo_lunar_lander_12d,12,ucb,constant,decay_uniform_grid_a1_2,111,87,30,0.6343463450952852,0.77210712211615,0.6570101934751328,0.11995310115905458,0.0,0.9689985941236685,0.0,2.4091262626034684,0.8442343796121846,0.7318366542229825,0.7846711545315438,50.5,41.666666666666664,387.88879446370214,0.7214022227718184,0.0016580984617273014,2.720438064060484
turbo_lunar_lander_12d,12,ucb,constant,decay_uniform_grid_a1_2,112,88,30,0.6367690993107465,0.6990048811130419,0.6674853942314555,0.12186560240859895,0.0,0.9799257566562577,0.0,2.416082252574401,0.8439941415808583,0.7313481445581032,0.784152532982937,51.166666666666664,42.13333333333333,391.70452141724525,0.4818684814342608,0.0016441430430859326,2.703468679993724
turbo_lunar_lander_12d,12,ucb,constant,decay_uniform_grid_a1_2,113,89,30,0.6231815930632436,0.5913428750042196,0.667503676362799,0.12186894025384432,0.0,0.9783363306467235,0.0,2.437696781315629,0.8432020832516608,0.7310425295046272,0.7838314017967447,51.56666666666667,42.6,396.4659549529043,0.8767319614378114,0.0017195367875198523,2.8860772085065642
turbo_lunar_lander_12d,12,ucb,constant,decay_uniform_grid_a1_2,114,90,30,0.5989865794587589,0.5648436896721977,0.6589006338968537,0.12029824677991996,0.0,0.9618701587714251,0.0,2.4270874771168662,0.842318004322382,0.7304637558425959,0.7830777517481792,52.03333333333333,42.93333333333333,401.1933945726448,0.7143968008303394,0.02475210032425821,2.8782246712750443
turbo_lunar_lander_12d,12,ucb,constant,decay_uniform_grid_a1_2,115,91,30,0.6648269616215147,0.5938991588781463,0.7291278163055693,0.13311991743168114,0.0,1.2122215008830508,0.0,2.4616617749515295,0.8422224123024151,0.7302282288240934,0.7828531096613406,52.4,43.5,406.26941617112607,0.9959145380494495,0.0018000529302905004,2.8794049053142468
turbo_lunar_lander_12d,12,ucb,constant,decay_uniform_grid_a1_2,116,92,30,0.653682430664976,0.574571789817848,0.7415390453808022,0.13538588747530414,0.0,1.1809827913986837,0.0,2.7560000234467035,0.842171574483913,0.7299181925151924,0.7824876679852859,52.833333333333336,44.166666666666664,410.91944476009036,0.9127197718247771,0.001770901633426547,2.8003209608917436
turbo_lunar_lander_12d,12,ucb,constant,decay_uniform_grid_a1_2,117,93,30,0.6420695021407027,0.6034782737289062,0.706966638343508,0.12907385840811203,0.0,1.1474190885875128,0.0,2.6260479286098484,0.8420614221551941,0.7295780311226258,0.7822362979370094,53.233333333333334,44.6,415.728413997218,0.9288724977523088,0.001848603521163265,2.787162119538213
turbo_lunar_lander_12d,12,ucb,constant,decay_uniform_grid_a1_2,118,94,30,0.6672792131454715,0.6306448355051908,0.7307996015537618,0.13342514226226093,0.0,1.089113233077117,0.0,2.791791756119176,0.8418447048352131,0.7292446988197488,0.7820062319111901,53.766666666666666,45.06666666666667,420.01725515748063,0.6447378356630603,0.001797012814010183,2.804271154090141
turbo_lunar_lander_12d,12,ucb,constant,decay_uniform_grid_a1_2,119,95,30,0.6549504845940761,0.6315430144287151,0.7186666909921688,0.13120998599466854,0.0,1.1372655612374627,0.0,2.798593740080896,0.8496712378836532,0.7363883838691936,0.789457747722315,54.333333333333336,45.63333333333333,424.3397226526247,0.6802843799969802,0.02438985472545028,2.799596120122199
turbo_lunar_lander_12d,12,ucb,constant,decay_uniform_grid_a1_2,12,0,30,2.2106593718795478,2.2407115330443084,0.3965547873468668,0.07240066743884772,1.988724447039785,2.5380856481454894,1.0907761306781327,2.776769492091669,0.9971768750965188,0.9755870863831688,0.9906783619358783,0.0,0.0,25.261977053713053,0.0,0.001176046160981059,2.0242766655360658
turbo_lunar_lander_12d,12,ucb,constant,decay_uniform_grid_a1_2,120,96,30,0.5879312507778128,0.5260287864159034,0.6900614680429922,0.12598741070409236,0.0,0.8336825281473018,0.0,2.562172987574724,0.8491491979407486,0.736134753798855,0.7891682297372945,54.7,46.166666666666664,429.2552356936348,0.9983528157075247,0.0017426315695047378,2.875795724724109
turbo_lunar_lander_12d,12,ucb,constant,decay_uniform_grid_a1_2,121,97,30,0.5825234192713306,0.532181415935482,0.6666667202194749,0.12171613366739728,0.0,0.88649342317983,0.0,2.4524515875996036,0.8491105331448924,0.7357502436545909,0.7887912608613985,55.333333333333336,46.766666666666666,433.5570807899969,0.5784712634204576,0.00179230320888261,2.9189885492126146
turbo_lunar_lander_12d,12,ucb,constant,decay_uniform_grid_a1_2,122,98,30,0.6062847828687986,0.5057745044058903,0.6776893362990398,0.12372857882389623,0.0,0.9939032926245881,0.0,2.4082575203351153,0.848997561025291,0.7354777558223737,0.7885105248149898,55.7,47.36666666666667,438.63262426143825,1.0213905034742008,0.0018178129103034735,2.921613757420952
turbo_lunar_lander_12d,12,ucb,constant,decay_uniform_grid_a1_2,123,99,30,0.5437718259804506,0.513030828750625,0.6268341644026032,0.11444373721940253,0.0,0.9090799733315759,0.0,2.4650386090323564,0.8489502693368495,0.7352474956735245,0.7882547181031673,56.13333333333333,47.833333333333336,443.44233491433164,0.8182559636731942,0.0017775323862830798,2.973276632760341
turbo_lunar_lander_12d,12,ucb,constant,decay_uniform_grid_a1_2,124,100,30,0.5526406560962666,0.5320498783572699,0.6409612579371021,0.11702297981967934,0.0,0.8632761501781119,0.0,2.448251952484256,0.8528278173584611,0.7366985426687122,0.7910849385021289,56.53333333333333,48.333333333333336,448.5437204362204,0.9517167688347399,0.027216757802913587,2.927752079706018
turbo_lunar_lander_12d,12,ucb,constant,decay_uniform_grid_a1_2,125,101,30,0.6103718889906306,0.41561353011631097,0.7326239464384245,0.13375822054426056,0.0,1.0703398315689467,0.0,2.4930823722363327,0.8527894883070267,0.7364194214760589,0.7908391288991827,56.96666666666667,48.766666666666666,453.5849114858235,0.8805278447922319,0.0018712139533211788,3.09978165095672
turbo_lunar_lander_12d,12,ucb,constant,decay_uniform_grid_a1_2,126,102,30,0.6211358255558549,0.49961986909180145,0.7197083212815331,0.13140016079669034,0.0,0.9816445505311192,0.0,2.4756261565273556,0.8525400128115126,0.7360648322538575,0.7905583402708457,57.5,49.13333333333333,458.3050775261285,0.712076077144593,0.0018920530409862598,3.0837120827442654
turbo_lunar_lander_12d,12,ucb,constant,decay_uniform_grid_a1_2,127,103,30,0.6144784794899076,0.48220153400236765,0.7158332823493355,0.13069267871856524,0.0,1.0259709119148241,0.0,2.4195318699048536,0.852315182081027,0.7356424975753663,0.7901705676348534,58.06666666666667,49.766666666666666,463.0688645767824,0.74008991412508,0.0018692571204155684,3.172593773063272
turbo_lunar_lander_12d,12,ucb,constant,decay_uniform_grid_a1_2,128,104,30,0.587979762777064,0.31170016883997265,0.6883573725349984,0.12567628685413523,0.0,0.9375476454536602,0.0,2.343119718231711,0.8520143490809022,0.7352162311153353,0.7898348831733756,58.63333333333333,50.233333333333334,467.6396849398656,0.6305090753672024,0.0018937497244526944,3.183845582030093
turbo_lunar_lander_12d,12,ucb,constant,decay_uniform_grid_a1_2,129,105,30,0.5526637607756014,0.2276809924357942,0.6699952407249405,0.12232383558871796,0.0,0.9359501575842256,0.0,2.5481991474102976,0.8594535987971178,0.7478135890688132,0.8002020211516142,59.166666666666664,50.8,472.5771475101821,0.7349602783254038,0.02848545207331578,3.152225781449427
turbo_lunar_lander_12d,12,ucb,constant,decay_uniform_grid_a1_2,13,0,30,2.1624211766836634,2.169847667959323,0.4000469610745641,0.07303824821397663,1.8748445000298197,2.4402882454317654,1.1087561383423163,2.7763907585551406,0.997077015008267,0.9742330654319203,0.9901181193354852,0.0,0.0,27.538722330735375,0.0,0.00118135007408758,1.9820435003377497
turbo_lunar_lander_12d,12,ucb,constant,decay_uniform_grid_a1_2,130,106,30,0.5550890847509826,0.29029851518512073,0.6712539930533233,0.12255365127024043,0.0,0.9389942828325593,0.0,2.5352708744660477,0.8593855426286209,0.7475872500300578,0.7999618470036517,59.53333333333333,51.233333333333334,477.8569407796642,1.042067022062838,0.001918568074082335,3.1722195136205604
turbo_lunar_lander_12d,12,ucb,constant,decay_uniform_grid_a1_2,131,107,30,0.4958217439665659,0.0,0.6507607340585189,0.11881211119415706,0.0,0.8396379980018818,0.0,2.5281203338354192,0.859312800720958,0.7473206748697253,0.7997334612225967,59.96666666666667,51.766666666666666,482.96404173074603,0.8745268055548271,0.0018671802865962187,3.0239994104330736
turbo_lunar_lander_12d,12,ucb,constant,decay_uniform_grid_a1_2,132,108,30,0.4735035275933228,0.0,0.6196422165706166,0.11313067319940938,0.0,0.8968503638265191,0.0,2.1979137633123895,0.859090844558418,0.7470930559223163,0.799499483173685,60.3,52.06666666666667,488.2265831495325,1.0305206624170145,0.0018525255533556144,3.0223117706365885
turbo_lunar_lander_12d,12,ucb,constant,decay_uniform_grid_a1_2,133,109,30,0.48791770326138295,0.01968837258401146,0.6362527547945394,0.11616332869192414,0.0,0.8233569710124693,0.0,2.1975586512701244,0.858890522622433,0.7468313680669063,0.7993091174542786,60.7,52.6,493.49102435264115,0.9296668455315132,0.002004924525196354,3.1440723670336106
turbo_lunar_lander_12d,12,ucb,constant,decay_uniform_grid_a1_2,134,110,30,0.46723488669949326,0.0,0.6204845730112499,0.11328446574074093,0.0,0.8767963711183181,0.0,2.1485677690181273,0.8571564270899138,0.7461347071387958,0.7976007421058904,61.3,53.2,498.02856253758074,0.5824937606696039,0.03326747349152962,3.150744997616857
turbo_lunar_lander_12d,12,ucb,constant,decay_uniform_grid_a1_2,135,111,30,0.44888770480751977,0.0,0.5942984916990598,0.10850356326495725,0.0,0.6603879361608338,0.0,2.118612342697327,0.8570433178540788,0.7458501925996359,0.7973206577659457,61.8,53.63333333333333,503.0583756264454,0.7657057693072905,0.00199095878439645,3.018047911208123
turbo_lunar_lander_12d,12,ucb,constant,decay_uniform_grid_a1_2,136,112,30,0.4606897581239275,0.0,0.5989228918831052,0.10934785936353483,0.0,0.7379645314568697,0.0,2.1543838809314053,0.856837696552063,0.7455238158044228,0.7971166836066829,62.266666666666666,54.13333333333333,507.79763468944776,0.7923242417008927,0.001966062265758713,3.05818725648957
turbo_lunar_lander_12d,12,ucb,constant,decay_uniform_grid_a1_2,137,113,30,0.4657327262898541,0.0,0.5969626821875261,0.1089899756742985,0.0,0.8332988061444482,0.0,2.1355292341738843,0.856520812308236,0.7452992604346265,0.7968580023353324,62.56666666666667,54.63333333333333,512.9594466151669,0.9568313720170408,0.002171427772069971,3.0379640960289787
turbo_lunar_lander_12d,12,ucb,constant,decay_uniform_grid_a1_2,138,114,30,0.4561303639588322,0.0,0.5661226588428668,0.10335938352101322,0.0,0.7613250254183506,0.0,1.783266750851642,0.8563004713650315,0.744911961666324,0.7965752168686097,63.166666666666664,55.06666666666667,517.3676851556792,0.6627319506524751,0.0020652522798627615,3.011257596236343
turbo_lunar_lander_12d,12,ucb,constant,decay_uniform_grid_a1_2,139,115,30,0.42327221151371786,0.0,0.5485846548046316,0.1001573967125605,0.0,0.6685303052817498,0.0,1.8230257358947173,0.859236671881868,0.7506298576127356,0.8006454389843999,63.733333333333334,55.5,522.0093966667696,0.627622828554983,0.034429501509293914,3.048975265833239
turbo_lunar_lander_12d,12,ucb,constant,decay_uniform_grid_a1_2,14,0,30,2.154786439057285,2.1409700023643303,0.3714147224807916,0.06781074056408357,1.8546720315916845,2.392664409051791,1.3656806381213453,2.779667657065398,0.9966224269695563,0.9727196180071898,0.9893869242909837,0.0,0.0,29.80861947322264,0.0,0.0011352928355336188,1.9546748349132637
turbo_lunar_lander_12d,12,ucb,constant,decay_uniform_grid_a1_2,140,116,30,0.45147159632507333,0.0,0.5653649867207151,0.10322105215018146,0.0,0.8421649676353857,0.0,1.8166022197698457,0.8591818194669043,0.7503274958328509,0.8004378855225702,64.2,55.93333333333333,526.9211432558794,0.8361363913863897,0.0019363869136820237,3.0270836994207153
turbo_lunar_lander_12d,12,ucb,constant,decay_uniform_grid_a1_2,141,117,30,0.42753998525050163,0.0,0.530109544499678,0.09678431849042075,0.0,0.703878394567141,0.0,1.825541738241081,0.8589894734972731,0.7499702802637306,0.7999882846649552,64.66666666666667,56.46666666666667,531.7215674985821,0.7397640440302591,0.0019975428779919944,3.0836324744392187
turbo_lunar_lander_12d,12,ucb,constant,decay_uniform_grid_a1_2,142,118,30,0.4440889362414527,0.0,0.5752458561468895,0.10502504384100773,0.0,0.7482157052263141,0.0,1.999699589013461,0.8589454456990524,0.7497430263106845,0.7998589030033915,65.06666666666666,56.93333333333333,536.8658182951156,0.9465295303612947,0.002170107327401638,3.081750757790481
turbo_lunar_lander_12d,12,ucb,constant,decay_uniform_grid_a1_2,143,119,30,0.43631624578724126,0.0,0.5706275283663078,0.10418185640654862,0.0,0.7237268008938943,0.0,1.9126535543762175,0.8588176655521338,0.7494612652568274,0.7996530520774673,65.5,57.5,541.7461047035487,0.7796829077880829,0.0020108738293250403,3.077229178432996
turbo_lunar_lander_12d,12,ucb,constant,decay_uniform_grid_a1_2,144,120,30,0.45321919785633574,0.0,0.573381967008883,0.1046847457991494,0.0,0.746884246705793,0.0,1.864210020884528,0.8569872342870504,0.7466645169252282,0.7973672709261067,65.7,58.0,547.4894133964864,1.1325477053256086,0.03548659086227417,3.151578089253356
turbo_lunar_lander_12d,12,ucb,constant,decay_uniform_grid_a1_2,145,121,30,0.4466734605986886,0.0,0.5697843336427233,0.10402791081638975,0.0,0.7474243108925791,0.0,1.9129487653906732,0.8567569068575603,0.7463365145700815,0.7971690686474023,66.2,58.5,552.5387339996639,0.7421853231266141,0.0022042514911542336,3.3269383625903477
turbo_lunar_lander_12d,12,ucb,constant,decay_uniform_grid_a1_2,146,122,30,0.4451692025838705,0.0,0.5797824017012058,0.10585329995209067,0.0,0.773290659917591,0.0,1.9646374141725216,0.8565457746105601,0.7459621776200679,0.796885514184702,66.76666666666667,59.1,557.7602706996103,0.7662147114829471,0.002281053876504302,3.3691222813911734
turbo_lunar_lander_12d,12,ucb,constant,decay_uniform_grid_a1_2,147,123,30,0.45263092254665444,0.0,0.5933599527462268,0.10833221027976928,0.0,0.7600717207589534,0.0,2.117150889079714,0.8565060686707521,0.7458197855570994,0.7967590365029313,67.0,59.56666666666667,563.7380902199851,1.2233730036299675,0.002350278183196982,3.2946954124917585
turbo_lunar_lander_12d,12,ucb,constant,decay_uniform_grid_a1_2,148,124,30,0.4031900038171942,0.0,0.5309361478899317,0.09693523493140484,0.0,0.7026352748332774,0.0,1.8700783287087104,0.8564760600973914,0.7456114614442861,0.7964730401098471,67.36666666666666,59.833333333333336,569.1960423366943,0.9653054576522361,0.002267706813290715,3.3002830333852518
turbo_lunar_lander_12d,12,ucb,constant,decay_uniform_grid_a1_2,149,125,30,0.3997918385265864,0.0,0.5084396391230308,0.09282795315915672,0.0,0.6866126361010026,0.0,1.8693930346086778,0.8548906833406489,0.741875665324992,0.7938973949093817,67.63333333333334,60.333333333333336,574.7220794582274,1.0270959394518286,0.03959847278892994,3.2253802644554526
turbo_lunar_lander_12d,12,ucb,constant,decay_uniform_grid_a1_2,15,0,30,2.1347991880220576,2.1185131199386142,0.37296349748131596,0.06809350689884598,1.8408286933968911,2.307423651628433,1.290156542048358,2.78755737563226,0.9963141373461718,0.9712580647761323,0.9886452928854991,0.0,0.0,32.090486266200124,0.0,0.0011644476403792699,1.9223778459553917
turbo_lunar_lander_12d,12,ucb,constant,decay_uniform_grid_a1_2,150,126,30,0.4392661908048231,0.0,0.5583283791794683,0.10193634925729751,0.0,0.7244599781681345,0.0,1.880560004982861,0.8547620354564499,0.7416483579182203,0.7937227002349087,68.0,60.7,580.2948037448494,1.0178349286473045,0.00239153530759116,3.297973838572701
turbo_lunar_lander_12d,12,ucb,constant,decay_uniform_grid_a1_2,151,127,30,0.4410163690071826,0.0,0.5680504616561267,0.10371135055009467,0.0,0.7518150085065918,0.0,1.9307524561341514,0.8543526937140399,0.7413707721588029,0.7934847245906753,68.4,61.2,585.6798086806822,0.9583139273182799,0.002392011461779475,3.3086896550065528
turbo_lunar_lander_12d,12,ucb,constant,decay_uniform_grid_a1_2,152,128,30,0.41385277110077034,0.0,0.536968883418444,0.09803665670888116,0.0,0.7488977004428911,0.0,1.9307072719729053,0.8542147363410797,0.7411406040605344,0.7933486121844177,68.8,61.6,591.0709000832401,0.9184838735498488,0.0024397232414533694,3.3334931779963273
turbo_lunar_lander_12d,12,ucb,constant,decay_uniform_grid_a1_2,153,129,30,0.3927457698278521,0.0,0.504360090329287,0.09208313285956456,0.0,0.6030317723331451,0.0,1.8256076842688387,0.8541612565344349,0.7408399229504337,0.7931542242152206,69.33333333333333,62.13333333333333,596.2813503287422,0.7380242028428863,0.0023361340009917814,3.3664235398794213
turbo_lunar_lander_12d,12,ucb,constant,decay_uniform_grid_a1_2,154,130,30,0.3964802353552127,0.0,0.5433382770016374,0.09919954355659574,0.0,0.6512077331131836,0.0,2.117150889079714,0.8538448012689345,0.740030354377147,0.792643440012676,69.73333333333333,62.733333333333334,601.7276917938143,0.8663637135177851,0.043584398552775384,3.4113998183825363
turbo_lunar_lander_12d,12,ucb,constant,decay_uniform_grid_a1_2,155,131,30,0.4170459423164124,0.0,0.5365630132632667,0.09796255529574494,0.0,0.7762428860975356,0.0,1.915796003368581,0.8533331768339631,0.7397480861135686,0.7924404633162131,70.16666666666667,63.166666666666664,607.1696977389821,0.8562612557318061,0.002659659910326203,3.3584724170466265
turbo_lunar_lander_12d,12,ucb,constant,decay_uniform_grid_a1_2,156,132,30,0.48875709630911257,0.0,0.6592028759407536,0.12035342837501009,0.0,0.7633721368989124,0.0,2.117150889079714,0.853103159163659,0.7395124228638033,0.7922871873385253,70.53333333333333,63.56666666666667,612.714461697964,0.8826188069613029,0.0024916080757975577,3.4226843995973466
turbo_lunar_lander_12d,12,ucb,constant,decay_uniform_grid_a1_2,157,133,30,0.4362950803353626,0.0,0.5706024890737577,0.10417728487809738,0.0,0.6949257087381188,0.0,1.8836132321001486,0.8530162758722464,0.7392865278002605,0.7921475845549062,70.96666666666667,63.9,618.5347834236298,0.892050806991756,0.0027012742900600034,3.5499198626261204
turbo_lunar_lander_12d,12,ucb,constant,decay_uniform_grid_a1_2,158,134,30,0.4300309239084295,0.0,0.5659320742729538,0.10332458769832863,0.0,0.7567638716520508,0.0,1.88341413483005,0.8529454421855786,0.738978338188836,0.7918686180727305,71.46666666666667,64.5,623.7016693478295,0.6871930447251846,0.0025509085971862078,3.435688600844393
turbo_lunar_lander_12d,12,ucb,constant,decay_uniform_grid_a1_2,159,135,30,0.38815333604999064,0.0,0.5247138517894527,0.09579920428683525,0.0,0.6828890015285765,0.0,1.8192087634858185,0.8611687753865694,0.7466277844260671,0.7999853605882936,71.93333333333334,65.0,629.3979295410992,0.8693608163079868,0.04929420473054051,3.4991980895400046
turbo_lunar_lander_12d,12,ucb,constant,decay_uniform_grid_a1_2,16,0,30,2.1075148702959936,2.11749211157533,0.366120683037318,0.0668441856229127,1.881068205428724,2.2893746555309353,1.135735755309334,2.832314316644396,0.9960433785475872,0.9700005941429422,0.9879774141683791,0.0,0.0,34.323444681676726,0.0,0.0011433268586794536,1.9348034302704036
turbo_lunar_lander_12d,12,ucb,constant,decay_uniform_grid_a1_2,160,136,30,0.4249555290678766,0.0,0.5537346084592049,0.10109764530813249,0.0,0.7209502115851067,0.0,1.8246331234690396,0.8609957975256696,0.7463500429933217,0.7996827047260783,72.33333333333333,65.53333333333333,635.0185729221441,0.8960335073061287,0.002476955143113931,3.4450914608780296
turbo_lunar_lander_12d,12,ucb,constant,decay_uniform_grid_a1_2,161,137,30,0.4452222163905913,0.0,0.6128101384861278,0.1118833121055723,0.0,0.6973101392816896,0.0,1.9483179838276559,0.8607947052467023,0.7461354414664859,0.7995228817342176,72.66666666666667,66.0,641.0827112869825,0.97318541718026,0.002571703245242437,3.5471808759961276
turbo_lunar_lander_12d,12,ucb,constant,decay_uniform_grid_a1_2,162,138,30,0.38136305732702963,0.0,0.5402929784019734,0.09864355064413745,0.0,0.7036840147521749,0.0,1.948308615308359,0.8606906228324167,0.7459525676819126,0.7993588830082968,73.06666666666666,66.33333333333333,646.7490934114903,0.8540838282865783,0.0026387884592016537,3.441082122301062
turbo_lunar_lander_12d,12,ucb,constant,decay_uniform_grid_a1_2,163,139,30,0.3618054048439157,0.0,0.513683940758492,0.0937854272605245,0.0,0.6682964739524386,0.0,1.8878716395806683,0.8606411050667592,0.745669759938317,0.7990948565910684,73.53333333333333,66.93333333333334,652.1031633823955,0.8441417678569754,0.002441795434181889,3.3287165807404864
turbo_lunar_lander_12d,12,ucb,constant,decay_uniform_grid_a1_2,164,140,30,0.373322412117391,0.0,0.5001550419307043,0.09131539957179631,0.0,0.7890747272173623,0.0,1.7154048842707383,0.8643417037787574,0.7518280000496428,0.8043423664349649,73.93333333333334,67.66666666666667,657.4016636847518,0.7984459406385819,0.048374356546749674,3.4779589304545273
turbo_lunar_lander_12d,12,ucb,constant,decay_uniform_grid_a1_2,165,141,30,0.42413697317909643,0.0,0.5957329971182902,0.10876546692394921,0.0,0.666412221849821,0.0,2.3478084336688663,0.8642611466527812,0.7516187020637747,0.8041694083156664,74.3,68.03333333333333,663.0113900298408,0.9181385911225031,0.0025852063360313573,3.3623343276636053
turbo_lunar_lander_12d,12,ucb,constant,decay_uniform_grid_a1_2,166,142,30,0.39033303744443665,0.0,0.571252804053798,0.10429601560611458,0.0,0.6773988026572497,0.0,2.3478084336688663,0.8637944946558157,0.751416084406096,0.8039988410546428,74.73333333333333,68.56666666666666,668.3481699796238,0.8859751376323401,0.002522119740024209,3.260380161755408
turbo_lunar_lander_12d,12,ucb,constant,decay_uniform_grid_a1_2,167,143,30,0.36867965054955826,0.0,0.5782447985336373,0.10557257330563445,0.0,0.6318201285642167,0.0,2.3436803598462013,0.8636835535695933,0.7512526504472962,0.8038412076565287,75.03333333333333,68.9,674.0572760000049,1.0355187060000997,0.0025868105546881753,3.4385822780585538
turbo_lunar_lander_12d,12,ucb,constant,decay_uniform_grid_a1_2,168,144,30,0.37897217892047746,0.0,0.5701736289022317,0.10409898608144394,0.0,0.6223492359138412,0.0,2.3439800153655668,0.8636238985879134,0.7510455979903269,0.8036812983211984,75.5,69.4,679.6719684546503,0.8708169837327053,0.0025965433878203234,3.48427797826007
turbo_lunar_lander_12d,12,ucb,constant,decay_uniform_grid_a1_2,169,145,30,0.3629223484227652,0.0,0.5775298308674348,0.10544203866607914,0.0,0.6281456135972161,0.0,2.3185914619429253,0.8643970427232726,0.7499473859137481,0.803527650027986,76.1,69.86666666666666,684.9956616176447,0.6588418902053187,0.05249821715988219,3.64527303930372
turbo_lunar_lander_12d,12,ucb,constant,decay_uniform_grid_a1_2,17,0,30,2.099757838105531,2.110022740220339,0.3828710086523443,0.0699023626845482,1.873366464527005,2.3150564028909124,1.0023537683350885,2.8299922076114465,0.9959122692309682,0.9688942266809756,0.9873643256895525,0.0,0.0,36.5634142921151,0.0,0.0011524831410497428,1.9332586527491609
turbo_lunar_lander_12d,12,ucb,constant,decay_uniform_grid_a1_2,170,146,30,0.33023166201163506,0.0,0.525738338733834,0.0959862491566043,0.0,0.5557986657321884,0.0,2.180613973423287,0.8643477365348223,0.7497151376280359,0.8033231372352535,76.56666666666666,70.26666666666667,690.9916706869534,0.8891218940416972,0.0028873919354130825,3.8132653205189855
turbo_lunar_lander_12d,12,ucb,constant,decay_uniform_grid_a1_2,171,147,30,0.33154956412971603,0.0,0.5224107576922232,0.09537871875713204,0.0,0.6135095009540918,0.0,2.2244270072142123,0.8642325496985234,0.7494677744704608,0.803072697415186,77.03333333333333,70.8,696.7801535486244,0.8180459425163765,0.002961684887607892,3.7864458340841036
turbo_lunar_lander_12d,12,ucb,constant,decay_uniform_grid_a1_2,172,148,30,0.3375562548246311,0.0,0.5194627220674227,0.09484048355312136,0.0,0.6480966906545054,0.0,2.124027649537858,0.8640620639234446,0.7492503028005667,0.8029471286637605,77.46666666666667,71.23333333333333,702.3686565699367,0.8674133630314221,0.0027695225706944864,3.548494779303049
turbo_lunar_lander_12d,12,ucb,constant,decay_uniform_grid_a1_2,173,149,30,0.33339337165348204,0.0,0.5145695328812313,0.09394711352131556,0.0,0.5818738388835494,0.0,2.1238199502486563,0.8639484094517303,0.7490594216703167,0.8027319878337144,77.83333333333333,71.76666666666667,708.2000976728585,1.02201424537537,0.002836224886899193,3.5135275368733954
turbo_lunar_lander_12d,12,ucb,constant,decay_uniform_grid_a1_2,174,150,30,0.2993565899578497,0.0,0.4849661140621754,0.08854229343249227,0.0,0.5866338784943482,0.0,1.9696060558248059,0.8622405396352133,0.7468217781477894,0.800553922245223,78.13333333333334,72.16666666666667,714.3815997633307,1.0855369839196405,0.053947053585822385,3.574356435270359
turbo_lunar_lander_12d,12,ucb,constant,decay_uniform_grid_a1_2,175,151,30,0.30066069456794786,0.0,0.4745407189260946,0.08663888540351357,0.0,0.5592593461093958,0.0,1.9728607258274822,0.8622296540422465,0.7466291327102047,0.8003873004164063,78.53333333333333,72.66666666666667,720.0497192671368,1.0197290869119267,0.0027706618420779705,3.5075075830643376
turbo_lunar_lander_12d,12,ucb,constant,decay_uniform_grid_a1_2,176,152,30,0.31848555548096386,0.0,0.4695881163408418,0.08573466801874645,0.0,0.48249547483786864,0.0,1.7164034169451445,0.8621418296743674,0.7464591300173187,0.8001715432116457,78.9,73.03333333333333,726.1075509889672,1.061211727031817,0.002897120996688803,3.6420175396682075
turbo_lunar_lander_12d,12,ucb,constant,decay_uniform_grid_a1_2,177,153,30,0.33656568344789234,0.0,0.4868869685565171,0.08889299187790431,0.0,0.5896884901098919,0.0,1.84044524568268,0.8620132973658899,0.7462416698662664,0.799919973199598,79.26666666666667,73.5,732.2323365722162,0.9784105862335613,0.0031304385202626387,3.76167790881979
turbo_lunar_lander_12d,12,ucb,constant,decay_uniform_grid_a1_2,178,154,30,0.2981684469856893,0.0,0.44697709477890457,0.08160647916617687,0.0,0.540341288828061,0.0,1.792969856019299,0.8619600760384734,0.7459976593966299,0.7996491641693232,79.86666666666666,74.2,737.6626532552453,0.7551909056957811,0.003060030611231923,3.6214590933329114
turbo_lunar_lander_12d,12,ucb,constant,decay_uniform_grid_a1_2,179,155,30,0.25807027854304804,0.0,0.40609740286974116,0.07414290269867348,0.0,0.4963580043959988,0.0,1.7483697505110316,0.8626555167448431,0.7464677778238136,0.8004311952708159,80.3,74.63333333333334,743.5494364093989,0.9004147233596692,0.059598272355894245,3.5912162399385124
turbo_lunar_lander_12d,12,ucb,constant,decay_uniform_grid_a1_2,18,0,30,2.0920062495202365,2.111017479782991,0.33864160291830364,0.0618272149426874,1.8708896179771348,2.3034307913698533,1.2088720059724667,2.759462209735169,0.9957094485013225,0.9675855483758339,0.9866311169886459,0.0,0.0,38.828903978085144,0.0,0.0011620384020109972,1.9179133368500818
turbo_lunar_lander_12d,12,ucb,constant,decay_uniform_grid_a1_2,180,156,30,0.28491643544262796,0.0,0.4311244273668694,0.07871219132011065,0.0,0.5567412675899254,0.0,1.8842662062361462,0.8625833227243471,0.7463206930274826,0.8003536806522649,80.66666666666667,75.03333333333333,749.4203839143582,1.075411862709249,0.0028523311329384645,3.3871171401813625
turbo_lunar_lander_12d,12,ucb,constant,decay_uniform_grid_a1_2,181,157,30,0.28049198503187683,0.0,0.4471029339300788,0.0816294541467487,0.0,0.562854271087982,0.0,1.8843551927043154,0.8624671500876478,0.746174316984361,0.8002500383563281,81.1,75.36666666666666,754.8878261938381,0.8771895959973335,0.0027723037016888457,3.362198744574562
turbo_lunar_lander_12d,12,ucb,constant,decay_uniform_grid_a1_2,182,158,30,0.2695593839091054,0.0,0.4253890382611967,0.0776650573236952,0.0,0.5449673249854281,0.0,1.7554450924673908,0.8621605864412448,0.7459274142192851,0.8000429573683131,81.53333333333333,76.1,759.9964836722085,0.7431041660252958,0.0029165700698892275,3.3028999188914896
turbo_lunar_lander_12d,12,ucb,constant,decay_uniform_grid_a1_2,183,159,30,0.3010821481461447,0.0,0.49217029859302797,0.08985759155781818,0.0,0.5399540068044751,0.0,1.912543316730666,0.8620456754564689,0.7456184854977459,0.7996544300037787,82.06666666666666,76.73333333333333,765.0586648055353,0.6766747248048584,0.002884636012216409,3.308352839294821
turbo_lunar_lander_12d,12,ucb,constant,decay_uniform_grid_a1_2,184,160,30,0.3326727257287267,0.0,0.48295332782994543,0.08817481062488287,0.0,0.5837729531884942,0.0,1.7667625712940938,0.8613153907207117,0.7443728174115126,0.7984637443619095,82.43333333333334,77.36666666666666,770.7572872130821,0.9280283224768937,0.06335989576764404,3.5190671663110455
turbo_lunar_lander_12d,12,ucb,constant,decay_uniform_grid_a1_2,185,161,30,0.32699300965843425,0.0,0.4995605997870303,0.09120686978138899,0.0,0.5337265908867965,0.0,1.8623770235187,0.8613009951253253,0.7442373976233472,0.7983385262354094,82.8,77.7,776.468041431671,0.967511342310657,0.0030192102460811538,3.426184222459172
turbo_lunar_lander_12d,12,ucb,constant,decay_uniform_grid_a1_2,186,162,30,0.27726292404053343,0.0,0.4442065689059183,0.08110065266058146,0.0,0.5155701269904084,0.0,1.852528679790167,0.8612955521639697,0.7441558584244611,0.7982910702168623,82.93333333333334,78.13333333333334,782.7371271829431,1.359509680001065,0.002975960820913315,3.4790289860684425
turbo_lunar_lander_12d,12,ucb,constant,decay_uniform_grid_a1_2,187,163,30,0.28273706294221496,0.0,0.46234216030398473,0.08441174349472066,0.0,0.517996935961053,0.0,2.006629178281841,0.8612748499794729,0.7440062816621426,0.7982136496804662,83.23333333333333,78.43333333333334,788.3226192459774,0.95803473192888,0.003070310813685258,3.3932345701381563
turbo_lunar_lander_12d,12,ucb,constant,decay_uniform_grid_a1_2,188,164,30,0.2699429552971379,0.0,0.4605811273347535,0.08409022433413459,0.0,0.49908123737927634,0.0,2.006629178281841,0.8612550557989924,0.743843155470076,0.7980213331952604,83.6,78.9,793.8279559103462,0.9815086088453729,0.0029580730323990187,3.315230332563321
turbo_lunar_lander_12d,12,ucb,constant,decay_uniform_grid_a1_2,189,165,30,0.29087822863074025,0.0,0.4863377479385294,0.08879271837073138,0.0,0.5148104185605239,0.0,2.1074061480332595,0.8598194920267586,0.7414688249471229,0.795997382402368,84.03333333333333,79.3,799.3986426107896,0.8373112453147769,0.06430701867987712,3.46621165733474
turbo_lunar_lander_12d,12,ucb,constant,decay_uniform_grid_a1_2,19,0,30,2.0804840658667922,2.12933069587867,0.3391846870726449,0.061926368090006165,1.870570543226884,2.277441225842643,1.1501422677106037,2.7184779824824505,0.9955179886383606,0.9663557325210144,0.9860669594507968,0.0,0.0,41.07847028238078,0.0,0.0011663975814978282,1.9408936934700856
turbo_lunar_lander_12d,12,ucb,constant,decay_uniform_grid_a1_2,190,166,30,0.2823158713739572,0.0,0.4603007044738691,0.08403902635861908,0.0,0.4879869429859351,0.0,1.9766366560881645,0.8593477207627155,0.7413064177822919,0.7958718963805594,84.33333333333333,79.9,805.4600394872948,1.1856219903410723,0.0031716576622178158,3.5202312632463872
turbo_lunar_lander_12d,12,ucb,constant,decay_uniform_grid_a1_2,191,167,30,0.283608581548932,0.0,0.4698009476505748,0.08577352552184116,0.0,0.4878476231744435,0.0,1.977175562033287,0.8589309114447837,0.7411106568057559,0.7956706639072793,84.66666666666667,80.2,811.2637908323358,1.0652660071539382,0.003209698727975289,3.5420164103464535
turbo_lunar_lander_12d,12,ucb,constant,decay_uniform_grid_a1_2,192,168,30,0.26831474800067867,0.0,0.43870544065324507,0.08009628864867542,0.0,0.4510613489981882,0.0,1.6776305833622893,0.858895706115283,0.7408404674476862,0.7953344559461517,85.2,80.8,816.601000003439,0.6900384439776341,0.0030864705952505273,3.5339258423695963
turbo_lunar_lander_12d,12,ucb,constant,decay_uniform_grid_a1_2,193,169,30,0.25265674778712094,0.0,0.4376039203647465,0.07989517947882199,0.0,0.40124986423898595,0.0,1.6243756091264145,0.8588272308429997,0.7405789804827666,0.7950674025414881,85.76666666666667,81.3,821.4883150435209,0.5889532956139495,0.002988133936499556,3.2954697391794374
turbo_lunar_lander_12d,12,ucb,constant,decay_uniform_grid_a1_2,194,170,30,0.2857205295612346,0.0,0.4654651091393479,0.08498191333574164,0.0,0.5663180112672993,0.0,1.63258937801909,0.8595358044390029,0.7411476972259642,0.7955396866311034,86.23333333333333,81.73333333333333,826.4940492762253,0.6812722106774648,0.06685564969666302,3.3075090587915232
turbo_lunar_lander_12d,12,ucb,constant,decay_uniform_grid_a1_2,195,171,30,0.2959217886937245,0.0,0.4717994359049534,0.08613839788778525,0.0,0.5892826059341894,0.0,1.7365829431880333,0.8592035433275088,0.740900773332129,0.7953261978859228,86.7,82.46666666666667,831.6036399501065,0.7392251156115284,0.0029227029842634994,3.34306578709123
turbo_lunar_lander_12d,12,ucb,constant,decay_uniform_grid_a1_2,196,172,30,0.30407973814659806,0.0,0.44917471240487766,0.08200770741501569,0.0,0.6439133300107709,0.0,1.5836449773067254,0.8591877312830127,0.7407325540637755,0.7951262503527797,87.06666666666666,83.1,836.981583181691,0.8306976899349441,0.002967769435296456,3.340747576424231
turbo_lunar_lander_12d,12,ucb,constant,decay_uniform_grid_a1_2,197,173,30,0.2949028041260492,0.0,0.48087378706268225,0.087795140162389,0.0,0.6387514771459204,0.0,1.857448496862014,0.859125341923194,0.7405996248482658,0.7950681025580916,87.43333333333334,83.5,842.3088083675597,0.9255257624511918,0.0030329352710396053,3.278106113538767
turbo_lunar_lander_12d,12,ucb,constant,decay_uniform_grid_a1_2,198,174,30,0.2940821420641243,0.0,0.4395738049545938,0.08025482955400239,0.0,0.5773097816025542,0.0,1.574743128953593,0.858924547283551,0.740412786452858,0.7949026072815507,87.83333333333333,84.0,847.6725482389952,0.8534779122409721,0.0030476517199228208,3.3712529541924594
turbo_lunar_lander_12d,12,ucb,constant,decay_uniform_grid_a1_2,199,175,30,0.2764374152053843,0.0,0.4435538396212534,0.08098148114286306,0.0,0.5263158874299996,0.0,1.6636339825491722,0.8592427181220388,0.7396817346418856,0.7946598094982347,88.2,84.43333333333334,853.3207698100557,0.9290855788315336,0.0732328782013307,3.453068652516231
turbo_lunar_lander_12d,12,ucb,constant,decay_uniform_grid_a1_2,2,0,30,2.885570233135184,2.8293080899717786,0.4982639284972421,0.09097013107636022,2.517399148613383,3.238257766184881,1.8437588878566724,3.9886089859838023,0.9996801932678034,0.9944561142072189,0.9987245304408059,0.0,0.0,2.693945871371155,0.0,0.0012361496997376283,1.629041170577208
turbo_lunar_lander_12d,12,ucb,constant,decay_uniform_grid_a1_2,20,0,30,2.061611883645981,2.104385787790042,0.34075255035328955,0.06221261945197055,1.8126988241714181,2.2639419317645997,1.110178421976981,2.7188176888560056,0.9951943940238099,0.9650347806448117,0.9853139315771867,0.0,0.0,43.38634522667465,0.0,0.001171038020402193,1.9762424670159817
turbo_lunar_lander_12d,12,ucb,constant,decay_uniform_grid_a1_2,200,176,30,0.2599990887200287,0.0,0.42370000225682086,0.0773566829503502,0.0,0.5300119131111256,0.0,1.714030266479775,0.8591400262127781,0.7394208809483556,0.7944094928850685,88.7,85.03333333333333,858.2760569980213,0.6813409698350976,0.003016402681047718,3.2894842598742495
turbo_lunar_lander_12d,12,ucb,constant,decay_uniform_grid_a1_2,201,177,30,0.2599504425728473,0.0,0.4539580315572773,0.08288101801485429,0.0,0.45286895254046144,0.0,1.8438760813572028,0.8591325814432371,0.7392687590245858,0.7943186366163406,89.0,85.5,863.9327669956566,1.0552914965121696,0.0029670864343643187,3.3412492650561036
turbo_lunar_lander_12d,12,ucb,constant,decay_uniform_grid_a1_2,202,178,30,0.27451507354304167,0.0,0.4515994493523599,0.08245040178906643,0.0,0.5099494946731897,0.0,1.847502379793342,0.8589463439974993,0.7390851893408477,0.7941744610044397,89.26666666666667,85.8,869.5107886429876,0.9934637267918637,0.0029862416752924523,3.3057449754327535
turbo_lunar_lander_12d,12,ucb,constant,decay_uniform_grid_a1_2,203,179,30,0.2712764128200134,0.0,0.44291824748644243,0.08086543842632679,0.0,0.610747790230159,0.0,1.6791331273577403,0.8585198702247916,0.7388421558973739,0.793856284297338,89.7,86.16666666666667,874.6839055584122,0.7886282481253147,0.002927580677593748,3.3114392906893046
turbo_lunar_lander_12d,12,ucb,constant,decay_uniform_grid_a1_2,204,180,30,0.2811380113432668,0.0,0.4369867597402824,0.079782501880281,0.0,0.6198738497223769,0.0,1.6354042116037888,0.8567374121440422,0.7361520652154493,0.7914493805773968,90.13333333333334,86.76666666666667,880.277853290566,0.8242227628671874,0.07283712162946661,3.291611811425537
turbo_lunar_lander_12d,12,ucb,constant,decay_uniform_grid_a1_2,205,181,30,0.2500620392012101,0.0,0.4027091028105345,0.07352428657399895,0.0,0.6103955763431059,0.0,1.4157384981596053,0.8566720255083309,0.7359041219076333,0.7912718764555423,90.66666666666667,87.33333333333333,885.2741759429996,0.6885513015246639,0.0031395002733916044,3.319225335710992
turbo_lunar_lander_12d,12,ucb,constant,decay_uniform_grid_a1_2,206,182,30,0.2644187338519086,0.0,0.4207075656068534,0.07681034126531941,0.0,0.5509924621747986,0.0,1.5487486314344239,0.8566505695394125,0.7357229948274243,0.7910878179806269,91.0,87.93333333333334,890.8287863925254,0.9519173541571945,0.0031323228341837723,3.330544361906747
turbo_lunar_lander_12d,12,ucb,constant,decay_uniform_grid_a1_2,207,183,30,0.2699281783900901,0.0,0.4360405627894455,0.07960975074234235,0.0,0.5130182355980828,0.0,1.6616831273872235,0.8562911099754705,0.7354609893832124,0.7908039256094324,91.43333333333334,88.3,895.7366257900372,0.8041209002491086,0.0029789021083464224,3.1921431796004374
turbo_lunar_lander_12d,12,ucb,constant,decay_uniform_grid_a1_2,208,184,30,0.2590693144926884,0.0,0.4359281944592889,0.07958923518595036,0.0,0.4376060161150045,0.0,1.6978618715312106,0.8562222603025181,0.7353064316148447,0.7906715265541476,91.93333333333334,88.9,900.7014868924549,0.7205123757167409,0.003066243122642239,3.2303913465856264
turbo_lunar_lander_12d,12,ucb,constant,decay_uniform_grid_a1_2,209,185,30,0.2442890366911054,0.0,0.35370816562674784,0.0645779803625144,0.0,0.5749390450944087,0.0,1.0866574973491216,0.861935292180354,0.7406288880613758,0.7965557532550506,92.3,89.36666666666666,906.1962716318046,0.8852221540020158,0.07695458430486421,3.3376244817239544
turbo_lunar_lander_12d,12,ucb,constant,decay_uniform_grid_a1_2,21,0,30,2.0103557832540613,2.1196253294823966,0.45621493106484673,0.0832930696049603,1.8201512959423876,2.2685593450080273,0.35543964366029956,2.6623164610743437,0.9950198861468054,0.9639788771103057,0.9847182647098223,0.0,0.0,45.75755151635967,0.0,0.0011472845760484537,2.0230450935972235
turbo_lunar_lander_12d,12,ucb,constant,decay_uniform_grid_a1_2,210,186,30,0.2626343490331507,0.0,0.43859066942659997,0.0800753343854134,0.0,0.5257537640875876,0.0,1.6549108724294042,0.8618406213918316,0.7404284755468296,0.7964043372832441,92.63333333333334,89.8,911.7044762672081,0.8805819192435592,0.003215200221166015,3.529649611857409
turbo_lunar_lander_12d,12,ucb,constant,decay_uniform_grid_a1_2,211,187,30,0.2671624344236148,0.0,0.431350213284268,0.0787534140001527,0.0,0.5206627991473438,0.0,1.601705122565336,0.8618024203048423,0.7402264242216196,0.7962510368978415,93.1,90.26666666666667,916.703658613811,0.7595653270216037,0.0031133934234579405,3.2263212288729846
turbo_lunar_lander_12d,12,ucb,constant,decay_uniform_grid_a1_2,212,188,30,0.27123220942146564,0.0,0.42611512167839566,0.07779762141243864,0.0,0.6127981403186673,0.0,1.6576987248836037,0.8617730416006175,0.7400232334160308,0.7960147057462904,93.53333333333333,90.83333333333333,922.1224672971914,0.9048002695664763,0.0031669541727751493,3.305180498942112
turbo_lunar_lander_12d,12,ucb,constant,decay_uniform_grid_a1_2,213,189,30,0.25536974037253396,0.0,0.4020167280487406,0.07339787681557168,0.0,0.47908424238408565,0.0,1.6480718116364197,0.8616991230258356,0.7399003693959004,0.7959229118595734,93.8,91.13333333333334,927.9023450132614,1.0711637864510217,0.003086672568072875,3.2901142242675028
turbo_lunar_lander_12d,12,ucb,constant,decay_uniform_grid_a1_2,214,190,30,0.24382260691792032,0.0,0.40986927226495656,0.07483154868258109,0.0,0.4494936131609245,0.0,1.6256428713509896,0.8609541331607888,0.7377680660781624,0.7943160263925481,94.2,91.6,933.4424540863994,0.8362230566795915,0.07900596799639364,3.5415415091440083
turbo_lunar_lander_12d,12,ucb,constant,decay_uniform_grid_a1_2,215,191,30,0.2328559515151928,0.0,0.4005313511533881,0.0731266853382445,0.0,0.4116971709540762,0.0,1.5784150576996603,0.8608377741296273,0.7376395415612496,0.7942222137718304,94.46666666666667,92.06666666666666,938.9065367285162,0.9882076885551214,0.0032235245065142712,3.327820198237896
turbo_lunar_lander_12d,12,ucb,constant,decay_uniform_grid_a1_2,216,192,30,0.2694604895612945,0.0,0.44351255607345375,0.08097394383273517,0.0,0.531644442979889,0.0,1.6698655092381096,0.8608317467021293,0.7375206727257477,0.7941016202212292,94.76666666666667,92.56666666666666,944.6609605880765,1.0444134366543343,0.0032367540368189412,3.357740501826629
turbo_lunar_lander_12d,12,ucb,constant,decay_uniform_grid_a1_2,217,193,30,0.2697272475104963,0.0,0.4450314250864414,0.08125125010617147,0.0,0.5248664133618842,0.0,1.65927745569666,0.860683833884899,0.7373297402426473,0.7940211710388722,95.13333333333334,93.1,950.0186463955635,0.8270870429618905,0.003337873270114263,3.477289808075875
turbo_lunar_lander_12d,12,ucb,constant,decay_uniform_grid_a1_2,218,194,30,0.24126245077772573,0.0,0.4249291470445941,0.07758109305925129,0.0,0.4714042618510385,0.0,1.6649573903962616,0.8600108642338214,0.7371255772789681,0.7938125483130889,95.53333333333333,93.53333333333333,955.3829874409984,0.8888150669634343,0.003405235040312012,3.365371830280249
turbo_lunar_lander_12d,12,ucb,constant,decay_uniform_grid_a1_2,219,195,30,0.23957063008476587,0.0,0.42240998182093525,0.0771211585195578,0.0,0.5160652654308414,0.0,1.6937072808454408,0.8584784225185795,0.7350592487458503,0.7922534619358729,96.0,94.0,960.6923607392703,0.7413417187985033,0.08351140789066752,3.5079046461731194
turbo_lunar_lander_12d,12,ucb,constant,decay_uniform_grid_a1_2,22,0,30,2.018812395918843,2.0954128147140247,0.4247300673108744,0.07754474623895116,1.8243497978773924,2.256515884138674,0.4386501698383287,2.6667800721842894,0.9947753131421503,0.9627320698773395,0.9839994741725716,0.0,0.0,48.09495465856356,0.0,0.001158514991402626,2.0306584424184013
turbo_lunar_lander_12d,12,ucb,constant,decay_uniform_grid_a1_2,220,196,30,0.23232564320256266,0.0,0.4167949117897287,0.07609599168020344,0.0,0.40396353740872354,0.0,1.7432194830116297,0.8584610793071291,0.7348193928078375,0.7920023730856679,96.53333333333333,94.33333333333333,965.8852460437299,0.7126084096108873,0.0032388101642330486,3.385418086126447
turbo_lunar_lander_12d,12,ucb,constant,decay_uniform_grid_a1_2,221,197,30,0.24232197862499166,0.0,0.43729239842518847,0.07983830361433743,0.0,0.4869141893675268,0.0,1.7479187200888964,0.8582833342422895,0.7347019022478586,0.7919234421676856,96.86666666666666,94.86666666666666,971.4904135848861,1.0002597335726022,0.0033629145628462235,3.276282353652641
turbo_lunar_lander_12d,12,ucb,constant,decay_uniform_grid_a1_2,222,198,30,0.22403220581479757,0.0,0.41344724068110805,0.07548479335310349,0.0,0.4043596238430241,0.0,1.799178522322179,0.8582770208072326,0.7346158710361361,0.7918548222692952,97.13333333333334,95.2,977.4166525599081,1.1288647975617399,0.00337332459166646,3.3997054478153585
turbo_lunar_lander_12d,12,ucb,constant,decay_uniform_grid_a1_2,223,199,30,0.2290764225045944,0.0,0.4280912384267778,0.07815840931888952,0.0,0.2919636338754233,0.0,1.8025963008059052,0.8577993897794446,0.7344526983091775,0.7917281809285169,97.5,95.76666666666667,982.6501081605131,0.8665093763265759,0.00336518205391864,3.2763208949162315
turbo_lunar_lander_12d,12,ucb,constant,decay_uniform_grid_a1_2,224,200,30,0.23041642142221513,0.0,0.42274099206246124,0.07718159244490747,0.0,0.4542142386837841,0.0,1.80859876808938,0.8572148261007497,0.7327148657539606,0.7905204192980861,97.96666666666667,96.13333333333334,988.0035902305506,0.7951353781546155,0.08533659252958993,3.376499917327116
turbo_lunar_lander_12d,12,ucb,constant,decay_uniform_grid_a1_2,225,201,30,0.23636588677710832,0.0,0.42649200057921816,0.07786642977091472,0.0,0.5059633426725489,0.0,1.8016642834762948,0.8571303403436602,0.7324621668900267,0.7902370600385749,98.4,96.63333333333334,992.963491957169,0.7025084540247917,0.0032522494283815226,3.3283281512713683
turbo_lunar_lander_12d,12,ucb,constant,decay_uniform_grid_a1_2,226,202,30,0.23175000160030657,0.0,0.4261496805263579,0.07780393096596874,0.0,0.4962622262233053,0.0,1.8001480861908608,0.8569539992455294,0.7323101719895108,0.790086276166963,98.76666666666667,97.03333333333333,998.5760147789027,0.8548937376433362,0.0032623769249767063,3.400918530921141
turbo_lunar_lander_12d,12,ucb,constant,decay_uniform_grid_a1_2,227,203,30,0.24776123816369414,0.0,0.4445227422258304,0.08115837774704716,0.0,0.4853490836424383,0.0,1.7321685829081284,0.8568618152362382,0.7321394338450733,0.7899682401112984,99.13333333333334,97.56666666666666,1003.7761231562588,0.8484641332334528,0.0035475680294136205,3.384303395465637
turbo_lunar_lander_12d,12,ucb,constant,decay_uniform_grid_a1_2,228,204,30,0.24406707511422568,0.0,0.44163634495655035,0.08063139611561185,0.0,0.4134789874935712,0.0,1.6746870286793625,0.8568408358413494,0.7320130292525497,0.7898795649758605,99.43333333333334,98.03333333333333,1009.265347072808,0.9431719530839473,0.003383246964464585,3.304201808338985
turbo_lunar_lander_12d,12,ucb,constant,decay_uniform_grid_a1_2,229,205,30,0.24184027529237775,0.0,0.4561732925300272,0.08328546748336627,0.0,0.3343545448652109,0.0,1.894019205330064,0.8567334359845032,0.7334873361761913,0.7910485832594947,100.0,98.56666666666666,1013.9026930845032,0.5581274251143138,0.08577068946324289,3.124461862212047
turbo_lunar_lander_12d,12,ucb,constant,decay_uniform_grid_a1_2,23,0,30,2.029291854648789,2.0924241953842992,0.4307785176434424,0.07864903713398352,1.8221556810613653,2.2998905622316252,0.4639975490151611,2.646881173905956,0.994474263862337,0.9616650611612246,0.9833508850634076,0.0,0.0,50.399103747525565,0.0,0.0011857441626489163,1.977567496492217
turbo_lunar_lander_12d,12,ucb,constant,decay_uniform_grid_a1_2,230,206,30,0.24857283150013781,0.0,0.4445328799547943,0.08116022863465898,0.0,0.5220147191640603,0.0,1.75185528723694,0.8565758712389472,0.7333501736900943,0.7909206124186792,100.26666666666667,98.93333333333334,1019.3294405525551,0.9750373291938256,0.003299313255896171,3.31245818521517
turbo_lunar_lander_12d,12,ucb,constant,decay_uniform_grid_a1_2,231,207,30,0.27350470419826794,0.0,0.49258334239094825,0.08993300269293769,0.0,0.5386518618363586,0.0,1.965672981970424,0.8564059629021,0.733228501512702,0.7907634711360274,100.56666666666666,99.36666666666666,1025.1633419109507,1.0222476684177915,0.0034412715894480547,3.3686268685230365
turbo_lunar_lander_12d,12,ucb,constant,decay_uniform_grid_a1_2,232,208,30,0.2499555807793935,0.0,0.4529813681559831,0.08270270448952809,0.0,0.450585382998114,0.0,1.8599598388275085,0.8563759751997304,0.7331188471612264,0.7905723091906931,100.86666666666666,99.76666666666667,1031.0033918367544,1.0322286671493202,0.003545660199597478,3.41143455261675
turbo_lunar_lander_12d,12,ucb,constant,decay_uniform_grid_a1_2,233,209,30,0.24928112713841732,0.0,0.455609893239076,0.0831826053165208,0.0,0.49094225008247905,0.0,1.884094156508623,0.8560781619368723,0.7329461999128336,0.7904541668047158,101.23333333333333,100.23333333333333,1036.4291493536439,0.8886635176371783,0.0035763518108675877,3.2375301360618325
turbo_lunar_lander_12d,12,ucb,constant,decay_uniform_grid_a1_2,234,210,30,0.2463651690627539,0.0,0.4904465238147206,0.0895428747811057,0.0,0.4626336945257984,0.0,2.257403147124073,0.8568329145598569,0.7338450288840639,0.791366865239046,101.56666666666666,100.6,1041.9185724775461,0.9142437763201694,0.09332270209367076,3.2700775156728925
turbo_lunar_lander_12d,12,ucb,constant,decay_uniform_grid_a1_2,235,211,30,0.275743393180876,0.0,0.5218625718227515,0.09527863416832696,0.0,0.5648465021776423,0.0,2.2990805392478353,0.8568026350140681,0.7337108443653167,0.7913153189004339,101.9,100.93333333333334,1047.4647574692654,0.9333411395704995,0.003725121651465694,3.4444033851226172
turbo_lunar_lander_12d,12,ucb,constant,decay_uniform_grid_a1_2,236,212,30,0.2738490580755451,0.0,0.49750871189129087,0.09083224801939956,0.0,0.5638887676136835,0.0,2.0872892349238246,0.8567651678161923,0.7335358647273682,0.7911471356508687,102.33333333333333,101.23333333333333,1052.8438592860787,0.8948426471091807,0.003708986829345425,3.395447025137643
turbo_lunar_lander_12d,12,ucb,constant,decay_uniform_grid_a1_2,237,213,30,0.24650092430101037,0.0,0.4403786002413571,0.08040176439824709,0.0,0.5260862399173052,0.0,1.8336463388630542,0.8567477717217634,0.7334100951155864,0.7910255768878837,102.63333333333334,101.83333333333333,1058.5961255858497,0.9289265254357209,0.003693177504464984,3.335290108512466
turbo_lunar_lander_12d,12,ucb,constant,decay_uniform_grid_a1_2,238,214,30,0.2548614928080959,0.0,0.45405886194783873,0.08289942704131846,0.0,0.4800137448939913,0.0,2.0470904141248223,0.8567333315563949,0.733269160497103,0.7909544083000815,102.93333333333334,102.16666666666667,1064.144301366744,0.9819299737767627,0.003752187266945839,3.1921223473890374
turbo_lunar_lander_12d,12,ucb,constant,decay_uniform_grid_a1_2,239,215,30,0.2731065950748915,0.0,0.48245853088978174,0.08808447347637881,0.0,0.47896036653347784,0.0,2.0109468997091984,0.8613996076303695,0.7415185369096239,0.7978739790943002,103.3,102.63333333333334,1069.2875969591084,0.8059306337653349,0.09095139768905938,3.0682504735421388
turbo_lunar_lander_12d,12,ucb,constant,decay_uniform_grid_a1_2,24,0,30,1.9789134699739348,1.8978690382657675,0.6695397847580342,0.12224068108637631,1.7052837871157773,2.3542641825037984,0.0,3.869210107643327,0.7245680538849998,0.5573613631664515,0.6330507827136042,0.0,0.0,52.397320188442244,0.0,0.00902766672273477,1.674860327411443
turbo_lunar_lander_12d,12,ucb,constant,decay_uniform_grid_a1_2,240,216,30,0.21231172686087524,0.0,0.4209058438679876,0.07684654175741476,0.0,0.3716462451480618,0.0,1.8156491103738868,0.8613460482564576,0.7413218464950759,0.7977488795973869,103.8,103.23333333333333,1074.1499461413207,0.5708730826775233,0.003592891509955128,3.2469892568575838
turbo_lunar_lander_12d,12,ucb,constant,decay_uniform_grid_a1_2,241,217,30,0.2836704270967327,0.0,0.5018779075895751,0.09162995036676783,0.0,0.4154865736894355,0.0,1.9827864262692738,0.8613341423401303,0.7411802796982614,0.7975609869944483,104.13333333333334,103.73333333333333,1079.4245402122226,0.8349911583277086,0.003548385916898648,3.307160314063852
turbo_lunar_lander_12d,12,ucb,constant,decay_uniform_grid_a1_2,242,218,30,0.2861847025292183,0.0,0.4815030461859545,0.0879100266344997,0.0,0.6030799958222478,0.0,1.8622837874008187,0.8610655053222432,0.7410331559094862,0.7974756826486248,104.53333333333333,104.26666666666667,1084.7679480084219,0.8096980361578365,0.003593086202939351,3.3594678999390455
turbo_lunar_lander_12d,12,ucb,constant,decay_uniform_grid_a1_2,243,219,30,0.26049589516549415,0.0,0.45135011006846,0.08240487887231171,0.0,0.5634463572866271,0.0,1.895757092913061,0.8603162351417705,0.7408462169232801,0.797190761715013,105.0,104.86666666666666,1090.0567303795679,0.6747882269633313,0.0037351167916009824,3.383263200366249
turbo_lunar_lander_12d,12,ucb,constant,decay_uniform_grid_a1_2,244,220,30,0.26239727935011464,0.0,0.44452263620928195,0.08115835839116216,0.0,0.5300606580172313,0.0,1.7920818998233936,0.8646635715021014,0.748755286643805,0.803777422398857,105.23333333333333,105.36666666666666,1095.9734971638459,0.9095073582449307,0.10355384216333428,3.4626715468242764
turbo_lunar_lander_12d,12,ucb,constant,decay_uniform_grid_a1_2,245,221,30,0.242908782454498,0.0,0.40945643330044096,0.07475617494475366,0.0,0.44230942462311346,0.0,1.7040966610263348,0.8646539569300493,0.7486639871330016,0.8036803043600602,105.5,105.8,1101.6665865653194,0.9894348833244294,0.0038276370304326218,3.4504890383842093
turbo_lunar_lander_12d,12,ucb,constant,decay_uniform_grid_a1_2,246,222,30,0.23288765479927317,0.0,0.40558603954026284,0.07404954095512806,0.0,0.4208723118109732,0.0,1.7018636153404516,0.864614391275842,0.748480837732122,0.8035206686672883,105.93333333333334,106.3,1106.9521837713353,0.7719837993383407,0.0038571026176214217,3.3447633968510977
turbo_lunar_lander_12d,12,ucb,constant,decay_uniform_grid_a1_2,247,223,30,0.2267067747375533,0.0,0.4018033190515206,0.07335891384165437,0.0,0.3998796223531993,0.0,1.5264916187627648,0.8645956914441226,0.7484052599130717,0.8034645598391216,106.13333333333334,106.73333333333333,1113.0091581724894,1.0867967948317527,0.0039150997065007685,3.4721012278770407
turbo_lunar_lander_12d,12,ucb,constant,decay_uniform_grid_a1_2,248,224,30,0.21954797694133027,0.0,0.4029211832367166,0.07356300698514069,0.0,0.3999821301191442,0.0,1.7112819582266385,0.8645628655811265,0.7482852735363913,0.8032817400173572,106.4,107.2,1118.9095542051364,0.9717651973478496,0.003932430176064372,3.679358650324866
turbo_lunar_lander_12d,12,ucb,constant,decay_uniform_grid_a1_2,249,225,30,0.22927104643805493,0.0,0.42947602740827606,0.07841123603973993,0.0,0.524669837883072,0.0,1.9594176869221662,0.870315664089506,0.7541924618436527,0.8093332729995638,106.86666666666666,107.8,1124.3613990424046,0.82431481750682,0.10658136606216431,3.4926263286576917
turbo_lunar_lander_12d,12,ucb,constant,decay_uniform_grid_a1_2,25,1,30,2.0737186803324343,1.9198759438106368,0.7960305148935296,0.14533462315654608,1.5862880551078093,2.57989296792735,0.0,3.8899317486328018,0.7221296407327052,0.5547660499058754,0.6303449949228744,0.5333333333333333,0.0,55.152942391640195,0.4171474439557642,0.0011984657961875201,1.6822002467544128
turbo_lunar_lander_12d,12,ucb,constant,decay_uniform_grid_a1_2,250,226,30,0.2051128616508356,0.0,0.365812012618782,0.06678783037255712,0.0,0.4158700284454306,0.0,1.501852253306895,0.8702187342703197,0.7540046169429504,0.8092011957580556,107.26666666666667,108.2,1129.7291206725408,0.8294576128323873,0.003956621652469039,3.4411363592681785
turbo_lunar_lander_12d,12,ucb,constant,decay_uniform_grid_a1_2,251,227,30,0.20088380039524373,0.0,0.3733965869710375,0.06817257785982561,0.0,0.3576439944734019,0.0,1.597300677723954,0.8701152768660647,0.7538412129694304,0.8090444576274293,107.56666666666666,108.76666666666667,1135.0454380738083,0.8172514221010109,0.0037651564925909042,3.3911840814631433
turbo_lunar_lander_12d,12,ucb,constant,decay_uniform_grid_a1_2,252,228,30,0.17396109516371647,0.0,0.33386880195427243,0.06095582469252663,0.0,0.2694365443715605,0.0,1.3180681530465521,0.8701014203623256,0.7537438426605423,0.8089404314289149,107.86666666666666,109.3,1140.732643909473,0.9731668410822749,0.00400575598080953,3.3945917491801083
turbo_lunar_lander_12d,12,ucb,constant,decay_uniform_grid_a1_2,253,229,30,0.17046455098011679,0.0,0.328789301850786,0.06002843909668351,0.0,0.2694493780102181,0.0,1.3882049089874582,0.8700643942389761,0.7535930058577492,0.8088710355040419,108.33333333333333,109.86666666666666,1145.95475482742,0.7516691387475779,0.00417698275608321,3.430008607218042
turbo_lunar_lander_12d,12,ucb,constant,decay_uniform_grid_a1_2,254,230,30,0.19103295549422095,0.0,0.36634246972722995,0.06688467814725242,0.0,0.2035244987113713,0.0,1.3915389353908578,0.8723181197415056,0.7547639747303846,0.8106165236834948,108.56666666666666,110.3,1151.6656101139572,1.0299311789994439,0.1038688595717152,3.1980862948888293
turbo_lunar_lander_12d,12,ucb,constant,decay_uniform_grid_a1_2,255,231,30,0.16643853692110602,0.0,0.3193605922791483,0.05830700012316657,0.0,0.22767748253703002,0.0,1.2214138118445317,0.8723102629494014,0.7546988010405052,0.8105657565404477,108.8,110.63333333333334,1157.1872092173746,1.0561512377733986,0.003995127292970816,3.2093909102026372
turbo_lunar_lander_12d,12,ucb,constant,decay_uniform_grid_a1_2,256,232,30,0.16186531413414443,0.0,0.3185354514239665,0.05815635070333251,0.0,0.22650486023125815,0.0,1.1379276005062269,0.8722950509833093,0.7545822963173398,0.8104896237678365,109.13333333333334,110.86666666666666,1162.642069144097,0.9283734983609369,0.00450587150019904,3.2625297158646087
turbo_lunar_lander_12d,12,ucb,constant,decay_uniform_grid_a1_2,257,233,30,0.13855402900855307,0.0,0.29139940399663317,0.05320200893750568,0.0,0.0,0.0,1.182034009724731,0.8722045767913691,0.7543900331874344,0.8103425043138816,109.6,111.46666666666667,1167.9685859116414,0.7268505123909563,0.0041146035306155685,3.3376136780095598
turbo_lunar_lander_12d,12,ucb,constant,decay_uniform_grid_a1_2,258,234,30,0.14189589764956867,0.0,0.2758113463152277,0.05035603199757319,0.0,0.0333600608572458,0.0,0.9756667824952703,0.8721179953814105,0.754207549417757,0.8102295373141898,110.03333333333333,111.96666666666667,1173.3645013378157,0.8278583464212715,0.004319869928682844,3.4484413950238375
turbo_lunar_lander_12d,12,ucb,constant,decay_uniform_grid_a1_2,259,235,30,0.11666919409838149,0.0,0.2160093224241792,0.039437726174376485,0.0,0.09101241587713138,0.0,0.6793344478348851,0.8749776670567493,0.7567666847811784,0.8129582083453932,110.33333333333333,112.36666666666666,1179.3371047133735,0.9255040931049734,0.12509302785620094,3.426989162123452
turbo_lunar_lander_12d,12,ucb,constant,decay_uniform_grid_a1_2,26,2,30,2.0004245060637516,1.9355672471536598,0.8332234021682318,0.15212508426957982,1.615777319034026,2.42282926974894,0.0,3.864448006671237,0.718962264327334,0.5520584798650572,0.6275965671293073,1.1333333333333333,0.6,57.97273151849707,0.4061159034104397,0.00121814605469505,1.6404143709844599
turbo_lunar_lander_12d,12,ucb,constant,decay_uniform_grid_a1_2,260,236,30,0.12425277216268844,0.0,0.23288856614209222,0.042519440353685926,0.0,0.163644624725043,0.0,0.8872910554561457,0.8749012470284223,0.7565319275062391,0.8128012703259959,110.9,113.03333333333333,1184.4862689421823,0.6536373112971584,0.004175932581226031,3.4848465115608027
turbo_lunar_lander_12d,12,ucb,constant,decay_uniform_grid_a1_2,261,237,30,0.12962180234702467,0.0,0.24033357783582313,0.043878707302201315,0.0,0.18103840757258854,0.0,0.8551644734515664,0.8748831407402079,0.7564024380968142,0.8127158721732622,111.2,113.5,1190.3107193218855,1.1182020569375406,0.004232427245005966,3.3852310875585925
turbo_lunar_lander_12d,12,ucb,constant,decay_uniform_grid_a1_2,262,238,30,0.1314585797560789,0.0,0.2360758505593941,0.04310135621119958,0.0,0.18329240160570587,0.0,0.7457316197206492,0.8748207486545879,0.7562265671105669,0.8125911365191453,111.66666666666667,113.93333333333334,1195.6323230866033,0.7658843512491633,0.004185387336959442,3.38227760582231
turbo_lunar_lander_12d,12,ucb,constant,decay_uniform_grid_a1_2,263,239,30,0.1372181395167597,0.0,0.2422647219327946,0.044231284363436055,0.0,0.2594711172940953,0.0,0.7783728756316859,0.8746990910095616,0.7560632704432089,0.8123836063789985,112.03333333333333,114.36666666666666,1201.0331203547307,0.8482630795954417,0.004236402455717325,3.4960039877332747
turbo_lunar_lander_12d,12,ucb,constant,decay_uniform_grid_a1_2,264,240,30,0.1245422398466785,0.0,0.22176106811489804,0.04048784646098977,0.0,0.16619814760701235,0.0,0.6578293896108163,0.8734271595569444,0.7539821183885291,0.8106520316478565,112.5,114.93333333333334,1206.5708622259242,0.7773307998664677,0.1161751061057051,3.4634043553688874
turbo_lunar_lander_12d,12,ucb,constant,decay_uniform_grid_a1_2,265,241,30,0.13707508221547995,0.0,0.25297746199856097,0.04618715415900593,0.0,0.11450081125453143,0.0,0.8385009416228708,0.8733794497882726,0.7537931480390607,0.8105141380243205,112.93333333333334,115.3,1211.6859843280788,0.7748533319837103,0.004095488336558143,3.2760188658876968
turbo_lunar_lander_12d,12,ucb,constant,decay_uniform_grid_a1_2,266,242,30,0.15565712345989108,0.0,0.27201325790954617,0.04966259909917633,0.0,0.3135754328285859,0.0,0.8881841027929256,0.8733335021120606,0.753721601018982,0.8104615454736096,113.1,115.7,1217.8000824815128,1.1709578265435994,0.004194252720723549,3.366618544484178
turbo_lunar_lander_12d,12,ucb,constant,decay_uniform_grid_a1_2,267,243,30,0.14136635529734065,0.0,0.25111217249787904,0.04584660044707225,0.0,0.2169452542365637,0.0,0.7721436613265027,0.8732589053764721,0.7536466678682342,0.8104231877052182,113.3,116.0,1223.6542412482356,1.1432636897079647,0.004447757188851635,3.418151735328138
turbo_lunar_lander_12d,12,ucb,constant,decay_uniform_grid_a1_2,268,244,30,0.13130672693500445,0.0,0.25240788588271673,0.046083164263384574,0.0,0.0,0.0,0.7674780386577855,0.8732171171630482,0.7534495079008575,0.8102773902590626,113.8,116.5,1229.037067626867,0.8122326040330032,0.004399412994583448,3.482362362820034
turbo_lunar_lander_12d,12,ucb,constant,decay_uniform_grid_a1_2,269,245,30,0.13269119932592316,0.0,0.2456513273112243,0.044849591083147476,0.0,0.01179493880470367,0.0,0.6972715406173768,0.8736675973443169,0.7528844638490332,0.8101416934484569,114.1,117.03333333333333,1234.8250094008943,0.9589467125168691,0.12245711347398659,3.475766208721325
turbo_lunar_lander_12d,12,ucb,constant,decay_uniform_grid_a1_2,27,3,30,1.9443273371098342,1.9243142772672348,0.7433357130256517,0.13571391260777874,1.67308236284922,2.3847722828611504,0.0,3.4570245356080065,0.7168640031604105,0.5493815836754758,0.6245817018429981,1.7666666666666666,1.0333333333333334,60.568047470987466,0.4224171002550671,0.0011995523081471523,1.6202847465717545
turbo_lunar_lander_12d,12,ucb,constant,decay_uniform_grid_a1_2,270,246,30,0.13360619720378197,0.0,0.2478153604097375,0.045244687664228636,0.0,0.0,0.0,0.6442132946052299,0.8736221808859601,0.7527594388876234,0.810063723089063,114.36666666666666,117.33333333333333,1240.6930244889577,1.049887474393472,0.004385344280550877,3.405495422333479
turbo_lunar_lander_12d,12,ucb,constant,decay_uniform_grid_a1_2,271,247,30,0.14481884894582878,0.0,0.26649605913395963,0.04865530102463345,0.0,0.035395366060173405,0.0,0.7375779179369504,0.8735969995717254,0.752637182464996,0.8099647209591093,114.7,117.66666666666667,1246.3485458424625,0.9353641823089371,0.004498131433501839,3.3924564839340747
turbo_lunar_lander_12d,12,ucb,constant,decay_uniform_grid_a1_2,272,248,30,0.1354109210651678,0.0,0.2413344267623709,0.04406143648010966,0.0,0.17287437420007773,0.0,0.7402016049928521,0.8735793921064573,0.7525486753444535,0.8099021710387362,115.0,118.23333333333333,1251.9442047079249,0.9572840786228577,0.004564397657910983,3.425306786301856
turbo_lunar_lander_12d,12,ucb,constant,decay_uniform_grid_a1_2,273,249,30,0.1356194664585912,0.0,0.254757464419247,0.04651213665174711,0.0,0.04580059562595501,0.0,0.8468960443956401,0.8735326783653646,0.7524029961094143,0.8097704479600482,115.36666666666666,118.76666666666667,1257.3170092662797,0.8831361608269314,0.004381470180427035,3.3821361913656194
turbo_lunar_lander_12d,12,ucb,constant,decay_uniform_grid_a1_2,274,250,30,0.11803387787671005,0.0,0.22422228255759208,0.04093720068403011,0.0,0.03865928247858835,0.0,0.7859414818855373,0.8739106645319715,0.7516897307809932,0.809633939305298,115.73333333333333,119.23333333333333,1263.1146210807685,0.95162178001677,0.12695357427001,3.423930108950784
turbo_lunar_lander_12d,12,ucb,constant,decay_uniform_grid_a1_2,275,251,30,0.12125117081522463,0.0,0.22593926545771373,0.04125067743911253,0.0,0.03865928247858835,0.0,0.7044089269791822,0.8738984705564959,0.7515257853612712,0.8095063067170349,116.13333333333334,119.8,1268.418308489894,0.7596818525188913,0.004391838160033027,3.304872830584645
turbo_lunar_lander_12d,12,ucb,constant,decay_uniform_grid_a1_2,276,252,30,0.12021026977419072,0.0,0.21789907959797347,0.03978274705180793,0.0,0.11846916019801512,0.0,0.634649038038438,0.8737430876606419,0.7513526183236411,0.809361249616592,116.46666666666667,120.33333333333333,1274.0607225112772,0.894017975901564,0.004467970629533132,3.484323458947862
turbo_lunar_lander_12d,12,ucb,constant,decay_uniform_grid_a1_2,277,253,30,0.10733737140559726,0.0,0.19054925559961744,0.03478937520257602,0.0,0.11279304362575227,0.0,0.5408809847664966,0.8737057765609197,0.7512494819167999,0.8091954377436785,116.8,120.86666666666666,1279.4738236729986,0.8784152073320002,0.004420972010120749,3.297528484960397
turbo_lunar_lander_12d,12,ucb,constant,decay_uniform_grid_a1_2,278,254,30,0.1361900553438107,0.0,0.24358559221386417,0.044472441179596055,0.0,0.11279304362575227,0.0,0.6943918643914231,0.8734914969315181,0.7511629108500661,0.8091581243215717,117.06666666666666,121.26666666666667,1285.1785278534828,1.0161723223514856,0.004371476033702493,3.3751104494401565
turbo_lunar_lander_12d,12,ucb,constant,decay_uniform_grid_a1_2,279,255,30,0.13943956076091074,0.0,0.2552365513656813,0.04659960556093655,0.0,0.07190266024699193,0.0,0.7726432707321902,0.8725385827821395,0.7492727290029406,0.8077452033879402,117.36666666666666,121.63333333333334,1290.9632018872537,0.9547459394360582,0.12121413835945229,3.1288515641509247
turbo_lunar_lander_12d,12,ucb,constant,decay_uniform_grid_a1_2,28,4,30,1.8694031027251516,1.8923034324003658,0.6947783627669095,0.12684859391798126,1.5504763499724596,2.257283276278686,0.0,3.1628687253769794,0.7140159924703945,0.5464690957779282,0.6213765880902204,2.4,1.3666666666666667,63.21481632764141,0.4043307213578373,0.0012136576231569051,1.7770630019872138
turbo_lunar_lander_12d,12,ucb,constant,decay_uniform_grid_a1_2,280,256,30,0.12646205735021115,0.0,0.23968641365081927,0.04376055182802263,0.0,0.0,0.0,0.7508883800844619,0.8724747971176484,0.7491453922605622,0.8076490666784523,117.73333333333333,122.16666666666667,1296.126645074847,0.8452465450856834,0.004258968339612087,3.258172025159001
turbo_lunar_lander_12d,12,ucb,constant,decay_uniform_grid_a1_2,281,257,30,0.13442604142294295,0.0,0.23833217742809396,0.04351330325223021,0.0,0.23900902535362828,0.0,0.7972811168520251,0.8723970316655404,0.7490327385610119,0.8075686921421256,118.03333333333333,122.7,1301.4990148408804,0.9274192542303353,0.0045119844532261295,3.2792881784494967
turbo_lunar_lander_12d,12,ucb,constant,decay_uniform_grid_a1_2,282,258,30,0.11967541092202681,0.0,0.2109191715524377,0.038508396023190686,0.0,0.19428123842645234,0.0,0.6295027231095125,0.8723902100783044,0.7489298795352595,0.8074699892763443,118.3,123.13333333333334,1306.6852790578423,0.8432664863299578,0.004424463228012125,3.084101479422922
turbo_lunar_lander_12d,12,ucb,constant,decay_uniform_grid_a1_2,283,259,30,0.13235896893703353,0.0,0.23209790425882848,0.04237508590407824,0.0,0.19428123842645234,0.0,0.641572858097208,0.8723127455125146,0.7487835363150496,0.8073649476775081,118.63333333333334,123.6,1311.5840390471742,0.7781624436223259,0.004518343166758617,3.0575478702783583
turbo_lunar_lander_12d,12,ucb,constant,decay_uniform_grid_a1_2,284,260,30,0.1447178699764186,0.0,0.25247106428379107,0.04609469900852308,0.0,0.23843208208928657,0.0,0.7348913956443461,0.8709862710896643,0.746834004635275,0.8055266113972847,119.0,123.96666666666667,1316.6092879046687,0.669280210075279,0.12840838123423357,3.1283392129776377
turbo_lunar_lander_12d,12,ucb,constant,decay_uniform_grid_a1_2,285,261,30,0.1544514633283925,0.0,0.268401252503753,0.04900314015298182,0.0,0.3228376841814972,0.0,0.7584933414333335,0.8709601193505657,0.7466974600178322,0.8052925277240663,119.3,124.5,1322.3160270246367,0.9560535992961376,0.004436793054143588,3.2822152209312967
turbo_lunar_lander_12d,12,ucb,constant,decay_uniform_grid_a1_2,286,262,30,0.14638939057969577,0.0,0.2503391290292532,0.04570546266517278,0.0,0.30733443557263085,0.0,0.6556851733930198,0.8709396977119946,0.7465868530818758,0.8051378192227128,119.53333333333333,124.96666666666667,1328.12697009095,1.017706344431887,0.004672463455547889,3.3671665877569468
turbo_lunar_lander_12d,12,ucb,constant,decay_uniform_grid_a1_2,287,263,30,0.13634016346969002,0.0,0.23650031971256735,0.04317885332125228,0.0,0.2340929004451247,0.0,0.6556851733930198,0.8707903030048068,0.7464696293292042,0.8051132608953846,119.83333333333333,125.3,1333.5688673531015,0.9183996235951781,0.004777489711220066,3.257934638640533
turbo_lunar_lander_12d,12,ucb,constant,decay_uniform_grid_a1_2,288,264,30,0.14032559796387914,0.0,0.2448570859243421,0.044704583108580956,0.0,0.23268013907227875,0.0,0.74680384232811,0.8707743006072678,0.7463639605345985,0.8050080544456196,120.16666666666667,125.66666666666667,1339.2082876266757,0.9790936060715467,0.004705074708908796,3.3156281086461
turbo_lunar_lander_12d,12,ucb,constant,decay_uniform_grid_a1_2,289,265,30,0.12958403262991666,0.0,0.2277840499403555,0.041587487464071995,0.0,0.24438768782892473,0.0,0.7157675086802675,0.8707279332346574,0.7450009495312627,0.8042546239270173,120.5,126.13333333333334,1344.6984350177925,0.8805958590315034,0.1327818681485951,3.4251089554745704
turbo_lunar_lander_12d,12,ucb,constant,decay_uniform_grid_a1_2,29,5,30,1.8814616832762403,1.9072105561695616,0.6144480682522535,0.11218235579907772,1.626303599786542,2.3031194111949156,0.0,2.932395552703973,0.7435554765386427,0.5754615178702731,0.6519007756426625,3.2666666666666666,1.8,65.53929018081787,0.15941857518628239,0.009325621090829373,1.6863665545048814
turbo_lunar_lander_12d,12,ucb,constant,decay_uniform_grid_a1_2,290,266,30,0.11339968739470793,0.0,0.2066480347905616,0.03772859670630098,0.0,0.14516357539726915,0.0,0.7157675086802675,0.8702761464340439,0.7448933531245651,0.8041464970140261,120.76666666666667,126.6,1350.330755363979,0.9497851384803653,0.004769591055810452,3.440869734187921
turbo_lunar_lander_12d,12,ucb,constant,decay_uniform_grid_a1_2,291,267,30,0.11780369697029762,0.0,0.2130532674383597,0.038898026842056836,0.0,0.14602312790377386,0.0,0.7146808141964289,0.8699427800384496,0.7447575915309305,0.8039753046839233,121.1,127.0,1355.6993171328368,0.7996318070062747,0.004866707557812333,3.3139870412958166
turbo_lunar_lander_12d,12,ucb,constant,decay_uniform_grid_a1_2,292,268,30,0.10226460537948028,0.0,0.20219638977800983,0.03691584124250766,0.0,0.01979031580652968,0.0,0.6087466097301919,0.8699178349966952,0.7446745627412567,0.8038989141986357,121.36666666666666,127.46666666666667,1361.6735632164714,1.0008521666595092,0.004870798174912731,3.562393612616385
turbo_lunar_lander_12d,12,ucb,constant,decay_uniform_grid_a1_2,293,269,30,0.10912561130943382,0.0,0.2164959016482699,0.0395265629800591,0.0,0.01979031580652968,0.0,0.7317677977992865,0.8697899983145747,0.7445776395778736,0.803765757472154,121.63333333333334,127.93333333333334,1367.5560989981361,0.9563003913654635,0.004829700322200855,3.4771491375751795
turbo_lunar_lander_12d,12,ucb,constant,decay_uniform_grid_a1_2,294,270,30,0.09761818057419121,0.0,0.19957940485411815,0.03643804735068552,0.0,0.01979031580652968,0.0,0.6751828223965186,0.8702408630969495,0.7442140019795889,0.8038520132198603,121.9,128.4,1373.7541684088917,1.0056513552553952,0.14170941550595065,3.4330454733533164
turbo_lunar_lander_12d,12,ucb,constant,decay_uniform_grid_a1_2,295,271,30,0.12097756294403256,0.0,0.2234469340912709,0.04079564206905306,0.0,0.04134870349875275,0.0,0.6484746841555145,0.8700970009169237,0.7440905551515782,0.8037431291157745,122.23333333333333,128.8,1379.1048622279893,0.8612879282174011,0.004772691645969948,3.336134412450095
turbo_lunar_lander_12d,12,ucb,constant,decay_uniform_grid_a1_2,296,272,30,0.13861930914676196,0.0,0.2364713022782649,0.04317355548680949,0.0,0.29746041079901975,0.0,0.6488477012854181,0.8700847905796082,0.7440222722227446,0.803707497272611,122.4,129.3,1384.8253371039561,1.1156170842703432,0.004828841425478458,3.258175828664874
turbo_lunar_lander_12d,12,ucb,constant,decay_uniform_grid_a1_2,297,273,30,0.12923983036875417,0.0,0.2308898586668857,0.042154527963677656,0.0,0.20433306779462784,0.0,0.7738860630486037,0.8700708094146987,0.74389583259658,0.8036272317512848,122.7,129.7,1390.377330436154,0.9006775544645885,0.0048019555862993,3.286833150840054
turbo_lunar_lander_12d,12,ucb,constant,decay_uniform_grid_a1_2,298,274,30,0.12921181776903257,0.0,0.23127751780847092,0.042225304515834096,0.0,0.1730798456343985,0.0,0.7310631759917587,0.8700491085931733,0.7437590160058573,0.8035553955536879,122.93333333333334,130.03333333333333,1395.7617120274342,0.8611515961276989,0.004880889489625891,3.223905874773239
turbo_lunar_lander_12d,12,ucb,constant,decay_uniform_grid_a1_2,299,275,30,0.10998315524529509,0.0,0.1988927553367359,0.03631268287409542,0.0,0.16290766716152855,0.0,0.6617598813219201,0.8695690468585169,0.7422646234565077,0.8024866294439155,123.23333333333333,130.43333333333334,1401.3435084833452,0.8947697033019115,0.14331006513287622,3.227338772872463
turbo_lunar_lander_12d,12,ucb,constant,decay_uniform_grid_a1_2,3,0,30,2.683683525413747,2.7044645277229673,0.4563391405767613,0.08331574705547107,2.3869223533663404,2.9571486715857542,1.810462903821802,3.5922050422052374,0.9994823997095069,0.9919775531518832,0.9979881802333577,0.0,0.0,4.798765053118889,0.0,0.0011471109619985024,1.7031078225312133
turbo_lunar_lander_12d,12,ucb,constant,decay_uniform_grid_a1_2,30,6,30,1.87757727990096,1.890889816849636,0.5863657880568692,0.10705525635601354,1.6155751732150483,2.223130340703653,0.0,2.882741453477678,0.7411482307192121,0.5729856461219295,0.6495009093262538,4.0,2.1333333333333333,68.10957333391222,0.26024448086197177,0.0012324658843378227,1.697015105560422
turbo_lunar_lander_12d,12,ucb,constant,decay_uniform_grid_a1_2,300,276,30,0.1322619720700304,0.0,0.24655197123998615,0.04501402541516846,0.0,0.1680394438145244,0.0,0.8287471266810027,0.8694336914022566,0.7421531887576883,0.8023713937431559,123.56666666666666,130.86666666666667,1406.8629364215458,0.9374972618650645,0.004907357133924961,3.2444393298899135
turbo_lunar_lander_12d,12,ucb,constant,decay_uniform_grid_a1_2,301,277,30,0.12430288627824387,0.0,0.22673271333465664,0.04139554053924794,0.0,0.1680394438145244,0.0,0.6986842900955939,0.8693966692969324,0.7420094545730552,0.8022645877010042,123.93333333333334,131.3,1412.0144962879983,0.7557743639374773,0.004975622768203417,3.311544882195691
turbo_lunar_lander_12d,12,ucb,constant,decay_uniform_grid_a1_2,302,278,30,0.1318876038332947,0.0,0.23456541772305675,0.04282559016584676,0.0,0.16924452287563196,0.0,0.7094571373611478,0.8693915849739393,0.7419414414783598,0.8022307528821159,124.13333333333334,131.73333333333332,1417.567777094307,1.045075301732868,0.004912561721478899,3.2656740038500476
turbo_lunar_lander_12d,12,ucb,constant,decay_uniform_grid_a1_2,303,279,30,0.13520410474855762,0.0,0.24370923809702766,0.044495015726046486,0.0,0.18905874915529342,0.0,0.7250065280903613,0.8693811298804969,0.741827884796974,0.8021786148660386,124.46666666666667,132.13333333333333,1422.9077555976032,0.7990464358590543,0.005005895858630538,3.365144151231895
turbo_lunar_lander_12d,12,ucb,constant,decay_uniform_grid_a1_2,304,280,30,0.13069759378417034,0.0,0.22967273035375513,0.04193231175285105,0.0,0.2305671099723855,0.0,0.6746182178479605,0.8678320330422538,0.7391383521228801,0.7999643808774282,124.93333333333334,132.6,1428.2198437544828,0.7314569909125567,0.15541771336769064,3.442650051880628
turbo_lunar_lander_12d,12,ucb,constant,decay_uniform_grid_a1_2,305,281,30,0.14065021083547827,0.0,0.24906372032604912,0.04547260595957835,0.0,0.24109058635536895,0.0,0.779461049350145,0.8677309171659302,0.7389408743867197,0.799794485971885,125.33333333333333,133.0,1433.4624731837616,0.7541390117568274,0.0050466241159786785,3.4009852097524953
turbo_lunar_lander_12d,12,ucb,constant,decay_uniform_grid_a1_2,306,282,30,0.13363442558556357,0.0,0.23625733432663962,0.04313449046224671,0.0,0.2305671099723855,0.0,0.7524956086460477,0.8676716561757767,0.7388134014634372,0.799698320445186,125.66666666666667,133.4,1439.044345965283,0.915440271794796,0.0049622846767306324,3.348959378541137
turbo_lunar_lander_12d,12,ucb,constant,decay_uniform_grid_a1_2,307,283,30,0.12406838690426919,0.0,0.22093773591415689,0.04033752725476766,0.0,0.2305671099723855,0.0,0.7126354216875317,0.8675872450814711,0.7386163691419603,0.79950437351171,126.16666666666667,133.9,1444.2428226476225,0.6902335150012125,0.00514612733386457,3.525174315630769
turbo_lunar_lander_12d,12,ucb,constant,decay_uniform_grid_a1_2,308,284,30,0.12278262259109655,0.0,0.23572688142831194,0.04303764345621069,0.0,0.12727419315667815,0.0,0.9587392866071933,0.867560849003421,0.7385015644799015,0.7993185416089728,126.4,134.36666666666667,1449.7345273393828,0.939051789433385,0.004952047470336159,3.2190800999446463
turbo_lunar_lander_12d,12,ucb,constant,decay_uniform_grid_a1_2,309,285,30,0.12812456373350958,0.0,0.22446498416107064,0.04098151173168607,0.0,0.21434672338652733,0.0,0.6835924902452517,0.8658362179651129,0.7363280679460772,0.7974310411969557,126.7,134.63333333333333,1455.2283107266296,0.898069423623383,0.15317844885090987,3.3197249504582333
turbo_lunar_lander_12d,12,ucb,constant,decay_uniform_grid_a1_2,31,7,30,1.90863180768423,1.853902792434602,0.6036279632962543,0.11020688394608633,1.6067287080479118,2.2594843560171647,0.0,2.9616854540072812,0.7390382111448107,0.5699714602601788,0.6465978822055775,4.933333333333334,2.4,70.28160163078768,0.11912318083147208,0.0012415091351916394,1.714172534318641
turbo_lunar_lander_12d,12,ucb,constant,decay_uniform_grid_a1_2,310,286,30,0.13490149111828267,0.0,0.23443295553648508,0.0428014059899795,0.0,0.23542551626385239,0.0,0.648169758046512,0.8658162218771486,0.7361838410590104,0.7972282725788306,127.1,135.06666666666666,1460.459352253331,0.7527368207151691,0.005074608077605566,3.3059809340474504
turbo_lunar_lander_12d,12,ucb,constant,decay_uniform_grid_a1_2,311,287,30,0.12666651250257363,0.0,0.23123734832152235,0.04221797060445905,0.0,0.1661286657001253,0.0,0.8093410773752463,0.8657609974863135,0.7360665149451291,0.7971523306456413,127.4,135.56666666666666,1465.8805109219004,0.9322237650708606,0.0050771591564019525,3.3001943435209493
turbo_lunar_lander_12d,12,ucb,constant,decay_uniform_grid_a1_2,312,288,30,0.123505214566424,0.0,0.2242562507449251,0.04094340239817673,0.0,0.1661286657001253,0.0,0.6675258817241458,0.8657358013261446,0.7359151974985434,0.7969866935653689,127.83333333333333,136.1,1471.0528754703855,0.7310024769355853,0.005083037711059054,3.2594962649513035
turbo_lunar_lander_12d,12,ucb,constant,decay_uniform_grid_a1_2,313,289,30,0.12755479059235467,0.0,0.2245794922473901,0.04100241795231738,0.0,0.20817156733347936,0.0,0.6081322016319779,0.86570676505695,0.7358383335122648,0.7969126236548274,128.06666666666666,136.63333333333333,1476.8536652556465,0.9765796887688338,0.005191932401309411,3.386950002424419
turbo_lunar_lander_12d,12,ucb,constant,decay_uniform_grid_a1_2,314,290,30,0.14410144902157987,0.0,0.24468012657931362,0.044672274900236474,0.0,0.33424269559300823,0.0,0.6174512752162775,0.864644013853948,0.7338461101789787,0.7953400225883187,128.33333333333334,137.06666666666666,1482.5545327800792,1.0187426642825206,0.15935286267971,3.2760276733431963
turbo_lunar_lander_12d,12,ucb,constant,decay_uniform_grid_a1_2,315,291,30,0.1380481349777395,0.0,0.24016956060588068,0.04384876198998165,0.0,0.24109058635536895,0.0,0.726124841000837,0.8645602653878712,0.7337536448000076,0.7953010819558666,128.63333333333333,137.43333333333334,1488.272872569474,0.9975368244418253,0.005144136911258102,3.277027603300909
turbo_lunar_lander_12d,12,ucb,constant,decay_uniform_grid_a1_2,316,292,30,0.14500937247608078,0.0,0.2517001220941773,0.04595394486592845,0.0,0.2774970721457387,0.0,0.7220402308845062,0.8643981675108079,0.7335847236343781,0.7950767132394809,128.96666666666667,137.86666666666667,1493.6336469609912,0.8405420341063291,0.0052293406644215185,3.420652028017988
turbo_lunar_lander_12d,12,ucb,constant,decay_uniform_grid_a1_2,317,293,30,0.16719612811824114,0.0,0.2973115482444534,0.05428141386009086,0.0,0.24109058635536895,0.0,0.862058878908678,0.8643457903345249,0.7334357999044029,0.7950028425010925,129.36666666666667,138.33333333333334,1498.7696564021055,0.7788485708180815,0.005318455925832192,3.211092436639592
turbo_lunar_lander_12d,12,ucb,constant,decay_uniform_grid_a1_2,318,294,30,0.13002813751727557,0.0,0.24509692482225973,0.044748371500099846,0.0,0.09976769273215752,0.0,0.8630410747481903,0.8643240789510304,0.7333459831852404,0.7949512711645225,129.66666666666666,138.76666666666668,1504.062062657671,0.8822518934961409,0.005037479847669601,3.2148552362651874
turbo_lunar_lander_12d,12,ucb,constant,decay_uniform_grid_a1_2,319,295,30,0.13758134885306258,0.0,0.2507700666308004,0.04578414074692098,0.0,0.1857986764366521,0.0,0.7656515828504225,0.8634483490553311,0.7321813590485602,0.7939149932345956,129.9,139.23333333333332,1509.5564687775602,0.8924246310256422,0.1552130909791837,3.230143329439064
turbo_lunar_lander_12d,12,ucb,constant,decay_uniform_grid_a1_2,32,8,30,1.8075260111275218,1.7801456189302547,0.5969779117112899,0.10899275619220032,1.4802355192277918,2.1619002959858604,0.0,2.977153056724598,0.7373753342121143,0.567601905775346,0.6442476739979152,5.7,2.6333333333333333,72.83326733849633,0.27018738598562775,0.0012826605079074701,1.8278001716981331
turbo_lunar_lander_12d,12,ucb,constant,decay_uniform_grid_a1_2,320,296,30,0.13000739334461345,0.0,0.22723980765872412,0.041488122872606135,0.0,0.22419932197560916,0.0,0.6935323061579997,0.8634454013778589,0.7321272095012126,0.7938460659612671,130.06666666666666,139.56666666666666,1515.3901432071968,1.1227309863703947,0.005422948704411586,3.2627955640510966
turbo_lunar_lander_12d,12,ucb,constant,decay_uniform_grid_a1_2,321,297,30,0.13090597820790326,0.0,0.23421063208635223,0.04276081546707945,0.0,0.15621323333947684,0.0,0.6867823166488964,0.8631595796594728,0.7320101970351928,0.7937323506467883,130.43333333333334,139.96666666666667,1520.6319514075449,0.8507980307719359,0.005115959544976552,3.315420151579504
turbo_lunar_lander_12d,12,ucb,constant,decay_uniform_grid_a1_2,322,298,30,0.13500144596789232,0.0,0.2397696063468932,0.04377574066677575,0.0,0.15708396637539052,0.0,0.6803853205492141,0.8631416392369594,0.7318753968699091,0.7935318337617546,130.76666666666668,140.46666666666667,1525.9810458427605,0.8572662972224255,0.005462153985475501,3.362058541489144
turbo_lunar_lander_12d,12,ucb,constant,decay_uniform_grid_a1_2,323,299,30,0.12968265578772142,0.0,0.22802819205480312,0.04163206151184532,0.0,0.1524381903766313,0.0,0.6325483513864867,0.8628581654568,0.7317580485974566,0.7934624187918345,131.03333333333333,140.93333333333334,1531.407032572152,0.9640202702023088,0.005361863225698471,3.183282367978245
turbo_lunar_lander_12d,12,ucb,constant,decay_uniform_grid_a1_2,324,300,30,0.12178696296984089,0.0,0.22617777277596432,0.04129422271855784,0.0,0.11923485738056983,0.0,0.691177962397501,0.8630309884838674,0.730849248985835,0.7930426161944734,131.4,141.43333333333334,1536.7694754027607,0.8346198507895072,0.16197636843038102,3.252841141959652
turbo_lunar_lander_12d,12,ucb,constant,decay_uniform_grid_a1_2,325,301,30,0.1366368840168152,0.0,0.24332158266876666,0.044424239851847194,0.0,0.15025438503376837,0.0,0.6907738411357025,0.8629509775956936,0.7306936869917036,0.7929111764217911,131.73333333333332,141.73333333333332,1542.0411546284488,0.7966807172323267,0.005472184003641208,3.3601747716621806
turbo_lunar_lander_12d,12,ucb,constant,decay_uniform_grid_a1_2,326,302,30,0.12919864740987105,0.0,0.2305852783574455,0.04209891946166022,0.0,0.14867185422703383,0.0,0.6589534782244317,0.8626497904960968,0.7305574199653712,0.7928373605882927,132.06666666666666,142.26666666666668,1547.6958501950528,0.9339813568008443,0.005438282837470373,3.382176695826153
turbo_lunar_lander_12d,12,ucb,constant,decay_uniform_grid_a1_2,327,303,30,0.11504932632464457,0.0,0.20451956924712367,0.03733999384262983,0.0,0.16609528031213383,0.0,0.6042789851587589,0.8626317364200735,0.7304363883066413,0.7927421158985198,132.33333333333334,142.66666666666666,1553.2782193658873,0.8697487819939852,0.005437436482558648,3.3668606653343884
turbo_lunar_lander_12d,12,ucb,constant,decay_uniform_grid_a1_2,328,304,30,0.12070806782052565,0.0,0.21429094284940284,0.0391239944225561,0.0,0.21197205864827212,0.0,0.6428171429716436,0.8626270150559434,0.7303216204102146,0.7926403140235653,132.66666666666666,142.93333333333334,1558.6583486781767,0.8487638077853868,0.005525514793892701,3.406671010097489
turbo_lunar_lander_12d,12,ucb,constant,decay_uniform_grid_a1_2,329,305,30,0.11713600020777776,0.0,0.21170040735602355,0.03865102951397557,0.0,0.13901636603900902,0.0,0.6025524336445789,0.8610473372800982,0.727610840183732,0.7903540143347582,133.16666666666666,143.56666666666666,1563.8656651467395,0.6699397892380754,0.17601201166398822,3.4283066301451375
turbo_lunar_lander_12d,12,ucb,constant,decay_uniform_grid_a1_2,33,9,30,1.7768081270912834,1.7814587173708554,0.5887354818184385,0.10748790126521045,1.5123419691677942,2.0769584013287963,0.0,2.9399041966631314,0.7354540327463375,0.5648877423419141,0.6413530429252704,6.466666666666667,3.033333333333333,75.32923459205776,0.2670594091992825,0.0012588574861486753,1.8471132855396717
turbo_lunar_lander_12d,12,ucb,constant,decay_uniform_grid_a1_2,330,306,30,0.14332302598044735,0.0,0.2634825632760403,0.04810511447185652,0.0,0.13901636603900902,0.0,0.7774834729236129,0.8610399727713463,0.7275064794368713,0.7902998579293173,133.46666666666667,144.03333333333333,1569.497337237078,0.9657260958105326,0.00536491721868515,3.2558684709171453
turbo_lunar_lander_12d,12,ucb,constant,decay_uniform_grid_a1_2,331,307,30,0.12701530967649446,0.0,0.2474952173488835,0.04518623780554248,0.0,0.0,0.0,0.6927505656696065,0.8606681094132155,0.7273137872485073,0.7900571390418029,133.9,144.36666666666667,1574.5594764834116,0.600772116255636,0.005624804521600405,3.3855358119277903
turbo_lunar_lander_12d,12,ucb,constant,decay_uniform_grid_a1_2,332,308,30,0.10992444835720513,0.0,0.20999314785980602,0.03833932800144448,0.0,0.0,0.0,0.604316715603004,0.8605604066762383,0.727188705553793,0.7899210640023983,134.23333333333332,144.93333333333334,1579.9190423835535,0.8691716579099497,0.00582700427621603,3.2700376567275575
turbo_lunar_lander_12d,12,ucb,constant,decay_uniform_grid_a1_2,333,309,30,0.11465401846589403,0.0,0.21481293086201605,0.03921929595897462,0.0,0.0,0.0,0.604316715603004,0.8603677808080497,0.7270788072105591,0.7898691318563847,134.46666666666667,145.3,1585.3852551086495,0.9316400202456862,0.005633619893342256,3.235353141402205
turbo_lunar_lander_12d,12,ucb,constant,decay_uniform_grid_a1_2,334,310,30,0.12022547816528671,0.0,0.2300866538696684,0.0420078835017669,0.0,0.0,0.0,0.6925351982605001,0.8615389219253687,0.728311659409037,0.7912063399676915,134.76666666666668,145.56666666666666,1590.5226571751602,0.8358126815563689,0.16735427882522344,3.199809784721583
turbo_lunar_lander_12d,12,ucb,constant,decay_uniform_grid_a1_2,335,311,30,0.11591419292829185,0.0,0.22228948845109825,0.04058432237365021,0.0,0.0,0.0,0.7170664746435498,0.8615059758248229,0.7282047509941248,0.7911394887583061,135.03333333333333,145.8,1595.997154029971,0.9190704095798234,0.005699941283091902,3.2835833781864494
turbo_lunar_lander_12d,12,ucb,constant,decay_uniform_grid_a1_2,336,312,30,0.12285152890379,0.0,0.23578739210372188,0.04304869114350798,0.0,0.0,0.0,0.7176799877278279,0.8612033406541109,0.7280969885649987,0.7910479025134248,135.36666666666667,146.2,1601.371087567151,0.8957816350739449,0.005654339507843057,3.213907676236704
turbo_lunar_lander_12d,12,ucb,constant,decay_uniform_grid_a1_2,337,313,30,0.11389130628127778,0.0,0.22505831804079127,0.04108983918170442,0.0,0.0,0.0,0.7125042270786741,0.8611899480069369,0.7280183258293967,0.7909938700574054,135.56666666666666,146.6,1607.0881468349912,1.0135659152486671,0.005762377257148425,3.3559272220823915
turbo_lunar_lander_12d,12,ucb,constant,decay_uniform_grid_a1_2,338,314,30,0.12294392786860965,0.0,0.23966493843639616,0.043756631008233696,0.0,0.0,0.0,0.7978221900032227,0.860970790411886,0.7278943643956624,0.7908799499830982,135.83333333333334,147.0,1612.5121089198472,0.9159949372677754,0.00589375700801611,3.278634162961195
turbo_lunar_lander_12d,12,ucb,constant,decay_uniform_grid_a1_2,339,315,30,0.14268023122606335,0.0,0.2713662008904522,0.04954446319072639,0.0,0.0,0.0,0.7426680539564579,0.8593318693056476,0.7251310860382042,0.7885604987678355,136.16666666666666,147.46666666666667,1617.9235633858325,0.7769310200276475,0.1997703689771394,3.350081660427774
turbo_lunar_lander_12d,12,ucb,constant,decay_uniform_grid_a1_2,34,10,30,1.7177464604246266,1.6877154545999904,0.5757135450344417,0.10511043175887669,1.4437906359559354,2.11021547296487,0.0,2.7659322771752106,0.7315489087860649,0.5591607655974562,0.6360437104240475,7.033333333333333,3.566666666666667,78.43132427982054,0.5549497177979599,0.009456679426754514,1.8989685019167761
turbo_lunar_lander_12d,12,ucb,constant,decay_uniform_grid_a1_2,340,316,30,0.1289517513726704,0.0,0.2475140325580761,0.045189672977042135,0.0,0.0,0.0,0.6969184483851427,0.8593228584579766,0.725007980584585,0.7884721687757476,136.53333333333333,148.03333333333333,1623.5214964189101,0.8959680663266529,0.005917161361624798,3.3271250613654653
turbo_lunar_lander_12d,12,ucb,constant,decay_uniform_grid_a1_2,341,317,30,0.1217080327977539,0.0,0.23736428071423235,0.043336590297724506,0.0,0.0,0.0,0.688823046061533,0.8592021544611603,0.7248918835110512,0.788347828939946,136.83333333333334,148.43333333333334,1629.027792174245,0.9489971400238574,0.006018827219183246,3.257826013009374
turbo_lunar_lander_12d,12,ucb,constant,decay_uniform_grid_a1_2,342,318,30,0.10685269416462555,0.0,0.20597733527708922,0.037606144288688796,0.0,0.0,0.0,0.6672473786570279,0.8591728664789482,0.7247521906645915,0.7882581090480065,137.2,148.83333333333334,1634.457439965553,0.8771134261662762,0.005847846763208509,3.2797316934137295
turbo_lunar_lander_12d,12,ucb,constant,decay_uniform_grid_a1_2,343,319,30,0.12029814398308993,0.0,0.2313500634358205,0.04223854947468334,0.0,0.0,0.0,0.6705095451861545,0.8591168716559341,0.7246641463376398,0.7881552752102851,137.46666666666667,149.33333333333334,1639.8431235009184,0.976345541064317,0.005815370629231135,3.1876543943459787
turbo_lunar_lander_12d,12,ucb,constant,decay_uniform_grid_a1_2,344,320,30,0.11418782631297268,0.0,0.22298928043531913,0.04071208632542323,0.0,0.0,0.0,0.7965407669013909,0.8611573842487358,0.728706946467167,0.7914267867688177,137.86666666666667,149.73333333333332,1645.110764607306,0.7254910503669332,0.20359625797718764,3.1701116044539956
turbo_lunar_lander_12d,12,ucb,constant,decay_uniform_grid_a1_2,345,321,30,0.1084373515504146,0.0,0.20643818201751488,0.03769028300711675,0.0,0.0,0.0,0.5998947286814735,0.8610749110350251,0.7286168811721789,0.7913688140309052,138.16666666666666,150.1,1650.352467649166,0.8734364484902472,0.005690954516952237,3.146209622733295
turbo_lunar_lander_12d,12,ucb,constant,decay_uniform_grid_a1_2,346,322,30,0.10320265226175594,0.0,0.19929754468194505,0.036386586959231686,0.0,0.0,0.0,0.6495136640357442,0.8610341487695045,0.7284758125610781,0.791160465009721,138.53333333333333,150.5,1655.5738618667392,0.8255428813397885,0.005883603186036149,3.206224084785208
turbo_lunar_lander_12d,12,ucb,constant,decay_uniform_grid_a1_2,347,323,30,0.117271503527209,0.0,0.22688230304963278,0.041422851759669005,0.0,0.0,0.0,0.6352910800927989,0.8609669096091153,0.7283314431228304,0.7910292722846795,138.93333333333334,151.13333333333333,1660.4712920688248,0.6963829862729957,0.005899686723326644,3.178377735878651
turbo_lunar_lander_12d,12,ucb,constant,decay_uniform_grid_a1_2,348,324,30,0.09476034601099435,0.0,0.20373505655129295,0.03719676207591127,0.0,0.0,0.0,0.6939642430425956,0.8607107397537491,0.7282068839985751,0.790846488922173,139.26666666666668,151.46666666666667,1665.8713399442067,0.9046016628853977,0.006137226040785511,3.2352917270890127
turbo_lunar_lander_12d,12,ucb,constant,decay_uniform_grid_a1_2,349,325,30,0.13199837505024029,0.0,0.2546916943386132,0.04650012873282309,0.0,0.0,0.0,0.716452773196228,0.8607624837730502,0.7299337855111746,0.7917323692440766,139.63333333333333,151.9,1671.3924658672418,0.7831350271434834,0.21804416566155851,3.4304861794691535
turbo_lunar_lander_12d,12,ucb,constant,decay_uniform_grid_a1_2,35,11,30,1.7380502625448,1.742969554196283,0.580153388286265,0.10592103252581357,1.435865076715548,2.072168320258738,0.0,2.705978354669665,0.7299628671664913,0.5570315997067568,0.6338168133733667,7.733333333333333,4.166666666666667,81.5553499598677,0.4047863434844961,0.0013345000644524893,1.7693430709963043
turbo_lunar_lander_12d,12,ucb,constant,decay_uniform_grid_a1_2,350,326,30,0.12975339357790094,0.0,0.25026198793339766,0.04569137869240253,0.0,0.0,0.0,0.7164875085389499,0.8607379619241754,0.7297805649879314,0.7915909751601345,140.06666666666666,152.3,1676.5605972037495,0.726579672889784,0.006614309642463923,3.432364548416808
turbo_lunar_lander_12d,12,ucb,constant,decay_uniform_grid_a1_2,351,327,30,0.13162815830875738,0.0,0.25558932454718836,0.046664012837334644,0.0,0.0,0.0,0.7428929853438879,0.8604694074186497,0.7296310445351492,0.7915161465665539,140.5,152.76666666666668,1681.4011747482543,0.7211707349245747,0.006163850566372276,3.1499604001486055
turbo_lunar_lander_12d,12,ucb,constant,decay_uniform_grid_a1_2,352,328,30,0.11557458783189235,0.0,0.2418537260170916,0.044156247118745044,0.0,0.0,0.0,0.8253828627645152,0.8603997664933076,0.7295291860508606,0.7914580731092167,140.83333333333334,153.26666666666668,1686.6324796768372,0.8492414061290522,0.006133779743686318,3.2614653707637142
turbo_lunar_lander_12d,12,ucb,constant,decay_uniform_grid_a1_2,353,329,30,0.11106579657858774,0.0,0.22703550910309922,0.04145082323014564,0.0,0.0,0.0,0.7428929853438879,0.860366022998063,0.7293772138956,0.7913340788026989,141.26666666666668,153.83333333333334,1691.8561869255268,0.681802426977083,0.006334816509236892,3.4023066942580042
turbo_lunar_lander_12d,12,ucb,constant,decay_uniform_grid_a1_2,354,330,30,0.13291457765495004,0.0,0.2479527826307977,0.04526977741435435,0.0,0.0,0.0,0.66846272904701,0.8585693142236749,0.7265447590576736,0.7889517323358043,141.53333333333333,154.4,1697.9424587620267,1.097845909325406,0.24390713601994019,3.3769924246395626
turbo_lunar_lander_12d,12,ucb,constant,decay_uniform_grid_a1_2,355,331,30,0.13306379185071188,0.0,0.249211631178643,0.04549961066306685,0.0,0.0,0.0,0.7231904800835947,0.858562251250353,0.7264645128506192,0.7888328177037863,141.7,154.76666666666668,1703.744932411518,1.111034553979213,0.006346959620714188,3.3966382787407685
turbo_lunar_lander_12d,12,ucb,constant,decay_uniform_grid_a1_2,356,332,30,0.12347508984442132,0.0,0.23739204406197206,0.04334165916833414,0.0,0.0,0.0,0.7231180601852016,0.8582838152274969,0.7263461504940678,0.7887471005623491,142.0,155.1,1709.4575017974712,0.9606107449469466,0.006616691965609789,3.4758272908783208
turbo_lunar_lander_12d,12,ucb,constant,decay_uniform_grid_a1_2,357,333,30,0.12442738548375075,0.0,0.23317071319819188,0.042570953122739084,0.0,0.0,0.0,0.6537530301962404,0.8582701652633647,0.7262274754612802,0.78860455995016,142.26666666666668,155.46666666666667,1715.3915631238838,0.976809715727965,0.006599901989102363,3.497720074110354
turbo_lunar_lander_12d,12,ucb,constant,decay_uniform_grid_a1_2,358,334,30,0.11679875110217734,0.0,0.22326975352889786,0.040763293472132006,0.0,0.0,0.0,0.6897989752926177,0.8582396547722362,0.7260930010657929,0.7883636040546806,142.63333333333333,155.96666666666667,1720.7909566799333,0.8325101505809774,0.006744574600209792,3.434438312985003
turbo_lunar_lander_12d,12,ucb,constant,decay_uniform_grid_a1_2,359,335,30,0.12954307845815183,0.0,0.25570796893439196,0.046685674239732244,0.0,0.0,0.0,0.7579583830304393,0.8578870032485444,0.7247483842038861,0.7874676122155081,143.16666666666666,156.4,1726.1062640313369,0.5756370439815025,0.25806741629106306,3.406893609634911
turbo_lunar_lander_12d,12,ucb,constant,decay_uniform_grid_a1_2,36,12,30,1.815230365053364,1.8488745984420012,0.4799721996107851,0.08763053356739976,1.5842652239433372,2.1031443006034487,0.5434905557494718,2.713589280648426,0.7281309137153368,0.5551820501819724,0.6318258264893816,8.3,4.7,84.43860747621706,0.6005276581427703,0.001293079430858294,1.7965827103083332
turbo_lunar_lander_12d,12,ucb,constant,decay_uniform_grid_a1_2,360,336,30,0.12440857897868553,0.0,0.23072700068723298,0.04212479430063582,0.0,0.0,0.0,0.6001217267330043,0.8578241822443526,0.7246486340800262,0.7873996962892266,143.43333333333334,157.0,1731.6183347227363,1.0105197154606382,0.006501520751044154,3.266511223651469
turbo_lunar_lander_12d,12,ucb,constant,decay_uniform_grid_a1_2,361,337,30,0.12763529535155413,0.0,0.23850831364247685,0.04354546117816724,0.0,0.0,0.0,0.6859153042179369,0.8577433120593091,0.7245539026924344,0.7873086010960307,143.73333333333332,157.5,1737.0491359826178,0.8054003095099082,0.006612409263228377,3.322964340588078
turbo_lunar_lander_12d,12,ucb,constant,decay_uniform_grid_a1_2,362,338,30,0.1116298435802289,0.0,0.21383559672808208,0.039040859975182814,0.0,0.0,0.0,0.7065451450214582,0.8576545711524982,0.7244574743845942,0.7872176552358355,144.03333333333333,158.03333333333333,1742.8496337297838,0.9787266389156382,0.006841418861101071,3.470807569116975
turbo_lunar_lander_12d,12,ucb,constant,decay_uniform_grid_a1_2,363,339,30,0.1114980827228458,0.0,0.2153054581096219,0.03930921872020784,0.0,0.0,0.0,0.5999623060617043,0.8575600197445635,0.7243325430298793,0.7870962045840028,144.4,158.5,1748.4128451674867,0.9527948438034703,0.006685455919553837,3.399607610469684
turbo_lunar_lander_12d,12,ucb,constant,decay_uniform_grid_a1_2,364,340,30,0.11397870032915183,0.0,0.21888476340844806,0.039962707470996124,0.0,0.0,0.0,0.7107080765975466,0.8570953265546613,0.723204154285471,0.7862834858005977,144.93333333333334,158.93333333333334,1753.6368792104845,0.7087702637072653,0.2510432984524717,3.186502360443895
turbo_lunar_lander_12d,12,ucb,constant,decay_uniform_grid_a1_2,365,341,30,0.11702255751003067,0.0,0.22309685236622528,0.04073172618312713,0.0,0.0,0.0,0.7025060471723057,0.857085207920375,0.723059531904323,0.7861942559310952,145.26666666666668,159.33333333333334,1759.3177532367408,0.931436301379775,0.00682492492099603,3.3998572257502624
turbo_lunar_lander_12d,12,ucb,constant,decay_uniform_grid_a1_2,366,342,30,0.11360569742335791,0.0,0.21858906169517653,0.039908719971445544,0.0,0.0,0.0,0.6797677521170982,0.857078290426172,0.7229907916301376,0.7861521909789598,145.5,159.7,1765.4009714693452,1.0847858067291478,0.0068821880811204515,3.4382431919065612
turbo_lunar_lander_12d,12,ucb,constant,decay_uniform_grid_a1_2,367,343,30,0.1126872412859013,0.0,0.21979933934233598,0.040129685427510046,0.0,0.0,0.0,0.7726922899861972,0.8569971227659854,0.7229033149260885,0.7860922097128484,145.83333333333334,160.2,1771.0410990796206,0.9028216579773773,0.006986585864797235,3.4248828449907402
turbo_lunar_lander_12d,12,ucb,constant,decay_uniform_grid_a1_2,368,344,30,0.1162676324358069,0.0,0.2239842979610142,0.040893750840068625,0.0,0.0,0.0,0.7467664998012795,0.8569861767108125,0.722780923422874,0.7859659664540287,146.2,160.43333333333334,1776.5038730643223,0.9023502642444025,0.006856475304812193,3.4120241496246306
turbo_lunar_lander_12d,12,ucb,constant,decay_uniform_grid_a1_2,369,345,30,0.11842003193842104,0.0,0.2230679493912034,0.04072644924599429,0.0,0.0,0.0,0.683661893975708,0.8557434043547087,0.7210139488440128,0.7843430583340809,146.36666666666667,160.9,1782.6817599228118,1.1454192374677707,0.2595336331365009,3.345462694702049
turbo_lunar_lander_12d,12,ucb,constant,decay_uniform_grid_a1_2,37,13,30,1.700256565591702,1.7535331429775574,0.5468086517127134,0.099833144394013,1.3927965501834596,1.9948082643664011,0.5715628956028362,2.693064557856161,0.7255282288627216,0.5530377364248273,0.6297184790683557,8.966666666666667,5.2,87.50780229239415,0.48422607077906527,0.0013140718297411998,1.9201580295184006
turbo_lunar_lander_12d,12,ucb,constant,decay_uniform_grid_a1_2,370,346,30,0.11836753144791884,0.0,0.22439647791120146,0.04096900425889159,0.0,0.0,0.0,0.6895400647136083,0.8557379095889178,0.7209399173786643,0.7842867140952433,146.56666666666666,161.13333333333333,1788.3645407798545,1.0585811387592305,0.006717185163870454,3.2796082442005474
turbo_lunar_lander_12d,12,ucb,constant,decay_uniform_grid_a1_2,371,347,30,0.12246105385503056,0.0,0.23830288197048274,0.04350795465790818,0.0,0.0,0.0,0.719960772403964,0.8556558683329792,0.7208610389982228,0.7842047049582465,146.8,161.43333333333334,1793.8289338909865,0.9414086778803418,0.006389460790281494,3.2595881250997385
turbo_lunar_lander_12d,12,ucb,constant,decay_uniform_grid_a1_2,372,348,30,0.11718214461043513,0.0,0.2297513784048133,0.04194667085674051,0.0,0.0,0.0,0.7589301604476713,0.8555986791598792,0.7207668922536077,0.784130817296506,147.03333333333333,161.9,1799.1501141637875,1.001013026665896,0.0066392791302253805,3.1045747510467967
turbo_lunar_lander_12d,12,ucb,constant,decay_uniform_grid_a1_2,373,349,30,0.1239396074228,0.0,0.23344437137977592,0.04262091604243889,0.0,0.0,0.0,0.6797942074049144,0.855569215188091,0.7207066756129452,0.7840602927907149,147.23333333333332,162.2,1804.6275685461394,1.0373858026384066,0.006681188646083077,3.1312442301772534
turbo_lunar_lander_12d,12,ucb,constant,decay_uniform_grid_a1_2,374,350,30,0.12215255131344731,0.0,0.2276697724671892,0.04156662334744937,0.0,0.0,0.0,0.6271066282475726,0.853955535210639,0.71836848026721,0.7819871385109115,147.5,162.53333333333333,1810.0795475973437,0.9537607496604323,0.248810808500275,3.1071552652089545
turbo_lunar_lander_12d,12,ucb,constant,decay_uniform_grid_a1_2,375,351,30,0.12620764476568133,0.0,0.24002098087173862,0.043821635165989074,0.0,0.0,0.0,0.7215690253244422,0.8536645928593491,0.7182452754412897,0.781885015996321,147.83333333333334,162.93333333333334,1814.9165725247935,0.7605397076035539,0.006731220350290338,3.079300043731928
turbo_lunar_lander_12d,12,ucb,constant,decay_uniform_grid_a1_2,376,352,30,0.1133372480697112,0.0,0.21209134495431517,0.038722404627695974,0.0,0.0,0.0,0.6363755903971609,0.8535255470164878,0.7181306642381797,0.7818145485793233,148.13333333333333,163.36666666666667,1820.2421648551556,0.9164013078281035,0.007243884246175488,3.297671573407327
turbo_lunar_lander_12d,12,ucb,constant,decay_uniform_grid_a1_2,377,353,30,0.11734270222064076,0.0,0.22188899666766523,0.04051120291235629,0.0,0.0,0.0,0.6400148607269722,0.853446021980001,0.7179987361130042,0.7816919512012681,148.46666666666667,163.73333333333332,1825.3980439888314,0.8269279257239153,0.007634244315947096,3.264833244867623
turbo_lunar_lander_12d,12,ucb,constant,decay_uniform_grid_a1_2,378,354,30,0.11257158039429829,0.0,0.21255552292622018,0.038807151542999095,0.0,0.0,0.0,0.5927276570823281,0.8534080140446182,0.7178721213655471,0.7815985742443868,148.76666666666668,164.1,1830.6539598283978,0.9138717864950497,0.007527407119050622,3.235348863635833
turbo_lunar_lander_12d,12,ucb,constant,decay_uniform_grid_a1_2,379,355,30,0.13438511336420192,0.0,0.2561335257689243,0.04676336993232352,0.0,0.0,0.0,0.8640577687011415,0.8534819831609314,0.7180617108791195,0.7817491396970182,149.0,164.5,1836.4785387654479,0.9277006694891801,0.28349047793696325,3.2125838804834834
turbo_lunar_lander_12d,12,ucb,constant,decay_uniform_grid_a1_2,38,14,30,1.7173531527395858,1.7406449097904737,0.4891635012671263,0.08930862798407066,1.4716318001667306,1.9526625513609301,0.6315212717582666,2.6139280727330565,0.7246376495589378,0.5510071538378566,0.6277871312464712,9.733333333333333,5.633333333333334,90.32347459836552,0.31405075585159165,0.0013250829496731361,1.9424772121943534
turbo_lunar_lander_12d,12,ucb,constant,decay_uniform_grid_a1_2,380,356,30,0.1406526346565309,0.0,0.2650100359412612,0.04838399155009453,0.0,0.0,0.0,0.7856784828860361,0.8534753487840693,0.7179507613341455,0.7816981753635341,149.4,164.86666666666667,1841.8632025798627,0.8351262856430064,0.0077333789474020405,3.31176643432118
turbo_lunar_lander_12d,12,ucb,constant,decay_uniform_grid_a1_2,381,357,30,0.12075383345681158,0.0,0.2334722452315603,0.04262600508823451,0.0,0.0,0.0,0.7120752342597887,0.8534729224222316,0.7178821429025258,0.7816413201720026,149.66666666666666,165.33333333333334,1847.5965640253387,0.9641433432232589,0.007857893391822775,3.3746821342036126
turbo_lunar_lander_12d,12,ucb,constant,decay_uniform_grid_a1_2,382,358,30,0.1209657095105421,0.0,0.2307573526838415,0.042130335791705095,0.0,0.0,0.0,0.6958379188896908,0.8533478254030212,0.7177382516617038,0.7815180744977308,150.1,165.83333333333334,1852.6325971859353,0.7100874712225049,0.007649508863687515,3.2487649155315013
turbo_lunar_lander_12d,12,ucb,constant,decay_uniform_grid_a1_2,383,359,30,0.13816175974095632,0.0,0.26607749721307955,0.04857888242270721,0.0,0.0,0.0,0.7505195549020052,0.8533449381596659,0.7176243225050538,0.7814555239063454,150.46666666666667,166.3,1857.9393819130025,0.7989661979023367,0.007645657332614064,3.349738849637409
turbo_lunar_lander_12d,12,ucb,constant,decay_uniform_grid_a1_2,384,360,30,0.1278357897050556,0.0,0.24682653573297197,0.04506415380393456,0.0,0.0,0.0,0.8165634448770465,0.8531728975327736,0.7180629593422991,0.7816377997606604,150.63333333333333,166.76666666666668,1863.8637812164147,1.0172872520827998,0.316567257574449,3.227984185703099
turbo_lunar_lander_12d,12,ucb,constant,decay_uniform_grid_a1_2,385,361,30,0.13159482501782235,0.0,0.25210013829054184,0.046026977497300545,0.0,0.0,0.0,0.7837895524174086,0.8527533556840525,0.7179579223646647,0.7815005321512445,150.9,167.13333333333333,1869.1950997342044,0.8897785108691703,0.0076626768025259175,3.285136591612051
turbo_lunar_lander_12d,12,ucb,constant,decay_uniform_grid_a1_2,386,362,30,0.13018361164787356,0.0,0.24560909841318834,0.04484188117646985,0.0,0.0,0.0,0.7276773907707248,0.8527464979666476,0.7178985079700674,0.7814090195603236,151.1,167.53333333333333,1874.854462415694,1.0257242871914058,0.007623800883690516,3.295338591032972
turbo_lunar_lander_12d,12,ucb,constant,decay_uniform_grid_a1_2,387,363,30,0.1250377981670637,0.0,0.2471703052375157,0.04512691724134155,0.0,0.0,0.0,0.8805649317374946,0.8527259473841831,0.7178090802246754,0.781344877433045,151.46666666666667,168.03333333333333,1880.317422652291,0.8681226132748028,0.007833832890416186,3.3036855628248305
turbo_lunar_lander_12d,12,ucb,constant,decay_uniform_grid_a1_2,388,364,30,0.11976311636452266,0.0,0.243140410231161,0.04439116244155559,0.0,0.0,0.0,0.8990734102696214,0.8527050292557452,0.7176927899568633,0.7812810436510805,151.73333333333332,168.46666666666667,1885.7113242824873,0.9352327761705965,0.007813682996978362,3.2367422728954502
turbo_lunar_lander_12d,12,ucb,constant,decay_uniform_grid_a1_2,389,365,30,0.10805959483702512,0.0,0.2072309852199732,0.037835028406333,0.0,0.0,0.0,0.6277895940216611,0.8515245797279279,0.7156063706934773,0.7795927136336719,151.96666666666667,168.83333333333334,1891.5750644842008,1.038478064738835,0.2760849019357314,3.2676846390434853
turbo_lunar_lander_12d,12,ucb,constant,decay_uniform_grid_a1_2,39,15,30,1.6150398789427998,1.6790699582178095,0.6442151110392862,0.11761704940063747,1.286669624800266,1.9380208963152152,0.0,2.933960035441241,0.7498325836186692,0.5849859496428154,0.6588879757753844,10.4,5.933333333333334,93.1965256109368,0.4523552789197614,0.009488670186450084,2.0697931188779575
turbo_lunar_lander_12d,12,ucb,constant,decay_uniform_grid_a1_2,390,366,30,0.13811025542197772,0.0,0.2437132005933054,0.04449573917557827,0.0,0.19079964540627709,0.0,0.7346212855957699,0.8515017974629185,0.7154653340479885,0.7794856779707137,152.33333333333334,169.16666666666666,1897.0882982161982,0.8674722559129199,0.007643367893372973,3.220219847885892
turbo_lunar_lander_12d,12,ucb,constant,decay_uniform_grid_a1_2,391,367,30,0.12416339542730816,0.0,0.23741854442579832,0.04334649745068405,0.0,0.0,0.0,0.6943995574358715,0.8514874979271541,0.7153670155613338,0.7793429220631231,152.66666666666666,169.53333333333333,1902.2514618582559,0.8751842082012444,0.0074105362718304,3.1575418771865467
turbo_lunar_lander_12d,12,ucb,constant,decay_uniform_grid_a1_2,392,368,30,0.1261423482663039,0.0,0.24400463239519568,0.04454894709953483,0.0,0.0,0.0,0.725124795045089,0.8514229176972902,0.7152309053181515,0.7792163083596585,153.0,169.93333333333334,1907.2920906531936,0.7969527637585998,0.007365903801595171,3.122735367435962
turbo_lunar_lander_12d,12,ucb,constant,decay_uniform_grid_a1_2,393,369,30,0.13847628076909368,0.0,0.2668639725397283,0.048722472515149474,0.0,0.0,0.0,0.840245407351982,0.8514216586385309,0.715190749283399,0.7791914801849735,153.13333333333333,170.26666666666668,1913.1099085734536,1.1381451193088046,0.00770262461155653,3.2435646541416645
turbo_lunar_lander_12d,12,ucb,constant,decay_uniform_grid_a1_2,394,370,30,0.12991703394976375,0.0,0.24217749294282825,0.044215358601611736,0.0,0.0,0.0,0.6344771061200309,0.8505726270115217,0.7152504750272513,0.7785890194497543,153.33333333333334,170.6,1919.0261265418026,1.0770678524238368,0.2865160399892678,3.218382815644145
turbo_lunar_lander_12d,12,ucb,constant,decay_uniform_grid_a1_2,395,371,30,0.13325690627247325,0.0,0.25148822727206266,0.045915258341298205,0.0,0.0,0.0,0.7546117593692043,0.8505599476440612,0.715136353286816,0.7784608187250778,153.66666666666666,171.06666666666666,1924.240663676352,0.7967432692336539,0.008266924989099304,3.274400925341373
turbo_lunar_lander_12d,12,ucb,constant,decay_uniform_grid_a1_2,396,372,30,0.13194730036264748,0.0,0.2480238191544016,0.04528274684981588,0.0,0.0,0.0,0.694560463304635,0.8505491837667353,0.7150252916236004,0.7783679294328766,154.0,171.33333333333334,1929.5687234813347,0.869281011680141,0.008353269767637055,3.3001041474286468
turbo_lunar_lander_12d,12,ucb,constant,decay_uniform_grid_a1_2,397,373,30,0.11361734314096059,0.0,0.22579176703480908,0.04122374803463876,0.0,0.0,0.0,0.7976625687172423,0.8505183285582327,0.7149143329067367,0.778328603469208,154.36666666666667,171.7,1934.8548115424658,0.7659646111850937,0.00823288072521488,3.3880364360132567
turbo_lunar_lander_12d,12,ucb,constant,decay_uniform_grid_a1_2,398,374,30,0.12443901542210514,0.0,0.24922919655764267,0.0455028176478366,0.0,0.0,0.0,0.7724398976507583,0.850240554339432,0.7147619724111187,0.7781857173418071,154.8,172.1,1940.1241864443912,0.8429999755850682,0.008096124278381467,3.329351905484994
turbo_lunar_lander_12d,12,ucb,constant,decay_uniform_grid_a1_2,399,375,30,0.10838044277271515,0.0,0.21147278134777311,0.03860947088084436,0.0,0.0,0.0,0.6453660968553396,0.8494351125841793,0.7131321155161168,0.7768975308270226,155.06666666666666,172.66666666666666,1946.0775589753098,0.918231230865543,0.31480334266088905,3.312638621420289
turbo_lunar_lander_12d,12,ucb,constant,decay_uniform_grid_a1_2,4,0,30,2.595645094133169,2.564495860183216,0.4117674774771014,0.07517811195373629,2.343690395189023,2.806821168018637,1.789051247974039,3.44375256820605,0.9990418345947157,0.9894573972412446,0.9968310059885063,0.0,0.0,6.848057148434843,0.0,0.0011309912117818991,1.7489971266283344
turbo_lunar_lander_12d,12,ucb,constant,decay_uniform_grid_a1_2,40,16,30,1.6527023348484644,1.7041769375354838,0.672181980545597,0.12272307783110739,1.4102653304402724,1.9660943610841957,0.0,3.0233993974096434,0.7483122911556541,0.5833380861102512,0.6573382976823363,11.0,6.466666666666667,96.40281717069448,0.5480751841484258,0.0013429652589062849,1.9757632369951657
turbo_lunar_lander_12d,12,ucb,constant,decay_uniform_grid_a1_2,400,376,30,0.1099459620947813,0.0,0.22552534403089883,0.041175106071612115,0.0,0.0,0.0,0.7146168713024468,0.849433067751256,0.7130528000015315,0.7768513644289473,155.26666666666668,173.0,1951.929307330229,1.0492965820245446,0.008014478643114368,3.349078562607368
turbo_lunar_lander_12d,12,ucb,constant,decay_uniform_grid_a1_2,41,17,30,1.6180991303973968,1.6607660025550213,0.6594572203038614,0.12039986509002625,1.3453299128289222,2.013317275734475,0.0,3.0258120761337644,0.7464215591994313,0.5815575411572138,0.6555922812651117,11.733333333333333,6.933333333333334,99.26387759267043,0.33778437667836747,0.001300347379098336,1.8954496757748227
turbo_lunar_lander_12d,12,ucb,constant,decay_uniform_grid_a1_2,42,18,30,1.610471012068985,1.700548635456464,0.6572508647009465,0.11999704151216144,1.339467348210424,2.0603506613210376,0.0,2.6546348696504873,0.7455342503927248,0.5799288954827901,0.6540725198209043,12.433333333333334,7.366666666666666,102.19856839195515,0.39980866039792695,0.0013311907649040222,1.921157764022549
turbo_lunar_lander_12d,12,ucb,constant,decay_uniform_grid_a1_2,43,19,30,1.617296908254135,1.7208303885148286,0.6298712947383307,0.11499823881772292,1.263772361353104,2.0383815602493685,0.0,2.6592082592974298,0.7440434445353765,0.5784433464240915,0.6525330119145215,13.133333333333333,7.9,105.10159607833872,0.47050739635402955,0.0013043425511568784,1.9752753461555888
turbo_lunar_lander_12d,12,ucb,constant,decay_uniform_grid_a1_2,44,20,30,1.547866584546105,1.6609239938748657,0.6673773621548269,0.12184587854016442,1.2663227048879842,1.982400210263862,0.0,2.7087190775058096,0.7510358640732052,0.5898465118813646,0.6614963078159782,13.8,8.4,108.29316943250596,0.47393842904518046,0.009872655492896835,1.974257079946498
turbo_lunar_lander_12d,12,ucb,constant,decay_uniform_grid_a1_2,45,21,30,1.5157482370192796,1.704452259602584,0.6993627842415927,0.1276855909362463,1.0673780570039646,1.9602412481545657,0.0,2.7579530545121607,0.7494925228430166,0.588216475985117,0.6599394903489031,14.6,8.866666666666667,111.06196062811651,0.2081391450483352,0.0012618268219133219,1.9591131526355943
turbo_lunar_lander_12d,12,ucb,constant,decay_uniform_grid_a1_2,46,22,30,1.5084282471674748,1.6453202313986313,0.6364715161955736,0.11620326887661012,1.1788267123117322,1.8943168581412018,0.0,2.6308118734453707,0.7479560024441739,0.5867685903728386,0.6587103912342107,15.266666666666667,9.333333333333334,114.2756810166097,0.4435729389389356,0.001330651824052135,2.2910394673235714
turbo_lunar_lander_12d,12,ucb,constant,decay_uniform_grid_a1_2,47,23,30,1.5376092443870215,1.6862667423078281,0.6371095533856781,0.11631975799712592,1.3346255561830669,1.9429142833206314,0.0,2.7425187674190274,0.7469151681072941,0.5854269066728872,0.6573301002014921,15.866666666666667,9.866666666666667,117.72631471026689,0.5638583861912291,0.0013197300800432761,2.3272518342671296
turbo_lunar_lander_12d,12,ucb,constant,decay_uniform_grid_a1_2,48,24,30,1.5792055876370124,1.5992414573478975,0.6328103928857255,0.11553484226907285,1.3888106306995056,1.9548874519653798,0.0,2.7382448487693054,0.7457442913933163,0.5841415114277612,0.656041337858025,16.466666666666665,10.4,121.26251183968658,0.5322687594996144,0.0013614861915508907,2.3216683799711366
turbo_lunar_lander_12d,12,ucb,constant,decay_uniform_grid_a1_2,49,25,30,1.4917663204711693,1.6533168849063011,0.7088386243760274,0.12941563473389384,1.2489227458297876,1.9480468424230297,0.0,2.7773333273292926,0.7694729242196456,0.6161990254947919,0.6852835722804025,17.166666666666668,10.766666666666667,124.40196508263858,0.3475194002036005,0.010192129015922546,2.1538693232772252
turbo_lunar_lander_12d,12,ucb,constant,decay_uniform_grid_a1_2,5,0,30,2.5186555437315987,2.4763517558143135,0.40486694848409394,0.07391825349100675,2.3297896836775625,2.7074990324575405,1.8046623785139477,3.4967428332889448,0.9988791369565952,0.9872952692566848,0.996150874403876,0.0,0.0,9.048071939731017,0.0,0.001163763537382086,1.8596683519271513
turbo_lunar_lander_12d,12,ucb,constant,decay_uniform_grid_a1_2,50,26,30,1.5444458701662525,1.7167491431948791,0.6726594265351905,0.12281024714393765,1.2261983527433502,1.8758678948327905,0.0,2.817633424504594,0.7676664626636482,0.6149059195239268,0.6840058864415102,17.866666666666667,11.1,127.50920057212934,0.3685626074206084,0.0013440977471570173,2.1162583477484684
turbo_lunar_lander_12d,12,ucb,constant,decay_uniform_grid_a1_2,51,27,30,1.4171279758073105,1.5866391499633943,0.6917456477099291,0.12629489843558334,1.074650292362856,1.7851933972898288,0.0,2.780011453327168,0.7672179186999972,0.6138643359143523,0.6829221933650946,18.433333333333334,11.633333333333333,131.03832841203547,0.6425180782563984,0.0013276356272399425,2.1092406356086335
turbo_lunar_lander_12d,12,ucb,constant,decay_uniform_grid_a1_2,52,28,30,1.3522902788376319,1.5394079425910427,0.6992620970545526,0.12766720805504841,0.9260831752233227,1.7496705838180957,0.0,2.7307601609130554,0.7665978366375245,0.6125849939072431,0.6816717754492234,19.066666666666666,12.233333333333333,134.41205045967362,0.5220065575558692,0.0013778798282146453,2.1832485878219208
turbo_lunar_lander_12d,12,ucb,constant,decay_uniform_grid_a1_2,53,29,30,1.3679361050986416,1.56211360061475,0.7064463161956135,0.12897886101558823,0.9423029054790881,1.7237337810863687,0.0,2.7539028869662685,0.7658752855468646,0.6114771175181976,0.6807426559959305,19.666666666666668,12.666666666666666,137.64778265814917,0.4389666833138714,0.0013794291454056898,2.220613055381303
turbo_lunar_lander_12d,12,ucb,constant,decay_uniform_grid_a1_2,54,30,30,1.2903692844586465,1.492629731006836,0.7125319140298221,0.13008993408548844,0.9485890132779389,1.6712891984818166,0.0,2.7434681919346326,0.7790963332835142,0.6290499787435286,0.6973833193913593,20.433333333333334,13.1,140.613823362176,0.3140705169799427,0.011357574552918474,2.177024519862607
turbo_lunar_lander_12d,12,ucb,constant,decay_uniform_grid_a1_2,55,31,30,1.2515268867052722,1.4383817805907935,0.719216327760617,0.13131033548017296,0.8807409342201975,1.6784391531326825,0.0,2.7507837849518633,0.7785075472362841,0.6280450358328725,0.6964299187003938,21.066666666666666,13.633333333333333,144.16877434756606,0.5039256166977187,0.0013230886931220691,2.3002369604383905
turbo_lunar_lander_12d,12,ucb,constant,decay_uniform_grid_a1_2,56,32,30,1.2080169119605049,1.4523229804496502,0.7153606103890381,0.13060638102024688,0.8794740068818276,1.6368843593551456,0.0,2.835708485581093,0.7779557713118267,0.6269155052765376,0.6952593343415863,21.7,13.966666666666667,148.01948361744482,0.622290600494792,0.0013758015508453052,2.3448926491352418
turbo_lunar_lander_12d,12,ucb,constant,decay_uniform_grid_a1_2,57,33,30,1.2433410436045413,1.4543886012603429,0.70141761304486,0.12806074963203323,0.7409766233420867,1.6910659283979323,0.0,2.8247357856811957,0.776843503751707,0.6258187507698512,0.6942310421784949,22.3,14.6,151.58135745107816,0.5320763964516421,0.0013931179729600748,2.3693309602172423
turbo_lunar_lander_12d,12,ucb,constant,decay_uniform_grid_a1_2,58,34,30,1.2482431069304312,1.507845576961099,0.697365823705894,0.12732099749229633,0.7818099081172247,1.6972900671113094,0.0,2.652513340740896,0.7754321364944357,0.62459493552456,0.6931345050478996,23.066666666666666,15.1,154.8030262315801,0.40968542892175414,0.0013469161310543617,2.2099719611462207
turbo_lunar_lander_12d,12,ucb,constant,decay_uniform_grid_a1_2,59,35,30,1.3012958522312652,1.4870981865370336,0.6758733504449514,0.12339702668509807,1.0078655148861553,1.6927412852447903,0.0,2.6698470393940954,0.7883015140190499,0.6464081297871597,0.7112160714994701,23.533333333333335,15.733333333333333,158.22171257402127,0.6767854737273107,0.010677345283329486,2.125969034510975
turbo_lunar_lander_12d,12,ucb,constant,decay_uniform_grid_a1_2,6,0,30,2.3084718727678397,2.36476569851388,0.4032448147561484,0.07362209374631151,2.054919774827458,2.6530246449068597,1.370461264376363,2.9507006614595364,0.9986889384325536,0.9852275100876212,0.995148893418597,0.0,0.0,11.338467441561322,0.0,0.0011446241289377213,1.928195049893111
turbo_lunar_lander_12d,12,ucb,constant,decay_uniform_grid_a1_2,60,36,30,1.295637593939289,1.3952143147433909,0.7204084867500833,0.13152799293706072,0.8597941091010043,1.7883253252335796,0.0,2.640323509899421,0.7873845522487564,0.6455996803732577,0.7103858065817334,24.066666666666666,16.2,161.5589761910339,0.5372931534424424,0.0013779399606088797,2.1135880276250343
turbo_lunar_lander_12d,12,ucb,constant,decay_uniform_grid_a1_2,61,37,30,1.2312120811177298,1.22591887862221,0.6529142959999609,0.11920529601226121,0.8200697652704065,1.7376732961797945,0.0,2.459045698243401,0.7852799345834064,0.6447698326368081,0.7095526161241534,24.633333333333333,16.5,165.14836577675305,0.6552280523659041,0.0013712345777700345,2.269428323566293
turbo_lunar_lander_12d,12,ucb,constant,decay_uniform_grid_a1_2,62,38,30,1.1806803872513032,1.1639546541605315,0.6469734131667323,0.11812064416584304,0.8149360590868007,1.7148096369888997,0.0,2.441902991676149,0.7839205756809003,0.6440233247564168,0.7088855350665458,25.133333333333333,17.166666666666668,168.8823751943186,0.6186653875435392,0.001375551459689935,2.22238727362516
turbo_lunar_lander_12d,12,ucb,constant,decay_uniform_grid_a1_2,63,39,30,1.1385553802763873,1.233707796037391,0.7331552612193853,0.13385522490781662,0.6228466826827311,1.6934507235966711,0.0,2.4408955282543423,0.7837148728431028,0.6432082131536949,0.7081790729637161,25.666666666666668,17.6,172.41162107490624,0.6986348268420746,0.0013975361672540507,2.1618610001169145
turbo_lunar_lander_12d,12,ucb,constant,decay_uniform_grid_a1_2,64,40,30,1.2180195113375503,1.557874743129636,0.7292435800947793,0.1331410529112453,0.805942881483086,1.7282721442073434,0.0,2.440496282745306,0.790619045936181,0.6501901492565538,0.7152359153638723,26.166666666666668,18.233333333333334,176.39854608134678,0.7787560285379489,0.0113173206957678,2.4716518299654124
turbo_lunar_lander_12d,12,ucb,constant,decay_uniform_grid_a1_2,65,41,30,1.099830414968121,1.1849268080235986,0.7223942060308532,0.13189053401804426,0.6610802468444916,1.6812080245800956,0.0,2.4662952180735482,0.7891431914420972,0.6492729204994931,0.7142440598354333,26.666666666666668,18.7,180.03345763903732,0.6108131499805798,0.0013734925383081039,2.3345763240475206
turbo_lunar_lander_12d,12,ucb,constant,decay_uniform_grid_a1_2,66,42,30,1.0914524308340332,1.225100880543713,0.7142181983118078,0.13039780606535842,0.645836128966137,1.6885224116848851,0.0,2.438677524090371,0.7889054967427686,0.6485098161733911,0.7133979561962847,27.233333333333334,19.233333333333334,183.75989096697108,0.6512098720762879,0.0013426170684397221,2.289845958507309
turbo_lunar_lander_12d,12,ucb,constant,decay_uniform_grid_a1_2,67,43,30,1.1734772444741048,1.474747578824603,0.7144766155190683,0.13044498637657978,0.6657472264540728,1.7031940036229907,0.0,2.4422007528093466,0.7886556200595416,0.6477379848257332,0.7126202549914628,27.633333333333333,19.666666666666668,187.82629994054636,0.8407099572320779,0.0013937179775287709,2.381619075809916
turbo_lunar_lander_12d,12,ucb,constant,decay_uniform_grid_a1_2,68,44,30,1.1625828360224706,1.471847268492942,0.6901347717170266,0.12600079406269793,0.7535485487112445,1.6397254331022697,0.0,2.441555877887601,0.788419149926078,0.6469500057371983,0.7120585221404352,28.166666666666668,20.133333333333333,191.94789122167666,0.710560071701184,0.001411968454097708,2.452014295849949
turbo_lunar_lander_12d,12,ucb,constant,decay_uniform_grid_a1_2,69,45,30,1.1126192905488317,1.3143191293428234,0.6953558299076661,0.1269540245110514,0.7080644410044399,1.67066788376989,0.0,2.4424915072489144,0.801223839035747,0.668798600211792,0.7300506458277813,28.666666666666668,20.5,195.83655046803565,0.7550000082080562,0.01174113997258246,2.4005430748841414
turbo_lunar_lander_12d,12,ucb,constant,decay_uniform_grid_a1_2,7,0,30,2.2751123220801306,2.3498772115953983,0.4162612493480644,0.07599855869440583,2.0168504798675264,2.650432691357252,1.226591411538858,2.8418783410367388,0.9984683090997225,0.9834494317198244,0.9943849095892785,0.0,0.0,13.60399565671881,0.0,0.0011444848962128163,1.9351183850007752
turbo_lunar_lander_12d,12,ucb,constant,decay_uniform_grid_a1_2,70,46,30,1.0728409540945223,1.1694803463841699,0.684922611372896,0.12504918813142651,0.741834360067534,1.5358335078299485,0.0,2.441903036111616,0.8007231842081379,0.6679884765786103,0.7293154901743742,29.333333333333332,21.0,199.33223283025436,0.4900271774890522,0.001441913718978564,2.4235920787323266
turbo_lunar_lander_12d,12,ucb,constant,decay_uniform_grid_a1_2,71,47,30,1.0989707184460822,1.1836836403293352,0.6715777531710709,0.12261276151014405,0.8233849198321764,1.542266632140029,0.0,2.4382215329700765,0.8004144110558273,0.6672873891445124,0.7286449296558521,29.833333333333332,21.5,203.21095313948268,0.6397748660606642,0.0014518088195472957,2.4910562154836953
turbo_lunar_lander_12d,12,ucb,constant,decay_uniform_grid_a1_2,72,48,30,1.0831854412864153,1.0824937795179053,0.6753356289849416,0.12329885262733073,0.76915461845136,1.613806866042466,0.0,2.4403483547135196,0.8000377801238817,0.6666522004212218,0.7281002536462438,30.333333333333332,21.9,207.28015885286342,0.7715990877710283,0.0014548394673814377,2.7064257895884416
turbo_lunar_lander_12d,12,ucb,constant,decay_uniform_grid_a1_2,73,49,30,1.0707924081419185,1.201969840658067,0.7327877129959722,0.13378812009017185,0.4529444712733473,1.6800271182818318,0.0,2.470938838971174,0.7997699267040115,0.6660280906415413,0.7273972257118135,30.9,22.5,211.35366937022965,0.6310797511755178,0.0015212207411726315,2.8229043473179143
turbo_lunar_lander_12d,12,ucb,constant,decay_uniform_grid_a1_2,74,50,30,1.046505297429636,1.04932306476831,0.7362925559063326,0.13442801393101067,0.464741414438378,1.5784319760285876,0.0,2.4618984589580526,0.8105431339688842,0.6784510722656499,0.7392444208020521,31.366666666666667,22.933333333333334,216.17945571619396,0.9578018783126027,0.012768069809923569,2.9002382153800377
turbo_lunar_lander_12d,12,ucb,constant,decay_uniform_grid_a1_2,75,51,30,1.0139535803091022,1.0279770592350674,0.7509352801941878,0.137101397396273,0.20234650287748773,1.5796829269596504,0.0,2.468089898164016,0.810215066025929,0.6779001182121457,0.7388390964330499,31.966666666666665,23.533333333333335,220.1585513011242,0.5996848919118444,0.0015058470113823812,2.8491685637583335
turbo_lunar_lander_12d,12,ucb,constant,decay_uniform_grid_a1_2,76,52,30,1.030522053014874,0.9894197278879389,0.6887894231440795,0.12575516814232776,0.6669834220010924,1.466557386856869,0.0,2.472365972522852,0.8100825423883885,0.6774541628547676,0.7385490099439428,32.36666666666667,24.133333333333333,224.9905880838943,0.9806023770477623,0.001478356122970581,2.793921377401178
turbo_lunar_lander_12d,12,ucb,constant,decay_uniform_grid_a1_2,77,53,30,0.9838369896144894,1.087468166141441,0.7302396235054585,0.13332290472600644,0.12114366790075715,1.4483858011649469,0.0,2.475264009788353,0.809707741942539,0.676921245577286,0.738064155548829,32.833333333333336,24.733333333333334,229.47112274891697,0.7912678223724167,0.0015450723779698212,2.721242844779044
turbo_lunar_lander_12d,12,ucb,constant,decay_uniform_grid_a1_2,78,54,30,0.8789695082277764,0.9721588077756289,0.7283178368056844,0.13297203608394656,0.0,1.4208385471889573,0.0,2.4559467312979386,0.8086859623830108,0.6764211455298808,0.7376945239289279,33.233333333333334,25.2,234.23868088248807,0.9035395381972193,0.0014865780094017586,2.7476397902239116
turbo_lunar_lander_12d,12,ucb,constant,decay_uniform_grid_a1_2,79,55,30,0.9334000440035586,0.9866524554364003,0.7598351093897334,0.1387262764657208,0.0032618863192939163,1.3741194089637752,0.0,2.9251037042663075,0.8249922211754618,0.6963062430376722,0.7574640297799557,33.86666666666667,25.633333333333333,238.34096086622836,0.5690697510105868,0.013592566161726912,2.7270005628621825
turbo_lunar_lander_12d,12,ucb,constant,decay_uniform_grid_a1_2,8,0,30,2.2239840506496247,2.22600281822161,0.4200166296630616,0.07668419419791743,1.9900331339095296,2.6590745569009444,1.1804013694844409,2.828253016420003,0.998126022348572,0.9816567420505923,0.9934316337672878,0.0,0.0,15.934557307899619,0.0,0.001182921944806973,1.9895151156000792
turbo_lunar_lander_12d,12,ucb,constant,decay_uniform_grid_a1_2,80,56,30,0.9093837323416557,0.9906860929850217,0.7486357110066786,0.13668155542409213,0.004887602599963181,1.4843320098669792,0.0,2.4479600198145515,0.8244468801260799,0.6958069408304629,0.7570562699724709,34.4,26.133333333333333,242.7293664146991,0.715681912827616,0.0015022254238526026,2.790358331395934
turbo_lunar_lander_12d,12,ucb,constant,decay_uniform_grid_a1_2,81,57,30,0.9036564648939123,0.98764777697949,0.7428291541518117,0.13562142803380986,0.020936847561015104,1.4617683727354849,0.0,2.436230729791937,0.8237513404962863,0.695076490007174,0.7563795455924491,35.1,26.7,246.6378048065429,0.46409545300217964,0.0015648923193415005,2.8907541420776397
turbo_lunar_lander_12d,12,ucb,constant,decay_uniform_grid_a1_2,82,58,30,0.8454964366613339,0.8856155578888811,0.7467172254405431,0.13633128948381865,0.0,1.45182401733029,0.0,2.4424725467471617,0.8233682967628942,0.6945078612071767,0.7557543491704773,35.63333333333333,27.133333333333333,250.87308929241263,0.7932955742658426,0.0016421168111264706,2.81974498842222
turbo_lunar_lander_12d,12,ucb,constant,decay_uniform_grid_a1_2,83,59,30,0.8077904273811852,0.7969806940996716,0.7426857152331392,0.13559523979001617,0.0,1.439899084310447,0.0,2.437235953241625,0.8229848811881909,0.6939835874725798,0.7553372817366263,36.1,27.733333333333334,255.53595616077072,0.8917918563820422,0.0015615443388621011,2.8717933730843166
turbo_lunar_lander_12d,12,ucb,constant,decay_uniform_grid_a1_2,84,60,30,0.7931517528494074,0.7165234936218426,0.7750670606227482,0.14150723756076775,0.0,1.3917101731256267,0.0,2.7482699931628978,0.8255573690083455,0.69732878452962,0.7582803415330552,36.5,28.2,260.5815581573173,1.1871627717278899,0.01472589474481841,2.848561308905482
turbo_lunar_lander_12d,12,ucb,constant,decay_uniform_grid_a1_2,85,61,30,0.7798852504701348,0.6889892721473753,0.7581260037694822,0.13841423789859733,0.0,1.4158095730053488,0.0,2.7566249055604355,0.8252946482985132,0.6967643873814231,0.7577861549143322,37.0,28.7,265.14029321951483,0.7489555015228688,0.0015892756016304096,2.7851525790523737
turbo_lunar_lander_12d,12,ucb,constant,decay_uniform_grid_a1_2,86,62,30,0.7726021247008548,0.759170431156618,0.733244731657729,0.1338715599002535,0.0,1.3949930576102747,0.0,2.4314987990570165,0.8246989058646172,0.6962181117370284,0.7572347947031741,37.53333333333333,29.2,269.74287365917115,0.8120188025757671,0.0015366165277858575,2.8917216510977597
turbo_lunar_lander_12d,12,ucb,constant,decay_uniform_grid_a1_2,87,63,30,0.777777733918639,0.7471364927112195,0.7595395860553643,0.1386723215335531,0.0,1.331415894819652,0.0,2.43457748675592,0.8245070253012348,0.695748935372819,0.7567064724315195,38.03333333333333,29.633333333333333,274.3974149025666,0.7973588394311567,0.0015925828833132983,2.9446101873647423
turbo_lunar_lander_12d,12,ucb,constant,decay_uniform_grid_a1_2,88,64,30,0.7486867324932275,0.7603243907673607,0.7173310318498586,0.1309661291142081,0.0,1.2704416528385156,0.0,2.4220594177152366,0.8235983867490442,0.6952006507988443,0.75615129263456,38.63333333333333,30.133333333333333,279.24214046859805,0.6597528793228169,0.0016405676957219838,3.0688663692834477
turbo_lunar_lander_12d,12,ucb,constant,decay_uniform_grid_a1_2,89,65,30,0.7630325303795764,0.8296919572202092,0.7518728663248591,0.13727257642073057,0.0,1.2180361699051376,0.0,2.802180709212673,0.8311172659523292,0.7062743159331634,0.7653190735857289,39.13333333333333,30.7,284.4067310963757,0.9866625865921378,0.016741049072394768,3.1522425709757953
turbo_lunar_lander_12d,12,ucb,constant,decay_uniform_grid_a1_2,9,0,30,2.226785806187293,2.2321246182726253,0.40263022331401005,0.07350988521414191,2.026735734028776,2.5956853505895654,1.2068822227109028,2.830434890547302,0.9978353826675902,0.9800721250901048,0.992844278903608,0.0,0.0,18.205424919025972,0.0,0.0011869103802988926,1.9333086629087726
turbo_lunar_lander_12d,12,ucb,constant,decay_uniform_grid_a1_2,90,66,30,0.7390244171830196,0.7950269448471844,0.774492205284731,0.14140228381545633,0.0,1.1500354398915882,0.0,2.9273708001925405,0.8306818425994046,0.7058376623092992,0.7647195229008992,39.6,31.266666666666666,289.4693693589419,0.9702357300712416,0.0016217445178578298,3.004187361383811
turbo_lunar_lander_12d,12,ucb,constant,decay_uniform_grid_a1_2,91,67,30,0.7256740866076056,0.67738276179767,0.7779928083923494,0.14204140357776143,0.0,1.25158777168788,0.0,2.824955025488527,0.8305791377340195,0.705435753064289,0.7643090964674121,40.06666666666667,31.933333333333334,294.38899112336026,0.8998627756411831,0.0016567229138066371,2.9768726511858405
turbo_lunar_lander_12d,12,ucb,constant,decay_uniform_grid_a1_2,92,68,30,0.7390882896929176,0.7487576861370037,0.7835314414353824,0.1430526149962323,0.0,1.2632963375351207,0.0,2.884483018191393,0.8300999778224194,0.7050187640353082,0.7639277461932682,40.5,32.36666666666667,299.27771421765596,0.9727282621742537,0.0017468428704887629,2.915262451659267
turbo_lunar_lander_12d,12,ucb,constant,decay_uniform_grid_a1_2,93,69,30,0.700703843200391,0.6565518933347121,0.7816827068585477,0.14271508378604159,0.0,1.294199935346723,0.0,2.891205949245266,0.829809143807506,0.7045223565367046,0.7633699015053858,41.0,32.9,303.9359893161493,0.92127953733628,0.0016226298020531734,2.9271460957825184
turbo_lunar_lander_12d,12,ucb,constant,decay_uniform_grid_a1_2,94,70,30,0.6845118315691203,0.593980084194676,0.7763553344700765,0.14174244310957632,0.0,1.23972138876155,0.0,2.86237454642186,0.8314089138022769,0.7092317143735042,0.7661682668876119,41.56666666666667,33.56666666666667,308.42698828407254,0.7201410434364031,0.01804106538183987,2.9506522367863606
turbo_lunar_lander_12d,12,ucb,constant,decay_uniform_grid_a1_2,95,71,30,0.7197514114057706,0.6774053852170229,0.7743288818531668,0.14137246517291072,0.0,1.2545475675307765,0.0,2.9063079295059246,0.8312376342478686,0.7087171997823428,0.7657580076557661,42.13333333333333,34.1,312.9570697582016,0.676470514635245,0.0016590668354183435,2.9898352129229653
turbo_lunar_lander_12d,12,ucb,constant,decay_uniform_grid_a1_2,96,72,30,0.6942566641092358,0.5545229383247334,0.7602437853723025,0.1388008901505087,0.0,1.1567133596572412,0.0,2.888170604357653,0.8309772541109527,0.7082425315884776,0.7654153721631263,42.63333333333333,34.56666666666667,317.7341293282186,0.7832425964840998,0.0016842653198788564,3.068720082116003
turbo_lunar_lander_12d,12,ucb,constant,decay_uniform_grid_a1_2,97,73,30,0.6934826200651933,0.7996141341664023,0.7135857257440047,0.13028233290122876,0.0,1.2381512827832077,0.0,2.414674936955609,0.830275916718837,0.7077957540124312,0.7650398839066052,43.166666666666664,34.93333333333333,322.37417015096486,0.7226698976630966,0.0017460962447027365,2.972228888981044
turbo_lunar_lander_12d,12,ucb,constant,decay_uniform_grid_a1_2,98,74,30,0.7093274255830697,0.7444281947039034,0.7214333905124187,0.13171511390702842,0.0,1.2127641500082178,0.0,2.4447534085633853,0.8297942652886588,0.7072210166238183,0.7644431371674475,43.766666666666666,35.46666666666667,326.9924809003404,0.6828023061932375,0.0017117404689391453,3.01319793065389
turbo_lunar_lander_12d,12,ucb,constant,decay_uniform_grid_a1_2,99,75,30,0.7102478429959784,0.7351322967399878,0.724796391658785,0.13232911110328857,0.0,1.292089831486096,0.0,2.426075823266819,0.8404247779469436,0.7239135389498085,0.7785509746246994,44.2,36.03333333333333,332.3959858101482,1.114818303224941,0.019984588725492358,3.1415966340495896
turbo_lunar_lander_12d,12,ucb,constant,decay_uniform_grid_a2_3,1,0,30,3.310651109298576,3.283904957447192,0.580644939743358,0.10601077713288837,3.052659635642117,3.600539664830276,2.2276699670828726,4.534419415344451,0.9999703333578658,0.9972378949702652,0.9997470325374905,0.0,0.0,0.8801520398973177,0.0,0.0014032318412015834,0.47348286961205305
turbo_lunar_lander_12d,12,ucb,constant,decay_uniform_grid_a2_3,10,0,30,2.22363944070666,2.237736932043511,0.389172751593094,0.07105289827129739,1.9972427935898305,2.560782715833177,1.4562514051970976,2.7919025174092806,0.9975692102752459,0.9785407233685759,0.9921383172057798,0.0,0.0,27.12524845272613,0.0,0.001409999110425512,2.495729833561927
turbo_lunar_lander_12d,12,ucb,constant,decay_uniform_grid_a2_3,100,76,30,0.8015464343507247,0.7841032965899642,0.6914350720596265,0.12623819533908914,0.0,1.2648419937427442,0.0,2.2543774969345765,0.8147906767014889,0.6864595007542454,0.7466643120547727,26.066666666666666,32.0,474.37556130342807,1.0039968923355143,0.0019459284997234742,3.6133300703639786
turbo_lunar_lander_12d,12,ucb,constant,decay_uniform_grid_a2_3,101,77,30,0.749415114454451,0.9058266244687658,0.6347509970119707,0.11588914648745022,0.0,1.1371400224686399,0.0,2.2269820775930396,0.8142640076402501,0.6860117566957531,0.7463319624617166,26.366666666666667,32.4,480.5862600891851,1.0543089985537033,0.0019370758595565955,3.7825124158679198
turbo_lunar_lander_12d,12,ucb,constant,decay_uniform_grid_a2_3,102,78,30,0.7386554264962648,0.8851890676977434,0.6348170859286899,0.11590121261761295,0.0,1.1654106013801762,0.0,2.2262453006863754,0.8139451490542259,0.6856103121420973,0.7458216220062267,26.666666666666668,32.86666666666667,486.7420956684121,1.0643240897295376,0.002049331103141109,3.813050600932911
turbo_lunar_lander_12d,12,ucb,constant,decay_uniform_grid_a2_3,103,79,30,0.7329799790331293,0.8966920127959754,0.6309235391990541,0.11519035149343894,0.0,1.1651783496814356,0.0,2.224521669549289,0.8137881713824523,0.6853079117944417,0.7455324022182389,26.933333333333334,33.166666666666664,493.2474683667223,1.0778016386243203,0.0020399903412908317,3.7497342246584595
turbo_lunar_lander_12d,12,ucb,constant,decay_uniform_grid_a2_3,104,80,30,0.7241534123888945,0.8753593105675223,0.6426308099362734,0.11732779691663733,0.0,1.1613423454913137,0.0,2.224949431800363,0.8270220367104016,0.7021567953830462,0.7609789109426862,27.266666666666666,33.7,499.6949775886877,0.9703888914082199,0.026002836134284734,3.925045916888242
turbo_lunar_lander_12d,12,ucb,constant,decay_uniform_grid_a2_3,105,81,30,0.71729775596921,0.8779606661678915,0.6274651355407951,0.11455893626124333,0.0,1.0893221441470753,0.0,2.1376907597597365,0.8268616086740714,0.7018936893899784,0.760695913235052,27.5,34.0,506.2233900933992,1.0986261135122428,0.0021116855554282666,3.8271008094927916
turbo_lunar_lander_12d,12,ucb,constant,decay_uniform_grid_a2_3,106,82,30,0.695370905510547,0.8217899784924625,0.6161465472264199,0.11249245421494411,0.0,1.19895414698901,0.0,1.8055303849638502,0.8268278013450974,0.7017081447410178,0.7605134095090961,27.7,34.36666666666667,512.5682440585301,1.2501098941235493,0.002013776823878288,3.6753455709200353
turbo_lunar_lander_12d,12,ucb,constant,decay_uniform_grid_a2_3,107,83,30,0.6343004314791129,0.7073610083433673,0.5910674830250863,0.10791366448688054,0.0,1.0938477432517366,0.0,1.648824989129647,0.8267241653905547,0.701473990109534,0.7602220786960079,27.933333333333334,34.733333333333334,518.4526692680549,0.9925911106324444,0.0020098469220101835,3.6153767872136084
turbo_lunar_lander_12d,12,ucb,constant,decay_uniform_grid_a2_3,108,84,30,0.6745774658538922,0.7362337966431572,0.5801721633097287,0.10592446036043648,0.0,1.1013324432527973,0.0,1.7721563532651838,0.8265933718967762,0.7012039110127637,0.7599898863738341,28.133333333333333,35.166666666666664,524.9776957449814,1.1288988410960883,0.0020635108618686595,3.8244317369380343
turbo_lunar_lander_12d,12,ucb,constant,decay_uniform_grid_a2_3,109,85,30,0.6651059446546157,0.7269150399959884,0.579215363564408,0.10574977342592738,0.0,1.0458872446582819,0.0,1.7839382491676137,0.8414545093730514,0.7226800966355864,0.7790671693291142,28.566666666666666,35.6,530.7955807403662,0.9403678132841985,0.02630568587531646,3.862861199832211
turbo_lunar_lander_12d,12,ucb,constant,decay_uniform_grid_a2_3,11,0,30,2.2039395465044658,2.2537721007319247,0.40585783873010195,0.07409916447092356,1.9774190634865962,2.5267119990292883,1.0662318150143433,2.775831557357914,0.9974193191914803,0.9770600576717418,0.9914932065434111,0.0,0.0,29.99513508294088,0.0,0.001380685499558846,2.4960166421408454
turbo_lunar_lander_12d,12,ucb,constant,decay_uniform_grid_a2_3,110,86,30,0.6401332310053669,0.6887879070245793,0.5776812011030356,0.10546967496360361,0.0,1.0454826422269372,0.0,1.8130299996969501,0.8413041987251728,0.7224598057254962,0.7788672732217319,28.7,36.1,537.6735892327192,1.288914061182489,0.0021401049569249155,3.8485625964899857
turbo_lunar_lander_12d,12,ucb,constant,decay_uniform_grid_a2_3,111,87,30,0.6015221274993063,0.6552483037647452,0.5992396612221071,0.10940569326770061,0.0,1.0385881841886595,0.0,1.865387375510749,0.8411821017331768,0.7221071496184245,0.7785166976680595,28.966666666666665,36.43333333333333,543.7389248314314,1.0610601561764876,0.0021055000834167004,3.7566011652195206
turbo_lunar_lander_12d,12,ucb,constant,decay_uniform_grid_a2_3,112,88,30,0.593455667287349,0.5963839386029274,0.6273461852467636,0.11453721900815568,0.0,1.046322086259567,0.0,1.8515421255120248,0.8410519098774025,0.7218256995347193,0.7783490009251268,29.3,36.96666666666667,549.6514641449165,0.9171894430338094,0.0020764256827533246,3.743872312968597
turbo_lunar_lander_12d,12,ucb,constant,decay_uniform_grid_a2_3,113,89,30,0.6326640038845736,0.6411227920444068,0.635611088173939,0.1160461769310905,0.0,1.1570783535693518,0.0,1.850787400767959,0.8410197061253092,0.7217051434955872,0.7782325722825704,29.366666666666667,37.36666666666667,556.2308059235258,1.261739808988447,0.0020918807946145534,3.557602202597385
turbo_lunar_lander_12d,12,ucb,constant,decay_uniform_grid_a2_3,114,90,30,0.6107832571354312,0.6446377106956453,0.6184100497436819,0.11290571134416881,0.0,1.1025327250207533,0.0,1.8117773178103753,0.8530131488182611,0.7425583102009407,0.7949175732572128,29.533333333333335,37.53333333333333,562.3870604262687,1.0546313698558758,0.025218309213717777,3.4641625867380452
turbo_lunar_lander_12d,12,ucb,constant,decay_uniform_grid_a2_3,115,91,30,0.6271115201480822,0.6716564454134896,0.6195058404014241,0.11310577443135175,0.0,1.0171572775216204,0.0,1.8222115287066596,0.8529425725042857,0.7422775031182802,0.7946689433916013,29.733333333333334,37.833333333333336,568.3535782305369,0.9885906223518153,0.00210609983963271,3.537633216334507
turbo_lunar_lander_12d,12,ucb,constant,decay_uniform_grid_a2_3,116,92,30,0.5739721610984793,0.5981573130815077,0.5869826630830831,0.10716788181168652,0.0,0.9562654619821991,0.0,1.8117773178103753,0.8528057732822365,0.741986966886505,0.7944482643480894,30.0,38.3,574.4298771078232,1.1142659863922746,0.0020675173960626124,3.481463091975699
turbo_lunar_lander_12d,12,ucb,constant,decay_uniform_grid_a2_3,117,93,30,0.5805394965813419,0.5571191532599711,0.5909413045737073,0.1078906275588501,0.0,1.0290081447395036,0.0,1.8054517604137905,0.8525802694655591,0.7417732550911111,0.7943130752285439,30.2,38.766666666666666,580.3473840958284,1.0514197005114208,0.0020451921814431747,3.4837805756988627
turbo_lunar_lander_12d,12,ucb,constant,decay_uniform_grid_a2_3,118,94,30,0.57206056799898,0.5994226696107472,0.5828247300922519,0.10640875058112878,0.0,1.027593377765414,0.0,1.797665578770517,0.8525564529360842,0.7415217944649447,0.7941910674605848,30.5,39.13333333333333,586.0530832513546,0.9708396567652623,0.0021403770117710036,3.4842198113600413
turbo_lunar_lander_12d,12,ucb,constant,decay_uniform_grid_a2_3,119,95,30,0.5500354260336955,0.5682620025332313,0.5772032942500555,0.10538242150901576,0.0,0.9522748368647542,0.0,1.73746580863375,0.8520176365467561,0.7404686166553218,0.7934062372098237,30.8,39.6,591.8660348741648,0.8816500996084263,0.02769835541645686,3.5418550097694
turbo_lunar_lander_12d,12,ucb,constant,decay_uniform_grid_a2_3,12,0,30,2.2106593718795478,2.2407115330443084,0.3965547873468668,0.07240066743884772,1.988724447039785,2.5380856481454894,1.0907761306781327,2.776769492091669,0.9971768750965188,0.9755870863831688,0.9906783619358783,0.0,0.0,33.016423481159535,0.0,0.0015075052622705698,2.6433038589699813
turbo_lunar_lander_12d,12,ucb,constant,decay_uniform_grid_a2_3,120,96,30,0.544137781597815,0.43417225423762884,0.5844831453179133,0.10671153439073039,0.0,1.0686738356988252,0.0,1.7278436943646036,0.8518928108401391,0.740234282562858,0.793175802830481,30.966666666666665,40.06666666666667,597.771337029788,1.0602864177897573,0.0022036711840579906,3.4502106389651694
turbo_lunar_lander_12d,12,ucb,constant,decay_uniform_grid_a2_3,121,97,30,0.5310331330612138,0.4383735463831885,0.5983539580854773,0.10924398673863886,0.0,1.0120919626101228,0.0,1.8219381639190442,0.8514805104110471,0.7399418755583872,0.7928773830893013,31.266666666666666,40.4,603.4656022962804,0.976561713948225,0.002160811377689242,3.5281680913021165
turbo_lunar_lander_12d,12,ucb,constant,decay_uniform_grid_a2_3,122,98,30,0.5952266291660686,0.46765364944680077,0.6751670735133939,0.12326807874934487,0.0,1.0382048228823757,0.0,2.2286649240044234,0.8514139055136624,0.739806998178927,0.7928071975638455,31.4,40.7,609.5550207935895,1.1951590603683144,0.0022020526540776093,3.5077847050192457
turbo_lunar_lander_12d,12,ucb,constant,decay_uniform_grid_a2_3,123,99,30,0.5514484001821399,0.40431592653843673,0.6611778144542819,0.12071400116619183,0.0,0.938304465584024,0.0,2.4728128560905196,0.8512214954029491,0.7396269235376014,0.7925806169602339,31.633333333333333,40.93333333333333,615.7092578022431,0.9547572305891663,0.002159513859078288,3.5875783518267172
turbo_lunar_lander_12d,12,ucb,constant,decay_uniform_grid_a2_3,124,100,30,0.5628512132283251,0.3480656332491242,0.6735380202361464,0.12297065567356948,0.0,0.9089112116371145,0.0,2.4691334066856525,0.8558211634054843,0.7434738909956027,0.7971002179303653,31.866666666666667,41.333333333333336,621.6933579174646,0.9934310216301431,0.032675741628433265,3.6172713077316683
turbo_lunar_lander_12d,12,ucb,constant,decay_uniform_grid_a2_3,125,101,30,0.5427180579093296,0.40219829347853675,0.6451021246210474,0.11777899518315216,0.0,0.9634604968231062,0.0,2.361700685598075,0.8556010425360786,0.7432627039860239,0.7969166401852135,32.166666666666664,41.733333333333334,627.6477970005944,0.8950937908763686,0.0021952136730154356,3.5517213290557264
turbo_lunar_lander_12d,12,ucb,constant,decay_uniform_grid_a2_3,126,102,30,0.5202959484990831,0.2915846576873101,0.5933005440161451,0.10832136377924312,0.0,0.9523935057357935,0.0,1.8063877577516325,0.8552026328494473,0.743019374508892,0.7967118857476808,32.36666666666667,42.1,633.2784044016308,0.9800766446006794,0.0020709535572677852,3.343885411617036
turbo_lunar_lander_12d,12,ucb,constant,decay_uniform_grid_a2_3,127,103,30,0.534400881714681,0.31387924102939835,0.6284268980075155,0.11473452926057152,0.0,0.9899808247760499,0.0,1.9390280507627673,0.8550366910218888,0.7427741212521428,0.7964594709699075,32.63333333333333,42.43333333333333,638.9435747257434,0.8506846801843494,0.0022281186189502477,3.4544087976838154
turbo_lunar_lander_12d,12,ucb,constant,decay_uniform_grid_a2_3,128,104,30,0.5605347020131024,0.5102603526434157,0.6236172123316456,0.11385640481417704,0.0,0.9952060417710928,0.0,1.9337982317259979,0.8549172500300244,0.742616592408066,0.7962934939698185,32.8,42.86666666666667,644.6409351076776,1.0077429566377154,0.002199880592525005,3.3216641771917543
turbo_lunar_lander_12d,12,ucb,constant,decay_uniform_grid_a2_3,129,105,30,0.5404748855309102,0.4498803017313511,0.6083777530904232,0.11107407295064435,0.0,0.9267240769909785,0.0,1.7874786550654678,0.8533725183114075,0.7391890235952897,0.7938128221341646,33.1,43.266666666666666,650.2461494047195,0.8864840328382949,0.033352399322514735,3.372995629068464
turbo_lunar_lander_12d,12,ucb,constant,decay_uniform_grid_a2_3,13,0,30,2.1624211766836634,2.169847667959323,0.4000469610745641,0.07303824821397663,1.8748445000298197,2.4402882454317654,1.1087561383423163,2.7763907585551406,0.997077015008267,0.9742330654319203,0.9901181193354852,0.0,0.0,35.99821306734035,0.0,0.001508524858703216,2.609085050007949
turbo_lunar_lander_12d,12,ucb,constant,decay_uniform_grid_a2_3,130,106,30,0.5329646429638336,0.45757310710107235,0.6194292589498029,0.11309179263517195,0.0,0.8633514690536377,0.0,1.8992056935957067,0.8533112126218257,0.7389830485901865,0.7936655803618918,33.333333333333336,43.6,656.1333721339392,1.016302749266227,0.0022467574570328,3.3581218833103774
turbo_lunar_lander_12d,12,ucb,constant,decay_uniform_grid_a2_3,131,107,30,0.5429568618341807,0.45471835603248867,0.6369719102990384,0.11629462792264686,0.0,0.9121328930680419,0.0,1.897969105449248,0.8530225340046679,0.7387991521158033,0.793530688980201,33.53333333333333,43.96666666666667,661.8064982858486,1.0297401029461375,0.002285283012315631,3.4321261861827224
turbo_lunar_lander_12d,12,ucb,constant,decay_uniform_grid_a2_3,132,108,30,0.5309549941943471,0.47577595725424837,0.621182119215778,0.11341181967111498,0.0,0.8214101183847196,0.0,1.862797109866787,0.8529635958882554,0.7386685303677882,0.7934267512999642,33.666666666666664,44.233333333333334,667.903134686919,1.1174409106529006,0.002271781008069714,3.505348737894868
turbo_lunar_lander_12d,12,ucb,constant,decay_uniform_grid_a2_3,133,109,30,0.5357011618925079,0.42381533915813363,0.6246521370680559,0.11404535535532771,0.0,0.8351333789579964,0.0,1.9712396229193971,0.8529228189413172,0.7385158461481919,0.7933641165952976,33.8,44.5,673.8932366461028,1.1172963112127037,0.0022499490374078353,3.417528506446009
turbo_lunar_lander_12d,12,ucb,constant,decay_uniform_grid_a2_3,134,110,30,0.5267074091907213,0.45841459607600654,0.5895699749256031,0.10764025816483601,0.0,0.8697286272900951,0.0,1.803490783352488,0.8548884013139346,0.7417194992841456,0.7958856339925985,34.06666666666667,44.9,679.4348887713161,0.829557693330571,0.03803066316371163,3.5395413383841516
turbo_lunar_lander_12d,12,ucb,constant,decay_uniform_grid_a2_3,135,111,30,0.5246641272771605,0.48105316721226676,0.5742061407978547,0.10483521865765749,0.0,0.8799812800064407,0.0,1.7366756398979453,0.8546928916221265,0.7415227215809229,0.7955063529622574,34.266666666666666,45.233333333333334,685.1615071793708,0.9508070145888875,0.0022576188979049525,3.4665427790644268
turbo_lunar_lander_12d,12,ucb,constant,decay_uniform_grid_a2_3,136,112,30,0.5000400434462059,0.42003417767323625,0.567403811696922,0.1035932889602726,0.0,0.8069057133174105,0.0,1.7217007835587737,0.8546768317266913,0.7413318773000129,0.7954012588703189,34.43333333333333,45.6,691.3283035662646,1.0309101867179076,0.0023419590511669715,3.6057551266470305
turbo_lunar_lander_12d,12,ucb,constant,decay_uniform_grid_a2_3,137,113,30,0.5116052826128769,0.4200337944222706,0.5743485990075851,0.10486122784931454,0.0,0.9444672025588672,0.0,1.7211119864434368,0.8540753940244029,0.7411421821044585,0.7952613231393032,34.63333333333333,45.96666666666667,697.3473894264393,0.9211797379888594,0.002299720685308178,3.369361368768538
turbo_lunar_lander_12d,12,ucb,constant,decay_uniform_grid_a2_3,138,114,30,0.48776279984538934,0.3250816731558631,0.5638177033911865,0.10293855815603661,0.0,0.8237102554722506,0.0,1.7211119864434368,0.8539917368967345,0.7408792307196223,0.795025126498487,34.9,46.233333333333334,703.0777171401772,0.843396637076512,0.002276002305249373,3.5091903863629947
turbo_lunar_lander_12d,12,ucb,constant,decay_uniform_grid_a2_3,139,115,30,0.49693736275050215,0.39974190194897363,0.55711451341574,0.10171472870377177,0.0,0.878388050116818,0.0,1.6930477717599297,0.8563052187319748,0.742899524657381,0.7971905854689677,35.166666666666664,46.63333333333333,708.8206542421598,0.8300372480414808,0.038085540554796654,3.6884962456145636
turbo_lunar_lander_12d,12,ucb,constant,decay_uniform_grid_a2_3,14,0,30,2.154786439057285,2.1409700023643303,0.3714147224807916,0.06781074056408357,1.8546720315916845,2.392664409051791,1.3656806381213453,2.779667657065398,0.9966224269695563,0.9727196180071898,0.9893869242909837,0.0,0.0,39.044681052615246,0.0,0.001523788490643104,2.6427033964544533
turbo_lunar_lander_12d,12,ucb,constant,decay_uniform_grid_a2_3,140,116,30,0.4948408769844183,0.36346366448779355,0.5641078947380851,0.102991539604933,0.0,0.8670011557645303,0.0,1.7545602066051484,0.8560148000993341,0.7427017413955421,0.7970070202819758,35.333333333333336,47.0,715.2271400446538,1.0082717039622366,0.002606743775929014,3.88856617033792
turbo_lunar_lander_12d,12,ucb,constant,decay_uniform_grid_a2_3,141,117,30,0.4851893723035926,0.36646824757696017,0.5665399451975958,0.10343556923748794,0.0,0.7790360557591747,0.0,1.765360095797985,0.8558203442053757,0.7425234925929511,0.7968465181351931,35.53333333333333,47.3,721.4282915459324,1.1623197876072178,0.0025739926844835282,3.7395752266359827
turbo_lunar_lander_12d,12,ucb,constant,decay_uniform_grid_a2_3,142,118,30,0.4974591900908234,0.35611163253483535,0.579100267208941,0.10572875980253542,0.0,0.782788891519925,0.0,1.9657897454642483,0.855720172373752,0.7422746591470322,0.7966132038472333,35.733333333333334,47.63333333333333,727.6096338095764,0.9541221715820333,0.002486859898393353,3.6031005014354984
turbo_lunar_lander_12d,12,ucb,constant,decay_uniform_grid_a2_3,143,119,30,0.5203844396626706,0.34283476676085245,0.5937865123032643,0.10841008904360556,0.0,0.9616076489596752,0.0,1.8842185792256863,0.8556831296311135,0.7420801644239869,0.7964140771399025,35.86666666666667,47.9,733.776937672294,1.041176505573094,0.002414864922563235,3.581975433276966
turbo_lunar_lander_12d,12,ucb,constant,decay_uniform_grid_a2_3,144,120,30,0.4776243576402184,0.3079484315632328,0.536139770116638,0.09788528202283894,0.0,0.8741289504623251,0.0,1.8348486430268134,0.8567930982832307,0.7424668671265777,0.7971415206712841,35.93333333333333,48.03333333333333,740.1412245373086,1.0573265026013057,0.04155027292047938,3.623391320090741
turbo_lunar_lander_12d,12,ucb,constant,decay_uniform_grid_a2_3,145,121,30,0.4876050148394293,0.4182831152464861,0.5383465023065184,0.09828817435576234,0.0,0.8662745278788768,0.0,1.8667526858467818,0.8567704167434048,0.7423422303375263,0.7970509143920081,36.1,48.13333333333333,746.3658550751085,0.9785664913554987,0.002461204243203004,3.695848352306833
turbo_lunar_lander_12d,12,ucb,constant,decay_uniform_grid_a2_3,146,122,30,0.47667126694434947,0.41819509574847413,0.5332740772921247,0.09736208048855007,0.0,0.8671343964580862,0.0,1.8443071761392333,0.856678901229268,0.7421420106308717,0.7968722781675358,36.266666666666666,48.4,752.3126292788269,0.9934859182064731,0.0025573570591708025,3.556226696399972
turbo_lunar_lander_12d,12,ucb,constant,decay_uniform_grid_a2_3,147,123,30,0.4666022966705909,0.4632404669865089,0.5142126737654368,0.09388196025879156,0.0,0.7826511808938391,0.0,1.8214984189013932,0.8566708472908099,0.7420529405624458,0.7967976603066085,36.333333333333336,48.56666666666667,758.8207049451147,1.127764088831221,0.0027163823445638022,3.694708609410251
turbo_lunar_lander_12d,12,ucb,constant,decay_uniform_grid_a2_3,148,124,30,0.49357342171277246,0.47254712631577633,0.5330061922459839,0.09731317159435351,0.0,0.9326727215690345,0.0,1.7839580985368826,0.8563237458744728,0.7418576921746298,0.7965788562856334,36.53333333333333,48.833333333333336,764.5756642499473,0.942065880416582,0.002455822130044301,3.3969233649472397
turbo_lunar_lander_12d,12,ucb,constant,decay_uniform_grid_a2_3,149,125,30,0.4501073478523566,0.09288064997358692,0.5347552752620998,0.09763250900197878,0.0,0.9747609348314553,0.0,1.5992853445194797,0.855385216846971,0.7425112593905165,0.796214975851422,36.63333333333333,49.13333333333333,770.7214528204407,1.0899755906779318,0.044365531951189044,3.3863143920587997
turbo_lunar_lander_12d,12,ucb,constant,decay_uniform_grid_a2_3,15,0,30,2.1347991880220576,2.1185131199386142,0.37296349748131596,0.06809350689884598,1.8408286933968911,2.307423651628433,1.290156542048358,2.78755737563226,0.9963141373461718,0.9712580647761323,0.9886452928854991,0.0,0.0,42.02509350256684,0.0,0.001478713471442461,2.5400368781139453
turbo_lunar_lander_12d,12,ucb,constant,decay_uniform_grid_a2_3,150,126,30,0.46796064802207105,0.0838412415047175,0.5502194387822116,0.10045586606628337,0.0,0.8315750032070099,0.0,1.5418443006270819,0.8552900699563746,0.7423631203618588,0.7961097746364242,36.8,49.266666666666666,776.5446953216567,0.9234827279423674,0.0025722525858630735,3.4676181955573457
turbo_lunar_lander_12d,12,ucb,constant,decay_uniform_grid_a2_3,151,127,30,0.41794327025988065,0.062131287475655994,0.4967228755126481,0.09068877458236929,0.0,0.7508723453250564,0.0,1.4552138128879821,0.8552303716355117,0.7421419713706974,0.7959543431714767,37.03333333333333,49.666666666666664,782.3293688155866,0.9295375833287836,0.0025265954745312532,3.472509890049696
turbo_lunar_lander_12d,12,ucb,constant,decay_uniform_grid_a2_3,152,128,30,0.4872677458950238,0.30540024892126316,0.540884561146435,0.0987515583820616,0.0,0.988424603785488,0.0,1.4692574172288355,0.8551538345267177,0.7420097945490675,0.7958831645528782,37.166666666666664,49.96666666666667,788.4094569210584,1.000287738473465,0.0025837921847899755,3.577924394638588
turbo_lunar_lander_12d,12,ucb,constant,decay_uniform_grid_a2_3,153,129,30,0.4683825810658414,0.39960222002808066,0.5137572612717569,0.09379881369353885,0.0,0.8660290925453449,0.0,1.4509117511252265,0.855091393098538,0.7418099716718884,0.7957212615585044,37.46666666666667,50.333333333333336,794.4193951173064,0.8584844483683507,0.002696592810874184,3.6733432572179785
turbo_lunar_lander_12d,12,ucb,constant,decay_uniform_grid_a2_3,154,130,30,0.41970935496316625,0.21922812530267644,0.4845398458605862,0.08846446786263974,0.0,0.7403612650457465,0.0,1.4032009005674762,0.860332577586614,0.7490999566815265,0.802671002711915,37.666666666666664,50.833333333333336,800.4897662197706,0.943870578147471,0.045434382480258745,3.586048219399527
turbo_lunar_lander_12d,12,ucb,constant,decay_uniform_grid_a2_3,155,131,30,0.4323692171643678,0.20157337175499623,0.500100314336469,0.09130540772583609,0.0,0.8298074914022551,0.0,1.4305439638904403,0.8600499341824539,0.7489017187837168,0.8024760336001348,37.8,51.1,806.5283186327821,0.980665907341366,0.002726079182078441,3.601649071710805
turbo_lunar_lander_12d,12,ucb,constant,decay_uniform_grid_a2_3,156,132,30,0.4297397355460858,0.18070742869216827,0.48776418592417564,0.08905314912460494,0.0,0.7695104827347965,0.0,1.3342919690693498,0.8596695555013066,0.7486568327833363,0.8022759701818247,38.06666666666667,51.3,812.5081235084527,0.8891557245204846,0.0028225297573953867,3.5954688452649863
turbo_lunar_lander_12d,12,ucb,constant,decay_uniform_grid_a2_3,157,133,30,0.4503158602558192,0.11404609287819367,0.5136215539453024,0.09377403703889955,0.0,0.8928406240787314,0.0,1.421369069654387,0.8596248915299025,0.7485049576510806,0.8020527196407724,38.266666666666666,51.56666666666667,818.7501431485794,0.9441374532257517,0.0029185012293358645,3.537274632199357
turbo_lunar_lander_12d,12,ucb,constant,decay_uniform_grid_a2_3,158,134,30,0.44284326337773666,0.17666834123725605,0.5249715297684392,0.09584624963405632,0.0,0.776197261397996,0.0,1.9234214795174855,0.8595731613676482,0.7483818663759262,0.8018740961575163,38.46666666666667,51.9,824.8815129048502,0.9032493180129677,0.002702132177849611,3.7118193880499653
turbo_lunar_lander_12d,12,ucb,constant,decay_uniform_grid_a2_3,159,135,30,0.46176194567470996,0.15017536305206047,0.5561288831311633,0.10153477805703079,0.0,0.7975113652687276,0.0,1.916658029349054,0.8694112942605071,0.7569430071001936,0.8113631747115473,38.666666666666664,52.3,831.1347109328024,0.9626669989122699,0.048823845386505124,3.7128815482370556
turbo_lunar_lander_12d,12,ucb,constant,decay_uniform_grid_a2_3,16,0,30,2.1075148702959936,2.11749211157533,0.366120683037318,0.0668441856229127,1.881068205428724,2.2893746555309353,1.135735755309334,2.832314316644396,0.9960433785475872,0.9700005941429422,0.9879774141683791,0.0,0.0,45.04675372219644,0.0,0.0015288613426188628,2.625695155436794
turbo_lunar_lander_12d,12,ucb,constant,decay_uniform_grid_a2_3,160,136,30,0.4405631197825842,0.11404609287819367,0.5304855186790817,0.09685296167012039,0.0,0.898772060153053,0.0,1.916658029349054,0.8693991247677763,0.7568753845329776,0.8113127478084261,38.733333333333334,52.43333333333333,837.7811930677698,1.0553421097652367,0.002894023759290576,3.851769451595222
turbo_lunar_lander_12d,12,ucb,constant,decay_uniform_grid_a2_3,161,137,30,0.40914871177573636,0.11789825990388902,0.4901711169796564,0.08949259260242044,0.0,0.7674769108716497,0.0,1.7032998747832075,0.8691745940887022,0.7567023660880837,0.8110420836277182,38.9,52.666666666666664,844.2798034466027,0.9947482990721862,0.002667731341595451,3.957752758373196
turbo_lunar_lander_12d,12,ucb,constant,decay_uniform_grid_a2_3,162,138,30,0.4661286956460086,0.26740291382308834,0.5395162686543599,0.09850174349433675,0.0,0.8270958803223263,0.0,1.791068313815534,0.8691252181803703,0.7565478683946724,0.8109165599373287,39.06666666666667,52.93333333333333,850.6718720073501,0.9320211604082336,0.002713384091233214,3.832948655448854
turbo_lunar_lander_12d,12,ucb,constant,decay_uniform_grid_a2_3,163,139,30,0.4289917088199366,0.1673688324882674,0.506385180882674,0.09245286211859145,0.0,0.8433446342330877,0.0,1.791068313815534,0.8690952884314246,0.7563625475985969,0.8107142875318676,39.266666666666666,53.3,856.9733008984476,0.873008080944419,0.002838477523376544,3.7646978923430043
turbo_lunar_lander_12d,12,ucb,constant,decay_uniform_grid_a2_3,164,140,30,0.40461298044794153,0.07184713732668369,0.49591710185563265,0.09054166111297236,0.0,0.813416062299567,0.0,1.5469327511671036,0.8725032095429538,0.7611567793515814,0.8150311887732749,39.36666666666667,53.53333333333333,863.2267174224214,1.0416742130337904,0.04874012321233749,3.7036886915564535
turbo_lunar_lander_12d,12,ucb,constant,decay_uniform_grid_a2_3,165,141,30,0.36565794950830294,0.0,0.4377902500216901,0.0799291984642354,0.0,0.6723405114542014,0.0,1.2345656546104147,0.8724758278793402,0.7610648046331305,0.8149677768256237,39.53333333333333,53.8,869.712058782919,0.9991673591236273,0.002740125296016534,3.7950587534966567
turbo_lunar_lander_12d,12,ucb,constant,decay_uniform_grid_a2_3,166,142,30,0.3486937293921747,0.0,0.4231978084862787,0.07726499533156202,0.0,0.6681536347792623,0.0,1.2095873046608119,0.8722802102156886,0.7608946389147001,0.8148301918646188,39.8,54.233333333333334,875.5034690466554,0.7252109940939894,0.0028012376744300125,3.7387046079772213
turbo_lunar_lander_12d,12,ucb,constant,decay_uniform_grid_a2_3,167,143,30,0.36170631737912456,0.16436140926546183,0.42401931095903583,0.07741498047668714,0.0,0.7069824913178402,0.0,1.283250117270466,0.872190663130663,0.7607676584251153,0.8147540957856124,39.93333333333333,54.5,881.6332938821675,0.9866116947494448,0.002719782510151466,3.484574749196569
turbo_lunar_lander_12d,12,ucb,constant,decay_uniform_grid_a2_3,168,144,30,0.4060922766236118,0.186178389575836,0.4763421756897619,0.08696778490545719,0.0,0.8132691691076356,0.0,1.4550253140540979,0.8721229887365683,0.7605911921927435,0.8145193327038992,40.13333333333333,54.766666666666666,887.2250065400575,0.8473636652498195,0.0026582406833767893,3.426940355092908
turbo_lunar_lander_12d,12,ucb,constant,decay_uniform_grid_a2_3,169,145,30,0.4064549885684435,0.029907958207616603,0.4899626932900605,0.08945453981698374,0.0,0.8087397634657212,0.0,1.4111770547201306,0.8715718646082358,0.7633006275382331,0.815282628813798,40.4,55.1,893.2589646784899,0.8426175929140299,0.05452614825529357,3.6681911231018605
turbo_lunar_lander_12d,12,ucb,constant,decay_uniform_grid_a2_3,17,0,30,2.099757838105531,2.110022740220339,0.3828710086523443,0.0699023626845482,1.873366464527005,2.3150564028909124,1.0023537683350885,2.8299922076114465,0.9959122692309682,0.9688942266809756,0.9873643256895525,0.0,0.0,48.0783768225306,0.0,0.0015077399245152872,2.6455257846508173
turbo_lunar_lander_12d,12,ucb,constant,decay_uniform_grid_a2_3,170,146,30,0.4128108115465031,0.0,0.4951723522122689,0.09040568905318427,0.0,0.8341693489741859,0.0,1.5315726346700034,0.8714657700576012,0.7630679731563738,0.8151424749827689,40.7,55.53333333333333,899.4201784054593,0.8376783888942252,0.0029719596728682517,3.72312439365002
turbo_lunar_lander_12d,12,ucb,constant,decay_uniform_grid_a2_3,171,147,30,0.3861867453413586,0.026653787107928206,0.4633502986302732,0.0845958035288519,0.0,0.7698696939409116,0.0,1.2859192374985364,0.8712164854057057,0.7628895449939387,0.8149201839761512,40.86666666666667,56.0,905.302405610929,0.9129514880633602,0.002806166047230363,3.517685292692234
turbo_lunar_lander_12d,12,ucb,constant,decay_uniform_grid_a2_3,172,148,30,0.3982967535901025,0.02993700647030162,0.4746062199816524,0.08665084420540338,0.0,0.8329846258393285,0.0,1.2936662749412067,0.871092735390498,0.762738950457273,0.8147862445109565,41.0,56.233333333333334,911.364424682005,0.9483276633545756,0.0028660370036959646,3.6612737192151448
turbo_lunar_lander_12d,12,ucb,constant,decay_uniform_grid_a2_3,173,149,30,0.3856046811877807,0.0067423425943979876,0.463498447347543,0.08462285166028993,0.0,0.8248358673361588,0.0,1.3131918448138757,0.8710892834782736,0.7626825160404923,0.8146932285904072,41.06666666666667,56.43333333333333,917.9997473158563,1.0079852756112815,0.0032416663287828367,3.8006406961785006
turbo_lunar_lander_12d,12,ucb,constant,decay_uniform_grid_a2_3,174,150,30,0.36066259598365136,0.07624131722745142,0.42802414404306577,0.0781461596164092,0.0,0.8054484734924989,0.0,1.0887550688062912,0.869569670527456,0.7597538631188091,0.8123653987150902,41.3,56.733333333333334,923.9023863229435,0.8578125919836262,0.055823714720706144,3.6052099039622894
turbo_lunar_lander_12d,12,ucb,constant,decay_uniform_grid_a2_3,175,151,30,0.3669129913211452,0.0,0.4578634208603369,0.08359404128722932,0.0,0.7779771434029458,0.0,1.229052947393749,0.8692504254896746,0.7595542098718602,0.812152181016624,41.53333333333333,57.06666666666667,929.6951847932612,0.8062727186984072,0.002863001311197877,3.528807223153611
turbo_lunar_lander_12d,12,ucb,constant,decay_uniform_grid_a2_3,176,152,30,0.35807218225044507,0.04483106375898405,0.430696890176173,0.07863413406560504,0.0,0.7000585309388117,0.0,1.189401479709666,0.8692294706941145,0.7593579322163635,0.8119851740790653,41.766666666666666,57.333333333333336,935.5975791640114,0.8973968348155419,0.00302131410377721,3.6725735490831237
turbo_lunar_lander_12d,12,ucb,constant,decay_uniform_grid_a2_3,177,153,30,0.3676106454890618,0.005219032240774135,0.4403978488782718,0.08040527870246023,0.0,0.7718925406844015,0.0,1.2476065791990372,0.8691983566074019,0.7592195385745103,0.8118763456672927,41.9,57.63333333333333,941.7611051715445,0.926837358965228,0.002948734148715933,3.7213771468804526
turbo_lunar_lander_12d,12,ucb,constant,decay_uniform_grid_a2_3,178,154,30,0.3656917535793325,0.005219032240774135,0.441836944569854,0.08066802042668958,0.0,0.7730565405256058,0.0,1.2154479842164458,0.8689647193899891,0.7590992398137134,0.8117693083354547,42.1,57.96666666666667,947.8851998133119,0.8883406017441302,0.0029996578736851613,3.6256965975587567
turbo_lunar_lander_12d,12,ucb,constant,decay_uniform_grid_a2_3,179,155,30,0.3684188291825798,0.0033939970784505613,0.4382760949389337,0.08001790120444326,0.0,0.8316734498090306,0.0,1.1229133677446916,0.8672470313259364,0.7559722652445503,0.809290819628513,42.36666666666667,58.233333333333334,953.5228680324896,0.7537501179302732,0.06204879437573254,3.556204093946144
turbo_lunar_lander_12d,12,ucb,constant,decay_uniform_grid_a2_3,18,0,30,2.0920062495202365,2.111017479782991,0.33864160291830364,0.0618272149426874,1.8708896179771348,2.3034307913698533,1.2088720059724667,2.759462209735169,0.9957094485013225,0.9675855483758339,0.9866311169886459,0.0,0.0,51.063166849237554,0.0,0.0014381623826920987,2.5506507305428388
turbo_lunar_lander_12d,12,ucb,constant,decay_uniform_grid_a2_3,180,156,30,0.3712831748463073,0.0033571917742359902,0.45181917179534903,0.08249051743520486,0.0,0.7971176131409975,0.0,1.1965339318361599,0.8672290778459606,0.7558647760997104,0.8091806190267568,42.53333333333333,58.46666666666667,959.3444225383768,0.8465283071311812,0.002965067466720939,3.4975374192309876
turbo_lunar_lander_12d,12,ucb,constant,decay_uniform_grid_a2_3,181,157,30,0.34955835034386895,0.0033571917742359902,0.4238665146478669,0.07738708381457687,0.0,0.7025466654290742,0.0,1.258118662603426,0.8672111304747651,0.7557979237777993,0.8091233134112692,42.63333333333333,58.6,965.2940932204637,0.8838057233951986,0.0031914851473023496,3.581326287581275
turbo_lunar_lander_12d,12,ucb,constant,decay_uniform_grid_a2_3,182,158,30,0.3559907484443652,0.0,0.41366264164069105,0.07552412000792744,0.0,0.7584855868170733,0.0,1.0641669771912166,0.8672062993548284,0.755726827185572,0.809010553426609,42.733333333333334,58.8,971.4526635353143,1.0207987452701976,0.0030209155442814033,3.559321940767889
turbo_lunar_lander_12d,12,ucb,constant,decay_uniform_grid_a2_3,183,159,30,0.3631921098160085,0.050880887178699874,0.44504730018058636,0.08125414848856004,0.0,0.7404978435028654,0.0,1.2532539617904628,0.867181461515312,0.755506917708553,0.8088046507098611,42.93333333333333,59.03333333333333,977.1508270595533,0.8517026695267608,0.0029859761086603004,3.4328090860818823
turbo_lunar_lander_12d,12,ucb,constant,decay_uniform_grid_a2_3,184,160,30,0.35636935686943,0.10385805899148859,0.4260348713465738,0.07778296977344328,0.0,0.6984941206208226,0.0,1.207741390760202,0.8658947520732561,0.7529502021469316,0.8068193755814452,43.1,59.333333333333336,982.8764435032693,0.841981211071834,0.060717268055304884,3.421303906912605
turbo_lunar_lander_12d,12,ucb,constant,decay_uniform_grid_a2_3,185,161,30,0.36498973730656087,0.11313259163646994,0.43538498096303674,0.07949005842413752,0.0,0.7981792682573221,0.0,1.1416248489782315,0.8658434019341302,0.7528309363789957,0.8066999628669872,43.2,59.53333333333333,989.0837766852695,0.9505972434921811,0.0030922531615942715,3.6519167824803542
turbo_lunar_lander_12d,12,ucb,constant,decay_uniform_grid_a2_3,186,162,30,0.36037372307837684,0.09378558208669363,0.4380884217383666,0.07998363692264665,0.0,0.7519215802531687,0.0,1.2254000409846069,0.865742663869725,0.7527495148808434,0.8066438985164873,43.266666666666666,59.7,995.46497100691,1.0308050516837588,0.003091889526695013,3.6682087576327223
turbo_lunar_lander_12d,12,ucb,constant,decay_uniform_grid_a2_3,187,163,30,0.36583905805912215,0.09378558208669363,0.4365706555272495,0.079706531992364,0.0,0.7151460163543071,0.0,1.2731065900499798,0.8657232178551304,0.7526727513781619,0.8065150284398539,43.36666666666667,59.86666666666667,1001.5748133020786,0.8903845507185906,0.0031168872956186533,3.547236992046237
turbo_lunar_lander_12d,12,ucb,constant,decay_uniform_grid_a2_3,188,164,30,0.34752776097670607,0.07882697359245039,0.41697624140536554,0.07612909778714612,0.0,0.6794035400481879,0.0,1.2196454700932913,0.8657035627341398,0.752543354011092,0.8064032175019574,43.56666666666667,60.1,1007.2933574653852,0.8261322048182289,0.0031430886903156836,3.529547856406619
turbo_lunar_lander_12d,12,ucb,constant,decay_uniform_grid_a2_3,189,165,30,0.36851198096624266,0.08465579673834855,0.4357314136098286,0.07955330808257222,0.0,0.7266397069992012,0.0,1.2886582541842762,0.8650466797619942,0.7520631630403306,0.8057432328005469,43.63333333333333,60.36666666666667,1013.29991824897,0.9585718431820472,0.06595602164355417,3.4477675430011003
turbo_lunar_lander_12d,12,ucb,constant,decay_uniform_grid_a2_3,19,0,30,2.0804840658667922,2.12933069587867,0.3391846870726449,0.061926368090006165,1.870570543226884,2.277441225842643,1.1501422677106037,2.7184779824824505,0.9955179886383606,0.9663557325210144,0.9860669594507968,0.0,0.0,54.06255987227584,0.0,0.0015165879701574644,2.6084736208586645
turbo_lunar_lander_12d,12,ucb,constant,decay_uniform_grid_a2_3,190,166,30,0.35905497251948026,0.0778694748821408,0.41212820107940495,0.07524397077173835,0.0,0.7109705819086876,0.0,1.1623661243792212,0.8650359137946736,0.7519734663257407,0.8056045094116216,43.7,60.5,1019.4383749501469,1.0117502194829284,0.0031181999482214453,3.512137492466718
turbo_lunar_lander_12d,12,ucb,constant,decay_uniform_grid_a2_3,191,167,30,0.3948347958581142,0.09378558208669363,0.4646702735679422,0.0848367968784195,0.0,0.7407850460515468,0.0,1.2222730765017664,0.865032561801727,0.751880508812342,0.8054893176513052,43.86666666666667,60.733333333333334,1025.4002445749472,0.8547829449021568,0.0033366209361702205,3.4956032073590904
turbo_lunar_lander_12d,12,ucb,constant,decay_uniform_grid_a2_3,192,168,30,0.38065862433725345,0.09378558208669363,0.4421731051113635,0.08072939466386554,0.0,0.8060275134928224,0.0,1.2152550467582248,0.8645834126775326,0.7516281950114686,0.8051471297278857,44.13333333333333,61.03333333333333,1030.975377374903,0.7710333614765356,0.0032561443435649077,3.536666979485502
turbo_lunar_lander_12d,12,ucb,constant,decay_uniform_grid_a2_3,193,169,30,0.3911894165830344,0.09602086747587224,0.4448718065804347,0.08122210788739309,0.0,0.7724448506926114,0.0,1.2282725871674312,0.8645028466824142,0.7514414322689931,0.8049782703980727,44.36666666666667,61.46666666666667,1036.470857189782,0.7759290405393888,0.002943131560459733,3.4477534311202667
turbo_lunar_lander_12d,12,ucb,constant,decay_uniform_grid_a2_3,194,170,30,0.36242182605740286,0.09378558208669363,0.4301704898222359,0.07853802694956169,0.0,0.7567406050032712,0.0,1.2250352908480155,0.8632381375897175,0.7487660968355471,0.8029792245989564,44.56666666666667,61.833333333333336,1042.1671235271574,0.8250199587860455,0.06320502061086396,3.4406386172709365
turbo_lunar_lander_12d,12,ucb,constant,decay_uniform_grid_a2_3,195,171,30,0.3635268454212447,0.058650542746031986,0.44308589081299093,0.08089604577018206,0.0,0.7040660459837687,0.0,1.2449619160765746,0.8632250226672314,0.7486551295221706,0.8028585068076254,44.7,62.1,1048.3510426956384,0.9680779880688836,0.0031100055823723477,3.558444291756799
turbo_lunar_lander_12d,12,ucb,constant,decay_uniform_grid_a2_3,196,172,30,0.3632285314061597,0.057568883066044796,0.4307187623727745,0.07863812736409198,0.0,0.702910824211525,0.0,1.1559731428254465,0.8630871211383242,0.7485146802821007,0.8027262872004827,44.86666666666667,62.4,1054.203452587764,0.860885958140716,0.0031079000482956568,3.4975347467387716
turbo_lunar_lander_12d,12,ucb,constant,decay_uniform_grid_a2_3,197,173,30,0.33310010928790823,0.09378558208669363,0.382763254250639,0.06988268951238671,0.0,0.6496377862142866,0.0,1.0657640898573266,0.8630765636130447,0.7483732265724823,0.8026262781661511,45.0,62.7,1059.9204860582947,0.8750310100770246,0.003057448317607244,3.3112885509151964
turbo_lunar_lander_12d,12,ucb,constant,decay_uniform_grid_a2_3,198,174,30,0.3368939388418527,0.09378558208669363,0.399046420561125,0.07285557534434049,0.0,0.6737216304801201,0.0,1.1213344930317688,0.8630749115385967,0.7483216794217725,0.8026004760142129,45.13333333333333,62.96666666666667,1065.9316821646566,0.9089163765932123,0.0029698084263751904,3.4232587556044263
turbo_lunar_lander_12d,12,ucb,constant,decay_uniform_grid_a2_3,199,175,30,0.37290251541865654,0.09378558208669363,0.44690820047747687,0.08159390084518504,0.0,0.7320957324946405,0.0,1.199581156697803,0.8608194090456792,0.7452499515192926,0.7997418711179486,45.266666666666666,63.166666666666664,1071.929191928388,0.9104474083520472,0.06653539097557465,3.443641088809818
turbo_lunar_lander_12d,12,ucb,constant,decay_uniform_grid_a2_3,2,0,30,2.885570233135184,2.8293080899717786,0.4982639284972421,0.09097013107636022,2.517399148613383,3.238257766184881,1.8437588878566724,3.9886089859838023,0.9996801932678034,0.9944561142072189,0.9987245304408059,0.0,0.0,3.5275797696163256,0.0,0.0014244239777326585,2.2030442900179574
turbo_lunar_lander_12d,12,ucb,constant,decay_uniform_grid_a2_3,20,0,30,2.061611883645981,2.104385787790042,0.34075255035328955,0.06221261945197055,1.8126988241714181,2.2639419317645997,1.110178421976981,2.7188176888560056,0.9951943940238099,0.9650347806448117,0.9853139315771867,0.0,0.0,57.092579408735034,0.0,0.0015122009596476953,2.6210817739212264
turbo_lunar_lander_12d,12,ucb,constant,decay_uniform_grid_a2_3,200,176,30,0.35026290030878937,0.08272540645324866,0.40899166158789624,0.07467131962773664,0.0,0.7142909875863203,0.0,1.1816915885872907,0.8608122915586924,0.7451233388616827,0.7995764399783721,45.4,63.43333333333333,1077.824096753557,0.876903007676204,0.003044905932620168,3.509651626786217
turbo_lunar_lander_12d,12,ucb,constant,decay_uniform_grid_a2_3,201,177,30,0.33808927014160967,0.09378558208669363,0.4135614785961604,0.07550565024743566,0.0,0.5973801343255482,0.0,1.1967068375516514,0.860792971394634,0.7450278940366583,0.7995023563386457,45.56666666666667,63.666666666666664,1083.7590899382562,0.9378395514097064,0.0031953734811395406,3.519311065878719
turbo_lunar_lander_12d,12,ucb,constant,decay_uniform_grid_a2_3,202,178,30,0.3841017653285949,0.09602086747587224,0.4556172150442655,0.08318394208914212,0.0,0.7096579904211529,0.0,1.304547334049366,0.8607868380152943,0.7449632671403121,0.7994743046427036,45.63333333333333,63.833333333333336,1090.0540626404497,0.9828421767801047,0.003122901450842619,3.5421226244730253
turbo_lunar_lander_12d,12,ucb,constant,decay_uniform_grid_a2_3,203,179,30,0.3734996085435511,0.09602086747587224,0.4385886211341634,0.08007496042008945,0.0,0.745449776522244,0.0,1.2658240813522124,0.8604171573949491,0.7448012419507344,0.79933382964386,45.8,64.0,1095.791457756345,0.8734884358321627,0.0033730922266840936,3.418666567420587
turbo_lunar_lander_12d,12,ucb,constant,decay_uniform_grid_a2_3,204,180,30,0.3468226972608133,0.0,0.431984282490238,0.07886917866919577,0.0,0.6258906235965356,0.0,1.1249268099126777,0.8624684597053397,0.7464788898203447,0.8012711368606913,46.03333333333333,64.4,1101.462514723201,0.8514714939674983,0.07210752052875856,3.4660594063345345
turbo_lunar_lander_12d,12,ucb,constant,decay_uniform_grid_a2_3,205,181,30,0.3187079299539702,0.0,0.3795206766730791,0.06929067855115671,0.0,0.6221206457985671,0.0,1.0413489703713692,0.8623081193944355,0.7463288054049009,0.8011471104567173,46.166666666666664,64.7,1107.484732731028,0.9950472816669692,0.0034558401598284642,3.5303413616493344
turbo_lunar_lander_12d,12,ucb,constant,decay_uniform_grid_a2_3,206,182,30,0.2971832220401902,0.0,0.3814641084644457,0.06964549902819142,0.0,0.6338709846965966,0.0,1.1027502984725563,0.8622595780550079,0.7462247618236927,0.8009175902984697,46.3,64.9,1113.2878546436007,0.9372116222356757,0.003202466356257598,3.3074137055004638
turbo_lunar_lander_12d,12,ucb,constant,decay_uniform_grid_a2_3,207,183,30,0.3081903219682631,0.0,0.39222882763841327,0.07161085886712157,0.0,0.6186240710983137,0.0,1.0957147821449098,0.8621972184807551,0.7460394457307439,0.8007525166214564,46.53333333333333,65.2,1118.549748113798,0.7928562879251937,0.0031595269528528055,3.2681859018591544
turbo_lunar_lander_12d,12,ucb,constant,decay_uniform_grid_a2_3,208,184,30,0.3366125717099639,0.0,0.42698424079074876,0.0779563001267702,0.0,0.6824470575986596,0.0,1.2423780602462793,0.8621673827050992,0.7459430353648578,0.8006864188750964,46.63333333333333,65.53333333333333,1123.9890353296107,0.9515257711367061,0.00302993335450689,3.172201555253317
turbo_lunar_lander_12d,12,ucb,constant,decay_uniform_grid_a2_3,209,185,30,0.29932926208464783,0.0,0.36978322771471106,0.06751287173547225,0.0,0.5796181740520132,0.0,1.1756028635490903,0.861400349756101,0.7439985499058298,0.7992764940119621,46.8,65.73333333333333,1129.4803092199998,0.8122491114928077,0.06840221718885005,3.199750571791083
turbo_lunar_lander_12d,12,ucb,constant,decay_uniform_grid_a2_3,21,0,30,2.0103557832540613,2.1196253294823966,0.45621493106484673,0.0832930696049603,1.8201512959423876,2.2685593450080273,0.35543964366029956,2.6623164610743437,0.9950198861468054,0.9639788771103057,0.9847182647098223,0.0,0.0,60.163274183621006,0.0,0.0014854215240726867,2.6295932394762835
turbo_lunar_lander_12d,12,ucb,constant,decay_uniform_grid_a2_3,210,186,30,0.3078988472666229,0.0,0.36631917366947997,0.06688042488847555,0.0,0.6138351214435365,0.0,0.98521311122999,0.8613779662533644,0.7438750781005471,0.799076711124574,46.96666666666667,65.93333333333334,1134.9057360264474,0.8382756079236666,0.00307850648338596,3.2930284269619734
turbo_lunar_lander_12d,12,ucb,constant,decay_uniform_grid_a2_3,211,187,30,0.32037090170493177,0.0,0.3863240808311165,0.07053280452621721,0.0,0.6314053769834729,0.0,0.9976791455955696,0.8613715697801443,0.7437159216729138,0.7989319623484202,47.2,66.26666666666667,1140.3881329992475,0.8550568195835998,0.0032742399411896865,3.268729218809555
turbo_lunar_lander_12d,12,ucb,constant,decay_uniform_grid_a2_3,212,188,30,0.30929013257246596,0.0,0.38457516339232817,0.0702134973487377,0.0,0.6258915286542192,0.0,1.1199513739437705,0.8613404256233104,0.7436025916147653,0.7988655812509649,47.36666666666667,66.6,1146.0736693757121,0.8598036358132959,0.0032430225828041634,3.4050407971565924
turbo_lunar_lander_12d,12,ucb,constant,decay_uniform_grid_a2_3,213,189,30,0.29588571598751,0.0,0.37295255814719247,0.06809150965882481,0.0,0.5504501054524027,0.0,1.163552966182654,0.861337419769352,0.7435503144680482,0.798784294533674,47.43333333333333,66.83333333333333,1152.1874588598032,1.0079974646369616,0.003340861666947603,3.281417400871093
turbo_lunar_lander_12d,12,ucb,constant,decay_uniform_grid_a2_3,214,190,30,0.3015380002188503,0.0,0.38360131063937,0.07003569697524313,0.0,0.589387199676546,0.0,1.132552350345061,0.8610444749124506,0.742660570690974,0.7982730452354581,47.56666666666667,67.03333333333333,1158.1153708243899,0.9127551061256478,0.07780996076762677,3.396539590600878
turbo_lunar_lander_12d,12,ucb,constant,decay_uniform_grid_a2_3,215,191,30,0.31755533172051703,0.0,0.4028578037397522,0.07355143552508378,0.0,0.6684922861734239,0.0,1.0749486708116331,0.861031466897057,0.7425651327712416,0.7981398190133414,47.666666666666664,67.26666666666667,1163.8944014938393,0.9369277145092686,0.0033033254245917,3.3524214964515218
turbo_lunar_lander_12d,12,ucb,constant,decay_uniform_grid_a2_3,216,192,30,0.31395546840671457,0.0,0.3923517683901629,0.0716333046747782,0.0,0.5894966449027292,0.0,1.0549078507886032,0.8610237021593173,0.7424546218378805,0.7980436054358699,47.8,67.5,1169.533524963415,0.9221375617974749,0.0031954615221669275,3.1943730110457786
turbo_lunar_lander_12d,12,ucb,constant,decay_uniform_grid_a2_3,217,193,30,0.3018008088004622,0.0,0.40045708707408023,0.07311312663442808,0.0,0.6197492049380682,0.0,1.1708268160529107,0.8609980894216842,0.7423465559102179,0.7979284174702082,47.93333333333333,67.76666666666667,1175.359745122539,0.8814353395874301,0.00323972978318731,3.3063148833811282
turbo_lunar_lander_12d,12,ucb,constant,decay_uniform_grid_a2_3,218,194,30,0.297593773310367,0.0,0.3727325027731038,0.06805133322806195,0.0,0.5516248358569426,0.0,1.107479964390318,0.8609897977639164,0.7422552126300416,0.7978470058293241,48.1,68.06666666666666,1180.9948757875866,0.8619620364004125,0.0032322466218223174,3.294095991163825
turbo_lunar_lander_12d,12,ucb,constant,decay_uniform_grid_a2_3,219,195,30,0.3171138418084683,0.0,0.4077615162371258,0.07444672684186096,0.0,0.7302237065805889,0.0,1.247413602671927,0.8594845682872414,0.7402706457600102,0.795966127199758,48.2,68.33333333333333,1186.7877827566892,0.9207021797075867,0.08128122086636722,3.265729083462308
turbo_lunar_lander_12d,12,ucb,constant,decay_uniform_grid_a2_3,22,0,30,2.018812395918843,2.0954128147140247,0.4247300673108744,0.07754474623895116,1.8243497978773924,2.256515884138674,0.4386501698383287,2.6667800721842894,0.9947753131421503,0.9627320698773395,0.9839994741725716,0.0,0.0,63.28301563227239,0.0,0.001488734952484568,2.7374007505209494
turbo_lunar_lander_12d,12,ucb,constant,decay_uniform_grid_a2_3,220,196,30,0.3200088715730948,0.0,0.41917395590619677,0.07653034372283328,0.0,0.6400002827338134,0.0,1.216710228253234,0.8591974656538185,0.7401650010487608,0.7958972321545345,48.333333333333336,68.56666666666666,1192.4810770371773,0.9072011024846385,0.003420575972025593,3.4681430296506734
turbo_lunar_lander_12d,12,ucb,constant,decay_uniform_grid_a2_3,221,197,30,0.3210943390789018,0.0,0.40149417233117884,0.0733024716308844,0.0,0.6007949297899356,0.0,1.2998575950690139,0.8590958583595849,0.7400855717980447,0.7958403978971457,48.43333333333333,68.8,1198.5821974352934,0.9629940942861139,0.003467674677570661,3.5517942226491868
turbo_lunar_lander_12d,12,ucb,constant,decay_uniform_grid_a2_3,222,198,30,0.32000497448078563,0.0,0.4054800576772115,0.07403019140276819,0.0,0.6264722824309448,0.0,1.3755400884525493,0.8590385958939784,0.7399585930268133,0.7957293443834602,48.56666666666667,68.96666666666667,1204.6633237784574,1.0202680102394273,0.003543740495418509,3.5572723059138904
turbo_lunar_lander_12d,12,ucb,constant,decay_uniform_grid_a2_3,223,199,30,0.28252469731321633,0.0,0.3854777423786569,0.0703782849723185,0.0,0.5503240720461019,0.0,1.1401304828125212,0.8589414036171312,0.7398719198077328,0.7956643761894356,48.666666666666664,69.2,1210.5325488670107,0.9503761691196512,0.003533130045980215,3.29289893352737
turbo_lunar_lander_12d,12,ucb,constant,decay_uniform_grid_a2_3,224,200,30,0.2993884626239175,0.0,0.41050888321106316,0.07494832513031768,0.0,0.6493048052720269,0.0,1.2799746636004556,0.8572654815943078,0.7372915330836914,0.7934292536656765,48.833333333333336,69.4,1216.334262110712,0.8730563868458072,0.08433234343926112,3.3296626646692555
turbo_lunar_lander_12d,12,ucb,constant,decay_uniform_grid_a2_3,225,201,30,0.2968833344250052,0.0,0.40982880674376587,0.0748241607229953,0.0,0.619653040629645,0.0,1.149128612323473,0.857254003256481,0.7372669578731631,0.7934093818707975,48.86666666666667,69.6,1222.659007009631,1.083529773571839,0.0034265718578050533,3.4373274746195723
turbo_lunar_lander_12d,12,ucb,constant,decay_uniform_grid_a2_3,226,202,30,0.3031262319588605,0.0,0.4110702296384348,0.07505081249726649,0.0,0.6411474870158271,0.0,1.0746943004754033,0.8570123049170427,0.7371740748161955,0.7932955063382257,48.96666666666667,69.73333333333333,1228.7244239854472,0.934026034657533,0.003500519972294569,3.413462571799755
turbo_lunar_lander_12d,12,ucb,constant,decay_uniform_grid_a2_3,227,203,30,0.3131122569311632,0.0,0.42806054049996356,0.07815280466989459,0.0,0.5869022562688735,0.0,1.2241384278389593,0.8569893159418158,0.737039303971418,0.7931066093275898,49.1,69.9,1234.578831416586,0.8991303104286392,0.0035324030400564273,3.410552632700031
turbo_lunar_lander_12d,12,ucb,constant,decay_uniform_grid_a2_3,228,204,30,0.2958296333128566,0.0,0.3886373668946337,0.07095515084586744,0.0,0.64940984835885,0.0,1.0974179857143416,0.856980137179229,0.7369719467627701,0.7930454560817497,49.2,70.06666666666666,1240.4071748107983,0.9737723527631412,0.0035193155364443857,3.395120188764607
turbo_lunar_lander_12d,12,ucb,constant,decay_uniform_grid_a2_3,229,205,30,0.32405376105135325,0.0,0.423432374369557,0.07730782100672623,0.0,0.6298454662023558,0.0,1.2074386775155275,0.8562432225728736,0.7350371714280347,0.7914855885041212,49.6,70.36666666666666,1245.6794011757554,0.598188029990221,0.09131830673043927,3.3834572612307965
turbo_lunar_lander_12d,12,ucb,constant,decay_uniform_grid_a2_3,23,0,30,2.029291854648789,2.0924241953842992,0.4307785176434424,0.07864903713398352,1.8221556810613653,2.2998905622316252,0.4639975490151611,2.646881173905956,0.994474263862337,0.9616650611612246,0.9833508850634076,0.0,0.0,66.37709659126898,0.0,0.001510067501415809,2.673061375040561
turbo_lunar_lander_12d,12,ucb,constant,decay_uniform_grid_a2_3,230,206,30,0.31657733777390007,0.0,0.42516920439162575,0.07762492133393932,0.0,0.659845123668597,0.0,1.2539451930634888,0.8558494360064011,0.7349121257318638,0.7913571967838192,49.766666666666666,70.66666666666667,1251.397108043482,0.8826602339278906,0.003531714389100671,3.3585042059266317
turbo_lunar_lander_12d,12,ucb,constant,decay_uniform_grid_a2_3,231,207,30,0.31025069226662905,0.0,0.40896948744066114,0.07466727120085861,0.0,0.624481540766987,0.0,1.1283407094727975,0.855722899674787,0.7347383984700995,0.7911622989237844,49.96666666666667,71.03333333333333,1257.070211177723,0.8607518647642185,0.0035886737673232953,3.440375721734017
turbo_lunar_lander_12d,12,ucb,constant,decay_uniform_grid_a2_3,232,208,30,0.2896400402194977,0.0,0.41010094195310504,0.07487384558727746,0.0,0.5456788359524387,0.0,1.2987264841742994,0.8557212123289951,0.7346559301871706,0.7910680072414701,50.13333333333333,71.33333333333333,1262.749210031641,0.8696496267647793,0.0036229030850032967,3.3022427751682697
turbo_lunar_lander_12d,12,ucb,constant,decay_uniform_grid_a2_3,233,209,30,0.3227916748867617,0.0,0.43562384188820835,0.07953366826307853,0.0,0.7177011660123697,0.0,1.267660418062059,0.8557179571799589,0.7345434503478762,0.7910112761794713,50.266666666666666,71.63333333333334,1268.2676621112973,0.873367357859388,0.0035378295307358105,3.266481401460866
turbo_lunar_lander_12d,12,ucb,constant,decay_uniform_grid_a2_3,234,210,30,0.29136798740266384,0.0,0.39893977121946916,0.07283610392761784,0.0,0.5626299521795783,0.0,1.2051846780984699,0.8549998985576763,0.7334853866381106,0.7901352278755092,50.4,71.9,1274.284167198635,0.9252498162289461,0.09198705903254449,3.403321864657725
turbo_lunar_lander_12d,12,ucb,constant,decay_uniform_grid_a2_3,235,211,30,0.3030805259619133,0.0,0.4103334778095953,0.07491630063195362,0.0,0.5996648095456314,0.0,1.0808365383647975,0.8546097748395062,0.7333444840098107,0.7900346928308863,50.53333333333333,72.16666666666667,1279.9459643891857,0.9229956531431526,0.0036925603946050007,3.3806098687772947
turbo_lunar_lander_12d,12,ucb,constant,decay_uniform_grid_a2_3,236,212,30,0.2855708369711485,0.0,0.37967185824961047,0.06931828040440519,0.0,0.6197281162351689,0.0,1.0121260203898244,0.8544951754723572,0.7332613442705086,0.7899344614784454,50.666666666666664,72.43333333333334,1285.7097784645855,0.9757914351454625,0.0038329146491984526,3.43051062344263
turbo_lunar_lander_12d,12,ucb,constant,decay_uniform_grid_a2_3,237,213,30,0.3040032595696457,0.0,0.42849186632323844,0.07823155363090864,0.0,0.6476623891407275,0.0,1.126300697518728,0.8544938552913084,0.7332291929855163,0.7898997663586236,50.733333333333334,72.56666666666666,1291.859230613336,1.034379771988218,0.0037545427214354275,3.492140184684346
turbo_lunar_lander_12d,12,ucb,constant,decay_uniform_grid_a2_3,238,214,30,0.30126480245007625,0.0,0.4101937183431246,0.07489078416115,0.0,0.7109441265159041,0.0,1.0325635200005983,0.854470753223519,0.733107069407379,0.7897902100831159,50.9,72.8,1297.8498009541383,0.8929728104267269,0.003948259757210811,3.6477864139868568
turbo_lunar_lander_12d,12,ucb,constant,decay_uniform_grid_a2_3,239,215,30,0.28318371799786973,0.0,0.4030356107985044,0.0735838985040712,0.0,0.6392093783374055,0.0,1.0891162752972998,0.8542173933859819,0.7325975765886417,0.7893657803211462,51.03333333333333,73.1,1304.1015385674157,1.0130615254398436,0.10242456571819882,3.500338435762872
turbo_lunar_lander_12d,12,ucb,constant,decay_uniform_grid_a2_3,24,0,30,1.9789134699739348,1.8978690382657675,0.6695397847580342,0.12224068108637631,1.7052837871157773,2.3542641825037984,0.0,3.869210107643327,0.7245680538849998,0.5573613631664515,0.6330507827136042,0.0,0.0,69.00726739112288,0.0,0.012251640592391292,2.2270059667682895
turbo_lunar_lander_12d,12,ucb,constant,decay_uniform_grid_a2_3,240,216,30,0.34763465011113154,0.0,0.5270047353625755,0.09621746049004104,0.0,0.7678898262963496,0.0,2.150488139440798,0.8541537733406311,0.7324072678283251,0.7892295048408421,51.233333333333334,73.43333333333334,1310.2120585267587,0.9543238466450323,0.003808210060621301,3.4918003344132256
turbo_lunar_lander_12d,12,ucb,constant,decay_uniform_grid_a2_3,241,217,30,0.268354280551744,0.0,0.4064766880888496,0.07421215038875147,0.0,0.5362882570446804,0.0,1.291260053602589,0.854142304486079,0.7322675159474726,0.7891636217258137,51.4,73.73333333333333,1316.0246281474983,0.8827420112366478,0.0038758773977557817,3.411744400765747
turbo_lunar_lander_12d,12,ucb,constant,decay_uniform_grid_a2_3,242,218,30,0.24555271904116355,0.0,0.3557131310610477,0.06494403529430913,0.0,0.620822084338178,0.0,0.8753469649313961,0.8541378471943014,0.7321649691357933,0.7890738536251114,51.53333333333333,74.03333333333333,1322.3172731724724,0.9964725018168489,0.003918377744654814,3.5996715812012554
turbo_lunar_lander_12d,12,ucb,constant,decay_uniform_grid_a2_3,243,219,30,0.23705538006362942,0.0,0.35570269920021474,0.06494213070581081,0.0,0.5408119620658269,0.0,0.991442910155897,0.8540078376746638,0.7320623300495603,0.7889987134873956,51.733333333333334,74.3,1328.3146209952422,0.9417120344471186,0.003835037692139546,3.4496783170849086
turbo_lunar_lander_12d,12,ucb,constant,decay_uniform_grid_a2_3,244,220,30,0.24889968029798168,0.0,0.3596039216894538,0.06565439322554505,0.0,0.6585837017735927,0.0,0.851764788845917,0.8587334975515338,0.7367284593498193,0.7940868498806029,51.766666666666666,74.46666666666667,1334.3346282784362,1.0264233968531091,0.09761426939318578,3.4599538350322594
turbo_lunar_lander_12d,12,ucb,constant,decay_uniform_grid_a2_3,245,221,30,0.3094602047581941,0.0,0.4239888308532966,0.07740941559619763,0.0,0.6683135880412321,0.0,1.2861063160435924,0.8587322260088436,0.7367098807663041,0.7940707641175611,51.8,74.53333333333333,1340.6490267348165,0.9983970582485199,0.0039169843774288894,3.4810988078825176
turbo_lunar_lander_12d,12,ucb,constant,decay_uniform_grid_a2_3,246,222,30,0.26260549719482335,0.0,0.3948175153645799,0.07208348642110764,0.0,0.6428212547052372,0.0,1.1351579473063707,0.8587020772547213,0.7365806701159571,0.7939263072170211,52.03333333333333,74.73333333333333,1346.444890637758,0.8544737479339043,0.004087122638399402,3.496972587440784
turbo_lunar_lander_12d,12,ucb,constant,decay_uniform_grid_a2_3,247,223,30,0.2669205331670516,0.0,0.40289175383401665,0.07355763393590314,0.0,0.5782111349253956,0.0,1.0856795639475116,0.8585164022311109,0.7364783007653828,0.7938129825273939,52.166666666666664,75.03333333333333,1352.2440131261324,0.9402323020777354,0.0038962166601171095,3.425167276415353
turbo_lunar_lander_12d,12,ucb,constant,decay_uniform_grid_a2_3,248,224,30,0.26181225689694443,0.0,0.37213135423522986,0.06794157902319367,0.0,0.6364273580042944,0.0,0.9553013367227099,0.8585079191972854,0.7364405354007321,0.7937858810396069,52.233333333333334,75.23333333333333,1358.405022927063,1.0520671820578475,0.0038657735257099073,3.4726787209200363
turbo_lunar_lander_12d,12,ucb,constant,decay_uniform_grid_a2_3,249,225,30,0.2864628070535989,0.0,0.42190630784675076,0.07702920065379475,0.0,0.7512157812489126,0.0,1.0501118053921021,0.8602932312805415,0.7396961810417095,0.7965542497856328,52.36666666666667,75.36666666666666,1364.3042386653678,0.9392442650627345,0.1018269844353199,3.4063460920006037
turbo_lunar_lander_12d,12,ucb,constant,decay_uniform_grid_a2_3,25,1,30,2.0854877535099434,1.9198759438106368,0.7864420164033213,0.14358401085131564,1.661994888979635,2.57989296792735,0.0,3.8899317486328018,0.7223714896402034,0.5549324948363015,0.63046719102482,0.43333333333333335,0.0,72.92209149164458,0.7227669186890125,0.0015071490779519081,2.189212769083679
turbo_lunar_lander_12d,12,ucb,constant,decay_uniform_grid_a2_3,250,226,30,0.24595212882330103,0.0,0.3667950567867794,0.06696730886116915,0.0,0.6392284784638482,0.0,0.988370735588977,0.8602746056202558,0.7395634830702789,0.7963601368671892,52.5,75.63333333333334,1369.8766363404225,0.8976719774926702,0.003885807329788804,3.159720365299533
turbo_lunar_lander_12d,12,ucb,constant,decay_uniform_grid_a2_3,251,227,30,0.2605160652615809,0.0,0.39761805675731743,0.07259479298578407,0.0,0.6049185215425323,0.0,1.3696073149445103,0.8602556085809644,0.7394466017029403,0.7962383979380049,52.63333333333333,75.83333333333333,1375.053640357855,0.804373542079702,0.0037646304971228044,3.1935996022541078
turbo_lunar_lander_12d,12,ucb,constant,decay_uniform_grid_a2_3,252,228,30,0.2605410553542929,0.0,0.4007711886772715,0.07317047347890021,0.0,0.5332274294631986,0.0,1.1728621570588995,0.8602495581987756,0.7393868766942612,0.7961525636720629,52.733333333333334,76.0,1381.1180505861062,0.9894148737657815,0.004003073088824749,3.4003182493305455
turbo_lunar_lander_12d,12,ucb,constant,decay_uniform_grid_a2_3,253,229,30,0.28099783395689204,0.0,0.3981902977737192,0.07269926942345505,0.0,0.653438494137663,0.0,1.1727787911477576,0.8602208384560128,0.7392539831801669,0.7961093873894552,52.9,76.26666666666667,1386.6225656378394,0.8236031741835177,0.003847152910505732,3.247188551351428
turbo_lunar_lander_12d,12,ucb,constant,decay_uniform_grid_a2_3,254,230,30,0.2775996879090439,0.0,0.40927480928765203,0.07472301508849062,0.0,0.5440231691459484,0.0,1.2420560684636661,0.8599643330918258,0.7389704512138133,0.7961664041195344,53.0,76.53333333333333,1392.4595345772182,0.8300788235850632,0.10683476009095709,3.5097744880865016
turbo_lunar_lander_12d,12,ucb,constant,decay_uniform_grid_a2_3,255,231,30,0.23152554446125992,0.0,0.35122313632008445,0.06412427816007409,0.0,0.4775260002163303,0.0,1.0385166070430598,0.8597449722341897,0.7388668696675775,0.7960449776583658,53.13333333333333,76.76666666666667,1398.3861337233955,0.9257940103920798,0.004120606758321325,3.5208155292862404
turbo_lunar_lander_12d,12,ucb,constant,decay_uniform_grid_a2_3,256,232,30,0.23790208519254147,0.0,0.35986097935385297,0.06570132531933538,0.0,0.49799216356315557,0.0,1.0318960862758446,0.8595384310493102,0.738796382545092,0.7959914054830342,53.266666666666666,76.96666666666667,1404.4072329583266,0.9808789851764838,0.004549144798268874,3.4432308574051906
turbo_lunar_lander_12d,12,ucb,constant,decay_uniform_grid_a2_3,257,233,30,0.2719443634328772,0.0,0.4112240654510718,0.07507889894551095,0.0,0.6359293718921681,0.0,1.1665662244539532,0.8595319812441414,0.7386652200367856,0.7959113337628592,53.46666666666667,77.23333333333333,1410.2362492060909,0.8773599211902668,0.004076892401402196,3.5179435967467727
turbo_lunar_lander_12d,12,ucb,constant,decay_uniform_grid_a2_3,258,234,30,0.2685847266809212,0.0,0.4099082422803026,0.07483866360140487,0.0,0.6378294180439354,0.0,1.1578968793979723,0.8595160204520143,0.7385214573674325,0.7957803972563222,53.666666666666664,77.56666666666666,1416.178800999808,0.8714025696584334,0.004142767547940214,3.5999991201019537
turbo_lunar_lander_12d,12,ucb,constant,decay_uniform_grid_a2_3,259,235,30,0.2671689062317618,0.0,0.3917260423868686,0.07151906325917093,0.0,0.6605202855803499,0.0,1.0036443776183668,0.8585775544593681,0.7368963399514967,0.7944344686072247,53.833333333333336,77.93333333333334,1422.0098891096345,0.8431467269547284,0.11558680011269946,3.4720315034811695
turbo_lunar_lander_12d,12,ucb,constant,decay_uniform_grid_a2_3,26,2,30,1.9341014380170225,1.8779288685374556,0.8381998848273179,0.15303366153938475,1.5593224754277477,2.3996922510148293,0.0,3.864448006671237,0.719682545482445,0.5523756199179968,0.6278480246623916,0.9333333333333333,0.5333333333333333,76.79612813478646,0.7096403393583993,0.0015600582274297873,2.1949836479655156
turbo_lunar_lander_12d,12,ucb,constant,decay_uniform_grid_a2_3,260,236,30,0.23632199028674297,0.0,0.3600690268071809,0.06573930941374177,0.0,0.5440646861275008,0.0,1.0451864665927157,0.8585385418263162,0.7366157919739283,0.7941638946672366,54.166666666666664,78.36666666666666,1427.2901095696259,0.7329595701458553,0.0041602894974251585,3.391198929057767
turbo_lunar_lander_12d,12,ucb,constant,decay_uniform_grid_a2_3,261,237,30,0.23357954127992145,0.0,0.36183949219782224,0.06606255069098727,0.0,0.5066627487578056,0.0,1.0743383253720657,0.8584483553723129,0.736444409860885,0.7940284621895493,54.4,78.66666666666667,1432.9282086242301,0.8519166853278876,0.004086220295478901,3.4781954519916325
turbo_lunar_lander_12d,12,ucb,constant,decay_uniform_grid_a2_3,262,238,30,0.25382511200157853,0.0,0.3760281755485973,0.06865303800182643,0.0,0.6665057777452432,0.0,1.013297484453108,0.8584349066158872,0.7363269477403576,0.7939519845864534,54.63333333333333,79.0,1438.648196169765,0.8211743911883483,0.004236128196741144,3.5310477046451223
turbo_lunar_lander_12d,12,ucb,constant,decay_uniform_grid_a2_3,263,239,30,0.23531514268874013,0.0,0.3621389100389432,0.06611721665955442,0.0,0.4826171157536019,0.0,1.0145069669803628,0.8583573942698237,0.736188802128832,0.7938664097300261,54.86666666666667,79.4,1444.5602025850055,0.8609546216980865,0.004305953749765953,3.414671924399833
turbo_lunar_lander_12d,12,ucb,constant,decay_uniform_grid_a2_3,264,240,30,0.24762678897858553,0.0,0.3742390196649276,0.06832638432303344,0.0,0.5203922234892031,0.0,1.0176916361596566,0.8574989887212116,0.7346881209769885,0.7925934710604028,55.06666666666667,79.76666666666667,1450.644238556611,0.9102725719101727,0.11330839853423337,3.64166263306203
turbo_lunar_lander_12d,12,ucb,constant,decay_uniform_grid_a2_3,265,241,30,0.24812819670782157,0.0,0.3787587175565835,0.06915156448582292,0.0,0.624689035596306,0.0,1.0108852065561744,0.8574671895012747,0.7345239641759476,0.7924981254831428,55.333333333333336,80.03333333333333,1456.5350202638656,0.8939843237089614,0.0043319415456304945,3.520962424001967
turbo_lunar_lander_12d,12,ucb,constant,decay_uniform_grid_a2_3,266,242,30,0.2576552483594468,0.0,0.387822536741335,0.07080638389403508,0.0,0.5366422025865589,0.0,1.1890047118149971,0.8574517259263165,0.7344998661288474,0.7924877717047941,55.36666666666667,80.33333333333333,1462.733268731072,1.0567289393550405,0.004410030196110407,3.46108931703493
turbo_lunar_lander_12d,12,ucb,constant,decay_uniform_grid_a2_3,267,243,30,0.21676542185697098,0.0,0.3382944270531502,0.06176382959176543,0.0,0.44882545861576256,0.0,0.9769328798310544,0.8573058615461581,0.7344594054012062,0.7924641595355099,55.4,80.4,1468.777976894208,1.0671640989836306,0.004451428120955825,3.5402579048803697
turbo_lunar_lander_12d,12,ucb,constant,decay_uniform_grid_a2_3,268,244,30,0.2535187984449402,0.0,0.37630111972247104,0.06870287056214985,0.0,0.5751550066690378,0.0,0.9676978432718772,0.8573001980061615,0.7343779107789175,0.7923644607608786,55.5,80.53333333333333,1474.9304078872005,0.9540644439402968,0.0043812757823616265,3.4544062515255063
turbo_lunar_lander_12d,12,ucb,constant,decay_uniform_grid_a2_3,269,245,30,0.25025178715344887,0.0,0.3948365885268027,0.07208696868817177,0.0,0.5434238473138211,0.0,1.2438265760874703,0.8557649775251164,0.732052699725556,0.7902960805879834,55.6,80.73333333333333,1480.8742716769068,0.9546592278095584,0.10938022484381994,3.3054917387043434
turbo_lunar_lander_12d,12,ucb,constant,decay_uniform_grid_a2_3,27,3,30,1.896273212863299,1.9042955932913752,0.7431957674809067,0.13568836216388566,1.67308236284922,2.3230670667993882,0.0,3.4570245356080065,0.7170297032860352,0.5498822172489621,0.6248677180951726,1.4,0.9666666666666667,80.41387180310363,0.8510706095024944,0.0015564157317082088,2.1422416044088703
turbo_lunar_lander_12d,12,ucb,constant,decay_uniform_grid_a2_3,270,246,30,0.2519370195971874,0.0,0.3779361245117292,0.06900138023038507,0.0,0.5028389074695054,0.0,1.0150633999832652,0.8554461422518352,0.7319226327834725,0.7901547196581754,55.733333333333334,80.96666666666667,1486.693950719138,0.9820426782903572,0.004370016558095813,3.4511256553077447
turbo_lunar_lander_12d,12,ucb,constant,decay_uniform_grid_a2_3,271,247,30,0.2305007554874316,0.0,0.3680229172294964,0.06719148448181728,0.0,0.48606302228903997,0.0,1.002970898729611,0.8554363957880591,0.7318400001146899,0.7901179573210126,55.833333333333336,81.2,1492.6850653979461,0.9993578296465179,0.004547076889624199,3.4684100618896383
turbo_lunar_lander_12d,12,ucb,constant,decay_uniform_grid_a2_3,272,248,30,0.23286709848958065,0.0,0.36382113138025446,0.06642434685133868,0.0,0.4979916962557388,0.0,0.987454002952274,0.8553721735404692,0.7317932778474012,0.7900430173494412,55.9,81.36666666666666,1498.719625297049,1.0605248688254505,0.004449015079687039,3.48389232060872
turbo_lunar_lander_12d,12,ucb,constant,decay_uniform_grid_a2_3,273,249,30,0.24505751144823643,0.0,0.3861963325484202,0.07050948098751211,0.0,0.5881788293271588,0.0,1.0702828899541719,0.8552722383009325,0.7317079619712236,0.7899674107105666,55.96666666666667,81.5,1504.70547061398,1.0152756269555538,0.004755956260487438,3.496469977063437
turbo_lunar_lander_12d,12,ucb,constant,decay_uniform_grid_a2_3,274,250,30,0.2293082404681358,0.0,0.37589229087461457,0.06862822896810657,0.0,0.4583572813994221,0.0,1.0403912148030643,0.8556162169703342,0.7330650394905261,0.7909257234358047,56.13333333333333,81.66666666666667,1510.9023444614218,0.9768569278530777,0.1277200885893156,3.5378268550305316
turbo_lunar_lander_12d,12,ucb,constant,decay_uniform_grid_a2_3,275,251,30,0.24588791958952205,0.0,0.39236069886852254,0.07163493514959383,0.0,0.632909899021546,0.0,1.1205387986076514,0.8555974235843279,0.7329624460521951,0.7908442040893274,56.333333333333336,82.03333333333333,1516.6906684313435,0.9397571778235336,0.004452610341832042,3.3707498013197132
turbo_lunar_lander_12d,12,ucb,constant,decay_uniform_grid_a2_3,276,252,30,0.23556284431899527,0.0,0.3914223117786086,0.07146360989065467,0.0,0.32543857818872785,0.0,1.111430332232344,0.8555920236918376,0.7329037953522929,0.790775575346789,56.43333333333333,82.26666666666667,1522.640755976333,0.9960546804126352,0.004474741251518329,3.2932473636077098
turbo_lunar_lander_12d,12,ucb,constant,decay_uniform_grid_a2_3,277,253,30,0.23806838244131215,0.0,0.37634580290519565,0.06871102855785631,0.0,0.46430878708646,0.0,1.048982599479475,0.855399421395861,0.7328411232692554,0.7907199423727118,56.53333333333333,82.46666666666667,1528.4354066960514,0.9619714267086238,0.004367365020637711,3.2306909589717785
turbo_lunar_lander_12d,12,ucb,constant,decay_uniform_grid_a2_3,278,254,30,0.24174506472254956,0.0,0.391003283786543,0.07138710619616119,0.0,0.40458719782677943,0.0,1.0633993638382817,0.8553929729214372,0.7328039420979027,0.7906832052974367,56.6,82.56666666666666,1534.0804075263752,0.9771706813480705,0.004292536045735081,3.200694231704498
turbo_lunar_lander_12d,12,ucb,constant,decay_uniform_grid_a2_3,279,255,30,0.21618683419729454,0.0,0.351902551861187,0.06424832189933456,0.0,0.4120547674732044,0.0,1.0304749346391011,0.8550313321716826,0.7314331299452478,0.7897018752530226,56.666666666666664,82.7,1539.6836350418628,0.9353623673164596,0.11163736215482155,3.09019581580845
turbo_lunar_lander_12d,12,ucb,constant,decay_uniform_grid_a2_3,28,4,30,1.7633352541910166,1.8934414005231548,0.6507019662594083,0.11880138171108115,1.5196404106321069,2.1831638760165477,0.0,2.638988165270164,0.7152578041037475,0.5475869452217734,0.6223746756911506,1.8333333333333333,1.4666666666666666,84.17041810319448,0.9270530770377566,0.0015850793725500504,2.1315953615121543
turbo_lunar_lander_12d,12,ucb,constant,decay_uniform_grid_a2_3,280,256,30,0.249092550247853,0.0,0.413049137468785,0.07541210998323529,0.0,0.4942805812103654,0.0,1.233410922500319,0.8550091922743166,0.731211533484971,0.7895016234101153,56.93333333333333,83.03333333333333,1544.5966308743073,0.6900834369317939,0.00414371246782442,3.0903202125492197
turbo_lunar_lander_12d,12,ucb,constant,decay_uniform_grid_a2_3,281,257,30,0.23792261444411236,0.0,0.3799455275448872,0.06936824535317838,0.0,0.5182266749096338,0.0,1.1038827774235442,0.8549733105978238,0.7311277678376508,0.7894545274403822,57.03333333333333,83.33333333333333,1549.8670587046847,0.8605347090245535,0.004256771365180612,3.0698171209388723
turbo_lunar_lander_12d,12,ucb,constant,decay_uniform_grid_a2_3,282,258,30,0.22938853161808198,0.0,0.36554071894247203,0.06673829915048263,0.0,0.48234443164942215,0.0,0.9724388661703327,0.8549681435203315,0.7310693277903497,0.7893736144946505,57.06666666666667,83.46666666666667,1555.3522851029256,0.9879377209891875,0.00447926209308207,3.0451780007841687
turbo_lunar_lander_12d,12,ucb,constant,decay_uniform_grid_a2_3,283,259,30,0.23541432709642413,0.0,0.37890743151339823,0.06917871581541069,0.0,0.5316000268572459,0.0,1.0615788121335583,0.8549299974359266,0.731008356834689,0.789353901317648,57.166666666666664,83.6,1560.5328168322487,0.8762482653682431,0.004227810942878326,2.9865601393549395
turbo_lunar_lander_12d,12,ucb,constant,decay_uniform_grid_a2_3,284,260,30,0.2406051677800672,0.0,0.40063054256042196,0.07314479512862554,0.0,0.5010675708362256,0.0,1.2464670041587798,0.8529937912805922,0.7264616742964667,0.7862843234389999,57.2,83.73333333333333,1566.529060092584,0.980668236889566,0.12105468438627819,3.225708380527794
turbo_lunar_lander_12d,12,ucb,constant,decay_uniform_grid_a2_3,285,261,30,0.23990945749632114,0.0,0.40462175410392537,0.07387348732667615,0.0,0.42263791757741165,0.0,1.335155178017629,0.8529865975444306,0.7263812084042282,0.7862297803617514,57.36666666666667,83.93333333333334,1572.2617879100299,0.9039612454827874,0.004542611151312788,3.3116232481009016
turbo_lunar_lander_12d,12,ucb,constant,decay_uniform_grid_a2_3,286,262,30,0.22089009278800834,0.0,0.3630500747305814,0.06628357181129191,0.0,0.4642309376285885,0.0,1.0232504746017272,0.8529249100490301,0.7263315293849956,0.7861974949310974,57.4,84.13333333333334,1578.7231359337302,1.0996620362779745,0.004642225584636132,3.473420027612398
turbo_lunar_lander_12d,12,ucb,constant,decay_uniform_grid_a2_3,287,263,30,0.21907015877103644,0.0,0.3515917215825074,0.06419157231427175,0.0,0.5651384596329831,0.0,0.9619162228170608,0.8529172876755127,0.7262902341039624,0.7861468241157057,57.46666666666667,84.23333333333333,1584.934180958538,1.1111506906648476,0.0046020089959104855,3.398885673005134
turbo_lunar_lander_12d,12,ucb,constant,decay_uniform_grid_a2_3,288,264,30,0.21986877579241573,0.0,0.3606543296893089,0.0658461706109132,0.0,0.505625950890352,0.0,1.0887505093239536,0.8527923625793824,0.7261944653870598,0.7860688522054087,57.63333333333333,84.46666666666667,1590.9457872387331,0.9505346866945426,0.004795713862404227,3.454717420398568
turbo_lunar_lander_12d,12,ucb,constant,decay_uniform_grid_a2_3,289,265,30,0.1965493501086992,0.0,0.3166554608631198,0.05781311295730834,0.0,0.4620595353028487,0.0,0.9163629129149746,0.8516064088921174,0.7237522894957865,0.7841217228055677,57.7,84.63333333333334,1597.2365587961706,1.065159913447375,0.13684254046529531,3.3836417459572354
turbo_lunar_lander_12d,12,ucb,constant,decay_uniform_grid_a2_3,29,5,30,1.808056059799881,1.938688157414608,0.572485126040241,0.10452100578947607,1.626303599786542,2.1662524628221,0.0,2.5784863348275753,0.7427866387499954,0.5766289095933236,0.6518271594350418,2.466666666666667,2.0,87.51538406017546,0.5692929200672855,0.011698587952802578,2.145385780232027
turbo_lunar_lander_12d,12,ucb,constant,decay_uniform_grid_a2_3,290,266,30,0.23773544426145968,0.0,0.39048502158697107,0.07129248489702526,0.0,0.5084603725298642,0.0,1.095095856543459,0.8516014046594598,0.7237409482425815,0.7840989655677539,57.733333333333334,84.73333333333333,1603.7981885176152,1.1751306167493263,0.0046874447570492824,3.685373340252166
turbo_lunar_lander_12d,12,ucb,constant,decay_uniform_grid_a2_3,291,267,30,0.2357722758671869,0.0,0.3869454305833454,0.07064624695134922,0.0,0.4782569424985369,0.0,1.0755932810983762,0.8515784379591002,0.7236750666548041,0.7840681682552654,57.8,84.83333333333333,1610.3265296476582,1.1705069579804936,0.005008419370278716,3.73311588166592
turbo_lunar_lander_12d,12,ucb,constant,decay_uniform_grid_a2_3,292,268,30,0.23508190861641023,0.0,0.37860112306025484,0.06912279179896363,0.0,0.5643924772190556,0.0,1.0327992186867365,0.8515085625293025,0.723600780394688,0.784011845664663,57.86666666666667,84.96666666666667,1616.5237300269462,1.0494681297025332,0.004819821224858364,3.528478177605818
turbo_lunar_lander_12d,12,ucb,constant,decay_uniform_grid_a2_3,293,269,30,0.22928489093800106,0.0,0.3827715626132224,0.069884206404921,0.0,0.47412457938062313,0.0,1.1166786131013127,0.8514550437372307,0.7234713130003612,0.7839372190909882,58.03333333333333,85.2,1622.4376103682755,0.9105303632095456,0.004808649839833379,3.4761717820850513
turbo_lunar_lander_12d,12,ucb,constant,decay_uniform_grid_a2_3,294,270,30,0.23369288089282444,0.0,0.38244232642279746,0.06982409637550673,0.0,0.48556032946394057,0.0,1.133433826743936,0.8503310833856831,0.7223478489932357,0.7826168665812463,58.233333333333334,85.56666666666666,1628.5977716923692,1.0039324420659492,0.1354932668308417,3.3745568021666257
turbo_lunar_lander_12d,12,ucb,constant,decay_uniform_grid_a2_3,295,271,30,0.23205569618586885,0.0,0.37047661643340674,0.06763946661625533,0.0,0.5396507976042096,0.0,1.0061006308204428,0.8503269377216522,0.7222609205739671,0.7825415011873648,58.36666666666667,85.83333333333333,1634.5786430986752,0.9799303925906618,0.0045973277340332665,3.4437992574647067
turbo_lunar_lander_12d,12,ucb,constant,decay_uniform_grid_a2_3,296,272,30,0.21468689183513945,0.0,0.3553516121140583,0.06487803126689859,0.0,0.4408910272418684,0.0,1.0503490880938315,0.8503000122491372,0.7221908065894042,0.7824638608885212,58.43333333333333,86.03333333333333,1640.473910038018,1.0996625568872938,0.004652524553239346,3.339314026944339
turbo_lunar_lander_12d,12,ucb,constant,decay_uniform_grid_a2_3,297,273,30,0.2318701299563301,0.0,0.37715292751168633,0.06885838867575379,0.0,0.46747727635843883,0.0,1.0577167650968429,0.8502812185278702,0.7221248496234605,0.7824239439573767,58.6,86.26666666666667,1646.2286763785096,0.9895236423704773,0.004733109520748258,3.291298524585242
turbo_lunar_lander_12d,12,ucb,constant,decay_uniform_grid_a2_3,298,274,30,0.22708966833287347,0.0,0.3751900471144501,0.06850001738533679,0.0,0.42490230538635343,0.0,1.0698846536872932,0.8502496070358795,0.722024922543994,0.7823606058107158,58.733333333333334,86.43333333333334,1652.1491226703704,0.9369324261633059,0.004857440277313193,3.4275434617418794
turbo_lunar_lander_12d,12,ucb,constant,decay_uniform_grid_a2_3,299,275,30,0.22880913520330193,0.0,0.3793175016427892,0.06925358403541952,0.0,0.49959759630738965,0.0,1.081551305282273,0.8487386919962376,0.7195037320842427,0.7802732967346006,58.9,86.73333333333333,1658.3144160562815,0.9736825479039302,0.15345722440009316,3.547073043882847
turbo_lunar_lander_12d,12,ucb,constant,decay_uniform_grid_a2_3,3,0,30,2.683683525413747,2.7044645277229673,0.4563391405767613,0.08331574705547107,2.3869223533663404,2.9571486715857542,1.810462903821802,3.5922050422052374,0.9994823997095069,0.9919775531518832,0.9979881802333577,0.0,0.0,6.384381970701118,0.0,0.0015136390614012877,2.33287667427212
turbo_lunar_lander_12d,12,ucb,constant,decay_uniform_grid_a2_3,30,6,30,1.8857257940798815,1.8017438736877505,0.441442640755287,0.08059603072877336,1.630004275777464,2.2653723928739016,0.9643954861391966,2.861442892064354,0.739830895898685,0.5744676365974279,0.6497779412589046,2.933333333333333,2.566666666666667,91.69134872402064,0.894991046609357,0.0014817022563268741,2.2535128249786793
turbo_lunar_lander_12d,12,ucb,constant,decay_uniform_grid_a2_3,300,276,30,0.23437767994529374,0.0,0.3847235447311139,0.07024058795085963,0.0,0.5118028521778661,0.0,1.1280660432446674,0.8487366126100709,0.7194493859320592,0.780082150791546,58.96666666666667,86.96666666666667,1664.7911707473454,1.098105749224002,0.004924132069572806,3.5665346612688156
turbo_lunar_lander_12d,12,ucb,constant,decay_uniform_grid_a2_3,301,277,30,0.22380358400529354,0.0,0.3644079091504797,0.06653147732500365,0.0,0.4938918934999466,0.0,1.0553737952114561,0.848190876235846,0.719304829043497,0.7799246028582696,59.13333333333333,87.2,1670.7339995882007,0.9748886244216313,0.005036807929476102,3.386979297734797
turbo_lunar_lander_12d,12,ucb,constant,decay_uniform_grid_a2_3,302,278,30,0.2213455695767109,0.0,0.3577046142813797,0.06530762872186541,0.0,0.4649403148178404,0.0,0.9877453593450922,0.8481803423050722,0.719228949808942,0.7798675810335359,59.2,87.36666666666666,1676.769083154869,1.08095688149333,0.004934457348038753,3.446626718870054
turbo_lunar_lander_12d,12,ucb,constant,decay_uniform_grid_a2_3,303,279,30,0.22197870288612678,0.0,0.36647713775124063,0.0669092650520942,0.0,0.4996021928762413,0.0,1.2214370722725334,0.8481562574809111,0.7190595038904068,0.7796621253819666,59.43333333333333,87.66666666666667,1682.6581217681369,0.9438181321291874,0.005095613266651829,3.5241513661419352
turbo_lunar_lander_12d,12,ucb,constant,decay_uniform_grid_a2_3,304,280,30,0.243157595224565,0.0,0.39591807473258434,0.0722844201516842,0.0,0.5267215982749016,0.0,1.1301598568639366,0.8462880902992929,0.7163138165312772,0.7772662027410306,59.63333333333333,87.96666666666667,1688.709136808524,0.9321085408019523,0.15897855288349091,3.56652055385833
turbo_lunar_lander_12d,12,ucb,constant,decay_uniform_grid_a2_3,305,281,30,0.23191619018039372,0.0,0.3734133502392959,0.06817563839987982,0.0,0.5429696343092116,0.0,1.0561299183497705,0.8462188357392183,0.7161217971684076,0.7770261616256756,59.86666666666667,88.2,1694.4836998031474,0.8916696523471425,0.005031268298625946,3.4735185623324165
turbo_lunar_lander_12d,12,ucb,constant,decay_uniform_grid_a2_3,306,282,30,0.20576648887899737,0.0,0.32837897848301906,0.05995352464188437,0.0,0.522241641699751,0.0,0.8702964077045054,0.8462018352079353,0.7160158774247762,0.7769184857141159,60.0,88.5,1700.8405788495827,1.0791820879094303,0.005043523184334238,3.5726029242544124
turbo_lunar_lander_12d,12,ucb,constant,decay_uniform_grid_a2_3,307,283,30,0.22882453555118895,0.0,0.37360569331657945,0.06821075528061588,0.0,0.5195303578210775,0.0,1.0810938053563848,0.8461828673732431,0.7157505092203932,0.7765749053423383,60.333333333333336,88.83333333333333,1706.4091105205007,0.8462743242426465,0.005164468629906575,3.5131151215949408
turbo_lunar_lander_12d,12,ucb,constant,decay_uniform_grid_a2_3,308,284,30,0.22654409193286582,0.0,0.37734395980377916,0.06889326624095084,0.0,0.44685620152266803,0.0,1.148479300846712,0.8461700721326754,0.7156524747491824,0.7765232304368753,60.46666666666667,89.16666666666667,1712.4451891575009,1.0462164816757042,0.005213366216048598,3.4997745937512565
turbo_lunar_lander_12d,12,ucb,constant,decay_uniform_grid_a2_3,309,285,30,0.2612032681393382,0.0,0.4201153479267313,0.07670221760453398,0.0,0.6370114366088004,0.0,1.098906057589961,0.8446444012866491,0.7153913627213597,0.7756220399752486,60.56666666666667,89.33333333333333,1718.8549721649692,1.111528762569651,0.16749756154604256,3.541735629038885
turbo_lunar_lander_12d,12,ucb,constant,decay_uniform_grid_a2_3,31,7,30,1.7784523125956289,1.8287910175957074,0.5851574993791718,0.10683465403442921,1.6015795006673308,2.202345851250486,0.0,2.8629111069701336,0.7373765178602528,0.5720573986244645,0.647470047099988,3.7,2.933333333333333,94.91660440787673,0.3671569555066526,0.0014984685151527325,2.275508109247312
turbo_lunar_lander_12d,12,ucb,constant,decay_uniform_grid_a2_3,310,286,30,0.23545825075150567,0.0,0.397337311710233,0.0725435361873854,0.0,0.32901210610792697,0.0,1.0985131624809976,0.8440708077548117,0.7152792592337478,0.7754886054822585,60.7,89.56666666666666,1724.6888764567518,1.0395871306459108,0.00515220908758541,3.438294495921582
turbo_lunar_lander_12d,12,ucb,constant,decay_uniform_grid_a2_3,311,287,30,0.22775404368544042,0.0,0.37022838402200814,0.06759414578584635,0.0,0.48738835861136254,0.0,1.045696410935963,0.8439723550880578,0.715129346973469,0.775343892139986,60.86666666666667,89.86666666666666,1730.4576961093737,0.9818073784932494,0.00504732186285158,3.3924880773139496
turbo_lunar_lander_12d,12,ucb,constant,decay_uniform_grid_a2_3,312,288,30,0.2399190795269253,0.0,0.3891593417717995,0.07105044998409235,0.0,0.5558142766466605,0.0,1.0865486383529785,0.8439032809367902,0.7150223304499943,0.775202594356834,61.0,90.16666666666667,1736.657750922814,1.060046253182615,0.005360555990288655,3.4873167309599618
turbo_lunar_lander_12d,12,ucb,constant,decay_uniform_grid_a2_3,313,289,30,0.22481646591576138,0.0,0.36411226864511714,0.06647750100043723,0.0,0.5436907365949344,0.0,1.0969512819424239,0.8438990338942374,0.7149766538306913,0.7751468516546485,61.06666666666667,90.36666666666666,1742.996525083622,1.2011668444921573,0.005148474390928944,3.578331301578631
turbo_lunar_lander_12d,12,ucb,constant,decay_uniform_grid_a2_3,314,290,30,0.2246712742384665,0.0,0.3800446047484072,0.06938633429294586,0.0,0.4314419968063229,0.0,1.097052002764325,0.842782298774205,0.7131649302556212,0.7735987159454584,61.166666666666664,90.53333333333333,1749.505991521338,1.1564719451436152,0.15373137975111603,3.5163982715147237
turbo_lunar_lander_12d,12,ucb,constant,decay_uniform_grid_a2_3,315,291,30,0.2213005659012061,0.0,0.3827131853856515,0.06987354823012594,0.0,0.22670597470431553,0.0,1.0209455165606296,0.8427781415996183,0.713052205037653,0.7735247029658645,61.3,90.76666666666667,1755.6978884642788,1.1475948619966705,0.0053327444785585005,3.454795953134696
turbo_lunar_lander_12d,12,ucb,constant,decay_uniform_grid_a2_3,316,292,30,0.22932539122818124,0.0,0.3785865751848964,0.06912013573246444,0.0,0.4654528688483033,0.0,1.125100935817716,0.8427659601981279,0.7129774067245022,0.7734733720107201,61.43333333333333,91.03333333333333,1761.8437118300392,1.0396365878172218,0.005225164319078128,3.481568124797195
turbo_lunar_lander_12d,12,ucb,constant,decay_uniform_grid_a2_3,317,293,30,0.23062125445176535,0.0,0.395512023233724,0.07221028562987265,0.0,0.4470017529140395,0.0,1.2724788097731472,0.8427645776527051,0.7128917308649311,0.7733378879094127,61.53333333333333,91.26666666666667,1767.8836644697624,1.132199371093884,0.005319626349955797,3.361662426389133
turbo_lunar_lander_12d,12,ucb,constant,decay_uniform_grid_a2_3,318,294,30,0.2242359877015421,0.0,0.3810469924127146,0.06956934440464789,0.0,0.3428595354795187,0.0,1.2485291452089498,0.8427596205004375,0.712817013556626,0.7733137000461777,61.63333333333333,91.46666666666667,1774.010050937968,1.1699686877895146,0.005522224555412928,3.3609357585199175
turbo_lunar_lander_12d,12,ucb,constant,decay_uniform_grid_a2_3,319,295,30,0.20417293589013022,0.0,0.35339451311551856,0.06452071551064159,0.0,0.28592217843254597,0.0,1.0056097248694016,0.8411095323218659,0.7101150030611995,0.771129950414452,61.666666666666664,91.6,1780.1326583700566,1.1428807058061163,0.16305530785272518,3.2804213805900266
turbo_lunar_lander_12d,12,ucb,constant,decay_uniform_grid_a2_3,32,8,30,1.7825607486818043,1.8374855026326231,0.6064364160507699,0.11071963492119823,1.4413036284941096,2.21078775344769,0.0,2.8909187916816457,0.7351010777716689,0.5697373371080282,0.6449587121252487,4.366666666666666,3.3,98.49811627663051,0.5267860020821293,0.0014931028864036003,2.252540228810782
turbo_lunar_lander_12d,12,ucb,constant,decay_uniform_grid_a2_3,320,296,30,0.21484958255678646,0.0,0.363244333090202,0.06631903837314129,0.0,0.386184294590021,0.0,1.0288431464278807,0.8411081522294348,0.7101089902351165,0.7711295859384595,61.666666666666664,91.63333333333334,1786.4302343774898,1.2162737861275672,0.005656643010055026,3.435404606598119
turbo_lunar_lander_12d,12,ucb,constant,decay_uniform_grid_a2_3,321,297,30,0.22753958918705788,0.0,0.39373989837044526,0.07188674137576148,0.0,0.3238553224734817,0.0,1.215829815996596,0.8407835762975543,0.7099690096035657,0.7708963011662546,61.86666666666667,91.83333333333333,1792.3925567993274,0.97174953520298,0.005157083241889874,3.389268596858407
turbo_lunar_lander_12d,12,ucb,constant,decay_uniform_grid_a2_3,322,298,30,0.2254878379509748,0.0,0.37010836883192494,0.06757223411022908,0.0,0.5382149623700128,0.0,1.215829815996596,0.8407773174565742,0.7098911660353355,0.7708478869752514,62.0,92.16666666666667,1798.5490097811135,1.0559445962154617,0.00530573409050703,3.479348734067753
turbo_lunar_lander_12d,12,ucb,constant,decay_uniform_grid_a2_3,323,299,30,0.2283776185274622,0.0,0.37704543321626205,0.06883876299228478,0.0,0.4338101544515419,0.0,1.0972893410897715,0.8407435802858737,0.7098674208891992,0.7708335695025051,62.03333333333333,92.33333333333333,1804.9109621445648,1.2250595273139575,0.005227733589708805,3.503691772464663
turbo_lunar_lander_12d,12,ucb,constant,decay_uniform_grid_a2_3,324,300,30,0.20543985227904102,0.0,0.364940036150372,0.06662862997876985,0.0,0.3492080515653184,0.0,1.0647710955029401,0.8405131963005991,0.7106208934231828,0.7710537607680453,62.2,92.53333333333333,1810.8279231620331,0.9493630467137942,0.1712649535232534,3.398243438995754
turbo_lunar_lander_12d,12,ucb,constant,decay_uniform_grid_a2_3,325,301,30,0.21264691305853975,0.0,0.38191556906765695,0.06972792408025932,0.0,0.35489926378674325,0.0,1.1584584194680705,0.8404749622288713,0.7105319430968277,0.7710111385980741,62.333333333333336,92.83333333333333,1816.724656860344,1.047312192711979,0.0053773328351477785,3.406374937140693
turbo_lunar_lander_12d,12,ucb,constant,decay_uniform_grid_a2_3,326,302,30,0.20619810316826456,0.0,0.3381875239152587,0.06174431183840167,0.0,0.4203472755912798,0.0,0.9345443316514364,0.840409887995668,0.710414053524161,0.7708841321040694,62.5,93.13333333333334,1822.223820639883,0.9092828938116629,0.005282302138706048,3.2517241745100667
turbo_lunar_lander_12d,12,ucb,constant,decay_uniform_grid_a2_3,327,303,30,0.21785392038902437,0.0,0.36858701805242416,0.0672944747302922,0.0,0.4217340286705654,0.0,1.2281706803340873,0.8404050649437518,0.7102852987148006,0.7707182600233918,62.63333333333333,93.36666666666666,1828.0452258728599,0.9754931878919403,0.005665260972455144,3.397642553069939
turbo_lunar_lander_12d,12,ucb,constant,decay_uniform_grid_a2_3,328,304,30,0.1948318567128126,0.0,0.3320466200162077,0.06062314130874112,0.0,0.3292697250348144,0.0,0.9605281058997228,0.8403894900698776,0.7101987030365654,0.7706332417336003,62.733333333333334,93.53333333333333,1833.8942691985828,1.046576106362045,0.00534031898714602,3.41078610268111
turbo_lunar_lander_12d,12,ucb,constant,decay_uniform_grid_a2_3,329,305,30,0.2261727924948575,0.0,0.38182248325681145,0.06971092901413141,0.0,0.4914178850661876,0.0,1.1357169862320426,0.8389923747306774,0.7076227559996131,0.7685977173340609,62.766666666666666,93.66666666666667,1840.104065596188,1.1849215476308017,0.16530293396984538,3.2981687325208138
turbo_lunar_lander_12d,12,ucb,constant,decay_uniform_grid_a2_3,33,9,30,1.7444107273138496,1.8227143928069962,0.5914325032360215,0.10798030775470537,1.5130072983014418,2.167235250431708,0.0,2.8757953541252212,0.7337940528014838,0.5679959681772782,0.6430784088678249,4.833333333333333,3.8333333333333335,102.49023947734386,0.9029573567522069,0.0015481392852962016,2.279484734125435
turbo_lunar_lander_12d,12,ucb,constant,decay_uniform_grid_a2_3,330,306,30,0.2329330609883097,0.0,0.3984781374694292,0.07275182152155031,0.0,0.4908522081101929,0.0,1.4702046017781258,0.8387998586631105,0.7074923786835708,0.7685103595392581,62.93333333333333,93.8,1846.0018414723686,1.0210927758831532,0.005417543820415934,3.295412435072164
turbo_lunar_lander_12d,12,ucb,constant,decay_uniform_grid_a2_3,331,307,30,0.2109597614324382,0.0,0.33815369805759427,0.061738136109978414,0.0,0.5205949338934767,0.0,0.9277830514900893,0.8387636775754521,0.7074160653588994,0.7684772850590601,63.1,94.06666666666666,1851.613882502246,0.9252257311561455,0.005415113161628445,3.2766334070358427
turbo_lunar_lander_12d,12,ucb,constant,decay_uniform_grid_a2_3,332,308,30,0.22009357711537264,0.0,0.3641704458765791,0.06648812266110553,0.0,0.5510890110376261,0.0,1.110740115923758,0.8386941934566923,0.7073177608523451,0.7683843043982637,63.233333333333334,94.36666666666666,1857.0240301594292,0.9736850918736308,0.005293056834489107,3.1746189289571096
turbo_lunar_lander_12d,12,ucb,constant,decay_uniform_grid_a2_3,333,309,30,0.20893618361136573,0.0,0.3519926008295809,0.06426476251642436,0.0,0.345800975627817,0.0,1.1454792093332316,0.8386695030314907,0.7072205865130676,0.7683177969986653,63.333333333333336,94.46666666666667,1862.60964243426,0.9748784681161244,0.005261515500023961,3.1839807601024708
turbo_lunar_lander_12d,12,ucb,constant,decay_uniform_grid_a2_3,334,310,30,0.22510294028294114,0.0,0.38897413584518004,0.07101663616282797,0.0,0.3713017430931716,0.0,1.1828212724003087,0.8391723813831173,0.7069469531478858,0.7684304252603299,63.4,94.56666666666666,1868.3529244957647,1.0575166520817827,0.16513058640994133,3.2829234657498696
turbo_lunar_lander_12d,12,ucb,constant,decay_uniform_grid_a2_3,335,311,30,0.21352944008022828,0.0,0.37188743087075804,0.06789704491351908,0.0,0.31609696185413,0.0,1.2015554757471751,0.8391656526066998,0.7069200681750634,0.7683780487270842,63.43333333333333,94.66666666666667,1874.3219448240784,1.1284077688120306,0.005540703112880389,3.333774506067857
turbo_lunar_lander_12d,12,ucb,constant,decay_uniform_grid_a2_3,336,312,30,0.22327297587843997,0.0,0.3640181013442025,0.06646030848214045,0.0,0.47068344031846393,0.0,1.1134920114223508,0.8391450529774349,0.7068532684393711,0.7683589800584658,63.56666666666667,94.83333333333333,1879.970264333828,0.9132631013945987,0.005487080508222182,3.32126351975215
turbo_lunar_lander_12d,12,ucb,constant,decay_uniform_grid_a2_3,337,313,30,0.22745954440268654,0.0,0.383128648873918,0.06994940113824039,0.0,0.4596358673604867,0.0,1.1284512201196213,0.8391196297925976,0.7067970070818197,0.7683526286701527,63.63333333333333,95.03333333333333,1886.0846483073817,1.1471793818753213,0.005613931904857357,3.3037402268809575
turbo_lunar_lander_12d,12,ucb,constant,decay_uniform_grid_a2_3,338,314,30,0.22367314078833242,0.0,0.36217929070729415,0.06612458912720207,0.0,0.5616431166226727,0.0,0.9756306280975178,0.8390944999723989,0.706704392688599,0.7682873533442927,63.8,95.26666666666667,1891.8699528255654,0.9686194630805403,0.0053400345612317325,3.2291711612604557
turbo_lunar_lander_12d,12,ucb,constant,decay_uniform_grid_a2_3,339,315,30,0.22391920055777417,0.0,0.3677315494149751,0.0671382882403025,0.0,0.405464704525287,0.0,1.0530285903991325,0.8384546202366295,0.7052356584656635,0.7671972662856508,63.86666666666667,95.43333333333334,1897.871058405641,1.0708203614999852,0.20572143057361245,3.3245309063388655
turbo_lunar_lander_12d,12,ucb,constant,decay_uniform_grid_a2_3,34,10,30,1.7483766673768828,1.7036224891661242,0.5893488059548074,0.107599878420061,1.4319095218825089,2.155544630831283,0.0,2.8588028578504825,0.7546366392913116,0.5917813354723783,0.665448104885841,5.266666666666667,4.4,106.42261512549594,0.9636623268326123,0.011793116247281432,2.243576497382795
turbo_lunar_lander_12d,12,ucb,constant,decay_uniform_grid_a2_3,340,316,30,0.2400017519220978,0.0,0.3928141520492658,0.07171772399488235,0.0,0.5478619301140008,0.0,1.0217291660067633,0.83842709706394,0.7050886979369628,0.7670036852645138,64.06666666666666,95.63333333333334,1903.3807592651185,0.9220855879131704,0.005552685198684533,3.237639932318901
turbo_lunar_lander_12d,12,ucb,constant,decay_uniform_grid_a2_3,341,317,30,0.23664145137317572,0.0,0.3906640929865997,0.07132517871201881,0.0,0.4718374068619191,0.0,1.1204165283881444,0.8384217367394139,0.7050377770888632,0.766988451365673,64.16666666666667,95.93333333333334,1909.3031233709771,0.9744737725394468,0.005713340950508913,3.4074692589386055
turbo_lunar_lander_12d,12,ucb,constant,decay_uniform_grid_a2_3,342,318,30,0.2266918697317196,0.0,0.37764759844723766,0.06894870281906834,0.0,0.5185978246630992,0.0,1.184766585588516,0.8384086925146073,0.7049515108450067,0.7669085905467296,64.3,96.1,1915.1658250626797,1.0063697218584517,0.00584090769601365,3.424291318655014
turbo_lunar_lander_12d,12,ucb,constant,decay_uniform_grid_a2_3,343,319,30,0.2291346257765014,0.0,0.3851725385115216,0.07032256262476257,0.0,0.48386639523409986,0.0,1.0655138306092105,0.8382444877949041,0.7049176740371019,0.7668740234216637,64.33333333333333,96.26666666666667,1921.483484412559,1.1090483162552118,0.005813885123158494,3.449826180220892
turbo_lunar_lander_12d,12,ucb,constant,decay_uniform_grid_a2_3,344,320,30,0.21963389623062557,0.0,0.35556874272001693,0.06491767371050136,0.0,0.4547118686541271,0.0,0.942611018568553,0.8368284667579584,0.7026743855813707,0.7649247315582749,64.5,96.46666666666667,1927.714663375495,1.017427510706087,0.20566803493226568,3.4601377908761304
turbo_lunar_lander_12d,12,ucb,constant,decay_uniform_grid_a2_3,345,321,30,0.22206719568295216,0.0,0.37084048676087067,0.06770589994504159,0.0,0.3953548632886443,0.0,1.0322818459283716,0.8367302679861446,0.7026118169952256,0.7648530135258774,64.6,96.73333333333333,1933.9897246244518,1.140062711155042,0.006008158313731352,3.538342716979484
turbo_lunar_lander_12d,12,ucb,constant,decay_uniform_grid_a2_3,346,322,30,0.24271817142469532,0.0,0.39463133890031915,0.07204949540472358,0.0,0.5466378155032491,0.0,1.0345675678206891,0.8363374172904668,0.7024900037057455,0.764781676917455,64.76666666666667,97.0,1940.0963650215106,1.1068399636851003,0.006122993895163139,3.5483402985458574
turbo_lunar_lander_12d,12,ucb,constant,decay_uniform_grid_a2_3,347,323,30,0.21820090029537062,0.0,0.3693940946394492,0.06744182608107484,0.0,0.40662871225749536,0.0,1.0219137058474148,0.8363089944521563,0.7023177319279215,0.7645772693456802,65.03333333333333,97.43333333333334,1946.019230874302,0.9545334887380401,0.006120112646992008,3.5126616208969303
turbo_lunar_lander_12d,12,ucb,constant,decay_uniform_grid_a2_3,348,324,30,0.22559053771288215,0.0,0.3696477915446296,0.06748814458698701,0.0,0.4652941435414308,0.0,0.9802785166742509,0.8362487745704208,0.7022207876937322,0.7644968571346744,65.2,97.6,1951.95665485356,1.0379096778885772,0.0062072656272600096,3.4495669001868614
turbo_lunar_lander_12d,12,ucb,constant,decay_uniform_grid_a2_3,349,325,30,0.225540369519129,0.0,0.38240570773246946,0.06981741074793375,0.0,0.36833862581958055,0.0,1.0924621424501813,0.835042343017739,0.7007762553613418,0.7631696723222052,65.46666666666667,97.83333333333333,1958.1982450766022,1.0213403696659953,0.21720171151682735,3.5254435734512906
turbo_lunar_lander_12d,12,ucb,constant,decay_uniform_grid_a2_3,35,11,30,1.719170260048344,1.6622201476317837,0.6206543405444879,0.11331546090990306,1.4496179118283492,2.160459575776397,0.0,2.8090388955859167,0.7534513299400617,0.5899825440700762,0.6637898117690705,5.8,4.9,110.75349013605155,0.7769363815740993,0.0015620422239104907,2.5693433714099227
turbo_lunar_lander_12d,12,ucb,constant,decay_uniform_grid_a2_3,350,326,30,0.22223690797438014,0.0,0.38594406806076587,0.07046342400406352,0.0,0.3518261626611524,0.0,1.064710827002942,0.8350325389017051,0.7007309237308115,0.7631507868991169,65.56666666666666,98.13333333333334,1964.5096363476478,1.1616750358603896,0.006456281368931134,3.547473866523554
turbo_lunar_lander_12d,12,ucb,constant,decay_uniform_grid_a2_3,351,327,30,0.2376567167550455,0.0,0.4059462755144543,0.07411531074482457,0.0,0.31564097166764743,0.0,1.1614926583333558,0.8350109165728596,0.7005500785078712,0.763000583013717,65.83333333333333,98.43333333333334,1970.245860894226,0.8770511191959183,0.006299009639769792,3.4877114243339746
turbo_lunar_lander_12d,12,ucb,constant,decay_uniform_grid_a2_3,352,328,30,0.21843035101249697,0.0,0.37682639288224323,0.06879877188163626,0.0,0.31892808436659814,0.0,1.0679805265033115,0.8349893413171504,0.7004187152510083,0.7629221206417063,66.03333333333333,98.83333333333333,1976.2308958870049,1.0329935929427545,0.006597386083255211,3.623928807862103
turbo_lunar_lander_12d,12,ucb,constant,decay_uniform_grid_a2_3,353,329,30,0.2158705559090248,0.0,0.361439135679786,0.06598945592566305,0.0,0.33313847491137677,0.0,0.9613579068435261,0.8348901691993723,0.7003665549099366,0.7628441337565136,66.13333333333334,99.13333333333334,1982.611645240135,1.125090722134337,0.006405506189912558,3.6025163396572073
turbo_lunar_lander_12d,12,ucb,constant,decay_uniform_grid_a2_3,354,330,30,0.20657212999301192,0.0,0.3515232456609709,0.06417907037864792,0.0,0.3515705441926025,0.0,1.0833565049179898,0.8338242137952249,0.6987384428038761,0.7614218329619643,66.23333333333333,99.33333333333333,1989.2378344593415,1.1674745205945025,0.2297237772649775,3.4914073357669015
turbo_lunar_lander_12d,12,ucb,constant,decay_uniform_grid_a2_3,355,331,30,0.21849876697218948,0.0,0.36600254393552106,0.06682261647258685,0.0,0.45246275437554834,0.0,1.0485251803823306,0.8338194841611272,0.6987014279685325,0.7613525121061445,66.26666666666667,99.46666666666667,1995.663250828193,1.1906505804974585,0.006313474010676145,3.5122287669839958
turbo_lunar_lander_12d,12,ucb,constant,decay_uniform_grid_a2_3,356,332,30,0.22175763943295615,0.0,0.3871804819669629,0.07068916126634259,0.0,0.4200140683681437,0.0,1.1993186262102347,0.833789941592854,0.6986012826610949,0.7612146233922281,66.36666666666666,99.6,2001.8283689721488,1.1072528634375582,0.006261138711124659,3.5263813248525064
turbo_lunar_lander_12d,12,ucb,constant,decay_uniform_grid_a2_3,357,333,30,0.2166064147404351,0.0,0.38373603411483675,0.07006029400408935,0.0,0.3135204060165681,0.0,1.302153722067907,0.8337744444225323,0.6985263543550804,0.7611183668619309,66.46666666666667,99.8,2008.0869923016987,1.1643220032099635,0.006453940986345211,3.47969643031247
turbo_lunar_lander_12d,12,ucb,constant,decay_uniform_grid_a2_3,358,334,30,0.20728794558806263,0.0,0.3516132589682492,0.06419550448493858,0.0,0.3135503226164282,0.0,1.068050780712999,0.8337644647460896,0.6984155350963069,0.7609633924827205,66.63333333333334,100.06666666666666,2014.0468544506934,1.0325926940112065,0.00629507233388722,3.4494162194120386
turbo_lunar_lander_12d,12,ucb,constant,decay_uniform_grid_a2_3,359,335,30,0.20449600462922987,0.0,0.3517537242623917,0.06422114982165474,0.0,0.36082663685536237,0.0,1.1096173811288481,0.8328570882009824,0.6965859530018808,0.7594687552879302,66.8,100.4,2020.2050761055978,0.9553500706174721,0.24006538352308174,3.5409443882294
turbo_lunar_lander_12d,12,ucb,constant,decay_uniform_grid_a2_3,36,12,30,1.7482398488197977,1.773079997151925,0.5884357715457577,0.10743318190618935,1.4862347500006714,2.083143086052091,0.0,3.0235401698265694,0.7517665647713214,0.5882785440607429,0.6619607316588542,6.2,5.566666666666666,115.39296309292938,1.1154741801321506,0.0016222425270825624,2.5678325896461804
turbo_lunar_lander_12d,12,ucb,constant,decay_uniform_grid_a2_3,360,336,30,0.19774203528565473,0.0,0.3310536796679093,0.06044185603306776,0.0,0.40051587149835066,0.0,0.9543177261277391,0.8328530472948379,0.6965423512412674,0.7594303014682247,66.86666666666666,100.63333333333334,2026.3978735720893,1.1256743394304067,0.0063173808157444,3.432192851277068
turbo_lunar_lander_12d,12,ucb,constant,decay_uniform_grid_a2_3,361,337,30,0.21689023390879447,0.0,0.3663713323739151,0.06688994772147201,0.0,0.4374752395956591,0.0,1.0348990472468493,0.8327633385941827,0.6964192704978719,0.7593442483294089,67.03333333333333,100.86666666666666,2032.4563851131127,1.0111540307601292,0.006444659254824122,3.6200911942714202
turbo_lunar_lander_12d,12,ucb,constant,decay_uniform_grid_a2_3,362,338,30,0.23768109490086803,0.0,0.3877912086022735,0.0708006641845522,0.0,0.5499319371896346,0.0,1.1930475463128665,0.8327196750573097,0.6963455520606728,0.7592844103038356,67.16666666666667,101.1,2038.797378096326,1.11776515385136,0.0067373200009266535,3.700852706624816
turbo_lunar_lander_12d,12,ucb,constant,decay_uniform_grid_a2_3,363,339,30,0.23550425235567685,0.0,0.3812067936557935,0.06959851998649845,0.0,0.5564244111956174,0.0,1.061479341924264,0.8327039452127747,0.6962935640073891,0.7592383713942965,67.3,101.36666666666666,2045.1720915477258,1.130952235730365,0.006710602606957158,3.643876325013116
turbo_lunar_lander_12d,12,ucb,constant,decay_uniform_grid_a2_3,364,340,30,0.23064735804725353,0.0,0.38384521582815606,0.0700802277665067,0.0,0.5320165319217397,0.0,1.0617551187125653,0.8321547379530159,0.6949153990305542,0.7581343249468838,67.53333333333333,101.6,2051.303007795662,0.9431863836478442,0.24641297015671929,3.4638597884991515
turbo_lunar_lander_12d,12,ucb,constant,decay_uniform_grid_a2_3,365,341,30,0.22281747735258406,0.0,0.3566167810678141,0.06510901845857435,0.0,0.5796771284953756,0.0,1.0205845017788553,0.8321422274138114,0.6948487337939268,0.7580911333428528,67.63333333333334,101.86666666666666,2057.356393300276,1.116548578379055,0.006451018915201227,3.398871407735472
turbo_lunar_lander_12d,12,ucb,constant,decay_uniform_grid_a2_3,366,342,30,0.21114521571989361,0.0,0.3461717133026172,0.06320201871535154,0.0,0.43170277060302525,0.0,0.9518322547249662,0.8321366776741479,0.6948144726253734,0.7580688245337576,67.7,102.03333333333333,2063.392861807191,1.1807706093415617,0.006595224856088559,3.3260560149947804
turbo_lunar_lander_12d,12,ucb,constant,decay_uniform_grid_a2_3,367,343,30,0.23143288547349278,0.0,0.3902534367837873,0.07125020349013222,0.0,0.4679545815839768,0.0,1.0920659886010635,0.8319618535303376,0.6947354813486147,0.7579878594143639,67.76666666666667,102.16666666666667,2069.4523289971053,1.1431868609040976,0.006453699835886558,3.3101063741371037
turbo_lunar_lander_12d,12,ucb,constant,decay_uniform_grid_a2_3,368,344,30,0.22357883136146484,0.0,0.37697585977307346,0.0688260606775389,0.0,0.3231774127611444,0.0,1.0523122026583271,0.8319273532255615,0.6946038889613536,0.7577983638732524,67.9,102.23333333333333,2075.126004581712,0.9748212717007846,0.006726611452177167,3.3430169652216137
turbo_lunar_lander_12d,12,ucb,constant,decay_uniform_grid_a2_3,369,345,30,0.2149017559450025,0.0,0.36521990388484604,0.06667972660253293,0.0,0.32003513892291036,0.0,1.1135280689751268,0.8310281010473375,0.6931168932307415,0.7565429066994823,67.96666666666667,102.43333333333334,2081.343660041333,1.1612942520373812,0.24264106053548554,3.1958434271626173
turbo_lunar_lander_12d,12,ucb,constant,decay_uniform_grid_a2_3,37,13,30,1.701572648576395,1.7853288437312709,0.6194665179450365,0.11309859516589175,1.2623853279332016,2.0250227273059678,0.0,3.050979532308128,0.7498527214615047,0.5865427559993163,0.6599518738283365,6.7,6.066666666666666,119.82532950343254,1.0018737878960868,0.0016484795603901147,2.4483222372829916
turbo_lunar_lander_12d,12,ucb,constant,decay_uniform_grid_a2_3,370,346,30,0.2120990631649472,0.0,0.3487485667046384,0.06367248562724186,0.0,0.3791440620165758,0.0,0.9500861989533884,0.8310205370940859,0.6930697474397794,0.7564769710708773,68.06666666666666,102.53333333333333,2087.034751129911,1.0638394095314045,0.006344387726858258,3.1582040077541023
turbo_lunar_lander_12d,12,ucb,constant,decay_uniform_grid_a2_3,371,347,30,0.17742815001561082,0.0,0.2965874141147125,0.05414920566091805,0.0,0.3500859283160698,0.0,0.7944212733596085,0.8309968623609261,0.693007478116865,0.7564163273427587,68.13333333333334,102.7,2092.6559580503654,1.074157458730042,0.006448823089400927,3.1125563478718203
turbo_lunar_lander_12d,12,ucb,constant,decay_uniform_grid_a2_3,372,348,30,0.18327675911761468,0.0,0.3216254048597479,0.05872049643613853,0.0,0.24174446178298348,0.0,0.9811887014890532,0.8309464771263319,0.692917270602763,0.7563367151147792,68.26666666666667,102.9,2098.0999518445074,0.9751720081393918,0.00626112554843227,3.036268610972911
turbo_lunar_lander_12d,12,ucb,constant,decay_uniform_grid_a2_3,373,349,30,0.2288297695340336,0.0,0.4114858886260505,0.07512670109851544,0.0,0.4116080360138387,0.0,1.6596533508296698,0.8309422418621106,0.6928641122222033,0.756309380249042,68.33333333333333,103.03333333333333,2103.8570865912675,1.0794721848176172,0.006451881397515536,3.1514077750810734
turbo_lunar_lander_12d,12,ucb,constant,decay_uniform_grid_a2_3,374,350,30,0.194648487425244,0.0,0.3372147279158182,0.061566704400820224,0.0,0.3069898894554755,0.0,1.1812679481082642,0.8328846423455565,0.6937925814104706,0.7577071412265981,68.43333333333334,103.13333333333334,2109.9243757194063,1.0804740590664248,0.256791062032183,3.304392755528291
turbo_lunar_lander_12d,12,ucb,constant,decay_uniform_grid_a2_3,375,351,30,0.17789607285051218,0.0,0.3162429802883663,0.05773780465219994,0.0,0.3022407504638314,0.0,1.2354340397167949,0.8328809490400021,0.6937002672238978,0.7576285323980332,68.53333333333333,103.33333333333333,2115.817182732451,1.0409546747648468,0.007073495785395304,3.4505189362137267
turbo_lunar_lander_12d,12,ucb,constant,decay_uniform_grid_a2_3,376,352,30,0.187140545433098,0.0,0.3162512544412142,0.057739315298919625,0.0,0.31239966342008507,0.0,0.9145640963201773,0.8327254319148509,0.6936150655453361,0.7575500013597947,68.66666666666667,103.5,2121.6724858797,1.0557057793873053,0.007308751981084546,3.3477240135738007
turbo_lunar_lander_12d,12,ucb,constant,decay_uniform_grid_a2_3,377,353,30,0.21007843652689473,0.0,0.36284364157514754,0.06624588244600921,0.0,0.3914110548584919,0.0,1.2322556709256283,0.8327157295944869,0.6935043422239133,0.7574909680638622,68.8,103.76666666666667,2127.566062104345,1.0371673704280207,0.006996755317474405,3.3309195560403166
turbo_lunar_lander_12d,12,ucb,constant,decay_uniform_grid_a2_3,378,354,30,0.21470865992412647,0.0,0.35698535279682,0.06517631014191941,0.0,0.4103624171435624,0.0,1.0869323373242763,0.8326428880754353,0.6934024965740878,0.7573998472052497,68.93333333333334,103.96666666666667,2133.263504676971,1.0378573204080264,0.006814076115066806,3.2248950600779307
turbo_lunar_lander_12d,12,ucb,constant,decay_uniform_grid_a2_3,379,355,30,0.19145200721240277,0.0,0.34511219297252593,0.06300857765370944,0.0,0.2928627872471489,0.0,1.3166491668033924,0.8329156107874524,0.6936421285874846,0.7577282695554849,68.96666666666667,104.13333333333334,2139.6840148624497,1.0912452365737408,0.25917112642588713,3.3757682900565364
turbo_lunar_lander_12d,12,ucb,constant,decay_uniform_grid_a2_3,38,14,30,1.6685444551095514,1.756286985777556,0.5616200910512142,0.1025373308722851,1.3089968839321584,1.9174779843338168,0.45459668351369564,3.011257988755919,0.7482769661132238,0.584774858639263,0.6581725941499078,7.266666666666667,6.6,123.90750230619064,0.8271292568494876,0.0015551403630524874,2.612890724527339
turbo_lunar_lander_12d,12,ucb,constant,decay_uniform_grid_a2_3,380,356,30,0.18519239465613443,0.0,0.30371300223249975,0.055450154110119,0.0,0.41687479654372694,0.0,0.9066939225832618,0.8329063166245394,0.693575348211115,0.7576298048094626,69.03333333333333,104.23333333333333,2145.712847757262,1.129258081363514,0.007430164407317837,3.3341644583269954
turbo_lunar_lander_12d,12,ucb,constant,decay_uniform_grid_a2_3,381,357,30,0.18138741534130348,0.0,0.3055825533340992,0.05579148588037055,0.0,0.3760947634503061,0.0,0.9628106622232764,0.8328831398763868,0.6935636379652113,0.7576257671367717,69.06666666666666,104.33333333333333,2151.5578804100865,1.0497646741879483,0.007639425108209252,3.266149434711163
turbo_lunar_lander_12d,12,ucb,constant,decay_uniform_grid_a2_3,382,358,30,0.20145375109821587,0.0,0.3572028359313353,0.0652160169481364,0.0,0.3250887677968622,0.0,1.1124350596851353,0.8328785839502022,0.6935316646327696,0.757608857678764,69.16666666666667,104.46666666666667,2157.497605283915,1.0657739320459465,0.007243930191422502,3.3114973911705117
turbo_lunar_lander_12d,12,ucb,constant,decay_uniform_grid_a2_3,383,359,30,0.18204798662483293,0.0,0.3409281176086031,0.062244673500668715,0.0,0.07161804229014784,0.0,1.0188505631520075,0.8328719767910199,0.6934052304283699,0.7574944423142255,69.33333333333333,104.66666666666667,2163.332438166595,1.055974967017149,0.007347877991075317,3.3075302886776625
turbo_lunar_lander_12d,12,ucb,constant,decay_uniform_grid_a2_3,384,360,30,0.1753641824406903,0.0,0.32104852039328935,0.05861517222435397,0.0,0.27118884412778593,0.0,1.0871315454615569,0.8331899674606501,0.693450616729118,0.7576749676397775,69.43333333333334,104.93333333333334,2169.5409850261017,1.1423065601227185,0.28759451739800473,3.2397093984298406
turbo_lunar_lander_12d,12,ucb,constant,decay_uniform_grid_a2_3,385,361,30,0.17897228778185603,0.0,0.31734823529634626,0.057939595685422,0.0,0.254881453096309,0.0,0.9682478790006339,0.8331710020442338,0.6933671196800895,0.7575999525565109,69.5,105.1,2175.4208901063694,1.0754793067928403,0.007159856520593167,3.21941075467815
turbo_lunar_lander_12d,12,ucb,constant,decay_uniform_grid_a2_3,386,362,30,0.17654312594391805,0.0,0.3233373909897878,0.059033060909991476,0.0,0.2067760006928444,0.0,0.936392341946287,0.8331254130302777,0.6933187164435161,0.7575293810668635,69.53333333333333,105.2,2181.389646365416,1.1290807781585803,0.007515638026719292,3.232177418858434
turbo_lunar_lander_12d,12,ucb,constant,decay_uniform_grid_a2_3,387,363,30,0.18519488077461954,0.0,0.3282586829267976,0.05993156177864766,0.0,0.28356042039447193,0.0,0.9549552626325974,0.8331205944528915,0.6932265845008954,0.7574553855484892,69.7,105.33333333333333,2186.8536012023224,0.9363425749043623,0.007607009401544929,3.28080775141716
turbo_lunar_lander_12d,12,ucb,constant,decay_uniform_grid_a2_3,388,364,30,0.196476382174035,0.0,0.3506974034150599,0.06402829290297253,0.0,0.3386747207665699,0.0,1.1289462630167901,0.8330960436988686,0.6931299072256744,0.7573391766453285,69.8,105.53333333333333,2192.539757481776,1.00050578409185,0.007580541602025429,3.2812221457095196
turbo_lunar_lander_12d,12,ucb,constant,decay_uniform_grid_a2_3,389,365,30,0.20287264081412903,0.0,0.35692639001889825,0.06516554506074579,0.0,0.2832113983619823,0.0,1.2427522721830315,0.8369022805736577,0.6978816825256882,0.7617480639992446,69.96666666666667,105.73333333333333,2198.6064223179437,1.0096928104137382,0.28393355049192903,3.35647578916202
turbo_lunar_lander_12d,12,ucb,constant,decay_uniform_grid_a2_3,39,15,30,1.604838448075373,1.749924580180563,0.6555044345807053,0.11967818845484059,1.3300408538427417,1.9189486150983561,0.0,3.047707752746139,0.755004108473828,0.5940500244118824,0.6670021824993398,7.733333333333333,6.966666666666667,128.59694462201247,0.993586243983979,0.012561811646446586,2.6335855369611334
turbo_lunar_lander_12d,12,ucb,constant,decay_uniform_grid_a2_3,390,366,30,0.1696463200020909,0.0,0.3111858157304412,0.05681449695040287,0.0,0.19034259254164215,0.0,0.9786624191443312,0.8366929333962354,0.6977332228456852,0.7615858039308441,70.13333333333334,106.0,2204.1111273753922,0.913672411426281,0.007900477387011051,3.220818415656686
turbo_lunar_lander_12d,12,ucb,constant,decay_uniform_grid_a2_3,391,367,30,0.1735775105426243,0.0,0.31606231189489253,0.057704819267355344,0.0,0.1869808891577064,0.0,0.8755499084968179,0.8366913762600204,0.6976864913590303,0.7615197206142077,70.2,106.16666666666667,2210.1076786166986,1.1059031665480386,0.00782297325010101,3.3418624902764957
turbo_lunar_lander_12d,12,ucb,constant,decay_uniform_grid_a2_3,392,368,30,0.17445245542992713,0.0,0.30681269962374413,0.056016078837660487,0.0,0.2953454427595834,0.0,0.8894447620287524,0.8366774563317609,0.6975990907409114,0.7613978020593021,70.36666666666666,106.4,2215.8804463535703,1.0578037589943656,0.007615698641166091,3.296719514594103
turbo_lunar_lander_12d,12,ucb,constant,decay_uniform_grid_a2_3,393,369,30,0.15950495945870832,0.0,0.2917636143740855,0.05326850435064172,0.0,0.24977338672809352,0.0,0.9747316797077363,0.836612924781276,0.6975386571947961,0.7613705494034166,70.43333333333334,106.63333333333334,2221.648211985035,1.077476349581654,0.007478853159894546,3.2199718820552032
turbo_lunar_lander_12d,12,ucb,constant,decay_uniform_grid_a2_3,394,370,30,0.19471671705507218,0.0,0.34186423393286,0.06241558417641682,0.0,0.2988911325837889,0.0,0.9440593954676388,0.8368990552900581,0.6974075789021671,0.7614426167595485,70.53333333333333,106.8,2227.614708515412,1.0280856366579731,0.2838906358461827,3.230448012147099
turbo_lunar_lander_12d,12,ucb,constant,decay_uniform_grid_a2_3,395,371,30,0.16811163425171458,0.0,0.30869850325844767,0.05636037790091127,0.0,0.22121199125952928,0.0,0.9440593954676388,0.8368775483071578,0.69730171440162,0.7613255238674115,70.7,107.0,2232.994919520958,0.9551743167297294,0.007516184107710918,3.1136286408640443
turbo_lunar_lander_12d,12,ucb,constant,decay_uniform_grid_a2_3,396,372,30,0.17874127265532788,0.0,0.3372955489098003,0.061581460227994884,0.0,0.17034414101305462,0.0,1.1239166350106125,0.8368378727449755,0.6972010234032833,0.7612570410993365,70.86666666666666,107.13333333333334,2238.6547668481558,0.9363058106663327,0.00786324815514187,3.309140194983532
turbo_lunar_lander_12d,12,ucb,constant,decay_uniform_grid_a2_3,397,373,30,0.16690588794076114,0.0,0.3152532858735885,0.05755711200019638,0.0,0.1444934466609335,0.0,1.1736091596607805,0.836831820311306,0.6971677359593114,0.7612327542364007,70.9,107.33333333333333,2244.7098889207,1.1660780374581614,0.008115654438734054,3.3091338568056625
turbo_lunar_lander_12d,12,ucb,constant,decay_uniform_grid_a2_3,398,374,30,0.1949520862430584,0.0,0.35963064503196895,0.06565927221804753,0.0,0.1594375969903402,0.0,1.1676488675101253,0.8367738879746086,0.6970860646405067,0.7611617537717259,71.0,107.46666666666667,2250.3706266389386,1.0993015189499904,0.007824808250491817,3.20358060815682
turbo_lunar_lander_12d,12,ucb,constant,decay_uniform_grid_a2_3,399,375,30,0.164331098314442,0.0,0.3206799851847963,0.0585478872087118,0.0,0.14760794365201207,0.0,1.0799069613318215,0.8364390631429512,0.6961428490939007,0.7604648759095463,71.1,107.66666666666667,2256.879931806882,1.1894437283743173,0.3036123972851783,3.4552686367649583
turbo_lunar_lander_12d,12,ucb,constant,decay_uniform_grid_a2_3,4,0,30,2.595645094133169,2.564495860183216,0.4117674774771014,0.07517811195373629,2.343690395189023,2.806821168018637,1.789051247974039,3.44375256820605,0.9990418345947157,0.9894573972412446,0.9968310059885063,0.0,0.0,9.044434893969447,0.0,0.0014467079658061267,2.284116309058542
turbo_lunar_lander_12d,12,ucb,constant,decay_uniform_grid_a2_3,40,16,30,1.565186628107872,1.7179831740718372,0.7003183390405191,0.12786005057568103,1.2054455707591685,1.8606428429536206,0.0,3.017869037743098,0.7545020418752367,0.5930071884132054,0.6659426369110055,8.0,7.366666666666666,133.37978122268493,1.2620244555640965,0.0015564174856990576,2.580215784193327
turbo_lunar_lander_12d,12,ucb,constant,decay_uniform_grid_a2_3,400,376,30,0.15896516462716798,0.0,0.30162967656708667,0.055069792622926925,0.0,0.14898540002775823,0.0,0.9627919679813677,0.8364253515576991,0.6960953309950288,0.7604485263760155,71.16666666666667,107.83333333333333,2262.9408401371757,1.1357838524505497,0.007711327883104483,3.4437816253863276
turbo_lunar_lander_12d,12,ucb,constant,decay_uniform_grid_a2_3,41,17,30,1.4768641985336315,1.5818135262107096,0.701811605851828,0.1281326825479903,1.0556897221556005,1.8978077786052103,0.0,3.083689102292041,0.7540281966915322,0.5917446343508159,0.6648168260336342,8.4,7.833333333333333,138.28311408463244,1.2055315657674024,0.0016027708537876607,2.6831321508002777
turbo_lunar_lander_12d,12,ucb,constant,decay_uniform_grid_a2_3,42,18,30,1.4877879033167623,1.5847384665458946,0.6540775708219384,0.11941767996578617,1.1006932333616626,1.9100195390518828,0.0,2.8170112788820285,0.7528503334193607,0.5903207251570811,0.6634056822396863,8.8,8.3,142.55064063348496,0.9567862840214123,0.0015561576932668687,2.723125620667512
turbo_lunar_lander_12d,12,ucb,constant,decay_uniform_grid_a2_3,43,19,30,1.4988353014054687,1.573681839657031,0.651533922758166,0.11895327549149201,1.208643830568683,1.8907714239096636,0.0,2.817455619683796,0.7518773412768608,0.588964875069053,0.6619894917889567,9.266666666666667,8.9,147.28786587784998,1.057307138045629,0.0017022350026915471,2.8094171514113744
turbo_lunar_lander_12d,12,ucb,constant,decay_uniform_grid_a2_3,44,20,30,1.503151415843503,1.5704892383715134,0.6439996269484035,0.11757770756818416,1.1027096242598093,1.882742863698612,0.0,2.7940843480611397,0.7552936406165698,0.5985576767621374,0.6687473545799816,9.733333333333333,9.433333333333334,152.06709628007374,0.9677986291702837,0.01296864408068359,2.707740572684755
turbo_lunar_lander_12d,12,ucb,constant,decay_uniform_grid_a2_3,45,21,30,1.4567481271762113,1.473986184661148,0.592556707171264,0.10818555837289483,1.19570220623692,1.8490977348744113,0.0,2.645409373508403,0.7542965802980055,0.5971882704037443,0.6675107603716378,10.2,10.033333333333333,156.4963036305271,0.8606683074186245,0.001604404797156652,2.6186709920720506
turbo_lunar_lander_12d,12,ucb,constant,decay_uniform_grid_a2_3,46,22,30,1.476198468592419,1.651816247426058,0.6236860282286942,0.11386896882055321,1.006941385001682,1.8451591024567262,0.0,2.630969569005126,0.7530891773875558,0.5960947094219905,0.6664877267304877,10.533333333333333,10.566666666666666,161.07876701286685,1.1819805454617986,0.0016101549689968428,2.566770634179314
turbo_lunar_lander_12d,12,ucb,constant,decay_uniform_grid_a2_3,47,23,30,1.5415575762311182,1.6713503112429695,0.6217156170023971,0.11350922259515175,1.3054209885079209,1.7713194087146809,0.0,2.7974505649360646,0.7519094426493591,0.5947829802112937,0.6653446293779516,11.0,10.966666666666667,165.40693852251084,0.8484046652292212,0.0014989727487166723,2.689691052166745
turbo_lunar_lander_12d,12,ucb,constant,decay_uniform_grid_a2_3,48,24,30,1.4218109432076047,1.6217467787745377,0.685669129560211,0.12518548308168662,1.0549433279623202,1.7286452564017873,0.0,2.806185434284217,0.751199115625542,0.5937977251116376,0.6643207469209709,11.333333333333334,11.5,170.15606933878735,1.171849115472287,0.001562795943270127,2.745773957685257
turbo_lunar_lander_12d,12,ucb,constant,decay_uniform_grid_a2_3,49,25,30,1.387600601372072,1.5932429916657633,0.6996418312741888,0.1277365377210322,1.087301636121592,1.8450138041526933,0.0,2.6439298974387953,0.7619743311686841,0.6085300181430001,0.6775106049386672,11.7,11.866666666666667,175.4469541382355,1.225230880655969,0.014522411782915393,2.9470657809016605
turbo_lunar_lander_12d,12,ucb,constant,decay_uniform_grid_a2_3,5,0,30,2.5186555437315987,2.4763517558143135,0.40486694848409394,0.07391825349100675,2.3297896836775625,2.7074990324575405,1.8046623785139477,3.4967428332889448,0.9988791369565952,0.9872952692566848,0.996150874403876,0.0,0.0,11.930105053369576,0.0,0.0014608707123746475,2.454596886923537
turbo_lunar_lander_12d,12,ucb,constant,decay_uniform_grid_a2_3,50,26,30,1.3947024998577673,1.5634019489718396,0.7053134563018588,0.12877203004282078,1.055310143435881,1.8335008930670254,0.0,2.631544724515538,0.7609544691946731,0.607493142977583,0.6764725110091238,12.133333333333333,12.4,180.61745336935854,1.1388297526010622,0.0017108347732573749,2.8083046605344864
turbo_lunar_lander_12d,12,ucb,constant,decay_uniform_grid_a2_3,51,27,30,1.3923949966905935,1.5715419309514083,0.6926986195265106,0.12646888648911944,1.0804891047357101,1.8773226895149537,0.0,2.569203974803541,0.7595694148665255,0.6066562821561218,0.6757293442688652,12.5,12.8,185.7556828254213,1.1691875734366477,0.0016089142300188541,2.962609695782885
turbo_lunar_lander_12d,12,ucb,constant,decay_uniform_grid_a2_3,52,28,30,1.4064309653679006,1.5444826929572621,0.67651355306912,0.12351391115797511,1.1905666153197152,1.8457601821076741,0.0,2.5696189224357115,0.7585341203119818,0.6056021555493885,0.6747512205749296,12.966666666666667,13.433333333333334,190.98189495297459,1.011458454762275,0.0016712866413096587,3.1160264077441147
turbo_lunar_lander_12d,12,ucb,constant,decay_uniform_grid_a2_3,53,29,30,1.3849666301007748,1.6180641487921281,0.7070524360685222,0.12908952285790298,0.980876752033732,1.7814884029992317,0.0,2.596489008076931,0.7577653784363474,0.6046469637183872,0.6736537267433427,13.333333333333334,13.733333333333333,196.28381653532077,1.2199513821396977,0.0016630726090321938,3.0216692147000384
turbo_lunar_lander_12d,12,ucb,constant,decay_uniform_grid_a2_3,54,30,30,1.417115580675737,1.5419448248091059,0.6533511953963737,0.1192850625638531,1.0486504958023661,1.84531218391082,0.0,2.6429612902206623,0.7763279828615718,0.6303228904844528,0.6969887427646194,13.6,14.233333333333333,202.03057858964118,1.3395329527091235,0.014104917676498492,3.2933324112401654
turbo_lunar_lander_12d,12,ucb,constant,decay_uniform_grid_a2_3,55,31,30,1.3694356809369632,1.5665495510256044,0.7055923733683728,0.12882295309915506,1.1290448658792345,1.7953707305490862,0.0,2.7022795780930533,0.7759335454780885,0.6294526900284794,0.6962588464845622,14.033333333333333,14.733333333333333,207.21748183697153,1.0541948668348293,0.0017272688603649537,3.004663130470241
turbo_lunar_lander_12d,12,ucb,constant,decay_uniform_grid_a2_3,56,32,30,1.327109596038962,1.5373700272523314,0.7142600986035422,0.1304054559770081,0.9897212791722179,1.7334906542913242,0.0,2.692778504618868,0.7754368545490701,0.6285165629572187,0.6950762495401706,14.433333333333334,15.166666666666666,212.5780797299153,1.1968167178488025,0.0016536972485482692,3.016158204882716
turbo_lunar_lander_12d,12,ucb,constant,decay_uniform_grid_a2_3,57,33,30,1.3000223181875643,1.518214363709104,0.7210874252545459,0.13165194958174506,1.0565981290824662,1.7757947461433887,0.0,2.5738783512064254,0.7748643745681869,0.6276817588331142,0.6943773279083376,14.866666666666667,15.733333333333333,217.44576686623816,1.1072071114710222,0.0017675602342933417,2.9936214638253054
turbo_lunar_lander_12d,12,ucb,constant,decay_uniform_grid_a2_3,58,34,30,1.2954868860116924,1.5455842547766983,0.7570081761768986,0.13821015143597742,0.7741470287632857,1.831343770716473,0.0,2.5469793630391737,0.7732996717090477,0.6266050217175505,0.6934020599347546,15.433333333333334,16.066666666666666,222.2042245416902,0.8994827055527518,0.0017755733182032902,3.0270431619447966
turbo_lunar_lander_12d,12,ucb,constant,decay_uniform_grid_a2_3,59,35,30,1.266111097738835,1.4479067172116478,0.7660831661714591,0.13986701034569557,0.8846663518156856,1.787396672853499,0.0,2.6946076531025867,0.7807814154633582,0.6408350125075867,0.7051617151032998,15.566666666666666,16.633333333333333,228.52644833303057,1.6856220417811225,0.0160377806207786,3.072580662338684
turbo_lunar_lander_12d,12,ucb,constant,decay_uniform_grid_a2_3,6,0,30,2.3084718727678397,2.36476569851388,0.4032448147561484,0.07362209374631151,2.054919774827458,2.6530246449068597,1.370461264376363,2.9507006614595364,0.9986889384325536,0.9852275100876212,0.995148893418597,0.0,0.0,15.067620801754916,0.0,0.0014994935132563113,2.665285860483224
turbo_lunar_lander_12d,12,ucb,constant,decay_uniform_grid_a2_3,60,36,30,1.2548002552610464,1.4067995735721577,0.7423210255228381,0.13552865686307553,0.7789694872812474,1.80573382875954,0.0,2.738975051389189,0.7805995615407817,0.6401581131902088,0.7045665445328315,15.866666666666667,16.933333333333334,233.6270507029413,1.3582215586987634,0.0017110007038960854,2.894835703416417
turbo_lunar_lander_12d,12,ucb,constant,decay_uniform_grid_a2_3,61,37,30,1.3081250177562633,1.4855263714580929,0.7248158573657973,0.13233266503889807,1.0314934495425878,1.7745982866340886,0.0,2.7338179795138537,0.7803533746699909,0.6396661697648859,0.7041131301320931,16.066666666666666,17.3,239.84005257198586,1.5367485507546614,0.0017489371355623006,3.243736081958438
turbo_lunar_lander_12d,12,ucb,constant,decay_uniform_grid_a2_3,62,38,30,1.2788009255490047,1.4143595553422958,0.7127647365452237,0.13013244146668196,0.9302562984369522,1.8627683144852722,0.0,2.450819289134257,0.7802643826514617,0.6391368749959937,0.7035555088130611,16.3,17.6,245.80854379398127,1.423715199235206,0.0017436565986524025,3.0872198573779315
turbo_lunar_lander_12d,12,ucb,constant,decay_uniform_grid_a2_3,63,39,30,1.2733869441459342,1.4170100266358405,0.7177087330147695,0.13103508759688065,0.9630070375700732,1.8143892846367589,0.0,2.448591531820361,0.7800939336547141,0.6386186700848456,0.7029832683760199,16.566666666666666,17.966666666666665,251.34934887721514,1.335625012094776,0.0017195880102614562,3.033242119010538
turbo_lunar_lander_12d,12,ucb,constant,decay_uniform_grid_a2_3,64,40,30,1.2467345843275728,1.4222283994338643,0.7273743096752506,0.1327997723862943,0.9641659276598012,1.7366798810325408,0.0,2.452510304211596,0.7866478275680701,0.6474323113686006,0.7105065247508179,16.933333333333334,18.6,256.7779694961694,1.2006336360393712,0.014418223779648543,3.029901529988274
turbo_lunar_lander_12d,12,ucb,constant,decay_uniform_grid_a2_3,65,41,30,1.29589604196728,1.4751606321515198,0.7427102275365035,0.13559971510384586,0.9639139853638186,1.7510100605053969,0.0,2.460594784092691,0.7861415069379227,0.6467687317569913,0.7097774513021082,17.233333333333334,19.066666666666666,262.2634901245901,1.2503106815585245,0.0016798574787875017,3.1998969546208778
turbo_lunar_lander_12d,12,ucb,constant,decay_uniform_grid_a2_3,66,42,30,1.2758144729233576,1.440406437361298,0.7404725501485749,0.13519117297658328,0.9387633039751322,1.8349563369704678,0.0,2.4542800954535955,0.7859389531939376,0.6461407756429318,0.7091999960660679,17.566666666666666,19.5,267.84976491411214,1.1703096951823682,0.0016914795928945144,3.16456053215079
turbo_lunar_lander_12d,12,ucb,constant,decay_uniform_grid_a2_3,67,43,30,1.2528357895435036,1.3612250948162763,0.7175222662202201,0.13100104357368053,1.007660042921927,1.7392210096966325,0.0,2.4330074930388834,0.7857479247790881,0.645656681518419,0.7087175057290714,17.733333333333334,19.866666666666667,274.1183446579458,1.6764904982565592,0.0017170976692189772,3.159780782647431
turbo_lunar_lander_12d,12,ucb,constant,decay_uniform_grid_a2_3,68,44,30,1.2405749826050303,1.3472551645308206,0.7345300404829969,0.13410622411257342,0.9214861518760663,1.7622857331831465,0.0,2.4417530970506713,0.785678782817881,0.6451246301973493,0.708129536058189,18.0,20.233333333333334,279.5993102689894,1.2822754279865574,0.0016564603118846813,2.9918256860692054
turbo_lunar_lander_12d,12,ucb,constant,decay_uniform_grid_a2_3,69,45,30,1.2062380545272071,1.3623024627389304,0.7388647751884173,0.13489763477222652,0.8886767539207765,1.7265049851497798,0.0,2.4418381528327946,0.7963262683131593,0.6601043590561253,0.7217909982602949,18.3,20.6,285.0328016738873,1.2053312967531382,0.016226269180576007,3.16352930101566
turbo_lunar_lander_12d,12,ucb,constant,decay_uniform_grid_a2_3,7,0,30,2.2751123220801306,2.3498772115953983,0.4162612493480644,0.07599855869440583,2.0168504798675264,2.650432691357252,1.226591411538858,2.8418783410367388,0.9984683090997225,0.9834494317198244,0.9943849095892785,0.0,0.0,18.12611633607497,0.0,0.0015023067283133666,2.643114285450429
turbo_lunar_lander_12d,12,ucb,constant,decay_uniform_grid_a2_3,70,46,30,1.1252019271380458,1.2465374111574143,0.75200882173765,0.13729739836953075,0.4770361654958854,1.684085624072527,0.0,2.453280983668667,0.7956910771947131,0.6595189012917129,0.7211089459247748,18.633333333333333,21.033333333333335,290.81730438011385,1.1760820863768457,0.0017149520261834064,3.3480743297686177
turbo_lunar_lander_12d,12,ucb,constant,decay_uniform_grid_a2_3,71,47,30,1.0779070320487572,1.2227608173528277,0.7179766756479634,0.13108400700498654,0.5911961565382018,1.6165642981957762,0.0,2.467199633661483,0.7953731149005147,0.6590746384907559,0.7206377376372362,18.866666666666667,21.333333333333332,296.9274156298023,1.4249249455829462,0.0017957632119456927,3.3658601424967247
turbo_lunar_lander_12d,12,ucb,constant,decay_uniform_grid_a2_3,72,48,30,1.0542242012768255,1.1570756609667479,0.7410120841406386,0.13528967795591462,0.47588240300545753,1.580509482090266,0.0,2.4590145006933777,0.7952164701966834,0.6586262444055606,0.7202982524650171,19.166666666666668,21.6,302.9471490248417,1.3438457113690674,0.001704039548834165,3.2676611472542088
turbo_lunar_lander_12d,12,ucb,constant,decay_uniform_grid_a2_3,73,49,30,1.0090231384018105,1.1361047143100507,0.7488752671965553,0.13672529220042062,0.21542473612219637,1.5700766816569356,0.0,2.460409314238063,0.7950700855473938,0.6581817348736984,0.7199719876828647,19.4,22.066666666666666,309.2695411289111,1.3470896124684562,0.0018817171299209197,3.4552371782871583
turbo_lunar_lander_12d,12,ucb,constant,decay_uniform_grid_a2_3,74,50,30,0.9914143192381419,1.0492229953475012,0.7367154181847885,0.1345052176672201,0.14175072558790297,1.5489946896602391,0.0,2.456660855162835,0.7972590435716178,0.6591686369132088,0.7217928234770251,19.733333333333334,22.433333333333334,315.07261070562527,1.2003131935062508,0.017120732289428512,3.4772986765330036
turbo_lunar_lander_12d,12,ucb,constant,decay_uniform_grid_a2_3,75,51,30,1.0448384811118432,1.2266453258335117,0.7294258677616346,0.1331743339336092,0.17042503961682137,1.5672033685537718,0.0,2.461508200142388,0.7968800533139665,0.6586341561932804,0.7213600856749797,20.066666666666666,22.833333333333332,320.9771861046242,1.1560331052790085,0.001853642798960209,3.5645721340551972
turbo_lunar_lander_12d,12,ucb,constant,decay_uniform_grid_a2_3,76,52,30,1.0443905830636184,1.2157049745489188,0.7556263206833668,0.13795786029430415,0.2227855709000291,1.5915488489133534,0.0,2.439264547138384,0.796477238336022,0.6582441857883412,0.7210345182168306,20.266666666666666,23.3,326.9825859368158,1.2616670781436066,0.0018776265283425649,3.5757042458746584
turbo_lunar_lander_12d,12,ucb,constant,decay_uniform_grid_a2_3,77,53,30,1.023338811792963,1.1413739588974239,0.7473408611372037,0.13644514926339413,0.15889668915963406,1.5555524959814022,0.0,2.443988496307425,0.7960136570486572,0.6576729398947411,0.7204511457901231,20.566666666666666,23.666666666666668,332.8542354359291,1.111862406305348,0.0018366648660351832,3.511559446171547
turbo_lunar_lander_12d,12,ucb,constant,decay_uniform_grid_a2_3,78,54,30,0.9968978455260085,1.173483045051508,0.7483878266107109,0.13663629813231712,0.11063736003324387,1.5645265147668341,0.0,2.447307135797548,0.7954335056866092,0.6572087735510174,0.7200563377326712,20.8,24.066666666666666,339.0820501910833,1.2530221368186176,0.001840580084050695,3.5797016113065183
turbo_lunar_lander_12d,12,ucb,constant,decay_uniform_grid_a2_3,79,55,30,1.002437178893336,1.187274588698307,0.7554160570605285,0.13791947158455373,0.11960713043893206,1.557172177657155,0.0,2.4401669106848134,0.8066301919063777,0.6739988288075065,0.7348714583384844,21.1,24.533333333333335,345.17430621196206,1.121972799533978,0.019614571162189048,3.685202079452574
turbo_lunar_lander_12d,12,ucb,constant,decay_uniform_grid_a2_3,8,0,30,2.2239840506496247,2.22600281822161,0.4200166296630616,0.07668419419791743,1.9900331339095296,2.6590745569009444,1.1804013694844409,2.828253016420003,0.998126022348572,0.9816567420505923,0.9934316337672878,0.0,0.0,21.216649525255587,0.0,0.0014748225609461467,2.6557933817928037
turbo_lunar_lander_12d,12,ucb,constant,decay_uniform_grid_a2_3,80,56,30,1.0217889119857364,1.1799453199592818,0.7536082221016674,0.13758940758881552,0.12049481470205697,1.5974880697164453,0.0,2.449984315046544,0.8065164378400139,0.6735980220869404,0.7344828121223053,21.266666666666666,24.866666666666667,351.60988996654436,1.3565899452660233,0.0018688942616184553,3.567121605373298
turbo_lunar_lander_12d,12,ucb,constant,decay_uniform_grid_a2_3,81,57,30,1.0392786429449494,1.3138283231332317,0.7700959515071287,0.1405996413612863,0.1480539120713667,1.615116714885601,0.0,2.449547969947521,0.8064185088786823,0.67329010100372,0.7342289757437862,21.533333333333335,25.166666666666668,357.62322660487456,1.174318808518971,0.0019350134301930667,3.6425657442615678
turbo_lunar_lander_12d,12,ucb,constant,decay_uniform_grid_a2_3,82,58,30,0.9960216071493678,1.0460821276961516,0.7463000672710971,0.1362551271706676,0.15912946624615693,1.5706697748027225,0.0,2.44538058430698,0.8062183287987054,0.6729259464805561,0.7337914270466046,21.8,25.433333333333334,363.8930177409512,1.1912219537887723,0.002079111166919271,3.5726814076614875
turbo_lunar_lander_12d,12,ucb,constant,decay_uniform_grid_a2_3,83,59,30,0.9955081164249774,1.04552229075209,0.7371288451467439,0.1345806987582014,0.35734031619408435,1.5873393070080508,0.0,2.4454561591153543,0.8057787856312032,0.6724937699090875,0.733422711625424,22.066666666666666,25.9,369.8274170038911,1.2732962768524885,0.001991595095023513,3.347042792569846
turbo_lunar_lander_12d,12,ucb,constant,decay_uniform_grid_a2_3,84,60,30,0.9621905079366236,1.0918278634041745,0.7507375148061477,0.13706529054156524,0.09652430394370143,1.5787251060725316,0.0,2.444269636744188,0.8126501598934369,0.6848328690543787,0.7439407976644503,22.233333333333334,26.266666666666666,376.11737810663567,1.396987260474513,0.018331718801831206,3.494649591871227
turbo_lunar_lander_12d,12,ucb,constant,decay_uniform_grid_a2_3,85,61,30,0.9912047159080359,1.1677152389119714,0.7489276858519212,0.1367348624937466,0.1406262526280404,1.5434482217357175,0.0,2.448040647153295,0.8112417181910684,0.6844848213178804,0.7436240176557221,22.366666666666667,26.566666666666666,382.9727965661169,1.5167523245171954,0.0020594801753759384,3.7924076838418843
turbo_lunar_lander_12d,12,ucb,constant,decay_uniform_grid_a2_3,86,62,30,1.0015324677071396,1.1941491388291379,0.751652741164251,0.13723238724875073,0.16446066085170125,1.550923212210741,0.0,2.4492094337545076,0.8108950792486403,0.6841902621325371,0.7433553811004788,22.566666666666666,26.9,389.1747067311313,1.4181380700630446,0.0018997520984460911,3.5773732536938043
turbo_lunar_lander_12d,12,ucb,constant,decay_uniform_grid_a2_3,87,63,30,0.943372113544007,0.9393160971308195,0.7601400714755275,0.13878195467024523,0.019601098881840417,1.5192787639467142,0.0,2.447663119932969,0.8108231035559323,0.6839023737325546,0.7430496297433508,22.8,27.266666666666666,395.62190208692726,1.2481670036291084,0.0019309483313312134,3.5461638371149697
turbo_lunar_lander_12d,12,ucb,constant,decay_uniform_grid_a2_3,88,64,30,0.9419297317173031,0.9940709860639043,0.7560240222554231,0.13803047033502766,0.019708287646893197,1.5670491055608764,0.0,2.4493956866109126,0.8107289295465727,0.6835940460008676,0.7427044995904755,23.033333333333335,27.733333333333334,402.03965443420844,1.335885069410627,0.0019589653704315422,3.4680324365229658
turbo_lunar_lander_12d,12,ucb,constant,decay_uniform_grid_a2_3,89,65,30,0.9164380311546788,0.9469742797699378,0.7450690101153382,0.1360303679127385,0.0,1.4662481385143455,0.0,2.4500486131168295,0.8054025069926178,0.6799102123087356,0.7379130492526227,23.133333333333333,28.0,408.29802530392385,1.4536042280029506,0.0205958331314226,3.415637205168605
turbo_lunar_lander_12d,12,ucb,constant,decay_uniform_grid_a2_3,9,0,30,2.226785806187293,2.2321246182726253,0.40263022331401005,0.07350988521414191,2.026735734028776,2.5956853505895654,1.2068822227109028,2.830434890547302,0.9978353826675902,0.9800721250901048,0.992844278903608,0.0,0.0,24.25826262209254,0.0,0.0015001029707491398,2.614739027728016
turbo_lunar_lander_12d,12,ucb,constant,decay_uniform_grid_a2_3,90,66,30,0.9389511182865061,0.9677701326044336,0.7310698954778673,0.13347449095539066,0.09240344018600666,1.4598651581807067,0.0,2.4502490076139454,0.8049573604628025,0.6796673574914684,0.7377707174196166,23.366666666666667,28.333333333333332,414.3780631311238,1.2260175501462072,0.00197374753964444,3.4884096000654004
turbo_lunar_lander_12d,12,ucb,constant,decay_uniform_grid_a2_3,91,67,30,0.913967163333584,0.9184518719257146,0.7313409719004593,0.13352398251254446,0.08525804977793922,1.4264149821516703,0.0,2.506018657464227,0.8047455316068125,0.6792062928790124,0.73733771105123,23.566666666666666,28.766666666666666,420.5299431142708,1.1654387048445642,0.002016001380980015,3.6373705690260976
turbo_lunar_lander_12d,12,ucb,constant,decay_uniform_grid_a2_3,92,68,30,0.9206766206813284,0.923738078671207,0.7233403582904991,0.13206327699652512,0.10689183521184487,1.3974488138565202,0.0,2.456224926939595,0.8042616802533252,0.6788405016375527,0.7369488748973348,23.9,29.033333333333335,426.560773911234,1.0293578376372656,0.002048818270365397,3.5903151308962453
turbo_lunar_lander_12d,12,ucb,constant,decay_uniform_grid_a2_3,93,69,30,0.8835450190402948,0.8997164818480629,0.7422132440509496,0.13550897874859738,0.0,1.416673171275818,0.0,2.4445740224082524,0.8042259225874601,0.6785636806136222,0.73665771006961,24.133333333333333,29.4,432.53261414555215,1.2837255420473714,0.0020368339183429876,3.429043762292713
turbo_lunar_lander_12d,12,ucb,constant,decay_uniform_grid_a2_3,94,70,30,0.9069499030403512,0.9039305673376595,0.7623738268937201,0.13918978074707639,0.0,1.502865338618817,0.0,2.4556039579817384,0.8110428348492859,0.6833756113183626,0.7428808021061756,24.366666666666667,29.8,438.6507023501986,1.2639273268170654,0.021752618548149864,3.496358468011022
turbo_lunar_lander_12d,12,ucb,constant,decay_uniform_grid_a2_3,95,71,30,0.8642406154831742,0.9303261813645133,0.7223892232603937,0.13188962429278442,0.0,1.3838430598887914,0.0,2.462874219982188,0.8106264723537008,0.6829629990201468,0.7426374468368792,24.733333333333334,30.2,444.418205064799,0.9759373079985381,0.002020985586568713,3.593793019838631
turbo_lunar_lander_12d,12,ucb,constant,decay_uniform_grid_a2_3,96,72,30,0.8498848036493624,0.9867677744952986,0.7137496361263149,0.13031225870582896,0.0,1.383076655079655,0.0,2.456913026982188,0.8105282200725523,0.6827073309696889,0.7424330259518902,24.9,30.533333333333335,450.6443584053777,1.129937858056898,0.001987024055173,3.530688780065005
turbo_lunar_lander_12d,12,ucb,constant,decay_uniform_grid_a2_3,97,73,30,0.813841368389408,0.9586747140732867,0.697660778368648,0.12737484859970694,0.0,1.317766922303789,0.0,2.444879692197717,0.8104485674111683,0.6822329279040334,0.7419846636035635,25.2,30.866666666666667,456.3399118493622,0.9177332987387975,0.0019345538845906656,3.5597610064316543
turbo_lunar_lander_12d,12,ucb,constant,decay_uniform_grid_a2_3,98,74,30,0.8002037450418507,0.8359681450373231,0.6867102292503788,0.12537556100999214,0.0,1.2099434003718685,0.0,2.460732251623334,0.8098863764721206,0.6817451640196128,0.7415116740523136,25.6,31.233333333333334,461.8820582226384,0.8679853288456798,0.001945045404136181,3.5685375428758563
turbo_lunar_lander_12d,12,ucb,constant,decay_uniform_grid_a2_3,99,75,30,0.8120359529688862,0.9588228948374881,0.6733547858938037,0.12293720181269924,0.0,1.212442204367075,0.0,2.3568238921871685,0.8148709394829369,0.6868152867199357,0.7470402750719689,25.766666666666666,31.733333333333334,468.10904112556017,1.2221493104317536,0.022253021240855257,3.5010977345053105
turbo_lunar_lander_12d,12,ucb,constant,fixed_p020,1,0,30,3.310651109298576,3.283904957447192,0.580644939743358,0.10601077713288837,3.052659635642117,3.600539664830276,2.2276699670828726,4.534419415344451,0.9999703333578658,0.9972378949702652,0.9997470325374905,0.0,0.0,0.847872269883131,0.0,0.0013626966315011184,0.46365908862402044
turbo_lunar_lander_12d,12,ucb,constant,fixed_p020,10,0,30,2.22363944070666,2.237736932043511,0.389172751593094,0.07105289827129739,1.9972427935898305,2.560782715833177,1.4562514051970976,2.7919025174092806,0.9975692102752459,0.9785407233685759,0.9921383172057798,0.0,0.0,25.12490237822446,0.0,0.0013745763183881838,2.380228933086619
turbo_lunar_lander_12d,12,ucb,constant,fixed_p020,100,76,30,0.6404494696029244,0.650961504177245,0.6387740675805182,0.11662365532105975,0.0,1.172047994956688,0.0,1.7754210723016612,0.878234717862849,0.7676765194118341,0.821937220589976,15.2,24.366666666666667,471.8708826603213,1.0793493049219252,0.0019863505382090806,3.581223091746991
turbo_lunar_lander_12d,12,ucb,constant,fixed_p020,101,77,30,0.6978356233117502,0.6985309889698289,0.6579514502098893,0.12012495034106452,0.0,1.2396460762516421,0.0,1.819806432285851,0.878204917113629,0.7673483206462948,0.82164285443193,15.433333333333334,24.733333333333334,477.3135077590278,0.9092182057754447,0.0018957488394031922,3.4446572959112625
turbo_lunar_lander_12d,12,ucb,constant,fixed_p020,102,78,30,0.7043012050439441,0.7306820749445516,0.6488386310115364,0.11846118479526316,0.0,1.303701434656696,0.0,1.819660254651556,0.8777874047094933,0.7669900774053752,0.8212919050502017,15.666666666666666,25.066666666666666,482.8748037792742,0.8972868155067165,0.0019527507480233907,3.457142596784979
turbo_lunar_lander_12d,12,ucb,constant,fixed_p020,103,79,30,0.655441939284635,0.735760772795814,0.6453803418366384,0.11782979046477397,0.0,1.2447247660240188,0.0,1.8237275937597466,0.8777577023591019,0.7666087142300675,0.8208905800041933,15.866666666666667,25.3,488.6816946526834,0.9434303336932014,0.001995122230922182,3.5400622859907647
turbo_lunar_lander_12d,12,ucb,constant,fixed_p020,104,80,30,0.6779741619851853,0.6750395313862481,0.6231108236157216,0.11376395130665115,0.0,1.2199842821796862,0.0,1.813578970870115,0.8841894173626278,0.7742247893859173,0.8284837359289968,16.1,25.733333333333334,494.49500913346805,0.9947907315101474,0.022188448129842678,3.614643508226921
turbo_lunar_lander_12d,12,ucb,constant,fixed_p020,105,81,30,0.6822115082504738,0.7615124250118817,0.6242074814215944,0.11396417271269806,0.0,1.1548435955276068,0.0,1.8003830595912458,0.8837205489272576,0.7739093939608404,0.8280822570443753,16.3,26.033333333333335,500.50723723365616,1.0654352284347017,0.002000759697208802,3.573812868120149
turbo_lunar_lander_12d,12,ucb,constant,fixed_p020,106,82,30,0.6347160544820375,0.6652139755589251,0.606193171353691,0.11067522471867035,0.0,1.1004064760848882,0.0,1.8003830595912458,0.8835842141323359,0.7737166103019477,0.8279360007578748,16.466666666666665,26.333333333333332,506.49085316717003,1.0710317084255319,0.00201869891025126,3.3098672300887606
turbo_lunar_lander_12d,12,ucb,constant,fixed_p020,107,83,30,0.6714107866781817,0.7337435680504463,0.6268169957135592,0.11444060265997846,0.0,1.1732941807741264,0.0,1.8018542819204075,0.8835024784418778,0.7734294129421938,0.8276964407070148,16.666666666666668,26.7,512.0376794110673,1.0058233519705633,0.0020129913774629433,3.392467124434188
turbo_lunar_lander_12d,12,ucb,constant,fixed_p020,108,84,30,0.5810629332500489,0.567698374401234,0.5944165637228982,0.10852512016857944,0.0,0.964331313717544,0.0,1.8066091694798152,0.8834289860645423,0.7731747434690422,0.8275297755127607,16.866666666666667,27.1,517.4665404007925,0.9335395641780148,0.0019459096404413382,3.232916253525764
turbo_lunar_lander_12d,12,ucb,constant,fixed_p020,109,85,30,0.5867960826345865,0.49655894411994994,0.6051471791983009,0.11048425355251014,0.0,0.9909805924389163,0.0,1.830046294523035,0.8799621934759172,0.7702951130779555,0.8243608148801098,17.266666666666666,27.5,522.2761096174363,0.6496400265643995,0.023548331034059327,3.2466035613324493
turbo_lunar_lander_12d,12,ucb,constant,fixed_p020,11,0,30,2.2039395465044658,2.2537721007319247,0.40585783873010195,0.07409916447092356,1.9774190634865962,2.5267119990292883,1.0662318150143433,2.775831557357914,0.9974193191914803,0.9770600576717418,0.9914932065434111,0.0,0.0,27.870490057347343,0.0,0.0013557736140986283,2.380033237378423
turbo_lunar_lander_12d,12,ucb,constant,fixed_p020,110,86,30,0.5927676203666693,0.5823741249498028,0.6267721092865907,0.11443240755711964,0.0,1.1249073235331037,0.0,1.8318130557606886,0.8798370381230622,0.7700758853069101,0.8241764629564486,17.4,27.966666666666665,527.9512923600928,1.125506899924949,0.002053077472373843,3.357643897567565
turbo_lunar_lander_12d,12,ucb,constant,fixed_p020,111,87,30,0.567934390265823,0.5416721031451689,0.6023947378663203,0.10998172881726502,0.0,0.9829344790471657,0.0,1.831795039189265,0.8793003252297465,0.7696895459310273,0.8239305351608875,17.666666666666668,28.3,533.2430643031684,0.8954007861359666,0.0020156709632525843,3.3434664770184708
turbo_lunar_lander_12d,12,ucb,constant,fixed_p020,112,88,30,0.5613364929344424,0.39048121824663173,0.617281212283737,0.11269961476397926,0.0,1.0498105074323447,0.0,1.8318130557606886,0.878613723636617,0.7693471045975195,0.8237258522018622,17.966666666666665,28.866666666666667,538.6094810009934,0.9298204521959027,0.0019781743641942738,3.3680062221673626
turbo_lunar_lander_12d,12,ucb,constant,fixed_p020,113,89,30,0.5722504077815587,0.5433869174546528,0.6062646291626618,0.11068827106996473,0.0,1.0295505039302397,0.0,1.6687027986803313,0.8784665986787829,0.7692074143409433,0.8235724106465551,18.033333333333335,29.233333333333334,544.2631156773617,1.115634780206407,0.002017706896488865,3.385126783621187
turbo_lunar_lander_12d,12,ucb,constant,fixed_p020,114,90,30,0.5605056604501044,0.434277738859149,0.6066110724084556,0.11075152266350359,0.0,1.1424271846719465,0.0,1.6171792210034908,0.8763113427100173,0.7680384333558103,0.8218247132250224,18.2,29.4,550.0841084233796,1.0877095538657158,0.02743793297559023,3.2539846352146315
turbo_lunar_lander_12d,12,ucb,constant,fixed_p020,115,91,30,0.553775830355421,0.4682826916184579,0.5941638104199131,0.10847897394006982,0.0,1.1877810976637497,0.0,1.6263063055972071,0.8762627160279283,0.7678037037549433,0.8216335835403614,18.4,29.7,555.4615846816295,1.0114671706066778,0.002064033101002375,3.280585925669099
turbo_lunar_lander_12d,12,ucb,constant,fixed_p020,116,92,30,0.5532485877079859,0.480370248779341,0.5925937152599849,0.10819231509456238,0.0,1.1309026378563765,0.0,1.6719964883616152,0.8760930854252655,0.7675065780802828,0.8213482046741583,18.633333333333333,30.133333333333333,560.7616451137234,0.835122981077681,0.002000988492121299,3.2773811414372176
turbo_lunar_lander_12d,12,ucb,constant,fixed_p020,117,93,30,0.5421870812497409,0.5141105890926504,0.5795084212177304,0.10580327818838545,0.0,0.9834261844781489,0.0,1.6102435890712605,0.8758587688703015,0.7672822571439006,0.8211549907290725,18.833333333333332,30.566666666666666,566.3341249821552,0.9901833038001011,0.002065273684759935,3.2700309036299586
turbo_lunar_lander_12d,12,ucb,constant,fixed_p020,118,94,30,0.5738059512370282,0.5997258045067669,0.5950493423737765,0.10864064921557735,0.0,1.1469787373489149,0.0,1.6254073931133837,0.8757428054207008,0.7669653465410794,0.8209033086115355,19.133333333333333,30.933333333333334,571.9218885545619,0.9360776174037407,0.0020813092434157927,3.3562349915038796
turbo_lunar_lander_12d,12,ucb,constant,fixed_p020,119,95,30,0.5544880102634994,0.49429875744129903,0.5911163638707223,0.10792258886747547,0.0,1.0137845493877369,0.0,1.6991351184690808,0.872814764041005,0.7635950280664493,0.817673317237065,19.4,31.433333333333334,577.3656517964167,0.9111027630356451,0.03202568741204838,3.2440603484399615
turbo_lunar_lander_12d,12,ucb,constant,fixed_p020,12,0,30,2.2106593718795478,2.2407115330443084,0.3965547873468668,0.07240066743884772,1.988724447039785,2.5380856481454894,1.0907761306781327,2.776769492091669,0.9971768750965188,0.9755870863831688,0.9906783619358783,0.0,0.0,30.6380475405138,0.0,0.001318608426178495,2.4041542805886515
turbo_lunar_lander_12d,12,ucb,constant,fixed_p020,120,96,30,0.5283760903552677,0.48106946119707783,0.5667935976386727,0.10348187962540262,0.0,1.0488600343001793,0.0,1.4842718600171403,0.8727674372103582,0.7633560120148389,0.8174070169280035,19.566666666666666,31.866666666666667,583.0581641330539,0.976482265504698,0.002097517236446341,3.3509907939160866
turbo_lunar_lander_12d,12,ucb,constant,fixed_p020,121,97,30,0.5714819973273364,0.49431318366722954,0.6078127278285961,0.11097091392349002,0.0,1.0731578899977368,0.0,1.7668351554229424,0.8725509848549678,0.7629619188583139,0.8171176215863588,19.866666666666667,32.2,588.3223366721534,0.7748992452397943,0.002126388174171249,3.331429382304971
turbo_lunar_lander_12d,12,ucb,constant,fixed_p020,122,98,30,0.5439623678099539,0.43122336894247204,0.5852349117911858,0.10684878754252619,0.0,1.109626809821055,0.0,1.556968790279326,0.8722005751504168,0.7627720970794819,0.816946351088241,20.0,32.5,594.004614373669,0.9289662320166826,0.002133699708307783,3.36285976273939
turbo_lunar_lander_12d,12,ucb,constant,fixed_p020,123,99,30,0.5543609082450975,0.5687692020915034,0.5839057163361311,0.10660611076450392,0.0,0.9601106104991992,0.0,1.5568997298404617,0.8717735178305901,0.7625186667707712,0.8165633958318935,20.233333333333334,32.733333333333334,599.7889922407145,0.9394525614877541,0.0022389902578045925,3.4051613620948045
turbo_lunar_lander_12d,12,ucb,constant,fixed_p020,124,100,30,0.5593087612014701,0.5527958344999057,0.5682305681371119,0.10374423334422417,0.0,1.0919800382441247,0.0,1.4857244704093482,0.8714479861639771,0.761077416545621,0.8157257180775256,20.466666666666665,33.13333333333333,605.3517111309183,0.8605171062828352,0.03066900037229061,3.4139480732536565
turbo_lunar_lander_12d,12,ucb,constant,fixed_p020,125,101,30,0.5506715875328012,0.4135561653815921,0.5865148840998519,0.10708247744467232,0.0,1.0713403224218223,0.0,1.5623715489741032,0.871093785777565,0.7608104843700679,0.8154310390368835,20.733333333333334,33.5,610.7950172567585,0.8237633390817791,0.002169156214222312,3.365175038545082
turbo_lunar_lander_12d,12,ucb,constant,fixed_p020,126,102,30,0.5362634398309205,0.46999670630665136,0.5749866253543651,0.10497771499011921,0.0,1.108048976891902,0.0,1.5423249311557503,0.8710683712802173,0.76060539902182,0.8153191348093825,20.933333333333334,33.833333333333336,616.2750479289951,0.8924376598093658,0.002177128242328763,3.379518409213051
turbo_lunar_lander_12d,12,ucb,constant,fixed_p020,127,103,30,0.549780767135161,0.4888155815825458,0.57980394325576,0.10585723288387502,0.0,1.150721573570002,0.0,1.543237126855455,0.8707361056819347,0.7602074869850955,0.814897971782922,21.2,34.166666666666664,621.6711210330017,0.7898778033753237,0.002129418325300018,3.335637210557858
turbo_lunar_lander_12d,12,ucb,constant,fixed_p020,128,104,30,0.5426865982504824,0.5008587614734696,0.5721769163476953,0.10446473465579305,0.0,1.0898788527136223,0.0,1.6627972115281928,0.870657885846891,0.7599345824468647,0.8147038868069699,21.366666666666667,34.6,627.290868997279,0.9739675676915794,0.002276628060887257,3.3743585302028807
turbo_lunar_lander_12d,12,ucb,constant,fixed_p020,129,105,30,0.5299198816518239,0.462496793386021,0.5726707524450897,0.1045548963792108,0.0,0.8939135138083811,0.0,1.8194288042332016,0.8710635333403283,0.758637772669701,0.8143321885425366,21.6,34.93333333333333,632.9114871689119,0.9092712544060002,0.03030077855413159,3.2325284721174588
turbo_lunar_lander_12d,12,ucb,constant,fixed_p020,13,0,30,2.1624211766836634,2.169847667959323,0.4000469610745641,0.07303824821397663,1.8748445000298197,2.4402882454317654,1.1087561383423163,2.7763907585551406,0.997077015008267,0.9742330654319203,0.9901181193354852,0.0,0.0,33.44051191289909,0.0,0.001369241097321113,2.4472223181743176
turbo_lunar_lander_12d,12,ucb,constant,fixed_p020,130,106,30,0.5545942474878565,0.6285361463270638,0.5776560731048104,0.10546508723978598,0.0,1.0394453161076733,0.0,1.6838592596005744,0.8708486937980585,0.7583003469866312,0.8139675538465415,21.833333333333332,35.266666666666666,638.1444645691663,0.7729383263426522,0.0021438371079663438,3.293443606545528
turbo_lunar_lander_12d,12,ucb,constant,fixed_p020,131,107,30,0.5122243925098813,0.400591346276423,0.5708111028122141,0.10421537236155008,0.0,0.9787031784597285,0.0,1.695093264559027,0.8705673076777855,0.7580488641142655,0.8137731615557544,22.033333333333335,35.63333333333333,643.649304201842,0.9382416092480222,0.0021614775682489078,3.3414028940722345
turbo_lunar_lander_12d,12,ucb,constant,fixed_p020,132,108,30,0.5306125115876708,0.5301364391280317,0.5740417565151329,0.10480520633107548,0.0,0.9065264899984729,0.0,1.7032794725566345,0.8705551947078132,0.7579077444208541,0.8136387664033038,22.166666666666668,35.9,649.3475700253465,0.9869644999348869,0.00213688340348502,3.2524768510367723
turbo_lunar_lander_12d,12,ucb,constant,fixed_p020,133,109,30,0.5067771331328739,0.3206450363452136,0.5763762781193588,0.10523142971228136,0.0,1.0268050103891149,0.0,1.6989509987801696,0.8700078508731759,0.7577911016203823,0.8135307012004712,22.3,36.166666666666664,655.0198780027218,0.9273929347128917,0.0021198731381446125,3.2177308744906137
turbo_lunar_lander_12d,12,ucb,constant,fixed_p020,134,110,30,0.527038350762878,0.46754577014681487,0.5678958146536465,0.10368311599952501,0.0,0.92912321091121,0.0,1.511094466338463,0.8668380055498309,0.753512470263103,0.8096303674034177,22.566666666666666,36.56666666666667,660.4034425982895,0.7594024935737252,0.03201717884900669,3.18110020942986
turbo_lunar_lander_12d,12,ucb,constant,fixed_p020,135,111,30,0.5325167705733209,0.4429248670998466,0.5731319412243306,0.10463909754509697,0.0,1.0603569081566118,0.0,1.5473493400254492,0.866446401964928,0.753155570711447,0.8092622193090957,22.766666666666666,36.9,665.4691532368772,0.8461012417295327,0.0020751992085327703,3.164431375203033
turbo_lunar_lander_12d,12,ucb,constant,fixed_p020,136,112,30,0.5352715323115579,0.3849077088125361,0.5834373629808706,0.10652060153198412,0.0,1.0880338737842097,0.0,1.4798939672048388,0.8664135476293856,0.7529668069581609,0.8090718744018713,22.933333333333334,37.266666666666666,671.0175074515864,0.9124317105083416,0.002145488777508338,3.2847140581347047
turbo_lunar_lander_12d,12,ucb,constant,fixed_p020,137,113,30,0.508900035162524,0.4220854316599483,0.5500385120390754,0.10042283351345949,0.0,0.9677409891636153,0.0,1.5133226615540971,0.8663116782366771,0.7526944941976179,0.8087943271640088,23.133333333333333,37.63333333333333,676.6142716929627,0.8367723929074903,0.002198314294219017,3.4650483082203816
turbo_lunar_lander_12d,12,ucb,constant,fixed_p020,138,114,30,0.4820630020368953,0.3944337107880108,0.5259500391625793,0.09602490019002341,0.0,0.8324963580118874,0.0,1.5314737301465597,0.8661640313644863,0.752292873444791,0.8083080666839472,23.4,37.9,682.2964958569345,0.8387487392562131,0.002265342557802796,3.595577734025816
turbo_lunar_lander_12d,12,ucb,constant,fixed_p020,139,115,30,0.48579280144177495,0.3829657452463443,0.5281450460956133,0.09642565179372439,0.0,0.8855623885683108,0.0,1.5255463895593837,0.8644583350371545,0.7490472244547602,0.8057818814010028,23.666666666666668,38.3,688.0475929400884,0.9591018065810204,0.033398480790977673,3.3049742046433193
turbo_lunar_lander_12d,12,ucb,constant,fixed_p020,14,0,30,2.154786439057285,2.1409700023643303,0.3714147224807916,0.06781074056408357,1.8546720315916845,2.392664409051791,1.3656806381213453,2.779667657065398,0.9966224269695563,0.9727196180071898,0.9893869242909837,0.0,0.0,36.34062616312876,0.0,0.0013826705049723386,2.518452922596286
turbo_lunar_lander_12d,12,ucb,constant,fixed_p020,140,116,30,0.4850238357849444,0.35932483896456935,0.5274699611866369,0.0963023987160985,0.0,0.8925613715188463,0.0,1.488215199555445,0.8644466359507531,0.7488326111124958,0.8055583421536543,23.833333333333332,38.666666666666664,693.6662882704909,0.8457806070956091,0.0021633973655601343,3.334855116484687
turbo_lunar_lander_12d,12,ucb,constant,fixed_p020,141,117,30,0.47154336699000055,0.07683007402535869,0.5584576481084196,0.10195995042675456,0.0,0.9455179566713694,0.0,1.608403569279752,0.8644346803317495,0.7486159998712046,0.8052417018573297,24.033333333333335,38.96666666666667,699.5663577491573,0.7921737397244821,0.0022231517359614372,3.498642457261061
turbo_lunar_lander_12d,12,ucb,constant,fixed_p020,142,118,30,0.5008215470155718,0.33597313612275503,0.5510413499629286,0.10060592583093152,0.0,0.9314949048944507,0.0,1.6083101242292,0.8642948359387631,0.7483425539559693,0.8049009857780912,24.233333333333334,39.3,705.3440951803389,0.8174752551907053,0.0022341604965428513,3.3893163029880573
turbo_lunar_lander_12d,12,ucb,constant,fixed_p020,143,119,30,0.4948688552042178,0.21672645194895857,0.5623419929244359,0.10266913151904135,0.0,0.896557913777427,0.0,1.5835507653862695,0.8642355878403729,0.7481354023981268,0.8047599021997404,24.366666666666667,39.56666666666667,710.8352577242224,0.8412635418741653,0.0022426043637096883,3.196664390604322
turbo_lunar_lander_12d,12,ucb,constant,fixed_p020,144,120,30,0.4756729121722864,0.190804232744191,0.5287888647843759,0.09654319646665062,0.0,0.8621441817873892,0.0,1.57354847615662,0.8697512323203984,0.7584957990494064,0.8128585543295624,24.433333333333334,39.7,716.4740896273094,0.9521272783478101,0.03518402772024274,3.317212707611422
turbo_lunar_lander_12d,12,ucb,constant,fixed_p020,145,121,30,0.4531461079454162,0.23286629467544084,0.5147203356781666,0.09397464621918766,0.0,0.8516862026339982,0.0,1.5079889275540457,0.8697177278345654,0.7583579594126949,0.8127529747744001,24.6,39.8,721.8595280104162,0.8372998593064646,0.0022241149097681047,3.192711560567841
turbo_lunar_lander_12d,12,ucb,constant,fixed_p020,146,122,30,0.47053034573980074,0.2711087171735318,0.5164534474875909,0.09429106769675444,0.0,0.858247919491522,0.0,1.4370699939627565,0.8696244570672732,0.7581516324338714,0.8125177479260607,24.766666666666666,40.06666666666667,727.0611994767096,0.7969978737800072,0.0023701264057308436,3.321804581411804
turbo_lunar_lander_12d,12,ucb,constant,fixed_p020,147,123,30,0.47070236814934724,0.19038619417703817,0.5462767806401666,0.09973603846597355,0.0,0.9034050725589378,0.0,1.5123104644760377,0.8695878483950891,0.7580336744419356,0.8124481620839207,24.833333333333332,40.233333333333334,732.7308473379661,0.8837398318263392,0.0022931157300869623,3.3203377795560907
turbo_lunar_lander_12d,12,ucb,constant,fixed_p020,148,124,30,0.488268733386863,0.2978699833296492,0.5307853420878308,0.09690770168486705,0.0,0.9250067576600851,0.0,1.4582074267366476,0.8692877288250026,0.7576949177461799,0.8121333538701627,25.033333333333335,40.5,738.192551970575,0.8161171965301037,0.0024102592064688603,3.3561950697718808
turbo_lunar_lander_12d,12,ucb,constant,fixed_p020,149,125,30,0.47826139073629753,0.32468989961865213,0.5241439851691306,0.09569516135259536,0.0,0.8511579672446572,0.0,1.5263073248438541,0.8672441956855985,0.754480334000687,0.8093846441831656,25.133333333333333,40.8,743.9837681532216,0.9255230751199027,0.03655864296791454,3.318867721936355
turbo_lunar_lander_12d,12,ucb,constant,fixed_p020,15,0,30,2.1347991880220576,2.1185131199386142,0.37296349748131596,0.06809350689884598,1.8408286933968911,2.307423651628433,1.290156542048358,2.78755737563226,0.9963141373461718,0.9712580647761323,0.9886452928854991,0.0,0.0,39.22953285413484,0.0,0.0014090840083857378,2.442177528111885
turbo_lunar_lander_12d,12,ucb,constant,fixed_p020,150,126,30,0.4587295712713701,0.2502675142738654,0.5112412111828348,0.09333944789703368,0.0,0.8430133695338131,0.0,1.5350802578914835,0.8667473490402654,0.754219998087523,0.80900956563781,25.3,40.93333333333333,749.5279795281589,0.829712623419861,0.0024166444316506388,3.3904566381126644
turbo_lunar_lander_12d,12,ucb,constant,fixed_p020,151,127,30,0.44023543902507273,0.1831886296589359,0.5021372508885815,0.0916772997584357,0.0,0.7825382198859865,0.0,1.4460907264155498,0.8665728361888528,0.7539536781635777,0.808874708317863,25.566666666666666,41.3,755.2201989167526,0.7893945386167616,0.0023873466532677414,3.3877663547794024
turbo_lunar_lander_12d,12,ucb,constant,fixed_p020,152,128,30,0.4663491087431638,0.15825326175840138,0.5200610701957966,0.09494972647550515,0.0,0.9167055335005754,0.0,1.4335480381993446,0.8664998604707201,0.7537685797963689,0.8087149505625946,25.7,41.63333333333333,760.9026793424506,0.8745433298250039,0.0022989323052267233,3.274520028491194
turbo_lunar_lander_12d,12,ucb,constant,fixed_p020,153,129,30,0.4739349908665839,0.18369560591403855,0.5300584836126297,0.09677499609053991,0.0,0.8271768254236214,0.0,1.4335480381993446,0.8663389754509877,0.7534352262342331,0.8083652257805761,26.0,42.0,766.2075114722363,0.7665492450507979,0.002359978932266434,3.2208034310489895
turbo_lunar_lander_12d,12,ucb,constant,fixed_p020,154,130,30,0.4680566006155997,0.2029586884047373,0.525791357602821,0.0959959290334435,0.0,0.8971374617961023,0.0,1.5356552159693204,0.8666785086003768,0.7539079064805383,0.80861653889278,26.2,42.5,771.661236133116,0.8412935340156158,0.039737578465913734,3.342781503824517
turbo_lunar_lander_12d,12,ucb,constant,fixed_p020,155,131,30,0.45547422017197314,0.2185272016190336,0.5198642160962775,0.09491378599855715,0.0,0.8180515722618981,0.0,1.5356552159693204,0.8666641984962671,0.7537782067851926,0.8085180226294407,26.333333333333332,42.766666666666666,777.7544443347181,0.9751945073871563,0.0026832837456216415,3.516712933794285
turbo_lunar_lander_12d,12,ucb,constant,fixed_p020,156,132,30,0.42506888723854336,0.18314166003407117,0.5018848084132583,0.09163121027903338,0.0,0.7132598928093326,0.0,1.5067931385302815,0.8664337806292399,0.75344147212713,0.8081952404534171,26.633333333333333,43.0,783.1140147094615,0.7792157515883446,0.002614658403520783,3.3082620945293457
turbo_lunar_lander_12d,12,ucb,constant,fixed_p020,157,133,30,0.41574381830490104,0.0,0.50185961579968,0.09162661075812026,0.0,0.735801748600238,0.0,1.493814392151276,0.8656550228753094,0.7530754511393347,0.8078246806886272,26.866666666666667,43.333333333333336,788.2654451227437,0.6855367686599493,0.0027564098748068017,3.41713717795598
turbo_lunar_lander_12d,12,ucb,constant,fixed_p020,158,134,30,0.4210810611261031,0.0,0.5091517628637837,0.09295796857133849,0.0,0.7793719988083473,0.0,1.504367946350679,0.8652948701513943,0.7528559350237515,0.8076272630571658,27.066666666666666,43.7,794.041951781651,0.8667629674697915,0.0026830943611760934,3.3966204775031654
turbo_lunar_lander_12d,12,ucb,constant,fixed_p020,159,135,30,0.43930784165147363,0.09984846749074605,0.5065604538157908,0.09248486243165419,0.0,0.7974841127097694,0.0,1.4962585134417512,0.8628319069051515,0.7504172724191498,0.8049627342445324,27.266666666666666,44.1,799.5654802171514,0.8543591761495918,0.045751329883933066,3.1943826336879284
turbo_lunar_lander_12d,12,ucb,constant,fixed_p020,16,0,30,2.1075148702959936,2.11749211157533,0.366120683037318,0.0668441856229127,1.881068205428724,2.2893746555309353,1.135735755309334,2.832314316644396,0.9960433785475872,0.9700005941429422,0.9879774141683791,0.0,0.0,42.0788896120619,0.0,0.00138464723713696,2.494580689414094
turbo_lunar_lander_12d,12,ucb,constant,fixed_p020,160,136,30,0.4508604384386155,0.16725155820335014,0.5234216572667527,0.09556328292391277,0.0,0.8092054679725167,0.0,1.5985964326301432,0.8628028110410049,0.7502942428875621,0.8048495831805074,27.333333333333332,44.233333333333334,805.2342789733782,0.9598984845293065,0.00256130276247859,3.3489732219992825
turbo_lunar_lander_12d,12,ucb,constant,fixed_p020,161,137,30,0.44565792871380583,0.16896438296608307,0.5165660297785342,0.09431162231686284,0.0,0.8375862988616686,0.0,1.5304714822715884,0.8627046775772078,0.7501504930188247,0.8047601860098902,27.5,44.46666666666667,810.8821936089236,0.9018122323012601,0.0025804735564937194,3.337212951046725
turbo_lunar_lander_12d,12,ucb,constant,fixed_p020,162,138,30,0.45457915710008995,0.02888469319116227,0.5214969353476839,0.0952118783865799,0.0,0.8567594876690268,0.0,1.5073930461702725,0.8625506982501083,0.7499831695258073,0.804621424216322,27.666666666666668,44.733333333333334,816.5695074241298,0.8309923149490108,0.00259233140386641,3.2959529869258404
turbo_lunar_lander_12d,12,ucb,constant,fixed_p020,163,139,30,0.4571173700404744,0.20040948342765008,0.513297880414505,0.09371494260753786,0.0,0.8348820303599421,0.0,1.4986356951941295,0.8625175458311334,0.7498280769893395,0.8043867665574713,27.866666666666667,45.1,821.9058467946015,0.8433399444756409,0.002521601552143693,3.182035736211886
turbo_lunar_lander_12d,12,ucb,constant,fixed_p020,164,140,30,0.4323274841566182,0.17316566420232782,0.49647171847164323,0.09064291979009108,0.0,0.9046453623180981,0.0,1.5010552643988544,0.8607271215549486,0.7462088791547824,0.801537831137564,28.033333333333335,45.4,827.2931286916757,0.7904860391281545,0.04199187575529019,3.156440215262895
turbo_lunar_lander_12d,12,ucb,constant,fixed_p020,165,141,30,0.4053806480940675,0.0722050654330707,0.4918955481289294,0.08980742921552758,0.0,0.7459430666232563,0.0,1.5652127802962263,0.8606746450951206,0.7460386891115787,0.801308415459399,28.2,45.733333333333334,832.5785865219931,0.8132316164982816,0.0025018985848873853,3.2050148331560195
turbo_lunar_lander_12d,12,ucb,constant,fixed_p020,166,142,30,0.42724964497211276,0.18124565455217023,0.5011822332357687,0.0915029381880153,0.0,0.751706740844603,0.0,1.542614722979408,0.8604179533415584,0.7457871765583355,0.8011288802002723,28.5,46.2,837.9498845275801,0.7495100297965109,0.002606244742249449,3.225842267445599
turbo_lunar_lander_12d,12,ucb,constant,fixed_p020,167,143,30,0.459586531245381,0.2295649505668207,0.5236779197346593,0.09561006983535089,0.0,0.7809139143908224,0.0,1.4985382750025649,0.8603774454494038,0.7455920034850756,0.8009713715327362,28.7,46.5,843.1610096237001,0.8262584561482071,0.0026929560117423534,3.2294783776936433
turbo_lunar_lander_12d,12,ucb,constant,fixed_p020,168,144,30,0.4307119078486727,0.11175222375250815,0.5159706538141559,0.09420292203490072,0.0,0.7642892568404343,0.0,1.6180915950032304,0.8603489563164579,0.7454335514268933,0.8008273459543331,28.966666666666665,46.766666666666666,848.3257388851915,0.8294602251145988,0.002449553677191337,3.112545869095872
turbo_lunar_lander_12d,12,ucb,constant,fixed_p020,169,145,30,0.49569154304122953,0.3056028151474329,0.5448163231960022,0.09946939663715848,0.0,0.9487060978113502,0.0,1.478675089089673,0.8572064864737328,0.740692040239399,0.7969159141896832,29.233333333333334,47.1,853.7277925372745,0.7718533826371033,0.04482892144781848,3.3382503421977163
turbo_lunar_lander_12d,12,ucb,constant,fixed_p020,17,0,30,2.099757838105531,2.110022740220339,0.3828710086523443,0.0699023626845482,1.873366464527005,2.3150564028909124,1.0023537683350885,2.8299922076114465,0.9959122692309682,0.9688942266809756,0.9873643256895525,0.0,0.0,44.95914038629271,0.0,0.001408417041723927,2.5108424108165006
turbo_lunar_lander_12d,12,ucb,constant,fixed_p020,170,146,30,0.43682424984831086,0.010552790365549791,0.5359295854263169,0.09784690772412856,0.0,0.7728936971249689,0.0,1.6563594145508498,0.8570236176214736,0.7404124259438679,0.7965495591224835,29.533333333333335,47.53333333333333,859.2793188583727,0.8340878723344455,0.0026159632795800763,3.393719488832479
turbo_lunar_lander_12d,12,ucb,constant,fixed_p020,171,147,30,0.4472497151413434,0.010997482417092641,0.5325001952131035,0.09722078959804042,0.0,0.8662997434782829,0.0,1.5551529255267018,0.8569300125411682,0.7402500102531758,0.7963947128985951,29.7,48.0,865.2151505111251,0.9866340595763177,0.002755305590108037,3.4292086120539653
turbo_lunar_lander_12d,12,ucb,constant,fixed_p020,172,148,30,0.4354358034674727,0.03781790536653762,0.5234230966682941,0.09556354572147728,0.0,0.8060796803746986,0.0,1.5712177992691543,0.8568936356105054,0.7401340102214248,0.7963477452221138,29.833333333333332,48.233333333333334,871.2906864218414,1.0341461279739936,0.0027881544859459004,3.4683299541162946
turbo_lunar_lander_12d,12,ucb,constant,fixed_p020,173,149,30,0.4209286770220812,0.0032702282815844086,0.502696685794555,0.09177943813092151,0.0,0.8496848811882516,0.0,1.4335480381993446,0.8568720991504476,0.7399226752266662,0.7962188617918102,30.033333333333335,48.43333333333333,876.9676228915807,0.9074589712390055,0.002864363742992282,3.4417772344624002
turbo_lunar_lander_12d,12,ucb,constant,fixed_p020,174,150,30,0.4382535021102741,0.018855279934577918,0.5153748364520684,0.0940941411651112,0.0,0.8451274736881664,0.0,1.4335480381993446,0.8555374631371786,0.7374054359815594,0.7939888278042865,30.3,48.833333333333336,882.5336541444839,0.8041041507385671,0.04898243445592622,3.3487997232470663
turbo_lunar_lander_12d,12,ucb,constant,fixed_p020,175,151,30,0.4210347788445656,0.018673357632837506,0.5114095406472964,0.09337018051195979,0.0,0.775863084314437,0.0,1.4614561383957354,0.8554866817713548,0.7372123344786327,0.7938291364225217,30.533333333333335,49.2,887.8766519964518,0.7635408826948454,0.0026861963948855796,3.2616755521856247
turbo_lunar_lander_12d,12,ucb,constant,fixed_p020,176,152,30,0.4132309718207149,0.0,0.5014931319232172,0.0915597002627534,0.0,0.8124721522568119,0.0,1.4552941567742668,0.8553115136767941,0.7370213040759219,0.7937396664604667,30.766666666666666,49.46666666666667,893.4574227080835,0.8898433002488066,0.0027257840459545455,3.291752724768594
turbo_lunar_lander_12d,12,ucb,constant,fixed_p020,177,153,30,0.4173671394284742,0.0,0.5141004899399133,0.09386147838818275,0.0,0.7985001956678093,0.0,1.5336677121738487,0.8552802760918917,0.7368650784927754,0.7935635994967225,30.9,49.766666666666666,899.0231139972962,0.9207666979792217,0.002642327422897021,3.1592588204424827
turbo_lunar_lander_12d,12,ucb,constant,fixed_p020,178,154,30,0.4218351863293537,0.0,0.5133677391212607,0.09372769700404726,0.0,0.7620591014958786,0.0,1.5463011492411085,0.8551767172080322,0.7367172629552298,0.7934107080696964,31.133333333333333,50.13333333333333,904.6356734656418,0.7949668883811682,0.002736530142525832,3.3084382283966987
turbo_lunar_lander_12d,12,ucb,constant,fixed_p020,179,155,30,0.42706203890301625,0.0,0.5077036456759718,0.09269357975477999,0.0,0.8319468739335513,0.0,1.5047214460164047,0.8555969691597606,0.7365567543302328,0.7934273503024211,31.433333333333334,50.4,909.9473244227469,0.7266729657848676,0.05041357309867938,3.347799335932359
turbo_lunar_lander_12d,12,ucb,constant,fixed_p020,18,0,30,2.0920062495202365,2.111017479782991,0.33864160291830364,0.0618272149426874,1.8708896179771348,2.3034307913698533,1.2088720059724667,2.759462209735169,0.9957094485013225,0.9675855483758339,0.9866311169886459,0.0,0.0,47.78203934635967,0.0,0.0013813851090768972,2.3919011682271956
turbo_lunar_lander_12d,12,ucb,constant,fixed_p020,180,156,30,0.4353561090215133,0.0,0.5289554510837873,0.09657361082463692,0.0,0.807038344373689,0.0,1.683268169595938,0.8553316160821661,0.7363771371933185,0.7932302372271168,31.6,50.666666666666664,915.5163972383675,0.871434913466995,0.0027619733940809966,3.361380574464177
turbo_lunar_lander_12d,12,ucb,constant,fixed_p020,181,157,30,0.39756054340516295,0.0,0.48359430024242517,0.08829183564123409,0.0,0.8004525077042761,0.0,1.4335480381993446,0.8553237816449073,0.7363093839914057,0.7931735995315399,31.7,50.8,921.3350011714424,0.9479442694224417,0.0028345129763086637,3.3977025436237454
turbo_lunar_lander_12d,12,ucb,constant,fixed_p020,182,158,30,0.3777795034894232,0.0,0.47175364308591383,0.08613003730113201,0.0,0.7386925350543436,0.0,1.4488384178940457,0.8553044030867498,0.7361515001385985,0.7929957552383962,31.8,51.0,926.9381119574575,0.9169339547399431,0.0028296482904503744,3.3735245041238766
turbo_lunar_lander_12d,12,ucb,constant,fixed_p020,183,159,30,0.37971473723648247,0.0,0.4900251803875048,0.08946594834792483,0.0,0.6816008240313223,0.0,1.5533026815871316,0.8551751367886807,0.735873822716694,0.7927332200751803,32.03333333333333,51.266666666666666,932.7811653104455,0.9094983499497176,0.0029332039256890615,3.522297855823611
turbo_lunar_lander_12d,12,ucb,constant,fixed_p020,184,160,30,0.3958890592276355,0.0,0.4874991052689042,0.08900475223978814,0.0,0.8011676909735814,0.0,1.5564897051981443,0.8527655353721102,0.7329908631317825,0.7900372678056773,32.233333333333334,51.63333333333333,938.6298058559343,0.9699202455580235,0.0521891619078815,3.4451894630988438
turbo_lunar_lander_12d,12,ucb,constant,fixed_p020,185,161,30,0.4092929942161041,0.16952037330793424,0.48159109898141494,0.0879261028019414,0.0,0.7513415474266927,0.0,1.566475574575794,0.8527395091018884,0.7327815088669116,0.7898602797211383,32.43333333333333,51.9,944.6963012742344,0.9223319419814895,0.002959192031994462,3.4556347690988334
turbo_lunar_lander_12d,12,ucb,constant,fixed_p020,186,162,30,0.38040730887129287,0.0,0.47940767433821163,0.08752746582537635,0.0,0.7216078375506525,0.0,1.5533026815871316,0.852736205371213,0.7327232214296123,0.7898134414087775,32.5,52.166666666666664,950.7514282191948,1.0253269096370787,0.0029251502361148595,3.407258729590103
turbo_lunar_lander_12d,12,ucb,constant,fixed_p020,187,163,30,0.3797084273423954,0.0,0.4770571920851343,0.08709832844170101,0.0,0.7511747713786782,0.0,1.515981345357847,0.852729873421642,0.7326249585238493,0.7896953938893894,32.6,52.333333333333336,957.0772405890438,1.021150716735671,0.0030334722716361283,3.5475364652151864
turbo_lunar_lander_12d,12,ucb,constant,fixed_p020,188,164,30,0.38813719865779034,0.0,0.47821980727211216,0.08731059196290297,0.0,0.7073871204039981,0.0,1.4799512345652377,0.8527021003228549,0.7324416952542439,0.7895009262235305,32.833333333333336,52.6,963.1071774270386,0.8815831738213699,0.002928464502717058,3.5055810885193446
turbo_lunar_lander_12d,12,ucb,constant,fixed_p020,189,165,30,0.3954613057889252,0.0,0.47213737637601505,0.08620009709415005,0.0,0.734853868913151,0.0,1.4277690614146958,0.852463143232517,0.7341581847711226,0.7903918785782619,32.96666666666667,52.96666666666667,968.8799907640243,0.9623033200390637,0.05779260848648846,3.2615493457764386
turbo_lunar_lander_12d,12,ucb,constant,fixed_p020,19,0,30,2.0804840658667922,2.12933069587867,0.3391846870726449,0.061926368090006165,1.870570543226884,2.277441225842643,1.1501422677106037,2.7184779824824505,0.9955179886383606,0.9663557325210144,0.9860669594507968,0.0,0.0,50.664458642946556,0.0,0.0014285385453452666,2.503506610884021
turbo_lunar_lander_12d,12,ucb,constant,fixed_p020,190,166,30,0.3763261560014185,0.0,0.45683385826699896,0.08340606973498442,0.0,0.7211068139865752,0.0,1.4528112869985816,0.8524115165420496,0.7340767593059817,0.7903427932351015,33.06666666666667,53.2,974.6369524507784,0.9163492116611451,0.002986984016994635,3.4160417770346005
turbo_lunar_lander_12d,12,ucb,constant,fixed_p020,191,167,30,0.3808593536047115,0.0,0.4673858254404358,0.08533258655063287,0.0,0.77482957271305,0.0,1.469700774880672,0.8523913909656999,0.7339108405022162,0.7902150133054964,33.233333333333334,53.4,980.3301836534558,0.8776918782076488,0.0030505949165672065,3.478358199633658
turbo_lunar_lander_12d,12,ucb,constant,fixed_p020,192,168,30,0.40485987944887436,0.0,0.4895336891810605,0.08937621474106318,0.0,0.7665276401532382,0.0,1.4863701986007576,0.8518719682579421,0.7336858525923845,0.7900888897001815,33.5,53.7,986.0948671464032,0.9097523694392293,0.003233009623363614,3.4841442060967287
turbo_lunar_lander_12d,12,ucb,constant,fixed_p020,193,169,30,0.3844606925918001,0.0,0.47769675058895644,0.08721509531483022,0.0,0.6950702357085322,0.0,1.4955290187377765,0.8516711948217487,0.7333668363054251,0.7899005416699197,33.9,54.166666666666664,991.262546332165,0.6523957249863694,0.003008754225447774,3.428134088559697
turbo_lunar_lander_12d,12,ucb,constant,fixed_p020,194,170,30,0.37047490794278803,0.0,0.475444416266663,0.08680387720970915,0.0,0.7340230394528058,0.0,1.5286771156736454,0.8506503174025022,0.7316135169972594,0.788612891244086,34.13333333333333,54.6,997.0000509229178,0.8012741320921729,0.06110910354182124,3.4745292145448428
turbo_lunar_lander_12d,12,ucb,constant,fixed_p020,195,171,30,0.3982421750732104,0.0,0.4874175751543952,0.08898986694551062,0.0,0.8082759413641298,0.0,1.4684358002338382,0.8506214808547021,0.7315192089568594,0.7884762244493739,34.266666666666666,54.9,1002.8419749787698,0.923617790841187,0.0030237406957894565,3.321027739563336
turbo_lunar_lander_12d,12,ucb,constant,fixed_p020,196,172,30,0.3842618813151547,0.0,0.4737373981430055,0.0864922197655767,0.0,0.7580179393131479,0.0,1.5039920175148864,0.8505334810183733,0.7313754153376552,0.7883123620923314,34.46666666666667,55.233333333333334,1008.2644562873213,0.8591428209561854,0.0029917877943565446,3.2835592499158035
turbo_lunar_lander_12d,12,ucb,constant,fixed_p020,197,173,30,0.4029238655048847,0.0,0.4881772158583047,0.08912855772855406,0.0,0.7753314035355718,0.0,1.5533026815871316,0.8504539511955057,0.73120349888759,0.7882208671622248,34.63333333333333,55.6,1013.8625993738417,0.8591293379509201,0.002904390605787436,3.2168040267812708
turbo_lunar_lander_12d,12,ucb,constant,fixed_p020,198,174,30,0.35602547155697395,0.0,0.449337841232818,0.08203749052796312,0.0,0.6783367639444975,0.0,1.467648654457848,0.8504414697856505,0.7310902126663975,0.7881240986551212,34.8,55.93333333333333,1019.1746646991465,0.8547774960752577,0.0027658142615109684,3.0832266498201837
turbo_lunar_lander_12d,12,ucb,constant,fixed_p020,199,175,30,0.4037596082706597,0.0,0.48881909058312445,0.08924574748384613,0.0,0.772934243743207,0.0,1.5632065235938257,0.8509781075524938,0.7321595361618471,0.7889970830355273,35.03333333333333,56.2,1024.0563383739598,0.7103713238146157,0.05747975944541395,3.013576516121005
turbo_lunar_lander_12d,12,ucb,constant,fixed_p020,2,0,30,2.885570233135184,2.8293080899717786,0.4982639284972421,0.09097013107636022,2.517399148613383,3.238257766184881,1.8437588878566724,3.9886089859838023,0.9996801932678034,0.9944561142072189,0.9987245304408059,0.0,0.0,3.2869405892988044,0.0,0.0013746284724523623,2.0189192903383324
turbo_lunar_lander_12d,12,ucb,constant,fixed_p020,20,0,30,2.061611883645981,2.104385787790042,0.34075255035328955,0.06221261945197055,1.8126988241714181,2.2639419317645997,1.110178421976981,2.7188176888560056,0.9951943940238099,0.9650347806448117,0.9853139315771867,0.0,0.0,53.70044485347656,0.0,0.0014310293986151616,2.6324452264855305
turbo_lunar_lander_12d,12,ucb,constant,fixed_p020,200,176,30,0.40186485899823493,0.13031190715699958,0.4803935175430415,0.08770745534585919,0.0,0.6971732732002542,0.0,1.6448720119834095,0.8509543002177152,0.7320201901283663,0.7888985709372007,35.233333333333334,56.56666666666667,1029.1797490316599,0.7746344276703894,0.002646224045505126,2.976775857092192
turbo_lunar_lander_12d,12,ucb,constant,fixed_p020,201,177,30,0.3894103809592944,0.13049900207875043,0.4801000919414568,0.08765388340554671,0.0,0.7198448920881866,0.0,1.6465669401326126,0.8508782646290326,0.7318601256589595,0.7887745798107055,35.4,56.8,1034.3096093121605,0.8047287756887574,0.0027507679847379525,3.0398629455206296
turbo_lunar_lander_12d,12,ucb,constant,fixed_p020,202,178,30,0.4096818513863206,0.0,0.4962522940776364,0.09060285856000293,0.0,0.7534212556224038,0.0,1.6463450759451137,0.8508552737168001,0.731797855776436,0.7887454308256054,35.5,57.0,1040.0612968077417,0.8791678549100955,0.002873892274995645,3.215903665591031
turbo_lunar_lander_12d,12,ucb,constant,fixed_p020,203,179,30,0.39740774938003604,0.0,0.4990506743267504,0.09111377055564182,0.0,0.7402599798742228,0.0,1.6463450759451137,0.8507708508726268,0.7316410267169178,0.7886678231956583,35.7,57.166666666666664,1045.493980965158,0.8160607690302034,0.0029593454829106728,3.245878639165312
turbo_lunar_lander_12d,12,ucb,constant,fixed_p020,204,180,30,0.3743206958476267,0.0,0.4667472935547967,0.0852160071114826,0.0,0.7021627607212062,0.0,1.5451016773037947,0.850048025353767,0.7298858685688712,0.7873667229775421,35.96666666666667,57.63333333333333,1050.5283289372455,0.6553760297130793,0.06636534330124656,3.217486374763151
turbo_lunar_lander_12d,12,ucb,constant,fixed_p020,205,181,30,0.38798468937265873,0.0,0.4761825538497296,0.08693864207797179,0.0,0.7229193649073984,0.0,1.5533026815871316,0.8500175215354064,0.729705591650126,0.787196969535779,36.233333333333334,58.03333333333333,1055.8065492379478,0.7851523641652117,0.0030052468025436,3.2751604053347063
turbo_lunar_lander_12d,12,ucb,constant,fixed_p020,206,182,30,0.3837120186146501,0.014503969498220082,0.46863515140034334,0.08556068122060559,0.0,0.723857814415588,0.0,1.5533026815871316,0.84999994919637,0.7296423702513835,0.7871358859624874,36.36666666666667,58.36666666666667,1061.3742205164706,0.8526057704041402,0.002957041934132576,3.280078891897574
turbo_lunar_lander_12d,12,ucb,constant,fixed_p020,207,183,30,0.39542129950262667,0.0,0.47263798551971375,0.08629149540098242,0.0,0.7374758983354567,0.0,1.5439049644134815,0.8498537536268401,0.7293776505425603,0.786904749962744,36.63333333333333,58.7,1066.7259188569926,0.7881079834420234,0.0030041952927907308,3.2476192773475003
turbo_lunar_lander_12d,12,ucb,constant,fixed_p020,208,184,30,0.374747109332242,0.0,0.455655439161844,0.08319092082628826,0.0,0.7033015001461957,0.0,1.5361313928712654,0.84983622858779,0.7292789226110067,0.7867963204777748,36.8,59.06666666666667,1072.5064429181007,0.9110596699795376,0.0030614996639390787,3.3435220925913502
turbo_lunar_lander_12d,12,ucb,constant,fixed_p020,209,185,30,0.3827879034226492,0.0,0.47501071667119554,0.08672469485916968,0.0,0.761896910094074,0.0,1.5397736518924092,0.8476319017694484,0.7257033090938114,0.7837418743033606,37.03333333333333,59.333333333333336,1078.2154967260858,0.803463036287576,0.06623146287165582,3.3376186488196256
turbo_lunar_lander_12d,12,ucb,constant,fixed_p020,21,0,30,2.0103557832540613,2.1196253294823966,0.45621493106484673,0.0832930696049603,1.8201512959423876,2.2685593450080273,0.35543964366029956,2.6623164610743437,0.9950198861468054,0.9639788771103057,0.9847182647098223,0.0,0.0,56.74834617537757,0.0,0.0014567500601212183,2.6135083293076606
turbo_lunar_lander_12d,12,ucb,constant,fixed_p020,210,186,30,0.3712712703301909,0.0,0.46526568464282003,0.08494550357065249,0.0,0.7071371250838997,0.0,1.5533026815871316,0.8474541095276901,0.7255455458802728,0.7836028914630567,37.233333333333334,59.63333333333333,1083.7792414844657,0.7642242122907191,0.0030731535982340573,3.3848637194527935
turbo_lunar_lander_12d,12,ucb,constant,fixed_p020,211,187,30,0.3796764699414788,0.0,0.47263343735069463,0.08629066502272673,0.0,0.6796352872193345,0.0,1.5397736518924092,0.8469567730791372,0.7252875981839152,0.7833289332890627,37.53333333333333,60.0,1089.2614989816366,0.7477724770084023,0.003042018817116817,3.339857053166876
turbo_lunar_lander_12d,12,ucb,constant,fixed_p020,212,188,30,0.3634108473859556,0.0,0.4462212699433319,0.08146848506218829,0.0,0.6945437656929959,0.0,1.5443523929286298,0.8467924523621377,0.7251078923236093,0.7831461637080827,37.766666666666666,60.4,1094.716206779843,0.8017103940248489,0.003146581274146835,3.3545863669831304
turbo_lunar_lander_12d,12,ucb,constant,fixed_p020,213,189,30,0.3956203181594335,0.0,0.46950548053656466,0.08571958085405973,0.0,0.7337172967259116,0.0,1.5443523929286298,0.8467550732127853,0.7250422519657689,0.7830826958624038,37.833333333333336,60.7,1100.6226027925034,0.9796010541419188,0.0030832132790237663,3.3080014877797415
turbo_lunar_lander_12d,12,ucb,constant,fixed_p020,214,190,30,0.4045204091966089,0.0,0.4840721419642604,0.08837907720455618,0.0,0.7837139764621177,0.0,1.52704120927489,0.8455331759738025,0.7234138346670724,0.7815891299855825,38.0,60.93333333333333,1106.4565740884436,0.8697962146718055,0.07012081344922384,3.3961481641822804
turbo_lunar_lander_12d,12,ucb,constant,fixed_p020,215,191,30,0.3529001750976274,0.0,0.4283927255039291,0.07821345307654022,0.0,0.6300321228265744,0.0,1.4551694522739984,0.8454630834373227,0.7233262540528005,0.781505771137486,38.1,61.2,1112.1135722084748,0.9651769877721866,0.0031150315267344316,3.2441265027504413
turbo_lunar_lander_12d,12,ucb,constant,fixed_p020,216,192,30,0.3726469912696959,0.0,0.4539449688559711,0.08287863310279849,0.0,0.6981400147601151,0.0,1.4558711978758563,0.8454471091663173,0.723199750422556,0.781433329633524,38.233333333333334,61.43333333333333,1117.6705139341298,0.900363947559769,0.0030960440325240295,3.261885688624655
turbo_lunar_lander_12d,12,ucb,constant,fixed_p020,217,193,30,0.3630637877822572,0.0,0.43723936637791727,0.07982862133148373,0.0,0.7455237635461853,0.0,1.4464245398780622,0.8454001490231312,0.7230033982567962,0.7810785854965954,38.43333333333333,61.766666666666666,1123.5864097194901,0.8965878406229119,0.0032847692569096883,3.5021120130860557
turbo_lunar_lander_12d,12,ucb,constant,fixed_p020,218,194,30,0.3435861700292157,0.0,0.41022659808275463,0.07489678715284341,0.0,0.698442494113906,0.0,1.4019329590052896,0.8453318513647212,0.7228297524534122,0.780917819990952,38.6,62.06666666666667,1129.4445549082477,0.9449029416311532,0.0032648622058331967,3.3143008126411586
turbo_lunar_lander_12d,12,ucb,constant,fixed_p020,219,195,30,0.3503904031272069,0.0,0.4178006301070659,0.07627960988317069,0.0,0.6833225439051585,0.0,1.484169144583832,0.8457429700012131,0.7219196687903364,0.7806849046982033,38.833333333333336,62.46666666666667,1135.1277447538762,0.8188233358630289,0.07879685293883085,3.5226156844912717
turbo_lunar_lander_12d,12,ucb,constant,fixed_p020,22,0,30,2.018812395918843,2.0954128147140247,0.4247300673108744,0.07754474623895116,1.8243497978773924,2.256515884138674,0.4386501698383287,2.6667800721842894,0.9947753131421503,0.9627320698773395,0.9839994741725716,0.0,0.0,59.754187881279115,0.0,0.0014380737983932098,2.625148528829838
turbo_lunar_lander_12d,12,ucb,constant,fixed_p020,220,196,30,0.3556981804658985,0.0,0.46990372219602705,0.08579228950080167,0.0,0.636475237984401,0.0,1.7371227028802094,0.845713488998405,0.7217564335977329,0.7805472111571192,39.1,62.766666666666666,1140.9542694754432,0.7270830963272601,0.0033818746916949747,3.549182603415102
turbo_lunar_lander_12d,12,ucb,constant,fixed_p020,221,197,30,0.39479843045833796,0.0,0.5024189913105862,0.09172873828660004,0.0,0.701006815367155,0.0,1.7371227028802094,0.8456652262170472,0.7216453676990274,0.7804473998057013,39.2,62.93333333333333,1146.886978755348,1.0008933676251521,0.003327343442166845,3.436859770786638
turbo_lunar_lander_12d,12,ucb,constant,fixed_p020,222,198,30,0.33291439113364435,0.0,0.4114030647012725,0.07511157958788144,0.0,0.6348637785726216,0.0,1.4654227612987758,0.8453269876759831,0.7215144682169091,0.7802726548246285,39.333333333333336,63.1,1152.80466750705,0.8892037928259621,0.003314426339541872,3.3271346688115346
turbo_lunar_lander_12d,12,ucb,constant,fixed_p020,223,199,30,0.3823450571313945,0.0,0.47000931540341384,0.08581156809467003,0.0,0.7767304804465498,0.0,1.6820976239913092,0.8452543146047328,0.7214004508067474,0.7801129891052906,39.46666666666667,63.36666666666667,1158.5343832867686,0.9066701084685822,0.003344952967017889,3.3504809096300354
turbo_lunar_lander_12d,12,ucb,constant,fixed_p020,224,200,30,0.36134945781618977,0.0,0.43264585845178233,0.07898996536174277,0.0,0.6835535612609567,0.0,1.5764762032310116,0.8442840629851435,0.7199504497809378,0.7789214489249582,39.666666666666664,63.56666666666667,1164.4342734706122,0.9109868746561308,0.07838211040943861,3.4394920635968447
turbo_lunar_lander_12d,12,ucb,constant,fixed_p020,225,201,30,0.3705198757278651,0.0,0.4416788151989513,0.08063915008554041,0.0,0.6876856928448328,0.0,1.617933053758624,0.8441204912824088,0.7197331932783714,0.7787327472929085,39.9,63.93333333333333,1170.1816976297491,0.8620025456417352,0.003353287000209093,3.391355191792051
turbo_lunar_lander_12d,12,ucb,constant,fixed_p020,226,202,30,0.3401096877830253,0.0,0.4260493146877236,0.07778560675469444,0.0,0.662396018570538,0.0,1.6792484327633124,0.8440998743371687,0.7196153948689419,0.7787076338907717,40.06666666666667,64.26666666666667,1176.0576800699966,0.8848293672005335,0.0033785675497104723,3.445024955024322
turbo_lunar_lander_12d,12,ucb,constant,fixed_p020,227,203,30,0.3599545434108604,0.0,0.42826247058092604,0.07818967189002192,0.0,0.6712349039781578,0.0,1.5499315819709252,0.8439947730291233,0.7195009520087119,0.7785438618201042,40.2,64.5,1181.9433701566886,0.8626939571307352,0.00344783045972387,3.4360891258188833
turbo_lunar_lander_12d,12,ucb,constant,fixed_p020,228,204,30,0.3531678585166304,0.0,0.4239002241403891,0.07739323829772903,0.0,0.6776975751520127,0.0,1.5037298240024728,0.8439629205420041,0.7193772501641501,0.7784702448184936,40.36666666666667,64.66666666666667,1187.888164289249,0.9147390604019165,0.0036206211739530166,3.5100279193526753
turbo_lunar_lander_12d,12,ucb,constant,fixed_p020,229,205,30,0.3513351944364324,0.0,0.4103775026202319,0.07492433842591215,0.0,0.7407318282752026,0.0,1.2963166534967634,0.845029275293025,0.7204359541162323,0.779612810550417,40.766666666666666,65.03333333333333,1193.35763731068,0.6907030698067198,0.08253739136271179,3.4770972106295326
turbo_lunar_lander_12d,12,ucb,constant,fixed_p020,23,0,30,2.029291854648789,2.0924241953842992,0.4307785176434424,0.07864903713398352,1.8221556810613653,2.2998905622316252,0.4639975490151611,2.646881173905956,0.994474263862337,0.9616650611612246,0.9833508850634076,0.0,0.0,62.72754975582163,0.0,0.0014477181403587261,2.575394017932316
turbo_lunar_lander_12d,12,ucb,constant,fixed_p020,230,206,30,0.3395465751661125,0.0,0.40883671063755306,0.07464302958413337,0.0,0.6570689467747917,0.0,1.5000726734586234,0.8448082679726531,0.7202855666359753,0.7794872194910751,40.96666666666667,65.3,1199.2424647152425,0.8712323035734395,0.0034922872204333545,3.4646690515025207
turbo_lunar_lander_12d,12,ucb,constant,fixed_p020,231,207,30,0.34498391564006703,0.0,0.41170450682847226,0.07516661513883131,0.0,0.6904697240366057,0.0,1.4063085902564447,0.8447631754367654,0.7201269681997828,0.7793410333532194,41.166666666666664,65.7,1205.3593847048935,0.9134503758512438,0.003596943151205778,3.472974237954865
turbo_lunar_lander_12d,12,ucb,constant,fixed_p020,232,208,30,0.36105973378768363,0.0,0.42107783004946236,0.0768779419944724,0.0,0.7164253756844842,0.0,1.4063087234868608,0.8447039827403521,0.7199755697950239,0.7792090104480717,41.333333333333336,66.0,1211.1817186842827,0.9054702770741035,0.0033945436278978985,3.375334561802447
turbo_lunar_lander_12d,12,ucb,constant,fixed_p020,233,209,30,0.3581701944381854,0.0,0.42649072873267596,0.07786619756456777,0.0,0.6997913598787013,0.0,1.4063087234868608,0.8441926906661451,0.7197544763990537,0.7790363251704846,41.56666666666667,66.4,1216.4817091028983,0.7597390527526537,0.0034070314063380162,3.3039859164661416
turbo_lunar_lander_12d,12,ucb,constant,fixed_p020,234,210,30,0.33097326670179533,0.0,0.40512234251630946,0.07396488184850564,0.0,0.6064348056410704,0.0,1.5339421708356296,0.845216362536409,0.7178223228384406,0.7788448969869296,41.766666666666666,66.63333333333334,1222.026260754792,0.7916692889140298,0.07980573068683346,3.2442647230656196
turbo_lunar_lander_12d,12,ucb,constant,fixed_p020,235,211,30,0.31510464698128426,0.0,0.3973707254834555,0.07254963667982717,0.0,0.6247334757165801,0.0,1.384544461088462,0.8450638406234855,0.7176757360254575,0.77867240293077,41.93333333333333,66.86666666666666,1227.5042726392237,0.846591749181971,0.003332568798214197,3.218913700338453
turbo_lunar_lander_12d,12,ucb,constant,fixed_p020,236,212,30,0.3569838780315593,0.0,0.4406364350281496,0.08044883837452568,0.0,0.7545517726660544,0.0,1.4845183937732411,0.845019751858293,0.7175591390981381,0.7785396636045292,42.06666666666667,67.16666666666667,1233.006030379655,0.8588275435070197,0.0033200564639021954,3.1311467913755524
turbo_lunar_lander_12d,12,ucb,constant,fixed_p020,237,213,30,0.3516924115110494,0.0,0.4426463253275238,0.0808157924595517,0.0,0.7562625947931847,0.0,1.4075322304404192,0.8449268371722157,0.71742752428229,0.7783769050931041,42.233333333333334,67.4,1238.2986580395295,0.798700510027508,0.0032572022328774134,3.0745520080439745
turbo_lunar_lander_12d,12,ucb,constant,fixed_p020,238,214,30,0.34765456533841343,0.0,0.44015547159378443,0.08036102686708003,0.0,0.747889724114546,0.0,1.4075322304404192,0.8447273378574879,0.7172202740847704,0.7781579021189011,42.46666666666667,67.73333333333333,1243.4521355310144,0.7351240448188037,0.0033101455308496954,3.107370506428803
turbo_lunar_lander_12d,12,ucb,constant,fixed_p020,239,215,30,0.3423659467148565,0.0,0.4379440800473895,0.07995728385593445,0.0,0.7469345586214107,0.0,1.5120032229648557,0.8487179190528614,0.7230149287406835,0.7834635758253853,42.666666666666664,68.16666666666667,1248.661013101662,0.7804385193934044,0.0805362242894868,2.9653394530061634
turbo_lunar_lander_12d,12,ucb,constant,fixed_p020,24,0,30,1.9789134699739348,1.8978690382657675,0.6695397847580342,0.12224068108637631,1.7052837871157773,2.3542641825037984,0.0,3.869210107643327,0.7245680538849998,0.5573613631664515,0.6330507827136042,0.0,0.0,65.21406797505915,0.0,0.011373605920622747,2.0937468943030884
turbo_lunar_lander_12d,12,ucb,constant,fixed_p020,240,216,30,0.3444415745028239,0.0,0.44277379168758674,0.08083906452646156,0.0,0.726655377061681,0.0,1.5552766144291084,0.8486405837960703,0.7228203828461705,0.7832751508804895,42.93333333333333,68.56666666666666,1253.7841357270877,0.6700919607809435,0.0032280809866885346,3.095454649068415
turbo_lunar_lander_12d,12,ucb,constant,fixed_p020,241,217,30,0.3181544874663866,0.0,0.40876759488128744,0.07463041083120481,0.0,0.6923620531135611,0.0,1.5238493446824142,0.8485949836648825,0.7226353985865621,0.7831485043976829,43.166666666666664,69.0,1258.9270014784454,0.7344766898080707,0.0033627566726257404,3.1911766360203426
turbo_lunar_lander_12d,12,ucb,constant,fixed_p020,242,218,30,0.3231613395983704,0.0,0.4166495920236529,0.07606946004222641,0.0,0.6639045423741678,0.0,1.4631988955817197,0.8485720901329497,0.7225148520861978,0.7830247157024517,43.3,69.36666666666666,1264.646995043382,0.8465274453628808,0.0034729182720184327,3.271974389363701
turbo_lunar_lander_12d,12,ucb,constant,fixed_p020,243,219,30,0.33342719544627875,0.0,0.43389518085010587,0.07921805938146219,0.0,0.6444200947361546,0.0,1.45118690359497,0.8483573936817318,0.7223009093683503,0.7828745523645246,43.56666666666667,69.7,1269.9042734306927,0.7538386504941931,0.0034938549622893335,3.1914367780399817
turbo_lunar_lander_12d,12,ucb,constant,fixed_p020,244,220,30,0.38060831518708865,0.0,0.4708678353653096,0.08596831167773629,0.0,0.8590606005525225,0.0,1.4325358788121072,0.8482708540674697,0.7228385937680535,0.7831753135854771,43.733333333333334,70.06666666666666,1275.509883423817,0.7963262548825393,0.08846306066649655,3.2344799631740897
turbo_lunar_lander_12d,12,ucb,constant,fixed_p020,245,221,30,0.3465593742128158,0.0,0.4440015900441124,0.08106322881177384,0.0,0.7208468139878307,0.0,1.466542931998713,0.8482147823762841,0.7227891490167802,0.7831112373162779,43.766666666666666,70.26666666666667,1281.1761613954325,0.9592078068604072,0.0035068463378896317,3.0599344678378353
turbo_lunar_lander_12d,12,ucb,constant,fixed_p020,246,222,30,0.3500290608845277,0.0,0.44749611791846644,0.08170123939331195,0.0,0.7324058726057705,0.0,1.466542931998713,0.8481633203918536,0.7226071695397857,0.7828378142277219,44.0,70.46666666666667,1286.1563949017166,0.7337317212795218,0.003388563528036078,3.015134860435501
turbo_lunar_lander_12d,12,ucb,constant,fixed_p020,247,223,30,0.32644554257625935,0.0,0.4225193043263546,0.07714111798697817,0.0,0.6576472502070054,0.0,1.467538267779783,0.8481185637821862,0.7224633788887914,0.7827473427594087,44.166666666666664,70.8,1291.3336115168563,0.7407592205175509,0.003522335924208164,3.122446004953235
turbo_lunar_lander_12d,12,ucb,constant,fixed_p020,248,224,30,0.3467819658055069,0.0,0.43613158716663186,0.0796263694438983,0.0,0.7300327622068102,0.0,1.397404977282061,0.8480918153520153,0.722340548409489,0.7826009712066883,44.333333333333336,71.13333333333334,1296.6889681760067,0.8241610021796077,0.003621148488794764,3.2050917938041192
turbo_lunar_lander_12d,12,ucb,constant,fixed_p020,249,225,30,0.3352858265021089,0.0,0.42254462294274414,0.07714574051275197,0.0,0.6606592801728879,0.0,1.3691078384245232,0.847226811963372,0.7226656233481488,0.7826054143095063,44.56666666666667,71.46666666666667,1302.2742075091383,0.7518057653680443,0.09162540653099617,3.279919356961424
turbo_lunar_lander_12d,12,ucb,constant,fixed_p020,25,1,30,2.085793495632952,2.016355907436452,0.8958089917301669,0.16355159732885707,1.7318441602417078,2.611746768913672,0.0,3.8899317486328018,0.7220729120257136,0.5553325618226052,0.630838944396863,0.23333333333333334,0.0,69.56465256004594,0.8724473787782093,0.0014376885412881772,2.2132671074941754
turbo_lunar_lander_12d,12,ucb,constant,fixed_p020,250,226,30,0.33092530457950264,0.0,0.4134670870824247,0.07548841679366562,0.0,0.7378515363668092,0.0,1.397437303933798,0.8472128561460684,0.722503023041699,0.7824604294552479,44.733333333333334,71.8,1307.966485128412,0.858194299088791,0.003661074691141645,3.358036888809875
turbo_lunar_lander_12d,12,ucb,constant,fixed_p020,251,227,30,0.3098390309035162,0.0,0.41019477993462405,0.0748909779803537,0.0,0.5878703398875448,0.0,1.477926824508868,0.846977429754948,0.7223462063104108,0.7823319109270865,44.93333333333333,72.1,1313.6106916542476,0.8320936264004558,0.0036714579444378616,3.3681602026956776
turbo_lunar_lander_12d,12,ucb,constant,fixed_p020,252,228,30,0.340976905768215,0.0,0.43480924035878576,0.07938494305206421,0.0,0.6860278103717392,0.0,1.424868859508253,0.8469408765060932,0.7222098239479441,0.7822495367862626,45.06666666666667,72.36666666666666,1319.2425823915285,0.8400549207348377,0.0037616075792660316,3.331337798200548
turbo_lunar_lander_12d,12,ucb,constant,fixed_p020,253,229,30,0.347885609360364,0.0,0.4404746019858469,0.08041929183858607,0.0,0.7258879205378516,0.0,1.543335619837759,0.8466124547482387,0.7219772857615283,0.781955347269769,45.3,72.73333333333333,1324.7898191083843,0.7571218100376427,0.0037793750098596016,3.283180208473156
turbo_lunar_lander_12d,12,ucb,constant,fixed_p020,254,230,30,0.3461391042736068,0.0,0.4367788396325034,0.07974454103588452,0.0,0.6863509528120344,0.0,1.5106893694036234,0.8486010156944875,0.7250147165967973,0.7847948425371597,45.4,73.06666666666666,1330.4377304717898,0.923510252761965,0.08844549014853935,3.093359197877968
turbo_lunar_lander_12d,12,ucb,constant,fixed_p020,255,231,30,0.3411049556071854,0.0,0.4271775265437714,0.07799158911576182,0.0,0.7367696437922375,0.0,1.4601762679889303,0.8483815797889883,0.7248397279763192,0.7845427374681331,45.56666666666667,73.26666666666667,1335.6303323891168,0.7746185968785236,0.0036696113801250856,3.0906684749604514
turbo_lunar_lander_12d,12,ucb,constant,fixed_p020,256,232,30,0.3305949572909013,0.0,0.4168310356815896,0.07610258697034913,0.0,0.6898527744602405,0.0,1.392131836751531,0.8483730241544134,0.7247035577012088,0.7843915964768574,45.7,73.5,1340.985764910467,0.779722717901071,0.004167144512757659,3.11732128188014
turbo_lunar_lander_12d,12,ucb,constant,fixed_p020,257,233,30,0.3233915831351725,0.0,0.409756645515586,0.0748109859455115,0.0,0.6563693988810159,0.0,1.4273298263368859,0.8477850444605508,0.7244941982750187,0.7841862311860844,45.96666666666667,73.83333333333333,1346.1783861734905,0.756695831178998,0.003717302515481909,3.1485345438588412
turbo_lunar_lander_12d,12,ucb,constant,fixed_p020,258,234,30,0.3348975919177954,0.0,0.4141937822403187,0.07562109257046841,0.0,0.7002581557082959,0.0,1.3988698588118262,0.8476098895161379,0.7242256255817484,0.7839951618785241,46.233333333333334,74.16666666666667,1351.4449775055516,0.7679904934794952,0.003770202895005544,3.2557701162683466
turbo_lunar_lander_12d,12,ucb,constant,fixed_p020,259,235,30,0.31197324863139997,0.0,0.4132494810325068,0.07544868754626909,0.0,0.6057848304308745,0.0,1.5317830804098729,0.845899484909374,0.7207386239898493,0.7812347046684978,46.43333333333333,74.5,1356.8999304722063,0.8316637910126398,0.09988784384913743,3.1076637788675727
turbo_lunar_lander_12d,12,ucb,constant,fixed_p020,26,2,30,1.86855660902103,1.8779288685374556,0.7837711437907862,0.1430963784586129,1.528797795215762,2.3738190580101515,0.0,3.864448006671237,0.7198416358507331,0.5531892943325385,0.6285321006055905,0.4666666666666667,0.3333333333333333,73.62253968796382,1.0785530935817709,0.0014139512709031503,1.9828757470939309
turbo_lunar_lander_12d,12,ucb,constant,fixed_p020,260,236,30,0.3234045105645617,0.0,0.4206955403774708,0.07680814576885539,0.0,0.6418169534475139,0.0,1.532981982639428,0.8458475501673848,0.720437646828157,0.781016593830492,46.86666666666667,75.06666666666666,1361.6761249785156,0.5455991130011777,0.0037091328917692105,3.0748178990092128
turbo_lunar_lander_12d,12,ucb,constant,fixed_p020,261,237,30,0.3724848238195914,0.0,0.4538529198280805,0.08286182732647446,0.0,0.7990351587374211,0.0,1.4590790070764248,0.8457900399741056,0.7202479574230503,0.7807031555570523,47.1,75.46666666666667,1366.8019427584484,0.758718540938571,0.0037445180118083955,3.1043485245667397
turbo_lunar_lander_12d,12,ucb,constant,fixed_p020,262,238,30,0.3802082432144608,0.0,0.4638905478451199,0.08469443908940057,0.0,0.7956416188629165,0.0,1.4658982453187828,0.8452234433550593,0.7199745595889248,0.7804459666925941,47.46666666666667,75.86666666666666,1371.5595807127345,0.5977475176410129,0.0036540437955409288,3.016981948632747
turbo_lunar_lander_12d,12,ucb,constant,fixed_p020,263,239,30,0.3596052620659654,0.0,0.4582478137990183,0.08366422151504982,0.0,0.7812213553080927,0.0,1.4943489420085398,0.8448161804304821,0.7196951348474235,0.7801785168480893,47.8,76.3,1376.3705213328358,0.6037675413147857,0.003704864624887705,2.984289555903524
turbo_lunar_lander_12d,12,ucb,constant,fixed_p020,264,240,30,0.32103236329124957,0.0,0.42098029906777984,0.07686013535489802,0.0,0.6961563570827702,0.0,1.4068008276032433,0.844374928660523,0.7189962704009748,0.7794792152380893,48.1,76.86666666666666,1381.7072145537318,0.7232680165984978,0.10403500511310995,3.1722207828580093
turbo_lunar_lander_12d,12,ucb,constant,fixed_p020,265,241,30,0.3324620705272245,0.0,0.4306700484543624,0.07862923346009906,0.0,0.6814869482306427,0.0,1.4062815841093754,0.8436552277990421,0.7188051690277609,0.7792709433260644,48.4,77.26666666666667,1386.8661566405558,0.6918419133716573,0.0038957444795717795,3.149993370116378
turbo_lunar_lander_12d,12,ucb,constant,fixed_p020,266,242,30,0.3360410937295619,0.0,0.4292449320003243,0.07836904398378292,0.0,0.6640975045046551,0.0,1.5625033864652451,0.8436533053081615,0.7187677537704698,0.7792572304684462,48.46666666666667,77.56666666666666,1392.5460351660538,1.0460687754986187,0.00381562327966094,3.09999728561379
turbo_lunar_lander_12d,12,ucb,constant,fixed_p020,267,243,30,0.33509776298901456,0.0,0.4337816923918842,0.07919733931860069,0.0,0.6536883477415918,0.0,1.5160459410254572,0.843649409721223,0.7187112291837457,0.77921848884009,48.53333333333333,77.7,1398.321256226798,0.9551852693626036,0.0040022557911773525,3.1863341139319044
turbo_lunar_lander_12d,12,ucb,constant,fixed_p020,268,244,30,0.34402655432895946,0.0,0.4419167279501343,0.08068258681238744,0.0,0.6478860288631936,0.0,1.514768632087645,0.8436336592609703,0.7185555133940529,0.7790598665883575,48.733333333333334,77.96666666666667,1403.474514063277,0.7749374985850106,0.0037893366534262896,3.057079298608005
turbo_lunar_lander_12d,12,ucb,constant,fixed_p020,269,245,30,0.34351623813723603,0.0,0.43712791991637306,0.0798082740845031,0.0,0.6464455029467724,0.0,1.5143727582873536,0.8420398276660854,0.7157607611683166,0.7767695467235021,48.96666666666667,78.33333333333333,1408.656828182672,0.7638425886631012,0.10189518750024339,3.056668333414321
turbo_lunar_lander_12d,12,ucb,constant,fixed_p020,27,3,30,1.827174413472764,1.880193437792363,0.6999295598603991,0.12778906953340102,1.5787663207997096,2.2714451894385896,0.0,3.003165016127082,0.7185296449993078,0.5512871020044534,0.626388027105141,0.7,0.6666666666666666,77.5164911467582,1.132264317960168,0.0014626364999761185,1.9681656757524857
turbo_lunar_lander_12d,12,ucb,constant,fixed_p020,270,246,30,0.3215968510607449,0.0,0.41615757831485534,0.075979631039923,0.0,0.6093297570250542,0.0,1.466397653468197,0.8420290145535212,0.7156058836020847,0.7766212855185076,49.13333333333333,78.6,1413.9160615881594,0.8534373922428737,0.003766226147611936,3.0499826004418233
turbo_lunar_lander_12d,12,ucb,constant,fixed_p020,271,247,30,0.3187839696039639,0.0,0.4120837237560083,0.07523585036063109,0.0,0.6487458060167084,0.0,1.5058512389730059,0.8419402888631513,0.7154935344396746,0.7765382140645937,49.3,78.86666666666666,1419.025664909541,0.777039667001615,0.003915245520571867,3.0615697998087854
turbo_lunar_lander_12d,12,ucb,constant,fixed_p020,272,248,30,0.3202416146411221,0.0,0.4106900942268856,0.07498140958399582,0.0,0.6546557735893597,0.0,1.5250479525500285,0.8417697111592957,0.7153576659696889,0.7763874627594215,49.43333333333333,79.16666666666667,1424.4306582693475,0.8827188555927327,0.003944827585170666,3.0755606125264117
turbo_lunar_lander_12d,12,ucb,constant,fixed_p020,273,249,30,0.32531778899459624,0.0,0.4203726917317979,0.07674920194022372,0.0,0.7154993431392496,0.0,1.5224358992473102,0.8417401501555551,0.7152424091259009,0.7762661393823459,49.53333333333333,79.33333333333333,1429.6430643280812,0.8514273263048381,0.003946322419991096,3.076860967433701
turbo_lunar_lander_12d,12,ucb,constant,fixed_p020,274,250,30,0.31559522349431174,0.0,0.41004718837778614,0.07486403157202788,0.0,0.679299115122942,0.0,1.5119060947656493,0.8400293952913671,0.7121714798030236,0.7737075293354014,49.766666666666666,79.6,1435.0652801571568,0.8090009721927345,0.10686622296149532,3.164868801770111
turbo_lunar_lander_12d,12,ucb,constant,fixed_p020,275,251,30,0.355335438121273,0.0,0.45307155165761837,0.0827191696689149,0.0,0.7609610021975581,0.0,1.544963357353253,0.8400186623153476,0.7119498135224563,0.7733800434486745,50.0,80.0,1440.214473517891,0.8111838327720762,0.004059176674733559,3.147270321007818
turbo_lunar_lander_12d,12,ucb,constant,fixed_p020,276,252,30,0.339340801205676,0.0,0.4357049514432823,0.0795484767740596,0.0,0.7266170571762997,0.0,1.5439100876406275,0.8400123682411634,0.7118599128569331,0.7732922488636641,50.1,80.26666666666667,1445.8418566605076,0.927114803250879,0.004088441391165058,3.1651034390243393
turbo_lunar_lander_12d,12,ucb,constant,fixed_p020,277,253,30,0.32816370985252413,0.0,0.42116085311362467,0.07689309986281737,0.0,0.6858286664668855,0.0,1.5432711038748295,0.8400031673439705,0.7117516878669062,0.7732269630959704,50.3,80.5,1451.0334960771258,0.7740487330437948,0.004071490637337168,3.0789118635933845
turbo_lunar_lander_12d,12,ucb,constant,fixed_p020,278,254,30,0.3292497991375454,0.0,0.43775771822897724,0.07992325899866709,0.0,0.6327659055971211,0.0,1.4663877222757646,0.8399776443031113,0.7116607594530054,0.7731208071205274,50.4,80.66666666666667,1456.3869115241337,0.8903334472638865,0.004050128922487298,3.113093847455457
turbo_lunar_lander_12d,12,ucb,constant,fixed_p020,279,255,30,0.28482278729587346,0.0,0.38879031958278704,0.07098307605837832,0.0,0.5569032186337513,0.0,1.4305948735173928,0.8384950609798942,0.7096315490151697,0.7712656389173334,50.46666666666667,80.83333333333333,1462.0446383610679,0.9573507349317273,0.11694422451158365,3.1269589904540527
turbo_lunar_lander_12d,12,ucb,constant,fixed_p020,28,4,30,1.905807042632527,1.9294847937597006,0.5893583670079318,0.10760162402155089,1.7436392523248285,2.176707001684446,0.0,2.872240440464923,0.7162845413394799,0.5494037751317948,0.6239587902679923,0.8,1.0,82.06552828222824,1.3909630461906393,0.0014633710185686748,2.1355843959220997
turbo_lunar_lander_12d,12,ucb,constant,fixed_p020,280,256,30,0.3002752555485382,0.0,0.3888030078707664,0.07098539261222579,0.0,0.632403879524534,0.0,1.3285754613260752,0.8382313653056152,0.7093720396380895,0.7710259037116283,50.8,81.23333333333333,1467.0573479352984,0.7162645095804085,0.0042097506579011675,3.1022222637664525
turbo_lunar_lander_12d,12,ucb,constant,fixed_p020,281,257,30,0.308680290820428,0.0,0.4001971378046866,0.07306566660821011,0.0,0.6186658712705502,0.0,1.4099509836091049,0.8382057216458195,0.7092437084217794,0.7708921152890972,50.93333333333333,81.63333333333334,1472.7275534897576,0.9655856108758598,0.004183060148109993,3.159032309226071
turbo_lunar_lander_12d,12,ucb,constant,fixed_p020,282,258,30,0.32140011789412914,0.0,0.41088928948736436,0.07501777749649992,0.0,0.6015839381961969,0.0,1.4217744961259278,0.8382005607450316,0.7091501097228831,0.7708045067973472,51.03333333333333,81.8,1478.3172317918857,0.9160140402149409,0.004171824362128973,3.2049039317915837
turbo_lunar_lander_12d,12,ucb,constant,fixed_p020,283,259,30,0.32524242497610256,0.0,0.42038020600937603,0.07675057385333468,0.0,0.7290665120793143,0.0,1.3945934108878872,0.838161025015565,0.7089622336445516,0.7706925941733734,51.266666666666666,82.13333333333334,1483.626744139598,0.8146475509585192,0.004366215659926335,3.19990753455398
turbo_lunar_lander_12d,12,ucb,constant,fixed_p020,284,260,30,0.32413038866512084,0.0,0.4202280395898177,0.07672279219317238,0.0,0.6492128133746142,0.0,1.3792979873409008,0.8364423196837197,0.7066172095925207,0.7686163078089028,51.3,82.4,1489.398310382835,0.9724648741850008,0.11323856596524516,3.1332645339115213
turbo_lunar_lander_12d,12,ucb,constant,fixed_p020,285,261,30,0.3186041735558478,0.0,0.40209127885258045,0.0734114878678861,0.0,0.6607119315926477,0.0,1.3655766777791918,0.8364335704324327,0.7064934771794917,0.768521729873347,51.46666666666667,82.6,1494.7977556489718,0.8304073978525897,0.004183760130157073,3.1204882524131485
turbo_lunar_lander_12d,12,ucb,constant,fixed_p020,286,262,30,0.31741884324819186,0.0,0.40473834556086813,0.07389477391700279,0.0,0.6834524642299025,0.0,1.3378235590034926,0.8362438983089346,0.7064313187272814,0.768503576134971,51.56666666666667,82.86666666666666,1500.523478088978,0.8872691152772556,0.004325962672010064,3.268994313928609
turbo_lunar_lander_12d,12,ucb,constant,fixed_p020,287,263,30,0.31572506422227786,0.0,0.394105803029709,0.07195354612101981,0.0,0.6776279022125891,0.0,1.3172353349720853,0.8362393125800877,0.7063016310140199,0.76837034514554,51.766666666666666,83.1,1505.8640301250387,0.8157508410979062,0.004203499356905619,3.1056993663155783
turbo_lunar_lander_12d,12,ucb,constant,fixed_p020,288,264,30,0.3430024030906954,0.0,0.4287807598400137,0.0782842981295269,0.0,0.6903508034116196,0.0,1.3172353349720853,0.8361503972335821,0.7061412105116769,0.7682781474726148,51.93333333333333,83.46666666666667,1511.1080048953029,0.7936231500624369,0.004273725440725684,3.066775153779114
turbo_lunar_lander_12d,12,ucb,constant,fixed_p020,289,265,30,0.3206851753681176,0.0,0.4084678067171242,0.07457567725120971,0.0,0.6252649977017624,0.0,1.4145429276756727,0.8359117865338261,0.7049680877085133,0.7675073123894819,52.06666666666667,83.7,1516.6668852928715,0.87491941175734,0.10936517897062004,3.0934437025493633
turbo_lunar_lander_12d,12,ucb,constant,fixed_p020,29,5,30,1.801202066948016,1.8053880860381697,0.5710698885080663,0.10426261994927605,1.6492331916767067,2.1662524628221,0.0,2.736869966419948,0.7940386533374736,0.6456745469333017,0.7137041477368331,1.0,1.3,86.75345212916532,1.3583386736921965,0.010881388916944464,2.3026842491856465
turbo_lunar_lander_12d,12,ucb,constant,fixed_p020,290,266,30,0.3160965287031242,0.0,0.4161650420120948,0.07598099371836982,0.0,0.5811259177586015,0.0,1.4115646508683042,0.8358767932623065,0.7048618547177761,0.7674216227771369,52.233333333333334,83.93333333333334,1522.1753795812217,0.8545243964996189,0.004313835858677824,3.0739646668856344
turbo_lunar_lander_12d,12,ucb,constant,fixed_p020,291,267,30,0.29923062668572087,0.0,0.4008599772444123,0.0731866839792574,0.0,0.5782603018793824,0.0,1.4145339045238772,0.8358440504947722,0.7047063540558035,0.7672483032353905,52.4,84.26666666666667,1527.30301888835,0.7745668425690383,0.004107372850800554,2.9990004605303207
turbo_lunar_lander_12d,12,ucb,constant,fixed_p020,292,268,30,0.31224404055895966,0.0,0.40506819533241034,0.07395499597048999,0.0,0.6704967639092552,0.0,1.3728368476123678,0.8358318894608063,0.7045586945426657,0.7671537904217334,52.56666666666667,84.53333333333333,1532.6003618579514,0.7853070579469204,0.004279816802591085,3.088887923614432
turbo_lunar_lander_12d,12,ucb,constant,fixed_p020,293,269,30,0.29779607604877767,0.0,0.3968946704647513,0.07246272132237457,0.0,0.6342234796149927,0.0,1.39321186068487,0.8356557641118049,0.7044150043991395,0.7669648475346478,52.733333333333334,84.86666666666666,1537.778238342035,0.8250785211411615,0.004319637718920907,3.0575530216408273
turbo_lunar_lander_12d,12,ucb,constant,fixed_p020,294,270,30,0.31062515363240206,0.0,0.40139163828993074,0.07328375156178314,0.0,0.6497945848786123,0.0,1.3970594197140431,0.8346529003830543,0.70252588057091,0.765405753508156,53.0,85.23333333333333,1542.769627990496,0.7311726669315248,0.11609365898184479,2.9274605619721115
turbo_lunar_lander_12d,12,ucb,constant,fixed_p020,295,271,30,0.3305078193035729,0.0,0.42368994808893423,0.07735484731883405,0.0,0.6938239354577329,0.0,1.4196120153728087,0.8345856088998629,0.7024014932656059,0.7651896427901156,53.2,85.63333333333334,1547.778171840605,0.7531867884254704,0.004185390224059423,3.007100691475595
turbo_lunar_lander_12d,12,ucb,constant,fixed_p020,296,272,30,0.3134119186800541,0.0,0.4142134691572523,0.07562468689329917,0.0,0.6854018475353945,0.0,1.4342271882009237,0.8344972781793274,0.7023340031699139,0.7651386210295624,53.266666666666666,85.9,1553.0951523216906,0.8490816118040433,0.004395794449374079,2.9576701287956286
turbo_lunar_lander_12d,12,ucb,constant,fixed_p020,297,273,30,0.3224546346088335,0.0,0.4108949653449701,0.0750188137615812,0.0,0.6894588254556211,0.0,1.3721133285610758,0.8339766658714142,0.7020915490752038,0.7648706166495038,53.53333333333333,86.16666666666667,1557.8711786433278,0.6603210664819926,0.004276172304525971,2.931157289352268
turbo_lunar_lander_12d,12,ucb,constant,fixed_p020,298,274,30,0.3043762181683548,0.0,0.3951072149151598,0.07213637808069155,0.0,0.647726582827495,0.0,1.3406101980329106,0.8339552283060047,0.7020020313340212,0.7647740012295811,53.7,86.46666666666667,1563.0316744791032,0.8817146866582334,0.004281699424609542,2.9493238739824545
turbo_lunar_lander_12d,12,ucb,constant,fixed_p020,299,275,30,0.3207284766845659,0.0,0.416595754418672,0.07605963068532971,0.0,0.6351121409960123,0.0,1.4345542802037041,0.8324072962776307,0.6993871247509349,0.7625700401564725,53.93333333333333,86.8,1568.1610636038552,0.7787375594489276,0.12204426613946756,3.013416860299185
turbo_lunar_lander_12d,12,ucb,constant,fixed_p020,3,0,30,2.683683525413747,2.7044645277229673,0.4563391405767613,0.08331574705547107,2.3869223533663404,2.9571486715857542,1.810462903821802,3.5922050422052374,0.9994823997095069,0.9919775531518832,0.9979881802333577,0.0,0.0,5.900928034183258,0.0,0.0013535185406605402,2.1359790047941107
turbo_lunar_lander_12d,12,ucb,constant,fixed_p020,30,6,30,1.7822164121026498,1.821961803689145,0.6298374980959748,0.11499206842326083,1.5683600262206479,2.2593443542623537,0.0,2.6976458933676115,0.7915865844967757,0.6442672887630196,0.712249045712729,1.1333333333333333,1.6333333333333333,91.52543183846089,1.648001775968199,0.0015115562826395034,2.1892059525474905
turbo_lunar_lander_12d,12,ucb,constant,fixed_p020,300,276,30,0.33175435548835847,0.0,0.43128950621290707,0.07874233045602456,0.0,0.6369947112212687,0.0,1.4735008214407805,0.8323752869205291,0.699276900126403,0.7625119687818631,54.06666666666667,87.1,1573.4833012475633,0.8879621012757222,0.004457479327296217,3.0004030820758394
turbo_lunar_lander_12d,12,ucb,constant,fixed_p020,301,277,30,0.33265419143970604,0.0,0.4204703003003227,0.07676702274515265,0.0,0.6431982821637595,0.0,1.3730242768145344,0.8323268939555053,0.6991376177202583,0.7623937164361568,54.233333333333334,87.4,1578.626954918153,0.8314016104365388,0.004401562921702862,3.042328232169772
turbo_lunar_lander_12d,12,ucb,constant,fixed_p020,302,278,30,0.32747185298915166,0.0,0.4208997862210103,0.07684543578744982,0.0,0.6214744783504997,0.0,1.3697270006917204,0.8323199410118451,0.6990387844909675,0.7622781718346324,54.333333333333336,87.6,1583.8742331231324,0.912266785511747,0.004372267487148444,2.9814047627771894
turbo_lunar_lander_12d,12,ucb,constant,fixed_p020,303,279,30,0.31703770352689636,0.0,0.39748935889946785,0.07257129607916846,0.0,0.5891019551994376,0.0,1.3321468383379877,0.8323090654164146,0.6988418389255714,0.7619676604653204,54.6,87.96666666666667,1588.6994568778202,0.7278756925836205,0.004388320989285906,2.957973563888421
turbo_lunar_lander_12d,12,ucb,constant,fixed_p020,304,280,30,0.28733721739527684,0.0,0.376563154871237,0.06875071141609596,0.0,0.5442029149013913,0.0,1.4062314099659754,0.8301536754625255,0.6961181688500703,0.7596668519933221,54.9,88.4,1593.6609061149416,0.6611253081355244,0.13326083862533172,3.124650745947535
turbo_lunar_lander_12d,12,ucb,constant,fixed_p020,305,281,30,0.3065089719724498,0.0,0.40200189423133104,0.07339516854343531,0.0,0.610396407345537,0.0,1.3285211010694238,0.8301310752626034,0.6958457395311863,0.7594013265891348,55.266666666666666,88.8,1598.417865466016,0.6727567260308812,0.004543852092077335,3.0639081205241383
turbo_lunar_lander_12d,12,ucb,constant,fixed_p020,306,282,30,0.33638739377131854,0.0,0.4205959050731776,0.07678995493429364,0.0,0.7129374564525632,0.0,1.329993444651563,0.8300941234432039,0.6957172142840501,0.759314970920398,55.43333333333333,89.2,1603.5915663997953,0.8017690227522204,0.004508806470160683,3.0634832536336036
turbo_lunar_lander_12d,12,ucb,constant,fixed_p020,307,283,30,0.31293688283119986,0.0,0.4049994593461264,0.07394244655375663,0.0,0.6555529625802612,0.0,1.3590921024696168,0.8299167727300856,0.6954499587848318,0.7590812210058028,55.86666666666667,89.6,1608.369080912927,0.5779471411990623,0.0045403888138631976,3.082524261577055
turbo_lunar_lander_12d,12,ucb,constant,fixed_p020,308,284,30,0.31989695199630375,0.0,0.4090775610002928,0.07468700264301865,0.0,0.7301135259103925,0.0,1.3672203137718073,0.829460767307804,0.6952928631887173,0.7590104848866965,56.06666666666667,90.1,1613.7365659540674,0.8120528779303035,0.004608004679903388,3.184780579448367
turbo_lunar_lander_12d,12,ucb,constant,fixed_p020,309,285,30,0.305316449372363,0.0,0.39422022641820026,0.0719744368780141,0.0,0.6499267178678491,0.0,1.3680818586063577,0.8283865315346204,0.6932618576902131,0.7573333484462865,56.166666666666664,90.33333333333333,1619.402413062084,0.9141985995850216,0.143980106478557,3.2073130406439305
turbo_lunar_lander_12d,12,ucb,constant,fixed_p020,31,7,30,1.777441470613576,1.8748504683292144,0.6100981313538191,0.11138816961141218,1.6519450134878975,2.106595437034729,0.0,2.68645844954135,0.7896344358580705,0.6429706772190827,0.7107139291455963,1.2666666666666666,1.8333333333333333,96.06698672495162,1.6741786854186407,0.0015260275453329087,2.223523227389281
turbo_lunar_lander_12d,12,ucb,constant,fixed_p020,310,286,30,0.308407895031183,0.0,0.3972936733689989,0.07253556895276339,0.0,0.6357903189204822,0.0,1.3964766176286643,0.8283493275156529,0.6930204348168569,0.7571452931001439,56.43333333333333,90.7,1624.6659943467007,0.8002585611461351,0.004696750361472368,3.1426694380274665
turbo_lunar_lander_12d,12,ucb,constant,fixed_p020,311,287,30,0.3058436902685112,0.0,0.4086834119256588,0.07461504119661971,0.0,0.6454246803536825,0.0,1.4691172507208679,0.8282829158281129,0.6928661536305614,0.7570381857707964,56.6,91.13333333333334,1629.7770409524906,0.9145533659961075,0.0045475893809149666,2.9829896186012776
turbo_lunar_lander_12d,12,ucb,constant,fixed_p020,312,288,30,0.30423070731543994,0.0,0.40757376268814177,0.07441244789051756,0.0,0.5998081035466236,0.0,1.5406030005481774,0.8282361834053728,0.6926616887697912,0.7568527287178315,56.86666666666667,91.56666666666666,1634.8930834851694,0.7250061010320982,0.0044796001786986984,3.0608954536883783
turbo_lunar_lander_12d,12,ucb,constant,fixed_p020,313,289,30,0.31877133635911375,0.0,0.4200749289939124,0.07669483815078225,0.0,0.6414251758471858,0.0,1.5171926390308828,0.828216270843207,0.6925322360438816,0.7567537863042497,57.06666666666667,91.9,1640.4227089423687,0.8652453129179776,0.004775723411391179,3.2118458282512923
turbo_lunar_lander_12d,12,ucb,constant,fixed_p020,314,290,30,0.307719859550419,0.0,0.40753139397185795,0.07440471245663716,0.0,0.6804888447242787,0.0,1.4410838460797981,0.8273187255776012,0.6910008644302631,0.7554892770600844,57.3,92.26666666666667,1645.7908972155924,0.7733980551672478,0.13777977659677465,3.1667911196437974
turbo_lunar_lander_12d,12,ucb,constant,fixed_p020,315,291,30,0.277676824640119,0.0,0.36299574590642386,0.06627365277045397,0.0,0.6151198769141047,0.0,1.3119140584843585,0.8273040134908118,0.6908597728867725,0.7554010104295599,57.5,92.63333333333334,1650.838224091024,0.8085292417866489,0.00470505328848958,3.0247082239948213
turbo_lunar_lander_12d,12,ucb,constant,fixed_p020,316,292,30,0.3027458075303056,0.0,0.38338592875401256,0.06999637380288039,0.0,0.6062722050968317,0.0,1.3095612660739482,0.8272723792860766,0.6907140931571379,0.7553096665396796,57.7,93.03333333333333,1656.1626068093037,0.84712788083901,0.004774606864278515,3.0121174212545156
turbo_lunar_lander_12d,12,ucb,constant,fixed_p020,317,293,30,0.3082237940928993,0.0,0.38910891089126737,0.07104124260713825,0.0,0.6388801503841143,0.0,1.3749484600199215,0.8272315939677117,0.6905507837721535,0.7550876485903865,57.9,93.43333333333334,1661.44900826461,0.7862741217638055,0.0046494648947070045,3.151977375196293
turbo_lunar_lander_12d,12,ucb,constant,fixed_p020,318,294,30,0.3217176668367176,0.0,0.4007810935672744,0.07317228185612827,0.0,0.6610546765876979,0.0,1.3534112531630669,0.8272256620913363,0.6904219550772631,0.7550103053497889,58.13333333333333,93.8,1666.5844243119936,0.7759083137071381,0.004716571218644579,3.0018337749565642
turbo_lunar_lander_12d,12,ucb,constant,fixed_p020,319,295,30,0.3232242061627407,0.0,0.41408633874143685,0.07560147616113679,0.0,0.6587124479769895,0.0,1.3667623462803677,0.8262826143553996,0.6889312445882917,0.753729493123713,58.233333333333334,94.13333333333334,1671.9796365687314,0.8346788698341697,0.1439611438040932,3.0519096521660685
turbo_lunar_lander_12d,12,ucb,constant,fixed_p020,32,8,30,1.7555966175015718,1.8585587543669009,0.6277599846061067,0.11461276808928683,1.5591256183935798,2.1585626059970644,0.0,2.6573922407964283,0.7885782305629722,0.6417133644155518,0.7090901877567173,1.5666666666666667,2.2666666666666666,100.74431787873618,1.4455622212185213,0.0014904427031675975,2.221774906028683
turbo_lunar_lander_12d,12,ucb,constant,fixed_p020,320,296,30,0.30219150867731687,0.0,0.3913761953880385,0.07145519022819267,0.0,0.5969099237056723,0.0,1.3964675929978303,0.8262809517310603,0.6889196636491222,0.7537177054687085,58.233333333333334,94.23333333333333,1677.42764375989,0.9329737694313128,0.005065752798691392,3.03463200541834
turbo_lunar_lander_12d,12,ucb,constant,fixed_p020,321,297,30,0.30079864113353844,0.0,0.3885556489527592,0.07094023125916159,0.0,0.6143276618941087,0.0,1.4735113604124181,0.8259620698162266,0.6887223522225105,0.7534813976067475,58.5,94.5,1682.356866884185,0.709557116838793,0.004743475963672002,3.0762678534102936
turbo_lunar_lander_12d,12,ucb,constant,fixed_p020,322,298,30,0.3071754168143933,0.0,0.39997302722041894,0.07302474980075042,0.0,0.6335325845039153,0.0,1.5052056856896954,0.8259117324791021,0.6885898974148911,0.7533369076806589,58.733333333333334,95.0,1687.2321927693363,0.7189967366711547,0.0047674524753044045,3.0434818145042906
turbo_lunar_lander_12d,12,ucb,constant,fixed_p020,323,299,30,0.2781745968979607,0.0,0.36478493085119795,0.06660031175505443,0.0,0.5947404675854899,0.0,1.3510062673522922,0.8258953466665224,0.6885152356605586,0.7532696431199507,58.86666666666667,95.3,1692.5432830743337,0.9150253354261318,0.004835599660873413,3.0024651541064182
turbo_lunar_lander_12d,12,ucb,constant,fixed_p020,324,300,30,0.31160321772176247,0.0,0.4028826680630752,0.07355597510867082,0.0,0.6211727254212849,0.0,1.3518070721456947,0.8243612657835117,0.6861133916977447,0.7511299577143118,59.1,95.66666666666667,1697.6556725671205,0.7168359614443034,0.14046229181500772,3.0566518150269983
turbo_lunar_lander_12d,12,ucb,constant,fixed_p020,325,301,30,0.3275201217506464,0.0,0.4126911811159665,0.07534675639355495,0.0,0.6808188151063138,0.0,1.319622928498429,0.8241109404491718,0.6859358220741013,0.751006168328648,59.333333333333336,96.0,1702.6864386527643,0.7496991641043375,0.004731220053508877,3.131181795010343
turbo_lunar_lander_12d,12,ucb,constant,fixed_p020,326,302,30,0.3154062733951563,0.0,0.406585829013359,0.07423207670418505,0.0,0.6211146427361709,0.0,1.452643452618207,0.8240014605468046,0.6857238917563636,0.7508486487173404,59.56666666666667,96.46666666666667,1707.7428900040998,0.8030655603234966,0.004894089497004946,3.0182837133451055
turbo_lunar_lander_12d,12,ucb,constant,fixed_p020,327,303,30,0.3016513280837128,0.0,0.39046026701750325,0.07128796535165897,0.0,0.6560788166500262,0.0,1.4395458857832153,0.8239462471212843,0.6855815077908152,0.7507173227439227,59.733333333333334,96.73333333333333,1713.0177887449197,0.8082175531269361,0.004938994084174434,3.070467194293936
turbo_lunar_lander_12d,12,ucb,constant,fixed_p020,328,304,30,0.2933279535685332,0.0,0.3793895978053335,0.06926674693359787,0.0,0.6167508538044144,0.0,1.3424454786835898,0.8238922431960385,0.6854454895615315,0.7506383973243772,59.9,97.0,1718.0534781474776,0.8501659772358835,0.004810522325957815,2.9452444587058078
turbo_lunar_lander_12d,12,ucb,constant,fixed_p020,329,305,30,0.3005631621666788,0.0,0.3959761935142966,0.07229503114093704,0.0,0.6529939332003243,0.0,1.4071428262017953,0.822679523531325,0.6832270772378355,0.7488150324999748,60.0,97.26666666666667,1723.3457762259834,0.8326384196989238,0.14842237460737426,2.9200236709633223
turbo_lunar_lander_12d,12,ucb,constant,fixed_p020,33,9,30,1.7273832270500538,1.8402339413011044,0.6133722701062128,0.11198594282844146,1.6011433261045585,2.1388928546598613,0.0,2.6326864951450686,0.7871391002256992,0.640614581935967,0.7079586469791208,1.7,2.6333333333333333,105.42774497362164,1.576125151788195,0.001493340947975715,2.2336700040847064
turbo_lunar_lander_12d,12,ucb,constant,fixed_p020,330,306,30,0.3075844783966703,0.0,0.3954246687817001,0.07219433696191532,0.0,0.6537284263678922,0.0,1.3908272276668718,0.8226005244687221,0.6830984850887831,0.7486332200361362,60.2,97.43333333333334,1728.457565532842,0.8140788317658008,0.004802429319048921,2.9620272493766
turbo_lunar_lander_12d,12,ucb,constant,fixed_p020,331,307,30,0.3396289430504444,0.0,0.42674869252553005,0.07791329509402303,0.0,0.7083198295248585,0.0,1.3909060854343755,0.8225656556504718,0.68297648653731,0.7484740718658375,60.4,97.7,1733.5207670789366,0.7902751600835473,0.005084027318904797,2.990793850971386
turbo_lunar_lander_12d,12,ucb,constant,fixed_p020,332,308,30,0.30551930176156183,0.0,0.39106558430330574,0.07139848066228625,0.0,0.6498116323749821,0.0,1.3889692360236259,0.8224957150192922,0.682799070062194,0.7482577393550716,60.666666666666664,98.1,1738.4456653866916,0.7125868721554677,0.005005586364616951,3.0083032597011576
turbo_lunar_lander_12d,12,ucb,constant,fixed_p020,333,309,30,0.3038306236823331,0.0,0.3871394129099213,0.0706816631166902,0.0,0.6462696405065775,0.0,1.3846859622443213,0.8224770277277551,0.6826950455073734,0.7481349876194333,60.8,98.36666666666666,1743.7316573971107,0.898254535937061,0.004948087114219864,2.975172789689774
turbo_lunar_lander_12d,12,ucb,constant,fixed_p020,334,310,30,0.3167140334997518,0.0,0.40644535393678594,0.07420642958144961,0.0,0.6522186347229941,0.0,1.4624456276734477,0.8238787156814025,0.684828509141548,0.750205038427348,60.86666666666667,98.5,1749.2679196059394,0.9116340399254114,0.15728203960073492,3.0114721338264645
turbo_lunar_lander_12d,12,ucb,constant,fixed_p020,335,311,30,0.3256166944592662,0.0,0.43355654041647407,0.07915623238000102,0.0,0.6476099240962455,0.0,1.5461801176965024,0.8237546497105722,0.6847573953505931,0.7501230673933129,61.0,98.7,1754.5485598576877,0.8883215020876378,0.005040806966523329,2.9795892448630186
turbo_lunar_lander_12d,12,ucb,constant,fixed_p020,336,312,30,0.30550227922357676,0.0,0.40106620343635907,0.07322433555834994,0.0,0.6473316672777563,0.0,1.5274215194528948,0.8237460010773928,0.684620698658461,0.7500024208367028,61.166666666666664,99.0,1759.5986891561033,0.8048639304780711,0.004871338900799552,2.9206099067038545
turbo_lunar_lander_12d,12,ucb,constant,fixed_p020,337,313,30,0.29622431042026914,0.0,0.3837168004753466,0.0700567824380188,0.0,0.6454989631306525,0.0,1.4066515692661155,0.8237391042155149,0.6845345906952323,0.7499463910112298,61.266666666666666,99.26666666666667,1764.6988753517314,0.8399745830334723,0.005062522894392411,2.8907076174548516
turbo_lunar_lander_12d,12,ucb,constant,fixed_p020,338,314,30,0.32382398387643163,0.0,0.41967940757350447,0.07662262614947095,0.0,0.7149528916184507,0.0,1.5246815539690357,0.8234649482790801,0.6843358093416813,0.7497374414327631,61.5,99.53333333333333,1769.5011203938009,0.6753319332997004,0.005015206290408969,2.9531170538937053
turbo_lunar_lander_12d,12,ucb,constant,fixed_p020,339,315,30,0.3228148736704172,0.0,0.4078003020488947,0.07445380812986661,0.0,0.7132704900929349,0.0,1.4662024917177443,0.8224659242318624,0.6824779264188888,0.7481132283060354,61.666666666666664,99.86666666666666,1774.772910860336,0.8212728885778536,0.17618703866998356,2.9665651701701186
turbo_lunar_lander_12d,12,ucb,constant,fixed_p020,34,10,30,1.702222817759754,1.819077179183798,0.6664403648675704,0.1216748070233139,1.582163095874792,2.1486782879475803,0.0,2.7039560605784985,0.7947877885201063,0.6479945271009022,0.716159612349112,1.8333333333333333,2.9,110.3588506946185,1.6615638123669971,0.011673565752183397,2.404899575918292
turbo_lunar_lander_12d,12,ucb,constant,fixed_p020,340,316,30,0.31483807929622026,0.0,0.3996344800506906,0.07296293982687051,0.0,0.6415222093468902,0.0,1.47306857113298,0.8223833119138965,0.6823091488795434,0.7479062423068084,61.9,100.2,1779.6328627096489,0.7007353060102711,0.004983161467437943,2.948748307907954
turbo_lunar_lander_12d,12,ucb,constant,fixed_p020,341,317,30,0.3096393375794619,0.0,0.40566065486277886,0.07406316378688725,0.0,0.6607972793200962,0.0,1.5101839046409435,0.8223777542775832,0.6822129088779225,0.7478275017604051,62.06666666666667,100.53333333333333,1784.8284209491374,0.8620290398597718,0.0051968351006507875,2.946250457611556
turbo_lunar_lander_12d,12,ucb,constant,fixed_p020,342,318,30,0.33525015068929304,0.0,0.43007799187544726,0.07852113921223534,0.0,0.6747665307558441,0.0,1.4865568185373546,0.8223520094382292,0.6821048531595185,0.7477991893489915,62.233333333333334,100.73333333333333,1790.0184730094236,0.8216765173866103,0.005052744488542278,2.989833912656953
turbo_lunar_lander_12d,12,ucb,constant,fixed_p020,343,319,30,0.2943835461038246,0.0,0.39389444227106735,0.07191495710259334,0.0,0.5363289130428671,0.0,1.5118083875213655,0.8223471255719789,0.6820586979378166,0.7477518798934885,62.333333333333336,101.0,1795.1306097895838,0.853145117033273,0.00507244390125076,2.933354098085935
turbo_lunar_lander_12d,12,ucb,constant,fixed_p020,344,320,30,0.2944202658154575,0.0,0.39565128274139083,0.07223571082110472,0.0,0.5915624390335432,0.0,1.3642504832557811,0.821269625070776,0.6799139157130178,0.7459346995149089,62.56666666666667,101.26666666666667,1800.2423858321117,0.7610741564227889,0.1716297484623889,2.9959871284198014
turbo_lunar_lander_12d,12,ucb,constant,fixed_p020,345,321,30,0.32933034440328485,0.0,0.43745644578116355,0.07986825442679298,0.0,0.7327416076020006,0.0,1.5862374089609073,0.8212507445557733,0.6797808129081091,0.745830367361937,62.733333333333334,101.53333333333333,1805.4902279323433,0.8722023176029324,0.005191553973903259,3.059180702098335
turbo_lunar_lander_12d,12,ucb,constant,fixed_p020,346,322,30,0.33022384754185824,0.0,0.436852581566414,0.07975800440943015,0.0,0.65205847423135,0.0,1.5862374089609073,0.8212250833502757,0.6796200833736002,0.7456795188055448,63.0,101.9,1810.5424600377214,0.7763066101043175,0.0052072471007704735,3.0524325671450545
turbo_lunar_lander_12d,12,ucb,constant,fixed_p020,347,323,30,0.3158217682930483,0.0,0.4197997314206555,0.0766445941779011,0.0,0.5777284858097631,0.0,1.5300382740770866,0.8211550944758989,0.6793763527260093,0.7454609791159031,63.333333333333336,102.43333333333334,1815.4724993173654,0.7177623148386677,0.005378512588019173,3.0144189229390275
turbo_lunar_lander_12d,12,ucb,constant,fixed_p020,348,324,30,0.3071587737855845,0.0,0.396306973036192,0.07235542294283799,0.0,0.6024213913804666,0.0,1.391165314579494,0.8210785000982687,0.6792079717596852,0.7453020830358729,63.56666666666667,102.66666666666667,1820.5017391364402,0.8132715036782125,0.005252225045114756,2.906489266284431
turbo_lunar_lander_12d,12,ucb,constant,fixed_p020,349,325,30,0.3267827772765158,0.0,0.42611548914920355,0.07779768850312221,0.0,0.6678104988320905,0.0,1.5182420728859372,0.8203001022177822,0.677773482179913,0.7441532439984637,63.86666666666667,102.93333333333334,1825.5111347959066,0.7104833068326115,0.17025124647965034,2.983834206266329
turbo_lunar_lander_12d,12,ucb,constant,fixed_p020,35,11,30,1.7368847673386079,1.8333660213477512,0.6540454442955187,0.11941181449138139,1.6040460424527678,2.184645094104229,0.0,2.6842277522926468,0.7936625071430925,0.6465186307173401,0.7147115841508523,2.2,3.3333333333333335,115.00587103342016,1.3146368270739912,0.0015518574509769678,2.3558099669869987
turbo_lunar_lander_12d,12,ucb,constant,fixed_p020,350,326,30,0.29936549807255375,0.0,0.3988907945066949,0.07282716204415819,0.0,0.6621837360043423,0.0,1.5189967805962574,0.8201305036985269,0.6776181010800885,0.7439864187001535,64.1,103.33333333333333,1830.4075303429738,0.7434410147058467,0.005283533222973346,2.9227088487241417
turbo_lunar_lander_12d,12,ucb,constant,fixed_p020,351,327,30,0.30089017069561735,0.0,0.40486288806906273,0.07391751216403827,0.0,0.5984705153616636,0.0,1.5889834810542325,0.8199137767970078,0.6773999086501435,0.7438266209174301,64.4,103.8,1835.0627738151234,0.7090646185756971,0.005314035465319952,2.8786032219727833
turbo_lunar_lander_12d,12,ucb,constant,fixed_p020,352,328,30,0.2686730597564887,0.0,0.3706476110398393,0.06767068581730694,0.0,0.5489605999009037,0.0,1.5641173698973976,0.8198218922333841,0.677211240857158,0.7437426727550172,64.66666666666667,104.3,1839.7947500734124,0.7057341160407911,0.005319339285294215,2.86786072657754
turbo_lunar_lander_12d,12,ucb,constant,fixed_p020,353,329,30,0.2822911135510505,0.0,0.4168314540918013,0.07610266336125288,0.0,0.5790569444547438,0.0,1.60390221970152,0.8197234191293534,0.6770791674889168,0.743644877356305,64.86666666666666,104.76666666666667,1844.7385500999167,0.7916932974631588,0.005249994993209839,2.894223979131008
turbo_lunar_lander_12d,12,ucb,constant,fixed_p020,354,330,30,0.3067038165917855,0.0,0.3969571728607559,0.07247413264643784,0.0,0.6735563397850973,0.0,1.4136676503495387,0.8203008438402473,0.6776313323030546,0.744263342456862,64.96666666666667,105.06666666666666,1850.256694273635,0.9514868159157535,0.18979316651821138,2.9271652990952135
turbo_lunar_lander_12d,12,ucb,constant,fixed_p020,355,331,30,0.31810907236925284,0.0,0.4163961974277882,0.07602319673019141,0.0,0.6687056857570668,0.0,1.5584254307563241,0.8202949466842538,0.6775222871068066,0.744159632172011,65.13333333333334,105.33333333333333,1855.3067306179087,0.8936496181879192,0.005296793642143408,2.9068456740739443
turbo_lunar_lander_12d,12,ucb,constant,fixed_p020,356,332,30,0.31091724263559256,0.0,0.41575756890163523,0.07590659964697799,0.0,0.6642555707359413,0.0,1.557984946694265,0.8202534792524503,0.6773524175405632,0.7440549341641642,65.33333333333333,105.63333333333334,1860.2451402613583,0.8030961680381249,0.005332407277698318,2.851164261282732
turbo_lunar_lander_12d,12,ucb,constant,fixed_p020,357,333,30,0.340141936362235,0.0,0.4297692317906042,0.07846476759112676,0.0,0.6739965082388601,0.0,1.4717967124249538,0.8202483471262458,0.6772949235217198,0.7440226627178357,65.43333333333334,105.93333333333334,1865.538117568676,0.9266081707552075,0.005664094211533665,3.0062123554913946
turbo_lunar_lander_12d,12,ucb,constant,fixed_p020,358,334,30,0.33297867144508764,0.0,0.4331802389013164,0.07908752943724262,0.0,0.6788644994473287,0.0,1.5794160550568583,0.8201744940867143,0.6771353049665648,0.7438125226010245,65.6,106.2,1870.5281567710763,0.8377211842685938,0.005537937317664425,2.919532910408452
turbo_lunar_lander_12d,12,ucb,constant,fixed_p020,359,335,30,0.3191134077457487,0.0,0.4201029862705896,0.07669996068522834,0.0,0.6781825488877009,0.0,1.4797259970228958,0.8204259977120637,0.6760721301345473,0.7433548502042646,65.93333333333334,106.56666666666666,1875.3956610355992,0.6612188079083959,0.2043689067941159,2.883465559159716
turbo_lunar_lander_12d,12,ucb,constant,fixed_p020,36,12,30,1.6613549489074761,1.7963362662939484,0.635085399082779,0.11595019967326958,1.5548021838007364,2.0160808371679244,0.0,2.6714810397930737,0.7921074242271661,0.6455124030085825,0.7137021347200498,2.3666666666666667,3.8,120.17695294187094,1.5171753409784288,0.001562977551172177,2.679193275546034
turbo_lunar_lander_12d,12,ucb,constant,fixed_p020,360,336,30,0.3325226532312885,0.0,0.4333061968088216,0.07911052609965487,0.0,0.7128031190801973,0.0,1.5393067882003033,0.8204061733229651,0.6760111213160275,0.7433169915260021,66.06666666666666,106.9,1880.8261585058644,0.9245044071537752,0.0056026003478715815,2.9404031549425174
turbo_lunar_lander_12d,12,ucb,constant,fixed_p020,361,337,30,0.3088291924319147,0.0,0.4119141740557702,0.07520489496215153,0.0,0.5866007482452056,0.0,1.5371452564709527,0.8202752593031875,0.6758781314258451,0.7431589407570733,66.26666666666667,107.23333333333333,1885.6586825321583,0.7475033096503466,0.0055971972023447355,2.921900697161133
turbo_lunar_lander_12d,12,ucb,constant,fixed_p020,362,338,30,0.29560840713786735,0.0,0.3919806191391233,0.07156554240244636,0.0,0.6799352527653277,0.0,1.4886945337329287,0.820249959186899,0.6757526785616804,0.7430503837122018,66.4,107.5,1890.9456954025043,0.8687585645200063,0.005656023261447748,3.0155515944585205
turbo_lunar_lander_12d,12,ucb,constant,fixed_p020,363,339,30,0.3126355146931387,0.0,0.41506718623688377,0.07578055359404635,0.0,0.6822614412093206,0.0,1.5227889303745146,0.8201901676286052,0.6756211963670261,0.7429453775479395,66.6,107.76666666666667,1896.0120047477385,0.8325243743912627,0.005666727774466077,2.9713399035080026
turbo_lunar_lander_12d,12,ucb,constant,fixed_p020,364,340,30,0.314061242439881,0.0,0.4241008132322494,0.07742986068786281,0.0,0.6415435636762401,0.0,1.5630031215739444,0.8208871010616569,0.6755541194661627,0.7431661515241184,66.9,108.06666666666666,1900.9371970853924,0.71760516812404,0.218175544620802,2.918249291802446
turbo_lunar_lander_12d,12,ucb,constant,fixed_p020,365,341,30,0.31068102816461535,0.0,0.40049576251273283,0.07312018777115188,0.0,0.65951158521739,0.0,1.463721703585589,0.8208100528139486,0.6753782480653902,0.7430064884746586,67.13333333333334,108.46666666666667,1905.9846808361665,0.8652223992627114,0.0056745982728898525,2.9637796702949952
turbo_lunar_lander_12d,12,ucb,constant,fixed_p020,366,342,30,0.3122695726110247,0.0,0.4254459259747586,0.0776754435516828,0.0,0.6477649811720398,0.0,1.558016200786145,0.8207577562068206,0.6752427736828993,0.7428747577719615,67.33333333333333,108.7,1911.0237611580174,0.8110160190767298,0.005702367533619205,2.986663924452538
turbo_lunar_lander_12d,12,ucb,constant,fixed_p020,367,343,30,0.3324831837930436,0.0,0.4412631860873838,0.08056326693888663,0.0,0.7125241683569701,0.0,1.4581310977857438,0.8207456271229644,0.6751486454728047,0.742779819658695,67.5,109.06666666666666,1916.2220869297782,0.8660966882947833,0.005785509198904038,3.000904128033047
turbo_lunar_lander_12d,12,ucb,constant,fixed_p020,368,344,30,0.32100693779537187,0.0,0.43009002761344395,0.07852333662730102,0.0,0.6060482150893638,0.0,1.5932153850211568,0.8207403737025587,0.6750082939627202,0.7425778516373968,67.7,109.3,1921.3817022282476,0.8384465644446512,0.005697135115042329,2.9131671083004522
turbo_lunar_lander_12d,12,ucb,constant,fixed_p020,369,345,30,0.3373485158736241,0.0,0.4400774838979948,0.08034678832701608,0.0,0.7265508619135447,0.0,1.6010596819707872,0.8189182121377192,0.6724201855819351,0.7402179341728896,67.83333333333333,109.56666666666666,1926.6399047678337,0.8773522863785426,0.20711463522166013,2.8699976375636953
turbo_lunar_lander_12d,12,ucb,constant,fixed_p020,37,13,30,1.5876996237716874,1.7398938045610703,0.621216043061021,0.1134180132895406,1.5045794105151393,2.0047541788843377,0.0,2.421576720670573,0.7917018548024432,0.6445086530417136,0.7126902560732963,2.466666666666667,4.066666666666666,125.84249787611576,1.7799913144515207,0.0016036920715123415,2.5569258552820733
turbo_lunar_lander_12d,12,ucb,constant,fixed_p020,370,346,30,0.33148247307215256,0.0,0.4330540020357156,0.07906448184428319,0.0,0.6854500311794272,0.0,1.5215680804567397,0.818902527876227,0.6723479538906719,0.7401415620919883,67.93333333333334,109.73333333333333,1931.801275982894,0.9396592704424014,0.005700764044498404,2.875688166031614
turbo_lunar_lander_12d,12,ucb,constant,fixed_p020,371,347,30,0.3064392936033358,0.0,0.4229258573917871,0.07721534408189827,0.0,0.6183847198928274,0.0,1.3971020162729535,0.8188684738792386,0.6722785630171588,0.740097752919409,68.03333333333333,109.93333333333334,1936.9247530492332,0.905686624146377,0.005819468991830945,2.9065827877260744
turbo_lunar_lander_12d,12,ucb,constant,fixed_p020,372,348,30,0.32290449055026466,0.0,0.42584655905986274,0.07774858881101426,0.0,0.6362652349207067,0.0,1.462091946662612,0.8188096959958503,0.6721434835687207,0.7400084937760953,68.23333333333333,110.23333333333333,1941.859355777859,0.7645574609283358,0.005845447288205226,2.8845948446852465
turbo_lunar_lander_12d,12,ucb,constant,fixed_p020,373,349,30,0.3037635851335861,0.0,0.39762605952572805,0.07259625408471106,0.0,0.6332982653241894,0.0,1.3703285825306484,0.8188081433336772,0.6720812151282882,0.7399410699592205,68.33333333333333,110.46666666666667,1947.0515384719397,0.9389394071884454,0.00581022317831715,2.8746444091821712
turbo_lunar_lander_12d,12,ucb,constant,fixed_p020,374,350,30,0.30447258828486456,0.0,0.40222100937747696,0.07343517331284703,0.0,0.5918985879865426,0.0,1.4113712785421426,0.81804712282297,0.6706403881868155,0.7387405289601662,68.43333333333334,110.6,1952.4345509158447,0.9271024857647717,0.21269477241051693,2.878915656249349
turbo_lunar_lander_12d,12,ucb,constant,fixed_p020,375,351,30,0.31285803407929275,0.0,0.4157694998604352,0.07590877793206713,0.0,0.6153522951766492,0.0,1.4113712785421426,0.8180279603117094,0.6704402300369635,0.7385892404988823,68.7,110.9,1957.2410166940806,0.7438176574340711,0.005974679828311006,2.9424564740310113
turbo_lunar_lander_12d,12,ucb,constant,fixed_p020,376,352,30,0.3045788989620665,0.0,0.3929587739096988,0.07174412821330485,0.0,0.6256885947620655,0.0,1.4365887687210188,0.8180149832557714,0.6702936873404932,0.7384904176790551,68.9,111.3,1962.2818889364755,0.838104514994969,0.006258104788139462,2.9193855602138985
turbo_lunar_lander_12d,12,ucb,constant,fixed_p020,377,353,30,0.3025977812835939,0.0,0.3990164110395566,0.07285009638037285,0.0,0.6519913662611181,0.0,1.4347337624951932,0.8179247958133821,0.6701261868236448,0.7383126883266254,69.13333333333334,111.6,1967.151940307285,0.759588674797366,0.006128583957130711,2.887417901540175
turbo_lunar_lander_12d,12,ucb,constant,fixed_p020,378,354,30,0.2821707590927215,0.0,0.38772582371257,0.07078872659154867,0.0,0.5389923931763168,0.0,1.5048386453352671,0.8179077765343749,0.6699427548878204,0.7380527395436061,69.4,111.83333333333333,1971.7646744406006,0.6934768330150595,0.00606769397854805,2.8267648305278272
turbo_lunar_lander_12d,12,ucb,constant,fixed_p020,379,355,30,0.3047190915213117,0.0,0.4083148116881991,0.0745477443083669,0.0,0.5342534825479412,0.0,1.5448637365063993,0.8181826873919725,0.6704184114714742,0.7384095474938676,69.46666666666667,112.16666666666667,1977.188438800381,0.9325450185220688,0.21377365477383137,2.847454863600433
turbo_lunar_lander_12d,12,ucb,constant,fixed_p020,38,14,30,1.579184868718438,1.6832700704346206,0.6202827976650402,0.1132476267711851,1.4258247332964238,1.984858774633267,0.0,2.409271214089843,0.7900054314098632,0.6431983210024584,0.7114790560234154,2.8666666666666667,4.566666666666666,130.34901354721126,1.1100950395222753,0.0015781599717835586,2.4945313691782456
turbo_lunar_lander_12d,12,ucb,constant,fixed_p020,380,356,30,0.3020042906529406,0.0,0.3926049175346425,0.0716795231737264,0.0,0.5617905186948537,0.0,1.3580139148186579,0.8181599035930465,0.670199445379939,0.7382468658266235,69.76666666666667,112.53333333333333,1981.7751845635628,0.6862676086680343,0.006453681535397967,2.8571483930572867
turbo_lunar_lander_12d,12,ucb,constant,fixed_p020,381,357,30,0.3017207334091762,0.0,0.39096443493674166,0.07138001339903809,0.0,0.5745150227387654,0.0,1.4248651397482195,0.8179521368209366,0.6701252726543738,0.7382049627429034,69.86666666666666,112.93333333333334,1986.9502223109516,0.8455317697642992,0.006494047880793611,2.8763646773062646
turbo_lunar_lander_12d,12,ucb,constant,fixed_p020,382,358,30,0.3079798513815689,0.0,0.39518040215165123,0.07214974018080748,0.0,0.6113430534947629,0.0,1.3765789894332474,0.8179294891938701,0.6699384946587065,0.7379442088380848,70.1,113.2,1991.735499779725,0.7221552422425399,0.006623209221288562,2.8947215433542928
turbo_lunar_lander_12d,12,ucb,constant,fixed_p020,383,359,30,0.31305278575361073,0.0,0.413418084234262,0.07547947013855873,0.0,0.6388038784810326,0.0,1.5334238683759496,0.8176880633935079,0.6697752537752882,0.7378029593747825,70.33333333333333,113.53333333333333,1996.6152754271093,0.7675069981565078,0.006372961758946379,2.91164481259572
turbo_lunar_lander_12d,12,ucb,constant,fixed_p020,384,360,30,0.3105362987692804,0.0,0.4157107332403349,0.07589804866424804,0.0,0.5834869982524604,0.0,1.4919957901891656,0.8177232464761306,0.6698186069527607,0.7379522270278847,70.46666666666667,113.9,2001.8624429100814,0.8484325411108633,0.2695528615421305,2.895142665489887
turbo_lunar_lander_12d,12,ucb,constant,fixed_p020,385,361,30,0.3052569893960105,0.0,0.40831725652119244,0.07454819067176016,0.0,0.5470737705097257,0.0,1.4402686455885725,0.817718230643157,0.6697553609885003,0.7378880226315655,70.56666666666666,114.13333333333334,2007.046920244939,0.8880473241209984,0.00645576751170059,2.8782699012973656
turbo_lunar_lander_12d,12,ucb,constant,fixed_p020,386,362,30,0.3027142964827448,0.0,0.38572311801852865,0.07042308422999184,0.0,0.5914989155305238,0.0,1.3557306847576924,0.81753855881929,0.6696799429887991,0.7378271746125145,70.63333333333334,114.3,2012.2669201611075,0.9242357084527612,0.0065029360819607975,2.9156617268609506
turbo_lunar_lander_12d,12,ucb,constant,fixed_p020,387,363,30,0.30264630776987594,0.0,0.39255378219580495,0.07167018718087075,0.0,0.5613492095039471,0.0,1.3211303650031971,0.817487739807355,0.669520471325318,0.737759302577727,70.9,114.56666666666666,2017.1172703596299,0.7395486793791254,0.00639910016519328,2.9464607570320367
turbo_lunar_lander_12d,12,ucb,constant,fixed_p020,388,364,30,0.31496730689207236,0.0,0.41047812802695627,0.07494271002761917,0.0,0.5997279877026027,0.0,1.4021209528147165,0.8172214089668322,0.6693578155386366,0.7375887813931221,71.1,114.83333333333333,2021.850238799459,0.7957171749944488,0.006361801984409491,2.78963716365397
turbo_lunar_lander_12d,12,ucb,constant,fixed_p020,389,365,30,0.3270812338836217,0.0,0.42195537288708457,0.07703815866358667,0.0,0.6818056046804319,0.0,1.436411286901574,0.8175073207263291,0.6695749056927133,0.7378526934124736,71.3,115.1,2027.0861599680347,0.8006570947046081,0.23592218315849703,2.929530704130108
turbo_lunar_lander_12d,12,ucb,constant,fixed_p020,39,15,30,1.5541078117094504,1.616809516507085,0.6834950881371652,0.12478855923890235,1.4116229399221825,1.9832949116321956,0.0,2.5881451733800676,0.7963207102616077,0.6569789553081196,0.7221120974896504,3.033333333333333,4.866666666666666,135.73238584753125,1.674119289095203,0.012588509653384487,2.5415143088592838
turbo_lunar_lander_12d,12,ucb,constant,fixed_p020,390,366,30,0.298488645265276,0.0,0.3930469087756167,0.0717602193646935,0.0,0.6372123022597026,0.0,1.3924346502065148,0.8174822026747,0.6693863663250751,0.7376162003515373,71.6,115.53333333333333,2031.9286084074681,0.7347304494275401,0.00691411173902452,2.966555009704704
turbo_lunar_lander_12d,12,ucb,constant,fixed_p020,391,367,30,0.3106298160409621,0.0,0.40506929818670495,0.07395519732321493,0.0,0.6778245794181461,0.0,1.403042508844171,0.8174766918869416,0.6693126384280514,0.7375545052096222,71.73333333333333,115.83333333333333,2037.267162729722,0.9004449958757808,0.006922832954054077,2.986418288371836
turbo_lunar_lander_12d,12,ucb,constant,fixed_p020,392,368,30,0.31569709541074154,0.0,0.4019037715268742,0.07337725387055716,0.0,0.6663730241240609,0.0,1.2794786793522541,0.8174357005823324,0.6691865423108816,0.7374594528453302,71.93333333333334,116.16666666666667,2042.5552471494768,0.8533692074939608,0.006957618131612738,3.007616879775499
turbo_lunar_lander_12d,12,ucb,constant,fixed_p020,393,369,30,0.30599225797931473,0.0,0.39526973972373153,0.07216605091529453,0.0,0.6224176550953304,0.0,1.4033540694689957,0.8173795825602573,0.6690739696032338,0.7373546367676627,72.06666666666666,116.43333333333334,2047.9434538804305,0.9178008381277323,0.006877582302937905,3.069731767429039
turbo_lunar_lander_12d,12,ucb,constant,fixed_p020,394,370,30,0.3031114459642939,0.0,0.3871974750222025,0.0706922637595678,0.0,0.6044996950348911,0.0,1.402926776831145,0.8162587986888268,0.6672082219140213,0.7357714370470426,72.2,116.7,2053.565720076114,0.8989829188678413,0.28572663219335176,3.0464580229483547
turbo_lunar_lander_12d,12,ucb,constant,fixed_p020,395,371,30,0.3147847107589315,0.0,0.40382473560887105,0.07372797232384612,0.0,0.6881475125315673,0.0,1.4482911615486276,0.8162492172324873,0.6671060118023583,0.7356454552594801,72.4,116.96666666666667,2058.7663446429806,0.9086936057079583,0.006769170518964529,2.968690587300807
turbo_lunar_lander_12d,12,ucb,constant,fixed_p020,396,372,30,0.3118412332873828,0.0,0.3927118020031035,0.07169903751853408,0.0,0.6414109006398845,0.0,1.324165953846798,0.8160233745544451,0.6669428624066477,0.7354701641314233,72.63333333333334,117.13333333333334,2063.665171393581,0.8389144262298942,0.00685953254190584,2.931338495621458
turbo_lunar_lander_12d,12,ucb,constant,fixed_p020,397,373,30,0.30074125480356534,0.0,0.3984429915092681,0.0727454047764885,0.0,0.6183082146024017,0.0,1.5035430917197092,0.8159903721913894,0.6668840995867412,0.7353950815440877,72.73333333333333,117.33333333333333,2068.741145021965,0.9149937919496248,0.006831125216558575,2.9386947476305068
turbo_lunar_lander_12d,12,ucb,constant,fixed_p020,398,374,30,0.292098786482684,0.0,0.3871006016035055,0.07067457717402015,0.0,0.6000581327552045,0.0,1.4201589344189514,0.8154539095828327,0.6666858597460645,0.7351780564382985,72.96666666666667,117.6,2073.683726468667,0.7911511803045869,0.00669420234238108,2.8705449375479173
turbo_lunar_lander_12d,12,ucb,constant,fixed_p020,399,375,30,0.297434869166442,0.0,0.37877727079498963,0.06915495182821953,0.0,0.6011395656196853,0.0,1.2501356829220158,0.8143881165387756,0.66526284534804,0.733861493584197,73.1,117.9,2078.94497327876,0.9079054908050845,0.24448541863821446,2.9124359936298183
turbo_lunar_lander_12d,12,ucb,constant,fixed_p020,4,0,30,2.595645094133169,2.564495860183216,0.4117674774771014,0.07517811195373629,2.343690395189023,2.806821168018637,1.789051247974039,3.44375256820605,0.9990418345947157,0.9894573972412446,0.9968310059885063,0.0,0.0,8.434134422444428,0.0,0.0014019143922875325,2.168797020226096
turbo_lunar_lander_12d,12,ucb,constant,fixed_p020,40,16,30,1.539547612155915,1.692302050914483,0.6622366015489296,0.12090730835796978,1.1713710762389429,1.9669820723669291,0.0,2.548230231884223,0.795776002487525,0.6561141208541958,0.7213385232790952,3.2,5.066666666666666,141.0612544914242,1.5374777882049482,0.0015904057926187912,2.537847445749988
turbo_lunar_lander_12d,12,ucb,constant,fixed_p020,400,376,30,0.31485233705511345,0.0,0.4092806030885495,0.07472407288697237,0.0,0.6363310293755993,0.0,1.5016414783231156,0.8143601701635269,0.6651386694655894,0.7337395281712303,73.26666666666667,118.13333333333334,2083.9972455800357,0.8394987614670147,0.007027836764852206,2.8735333876063427
turbo_lunar_lander_12d,12,ucb,constant,fixed_p020,41,17,30,1.5437339079933219,1.684666073553319,0.6735531903325124,0.12297342534156254,1.2160736552427498,1.9412055806770034,0.0,2.588582289414883,0.7947447224552103,0.6550141688535496,0.7201494437231222,3.5,5.466666666666667,145.55268933280993,1.304625090987732,0.0015526155630747477,2.538346465382104
turbo_lunar_lander_12d,12,ucb,constant,fixed_p020,42,18,30,1.4677486814531144,1.5553398523469002,0.6617305366679777,0.12081491397435028,1.1948196884689626,1.881821571696692,0.0,2.333243776716057,0.7944034521328869,0.6541732132804617,0.7192061016288193,3.7666666666666666,5.833333333333333,150.13321950170211,1.1696359257679432,0.0015893579926341771,2.6552320469170807
turbo_lunar_lander_12d,12,ucb,constant,fixed_p020,43,19,30,1.4775863531629128,1.6412246456678892,0.6741614450047604,0.12308447694312859,1.0812635785335107,1.8614521296693725,0.0,2.5359379586985153,0.7937269436672023,0.6531710334776206,0.7182612244288866,4.0,6.266666666666667,155.5389669604289,1.463716433600833,0.0016112166767319044,2.808663003255303
turbo_lunar_lander_12d,12,ucb,constant,fixed_p020,44,20,30,1.320112540940964,1.4718645472462504,0.6476906512276748,0.11825159332086953,0.9803003386114328,1.7722696555228932,0.0,2.4034190539582245,0.8015411480625072,0.6605876906835098,0.7259709356544163,4.2,6.7,161.09104990625443,1.3511870122669885,0.012303307993958394,3.0933345994912087
turbo_lunar_lander_12d,12,ucb,constant,fixed_p020,45,21,30,1.4508610613119746,1.5677195797682166,0.6178000105956236,0.11279433394338456,1.1380492110690679,1.8138581916274608,0.0,2.4002466526055386,0.8006948973414081,0.6598232704704163,0.7251924714807207,4.366666666666666,7.0,166.92791396677495,1.4840054370928555,0.001625556421155731,3.1946387239266185
turbo_lunar_lander_12d,12,ucb,constant,fixed_p020,46,22,30,1.4229990477575725,1.5211822948241651,0.6298925719509796,0.11500212348749914,1.0823175016819069,1.8680357821287727,0.0,2.4123778497826165,0.8002294630455515,0.6588950146734377,0.7243476351870922,4.6,7.4,172.39955727214303,1.4701252248914292,0.0016293474317838749,2.878403439419344
turbo_lunar_lander_12d,12,ucb,constant,fixed_p020,47,23,30,1.385767165286521,1.4715499567901966,0.6485292590282674,0.11840470145729766,0.9888268791570803,1.817463763160017,0.0,2.3995306251585067,0.7998949499515234,0.6579525632232275,0.7234628705537332,4.833333333333333,7.733333333333333,178.11291320469851,1.3078750898130238,0.001593886020903786,2.994713751800979
turbo_lunar_lander_12d,12,ucb,constant,fixed_p020,48,24,30,1.4442328593515734,1.5329317881732039,0.6751419909764991,0.12326349932559262,1.1306086906189519,1.8617477634726618,0.0,2.4828904660276416,0.7988348118522037,0.65726841035704,0.7228971523393352,5.033333333333333,8.166666666666666,183.98524329535041,1.4527128130042304,0.001636783281962077,3.1105455540120603
turbo_lunar_lander_12d,12,ucb,constant,fixed_p020,49,25,30,1.358399680607437,1.4375470554129341,0.6663248690458137,0.12165372046768932,0.973305560958699,1.8551107782835583,0.0,2.4030174672836537,0.811529261970346,0.6741039528925771,0.7382742656698766,5.2,8.4,190.09141225925026,1.5063943785615266,0.013681426318362356,3.1335335282919305
turbo_lunar_lander_12d,12,ucb,constant,fixed_p020,5,0,30,2.5186555437315987,2.4763517558143135,0.40486694848409394,0.07391825349100675,2.3297896836775625,2.7074990324575405,1.8046623785139477,3.4967428332889448,0.9988791369565952,0.9872952692566848,0.996150874403876,0.0,0.0,11.148607285227627,0.0,0.0013847683866818747,2.304941513311739
turbo_lunar_lander_12d,12,ucb,constant,fixed_p020,50,26,30,1.3664311255043515,1.4451672554567674,0.6918515151850531,0.1263142271036605,0.9144376513930637,1.8056302020473014,0.0,2.4061530806433034,0.8109752264861192,0.6732168809946008,0.7375128190947533,5.5,8.8,195.51942987476164,1.311329012690112,0.0016803721742083629,3.051321257945771
turbo_lunar_lander_12d,12,ucb,constant,fixed_p020,51,27,30,1.3674538755548844,1.4450273806337868,0.6665963026808752,0.12170327724261892,0.92248751779429,1.8345344346981547,0.0,2.3962349006194072,0.8106960978666342,0.67259592687897,0.7370433268483971,5.633333333333334,9.033333333333333,201.4030819000366,1.6719414829431722,0.0016633851453661918,3.03138380125165
turbo_lunar_lander_12d,12,ucb,constant,fixed_p020,52,28,30,1.2879942222253458,1.2924657943063673,0.6597591604785054,0.12045499157158275,0.935893999626817,1.8009142133044462,0.0,2.3955350996420237,0.8103026523166137,0.6719909727433852,0.7364922320499111,5.8,9.333333333333334,207.1092926291128,1.4434879775159062,0.0016279566722611587,3.0426020049490035
turbo_lunar_lander_12d,12,ucb,constant,fixed_p020,53,29,30,1.3485474174583243,1.367276271817781,0.6473518143441566,0.1181897304527303,1.020181570121467,1.8285258615082907,0.0,2.396334590766566,0.8099891053038161,0.6712403602508051,0.7358523513040327,6.066666666666666,9.566666666666666,212.64760428757097,1.2691420501098036,0.0016082090325653553,3.0340859358819823
turbo_lunar_lander_12d,12,ucb,constant,fixed_p020,54,30,30,1.2796472101005982,1.4758853412984614,0.6793718333073117,0.12403575934535138,0.773128935174205,1.791381621233452,0.0,2.4008807105970984,0.822000555713446,0.6879616935879335,0.7509398890891041,6.2,9.9,218.93514632076645,1.545000599588578,0.013781541322047512,3.158065718691796
turbo_lunar_lander_12d,12,ucb,constant,fixed_p020,55,31,30,1.304728154934881,1.475389173644102,0.6722823684711458,0.12274140607488214,0.9387898868285174,1.7945640954801512,0.0,2.3633088609441835,0.8211133428177302,0.6872003812063557,0.7501755652852642,6.466666666666667,10.233333333333333,224.53768993940514,1.2678671890869737,0.0016384551456818978,3.1627251201774924
turbo_lunar_lander_12d,12,ucb,constant,fixed_p020,56,32,30,1.2542192506244965,1.3806391086059904,0.6803453766660924,0.1242135032314559,0.7713553751689041,1.7954010136777994,0.0,2.3823299398056803,0.8208246634648976,0.6865993168128688,0.7496432780654,6.633333333333334,10.6,230.6249365675884,1.4757111737659823,0.00164782105324169,3.0945697804447265
turbo_lunar_lander_12d,12,ucb,constant,fixed_p020,57,33,30,1.2766007850560608,1.398378220413845,0.687359945177127,0.12549418236634224,0.8919715803500913,1.8588054682153852,0.0,2.3411856915183042,0.8205619036672848,0.6859306497940448,0.74903734391799,6.8,10.933333333333334,236.37062745772613,1.4804759645524124,0.001638694324841102,2.976585504816224
turbo_lunar_lander_12d,12,ucb,constant,fixed_p020,58,34,30,1.222522020466859,1.334645200621964,0.6825299072848492,0.12461234213060716,0.8135356297895511,1.7715045778214793,0.0,2.385048802026609,0.8201421087841143,0.6849052336377223,0.7481098489780357,7.233333333333333,11.4,241.04607138220842,0.9103172033869972,0.0015360041211048762,2.865382020982603
turbo_lunar_lander_12d,12,ucb,constant,fixed_p020,59,35,30,1.2277277171992387,1.387047252880408,0.6620026058520195,0.12086458678411753,0.8314517641404522,1.7675281898318012,0.0,2.2475050327750887,0.8247877607138479,0.6924602338731141,0.7548535076428117,7.3,11.833333333333334,246.69409499478837,1.5136508822441102,0.013583060804133613,2.8430952274861436
turbo_lunar_lander_12d,12,ucb,constant,fixed_p020,6,0,30,2.3084718727678397,2.36476569851388,0.4032448147561484,0.07362209374631151,2.054919774827458,2.6530246449068597,1.370461264376363,2.9507006614595364,0.9986889384325536,0.9852275100876212,0.995148893418597,0.0,0.0,13.93362437838999,0.0,0.0013298941776156425,2.3456447282340376
turbo_lunar_lander_12d,12,ucb,constant,fixed_p020,60,36,30,1.1931013161219914,1.2226849206449422,0.6954818847012919,0.12697703886236822,0.7870955585259076,1.7921205198182926,0.0,2.24856303753726,0.824162061071423,0.6917972765260108,0.7542438973023319,7.5,12.033333333333333,252.52201189990154,1.2659462387207896,0.0016081102037181457,2.9936972487096987
turbo_lunar_lander_12d,12,ucb,constant,fixed_p020,61,37,30,1.1659557287306053,1.2976391975509447,0.6669576228424021,0.12176924497693549,0.7428248095399912,1.7012432006819955,0.0,2.257922848957633,0.8240170453124027,0.6913783302376655,0.7538801943486539,7.633333333333334,12.3,258.6155787850575,1.3249087986381103,0.001668763719499111,3.156571731871615
turbo_lunar_lander_12d,12,ucb,constant,fixed_p020,62,38,30,1.1207966501086954,1.2464230339626237,0.6674434391617992,0.12185794249591479,0.7024165960736,1.5962631151596343,0.0,2.2434330853570668,0.8234507589124548,0.690900785530165,0.7534386210430404,7.766666666666667,12.566666666666666,264.5308619905263,1.2830110634677112,0.0016764305687199037,3.188169516219447
turbo_lunar_lander_12d,12,ucb,constant,fixed_p020,63,39,30,1.1025346490006063,1.2189114043297145,0.6919056118158887,0.12632410375199174,0.7322846561843226,1.6267437244540572,0.0,2.247627861891059,0.8230659580525939,0.6904521803874409,0.7530377213908708,7.966666666666667,12.9,270.1690543752319,1.27379678452077,0.0016949129911760488,3.1926669818349183
turbo_lunar_lander_12d,12,ucb,constant,fixed_p020,64,40,30,1.0712957073765772,1.1817336416728537,0.6961504078017438,0.12709909392314514,0.6791611359322305,1.6741183899696206,0.0,2.2385347522433356,0.825172896694715,0.6973287719784547,0.7580817868479842,8.2,13.333333333333334,275.853751970098,1.1702303582957636,0.014497707194338242,3.236117494928961
turbo_lunar_lander_12d,12,ucb,constant,fixed_p020,65,41,30,1.1244440813292909,1.2514590177276559,0.7262762052439974,0.1325992868637964,0.7091157034992575,1.731325785796878,0.0,2.2385347522433356,0.824483658207606,0.6967085084769814,0.7574100459250442,8.466666666666667,13.633333333333333,281.48572892970407,1.0776359457988292,0.001612821826711297,3.1247734216662746
turbo_lunar_lander_12d,12,ucb,constant,fixed_p020,66,42,30,1.0643891577614815,1.051346764127065,0.7175881127822881,0.13101306545614014,0.5429197786779691,1.7215257316031232,0.0,2.25004047846025,0.8242288405132381,0.6962768885238295,0.7571060464743311,8.666666666666666,14.033333333333333,286.75009472814077,1.1357857833150775,0.0015989506927629312,2.9383042485297968
turbo_lunar_lander_12d,12,ucb,constant,fixed_p020,67,43,30,1.0614006537265048,1.1357870930583922,0.690368843573679,0.12604352954135314,0.6210615243966269,1.6435083738738885,0.0,2.244141520295425,0.8235279169600482,0.6959481570127132,0.7568013473704621,8.733333333333333,14.3,292.536506269717,1.3521575866577527,0.0015992896165698766,2.950360320477436
turbo_lunar_lander_12d,12,ucb,constant,fixed_p020,68,44,30,1.0278999527923545,0.9873518999128326,0.6818104592595522,0.12448098949313793,0.6063295562675284,1.4778793494820883,0.0,2.243324972447754,0.8234745245942363,0.6955658107341213,0.7564661854192658,8.9,14.533333333333333,297.474604632752,1.0851666775532067,0.0016240792193760476,2.9024188017317405
turbo_lunar_lander_12d,12,ucb,constant,fixed_p020,69,45,30,1.0963680844664994,1.16131837015915,0.688951146644986,0.12578469467883616,0.7736288586924611,1.618698286843566,0.0,2.256612498601161,0.826574077925423,0.6992653489554833,0.7600078939726096,9.166666666666666,14.833333333333334,302.49232785622587,0.9983102802963306,0.013916854374110698,2.9935306311274568
turbo_lunar_lander_12d,12,ucb,constant,fixed_p020,7,0,30,2.2751123220801306,2.3498772115953983,0.4162612493480644,0.07599855869440583,2.0168504798675264,2.650432691357252,1.226591411538858,2.8418783410367388,0.9984683090997225,0.9834494317198244,0.9943849095892785,0.0,0.0,16.709954824174442,0.0,0.0013413315483679375,2.3962442699354143
turbo_lunar_lander_12d,12,ucb,constant,fixed_p020,70,46,30,1.1147932170049253,1.1021464939917434,0.7297701852248486,0.1332371974141243,0.7192115733313024,1.6733850302184883,0.0,2.3102274771024507,0.8263173424610132,0.6986893783311171,0.7594467672263147,9.466666666666667,15.2,307.7309695527268,1.0483264237487069,0.0016456284870704015,3.0519485280228156
turbo_lunar_lander_12d,12,ucb,constant,fixed_p020,71,47,30,1.1030760083313222,1.2103484876038757,0.7340513264742539,0.13401882329217932,0.5748506442667936,1.7090789850884467,0.0,2.256901726584033,0.82564559056677,0.6982562939693174,0.7591194403430032,9.633333333333333,15.466666666666667,313.09876620147065,1.156031624088064,0.0016171866717437902,2.9703726429647457
turbo_lunar_lander_12d,12,ucb,constant,fixed_p020,72,48,30,1.0121068634235493,1.0811599426194536,0.7239422084771705,0.13217315930435133,0.46419202930885944,1.571752565886741,0.0,2.31956704436491,0.8254818065466415,0.6976295425278887,0.758488822654918,9.866666666666667,15.733333333333333,318.2890523705631,1.0567520453284185,0.0016148123734941084,2.969883892436822
turbo_lunar_lander_12d,12,ucb,constant,fixed_p020,73,49,30,0.9861969271910799,1.0064416594867551,0.7435208802089871,0.13574771935551955,0.46754681236212037,1.5123378318972498,0.0,2.5021112986636913,0.8249976086109875,0.6969998643797848,0.7579326474283568,10.1,16.133333333333333,323.46523087353756,0.9846539097682884,0.0016458227143933376,3.0510292183918257
turbo_lunar_lander_12d,12,ucb,constant,fixed_p020,74,50,30,1.031305367516469,1.0936655958241426,0.719538367655836,0.131369131651849,0.5924751167867747,1.5195309917112783,0.0,2.4253334814099197,0.8385283361598325,0.7159894991681673,0.7752215278258131,10.266666666666667,16.466666666666665,329.0764752512177,1.2231771575597425,0.015447856780762473,3.0984177282080054
turbo_lunar_lander_12d,12,ucb,constant,fixed_p020,75,51,30,1.0473340842027155,1.1210497479826098,0.6971261824994173,0.12727724519413133,0.5575419725832641,1.5622952962939576,0.0,2.341796934323555,0.8381705642182016,0.7155153645373235,0.774724167305473,10.5,16.866666666666667,334.4024298999769,1.0349380211904644,0.0016697407544900974,3.2570800751602897
turbo_lunar_lander_12d,12,ucb,constant,fixed_p020,76,52,30,1.0365074714135478,1.1155299860115706,0.711507702315189,0.12990293946556658,0.5845624597377446,1.5096810166349768,0.0,2.141823860007301,0.8379679974036768,0.715241819332321,0.7745197635917069,10.633333333333333,17.166666666666668,339.9957603391415,1.1235110225621612,0.0016822753163675467,3.147967768413946
turbo_lunar_lander_12d,12,ucb,constant,fixed_p020,77,53,30,0.9556453155198387,0.8878167570799413,0.7330541175800404,0.1338367586902108,0.3315467634828689,1.5074883838420705,0.0,2.3690255350200182,0.8376414577315895,0.7148105889312099,0.7740239534859948,10.833333333333334,17.366666666666667,345.3889152068024,1.0748127690826854,0.0016720612222949664,3.148826840488861
turbo_lunar_lander_12d,12,ucb,constant,fixed_p020,78,54,30,0.9179378591242245,0.8975207912224551,0.7452391122036924,0.13606142416302863,0.02234277101872073,1.4882078056749277,0.0,2.166097691938874,0.8373211126787116,0.7144463253945474,0.7737857094510229,11.0,17.666666666666668,351.1405375381776,1.0750420564475158,0.00167636649372677,3.1553871784514436
turbo_lunar_lander_12d,12,ucb,constant,fixed_p020,79,55,30,0.8743531251767552,0.926529718400148,0.7339480982163362,0.13399997647703485,0.0,1.4618908349287578,0.0,2.008469140078212,0.8476911947496483,0.7311576939500694,0.7877023377075356,11.166666666666666,17.933333333333334,356.50423655177775,1.1255855083776016,0.015214547732224066,3.099834368781497
turbo_lunar_lander_12d,12,ucb,constant,fixed_p020,8,0,30,2.2239840506496247,2.22600281822161,0.4200166296630616,0.07668419419791743,1.9900331339095296,2.6590745569009444,1.1804013694844409,2.828253016420003,0.998126022348572,0.9816567420505923,0.9934316337672878,0.0,0.0,19.587967451599738,0.0,0.0013642312493175267,2.47208069570673
turbo_lunar_lander_12d,12,ucb,constant,fixed_p020,80,56,30,0.891829275851491,0.9205856444691913,0.7550868224208053,0.13785936183825756,0.0,1.4917749716785753,0.0,2.0323764242603777,0.8476223562741175,0.7308733457577308,0.7874833740693571,11.266666666666667,18.2,361.89328637407164,1.0918403622073432,0.001662594530110558,2.9690089071945596
turbo_lunar_lander_12d,12,ucb,constant,fixed_p020,81,57,30,0.8210415778721726,0.7967022339999135,0.711891299325501,0.12997297437741304,0.0,1.461917232857398,0.0,2.0243203057594226,0.8475093433379275,0.7306217512598364,0.7872227342751095,11.4,18.366666666666667,367.2505590331275,1.0697410258309294,0.0016685295850038528,3.014600127019609
turbo_lunar_lander_12d,12,ucb,constant,fixed_p020,82,58,30,0.8599484287670938,0.8389281180907391,0.7340233709769013,0.13401371934001055,0.0,1.4311257088694724,0.0,2.3214858186003897,0.8474340864046359,0.7302373324930809,0.7868531019978785,11.6,18.633333333333333,372.48317314476395,0.991361013893038,0.0017180095271517833,2.8896482329039523
turbo_lunar_lander_12d,12,ucb,constant,fixed_p020,83,59,30,0.7880402971521584,0.8547034790387247,0.703007073239031,0.12835094403290123,0.0,1.3560890732698785,0.0,2.0386617327760397,0.8473739336336586,0.7299059023096529,0.7866771818963116,11.833333333333334,19.0,377.47255419453916,0.8955086287111044,0.0017415706378718218,2.988401429882894
turbo_lunar_lander_12d,12,ucb,constant,fixed_p020,84,60,30,0.783875552082302,0.8369939940266299,0.7036267561459777,0.12846408213511293,0.0,1.4243487346657164,0.0,2.000207731642729,0.8601332011795327,0.741722562551877,0.7992967466799727,11.966666666666667,19.3,382.9751574333757,1.133524167118594,0.017457420860106748,3.1524443248597285
turbo_lunar_lander_12d,12,ucb,constant,fixed_p020,85,61,30,0.7676421412610756,0.7242529382539805,0.7008366600011773,0.12795468260307447,0.0,1.4114952038184483,0.0,2.0164816838334847,0.8599549940438855,0.7414390538530101,0.7991206706211444,12.1,19.566666666666666,388.51176700615326,1.0994690795894713,0.0018457853080083926,3.169326197914779
turbo_lunar_lander_12d,12,ucb,constant,fixed_p020,86,62,30,0.8015658111186066,0.7881337253923175,0.706393185283572,0.12896916068257958,0.0,1.4765173964373897,0.0,2.057447362181361,0.8596483561747842,0.7410522735960803,0.7988170876936326,12.3,19.9,394.17506735348144,1.119437190471217,0.0017744218620161214,3.2227455837186425
turbo_lunar_lander_12d,12,ucb,constant,fixed_p020,87,63,30,0.7780582889846859,0.8194856330624305,0.6991463429029713,0.12764607433506642,0.0,1.530378795372524,0.0,2.0577111107327526,0.8595804167416959,0.7406653391267443,0.7985027627292851,12.5,20.233333333333334,399.5896603759378,1.0499410390698662,0.001819303414473931,3.346124999737367
turbo_lunar_lander_12d,12,ucb,constant,fixed_p020,88,64,30,0.7569636576011938,0.7352137376955008,0.6954884737956727,0.1269782418609102,0.0,1.4948629465256373,0.0,2.061948756063104,0.8594811400988643,0.7403998524160639,0.7983606060537028,12.666666666666666,20.6,405.33515087766574,1.1044108323287218,0.0018211099474380414,3.307757389545441
turbo_lunar_lander_12d,12,ucb,constant,fixed_p020,89,65,30,0.721125656378975,0.6567109605642872,0.6669368169810879,0.12176544636374545,0.0,1.3671673765299635,0.0,2.012067811467953,0.861447676487128,0.7462898776945983,0.8021198098103531,12.7,20.8,411.13686475506984,1.1630444072186947,0.01842702068388462,3.1742203060692797
turbo_lunar_lander_12d,12,ucb,constant,fixed_p020,9,0,30,2.226785806187293,2.2321246182726253,0.40263022331401005,0.07350988521414191,2.026735734028776,2.5956853505895654,1.2068822227109028,2.830434890547302,0.9978353826675902,0.9800721250901048,0.992844278903608,0.0,0.0,22.393071737900996,0.0,0.0013446120234827201,2.402963520757233
turbo_lunar_lander_12d,12,ucb,constant,fixed_p020,90,66,30,0.7122294672544711,0.6703648423222334,0.6545457281047764,0.11950315340054307,0.0,1.3069441381493978,0.0,1.9955503853650545,0.8609936861402879,0.7459651537233564,0.8018751224039075,12.866666666666667,21.0,416.43254046589135,0.946892686917757,0.0018684983253479004,3.149580638684953
turbo_lunar_lander_12d,12,ucb,constant,fixed_p020,91,67,30,0.686327603825841,0.704337408511458,0.665323525633673,0.12147090100947644,0.0,1.1255366304726093,0.0,2.0743367122392637,0.86089754238094,0.7457486535587371,0.8016528429692339,13.0,21.3,422.2249902406863,1.0729947691628088,0.0018619284344216188,3.3036486182982725
turbo_lunar_lander_12d,12,ucb,constant,fixed_p020,92,68,30,0.6790112679854768,0.5886215055723832,0.6552783586940252,0.11963691283389302,0.0,1.2537621638639287,0.0,1.9981189033487439,0.8603658784028443,0.7452717385514865,0.8012564779069328,13.333333333333334,21.5,427.30731048958063,0.8542834785456459,0.0018512817875792583,2.9771367874462156
turbo_lunar_lander_12d,12,ucb,constant,fixed_p020,93,69,30,0.670221953278104,0.6798543517368237,0.6438215981721656,0.1175452041093073,0.0,1.1962765274415192,0.0,1.9898767345571027,0.8602245525663594,0.7449355855822598,0.8009349697688557,13.533333333333333,21.833333333333332,432.26029725971944,0.8551161439623683,0.0018354922533035279,3.021434866419683
turbo_lunar_lander_12d,12,ucb,constant,fixed_p020,94,70,30,0.6528171970301501,0.6034626586342934,0.649038021881059,0.1184975884209292,0.0,1.1467732657356347,0.0,1.9994525535476027,0.8734377376877466,0.7589171650205078,0.8153008333880567,13.733333333333333,22.166666666666668,437.60815465950094,0.8996544169882933,0.019461450818926095,3.235503781757628
turbo_lunar_lander_12d,12,ucb,constant,fixed_p020,95,71,30,0.597127010278827,0.4996883703967431,0.6126926698168969,0.11186186535892635,0.0,1.048116827635243,0.0,1.8544581394971444,0.8732709280274872,0.7583406269529048,0.8147199847237271,14.1,22.6,442.97577061302337,0.8783142379640291,0.001927057777841886,3.227903117891401
turbo_lunar_lander_12d,12,ucb,constant,fixed_p020,96,72,30,0.666760596110064,0.6133987758653909,0.6430808820509175,0.11740996846653554,0.0,1.1170084277223802,0.0,1.8558117698949244,0.8731455162453002,0.7580434650512586,0.8143924300974982,14.266666666666667,22.933333333333334,448.93973274615905,0.939157742417107,0.0018705045338720083,3.262171035973976
turbo_lunar_lander_12d,12,ucb,constant,fixed_p020,97,73,30,0.6587646265813861,0.7162398295365747,0.6116684313499646,0.11167486585472525,0.0,0.9873498774115775,0.0,1.9654733289394337,0.8728584861087316,0.7576072673638022,0.8139543226904127,14.533333333333333,23.3,454.79489718251864,0.957445239337782,0.0019447517426063618,3.5393184455111624
turbo_lunar_lander_12d,12,ucb,constant,fixed_p020,98,74,30,0.6361248777926767,0.6339959921806315,0.6129457386222553,0.11190806919002491,0.0,1.0749290861889524,0.0,1.7611974987336707,0.8727705017091076,0.7572350693109681,0.8136157538840648,14.833333333333334,23.666666666666668,460.317444379814,0.8737171173716585,0.001971286457652847,3.5226015461763986
turbo_lunar_lander_12d,12,ucb,constant,fixed_p020,99,75,30,0.5979329223819317,0.6120114833961436,0.6058403780526481,0.11061081376896438,0.0,0.9901199968035748,0.0,1.784722484744331,0.8785651792295811,0.7679235407148562,0.8221294402798921,15.0,24.133333333333333,465.9979170730493,1.0401626348029822,0.02157781757414341,3.4428819692227988
turbo_lunar_lander_12d,12,ucb,constant,standard,1,0,30,3.310651109298576,3.283904957447192,0.580644939743358,0.10601077713288837,3.052659635642117,3.600539664830276,2.2276699670828726,4.534419415344451,0.9999703333578658,0.9972378949702652,0.9997470325374905,0.0,0.0,0.9092770675973346,0.0,0.025457756935308377,0.4752515292881678
turbo_lunar_lander_12d,12,ucb,constant,standard,10,0,30,2.22363944070666,2.237736932043511,0.389172751593094,0.07105289827129739,1.9972427935898305,2.560782715833177,1.4562514051970976,2.7919025174092806,0.9975692102752459,0.9785407233685759,0.9921383172057798,0.0,0.0,23.665264521166684,0.0,0.0013931545584152142,2.2707774146149555
turbo_lunar_lander_12d,12,ucb,constant,standard,100,76,30,0.6897233195705811,0.3775777627898059,0.7689682515711866,0.14039375246361543,0.0,1.0656422743762723,0.0,2.249887759703591,0.8519624625054847,0.7482582131310599,0.7993303499577019,0.0,0.0,439.94197780773976,0.8561007801753779,0.0017658793677886328,2.5072462134528903
turbo_lunar_lander_12d,12,ucb,constant,standard,101,77,30,0.6963818387289418,0.6545074024503906,0.7512414538072084,0.13715729679439442,0.0,1.1041090692470439,0.0,2.2379148936802618,0.8519201945076833,0.7481730230160242,0.7992355762763581,0.0,0.0,444.54032687135043,0.8666684416588396,0.0016658757192393144,2.518058843910694
turbo_lunar_lander_12d,12,ucb,constant,standard,102,78,30,0.6584818596674092,0.43496061051939816,0.7461049164100879,0.13621949766110383,0.0,0.986109126758482,0.0,2.23270778192436,0.8518856959090778,0.7480868890545478,0.7991819948493579,0.0,0.0,449.3199855972858,0.8401452499441803,0.001718090521171689,2.5737767385163655
turbo_lunar_lander_12d,12,ucb,constant,standard,103,79,30,0.6592242284348236,0.48731108139995605,0.7395372943017356,0.13502041940179912,0.0,1.0203180668032386,0.0,2.232500972791379,0.8518615457088905,0.7479982370036244,0.7991120458515347,0.0,0.0,453.9423220650138,0.8836995414147775,0.0017199491461118062,2.4315058801323177
turbo_lunar_lander_12d,12,ucb,constant,standard,104,80,30,0.6786054003668056,0.44143276132238274,0.7545644149739809,0.1377639837239794,0.0,1.1615437595372953,0.0,2.240510299600931,0.8538484100482221,0.751576141106978,0.8020371427177216,0.0,0.0,458.3510757529487,0.82070219318072,0.018954622854168216,2.5356375967152416
turbo_lunar_lander_12d,12,ucb,constant,standard,105,81,30,0.6496526978261017,0.4897547098142788,0.7320106436085726,0.13364624727943003,0.0,1.0853814016887722,0.0,2.2440000980008117,0.8537957052943018,0.7515034472769098,0.8019763523136034,0.0,0.0,462.92941198192227,0.8922708056711902,0.0017350005762030681,2.4522349040800084
turbo_lunar_lander_12d,12,ucb,constant,standard,106,82,30,0.629926194851729,0.4227180144441832,0.7176808444214752,0.13102999585966588,0.0,1.0105590040381212,0.0,2.234772152144295,0.8537643948303065,0.751433055841855,0.8019000713570807,0.0,0.0,467.3812973234647,0.8394966432203849,0.0017201272770762444,2.448473822961872
turbo_lunar_lander_12d,12,ucb,constant,standard,107,83,30,0.6675940357518031,0.5126127175255168,0.741362003561918,0.1353535642093626,0.0,1.1528637480521424,0.0,2.249062340154548,0.8536858432400716,0.7513282274136869,0.8017620251854424,0.0,0.0,471.86222218244023,0.851612993190065,0.0016835361098249753,2.464336737121145
turbo_lunar_lander_12d,12,ucb,constant,standard,108,84,30,0.6302334952618339,0.37346504740140796,0.7494057516007349,0.13682214495861192,0.0,1.017266328338899,0.0,2.244779044344577,0.8535417667648105,0.751250073764868,0.8016819806871871,0.0,0.0,476.32786799506283,0.8722661131061613,0.001815044864391287,2.5726054375680785
turbo_lunar_lander_12d,12,ucb,constant,standard,109,85,30,0.60653224698196,0.3099110971451453,0.7430534406613125,0.13566237696067576,0.0,1.041060012462697,0.0,2.2563879049057727,0.8570838970362241,0.7551561651005069,0.805674877184083,0.0,0.0,481.08630210496483,0.9124853947044661,0.020355374940360587,2.624115267970289
turbo_lunar_lander_12d,12,ucb,constant,standard,11,0,30,2.2039395465044658,2.2537721007319247,0.40585783873010195,0.07409916447092356,1.9774190634865962,2.5267119990292883,1.0662318150143433,2.775831557357914,0.9974193191914803,0.9770600576717418,0.9914932065434111,0.0,0.0,26.378412237452963,0.0,0.0013596290722489358,2.3482227080035956
turbo_lunar_lander_12d,12,ucb,constant,standard,110,86,30,0.5899170652641461,0.33383505042492956,0.7092364091576077,0.12948825996652844,0.0,0.9844382126441134,0.0,2.2455898286375127,0.8569516658382761,0.7550668495981978,0.8056400125579156,0.0,0.0,485.8083592291301,0.9020275941584259,0.0017595112789422275,2.6394061559035134
turbo_lunar_lander_12d,12,ucb,constant,standard,111,87,30,0.5971706499434327,0.2921982490902427,0.7126112327859134,0.13010441564280326,0.0,0.9103602554954797,0.0,2.2455898286375127,0.8569412344084394,0.7549828205503986,0.8055955484593122,0.0,0.0,490.53414295441473,0.9344051739511391,0.0018511918062965075,2.5645061450079085
turbo_lunar_lander_12d,12,ucb,constant,standard,112,88,30,0.6526694548633638,0.3341989895927404,0.775354827396575,0.14155977634520958,0.0,1.1749012113795791,0.0,2.291030849988515,0.8568500392067082,0.754890172933472,0.8054880595878074,0.0,0.0,495.196622878282,0.8759280094100783,0.001920871762558818,2.6246374793040257
turbo_lunar_lander_12d,12,ucb,constant,standard,113,89,30,0.6041545063835934,0.29073886096726553,0.7238594779767076,0.13215805485058557,0.0,0.9578392722710292,0.0,2.254825844961302,0.8568408320767131,0.7547989681395136,0.80536737310098,0.0,0.0,499.7952821062412,0.8841771122999489,0.0017967481166124345,2.5756354842800646
turbo_lunar_lander_12d,12,ucb,constant,standard,114,90,30,0.5661303601973559,0.05647605110090037,0.7136762641649834,0.13029886287972575,0.0,0.9090557616972816,0.0,2.253348956843639,0.8653084645244102,0.7681065673830706,0.8167324240891405,0.0,0.0,504.70168430712073,0.9282317645071695,0.021428604299823444,2.5732650853072605
turbo_lunar_lander_12d,12,ucb,constant,standard,115,91,30,0.5809957476242698,0.1245593642254541,0.7223425241197784,0.13188109823520738,0.0,1.02997618116585,0.0,2.2395700803969993,0.8652956939215717,0.7680532049476412,0.8166760447662287,0.0,0.0,509.3724763607296,0.9089060184856256,0.0018029794873048862,2.4809935653582214
turbo_lunar_lander_12d,12,ucb,constant,standard,116,92,30,0.6156240681609613,0.2600944182926137,0.7053766018362491,0.1287835587873512,0.0,1.0898646064529003,0.0,2.247469169167646,0.8652882921246536,0.7679868422143057,0.8166517525471273,0.0,0.0,514.0288543040864,0.8767517409597834,0.002033446713661154,2.5744940407884616
turbo_lunar_lander_12d,12,ucb,constant,standard,117,93,30,0.5636124315590539,0.12605935166539306,0.6860727022868821,0.12525916504368384,0.0,0.9908320684048129,0.0,2.2534670328601316,0.8652775020369865,0.7679319952158171,0.8165932884730945,0.0,0.0,518.7079062525804,0.9220665477061023,0.0019010994583368301,2.6233136588397126
turbo_lunar_lander_12d,12,ucb,constant,standard,118,94,30,0.5527526568077196,0.030830283629538213,0.7054405674818696,0.12879523726302178,0.0,0.8471996651690062,0.0,2.2436759753585913,0.8650454376587775,0.7678542606314746,0.816505751169592,0.0,0.0,523.5703579950301,0.9187705421044181,0.0019163539322714011,2.522353633415575
turbo_lunar_lander_12d,12,ucb,constant,standard,119,95,30,0.5320437827428045,0.007661144030907119,0.6948413377229476,0.1268600915193079,0.0,0.9148453517185839,0.0,2.245216607145816,0.8690129997433679,0.7764843811644212,0.8231335078942831,0.0,0.0,528.3354783954875,0.9021299199511608,0.024802464821065465,2.5532505015376956
turbo_lunar_lander_12d,12,ucb,constant,standard,12,0,30,2.2106593718795478,2.2407115330443084,0.3965547873468668,0.07240066743884772,1.988724447039785,2.5380856481454894,1.0907761306781327,2.776769492091669,0.9971768750965188,0.9755870863831688,0.9906783619358783,0.0,0.0,29.061169149307535,0.0,0.0013612120722730954,2.3340114040921134
turbo_lunar_lander_12d,12,ucb,constant,standard,120,96,30,0.5673969157364638,0.008064487130530429,0.7833970883239628,0.14302808558630048,0.0,0.8560369715064451,0.0,2.5153812500219463,0.8690038150450415,0.7764157312863399,0.8230776335274668,0.0,0.0,533.027783670385,0.9462942695866029,0.0017946837469935417,2.531951825103412
turbo_lunar_lander_12d,12,ucb,constant,standard,121,97,30,0.5722580370160782,0.031643904195138184,0.7318521755220732,0.13361731509755653,0.0,0.8950231092241465,0.0,2.2677130025752477,0.8689722016360348,0.7763085360208047,0.8229194983478726,0.0,0.0,537.5747448912045,0.8522987348648409,0.0018181574375679096,2.429959394146378
turbo_lunar_lander_12d,12,ucb,constant,standard,122,98,30,0.5581457151818245,0.00557018376769125,0.718434972427064,0.13116768016630168,0.0,0.9686128561360764,0.0,2.2609953703005283,0.8688115429797822,0.7762346378950539,0.8228229436912552,0.0,0.0,541.9271753022447,0.8417276428236315,0.0018270165659487248,2.5181946111066886
turbo_lunar_lander_12d,12,ucb,constant,standard,123,99,30,0.5892315869513695,0.15303219364483533,0.7244612115340072,0.1322679158648992,0.0,1.033536385864725,0.0,2.267713926130983,0.8687766530181056,0.7761668075064019,0.8227315614821774,0.0,0.0,546.6587099970163,0.8730335204706837,0.0019064783118665218,2.509941295068711
turbo_lunar_lander_12d,12,ucb,constant,standard,124,100,30,0.5642929971094487,0.2047368987486453,0.6957802956475488,0.12703152099792536,0.0,1.0016248522300744,0.0,2.2675287209273485,0.8697278500583168,0.7773331223006295,0.823674698463029,0.0,0.0,551.2852215039854,0.8511752122702698,0.0251311796096464,2.6255788575081778
turbo_lunar_lander_12d,12,ucb,constant,standard,125,101,30,0.5940923522339874,0.15268902396077844,0.7126144343580744,0.13010500016723395,0.0,1.0533322958532494,0.0,2.2616277407403107,0.8696156135820848,0.7772723861118495,0.8236294176949988,0.0,0.0,556.2841836602737,0.9504594874257842,0.0020070819184184073,2.5865553204746297
turbo_lunar_lander_12d,12,ucb,constant,standard,126,102,30,0.533217839926009,0.0,0.7215958920362234,0.131744782490434,0.0,0.9767366720895754,0.0,2.2722577172831606,0.8695407365371611,0.777204117262379,0.8235433929877871,0.0,0.0,561.1038407644568,0.9395901652984321,0.0018721151631325484,2.5368799998269727
turbo_lunar_lander_12d,12,ucb,constant,standard,127,103,30,0.5128845758045688,0.11551381994540244,0.6657177877301144,0.12154288309073984,0.0,0.8875802552779644,0.0,2.2461801090486797,0.8693657366960896,0.7771197523423652,0.823435327254206,0.0,0.0,565.5620638890967,0.8609899053505311,0.0018148038536310196,2.52043518673939
turbo_lunar_lander_12d,12,ucb,constant,standard,128,104,30,0.5016689732517964,0.09287123586671764,0.6459481226989269,0.11793345259343903,0.0,0.8474466375049979,0.0,2.0760106775228873,0.8693595825062234,0.7770758090310983,0.8234072665038866,0.0,0.0,570.5362494200313,0.9564865566790104,0.001978533389046788,2.5342753137772283
turbo_lunar_lander_12d,12,ucb,constant,standard,129,105,30,0.48484443583844156,0.04578417070509333,0.6193609332486619,0.11307931812591453,0.0,0.8371333927312103,0.0,2.0952069459443536,0.8752620391174643,0.7823436881610056,0.8288472018950116,0.0,0.0,575.183859356291,0.9445440265815706,0.026058555906638504,2.540488354846214
turbo_lunar_lander_12d,12,ucb,constant,standard,13,0,30,2.1624211766836634,2.169847667959323,0.4000469610745641,0.07303824821397663,1.8748445000298197,2.4402882454317654,1.1087561383423163,2.7763907585551406,0.997077015008267,0.9742330654319203,0.9901181193354852,0.0,0.0,31.764845607150345,0.0,0.0014405860099941492,2.3642368264496327
turbo_lunar_lander_12d,12,ucb,constant,standard,130,106,30,0.4765204897962104,0.06274228025283068,0.629743626827348,0.114974929952818,0.0,0.8463546111248169,0.0,1.9836281084171479,0.8752379769453621,0.782260087822208,0.8287751253294859,0.0,0.0,579.9384906576325,0.9612993501281987,0.001894581379989783,2.6085694382588067
turbo_lunar_lander_12d,12,ucb,constant,standard,131,107,30,0.5422919397366304,0.07765320644939544,0.6808570103360023,0.1243069143321855,0.0,0.9509053126424007,0.0,2.0708485485408707,0.8752008113119765,0.7822198773011295,0.8287517929298581,0.0,0.0,584.975841733984,0.9791973566326002,0.001885170644770066,2.608936754381284
turbo_lunar_lander_12d,12,ucb,constant,standard,132,108,30,0.49312292431578547,0.049398843385986546,0.66282771858368,0.12101523106932256,0.0,0.8820250596321124,0.0,2.010676736562335,0.8751894661873384,0.7821731801967424,0.8287245181964118,0.0,0.0,589.8472449707177,0.9789385868702084,0.001910923964654406,2.65449643357036
turbo_lunar_lander_12d,12,ucb,constant,standard,133,109,30,0.4938086686866138,0.06461282093611442,0.6600523998431973,0.12050852950984618,0.0,0.7350059160763359,0.0,2.097363265946328,0.8751688332146536,0.7821080091353463,0.8286435965430721,0.0,0.0,594.5167267215594,0.9024719839139531,0.001920050662010908,2.619496450247243
turbo_lunar_lander_12d,12,ucb,constant,standard,134,110,30,0.44269990814702315,0.028043021263255974,0.6295538026021031,0.11494027294944215,0.0,0.7524252795962658,0.0,2.098636306373132,0.8806461878371454,0.7897957789937919,0.8355256102908728,0.0,0.0,599.5589744609781,0.9623421553056687,0.030015395923207202,2.6678148670898127
turbo_lunar_lander_12d,12,ucb,constant,standard,135,111,30,0.4905273735726952,0.0702538506609528,0.6340957343225314,0.11576951243541775,0.0,0.9132280805991266,0.0,1.979643145249852,0.8805619453779318,0.7897154813392466,0.835443025226418,0.0,0.0,604.5794487281703,1.0192035976486902,0.001930146183197697,2.599974045266087
turbo_lunar_lander_12d,12,ucb,constant,standard,136,112,30,0.4720923459892982,0.04851986969297073,0.6582568555273839,0.12018070946825578,0.0,0.8380278876805916,0.0,1.9390931603515937,0.8805292639548412,0.7896568831773507,0.8354000775766884,0.0,0.0,609.4199633337247,0.9690518564078957,0.0019939338167508443,2.571754455100745
turbo_lunar_lander_12d,12,ucb,constant,standard,137,113,30,0.48257220453536204,0.0,0.6376247509722766,0.11641381977704332,0.0,0.843333437066087,0.0,1.990065712567885,0.8805231359104045,0.7896140341483769,0.8353681157033142,0.0,0.0,614.4001983388638,1.0103652503030995,0.0019225002111246188,2.6189304332404086
turbo_lunar_lander_12d,12,ucb,constant,standard,138,114,30,0.47040724564952313,0.0,0.6184401707992193,0.11291121067136005,0.0,0.8012962829446113,0.0,1.9904804010232426,0.8805074481230115,0.7895621947400969,0.835318153689828,0.0,0.0,619.5470834142839,1.0255396234647682,0.0021884750885268053,2.6728736598199854
turbo_lunar_lander_12d,12,ucb,constant,standard,139,115,30,0.44771159893657597,0.0,0.6179785042512307,0.11282692227723375,0.0,0.7774304235061186,0.0,1.986306348791386,0.8806495235942033,0.7890576801872295,0.8348513688322019,0.0,0.0,624.3148778248889,1.0420593584422022,0.031870230364923674,2.5006032365839928
turbo_lunar_lander_12d,12,ucb,constant,standard,14,0,30,2.154786439057285,2.1409700023643303,0.3714147224807916,0.06781074056408357,1.8546720315916845,2.392664409051791,1.3656806381213453,2.779667657065398,0.9966224269695563,0.9727196180071898,0.9893869242909837,0.0,0.0,34.46944389970352,0.0,0.0014349914776782195,2.3268562420737
turbo_lunar_lander_12d,12,ucb,constant,standard,140,116,30,0.441182297566179,0.022142061630294974,0.6211310230453966,0.1134024908294083,0.0,0.7617777486049984,0.0,2.057595673281996,0.8806122788141385,0.789012485567056,0.8347769427238757,0.0,0.0,629.30385223773,0.9420882037064682,0.00202046741421024,2.666680162757014
turbo_lunar_lander_12d,12,ucb,constant,standard,141,117,30,0.48491071453876416,0.0,0.6393176158733486,0.11672289320808528,0.0,0.9785964359933315,0.0,2.0443565008623854,0.880586967364646,0.7889324836501298,0.8346840896166818,0.0,0.0,634.2456374600685,0.9615222992685933,0.0020427125661323466,2.632401524623856
turbo_lunar_lander_12d,12,ucb,constant,standard,142,118,30,0.4558807598052823,0.0,0.6241643058249553,0.11395628996329372,0.0,0.8197029494034462,0.0,2.0253198247797335,0.880330818822611,0.7888685004684199,0.8346376869570347,0.0,0.0,638.7978623030552,0.9299023677284519,0.0020656838392217954,2.5025715318974107
turbo_lunar_lander_12d,12,ucb,constant,standard,143,119,30,0.4335192034209514,0.020061477840514486,0.6160156848403049,0.11246856212134272,0.0,0.7271572140053328,0.0,2.017614389979874,0.8798609661897239,0.7887643984292825,0.834559184066386,0.0,0.0,643.4509803137897,0.8867637972502659,0.002117948342735569,2.569821428709353
turbo_lunar_lander_12d,12,ucb,constant,standard,144,120,30,0.4433540782258646,0.0,0.6232627892887717,0.11379169631568316,0.0,0.7670157128944455,0.0,1.9878477273498851,0.8781278730923483,0.7863949086784415,0.8324685371976895,0.0,0.0,648.1257286579038,0.920931344681109,0.035242507513612506,2.5690010007781288
turbo_lunar_lander_12d,12,ucb,constant,standard,145,121,30,0.4474766458421921,0.0,0.6253718922280062,0.11417676406765621,0.0,0.8101373132771431,0.0,1.9955261818593393,0.8781075479182813,0.7863261943196057,0.8323966275138807,0.0,0.0,653.0098407192932,0.9262695631477982,0.00221897941082716,2.6293667278252544
turbo_lunar_lander_12d,12,ucb,constant,standard,146,122,30,0.44305344626705595,0.0,0.6191064326897273,0.11303285289357247,0.0,0.7554575228769347,0.0,2.0085384631823535,0.8780754305027476,0.7862680018991779,0.8323575025370887,0.0,0.0,657.8545677441483,0.9221319170823942,0.0022764913892994324,2.6870102424640208
turbo_lunar_lander_12d,12,ucb,constant,standard,147,123,30,0.43249194605493635,0.0,0.6124537923773213,0.11181825250488148,0.0,0.7516650919968851,0.0,1.9911092441356566,0.8779909477774714,0.7862151620211281,0.8322501577812419,0.0,0.0,662.7102450986392,0.8974523169919848,0.0021270355364928642,2.662819276408603
turbo_lunar_lander_12d,12,ucb,constant,standard,148,124,30,0.4508817394681196,0.05154614656866807,0.6161906359880289,0.11250050368469935,0.0,0.801604531304168,0.0,1.9979560966977399,0.8779749176518015,0.7861711366706742,0.8322100654679989,0.0,0.0,667.7112195721672,0.8665393683128059,0.0022416026331484318,2.6032904629285136
turbo_lunar_lander_12d,12,ucb,constant,standard,149,125,30,0.449826436284904,0.07965755048016043,0.5947502875384991,0.10858604952250656,0.0,0.795981707159777,0.0,1.9944565106169116,0.8777150981896243,0.7871197223195787,0.8325865863761963,0.0,0.0,672.4315334644634,0.8818499379170438,0.03726508646893004,2.5488314571945616
turbo_lunar_lander_12d,12,ucb,constant,standard,15,0,30,2.1347991880220576,2.1185131199386142,0.37296349748131596,0.06809350689884598,1.8408286933968911,2.307423651628433,1.290156542048358,2.78755737563226,0.9963141373461718,0.9712580647761323,0.9886452928854991,0.0,0.0,37.14688791496058,0.0,0.0012764989864081145,2.272578076350813
turbo_lunar_lander_12d,12,ucb,constant,standard,150,126,30,0.4259941897566591,0.0,0.6011783167684545,0.10975964172568958,0.0,0.7755150250625158,0.0,2.0047929850044914,0.8776941102222302,0.7870514887442963,0.8325236809763524,0.0,0.0,677.1077341498032,0.9277937280324599,0.0021401979650060338,2.5586427519253143
turbo_lunar_lander_12d,12,ucb,constant,standard,151,127,30,0.42239876855328296,0.0,0.5900544322729934,0.10772870757060758,0.0,0.7640508707529594,0.0,2.0163512606164287,0.8776061562088763,0.7869872392344089,0.8324400555789285,0.0,0.0,681.693939955486,0.8816469112721582,0.0022837769240140913,2.6066095579105117
turbo_lunar_lander_12d,12,ucb,constant,standard,152,128,30,0.4213918596067833,0.0,0.6066202660556698,0.11075320118615858,0.0,0.6989092762382714,0.0,1.9999992802358624,0.87759837236301,0.7869372842812775,0.832411963645382,0.0,0.0,686.533253334028,0.9036425783298909,0.0022787876737614472,2.7023784386459737
turbo_lunar_lander_12d,12,ucb,constant,standard,153,129,30,0.4249877153149725,0.0,0.620483515681687,0.11328427269965682,0.0,0.7919763399285924,0.0,1.9758231082630908,0.877446400905791,0.7868906545913515,0.8323656613996611,0.0,0.0,691.2847385116232,0.8352485815218339,0.002312660574292143,2.607446910828973
turbo_lunar_lander_12d,12,ucb,constant,standard,154,130,30,0.4135952007131087,0.0,0.6159394506806125,0.11245464373170407,0.0,0.6788027673768184,0.0,2.004462093707225,0.8797616578745656,0.7907457665290941,0.8355982784614516,0.0,0.0,696.0310174118417,0.8660923887975513,0.038022867310792206,2.5732770514984926
turbo_lunar_lander_12d,12,ucb,constant,standard,155,131,30,0.38953260994604916,0.0,0.5800096954164039,0.10589479791708839,0.0,0.5599421685344053,0.0,1.9924785595917827,0.8796783337562429,0.7906999132427797,0.8355165829376001,0.0,0.0,700.5686093679163,0.9034382703093191,0.002305000415071845,2.4114997188250222
turbo_lunar_lander_12d,12,ucb,constant,standard,156,132,30,0.40818356586793764,0.0,0.6077595409085151,0.11096120336485918,0.0,0.7262439495006661,0.0,1.9885277056425792,0.8796297476813659,0.7906630462961904,0.8354619742898706,0.0,0.0,705.1038276800886,0.8387208661995829,0.0022536646264294784,2.4048876240539054
turbo_lunar_lander_12d,12,ucb,constant,standard,157,133,30,0.37340158377722976,0.0,0.5835199740678528,0.10653568418393085,0.0,0.6374850310219886,0.0,1.997935876619375,0.879619024885139,0.7906331597275023,0.8354487859146745,0.0,0.0,709.6112026304628,0.8471232518088072,0.002107937540858984,2.3849468424140166
turbo_lunar_lander_12d,12,ucb,constant,standard,158,134,30,0.4049123973104091,0.0,0.5907560538873847,0.10785680556561936,0.0,0.7871624551298109,0.0,1.998131135441867,0.8795924870052183,0.7905898614410327,0.8353780726503,0.0,0.0,714.1372810722173,0.7883953732127945,0.002114442999785145,2.4329481930471957
turbo_lunar_lander_12d,12,ucb,constant,standard,159,135,30,0.39219983597787594,0.0,0.5832876555009734,0.10649326881072847,0.0,0.6279408251233134,0.0,1.9984573804617523,0.8791561320097269,0.7909189616420839,0.8354104725117276,0.0,0.0,718.7326676807677,0.8000127878040075,0.04045644456831118,2.4141791240001718
turbo_lunar_lander_12d,12,ucb,constant,standard,16,0,30,2.1075148702959936,2.11749211157533,0.366120683037318,0.0668441856229127,1.881068205428724,2.2893746555309353,1.135735755309334,2.832314316644396,0.9960433785475872,0.9700005941429422,0.9879774141683791,0.0,0.0,39.8258532774169,0.0,0.0013181797849635283,2.3344900475349277
turbo_lunar_lander_12d,12,ucb,constant,standard,160,136,30,0.39906462523671404,0.0,0.6154691257289874,0.1123687745365832,0.0,0.5612125015526646,0.0,2.016515540700859,0.8790905245604265,0.7908844059122004,0.8353751316956963,0.0,0.0,723.2505178034927,0.8734350493488212,0.0022377840243279932,2.4109648048101615
turbo_lunar_lander_12d,12,ucb,constant,standard,161,137,30,0.39190828702936553,0.0,0.6004368244615101,0.10962426437144628,0.0,0.6096779034527354,0.0,2.016515540700859,0.8790798032525031,0.7908308382822561,0.8352981713445836,0.0,0.0,727.4121127955306,0.8190355617087335,0.0021766022158165774,2.31079541365616
turbo_lunar_lander_12d,12,ucb,constant,standard,162,138,30,0.39625483242206594,0.0,0.5727067370258015,0.10456146623473687,0.0,0.8319569273087437,0.0,1.6684711079280983,0.8790708935696634,0.7907904962077521,0.8352615657796627,0.0,0.0,731.8268282365675,0.8410600127497067,0.0022904139167318743,2.4100691560190173
turbo_lunar_lander_12d,12,ucb,constant,standard,163,139,30,0.40613324846196336,0.0,0.6132109992304592,0.11195649892960186,0.0,0.780585508828934,0.0,1.954422593464902,0.8790658496410425,0.7907646515230786,0.8352062418284055,0.0,0.0,736.0532318446009,0.8211134533708294,0.0022190394190450507,2.302014867697532
turbo_lunar_lander_12d,12,ucb,constant,standard,164,140,30,0.4052522452796463,0.0,0.6187041180471197,0.11295940062524885,0.0,0.7433255528204679,0.0,1.966017784839976,0.8773566222192275,0.78803271638593,0.8328506305008655,0.0,0.0,740.7045065772564,0.8207568906558057,0.04407158537457387,2.4774224339673916
turbo_lunar_lander_12d,12,ucb,constant,standard,165,141,30,0.4335252905558183,0.02717337515873186,0.5940269510172392,0.10845398694605277,0.0,0.8005344468037099,0.0,1.9621946885996457,0.8773465044388076,0.7880097317883764,0.8328303293785234,0.0,0.0,745.4006801572939,0.8045995697379112,0.0023630873144914705,2.4381523518823087
turbo_lunar_lander_12d,12,ucb,constant,standard,166,142,30,0.3909563994570768,0.0,0.5828667599968204,0.10641642415673609,0.0,0.6674540761289893,0.0,1.9621946885996457,0.8773122478248448,0.7879677710564842,0.8327893269732503,0.0,0.0,749.7551942648521,0.8343443708649526,0.0022575649432837962,2.373730432304243
turbo_lunar_lander_12d,12,ucb,constant,standard,167,143,30,0.41999356240897917,0.0,0.627661961599084,0.11459487161858656,0.0,0.8525272829737143,0.0,1.9853283019259973,0.8773012301116836,0.7879308782678609,0.8327214486559483,0.0,0.0,754.3537047971661,0.8728765729193886,0.0023587894936402637,2.4428757430675128
turbo_lunar_lander_12d,12,ucb,constant,standard,168,144,30,0.40855739596290946,0.0,0.5957381938887798,0.10876641572009033,0.0,0.5735539337819923,0.0,1.967047253909569,0.8771820273197248,0.7878741835672823,0.8326089248718129,0.0,0.0,758.8937364174209,0.8335166970267892,0.002402289817109704,2.4913727914759267
turbo_lunar_lander_12d,12,ucb,constant,standard,169,145,30,0.4206987151779217,0.0,0.6084349013024551,0.11108450673892802,0.0,0.7832541268982425,0.0,1.908423971516244,0.874939985498697,0.7856264586608993,0.830168262080864,0.0,0.0,763.334166733548,0.9000802284882714,0.04576303631377717,2.4181458769987025
turbo_lunar_lander_12d,12,ucb,constant,standard,17,0,30,2.099757838105531,2.110022740220339,0.3828710086523443,0.0699023626845482,1.873366464527005,2.3150564028909124,1.0023537683350885,2.8299922076114465,0.9959122692309682,0.9688942266809756,0.9873643256895525,0.0,0.0,42.47825746429153,0.0,0.0013886092541118462,2.2923003199510275
turbo_lunar_lander_12d,12,ucb,constant,standard,170,146,30,0.3993770204022136,0.0,0.6023371869119847,0.10997122149863317,0.0,0.7378823753558816,0.0,1.9133913936285036,0.8749292916606333,0.7855983810988941,0.8301538338344713,0.0,0.0,767.9609696586926,0.9189415856264531,0.0023644355746606986,2.4535910896491258
turbo_lunar_lander_12d,12,ucb,constant,standard,171,147,30,0.3802931709642693,0.0,0.5804755829496967,0.10597985695417002,0.0,0.6026102791151158,0.0,1.9105871430884387,0.8749085316562101,0.7855544745640306,0.8301203373286187,0.0,0.0,772.5160337491737,0.9143243920368452,0.002418372143680851,2.4728553232116
turbo_lunar_lander_12d,12,ucb,constant,standard,172,148,30,0.3729154752275273,0.0,0.590495946065127,0.10780931659174132,0.0,0.6187706168460733,0.0,1.910420473804744,0.874870010121937,0.7855084155735388,0.8300544113619428,0.0,0.0,777.2324295898744,0.9171612712088972,0.0024101918873687587,2.3935247401396436
turbo_lunar_lander_12d,12,ucb,constant,standard,173,149,30,0.41923397051956585,0.0,0.5889778991616039,0.10753216041427117,0.0,0.720835342221588,0.0,1.9132247243448086,0.8748617919582655,0.785468513087459,0.8300141553118425,0.0,0.0,781.7897983024208,0.861487214655305,0.0024091976539542276,2.568309769919142
turbo_lunar_lander_12d,12,ucb,constant,standard,174,150,30,0.37558012263486146,0.0,0.5710107138654819,0.10425181618708411,0.0,0.6007437412791456,0.0,1.8291230616751963,0.8746353742784965,0.7838843328209106,0.8290604835120041,0.0,0.0,786.3167817779351,0.9135885084824016,0.045427840140958624,2.353810250774647
turbo_lunar_lander_12d,12,ucb,constant,standard,175,151,30,0.4395749622869452,0.0,0.6069763112335459,0.11081820584462981,0.0,0.7159748988495527,0.0,1.8731238066435458,0.8746319143933223,0.7838693771551498,0.8290364015028856,0.0,0.0,791.1744466227169,0.9104346865012,0.0025328201241791247,2.662802865356207
turbo_lunar_lander_12d,12,ucb,constant,standard,176,152,30,0.364957807349054,0.0,0.5748495476366122,0.10495268813740435,0.0,0.5543178419000327,0.0,1.8759652911925098,0.8746030676796966,0.7838395125503451,0.8290262622283106,0.0,0.0,795.811491012356,0.8939728023639569,0.002587634278461337,2.406255620252341
turbo_lunar_lander_12d,12,ucb,constant,standard,177,153,30,0.34811430796771836,0.0,0.5704662052704024,0.10415240297365728,0.0,0.5636526684984291,0.0,1.8902239676353794,0.8745938681768396,0.783812105326933,0.829005181763191,0.0,0.0,800.5845606117043,0.8500048580113798,0.0024568933683137098,2.438284137705341
turbo_lunar_lander_12d,12,ucb,constant,standard,178,154,30,0.3780326636914861,0.0,0.5704229262414698,0.1041445013401862,0.0,0.6317535918090562,0.0,1.883566915514325,0.8745750103083237,0.7837796167429674,0.8289761756406233,0.0,0.0,805.1831850420529,0.8403738214944799,0.002444404751683275,2.391071849378447
turbo_lunar_lander_12d,12,ucb,constant,standard,179,155,30,0.37869908608635805,0.0,0.573166952056346,0.10464548961924759,0.0,0.6638454507000255,0.0,1.8820299028336023,0.8740437084857418,0.783906274235554,0.8287627608329652,0.0,0.0,809.5780704151063,0.8675539146798352,0.04916942287236452,2.3437558066565543
turbo_lunar_lander_12d,12,ucb,constant,standard,18,0,30,2.0920062495202365,2.111017479782991,0.33864160291830364,0.0618272149426874,1.8708896179771348,2.3034307913698533,1.2088720059724667,2.759462209735169,0.9957094485013225,0.9675855483758339,0.9866311169886459,0.0,0.0,45.17182912270849,0.0,0.001286299495647351,2.2939088693354277
turbo_lunar_lander_12d,12,ucb,constant,standard,180,156,30,0.3992534204293073,0.0,0.5920619794168616,0.10809523385592482,0.0,0.7421053721105925,0.0,1.8341192886845175,0.8740217477850136,0.7838851119421554,0.8287504506156029,0.0,0.0,814.2486201561987,0.8503476470087965,0.0025638317223638297,2.361613317610075
turbo_lunar_lander_12d,12,ucb,constant,standard,181,157,30,0.3733407738240354,0.0,0.5514656037059187,0.1006833836126454,0.0,0.6075235203670519,0.0,1.8235921772666481,0.8740189869229534,0.7838471823848109,0.8287120459131556,0.0,0.0,818.9613960960104,0.9060829790153851,0.0024746017375340064,2.4219308268899717
turbo_lunar_lander_12d,12,ucb,constant,standard,182,158,30,0.3747632510745427,0.0,0.5685328007431868,0.1037994132162111,0.0,0.6843183583112302,0.0,1.8424372396086663,0.8739969825616803,0.7837955730834452,0.8286536577479229,0.0,0.0,823.3657330535973,0.8151651251750688,0.002634984161704779,2.495854252312953
turbo_lunar_lander_12d,12,ucb,constant,standard,183,159,30,0.35270234544784884,0.0,0.5587273878630483,0.10200919794284324,0.0,0.453862409749927,0.0,1.8283229927795965,0.8739829738564485,0.783772655796966,0.8286311750744155,0.0,0.0,828.004431907724,0.8934455302699159,0.002478060529877742,2.44894604490449
turbo_lunar_lander_12d,12,ucb,constant,standard,184,160,30,0.36002568351968206,0.0,0.5533650919951553,0.101030181140556,0.0,0.6518120289268203,0.0,1.8321104202244096,0.8839290806544953,0.7983539975729065,0.8412206662067113,0.0,0.0,832.6909464271429,0.854968367672215,0.04884580648504198,2.414412051221977
turbo_lunar_lander_12d,12,ucb,constant,standard,185,161,30,0.3582374060155944,0.0,0.5630028623563526,0.10278978921751682,0.0,0.5192908110591493,0.0,1.882229368783692,0.883910272293571,0.7983264100593152,0.8412078776706919,0.0,0.0,837.2116062923025,0.8738889618000637,0.0024103500104198853,2.4424163992206256
turbo_lunar_lander_12d,12,ucb,constant,standard,186,162,30,0.3320405834079277,0.0,0.5037027027222477,0.0919631108524313,0.0,0.5765482241554052,0.0,1.8280331924860522,0.8839071069608118,0.7983048172863114,0.8412010144771246,0.0,0.0,841.8408353013452,0.8787084997476389,0.0024750373171021542,2.5790700311772525
turbo_lunar_lander_12d,12,ucb,constant,standard,187,163,30,0.3580938134238834,0.0,0.5548358167733983,0.10129869751953116,0.0,0.4506839885765631,0.0,1.8363699218166816,0.8838916001385324,0.7982713760722095,0.8411448776345036,0.0,0.0,846.4903047305842,0.8968783192802221,0.0025752505753189325,2.5190292046871035
turbo_lunar_lander_12d,12,ucb,constant,standard,188,164,30,0.34739230638248736,0.0,0.5309200567980353,0.09693229711340265,0.0,0.6177973546694909,0.0,1.8375781428928357,0.8838681063424544,0.7982418081570742,0.8411070313837434,0.0,0.0,851.0094869812175,0.8786678465083242,0.0025007432016233605,2.4804535483941437
turbo_lunar_lander_12d,12,ucb,constant,standard,189,165,30,0.35060456546671076,0.0,0.5462946172162777,0.09973929496433512,0.0,0.4562442233016806,0.0,1.8344547709819432,0.8827864229478858,0.796126152575198,0.839458165748313,0.0,0.0,855.4862741302544,0.8679942625264326,0.051508270855993035,2.5291396223474294
turbo_lunar_lander_12d,12,ucb,constant,standard,19,0,30,2.0804840658667922,2.12933069587867,0.3391846870726449,0.061926368090006165,1.870570543226884,2.277441225842643,1.1501422677106037,2.7184779824824505,0.9955179886383606,0.9663557325210144,0.9860669594507968,0.0,0.0,47.88430876401253,0.0,0.0013516169507056474,2.3526309489738195
turbo_lunar_lander_12d,12,ucb,constant,standard,190,166,30,0.3391087114420745,0.0,0.5306216089772088,0.096877808245501,0.0,0.5196745910461158,0.0,1.84746815343277,0.8827775956994014,0.7960942140670443,0.8394155476384086,0.0,0.0,859.9844328988033,0.9227510895580053,0.002659247831131021,2.4801297993399203
turbo_lunar_lander_12d,12,ucb,constant,standard,191,167,30,0.35289071477181433,0.0,0.5315898038426656,0.09705457563479146,0.0,0.5840842400604895,0.0,1.8673910191765049,0.8827761274302375,0.7960678472192971,0.8393721108099107,0.0,0.0,864.5184281684614,0.8879028440142671,0.0026790688280016184,2.5283430085517464
turbo_lunar_lander_12d,12,ucb,constant,standard,192,168,30,0.3332922097519157,0.0,0.5144130092001493,0.0939185363376781,0.0,0.5360536067959549,0.0,1.8405069970435661,0.8827745380460906,0.7960400974728774,0.839357585195033,0.0,0.0,869.0855118554085,0.8789389422629028,0.0027056180872023104,2.5168459789672246
turbo_lunar_lander_12d,12,ucb,constant,standard,193,169,30,0.32089730069046374,0.0,0.5209696673734296,0.09511561286546352,0.0,0.5002273041957597,0.0,1.871164817592766,0.8827695055402729,0.7960251578370451,0.839340741616758,0.0,0.0,873.7777193370431,0.8821139309555293,0.0025414867947498956,2.6149644609695923
turbo_lunar_lander_12d,12,ucb,constant,standard,194,170,30,0.34403043903528296,0.0,0.5443706953271022,0.09938803649180868,0.0,0.6257427471826821,0.0,1.892640985007575,0.8818672266617605,0.7939456712093853,0.8377868484696545,0.0,0.0,878.5549382475671,0.9320686240990956,0.05813521225936711,2.546458367910236
turbo_lunar_lander_12d,12,ucb,constant,standard,195,171,30,0.32355793379133196,0.0,0.5385809635273903,0.09833098092227292,0.0,0.5700199504746384,0.0,1.880001471162954,0.8818590239751091,0.7938971369206576,0.8377223535237843,0.0,0.0,883.047402808986,0.8741856270624946,0.0025739880123486123,2.459289931304132
turbo_lunar_lander_12d,12,ucb,constant,standard,196,172,30,0.32958855562034994,0.0,0.5341536047594024,0.09752265949980786,0.0,0.4534083885913456,0.0,1.879985517516505,0.8817871774044914,0.793859646046086,0.8376451272241314,0.0,0.0,887.7463119712969,0.8833360292793562,0.002600163702542583,2.6344079254660757
turbo_lunar_lander_12d,12,ucb,constant,standard,197,173,30,0.3357050799583108,0.0,0.5365066597134027,0.0979522665922596,0.0,0.5474488202277006,0.0,1.879985517516505,0.8817855350288414,0.7938294843827547,0.8376158539172017,0.0,0.0,892.337398377837,0.8806712513789534,0.0026458025133858126,2.5529172070945303
turbo_lunar_lander_12d,12,ucb,constant,standard,198,174,30,0.33905316606968083,0.0,0.5438192189533864,0.09928735114187023,0.0,0.6347256592316467,0.0,1.8801626778304694,0.8817803244723544,0.7938023868356231,0.8375820574769001,0.0,0.0,896.8813632131554,0.9105915420688688,0.0026264231652021407,2.5299066635159155
turbo_lunar_lander_12d,12,ucb,constant,standard,199,175,30,0.3377326221830211,0.0,0.5380543655689642,0.0982348377287509,0.0,0.4874754805132308,0.0,1.8737813666955272,0.881461660928341,0.7937197928752052,0.8373984690953009,0.0,0.0,901.7716292773373,0.9237152183738847,0.061157776368781926,2.516297184210271
turbo_lunar_lander_12d,12,ucb,constant,standard,2,0,30,2.885570233135184,2.8293080899717786,0.4982639284972421,0.09097013107636022,2.517399148613383,3.238257766184881,1.8437588878566724,3.9886089859838023,0.9996801932678034,0.9944561142072189,0.9987245304408059,0.0,0.0,3.1383158333289125,0.0,0.002311874118944009,1.8242103251473358
turbo_lunar_lander_12d,12,ucb,constant,standard,20,0,30,2.061611883645981,2.104385787790042,0.34075255035328955,0.06221261945197055,1.8126988241714181,2.2639419317645997,1.110178421976981,2.7188176888560056,0.9951943940238099,0.9650347806448117,0.9853139315771867,0.0,0.0,50.6078101129892,0.0,0.0013621232161919277,2.361125077912584
turbo_lunar_lander_12d,12,ucb,constant,standard,200,176,30,0.34499134638686973,0.0,0.5481539478115562,0.10007876073396631,0.0,0.5665322939100574,0.0,1.873852330556566,0.8814454722582894,0.7936943400588325,0.8373766136116315,0.0,0.0,906.2811193288304,0.8900377931383748,0.002567483748619755,2.5428553758809964
turbo_lunar_lander_12d,12,ucb,constant,standard,201,177,30,0.3225593633084631,0.0,0.5288885757504127,0.0965614011150936,0.0,0.41313863773159076,0.0,1.8693462715435956,0.881444801787047,0.7936760999746308,0.8373682686366197,0.0,0.0,910.921572029839,0.9203153800064077,0.002631019288673997,2.5102749414431553
turbo_lunar_lander_12d,12,ucb,constant,standard,202,178,30,0.31609127612683163,0.0,0.5173884272460209,0.09446177086492204,0.0,0.4658706348670981,0.0,1.8790417851887202,0.8814196135509234,0.7936537136462085,0.8373543855829341,0.0,0.0,915.5286712361034,0.9343868763186037,0.0026197145537783704,2.4595656220801176
turbo_lunar_lander_12d,12,ucb,constant,standard,203,179,30,0.32539362749933165,0.0,0.5240793242867805,0.09568335594464492,0.0,0.46960335633066297,0.0,1.8650248604739965,0.8814154233149467,0.7936392527427424,0.8373516065724576,0.0,0.0,920.2502500080503,0.8702652899548411,0.002847484949355324,2.540470505521322
turbo_lunar_lander_12d,12,ucb,constant,standard,204,180,30,0.33585264768447226,0.0,0.5306424224056447,0.09688160824025213,0.0,0.4917386029966403,0.0,1.8318236722135213,0.8795863269290957,0.7906529617534718,0.8348681520679809,0.0,0.0,924.9817842055268,0.9285052557165424,0.06181704856765767,2.5291268774308264
turbo_lunar_lander_12d,12,ucb,constant,standard,205,181,30,0.3393197375390031,0.0,0.5406577393352757,0.09871014657455955,0.0,0.5300971191748216,0.0,1.8318236722135213,0.8795769294718243,0.7906332853394678,0.8348529133625895,0.0,0.0,929.8129912060996,0.9209118856893231,0.0027952561620622875,2.5469820505163323
turbo_lunar_lander_12d,12,ucb,constant,standard,206,182,30,0.3472370182344374,0.0,0.539252461526116,0.09845357912268014,0.0,0.596430230709349,0.0,1.8300586706438344,0.8794955940306559,0.7905578606829828,0.834779136414551,0.0,0.0,934.5828089959299,0.8659375796094537,0.002750840224325657,2.6908254142695416
turbo_lunar_lander_12d,12,ucb,constant,standard,207,183,30,0.331110408610482,0.0,0.5447132447011976,0.09945057716489245,0.0,0.5886790893641355,0.0,1.8300586706438344,0.8794845374542307,0.7905370819937876,0.8347516457992215,0.0,0.0,939.3937415272463,0.9554287833316872,0.002812177687883377,2.5196897841834773
turbo_lunar_lander_12d,12,ucb,constant,standard,208,184,30,0.31386772103356025,0.0,0.5130822698948734,0.09367557769245864,0.0,0.5515934362993052,0.0,1.7879844032343635,0.8794836749935195,0.7905284736249023,0.8347457526600464,0.0,0.0,944.0525754619855,0.8923962289001792,0.002666199393570423,2.4897870920908947
turbo_lunar_lander_12d,12,ucb,constant,standard,209,185,30,0.3031918138065844,0.0,0.5107243555652585,0.09324508340346041,0.0,0.40201502564745056,0.0,1.843456426241812,0.879170582606196,0.7898028695553039,0.8342543432420744,0.0,0.0,948.9253695093871,0.9761244252789766,0.0667421051611503,2.5413466506948073
turbo_lunar_lander_12d,12,ucb,constant,standard,21,0,30,2.0103557832540613,2.1196253294823966,0.45621493106484673,0.0832930696049603,1.8201512959423876,2.2685593450080273,0.35543964366029956,2.6623164610743437,0.9950198861468054,0.9639788771103057,0.9847182647098223,0.0,0.0,53.42959542078897,0.0,0.0013556327515592177,2.412793737448131
turbo_lunar_lander_12d,12,ucb,constant,standard,210,186,30,0.3303719866422321,0.0,0.5243637152139408,0.09573527838663007,0.0,0.5382316188316874,0.0,1.7983297615380187,0.8791691694438499,0.7897832657316691,0.8342255507745969,0.0,0.0,953.7630114930216,0.9109133026873072,0.002952441324790319,2.4993929472131033
turbo_lunar_lander_12d,12,ucb,constant,standard,211,187,30,0.3240111968745264,0.0,0.5082513435970847,0.09279357525681071,0.0,0.5641460231099604,0.0,1.7958696212116658,0.8791240127833431,0.7897557367198955,0.8341638557754263,0.0,0.0,958.5949203552678,0.9198426711373031,0.002809507166966796,2.510633973342677
turbo_lunar_lander_12d,12,ucb,constant,standard,212,188,30,0.36043066843573823,0.0,0.5947384864541939,0.10858389494914757,0.0,0.5338732646163085,0.0,1.9889886719696297,0.8790302401586112,0.7897203502196855,0.8341236703054968,0.0,0.0,963.1969721016784,0.9623923346710702,0.0028392253443598747,2.4738519135241708
turbo_lunar_lander_12d,12,ucb,constant,standard,213,189,30,0.33130666517623536,0.0,0.5582009354392194,0.1019130813201818,0.0,0.513557206890177,0.0,1.872904752815646,0.879021838021271,0.7896765593797768,0.8340547052868811,0.0,0.0,967.6217478934831,0.8497604213654995,0.0028831842200209698,2.446054907205204
turbo_lunar_lander_12d,12,ucb,constant,standard,214,190,30,0.33181117705905877,0.0,0.5218856274691962,0.0952828435342055,0.0,0.6313782790871736,0.0,1.847042999540963,0.8883612882549301,0.799798409325858,0.8441360661133144,0.0,0.0,972.0849704795827,0.8468142315590134,0.0680096481461078,2.4898472424286107
turbo_lunar_lander_12d,12,ucb,constant,standard,215,191,30,0.32557655539723823,0.0,0.5206999723548829,0.09506637351702858,0.0,0.6006156532632807,0.0,1.8500565633057047,0.8883400935570871,0.7997710309752951,0.8441025671682713,0.0,0.0,976.7896602163247,0.8998616703009854,0.0028355443850159646,2.5702675168868154
turbo_lunar_lander_12d,12,ucb,constant,standard,216,192,30,0.33857529797324165,0.0,0.5268145822582632,0.0961827434418372,0.0,0.6130067179202052,0.0,1.8395789485148175,0.888335915007749,0.7997487251739174,0.844091225275065,0.0,0.0,981.2810266114151,0.8489102658815681,0.0027327962374935548,2.4368417039358365
turbo_lunar_lander_12d,12,ucb,constant,standard,217,193,30,0.3379420170436658,0.0,0.5357005251773567,0.09780508723566747,0.0,0.5608822924206691,0.0,1.83952717765453,0.8883290139782776,0.799719571209063,0.8440689310311406,0.0,0.0,985.6405585733397,0.8668330873983602,0.0028304158399502437,2.4011173695791515
turbo_lunar_lander_12d,12,ucb,constant,standard,218,194,30,0.31131052352494365,0.0,0.508622115799681,0.09286126868983001,0.0,0.5211014835893062,0.0,1.7923968174583593,0.8882318798932126,0.7996964582051818,0.8440482042638937,0.0,0.0,990.0671183703778,0.8069074758794159,0.00287055770556132,2.4175732254671556
turbo_lunar_lander_12d,12,ucb,constant,standard,219,195,30,0.3278611685963096,0.0,0.5267153206346896,0.0961646208317286,0.0,0.5462573494475046,0.0,1.7410337894421897,0.8869843595385026,0.797174791743097,0.8420983045810255,0.0,0.0,994.6690661483289,0.8701068843559673,0.06955762842359642,2.512370696089541
turbo_lunar_lander_12d,12,ucb,constant,standard,22,0,30,2.018812395918843,2.0954128147140247,0.4247300673108744,0.07754474623895116,1.8243497978773924,2.256515884138674,0.4386501698383287,2.6667800721842894,0.9947753131421503,0.9627320698773395,0.9839994741725716,0.0,0.0,56.394802718097345,0.0,0.0014490286664416393,2.595100800910344
turbo_lunar_lander_12d,12,ucb,constant,standard,220,196,30,0.3270562883428625,0.0,0.5249917740071754,0.09584994570946144,0.0,0.4936003098196508,0.0,1.7410337894421897,0.8869088954338273,0.7971445832250548,0.8420427748968599,0.0,0.0,999.3222680139045,0.8659636944687615,0.002961635294680794,2.5623245482643444
turbo_lunar_lander_12d,12,ucb,constant,standard,221,197,30,0.32112220161396704,0.0,0.5169196136838174,0.09437617761049431,0.0,0.4948698327341288,0.0,1.7879685504498077,0.8868978001259726,0.797122043661778,0.842035036170418,0.0,0.0,1004.1080195839672,0.9037329895266643,0.0030660079792141914,2.6199893343417595
turbo_lunar_lander_12d,12,ucb,constant,standard,222,198,30,0.3084257842173512,0.0,0.5178967394714942,0.09455457555563783,0.0,0.47593332214357575,0.0,1.7796101996443414,0.8868936293850005,0.7971110055225391,0.8420305934209338,0.0,0.0,1008.9046084350441,0.926221399086838,0.00301677412353456,2.4938811868739625
turbo_lunar_lander_12d,12,ucb,constant,standard,223,199,30,0.30827438375789457,0.0,0.5112221845677078,0.09333597412826766,0.0,0.6045567553559957,0.0,1.7796101996443414,0.8868813027291451,0.7970597916989445,0.8419389379066582,0.0,0.0,1013.4376953486197,0.8421683489345014,0.00301730097271502,2.5440798829620084
turbo_lunar_lander_12d,12,ucb,constant,standard,224,200,30,0.30940159083434454,0.0,0.5161840641823503,0.09424188525912257,0.0,0.47821887359262116,0.0,1.7977503020975882,0.884810173195423,0.7937374692545581,0.8391392850660216,0.0,0.0,1018.2696626521026,0.8987066255571942,0.07181160522935291,2.5535433905509612
turbo_lunar_lander_12d,12,ucb,constant,standard,225,201,30,0.3238926785462231,0.0,0.5268830493525787,0.09619524376583835,0.0,0.47952406110259027,0.0,1.8047284819845968,0.8848031218237039,0.7937119712664661,0.8391337566089018,0.0,0.0,1022.8998900718366,0.8269009310596933,0.003003135494266947,2.667845952976495
turbo_lunar_lander_12d,12,ucb,constant,standard,226,202,30,0.31364442609202603,0.0,0.5133786147263263,0.09372968260878758,0.0,0.49597816342740614,0.0,1.7631317835857463,0.8848000936111206,0.7936803497665731,0.8391166766500592,0.0,0.0,1027.463586305563,0.8949453660442184,0.0030442348836610717,2.6116461879884203
turbo_lunar_lander_12d,12,ucb,constant,standard,227,203,30,0.3235323177229532,0.0,0.5208359102957798,0.09509119227591192,0.0,0.5232893174864768,0.0,1.8007240916762437,0.8847945361016992,0.7936451856404906,0.8390700279109097,0.0,0.0,1032.1502006876592,0.9015342758347591,0.0031779706788559754,2.5493792292196304
turbo_lunar_lander_12d,12,ucb,constant,standard,228,204,30,0.31277955135061164,0.0,0.5095291158761822,0.09302686349034955,0.0,0.5602875310528168,0.0,1.7573122377448462,0.8847912875518781,0.7936118806354541,0.8390233131242233,0.0,0.0,1036.757183095968,0.8923893189989031,0.003036326946069797,2.483286166905115
turbo_lunar_lander_12d,12,ucb,constant,standard,229,205,30,0.3119421720424929,0.0,0.5115853080971563,0.09340227111101428,0.0,0.5233026859077705,0.0,1.810360486769632,0.8832638465160374,0.7912201293480552,0.8369554023624721,0.0,0.0,1041.4973413809978,0.8552110229463626,0.07678480612424513,2.5787824399148422
turbo_lunar_lander_12d,12,ucb,constant,standard,23,0,30,2.029291854648789,2.0924241953842992,0.4307785176434424,0.07864903713398352,1.8221556810613653,2.2998905622316252,0.4639975490151611,2.646881173905956,0.994474263862337,0.9616650611612246,0.9833508850634076,0.0,0.0,59.13087287914629,0.0,0.0013397278729826213,2.3503034569323065
turbo_lunar_lander_12d,12,ucb,constant,standard,230,206,30,0.31062290552068467,0.0,0.5165335787611606,0.09430569759878633,0.0,0.5207998043189693,0.0,1.8483086934198134,0.8832595159554881,0.791198007014789,0.8368932552867606,0.0,0.0,1046.3509068741464,0.8580747446510941,0.0031563549302518366,2.605628758373981
turbo_lunar_lander_12d,12,ucb,constant,standard,231,207,30,0.3144547880768237,0.0,0.5122262445593986,0.09351928956378015,0.0,0.5589828481363962,0.0,1.7653276958090178,0.8832574636215338,0.791179233761742,0.8368721286164966,0.0,0.0,1050.8438301295973,0.8889819231815637,0.0030199762899428607,2.4387078484209876
turbo_lunar_lander_12d,12,ucb,constant,standard,232,208,30,0.32300561179950604,0.0,0.5206512909196405,0.09505748554362392,0.0,0.5419557178118588,0.0,1.7655859574554569,0.883230126319935,0.7911533209697278,0.8368573244473012,0.0,0.0,1055.3661291119643,0.8744105930129688,0.003054512587065498,2.471314705644424
turbo_lunar_lander_12d,12,ucb,constant,standard,233,209,30,0.3135460105743313,0.0,0.5158381960328452,0.0941787386633204,0.0,0.5473478103380103,0.0,1.7947311574621068,0.8832275740376084,0.7911239607731585,0.836817259690122,0.0,0.0,1059.8914210359567,0.8232203245628625,0.003176930857201417,2.4353719322010874
turbo_lunar_lander_12d,12,ucb,constant,standard,234,210,30,0.32142763226347243,0.0,0.5236682597548796,0.09560830617240744,0.0,0.4990945748847229,0.0,1.7456433408283447,0.8816526027972161,0.7885912324344294,0.8347048260649192,0.0,0.0,1064.464224561397,0.8015077289969971,0.0711816572273771,2.435164962336421
turbo_lunar_lander_12d,12,ucb,constant,standard,235,211,30,0.318297211025946,0.0,0.5288378349997102,0.09655213716384543,0.0,0.4610029377935462,0.0,1.7540846881353929,0.8816427348376125,0.7885720928387612,0.8346817445044141,0.0,0.0,1068.8974609827312,0.8045034968138983,0.0031802458688616753,2.3981490494062503
turbo_lunar_lander_12d,12,ucb,constant,standard,236,212,30,0.33935247935198615,0.0,0.5382401373382029,0.09826875485827077,0.0,0.5263549328599675,0.0,1.7551208724014633,0.881619002603689,0.7885509070703143,0.8346605897813902,0.0,0.0,1073.4355718613601,0.8402212257962673,0.0031076709584643442,2.4138285913970323
turbo_lunar_lander_12d,12,ucb,constant,standard,237,213,30,0.317827451589232,0.0,0.5191023527348343,0.0947746894156241,0.0,0.5761718071132214,0.0,1.755657417188863,0.8816091206773009,0.788539822569911,0.8346561861266434,0.0,0.0,1077.9672125160694,0.8700729961662242,0.00320566746716698,2.4927358337522794
turbo_lunar_lander_12d,12,ucb,constant,standard,238,214,30,0.3368630620063639,0.0,0.5336433912944736,0.09742950769184638,0.0,0.5688146244240244,0.0,1.748898517925939,0.8816036019804948,0.7885209898992359,0.8346438398866638,0.0,0.0,1082.6812096117997,0.8397963779668013,0.0031320156529545786,2.484130992103989
turbo_lunar_lander_12d,12,ucb,constant,standard,239,215,30,0.3148962075334165,0.0,0.5119285124188131,0.09346493136061583,0.0,0.4700341377543158,0.0,1.7433973953241375,0.8802224405501543,0.7869969676485958,0.8330303443906998,0.0,0.0,1087.4296617421012,0.8522342417854816,0.07865763741234938,2.5156174177769572
turbo_lunar_lander_12d,12,ucb,constant,standard,24,0,30,1.9789134699739348,1.8978690382657675,0.6695397847580342,0.12224068108637631,1.7052837871157773,2.3542641825037984,0.0,3.869210107643327,0.7245680538849998,0.5573613631664515,0.6330507827136042,0.0,0.0,61.598108021045725,0.0,0.011643451824784278,2.078981876124938
turbo_lunar_lander_12d,12,ucb,constant,standard,240,216,30,0.3045631710484897,0.0,0.5024972306924843,0.09174302277805031,0.0,0.49236958671289965,0.0,1.7479094784418738,0.8802194682503618,0.7869559780425099,0.8329675494643454,0.0,0.0,1091.9936035401033,0.8150456151459367,0.00304555317076544,2.426235342522462
turbo_lunar_lander_12d,12,ucb,constant,standard,241,217,30,0.31009122496092983,0.0,0.5102760175319149,0.09316322845204379,0.0,0.4826486963609855,0.0,1.7561632944414263,0.880025030944532,0.7869155682588566,0.8329322739387143,0.0,0.0,1096.5034118004764,0.84394127917476,0.003236397836978237,2.5052421192638574
turbo_lunar_lander_12d,12,ucb,constant,standard,242,218,30,0.3192818087032363,0.0,0.5096209509169319,0.09304363019814556,0.0,0.4604792379340556,0.0,1.7543258406096753,0.8797673827336346,0.7868729053983833,0.8328830613213375,0.0,0.0,1101.1931433651441,0.8815130742421995,0.0032569068173567456,2.601491459350412
turbo_lunar_lander_12d,12,ucb,constant,standard,243,219,30,0.3222086631290367,0.0,0.5227698094013927,0.09544427233060634,0.0,0.4500100220740247,0.0,1.7667792026186901,0.8797552215515794,0.7868446845220723,0.8328298911916444,0.0,0.0,1105.8490503783958,0.8655819032651683,0.0033263761239747205,2.547640629004066
turbo_lunar_lander_12d,12,ucb,constant,standard,244,220,30,0.3021307525165337,0.0,0.5073548088588948,0.09262989115691286,0.0,0.4977467069518388,0.0,1.7249419662280676,0.8778411868109187,0.7846096412528634,0.8304674088932422,0.0,0.0,1110.4074544006803,0.9230882505731036,0.07827469999901951,2.4994333980760226
turbo_lunar_lander_12d,12,ucb,constant,standard,245,221,30,0.33306951106699473,0.0,0.5304323664880527,0.09684325745211793,0.0,0.530345788983246,0.0,1.7820377784167736,0.8778395209525346,0.7846012940361979,0.8304667814144006,0.0,0.0,1115.0929978688869,0.9086754015491655,0.003297235273445646,2.5086220057215542
turbo_lunar_lander_12d,12,ucb,constant,standard,246,222,30,0.34046324018319374,0.0,0.5242666544093942,0.0957175575892635,0.0,0.6727261564604069,0.0,1.7436168288081957,0.8778373214822622,0.7845802419516884,0.8304487835449471,0.0,0.0,1119.6286948014827,0.8924173423709969,0.003229335400586327,2.474508944293484
turbo_lunar_lander_12d,12,ucb,constant,standard,247,223,30,0.34692357082267594,0.0,0.5293869897881093,0.09665239865223482,0.0,0.6895142782708674,0.0,1.7436647004641193,0.8778352877272257,0.7845663400963443,0.8304360848976702,0.0,0.0,1124.199075720754,0.8455665294546634,0.00331931432398657,2.550077106896788
turbo_lunar_lander_12d,12,ucb,constant,standard,248,224,30,0.33668979874236965,0.0,0.5306631231313219,0.09688538765838883,0.0,0.5458085783961197,0.0,1.7871826887146673,0.8778337907296275,0.7845565590365765,0.8304281997803205,0.0,0.0,1128.831737764071,0.8818141804387172,0.0033534732492019733,2.5375394015262525
turbo_lunar_lander_12d,12,ucb,constant,standard,249,225,30,0.32594440589312507,0.0,0.5181701947291154,0.09460450142666034,0.0,0.4923376388394431,0.0,1.7830558061116466,0.8762449036471803,0.7820760952102515,0.8283364201603799,0.0,0.0,1133.3150784830873,0.8841606836145123,0.07818750841543079,2.4119890787638725
turbo_lunar_lander_12d,12,ucb,constant,standard,25,1,30,2.0387241244081062,1.9603242863259651,0.850631894592687,0.15530342560059046,1.7039524056769948,2.6324482435082643,0.0,3.7554151820816544,0.7222715545962676,0.5557286846292815,0.6313236691580549,0.0,0.0,66.30890778372995,1.1592192324033628,0.001445285975933075,2.097352292605986
turbo_lunar_lander_12d,12,ucb,constant,standard,250,226,30,0.34019243150138817,0.0,0.5353422747919583,0.09773967996322827,0.0,0.5907992868090695,0.0,1.7258333650423292,0.876243547864506,0.7820577919521071,0.8283327470594405,0.0,0.0,1137.944136565132,0.8799163609432678,0.003376922414948543,2.5647697689322135
turbo_lunar_lander_12d,12,ucb,constant,standard,251,227,30,0.32018973326723704,0.0,0.5146358621001123,0.09395922352444983,0.0,0.5368980118546038,0.0,1.7388830421794457,0.8762399373106844,0.7820449734578616,0.8283224811348096,0.0,0.0,1142.54267496656,0.8927413383343568,0.003333918346712987,2.4538982959619413
turbo_lunar_lander_12d,12,ucb,constant,standard,252,228,30,0.3191086147244845,0.0,0.5267084766765991,0.09616337130165234,0.0,0.5820475915132464,0.0,1.7206441816411722,0.8761476006456744,0.7820239760687321,0.8282946876455863,0.0,0.0,1147.1354896071211,0.8356439015362411,0.003380503412336111,2.490931619362285
turbo_lunar_lander_12d,12,ucb,constant,standard,253,229,30,0.31293541564522975,0.0,0.5384937936951278,0.09831506596111823,0.0,0.4625704604065507,0.0,1.7837368599346026,0.8761465041653242,0.7820098539943977,0.8282919193745539,0.0,0.0,1151.9059248732249,0.870522646807755,0.003386270720511675,2.4941786439468463
turbo_lunar_lander_12d,12,ucb,constant,standard,254,230,30,0.31719571346194164,0.0,0.5233574235423072,0.09555155550396897,0.0,0.5238336787328561,0.0,1.8092536414470581,0.874628160602181,0.7796437732967963,0.8263062547598832,0.0,0.0,1156.569856602264,0.8686784579263379,0.08793766122932235,2.444625889354696
turbo_lunar_lander_12d,12,ucb,constant,standard,255,231,30,0.3332379213058766,0.0,0.5359534741659946,0.09785126919132585,0.0,0.5757677448065754,0.0,1.7928145233473867,0.8746263847563508,0.7796056648844071,0.8262849500277585,0.0,0.0,1160.9979283863524,0.8653604641401519,0.0032234047694752613,2.431725651724264
turbo_lunar_lander_12d,12,ucb,constant,standard,256,232,30,0.3197661557147259,0.0,0.5348085977187148,0.09764224430608201,0.0,0.4657987054922182,0.0,1.7212061409914605,0.8746244146059557,0.779590110939296,0.8262785729094569,0.0,0.0,1165.5331641519288,0.8852851685602218,0.00386105184443295,2.4261978479723134
turbo_lunar_lander_12d,12,ucb,constant,standard,257,233,30,0.32642036650640716,0.0,0.5240699794794971,0.09568164982406335,0.0,0.5508262004825184,0.0,1.7262075952695497,0.8746204540770987,0.7795520429178158,0.8262587729213008,0.0,0.0,1169.8995437084543,0.8215734507422894,0.0032770881429314614,2.4608026578401527
turbo_lunar_lander_12d,12,ucb,constant,standard,258,234,30,0.3426574999379257,0.0,0.5385690871157893,0.09832881259609424,0.0,0.5819005114092756,0.0,1.6320244921253166,0.8746183652130878,0.7795237286562163,0.8262304183400865,0.0,0.0,1174.435661395903,0.851057877826194,0.0034073333721607924,2.4892420724655193
turbo_lunar_lander_12d,12,ucb,constant,standard,259,235,30,0.30288095794377606,0.0,0.524600148148851,0.09577844493722591,0.0,0.294974573599235,0.0,1.6105535130317619,0.8733506365099049,0.7768030746999526,0.8242710705219787,0.0,0.0,1178.9036969566253,0.8301951111139109,0.08747277450747788,2.3687419028176615
turbo_lunar_lander_12d,12,ucb,constant,standard,26,2,30,1.8767238319912294,1.8835288033602706,0.6180538426624687,0.11284067712632763,1.5718722118570811,2.395845679462053,0.04043869825155011,2.6685424060665115,0.7205818812626062,0.5541341986131599,0.629374043485705,0.0,0.0,70.91520593731353,1.480301497426505,0.0014197978811959426,2.0168302468334636
turbo_lunar_lander_12d,12,ucb,constant,standard,260,236,30,0.3209221481839046,0.0,0.5159689439767453,0.09420260986272758,0.0,0.4209674445938129,0.0,1.685097648634847,0.8733468618784459,0.7767741630380713,0.8242467099366616,0.0,0.0,1183.4548942580818,0.8395542922429741,0.0034143624051163595,2.4382840778833876
turbo_lunar_lander_12d,12,ucb,constant,standard,261,237,30,0.3266049920634297,0.0,0.5307870924629137,0.09690802125817272,0.0,0.4937150558806518,0.0,1.6971653414402117,0.8733452770808635,0.7767631572673988,0.8242320524293862,0.0,0.0,1187.9573945596503,0.8718025715555996,0.0033904850017279385,2.4010388124423723
turbo_lunar_lander_12d,12,ucb,constant,standard,262,238,30,0.33158247190021944,0.0,0.5218625676013982,0.09527863339761682,0.0,0.5835893140583279,0.0,1.6433310203769689,0.8733427469613882,0.7767508108348604,0.8242283249309145,0.0,0.0,1192.4593509619124,0.8876801119341204,0.003479566875224312,2.475942444133883
turbo_lunar_lander_12d,12,ucb,constant,standard,263,239,30,0.35008423435485003,0.0,0.5335137643225678,0.09740584115298843,0.0,0.5975600819745637,0.0,1.6570916676018175,0.873325661218868,0.776708341115308,0.8241289594529823,0.0,0.0,1196.8890451516645,0.8246392500276367,0.0034832969152679047,2.4946683172291766
turbo_lunar_lander_12d,12,ucb,constant,standard,264,240,30,0.31546028968405637,0.0,0.5243215383257355,0.09572757797560494,0.0,0.4670827474171641,0.0,1.6890063057617108,0.871744799922471,0.7740530873746735,0.8219514461484334,0.0,0.0,1201.6886955466587,0.8674763053345184,0.09405111825714509,2.538474464183673
turbo_lunar_lander_12d,12,ucb,constant,standard,265,241,30,0.31939631195444973,0.0,0.5098732723759687,0.09308969758309792,0.0,0.5333612734854624,0.0,1.6287013389113958,0.8717437414955479,0.7740414279334223,0.8219466379125628,0.0,0.0,1206.438991768441,0.9235741660774995,0.003520548436790705,2.537395985843614
turbo_lunar_lander_12d,12,ucb,constant,standard,266,242,30,0.329979848334479,0.0,0.518398226270171,0.09464613409961327,0.0,0.6059411844220569,0.0,1.673284882281855,0.8717360319527095,0.7740268158895108,0.8219377654281652,0.0,0.0,1211.187341945277,0.8950505483429879,0.003533190581947565,2.560122767696157
turbo_lunar_lander_12d,12,ucb,constant,standard,267,243,30,0.3349494541089075,0.0,0.5216705421829922,0.09524357451319172,0.0,0.6066938777446038,0.0,1.6939215941648484,0.8717319582887396,0.7739940350418724,0.8219071187670544,0.0,0.0,1215.792230110538,0.8994700541875015,0.003483445600916942,2.5057108806290973
turbo_lunar_lander_12d,12,ucb,constant,standard,268,244,30,0.3204722428651646,0.0,0.5244994850561788,0.09576006645503764,0.0,0.5245015453728104,0.0,1.6761382167722934,0.8717315545719214,0.7739834458412841,0.8218980891003418,0.0,0.0,1220.331924465128,0.8728493614277492,0.00360733672666053,2.483656546706334
turbo_lunar_lander_12d,12,ucb,constant,standard,269,245,30,0.31417202838208524,0.0,0.514597870410682,0.09395228722268359,0.0,0.4656192142880275,0.0,1.6721888882779994,0.8697814036167774,0.7711090441586417,0.8193899246729495,0.0,0.0,1225.0551177060386,0.8796731789130717,0.09971723890242477,2.5083584925935916
turbo_lunar_lander_12d,12,ucb,constant,standard,27,3,30,1.8833023013342987,1.9372251163625804,0.6993058752176267,0.127675200817529,1.6786273403341962,2.3576131669373117,0.0,2.888029304206209,0.7187767680657663,0.5525690473850522,0.6274520249583494,0.0,0.0,75.2833778388643,1.4154537744354456,0.0014275976767142613,1.8566303925743948
turbo_lunar_lander_12d,12,ucb,constant,standard,270,246,30,0.324043225310883,0.0,0.5184581244865132,0.09465706996769493,0.0,0.5438268678289238,0.0,1.618030172186402,0.8697579380426845,0.7710830033422018,0.8193645101528212,0.0,0.0,1229.7398150698748,0.9503926204362263,0.0036002231606592733,2.553462653467432
turbo_lunar_lander_12d,12,ucb,constant,standard,271,247,30,0.3327454851880091,0.0,0.546050628741336,0.09969474896716951,0.0,0.5356722698556916,0.0,1.7624519680375244,0.8697568688255511,0.7710672897457508,0.819353765691455,0.0,0.0,1234.4107458615365,0.8864586513179044,0.003871489595621824,2.5607877808933455
turbo_lunar_lander_12d,12,ucb,constant,standard,272,248,30,0.3221485228402528,0.0,0.5394258314356853,0.09848523199276807,0.0,0.44928277687680235,0.0,1.8151536875423997,0.8697535167817291,0.771061895912198,0.8193479223406567,0.0,0.0,1239.2425296913366,0.9390558031853289,0.0037910152381906907,2.537723435026904
turbo_lunar_lander_12d,12,ucb,constant,standard,273,249,30,0.3327925071347119,0.0,0.5288392486568962,0.09655239526115524,0.0,0.6181844125488078,0.0,1.6938033345232242,0.869731616709563,0.7710412252375566,0.8193339382890624,0.0,0.0,1243.9543746244628,0.9598891349354138,0.00374061882806321,2.5688229294493796
turbo_lunar_lander_12d,12,ucb,constant,standard,274,250,30,0.329896275153486,0.0,0.5312358962262729,0.09698996123986774,0.0,0.5814425580603055,0.0,1.6123359168715599,0.8683864814358562,0.7687119166473635,0.817418447401708,0.0,0.0,1248.4859902763274,0.9087076535603652,0.09987076053706308,2.4178874313210446
turbo_lunar_lander_12d,12,ucb,constant,standard,275,251,30,0.3102024340896358,0.0,0.5304330998400871,0.09684339134326854,0.0,0.45938573651584536,0.0,1.671635634854894,0.8683855520772226,0.768694504342151,0.8174132403471749,0.0,0.0,1253.194410161969,0.9236010004921505,0.0039152175343285,2.5433635832586634
turbo_lunar_lander_12d,12,ucb,constant,standard,276,252,30,0.31163487652978356,0.0,0.533160143956315,0.09734127920252512,0.0,0.4462749076683295,0.0,1.6979001389093495,0.8683832945345401,0.7686835369150375,0.8173994269570554,0.0,0.0,1257.8256968159228,0.8788656899239868,0.00361445772772034,2.4606717445732404
turbo_lunar_lander_12d,12,ucb,constant,standard,277,253,30,0.3123026738406048,0.0,0.5342517273425498,0.09754057415053802,0.0,0.405097895029606,0.0,1.6951823685032432,0.8683825871808734,0.768675169449297,0.8173978681151844,0.0,0.0,1262.2955857943898,0.8145990209809194,0.003559924491370718,2.3789021260881174
turbo_lunar_lander_12d,12,ucb,constant,standard,278,254,30,0.3050571189165972,0.0,0.5289474771986845,0.09657215499905634,0.0,0.3788042883629698,0.0,1.680438325155779,0.8683813630116918,0.7686604449141439,0.8173638331565394,0.0,0.0,1266.7835898893575,0.8616355235067507,0.0036215243395417928,2.472357081792628
turbo_lunar_lander_12d,12,ucb,constant,standard,279,255,30,0.29796773198563714,0.0,0.5012121154314411,0.09150839390556115,0.0,0.49210444937995634,0.0,1.6658798267973869,0.8684842427697576,0.7689455322725386,0.8176397475931122,0.0,0.0,1271.3496174890859,0.8865253797421853,0.10126200846085946,2.386181108063708
turbo_lunar_lander_12d,12,ucb,constant,standard,28,4,30,1.8641154979566366,1.9238117471293488,0.5642269496367588,0.10301327595612803,1.6399063227373847,2.195779942532962,0.0,2.7757741246173104,0.7174697376849222,0.5510110705236826,0.6254655293575164,0.0,0.0,79.75875616438377,1.515641246844704,0.0014485382785399755,2.08610003014716
turbo_lunar_lander_12d,12,ucb,constant,standard,280,256,30,0.3076753214225029,0.0,0.5162212080526684,0.09424866677100466,0.0,0.5006420416244614,0.0,1.67866529142336,0.8684824250908013,0.7689325991299337,0.8176373030515042,0.0,0.0,1275.7731340004907,0.8657242707442492,0.003584303054958582,2.325586831321319
turbo_lunar_lander_12d,12,ucb,constant,standard,281,257,30,0.29585267200948745,0.0,0.5114026978594853,0.09336893119554635,0.0,0.421406394552563,0.0,1.6689942160440403,0.8684808675767989,0.7688955744097886,0.8176091261116655,0.0,0.0,1280.1634414442349,0.8360130270166943,0.0036843509413301946,2.420053941492612
turbo_lunar_lander_12d,12,ucb,constant,standard,282,258,30,0.28706713088893204,0.0,0.5047216464095499,0.09214914366655226,0.0,0.3507980785949302,0.0,1.6690824076807733,0.8684388242130697,0.7688605778558419,0.8175561835474886,0.0,0.0,1284.5481102323624,0.8380574717341612,0.0037426973382631936,2.425934545819958
turbo_lunar_lander_12d,12,ucb,constant,standard,283,259,30,0.2971518484327476,0.0,0.5008240356648177,0.09143754055813083,0.0,0.47243152328142757,0.0,1.7120752496200033,0.8684347258709011,0.768844471937505,0.8175329496574811,0.0,0.0,1289.0048353057043,0.8809304062121858,0.003655713253344099,2.404904411531364
turbo_lunar_lander_12d,12,ucb,constant,standard,284,260,30,0.29413950613978473,0.0,0.4869895320374187,0.08891171732192633,0.0,0.4686181665354557,0.0,1.7113639995685819,0.866834432265995,0.7662955089759774,0.8153648457209641,0.0,0.0,1293.6626062616085,0.8964419187357028,0.10462324453207354,2.4702643449728687
turbo_lunar_lander_12d,12,ucb,constant,standard,285,261,30,0.28523122939435896,0.0,0.48841351342490735,0.08917169956439135,0.0,0.4411601765323479,0.0,1.6318567552113894,0.866834089292727,0.7662910792927087,0.8153631751677485,0.0,0.0,1298.2136337452257,0.939155815821141,0.003759703350563844,2.3984817455212277
turbo_lunar_lander_12d,12,ucb,constant,standard,286,262,30,0.2809366215289249,0.0,0.49970597379596277,0.09123341132271141,0.0,0.30214542225516267,0.0,1.6684083206883829,0.8668283821650246,0.766280259929479,0.8153585477896425,0.0,0.0,1302.773870615925,0.880846658643956,0.0038562903801600138,2.4731821726697185
turbo_lunar_lander_12d,12,ucb,constant,standard,287,263,30,0.29647560097835135,0.0,0.5057762685886417,0.09234169045226354,0.0,0.3422416364043996,0.0,1.6549322802824311,0.866826516145547,0.7662699979597011,0.8153575247987128,0.0,0.0,1307.4018488385093,0.864698518300429,0.00380360276127855,2.51321266835245
turbo_lunar_lander_12d,12,ucb,constant,standard,288,264,30,0.3109136440610826,0.0,0.508111046143988,0.09276796056353687,0.0,0.5398372518204235,0.0,1.6824512301006838,0.8668012128127581,0.7662552601147808,0.8153394050532439,0.0,0.0,1312.0364647352137,0.8611596969732394,0.0038130284131815038,2.5045951689903934
turbo_lunar_lander_12d,12,ucb,constant,standard,289,265,30,0.30159993692855225,0.0,0.5129049230957654,0.09364319874500106,0.0,0.468121990798142,0.0,1.7169603009452186,0.8651634487796568,0.7637110243678481,0.8131369255234238,0.0,0.0,1316.827553487414,0.9330326578890283,0.10627409013298651,2.460817041123907
turbo_lunar_lander_12d,12,ucb,constant,standard,29,5,30,1.7709468446318122,1.7990507322881584,0.6262439214125849,0.11433597408605509,1.656600801103312,2.1709813665863917,0.0,2.729009188026345,0.8047688579966088,0.6600400409820729,0.7279481695776231,0.0,0.0,84.24262261015052,1.4117273926269263,0.01015972476452589,2.0280769328586756
turbo_lunar_lander_12d,12,ucb,constant,standard,290,266,30,0.351311702331772,0.0,0.5427105790615322,0.09908494211623069,0.0,0.5637658204189533,0.0,1.6464672276518768,0.8651599438663915,0.763704771701854,0.8131350097599459,0.0,0.0,1321.5284325658808,0.8935214537040641,0.003945745574310422,2.569161997285361
turbo_lunar_lander_12d,12,ucb,constant,standard,291,267,30,0.2773313656154469,0.0,0.4856495968113098,0.08866707973894779,0.0,0.3633901059379097,0.0,1.6251273549007266,0.8651254294001417,0.7636838696490861,0.8131052312308379,0.0,0.0,1326.2481832854915,0.883491653483361,0.003909311008950075,2.470806599113469
turbo_lunar_lander_12d,12,ucb,constant,standard,292,268,30,0.3000003857885945,0.0,0.4961904962074716,0.09059157586417126,0.0,0.535524686558741,0.0,1.6210372700536737,0.8651239767150659,0.7636694504565719,0.8131033830246384,0.0,0.0,1330.8537834866904,0.8799035816453398,0.0038272007213284573,2.402816115350773
turbo_lunar_lander_12d,12,ucb,constant,standard,293,269,30,0.27807398756779994,0.0,0.48356050335155193,0.08828566520139916,0.0,0.3596391518902641,0.0,1.7074344750674937,0.8651235864498528,0.7636614659515281,0.813102344656247,0.0,0.0,1335.4373805964985,0.905341646556432,0.0038272847731908163,2.4431783539708705
turbo_lunar_lander_12d,12,ucb,constant,standard,294,270,30,0.2831353557371325,0.0,0.48980533391593906,0.08942581005737,0.0,0.4321091887773253,0.0,1.599656328751362,0.8651568139993453,0.764211922281726,0.8132980021458106,0.0,0.0,1340.1105570960324,0.8376471272824954,0.11648200424388051,2.534795473453899
turbo_lunar_lander_12d,12,ucb,constant,standard,295,271,30,0.2744763902971963,0.0,0.48271131970363085,0.08813062618825553,0.0,0.361493364065678,0.0,1.6029930701822135,0.865153579318089,0.7641851007710528,0.813279753390854,0.0,0.0,1344.7193503836636,0.8350369171549876,0.004043846034134427,2.474580652763446
turbo_lunar_lander_12d,12,ucb,constant,standard,296,272,30,0.295749440297399,0.0,0.5110504531135617,0.09330462039784466,0.0,0.3203035368448605,0.0,1.6534646113872813,0.8650544827356498,0.7641665978655217,0.8132572996168189,0.0,0.0,1349.300651985438,0.8861785855920364,0.004105892637744546,2.4951935700761774
turbo_lunar_lander_12d,12,ucb,constant,standard,297,273,30,0.31814307067833586,0.0,0.5260889748476218,0.09605026625960349,0.0,0.5587343597892244,0.0,1.7992461464043779,0.865054079521212,0.7641602047561,0.8132428876610492,0.0,0.0,1353.9709019040379,0.8851592724521955,0.004037722914169232,2.479818278721844
turbo_lunar_lander_12d,12,ucb,constant,standard,298,274,30,0.32021414876727367,0.0,0.5266807395520252,0.09615830721871585,0.0,0.5551859481323795,0.0,1.7887051062551018,0.8650527721607072,0.7641487555001069,0.8132351762853387,0.0,0.0,1358.51137961188,0.9098294349232068,0.00398652944713831,2.4313531110528857
turbo_lunar_lander_12d,12,ucb,constant,standard,299,275,30,0.29789180196558845,0.0,0.49489231957041185,0.09035456232158998,0.0,0.45576600164810716,0.0,1.762876696954856,0.8655772588183495,0.7652441082337131,0.8140194488073818,0.0,0.0,1363.3458858507374,0.8953138169987748,0.13945745575862625,2.4961415929254143
turbo_lunar_lander_12d,12,ucb,constant,standard,3,0,30,2.683683525413747,2.7044645277229673,0.4563391405767613,0.08331574705547107,2.3869223533663404,2.9571486715857542,1.810462903821802,3.5922050422052374,0.9994823997095069,0.9919775531518832,0.9979881802333577,0.0,0.0,5.535149981764456,0.0,0.001480739563703537,1.950726338600119
turbo_lunar_lander_12d,12,ucb,constant,standard,30,6,30,1.7389526760433853,1.8392654325734417,0.6811108077882035,0.12435325119538815,1.6223315118368133,2.1733732379555653,0.0,2.6637288926868985,0.8036770218209884,0.6590774707813263,0.7268503707680979,0.0,0.0,88.847968572968,1.5151416721443336,0.001449624899153908,2.0261027502672126
turbo_lunar_lander_12d,12,ucb,constant,standard,300,276,30,0.30331710885127483,0.0,0.5092681102427248,0.0929792105993227,0.0,0.3927829261324517,0.0,1.7608327607413996,0.8655749060128735,0.7652259870929299,0.8139975722578057,0.0,0.0,1368.12110076244,0.9600615846148381,0.004277466190978884,2.531506467129414
turbo_lunar_lander_12d,12,ucb,constant,standard,301,277,30,0.29820133954763073,0.0,0.5255372696544907,0.09594953913314658,0.0,0.42618580825657565,0.0,1.7707083542577098,0.8655291627538927,0.765190106262247,0.8139480859597552,0.0,0.0,1372.6759871575362,0.90200105602853,0.00431442914220194,2.5074135282076897
turbo_lunar_lander_12d,12,ucb,constant,standard,302,278,30,0.30629612409823986,0.0,0.5214029909168609,0.09519472655860865,0.0,0.42271976983861387,0.0,1.7499555165746115,0.8655251376207153,0.7651697552217445,0.8139316133107689,0.0,0.0,1377.3236916181165,0.9603877572808415,0.004121108073741197,2.4383080737044414
turbo_lunar_lander_12d,12,ucb,constant,standard,303,279,30,0.32244600724526334,0.0,0.5319803888892951,0.09712588638167918,0.0,0.5466864669166107,0.0,1.7513571644151704,0.8655213931179729,0.7651606891055712,0.8139272759404437,0.0,0.0,1381.7448000151974,0.8303878554143012,0.004067708862324556,2.3841937909057984
turbo_lunar_lander_12d,12,ucb,constant,standard,304,280,30,0.3044664590223168,0.0,0.5191395137255868,0.09478147405325556,0.0,0.4254625101966401,0.0,1.7895473580395884,0.8638594506186029,0.762777336756874,0.8118004924253494,0.0,0.0,1386.3213392124355,0.8501244591549039,0.1261721005818496,2.429769651234771
turbo_lunar_lander_12d,12,ucb,constant,standard,305,281,30,0.29807704756586584,0.0,0.5216455406871985,0.09523900988545252,0.0,0.3940022867379388,0.0,1.7565657568244115,0.8638534138784134,0.762765877416284,0.8117951889891531,0.0,0.0,1390.8243516500418,0.8917842059706648,0.004032352706417441,2.4078811821372557
turbo_lunar_lander_12d,12,ucb,constant,standard,306,282,30,0.31044621233651765,0.0,0.5231721406714734,0.09551772763467732,0.0,0.4110253328813667,0.0,1.7844684628979262,0.8638518742508727,0.7627585762883841,0.8117935459762401,0.0,0.0,1395.4468986664745,0.9415883667146167,0.00422655822088321,2.4745465982705355
turbo_lunar_lander_12d,12,ucb,constant,standard,307,283,30,0.2740187438728969,0.0,0.5022505759082605,0.09169798998163833,0.0,0.27624722254640666,0.0,1.7761903456475803,0.8636650141235396,0.7627037954475581,0.8117140719197329,0.0,0.0,1399.8100073952073,0.8964377050598462,0.004121900862082839,2.3809370724484324
turbo_lunar_lander_12d,12,ucb,constant,standard,308,284,30,0.281879631922369,0.0,0.5006039973893244,0.09139736724913008,0.0,0.37690032277885205,0.0,1.7761903456475803,0.8636645946348562,0.762685792798811,0.8117048982243168,0.0,0.0,1404.2681241551725,0.882692908293878,0.0040904627336810035,2.4217967403897394
turbo_lunar_lander_12d,12,ucb,constant,standard,309,285,30,0.2902914319185182,0.0,0.5005416830491248,0.0913859902592023,0.0,0.4078768387096813,0.0,1.710416130003982,0.8613569897036856,0.7579647912987456,0.8082166624390995,0.0,0.0,1408.8411838521715,0.9014581756976744,0.13529940573498606,2.3910866245627402
turbo_lunar_lander_12d,12,ucb,constant,standard,31,7,30,1.7441459298631534,1.8476362343440615,0.6375065169355705,0.11639223329405372,1.5857610571479923,2.054079579239543,0.0,2.858601562187701,0.8025395575803582,0.658241400093003,0.7259436540896576,0.0,0.0,93.23022995266753,1.6348985819456479,0.0014000259339809417,2.096690946941574
turbo_lunar_lander_12d,12,ucb,constant,standard,310,286,30,0.3002158352638443,0.0,0.5073121826813604,0.09262210871725425,0.0,0.5449492156334756,0.0,1.7340704884958225,0.8613567856634224,0.7579475498186451,0.808187134861951,0.0,0.0,1413.273751012003,0.8224742474034429,0.004250965329507987,2.4490512812199694
turbo_lunar_lander_12d,12,ucb,constant,standard,311,287,30,0.3057369790333692,0.0,0.5124879802434501,0.09356707574319985,0.0,0.5016739016131775,0.0,1.7399689085107777,0.8613555030997123,0.7579375232902529,0.8081775420487189,0.0,0.0,1417.8278614098672,0.9072746077862879,0.004333301447331905,2.412580071405197
turbo_lunar_lander_12d,12,ucb,constant,standard,312,288,30,0.2946833767268775,0.0,0.5385039294289188,0.09831691648446296,0.0,0.3817930724498284,0.0,1.81954075391871,0.8613538939868561,0.7579253826133233,0.8081653039033951,0.0,0.0,1422.359884151692,0.851697833929211,0.004352702386677265,2.431170329156642
turbo_lunar_lander_12d,12,ucb,constant,standard,313,289,30,0.29844318595770947,0.0,0.5255121188302289,0.0959449472418839,0.0,0.4052599661731508,0.0,1.827163858127877,0.8613487677598753,0.7579149146030901,0.8081454246833104,0.0,0.0,1426.9002444550395,0.8477881052376082,0.004240125309055051,2.3923673207250733
turbo_lunar_lander_12d,12,ucb,constant,standard,314,290,30,0.3146980891395266,0.0,0.5208670605090407,0.09509687950073664,0.0,0.5465025450375349,0.0,1.741799507345627,0.8599650433736549,0.7565415665102081,0.8066627298648096,0.0,0.0,1431.4656314666229,0.8700547855813057,0.12304597956438859,2.3823674346785992
turbo_lunar_lander_12d,12,ucb,constant,standard,315,291,30,0.31346228493556955,0.0,0.5201214454515776,0.09496074943867394,0.0,0.5710961767004561,0.0,1.760067179760759,0.8598914496550218,0.7564920490900955,0.8065520666467697,0.0,0.0,1435.6801120249088,0.8262939054829379,0.004329918185248971,2.370981266691039
turbo_lunar_lander_12d,12,ucb,constant,standard,316,292,30,0.3188173617156557,0.0,0.5202483080917562,0.09498391128191742,0.0,0.5302268322031793,0.0,1.7946244744179607,0.8598907691578882,0.7564857660803255,0.8065493442097701,0.0,0.0,1440.3176208622442,0.8690306461726626,0.0041919844690710304,2.3760179862845687
turbo_lunar_lander_12d,12,ucb,constant,standard,317,293,30,0.2904802609596134,0.0,0.4960871612191446,0.09057270956280918,0.0,0.513053478363568,0.0,1.5954282593832037,0.8598883960902064,0.7564757924759355,0.8065441010355857,0.0,0.0,1444.7271590026562,0.8627048988516132,0.004376182720685999,2.4177607626033324
turbo_lunar_lander_12d,12,ucb,constant,standard,318,294,30,0.2677326488658156,0.0,0.47536085360959307,0.0867886208256284,0.0,0.3908122078094806,0.0,1.656601795657189,0.8598857153390559,0.756466020626592,0.8065435149046155,0.0,0.0,1449.1254616322462,0.878448304378738,0.004272306198254227,2.339263768152644
turbo_lunar_lander_12d,12,ucb,constant,standard,319,295,30,0.29051142793207513,0.0,0.5004093733458145,0.09136183392284233,0.0,0.367867906185678,0.0,1.6997499039692432,0.860182469397424,0.759758210398644,0.8080647970918634,0.0,0.0,1453.7047162821982,0.854029651513944,0.13196327849291264,2.3558842438738794
turbo_lunar_lander_12d,12,ucb,constant,standard,32,8,30,1.7142003728098234,1.825570131675763,0.6957027753353314,0.12701736779003658,1.5304400673242708,2.0786450744027314,0.0,2.8432509956846217,0.8018022847666609,0.6573300432730693,0.7250597773585619,0.0,0.0,97.6880258502594,1.710368119024982,0.0014607916120439768,1.9740801793988794
turbo_lunar_lander_12d,12,ucb,constant,standard,320,296,30,0.26131060736847295,0.0,0.48183496288648603,0.08797062605586431,0.0,0.2998772084985451,0.0,1.614011483873883,0.860181714737113,0.7597436377078192,0.808040177709107,0.0,0.0,1458.2884147671361,0.9323964230095346,0.004825186403468251,2.393213840589548
turbo_lunar_lander_12d,12,ucb,constant,standard,321,297,30,0.29246871297263777,0.0,0.49808011703291144,0.0909365718479129,0.0,0.39051497371674226,0.0,1.647109356449886,0.8601812385915703,0.7597350491286367,0.8080344348135947,0.0,0.0,1462.7267245602018,0.894053238009413,0.004289047714943687,2.386669321839387
turbo_lunar_lander_12d,12,ucb,constant,standard,322,298,30,0.2862335519967344,0.0,0.49865245137308517,0.09104106532409556,0.0,0.392038287195006,0.0,1.697459950892278,0.860181143426954,0.7597325719412941,0.8080338771771206,0.0,0.0,1467.2766886155898,0.904730946632723,0.004370329420392712,2.38198018791154
turbo_lunar_lander_12d,12,ucb,constant,standard,323,299,30,0.2700707262637788,0.0,0.48366482073579814,0.08830471086289635,0.0,0.38464901490160797,0.0,1.6976679420742964,0.8601803701689613,0.7597274898199472,0.8080310721103652,0.0,0.0,1471.8850703710846,0.9557804175031682,0.004305068201695879,2.3896274448217203
turbo_lunar_lander_12d,12,ucb,constant,standard,324,300,30,0.28493134166302353,0.0,0.5053759988385221,0.09226861152852106,0.0,0.4338472917864597,0.0,1.845177920317213,0.8587141483669746,0.7575849950196409,0.8061579428860626,0.0,0.0,1476.4645763289338,0.8646208993780117,0.12917657887252668,2.479317182224865
turbo_lunar_lander_12d,12,ucb,constant,standard,325,301,30,0.2725858555263707,0.0,0.4898319570017721,0.0894306707455904,0.0,0.35719138221223545,0.0,1.7657700783215629,0.8587120080649769,0.757576588305258,0.8061565031784546,0.0,0.0,1481.0189632701843,0.9392610942324002,0.00447485299470524,2.4659877033904194
turbo_lunar_lander_12d,12,ucb,constant,standard,326,302,30,0.28826448671949395,0.0,0.47998073505173294,0.08763209191858157,0.0,0.4672280410961194,0.0,1.6504139187803362,0.8587116315319153,0.7575716410375841,0.8061484766704768,0.0,0.0,1485.6447201162578,0.9923924531787633,0.004381528605396549,2.4691333553598573
turbo_lunar_lander_12d,12,ucb,constant,standard,327,303,30,0.3064443480336158,0.0,0.5027027994765078,0.0917805543314265,0.0,0.5303081346867076,0.0,1.639079732759968,0.8587111884493602,0.7575695611705981,0.8061482529578535,0.0,0.0,1490.4148461025984,0.945552133784319,0.004527791822329164,2.351593188010156
turbo_lunar_lander_12d,12,ucb,constant,standard,328,304,30,0.27303565563889187,0.0,0.501177252432984,0.09150202882200209,0.0,0.36027530620234716,0.0,1.6570871577681658,0.8587047026220122,0.7575323385100176,0.8060601321524464,0.0,0.0,1494.84339845418,0.8575023327488452,0.004853462660685181,2.4197505961793166
turbo_lunar_lander_12d,12,ucb,constant,standard,329,305,30,0.30178149876307464,0.0,0.5124607871206369,0.09356211098094191,0.0,0.4507424970024218,0.0,1.6659950922470537,0.8569872175336904,0.7552691772099862,0.8039932840925651,0.0,0.0,1499.547209674834,0.8915416262112558,0.15221461521772048,2.426541186325873
turbo_lunar_lander_12d,12,ucb,constant,standard,33,9,30,1.7199711277880634,1.8034914182367157,0.633560122487915,0.11567172354078904,1.4068710243309448,2.1693774838293836,0.0,2.758897541297766,0.8011603567024872,0.656307996071847,0.7237703993554382,0.0,0.0,102.28587895102488,1.7856340009719134,0.001458233486240109,1.936279424947376
turbo_lunar_lander_12d,12,ucb,constant,standard,330,306,30,0.29337235631257735,0.0,0.48947921980717396,0.0893662700394729,0.0,0.44997806574174576,0.0,1.619381031553759,0.8569865042670778,0.7552590784475289,0.8039900392460023,0.0,0.0,1504.1739226651378,0.881626233831048,0.004668988225360712,2.499566873690734
turbo_lunar_lander_12d,12,ucb,constant,standard,331,307,30,0.29220326066767227,0.0,0.49731999742459926,0.09079779362928804,0.0,0.453832517067268,0.0,1.7030263776761614,0.8569855875947483,0.7552534698944803,0.8039851217895781,0.0,0.0,1508.8257756059368,0.9545911686339726,0.00475949733518064,2.4744373313306522
turbo_lunar_lander_12d,12,ucb,constant,standard,332,308,30,0.29070639589583835,0.0,0.4880004600040666,0.08909628667237496,0.0,0.442912567070837,0.0,1.671159466330542,0.8569853695929209,0.7552465034831001,0.8039770709074264,0.0,0.0,1513.5677974327778,0.9741648093176385,0.004948822998752197,2.5058013752568513
turbo_lunar_lander_12d,12,ucb,constant,standard,333,309,30,0.28871013790569217,0.0,0.49722193824584304,0.09077989055456297,0.0,0.37093800827386486,0.0,1.7073784114899886,0.8569851949029357,0.7552411924857391,0.8039746516640759,0.0,0.0,1518.2269798517539,0.9619370786473155,0.004770269679526488,2.444325754015396
turbo_lunar_lander_12d,12,ucb,constant,standard,334,310,30,0.2910076072701466,0.0,0.5037280069806019,0.09196773075679848,0.0,0.45745382425836745,0.0,1.7047502340561191,0.856331050580927,0.7540353469269733,0.8030641345848372,0.0,0.0,1523.1677729616097,0.9693466501931349,0.1712447598731766,2.5574000066767137
turbo_lunar_lander_12d,12,ucb,constant,standard,335,311,30,0.297534417042948,0.0,0.4984890954487701,0.09101124074921241,0.0,0.4167270268367459,0.0,1.633575561841825,0.8563246245160661,0.7540146297033802,0.8030412367403852,0.0,0.0,1527.8806027237326,0.9579146596603095,0.004787147060657541,2.530915342938776
turbo_lunar_lander_12d,12,ucb,constant,standard,336,312,30,0.2685426616317109,0.0,0.4714461373250204,0.08607389468719731,0.0,0.3843916948755482,0.0,1.5790992500516394,0.8563243325598914,0.754008384987766,0.8030389961468314,0.0,0.0,1532.6124963166192,0.9759006923064589,0.0048680794425308704,2.550498250188927
turbo_lunar_lander_12d,12,ucb,constant,standard,337,313,30,0.28525003257031795,0.0,0.48367777180818194,0.08830707539439252,0.0,0.4092828830702251,0.0,1.5830276592231092,0.8563230615826632,0.7540024454324714,0.8030365038141825,0.0,0.0,1537.395837139447,0.9158799133418749,0.004884176189079881,2.579875105060637
turbo_lunar_lander_12d,12,ucb,constant,standard,338,314,30,0.30887007208845774,0.0,0.5001359258963681,0.091311909477391,0.0,0.5422396152712792,0.0,1.642656926559107,0.8563152813815124,0.7539953301309201,0.8030286188179526,0.0,0.0,1542.0105953023149,0.9715880341206987,0.004994504060596228,2.4922679144268236
turbo_lunar_lander_12d,12,ucb,constant,standard,339,315,30,0.27455955530413534,0.0,0.49561863437293463,0.09048716865532053,0.0,0.35639124584803666,0.0,1.6822928652191442,0.8560031151230617,0.753187597478808,0.802453520965401,0.0,0.0,1546.7926845300012,0.9613469020463526,0.1679497854784131,2.439263501856476
turbo_lunar_lander_12d,12,ucb,constant,standard,34,10,30,1.6568880677792492,1.8272059523227493,0.6906569798168644,0.12609613578136228,1.447018290294726,2.081918890277839,0.0,2.6481197396996805,0.7968065414067014,0.653205042157426,0.7198398401046286,0.0,0.0,106.71343012241026,1.5639511736265073,0.010125308157876134,1.9850000887953987
turbo_lunar_lander_12d,12,ucb,constant,standard,340,316,30,0.298687099233863,0.0,0.5026028635602937,0.09176230861288805,0.0,0.43438054971501805,0.0,1.6846308346088132,0.856001787842217,0.7531359759053106,0.8024006458492773,0.0,0.0,1551.3966412037612,0.9391522654177,0.00482409643009305,2.439968748142322
turbo_lunar_lander_12d,12,ucb,constant,standard,341,317,30,0.2814450080355727,0.0,0.4847423053988109,0.08850143174799567,0.0,0.4209359499159282,0.0,1.7108413850078197,0.855838761962361,0.7531298751225998,0.8023991901833021,0.0,0.0,1556.0090745435562,0.9226581887807697,0.004906044217447439,2.4909232126083225
turbo_lunar_lander_12d,12,ucb,constant,standard,342,318,30,0.27964450410359626,0.0,0.4935846468092827,0.09011581503188815,0.0,0.4721153375436438,0.0,1.6684335513415507,0.8558366175799751,0.7531212821990828,0.8023812316757143,0.0,0.0,1560.4761469553691,0.9069662828308841,0.0048459055833518505,2.424871832178906
turbo_lunar_lander_12d,12,ucb,constant,standard,343,319,30,0.29782819536498367,0.0,0.5127492283874796,0.09361477291039695,0.0,0.4565317608767044,0.0,1.6890513634834778,0.8558362667755746,0.7531200985398386,0.8023797113428105,0.0,0.0,1565.3188998189444,0.9467365374478202,0.005127936834469438,2.6031961621561397
turbo_lunar_lander_12d,12,ucb,constant,standard,344,320,30,0.30867761984927383,0.0,0.5132254621201812,0.09370172089641213,0.0,0.5220139491247728,0.0,1.6531474991824324,0.8543413133868413,0.7494241092436502,0.7999287373876895,0.0,0.0,1570.3489753289302,1.050542811304331,0.19623191601907214,2.5338258762378247
turbo_lunar_lander_12d,12,ucb,constant,standard,345,321,30,0.28263416075136977,0.0,0.4779791540980218,0.0872666549055748,0.0,0.45111596077430205,0.0,1.6290848324253293,0.8543191649975926,0.7494201324039511,0.7999278959478034,0.0,0.0,1575.113152561616,0.9381011583687117,0.005017596048613389,2.537035627864922
turbo_lunar_lander_12d,12,ucb,constant,standard,346,322,30,0.2831801117856819,0.0,0.4858436072598615,0.08870250103863561,0.0,0.38715624231267176,0.0,1.6847114209331893,0.8543189277479281,0.749415221440604,0.7999266563486096,0.0,0.0,1579.7779343005425,0.9638038924119124,0.004973248904570937,2.466654284779603
turbo_lunar_lander_12d,12,ucb,constant,standard,347,323,30,0.28135298747366994,0.0,0.4955485693490933,0.09047437659063719,0.0,0.2951599207844086,0.0,1.7145611221091988,0.854318572819125,0.7494043667532558,0.7998978477955354,0.0,0.0,1584.4651612959492,0.943173615479221,0.005124709925924739,2.5302909157704563
turbo_lunar_lander_12d,12,ucb,constant,standard,348,324,30,0.2941349174254108,0.0,0.5022986066687283,0.09170675915862578,0.0,0.49635014239135394,0.0,1.727005756289065,0.854316876106299,0.7493971455276885,0.7998858435581359,0.0,0.0,1589.3040933389373,0.9459543690551072,0.005138482510422667,2.5534597884553176
turbo_lunar_lander_12d,12,ucb,constant,standard,349,325,30,0.3177187558632054,0.0,0.5203862198838556,0.09500909041507703,0.0,0.656836073902519,0.0,1.7117803063895267,0.8533878069119452,0.7479476267456368,0.7986598250218301,0.0,0.0,1594.1855531902984,0.965396634877349,0.19001174497728546,2.500043297372758
turbo_lunar_lander_12d,12,ucb,constant,standard,35,11,30,1.615978490403103,1.8084500291659307,0.7259582800319236,0.13254124192704558,1.2843004839391639,2.125272495497712,0.0,2.665356415210104,0.7960669859894115,0.652339812313057,0.7189187657503044,0.0,0.0,111.02390314082926,1.3986667387963583,0.0013587456196546555,2.023638102148349
turbo_lunar_lander_12d,12,ucb,constant,standard,350,326,30,0.3265023063078451,0.0,0.5223364531566292,0.09536515266704212,0.0,0.6815725100290622,0.0,1.72929067729515,0.8533859446951243,0.7479420071523131,0.7986540225516863,0.0,0.0,1598.9862467308374,0.942383368856584,0.005337445655216774,2.535955187212676
turbo_lunar_lander_12d,12,ucb,constant,standard,351,327,30,0.3097256930336575,0.0,0.5325243621043709,0.09722520184853774,0.0,0.4396256654839004,0.0,1.7222057457340578,0.853385584090385,0.7479380076551144,0.7986530207126242,0.0,0.0,1603.6991432838452,0.8970607142119358,0.0051227793252716465,2.553671390780558
turbo_lunar_lander_12d,12,ucb,constant,standard,352,328,30,0.315754405991422,0.0,0.5330186605907351,0.09731544799224517,0.0,0.47285261081369256,0.0,1.7119160400567235,0.8533845456694602,0.7479315597610741,0.798652537315683,0.0,0.0,1608.4217709913385,0.9310111801605672,0.0051807618544747434,2.551769141511371
turbo_lunar_lander_12d,12,ucb,constant,standard,353,329,30,0.29126027181678643,0.0,0.5077782778690075,0.09270720566666056,0.0,0.3886101515789093,0.0,1.738164457015949,0.8533843129007612,0.7479223469129674,0.7986419835061066,0.0,0.0,1612.9788857367976,0.8998232297444095,0.0052446458954364065,2.5320112945356716
turbo_lunar_lander_12d,12,ucb,constant,standard,354,330,30,0.296001838459808,0.0,0.5123193589997121,0.0935362898569099,0.0,0.42275837597060695,0.0,1.7345747762954928,0.852348941464477,0.7465019032815536,0.7973606078479931,0.0,0.0,1617.8359710752497,0.9358589564139644,0.18960023295755188,2.5213841386449833
turbo_lunar_lander_12d,12,ucb,constant,standard,355,331,30,0.29354511334939093,0.0,0.5005872859941073,0.09139431617975416,0.0,0.4148241470216103,0.0,1.6801035808739804,0.8523486210852282,0.7464980510291171,0.7973596880143609,0.0,0.0,1622.5110562653902,0.9461803883469353,0.0053328346771498525,2.5351208312592157
turbo_lunar_lander_12d,12,ucb,constant,standard,356,332,30,0.2810709524592724,0.0,0.4996205851931266,0.091217821568069,0.0,0.4167131766259096,0.0,1.6801035808739804,0.8523482825467211,0.7464878916388324,0.7973553805150048,0.0,0.0,1627.258370419576,0.9447522719856352,0.005391165722782413,2.4977612287426987
turbo_lunar_lander_12d,12,ucb,constant,standard,357,333,30,0.2998260997212369,0.0,0.5085372229581122,0.09284576944839737,0.0,0.4920483409323349,0.0,1.7085945440660761,0.8523468576890169,0.7464797153560357,0.797352940764076,0.0,0.0,1631.881775282308,0.8958376035559923,0.005691177770495414,2.489893647438536
turbo_lunar_lander_12d,12,ucb,constant,standard,358,334,30,0.2980305947771695,0.0,0.5030580627841529,0.09184541624057688,0.0,0.4943358452301135,0.0,1.7595320037975215,0.8523417010975949,0.7464436269228432,0.7973054313440603,0.0,0.0,1636.5804355126495,0.9749832719719659,0.005494595738127828,2.45178442223308
turbo_lunar_lander_12d,12,ucb,constant,standard,359,335,30,0.26692688794435393,0.0,0.4705114103727681,0.08590323767491176,0.0,0.3542598556344694,0.0,1.6683285060093298,0.8518820995771237,0.7444100892986574,0.7961795270343522,0.0,0.0,1641.4942706877675,0.9408642549378177,0.20781485897799332,2.529953459029396
turbo_lunar_lander_12d,12,ucb,constant,standard,36,12,30,1.5239882642837261,1.6501221880364951,0.7120974933153741,0.1300106200772382,1.2428130842676772,2.0017309915168107,0.0,2.5698211096807624,0.7955429104193821,0.6517084720854202,0.71842255841834,0.0,0.0,115.87401894284412,1.461528913738827,0.0013892835316558678,2.1393790800434846
turbo_lunar_lander_12d,12,ucb,constant,standard,360,336,30,0.2821304400067338,0.0,0.4884537913206194,0.08917905326840812,0.0,0.42323728571637637,0.0,1.711463679236804,0.8518805321825733,0.7444035956361863,0.7961733820381518,0.0,0.0,1646.128508235328,0.9120536154136062,0.005624883171791831,2.471849955028544
turbo_lunar_lander_12d,12,ucb,constant,standard,361,337,30,0.299733105074076,0.0,0.4967768877179378,0.09069863581677522,0.0,0.5255468392062921,0.0,1.7111551728678038,0.8518609768763843,0.7443995699948025,0.7961719696119016,0.0,0.0,1650.7156629007154,0.8637881542866429,0.005763060056294004,2.5081325895463427
turbo_lunar_lander_12d,12,ucb,constant,standard,362,338,30,0.28849964633120506,0.0,0.5027675753167014,0.09179238072771163,0.0,0.3782915921448359,0.0,1.7062358800140303,0.8518519936924728,0.7443931953750369,0.7961700949088423,0.0,0.0,1655.4992036477818,0.9399834953403722,0.00573941085798045,2.5199397204909473
turbo_lunar_lander_12d,12,ucb,constant,standard,363,339,30,0.2966973402827211,0.0,0.5069363170494222,0.09255348535551976,0.0,0.42794722510391675,0.0,1.7514363214944435,0.8518486993284817,0.7443896540494512,0.796166318699877,0.0,0.0,1660.3985888223474,0.9534305584616959,0.005868949508294463,2.5780713724903763
turbo_lunar_lander_12d,12,ucb,constant,standard,364,340,30,0.2843159893607981,0.0,0.4995779577229384,0.09121003889240518,0.0,0.38925169788470637,0.0,1.6715797974857494,0.8506522371455806,0.7426126055493211,0.7946191429399204,0.0,0.0,1665.4996002646783,0.9357872306524465,0.23076466655669112,2.5690869521194446
turbo_lunar_lander_12d,12,ucb,constant,standard,365,341,30,0.2846276652257004,0.0,0.4881276878901398,0.0891195152000903,0.0,0.44018704354277177,0.0,1.6972167642027225,0.8506232918925689,0.7426077289525483,0.7946150734952925,0.0,0.0,1670.234046818968,0.9127560351975262,0.006046372481311361,2.5483705313721052
turbo_lunar_lander_12d,12,ucb,constant,standard,366,342,30,0.2827694121122107,0.0,0.4894848616365179,0.08936730009187198,0.0,0.3620867025413124,0.0,1.6777834482310499,0.8506228481541392,0.7426062266825635,0.7946131668430515,0.0,0.0,1675.1090440073826,0.9778058108408004,0.006017038800443212,2.5692114920044937
turbo_lunar_lander_12d,12,ucb,constant,standard,367,343,30,0.2732197834124358,0.0,0.4706179968753964,0.08592269761885013,0.0,0.46083941505538817,0.0,1.6854119137116141,0.8506121571541845,0.7425983337801957,0.79460711917871,0.0,0.0,1679.7317083455157,0.9262624545643727,0.005701598261172573,2.4406779554051656
turbo_lunar_lander_12d,12,ucb,constant,standard,368,344,30,0.28535430717395266,0.0,0.502178604783413,0.09168484991211567,0.0,0.3799955683860282,0.0,1.6940508759848327,0.8506092994259753,0.7425953209658887,0.7946063896054203,0.0,0.0,1684.326224751072,0.9460475027095526,0.005915352345133821,2.4051888949858644
turbo_lunar_lander_12d,12,ucb,constant,standard,369,345,30,0.2704368834293989,0.0,0.4705397479780398,0.08590841139012276,0.0,0.4296247223864043,0.0,1.6940508759848327,0.8499079364075501,0.741678691354297,0.7937746701403446,0.0,0.0,1689.174772754746,0.9140612954584261,0.20762774016087254,2.4408945844353487
turbo_lunar_lander_12d,12,ucb,constant,standard,37,13,30,1.5738514392068514,1.7703750255369342,0.6929880958083333,0.1265217373855918,1.4116673796167447,2.0374210919331186,0.0,2.540420371646947,0.794519802921664,0.6510512488682441,0.7178567999184219,0.0,0.0,120.7172982492329,1.5737622190266847,0.0013916931580752133,2.256258836466198
turbo_lunar_lander_12d,12,ucb,constant,standard,370,346,30,0.27085842635044227,0.0,0.4868167113529336,0.088880164726161,0.0,0.31462624393012034,0.0,1.7017947298003322,0.8499077418316491,0.741675471580605,0.7937716768053253,0.0,0.0,1693.7371724398497,0.9368947125660877,0.005735104127476613,2.3916380236390977
turbo_lunar_lander_12d,12,ucb,constant,standard,371,347,30,0.27537591882771806,0.0,0.48739022703167545,0.08898487388427094,0.0,0.3624929194178718,0.0,1.7326976699271102,0.8499074800651302,0.7416695970335199,0.7937703920557652,0.0,0.0,1698.4549663695352,0.9733089680162569,0.0059348881710320715,2.5209115831026185
turbo_lunar_lander_12d,12,ucb,constant,standard,372,348,30,0.2704762766189308,0.0,0.48299794968943643,0.08818295742454989,0.0,0.34292130818801875,0.0,1.6828535964844065,0.8499073017116837,0.741667888744616,0.7937700143518635,0.0,0.0,1703.151681717392,0.9234101172381391,0.005945223973443111,2.4714586761780084
turbo_lunar_lander_12d,12,ucb,constant,standard,373,349,30,0.2667516049475404,0.0,0.4790885358293287,0.08746919937194844,0.0,0.31131739342946607,0.0,1.649542400077219,0.8498938502460056,0.7416413897402873,0.7937460300518259,0.0,0.0,1707.6002991642492,0.8753209696772198,0.006028793146833777,2.4746973872184754
turbo_lunar_lander_12d,12,ucb,constant,standard,374,350,30,0.27664937431315983,0.0,0.4756899695249346,0.08684870889591723,0.0,0.39734285746607584,0.0,1.6482753491347226,0.8496091089346348,0.7408804382214372,0.7931999579606369,0.0,0.0,1712.6041939856484,0.930349793828403,0.2346529578634848,2.50514915411671
turbo_lunar_lander_12d,12,ucb,constant,standard,375,351,30,0.2787707644317708,0.0,0.489180755336053,0.08931177813165729,0.0,0.3409233537887873,0.0,1.6516437819171061,0.8496087522705433,0.7408760285607044,0.7931994020926019,0.0,0.0,1717.2456052046114,0.9477638145287831,0.0063971056447674835,2.4822347281811137
turbo_lunar_lander_12d,12,ucb,constant,standard,376,352,30,0.2710582973248576,0.0,0.46352333885421637,0.08462739620685504,0.0,0.4041560381288816,0.0,1.6829656820829395,0.8495991502446291,0.7408605977506444,0.793198002048436,0.0,0.0,1722.1238883236579,0.9990491352820148,0.006399181997403502,2.525328242375205
turbo_lunar_lander_12d,12,ucb,constant,standard,377,353,30,0.28392325192930395,0.0,0.48787541647428767,0.08907345695173163,0.0,0.4802463533096522,0.0,1.6930659783486683,0.8495986982390534,0.7408562777458889,0.793197415723807,0.0,0.0,1726.8664602579238,0.9495450805251797,0.006715694302693009,2.5317420449107884
turbo_lunar_lander_12d,12,ucb,constant,standard,378,354,30,0.2766848796263765,0.0,0.4741999295207885,0.0865766660552986,0.0,0.44169147160606753,0.0,1.64821316376032,0.8495982270971798,0.740851333933358,0.793196603721302,0.0,0.0,1731.6166348080617,0.9795891647227108,0.006355433709298571,2.5663889738886305
turbo_lunar_lander_12d,12,ucb,constant,standard,379,355,30,0.2702307823951256,0.0,0.4778799418393657,0.0872485413082258,0.0,0.33692002624002293,0.0,1.64695864157621,0.8488679489749014,0.7396112803110658,0.792175308077105,0.0,0.0,1736.6504982449426,0.973093897368138,0.22740121679380537,2.5908994378832477
turbo_lunar_lander_12d,12,ucb,constant,standard,38,14,30,1.5697316575197333,1.7447434379016673,0.7101498405107686,0.129655028952148,1.233689934856676,2.013763005279726,0.0,2.475834263154952,0.7939104424589161,0.6505696291449022,0.7173351159140581,0.0,0.0,125.52406040717227,1.5153594329953193,0.0015436239695797364,2.230997396974514
turbo_lunar_lander_12d,12,ucb,constant,standard,380,356,30,0.27419533965560927,0.0,0.4829736634815206,0.08817852338991264,0.0,0.3361690559125507,0.0,1.674247791586066,0.8488676886191762,0.7396095830304981,0.7921751694696803,0.0,0.0,1741.5696803209682,1.0235145968695483,0.006802562484517693,2.5797865067919097
turbo_lunar_lander_12d,12,ucb,constant,standard,381,357,30,0.2957889005336996,0.0,0.4868012340682052,0.08887733897350278,0.0,0.6240421588338214,0.0,1.6764884068052355,0.848802037582448,0.7395886828267267,0.7921566945616814,0.0,0.0,1746.1986507296408,0.9242587853067865,0.006552873567367594,2.570596255377556
turbo_lunar_lander_12d,12,ucb,constant,standard,382,358,30,0.2793715856623378,0.0,0.4849875374169825,0.08854620478405403,0.0,0.34885601381248793,0.0,1.652326680336866,0.8487580371213587,0.7395770271996163,0.7921484071621065,0.0,0.0,1750.968842530887,0.9043589740060269,0.006414695363491774,2.5757563600627083
turbo_lunar_lander_12d,12,ucb,constant,standard,383,359,30,0.30216943617704417,0.0,0.5056931435450203,0.09232651396510186,0.0,0.3890729524298986,0.0,1.6791877481502127,0.8487576680784987,0.739570496672852,0.7921433889993535,0.0,0.0,1755.7353219537374,0.9886000297032297,0.006519833641747633,2.527625897775094
turbo_lunar_lander_12d,12,ucb,constant,standard,384,360,30,0.29364937418072984,0.0,0.4978260026491201,0.09089017712118322,0.0,0.4790650668067743,0.0,1.709411932123506,0.8483084171930452,0.7386493942000624,0.7914357885413656,0.0,0.0,1760.732916608934,0.9760285994193206,0.2522703567675004,2.5173513670296717
turbo_lunar_lander_12d,12,ucb,constant,standard,385,361,30,0.28828030503638175,0.0,0.4905261998554794,0.08955742156937781,0.0,0.45082221722736854,0.0,1.629732859105082,0.8483080270232062,0.7386428625338353,0.7914340998823123,0.0,0.0,1765.5587919717343,1.0053185169585048,0.006631398433819413,2.5594714785926045
turbo_lunar_lander_12d,12,ucb,constant,standard,386,362,30,0.2711444014901036,0.0,0.4827912132481533,0.08814521268710018,0.0,0.3889968037150022,0.0,1.6613661101249784,0.8482441300322348,0.7386261093743384,0.7914288035872317,0.0,0.0,1770.2562278736227,0.9238106275442988,0.006661616902177533,2.54302550147598
turbo_lunar_lander_12d,12,ucb,constant,standard,387,363,30,0.2784852314206051,0.0,0.4788136977195341,0.08741902102781625,0.0,0.43259257509400123,0.0,1.715310927620713,0.8482435114921725,0.7386151177205493,0.7914181921455139,0.0,0.0,1775.230926505554,0.9283972170669585,0.007099011850853761,2.6872102132377527
turbo_lunar_lander_12d,12,ucb,constant,standard,388,364,30,0.2972982543044634,0.0,0.4959664161975734,0.09055066463880218,0.0,0.43742302906901903,0.0,1.716504463303663,0.8482423075323103,0.7386112558184978,0.7914168809014175,0.0,0.0,1780.0468883942501,0.9767545612528921,0.006867757237826785,2.539432791713625
turbo_lunar_lander_12d,12,ucb,constant,standard,389,365,30,0.2757084948752141,0.0,0.48721865816550713,0.08895354983821561,0.0,0.3324868669152124,0.0,1.696964744611284,0.8520723055859454,0.7427304074278978,0.795598226952223,0.0,0.0,1785.0350321535486,0.9609513995548089,0.22708155472452443,2.6222046044344705
turbo_lunar_lander_12d,12,ucb,constant,standard,39,15,30,1.560130683307208,1.7056252748827014,0.6757867957910834,0.12338122403963787,1.1235681363976795,2.0189992423560525,0.0,2.6065438662837632,0.8122745974979285,0.6751460389743352,0.7402155875115839,0.0,0.0,130.37751134180775,1.535345325882857,0.011667234900717935,2.5259625850400576
turbo_lunar_lander_12d,12,ucb,constant,standard,390,366,30,0.28084398361346313,0.0,0.4876322764768708,0.08902906586465931,0.0,0.43833935760469456,0.0,1.6878897221853986,0.8520456939228797,0.7427167996416445,0.7955926291260259,0.0,0.0,1789.67620037538,0.916462880730008,0.006914205197244882,2.5052973816792172
turbo_lunar_lander_12d,12,ucb,constant,standard,391,367,30,0.2797312511743,0.0,0.4860555727270621,0.0887412004612349,0.0,0.4049421816215558,0.0,1.6862685291035664,0.8520437204496275,0.7427059634120745,0.795585257658486,0.0,0.0,1794.4161121293125,0.9069805116547892,0.006863069999963045,2.590645312750712
turbo_lunar_lander_12d,12,ucb,constant,standard,392,368,30,0.29025468645378255,0.0,0.504875927097973,0.0921773113376312,0.0,0.36118749133256944,0.0,1.6952089389148968,0.8520326805354459,0.7427014087445895,0.7955796002884432,0.0,0.0,1799.2395501686572,0.9754978868334244,0.0070034585272272425,2.5059993403653302
turbo_lunar_lander_12d,12,ucb,constant,standard,393,369,30,0.3016961101375793,0.0,0.4948442228460158,0.09034578110129204,0.0,0.5409433612450312,0.0,1.6289580760703397,0.8520312265319728,0.7426769641855172,0.7955074980965013,0.0,0.0,1804.1037857932504,0.9794390308515479,0.00703695776561896,2.5900628625570485
turbo_lunar_lander_12d,12,ucb,constant,standard,394,370,30,0.2879877587310266,0.0,0.4903894396140838,0.0895324526796504,0.0,0.41632861431313317,0.0,1.6614321139800676,0.850590197169781,0.7398090149865261,0.7933954904521403,0.0,0.0,1809.110549317704,0.9185175608843565,0.23231459534727036,2.583855425271516
turbo_lunar_lander_12d,12,ucb,constant,standard,395,371,30,0.2827535934478528,0.0,0.4937439455626131,0.09014489887208198,0.0,0.4098180357613459,0.0,1.7555523332900027,0.850589815349974,0.7398055137220368,0.7933951534315263,0.0,0.0,1813.9725510973637,0.9513953298640748,0.006808855632940928,2.553052667559435
turbo_lunar_lander_12d,12,ucb,constant,standard,396,372,30,0.29282318055011913,0.0,0.5034410446111645,0.09191533883583314,0.0,0.3340257506024551,0.0,1.683915917143323,0.8505892964980012,0.7397824364428338,0.7933764342872945,0.0,0.0,1818.7024702495276,0.9291548272284369,0.006974381410206358,2.5517500231042503
turbo_lunar_lander_12d,12,ucb,constant,standard,397,373,30,0.2879602087510287,0.0,0.4863165467682493,0.08878884758432874,0.0,0.40544267843880666,0.0,1.6480328167529854,0.8505841494721335,0.7397757757162553,0.7933743367150924,0.0,0.0,1823.624644349624,0.9920968622900546,0.0073293370505174,2.591986895694087
turbo_lunar_lander_12d,12,ucb,constant,standard,398,374,30,0.2899639315206183,0.0,0.49141615258006405,0.08971990396350053,0.0,0.42631166769019313,0.0,1.6935164560853804,0.8505814549447154,0.739756449162811,0.793357193388017,0.0,0.0,1828.5406816547581,0.9604713650265088,0.007126200711354613,2.6710725679993628
turbo_lunar_lander_12d,12,ucb,constant,standard,399,375,30,0.3031491271242518,0.0,0.5104882063780105,0.09320196865786298,0.0,0.45433733496601597,0.0,1.6935112186416825,0.8516720638037296,0.7411224028949682,0.7947185695373545,0.0,0.0,1833.6439105921424,0.9663487847583989,0.24931142753921448,2.542454477554808
turbo_lunar_lander_12d,12,ucb,constant,standard,4,0,30,2.595645094133169,2.564495860183216,0.4117674774771014,0.07517811195373629,2.343690395189023,2.806821168018637,1.789051247974039,3.44375256820605,0.9990418345947157,0.9894573972412446,0.9968310059885063,0.0,0.0,7.913388831634075,0.0,0.001437459730853637,2.040657278538371
turbo_lunar_lander_12d,12,ucb,constant,standard,40,16,30,1.5338321096905971,1.6763638741261584,0.7103396073694668,0.1296896754818733,1.2246536605871086,2.0034823728705575,0.0,2.5226240485980846,0.8115001275643529,0.6745256515128256,0.7395360179792123,0.0,0.0,135.45578816557924,1.5342528914567084,0.0015047868868956964,2.3241722734024126
turbo_lunar_lander_12d,12,ucb,constant,standard,400,376,30,0.29880893182480495,0.0,0.5229878664125861,0.0954840839118906,0.0,0.38244840419462756,0.0,1.7237222387997044,0.8516715105551979,0.7411163540106368,0.7947085941730493,0.0,0.0,1838.3787586745186,0.9020191338223715,0.007055996498093009,2.5806818624182295
turbo_lunar_lander_12d,12,ucb,constant,standard,41,17,30,1.4600167140678784,1.5970707271807107,0.7154520466695716,0.13062307492472108,1.0047443224861152,2.0726762158029803,0.0,2.534397848345777,0.8112691012872286,0.6740041142600177,0.7389950076550752,0.0,0.0,140.45180062808407,1.720427503126363,0.001402474846690893,2.4096741437601548
turbo_lunar_lander_12d,12,ucb,constant,standard,42,18,30,1.417698594541212,1.4209197338373871,0.6857331153709418,0.1251971652389858,0.9922445876099247,1.8941104259575885,0.0,2.46491898428491,0.8110813189427678,0.6735689110148421,0.7384712016641256,0.0,0.0,146.24652121867985,1.7008519721217454,0.001619184451798598,2.70364321541662
turbo_lunar_lander_12d,12,ucb,constant,standard,43,19,30,1.3830955439420471,1.32366741189928,0.7031661683142427,0.12837999068672837,0.9763926890385222,1.860698695088308,0.0,2.4843029867235864,0.810682005402045,0.6730908321278614,0.7380262498046868,0.0,0.0,151.8645376052552,1.6236160004356255,0.0015415356028825045,2.812524573955064
turbo_lunar_lander_12d,12,ucb,constant,standard,44,20,30,1.334425241252704,1.287866159937713,0.7198673031312907,0.1314291867784724,0.9325056632815698,1.8026493175589202,0.0,2.4718350244449034,0.816313366835345,0.6846645216918298,0.7467658126243559,0.0,0.0,157.69755174491243,1.5873156354141733,0.011972292667875688,2.7961434098736695
turbo_lunar_lander_12d,12,ucb,constant,standard,45,21,30,1.315740718739676,1.2297240593889458,0.7487425974177139,0.13670107012356375,0.8334970514863768,1.8833701148344133,0.0,2.5069773725892195,0.8158779332027534,0.6842069267001502,0.7463392952208284,0.0,0.0,163.1352935947478,1.5612564644776286,0.0014832019805908203,2.6959811005586136
turbo_lunar_lander_12d,12,ucb,constant,standard,46,22,30,1.3707832863782434,1.4042320719778147,0.703240091949192,0.12839348723419322,0.9830507030891869,1.8767563581159354,0.0,2.4796517961827123,0.8153779498979207,0.6837439026146089,0.7459376983816828,0.0,0.0,168.29919883034503,1.5575812442383419,0.0015705850130567948,2.5657641322662434
turbo_lunar_lander_12d,12,ucb,constant,standard,47,23,30,1.3054495809479572,1.3089745980792569,0.7226815065451148,0.13194298767552556,0.9432232064514656,1.8192226051400333,0.0,2.482144379389759,0.8152129786993965,0.6833895439139656,0.7456432720624524,0.0,0.0,173.73794647357425,1.52362531227991,0.001459372897321979,2.696184517039607
turbo_lunar_lander_12d,12,ucb,constant,standard,48,24,30,1.2608779191545634,1.2753344685175187,0.7250321618876648,0.13237215666087046,0.8535279651516927,1.7951396970786477,0.0,2.4395663033795296,0.8148980963298857,0.6830007155030109,0.7452269168562976,0.0,0.0,178.95405775234104,1.4208384725886087,0.0015142607657859723,2.7363473758256682
turbo_lunar_lander_12d,12,ucb,constant,standard,49,25,30,1.2734397363545942,1.2163549400765297,0.7790602034941392,0.14223628236943503,0.908601008273041,1.855862683767437,0.0,2.47195479466632,0.8303716499049917,0.699551856823588,0.7620705692689486,0.0,0.0,184.46800739439203,1.5058507493541886,0.012078589526936412,2.7313700465330233
turbo_lunar_lander_12d,12,ucb,constant,standard,5,0,30,2.5186555437315987,2.4763517558143135,0.40486694848409394,0.07391825349100675,2.3297896836775625,2.7074990324575405,1.8046623785139477,3.4967428332889448,0.9988791369565952,0.9872952692566848,0.996150874403876,0.0,0.0,10.549363060093794,0.0,0.001373341710617145,2.255364150212457
turbo_lunar_lander_12d,12,ucb,constant,standard,50,26,30,1.2442647121862072,1.111848422787597,0.7870918842598968,0.1437026599461303,0.8525579110797274,1.8929100898664193,0.0,2.481015533210324,0.8299705832715125,0.6992659384982266,0.7617967873377336,0.0,0.0,189.72596174641512,1.2656658339314162,0.0015107300132513046,2.5780244020279497
turbo_lunar_lander_12d,12,ucb,constant,standard,51,27,30,1.247493361162135,1.1100562602585562,0.7328847087467198,0.13380582901039406,0.8418892849450398,1.8139089168364184,0.0,2.4448296928609503,0.8297808433266719,0.6989704721218765,0.7615598248826171,0.0,0.0,195.17071483240773,1.3393770545876273,0.0014600246523817381,2.6980688211508097
turbo_lunar_lander_12d,12,ucb,constant,standard,52,28,30,1.179092354847483,1.227160737320493,0.7933233699896444,0.14484036837978173,0.6232241086279373,1.7951458132909082,0.0,2.462658640836265,0.8295322027839631,0.6986587510085597,0.7613585945075018,0.0,0.0,200.5495141394902,1.3228107972846677,0.001503537641838193,2.534865630014489
turbo_lunar_lander_12d,12,ucb,constant,standard,53,29,30,1.2404253184833218,1.224207807785695,0.7563313406293795,0.13808657873694488,0.7756853337137299,1.724182539843347,0.0,2.38424415112988,0.8294510661652765,0.6984286769825422,0.7611324139265149,0.0,0.0,205.69975209045225,1.2284868173146,0.0015336645767092705,2.5949474383921673
turbo_lunar_lander_12d,12,ucb,constant,standard,54,30,30,1.171224247636991,1.170127876189094,0.7808992495917044,0.14257204471341112,0.5594650056501946,1.7086874576788675,0.0,2.4579201092926506,0.8308010212219064,0.7087158501041805,0.7663860928594814,0.0,0.0,210.47090077878286,1.181672985261927,0.011493300910418232,2.595893262978643
turbo_lunar_lander_12d,12,ucb,constant,standard,55,31,30,1.0885836542746647,1.0760169143856844,0.7837530644735234,0.1430930776419832,0.34167713491768564,1.7203247570104212,0.0,2.4305075148001234,0.8307478826936852,0.708495985361249,0.7662175054940595,0.0,0.0,215.5829957973212,1.25643977439031,0.0015419053534666697,2.664178946024428
turbo_lunar_lander_12d,12,ucb,constant,standard,56,32,30,1.1305192478925095,1.188055049611755,0.7864104967988266,0.1435782561851872,0.3972233248991207,1.7658806115313603,0.0,2.4680236205088684,0.8306417318242262,0.7082582877467424,0.7659394467727944,0.0,0.0,220.88862004151258,1.1907770921165743,0.0015470631575832765,2.6653673125741384
turbo_lunar_lander_12d,12,ucb,constant,standard,57,33,30,1.0922322243494407,1.180152176702863,0.8229159321818977,0.1502432063288056,0.20373580758182458,1.78091941884725,0.0,2.467037366078886,0.8303579926811334,0.7079970730579946,0.765669747447382,0.0,0.0,226.337978800588,1.1565509853418916,0.0016181572495649259,2.724620069159816
turbo_lunar_lander_12d,12,ucb,constant,standard,58,34,30,1.1297334218780162,1.125065950945822,0.8544190328776485,0.1559948592896121,0.21868363646396605,1.7796306471895118,0.0,2.75848459468612,0.8302553145480178,0.7077803938807521,0.7654879129412903,0.0,0.0,231.50195725516727,1.177864184246088,0.001572655513882637,2.5985664279200136
turbo_lunar_lander_12d,12,ucb,constant,standard,59,35,30,1.1124833878852025,1.2042836031124828,0.8164729234261715,0.14906687925090076,0.23113368452279487,1.770939423284997,0.0,2.5091584124534054,0.8318397493905536,0.7076286563089049,0.7664251213531924,0.0,0.0,236.65905101440538,1.1679039946446816,0.012509760571022828,2.7222002133882293
turbo_lunar_lander_12d,12,ucb,constant,standard,6,0,30,2.3084718727678397,2.36476569851388,0.4032448147561484,0.07362209374631151,2.054919774827458,2.6530246449068597,1.370461264376363,2.9507006614595364,0.9986889384325536,0.9852275100876212,0.995148893418597,0.0,0.0,13.156529095101481,0.0,0.0012956473665932814,2.210018681315705
turbo_lunar_lander_12d,12,ucb,constant,standard,60,36,30,1.0792009791135881,1.1787969516999972,0.8326993670916192,0.15202940899211828,0.1774053027643327,1.7644884432272825,0.0,2.509124423039726,0.8317444589322143,0.7073787070081701,0.7661109821521838,0.0,0.0,241.95146666920434,1.1764697065887353,0.0016641418139139812,2.627951693131278
turbo_lunar_lander_12d,12,ucb,constant,standard,61,37,30,1.075950998906059,1.1503968300805574,0.7980522712880218,0.1457037436842273,0.25019997789253656,1.6687767647902205,0.0,2.509124423039726,0.8315830763986998,0.7071545071838768,0.7658944360055914,0.0,0.0,247.44422100507654,1.2114653746131807,0.0015335074781129758,2.8061567043885587
turbo_lunar_lander_12d,12,ucb,constant,standard,62,38,30,1.0535264721223816,1.1178911010543402,0.8077414873776102,0.14747274442316383,0.1399760529497745,1.653628804985844,0.0,2.572755294864409,0.8313409658495334,0.7069052835257453,0.7655315891042662,0.0,0.0,252.89666520565126,1.1588380647047112,0.0016439621181537707,2.8257181438151746
turbo_lunar_lander_12d,12,ucb,constant,standard,63,39,30,1.0244215880115917,1.0084215757165684,0.7883490635450976,0.1439321884305745,0.1305957735022072,1.64957998522489,0.0,2.475829875858345,0.8310024872207655,0.7066578369832744,0.7652748490993084,0.0,0.0,258.25991784608925,1.1256237451142321,0.0015787011788537106,2.7989273881694925
turbo_lunar_lander_12d,12,ucb,constant,standard,64,40,30,1.0560243892939576,1.1075467978615303,0.7832041331698723,0.1429928569561397,0.2157285791541138,1.6725317121976997,0.0,2.451438696098118,0.8296572188747701,0.7052846076700523,0.7639121766909702,0.0,0.0,263.2974345104303,1.013494337319086,0.012992365068445604,2.6655515334413695
turbo_lunar_lander_12d,12,ucb,constant,standard,65,41,30,1.036488881645379,1.0993982712979231,0.7850688117846006,0.1433332991360678,0.17131382300659187,1.6576464759561944,0.0,2.561172776954934,0.8293681431968519,0.7050081455536342,0.7635857857924452,0.0,0.0,268.2478764567679,1.043404173431918,0.0015942077773312727,2.6916965051864583
turbo_lunar_lander_12d,12,ucb,constant,standard,66,42,30,1.051165947781814,1.1532875280569561,0.7704323831593886,0.14066106509628679,0.182109914710691,1.6641671728971288,0.0,2.245599942800803,0.8293180475822893,0.7047896418245939,0.7633931915237983,0.0,0.0,273.24609171,1.0843166419615349,0.0015490637626498938,2.6728645383535574
turbo_lunar_lander_12d,12,ucb,constant,standard,67,43,30,1.020994053540065,1.0032362551035598,0.7648256133177225,0.13963741365728005,0.1665604768088128,1.6051929638957063,0.0,2.293673080039934,0.829215991553564,0.704553967852435,0.763188735792242,0.0,0.0,278.5373030787334,1.053456291121741,0.001554013912876447,2.7554191321289787
turbo_lunar_lander_12d,12,ucb,constant,standard,68,44,30,1.0296431431587911,1.0455680942147438,0.7684440158626882,0.14029804055595066,0.16505412639425043,1.5692669843644893,0.0,2.2535254542520247,0.8290566403977732,0.704314266243975,0.7629932622494408,0.0,0.0,283.74469766972277,1.050930089596659,0.001591378590092063,2.8049648980610074
turbo_lunar_lander_12d,12,ucb,constant,standard,69,45,30,1.0011110279403292,1.0012504611388395,0.768633393618782,0.14033261604558478,0.1441383325295832,1.5011093185167936,0.0,2.2618788254101228,0.8264578360657897,0.7015342557343925,0.7602168287201224,0.0,0.0,288.9332170978654,1.0660049851207682,0.015349335658053556,2.839083213126287
turbo_lunar_lander_12d,12,ucb,constant,standard,7,0,30,2.2751123220801306,2.3498772115953983,0.4162612493480644,0.07599855869440583,2.0168504798675264,2.650432691357252,1.226591411538858,2.8418783410367388,0.9984683090997225,0.9834494317198244,0.9943849095892785,0.0,0.0,15.735827050420145,0.0,0.001406735461205244,2.219745491382976
turbo_lunar_lander_12d,12,ucb,constant,standard,70,46,30,1.006947487160909,1.107649497534786,0.7721329767493486,0.14097154958641006,0.13650091307126444,1.5168794242339338,0.0,2.256453759024222,0.8262988073365125,0.7013429776184353,0.7600088472860859,0.0,0.0,294.01674074581825,1.0144838616407166,0.0014744177150229612,2.618876261714225
turbo_lunar_lander_12d,12,ucb,constant,standard,71,47,30,0.9662681603627784,0.9710971861611639,0.7419987297404705,0.1354698139730117,0.13136440549723938,1.5455702044669581,0.0,2.2238049785513176,0.8261298352081238,0.7011991865574227,0.7598887908302049,0.0,0.0,299.09950748790675,1.0113064081097642,0.0015978623026361067,2.671087183430791
turbo_lunar_lander_12d,12,ucb,constant,standard,72,48,30,0.9697239710800858,1.0003729730722057,0.7567467683384369,0.13816242511269938,0.18726889928396195,1.4265182788279915,0.0,2.240174369423558,0.8260981363092027,0.7010249818008591,0.7596919927018032,0.0,0.0,303.97283138105024,0.9822080676599095,0.0015714481628189485,2.6608601979445665
turbo_lunar_lander_12d,12,ucb,constant,standard,73,49,30,0.972274991888269,1.034393507270786,0.7716249373860022,0.14087879471327494,0.02968071757830193,1.4898712512287344,0.0,2.230115954062026,0.8249277956731085,0.7008144317287546,0.7594718696287251,0.0,0.0,308.8798127569879,1.0069946771177152,0.0016426918562501668,2.6947456025518477
turbo_lunar_lander_12d,12,ucb,constant,standard,74,50,30,0.9333970607607074,1.0700809181670983,0.7471732493235926,0.13641454767298777,0.0,1.3582869039141245,0.0,2.268685161774943,0.8370602489114882,0.7139435603729919,0.7727798897196236,0.0,0.0,314.12651983583345,1.0412201508879662,0.015794697481517992,2.792878255372246
turbo_lunar_lander_12d,12,ucb,constant,standard,75,51,30,0.9233694083255185,1.009098833341059,0.7401003138372596,0.13512321223510665,0.0,1.3020751452101977,0.0,2.212723953888647,0.8368907849453997,0.7137732760871455,0.7725893369285013,0.0,0.0,318.92727079470643,0.9617007773524772,0.0015730818267911673,2.773812966188416
turbo_lunar_lander_12d,12,ucb,constant,standard,76,52,30,0.9848631543551221,1.064196447404116,0.7452684982804515,0.13606678930206778,0.12604679992204615,1.6124707680478503,0.0,2.220463544623347,0.8368537453180565,0.7136274876359248,0.7724588939055204,0.0,0.0,323.8505936137245,0.9081639396492391,0.0015431207915147145,2.7816651448297005
turbo_lunar_lander_12d,12,ucb,constant,standard,77,53,30,0.9378645975885848,0.939880826659212,0.7222749645664127,0.13186876360475627,0.11126922478620732,1.479944317711503,0.0,2.201019114329715,0.8368395385358429,0.7135057504027206,0.7723582471286156,0.0,0.0,328.9642416638788,0.9046792375234266,0.0016060004786898692,2.9194444549425196
turbo_lunar_lander_12d,12,ucb,constant,standard,78,54,30,0.8705461664777545,0.9541540245175096,0.7172134020963521,0.13094465295773167,0.0,1.2221033835264832,0.0,2.1989307601035293,0.8361669108866037,0.7133313807624033,0.7721781523516126,0.0,0.0,334.021383078505,0.9315953984701385,0.0015005826329191525,2.742839783166225
turbo_lunar_lander_12d,12,ucb,constant,standard,79,55,30,0.8778178653755077,1.0236015177334767,0.7320562875021057,0.13365458067613017,0.0,1.238357700647059,0.0,2.2319956007867385,0.8376771427014886,0.7194410574819767,0.7759587417554799,0.0,0.0,339.15642603759966,0.954231824229161,0.015946964888523023,2.8682579286086063
turbo_lunar_lander_12d,12,ucb,constant,standard,8,0,30,2.2239840506496247,2.22600281822161,0.4200166296630616,0.07668419419791743,1.9900331339095296,2.6590745569009444,1.1804013694844409,2.828253016420003,0.998126022348572,0.9816567420505923,0.9934316337672878,0.0,0.0,18.39883881499991,0.0,0.0013524472713470459,2.2919173600462575
turbo_lunar_lander_12d,12,ucb,constant,standard,80,56,30,0.8914521562958212,0.9877666994189223,0.7240518187439023,0.13219317130955904,0.0,1.3203924056870133,0.0,2.243657521000184,0.8376330042161217,0.719295755290098,0.7758549767501839,0.0,0.0,344.22794563571614,1.057187601054708,0.0015964235489567121,2.758999159419909
turbo_lunar_lander_12d,12,ucb,constant,standard,81,57,30,0.8519751530251471,0.9129117908385034,0.7380654766569802,0.1347517034936102,0.0,1.3007790037932812,0.0,2.2978724185420107,0.8370785930324887,0.7191348273537813,0.775698284752194,0.0,0.0,349.13609731861703,1.0054018734954298,0.0017686483295013507,2.7179482073988765
turbo_lunar_lander_12d,12,ucb,constant,standard,82,58,30,0.8372247722621682,0.8539059744411375,0.7541406435307858,0.13768661399775795,0.0,1.2417854800519856,0.0,2.267629250806454,0.8369254930970683,0.7189604571632083,0.7755560908658324,0.0,0.0,354.1571032012968,1.0076699336835493,0.0016752404316018024,2.8406987997703252
turbo_lunar_lander_12d,12,ucb,constant,standard,83,59,30,0.8285024967575488,0.7963391319441802,0.7528555185826027,0.13745198335664707,0.0,1.2344832197283595,0.0,2.228929676961724,0.83691374472023,0.7188398054561467,0.7754944376155595,0.0,0.0,358.84885145255055,0.9458811104452859,0.0015788410324603318,2.576027297771846
turbo_lunar_lander_12d,12,ucb,constant,standard,84,60,30,0.8083335706754777,0.7999264730529534,0.7537467706987611,0.13761470298612846,0.0,1.2938494348586544,0.0,2.263878817563763,0.8404524316170093,0.726488345821988,0.7817430355420585,0.0,0.0,363.7879800612728,0.8776229359054317,0.016269725452487668,2.7313222486370554
turbo_lunar_lander_12d,12,ucb,constant,standard,85,61,30,0.902283749864453,0.9149089885202077,0.7602927041674482,0.13880982145970447,0.008094522539705051,1.4864733448972196,0.0,2.26489090427737,0.8404145562119717,0.7263703202155131,0.7816225023055773,0.0,0.0,368.7560240686716,0.9310796607440959,0.0015561189036816358,2.643826265338187
turbo_lunar_lander_12d,12,ucb,constant,standard,86,62,30,0.8956126515619123,0.9420452321521202,0.7623033062640249,0.1391769055005252,0.0017772763290400673,1.448413380495701,0.0,2.2688338577324605,0.8403773754292584,0.7262628067421469,0.7815152212416397,0.0,0.0,373.4483631614751,0.9241806001091997,0.001585672857860724,2.6907169810651492
turbo_lunar_lander_12d,12,ucb,constant,standard,87,63,30,0.8761562138739641,0.92726244115691,0.7414028379074072,0.1353610195067444,0.010580825431276364,1.2411418346957328,0.0,2.258940382110835,0.8402060029394272,0.7261078059252064,0.7813458518679547,0.0,0.0,378.1430524627057,0.9236823472194373,0.0017535184820493062,2.7081157863140106
turbo_lunar_lander_12d,12,ucb,constant,standard,88,64,30,0.823072602809559,0.8726408621108359,0.7500990286805983,0.13694871945702608,0.0,1.1638715913093698,0.0,2.2622491817004313,0.8401546957023932,0.7259945664968064,0.7811862961435776,0.0,0.0,382.93825126178564,0.969124290610974,0.0016332438991715512,2.53652346561042
turbo_lunar_lander_12d,12,ucb,constant,standard,89,65,30,0.896288816243566,0.9820347300447024,0.746118152186403,0.13622191417218846,0.05407935951356935,1.350007382688377,0.0,2.2647294208098394,0.8477225840028162,0.7415627459273332,0.7934995539824493,0.0,0.0,387.66513978393436,0.8958129829416672,0.016345354091996948,2.543809979284803
turbo_lunar_lander_12d,12,ucb,constant,standard,9,0,30,2.226785806187293,2.2321246182726253,0.40263022331401005,0.07350988521414191,2.026735734028776,2.5956853505895654,1.2068822227109028,2.830434890547302,0.9978353826675902,0.9800721250901048,0.992844278903608,0.0,0.0,21.061253676377238,0.0,0.0013679021348555883,2.27477297228761
turbo_lunar_lander_12d,12,ucb,constant,standard,90,66,30,0.8235910451917802,0.7795576745666059,0.7581847174463355,0.13842495750034622,0.0,1.2606995164873305,0.0,2.2689926355837335,0.8476327480515289,0.7414448991207568,0.7933962822785973,0.0,0.0,392.2180066216116,0.9178792829625309,0.001528457614282767,2.5922852327736714
turbo_lunar_lander_12d,12,ucb,constant,standard,91,67,30,0.8578794164051159,0.7942630430709604,0.7611978378007053,0.1389750754958683,0.0,1.3406066619041868,0.0,2.245890639441534,0.8473833509318622,0.7413123091348875,0.7933266818481616,0.0,0.0,396.9391004794743,0.8735328222004076,0.001607684682433804,2.6611221854419758
turbo_lunar_lander_12d,12,ucb,constant,standard,92,68,30,0.7766191423528307,0.6516300738378621,0.7438687844862791,0.13581123769569467,0.0,1.1997170397878512,0.0,2.2503421428987993,0.8473087893812498,0.741186300467518,0.7931924567976889,0.0,0.0,401.7175843323581,0.8947210374288261,0.0015882808715105058,2.5789548282201094
turbo_lunar_lander_12d,12,ucb,constant,standard,93,69,30,0.7922948215695652,0.7167763313790849,0.7118808425200828,0.12997106523467739,0.04917960478043504,1.1756972679047282,0.0,2.2549539858519965,0.8472496612491491,0.7411012349238277,0.7931114171328107,0.0,0.0,406.52074904426314,0.8548269404564053,0.001638864167034626,2.6832762030884623
turbo_lunar_lander_12d,12,ucb,constant,standard,94,70,30,0.7982689841321022,0.7758060454317627,0.7289083984308807,0.1330798573918522,0.0,1.3192446996501412,0.0,2.26411459781656,0.8495772300307858,0.7454885155276599,0.7965406434867668,0.0,0.0,411.59624032590847,0.9243481066233168,0.018597479490563274,2.8678682218616207
turbo_lunar_lander_12d,12,ucb,constant,standard,95,71,30,0.7279025975387968,0.6417015566203705,0.7351471239233478,0.13421888761928777,0.0,1.1846739579053105,0.0,2.257680665189019,0.8495262643085227,0.745415368478698,0.7964937030860338,0.0,0.0,416.6260760936886,0.9843195786699652,0.0017669602918128173,2.7708192239825924
turbo_lunar_lander_12d,12,ucb,constant,standard,96,72,30,0.7178517396129263,0.5918178429719032,0.7197513741667545,0.1314080211421575,0.0,0.9737981731507357,0.0,2.244866046362618,0.8494972644931306,0.7453386213473215,0.7964379315789927,0.0,0.0,421.4406200347158,0.8967260121212651,0.0016942994824300209,2.6201700136841586
turbo_lunar_lander_12d,12,ucb,constant,standard,97,73,30,0.7290210234620749,0.6178690590041249,0.754899925999787,0.13782523937635466,0.0,1.124568685088951,0.0,2.246501324957931,0.8493010111014151,0.7452408448722344,0.796311848751714,0.0,0.0,426.0220180802358,0.8636309163489689,0.0017246632836759091,2.6943796554890773
turbo_lunar_lander_12d,12,ucb,constant,standard,98,74,30,0.7327381085630423,0.5081159874260677,0.7636799796366553,0.13942825052069402,0.0,1.2326256763454713,0.0,2.2550817850075826,0.8491418844758604,0.7450884411347262,0.7961956892076252,0.0,0.0,430.87991737537084,0.9263294242632886,0.0018010777421295643,2.6425790534199525
turbo_lunar_lander_12d,12,ucb,constant,standard,99,75,30,0.7371145597376181,0.6831298863423783,0.7515349112933923,0.13721087455601166,0.0,1.0148311115671778,0.0,2.2444669825385626,0.8520055303036097,0.7483348175126003,0.7994044936688183,0.0,0.0,435.4333749288693,0.8775025269171844,0.01901346316250662,2.598023626068607
